,nodeID,tau_heu,tau_bench,effective_tau,nu_heu,nu_benchmark,effective_nu,seed_node
0,0,1.0,0.01541287878787879,64.8808060948636,1.0,0.07,14.285714285714285,1
1,1,0.06922810441192793,0.03890941411529647,1.7792122031647932,0.37,0.16,2.3125,0
2,2,0.12006804934196234,0.01740397028376568,6.898888436620759,0.56,0.07,8.0,0
3,3,0.07021831261557426,0.03622258297258297,1.938523066362297,0.36,0.13,2.769230769230769,0
4,4,0.11041666666666669,0.028904761904761905,3.820016474464581,0.37,0.07,5.285714285714286,0
5,5,0.08403193111735063,0.013294945250827606,6.320592490752805,0.38,0.1,3.8,0
6,6,0.16253968253968248,0.01713027133050016,9.488447637737256,0.52,0.1,5.2,0
7,7,0.050745781995782,0.04235579186894976,1.1980836564876687,0.35,0.15,2.3333333333333335,0
8,8,0.17666269841269838,0.05053165766981557,3.496079617396473,0.61,0.11,5.545454545454545,0
9,9,0.04515353960052103,0.0465479797979798,0.9700429491567476,0.29,0.14,2.071428571428571,0
10,10,0.0643538776777133,0.046633297258297256,1.379998444486211,0.3,0.17,1.764705882352941,0
11,11,0.5,0.03984100035895365,12.54988568296912,1.0,0.1,10.0,0
12,12,0.5,0.02984100035895365,16.755470459621417,1.0,0.09,11.11111111111111,0
13,13,0.028020109619225502,0.024572510822510822,1.1403030736914497,0.26,0.14,1.857142857142857,0
14,14,0.10189199689199688,0.03880252100840337,2.625911776967542,0.56,0.1,5.6000000000000005,0
15,15,0.5,0.039841000358953646,12.549885682969121,1.0,0.1,10.0,0
16,16,0.06765957604773393,0.08009052935368725,0.8447887233825478,0.36,0.19,1.894736842105263,0
17,17,0.11733068783068779,0.018076589331384726,6.490753630552267,0.55,0.07,7.857142857142857,0
18,18,0.5,0.02984100035895365,16.755470459621417,1.0,0.09,11.11111111111111,0
19,19,0.15230649905649896,0.0363547286047286,4.1894549870656626,0.66,0.09,7.333333333333334,0
20,20,0.1360705174455174,0.04408928571428571,3.0862490793636996,0.58,0.1,5.799999999999999,0
21,21,0.03331258017867926,0.018451279714437604,1.8054346741387868,0.26,0.11,2.3636363636363638,0
22,22,0.05697301103609151,0.04790354090354091,1.18932776077687,0.34,0.16,2.125,0
23,23,0.1679930480346689,0.024794945250827604,6.7752941712610415,0.66,0.09,7.333333333333334,0
24,24,0.06551767618429707,0.033636733854380915,1.9478013670392056,0.35,0.17,2.0588235294117645,0
25,25,0.026598476714856024,0.03119022644022644,0.8527824177817326,0.27,0.12,2.2500000000000004,0
26,26,0.017673280182931767,0.06337552213868004,0.2788660288156461,0.23,0.15,1.5333333333333334,0
27,27,0.11328339310565473,0.021787087912087912,5.199565612566461,0.45,0.13,3.4615384615384617,0
28,28,0.0996966454598033,0.03922644927536232,2.5415669096112046,0.58,0.1,5.799999999999999,0
29,29,0.07384493175669644,0.020258158508158503,3.645194686721259,0.38,0.12,3.166666666666667,0
30,30,0.055051437527149444,0.04027667653983444,1.3668316816732005,0.3,0.16,1.875,0
31,31,0.04487492068699164,0.02638467088467088,1.7007951656150213,0.31,0.12,2.5833333333333335,0
32,32,0.1401293891293891,0.07414285714285715,1.889991760897348,0.62,0.11,5.636363636363637,0
33,33,0.37999999999999995,0.03481468456947997,10.914934450766907,0.86,0.1,8.6,0
34,34,0.28786224292451673,0.02156139794465634,13.350815362872098,0.91,0.13,7.0,0
35,35,0.349254329004329,0.06656856446151775,5.246535385425466,0.8,0.14,5.714285714285714,0
36,36,0.0634790071040071,0.027349839487997386,2.3210010841879045,0.34,0.15,2.266666666666667,0
37,37,0.5,0.00984100035895365,50.807842877994034,1.0,0.07,14.285714285714285,0
38,38,0.07089003969886319,0.04327793345285605,1.6380181317133786,0.37,0.16,2.3125,0
39,39,0.06112513991221084,0.035940226440226444,1.70074442947293,0.3,0.13,2.3076923076923075,0
40,40,0.04744766738473832,0.06805194805194804,0.6972271734016892,0.27,0.18,1.5000000000000002,0
41,41,0.09361510896510895,0.03309576023391813,2.828613342115274,0.53,0.1,5.3,0
42,42,0.38666666666666666,0.022903558715629654,16.882383714579728,0.86,0.09,9.555555555555555,0
43,43,0.5,0.02984100035895365,16.755470459621417,1.0,0.09,11.11111111111111,0
44,44,0.1431973304473304,0.0325,4.406071706071705,0.6,0.1,5.999999999999999,0
45,45,0.05027135772724009,0.027127344877344875,1.8531617434194123,0.28,0.13,2.153846153846154,0
46,46,0.1560440115440115,0.04215384615384615,3.701773996482025,0.55,0.11,5.0,0
47,47,0.3640468595731754,0.052747908953791306,6.901635852372669,0.82,0.14,5.857142857142856,0
48,48,0.049070041098185115,0.03218912520228309,1.5244291601532776,0.32,0.17,1.8823529411764706,0
49,49,0.3136309523809522,0.05018837535014005,6.249075611491715,0.87,0.12,7.25,0
50,50,0.058158645902028246,0.05689806903622694,1.0221550025713297,0.35,0.17,2.0588235294117645,0
51,51,0.13940328815285913,0.026344627594627593,5.291526238210608,0.58,0.1,5.799999999999999,0
52,52,0.40035317460317466,0.03456468456947997,11.582723221396897,0.93,0.1,9.3,0
53,53,0.053451435389515876,0.0530342019092019,1.007867252929125,0.32,0.18,1.777777777777778,0
54,54,0.09904188376982491,0.049463425463425456,2.002325614166351,0.43,0.17,2.5294117647058822,0
55,55,0.032807789045062825,0.03558333333333333,0.9219987553647634,0.28,0.1,2.8000000000000003,0
56,56,0.02403004162621633,0.047586691086691085,0.5049739975078239,0.25,0.14,1.7857142857142856,0
57,57,0.058225070680953034,0.02034330946830947,2.862123823641146,0.33,0.15,2.2,0
58,58,0.29650012798798697,0.02815209575663297,10.53208011762776,0.87,0.1,8.7,0
59,59,0.026172029469291137,0.03718852389440625,0.7037662893962787,0.25,0.13,1.923076923076923,0
60,60,0.0732494219598415,0.017337662337662336,4.224873026897225,0.32,0.12,2.666666666666667,0
61,61,0.2613485958485957,0.061042857142857135,4.281395204634145,0.78,0.14,5.571428571428571,0
62,62,0.027176913392557407,0.028597494610652502,0.9503249764555972,0.24,0.12,2.0,0
63,63,0.08901288508994214,0.041186868686868695,2.16119573854182,0.36,0.15,2.4,0
64,64,0.15908840011038147,0.059413059163059154,2.677667205685594,0.7,0.14,4.999999999999999,0
65,65,0.038072601073290954,0.04746792504880741,0.8020700511796964,0.3,0.17,1.764705882352941,0
66,66,0.0632295695994119,0.05219047619047619,1.2115154759011404,0.29,0.16,1.8124999999999998,0
67,67,0.022529501245880556,0.023091630591630594,0.9756565763721433,0.24,0.13,1.846153846153846,0
68,68,0.13364682539682535,0.031027777777777783,4.307328302852025,0.5,0.1,5.0,0
69,69,0.07624477436272764,0.04567099567099567,1.669435343866359,0.34,0.16,2.125,0
70,70,0.3545874125874126,0.0641480179028133,5.527644098444727,0.86,0.14,6.142857142857142,0
71,71,0.30700667388167385,0.062181184012066355,4.937292185078025,0.81,0.15,5.4,0
72,72,0.030057954901995147,0.029941197691197692,1.0038995504455648,0.25,0.12,2.0833333333333335,0
73,73,0.06710123254881319,0.028056850012732365,2.3916167537824897,0.41,0.13,3.1538461538461537,0
74,74,0.5,0.02984100035895365,16.755470459621417,1.0,0.09,11.11111111111111,0
75,75,0.05049152292720066,0.03892409387997624,1.2971791477765156,0.29,0.14,2.071428571428571,0
76,76,0.2186671842650103,0.0412202380952381,5.304850102024798,0.58,0.12,4.833333333333333,0
77,77,0.13674489296393325,0.05945238095238095,2.3000742909432104,0.46,0.14,3.2857142857142856,0
78,78,0.09959523809523808,0.017791666666666664,5.5978588156574105,0.36,0.07,5.142857142857142,0
79,79,0.04259788055082174,0.05381746031746031,0.7915252837934729,0.28,0.14,2.0,0
80,80,0.0804458434432859,0.04271597977186212,1.8832728143643613,0.39,0.18,2.166666666666667,0
81,81,0.33329192546583836,0.04890992266471805,6.814403035363288,0.84,0.11,7.636363636363636,0
82,82,0.038269442774238174,0.027669774669774667,1.3830774999422801,0.26,0.14,1.857142857142857,0
83,83,0.12648384058488424,0.0341468253968254,3.7041171211378066,0.55,0.12,4.583333333333334,0
84,84,0.054073073841027136,0.0421686507936508,1.2823050494460864,0.35,0.15,2.3333333333333335,0
85,85,0.05766140371160655,0.05094246031746032,1.131892793404078,0.33,0.15,2.2,0
86,86,0.1427301587301587,0.044733333333333326,3.190689092328437,0.5,0.1,5.0,0
87,87,0.0697867912703052,0.03755185969001759,1.858411057305282,0.39,0.14,2.7857142857142856,0
88,88,0.06366270023835813,0.03713855077670868,1.7141945204357294,0.4,0.12,3.3333333333333335,0
89,89,0.13845065562456862,0.046825305688463575,2.9567485697947924,0.53,0.13,4.076923076923077,0
90,90,0.3875,0.04475343997248021,8.658552286445053,0.87,0.11,7.909090909090909,0
91,91,0.18128968253968253,0.05033766233766234,3.6014720215571603,0.56,0.09,6.222222222222223,0
92,92,0.038847582156405686,0.0517151167459991,0.7511842687546693,0.32,0.18,1.777777777777778,0
93,93,0.11626964701964701,0.022019230769230767,5.280368248927201,0.59,0.06,9.833333333333334,0
94,94,0.050249563731761884,0.057275150288308166,0.8773362178679356,0.31,0.18,1.7222222222222223,0
95,95,0.16079761904761902,0.0432971097529921,3.7138187737001753,0.55,0.13,4.230769230769231,0
96,96,0.07562702169928333,0.027538059163059164,2.7462727584205693,0.37,0.15,2.466666666666667,0
97,97,0.32638534262672186,0.028126192505987902,11.604320156638206,0.86,0.09,9.555555555555555,0
98,98,0.03383079836829837,0.05503149628149627,0.6147533804141466,0.26,0.16,1.625,0
99,99,0.12379761904761903,0.06032857142857142,2.052056200173652,0.52,0.12,4.333333333333334,0
100,100,0.152391687016687,0.057822362278244624,2.635514721508077,0.61,0.15,4.066666666666666,0
101,101,0.04622205079109104,0.07171451165158259,0.6445285581202311,0.31,0.2,1.5499999999999998,0
102,102,0.14619841269841266,0.07229978354978354,2.0221141132150784,0.56,0.13,4.307692307692308,0
103,103,0.057061216996097404,0.04765418323506559,1.197402056281804,0.37,0.15,2.466666666666667,0
104,104,0.04066034983534984,0.056524531024531026,0.7193398883345657,0.27,0.15,1.8000000000000003,0
105,105,0.03920652658109754,0.028095959595959598,1.3954507034077497,0.29,0.13,2.2307692307692304,0
106,106,0.07820114444379149,0.07520245440833676,1.039874895826835,0.36,0.19,1.894736842105263,0
107,107,1.0,0.019868315894631686,50.331392217807185,1.0,0.09,11.11111111111111,1
108,108,0.07021020690778754,0.05477871148459383,1.2817060680139167,0.35,0.15,2.3333333333333335,0
109,109,0.03435490220915452,0.05390277777777777,0.6373493839369043,0.27,0.15,1.8000000000000003,0
110,110,0.21790079365079354,0.034,6.4088468720821625,0.66,0.08,8.25,0
111,111,0.12686407553798856,0.024119370825253176,5.259841828260331,0.6,0.08,7.5,0
112,112,0.3058089133089133,0.02894893483709273,10.56373628355664,0.8,0.1,8.0,0
113,113,0.03880050230364632,0.06648412698412696,0.5836055020006491,0.26,0.15,1.7333333333333334,0
114,114,0.5,0.03984100035895365,12.54988568296912,1.0,0.1,10.0,0
115,115,0.10350753393144695,0.016270955351837705,6.361490870894462,0.55,0.07,7.857142857142857,0
116,116,0.11014632589632585,0.01563034188034188,7.046955641760833,0.56,0.07,8.0,0
117,117,0.13918973676199842,0.047104469060351414,2.9549157338694356,0.47,0.15,3.1333333333333333,0
118,118,0.034252926137516924,0.02136998132586368,1.6028524131680575,0.28,0.11,2.545454545454546,0
119,119,0.03760112090003395,0.04036300687616477,0.9315738298535491,0.28,0.15,1.866666666666667,0
120,120,0.21508104565937042,0.06972161172161172,3.0848547580649432,0.74,0.16,4.625,0
121,121,0.07582470469927563,0.04157215007215007,1.823930313146636,0.34,0.14,2.4285714285714284,0
122,122,0.030862631812631814,0.06424137382225617,0.4804167466596049,0.26,0.15,1.7333333333333334,0
123,123,0.03596242499330735,0.04594877344877344,0.7826634378695768,0.25,0.16,1.5625,0
124,124,0.23516630591630588,0.025105861244019142,9.36698819572774,0.75,0.08,9.375,0
125,125,0.16189244699229222,0.04587856679385915,3.528716311468595,0.64,0.15,4.266666666666667,0
126,126,0.13750528352366587,0.04598921911421912,2.989946038921793,0.5,0.16,3.125,0
127,127,0.05698421431509667,0.025750674763832658,2.2129212083844942,0.35,0.12,2.9166666666666665,0
128,128,0.03493560497236969,0.024226190476190478,1.4420593698668567,0.25,0.13,1.923076923076923,0
129,129,0.09116468587536362,0.0675989565989566,1.3486108434515507,0.42,0.16,2.625,0
130,130,0.05392189183365653,0.03451858769250074,1.5621117617558615,0.31,0.16,1.9375,0
131,131,0.15101984126984125,0.03572575757575758,4.227197728406431,0.52,0.1,5.2,0
132,132,0.03870562901151137,0.047260683760683764,0.8189815705483009,0.27,0.19,1.4210526315789473,0
133,133,0.044903784901288143,0.030884803921568626,1.453911930777364,0.28,0.16,1.7500000000000002,0
134,134,0.043425508386186126,0.03186397812713602,1.3628401391979388,0.27,0.13,2.076923076923077,0
135,135,0.08264354109942346,0.023290366496248844,3.5484001985427778,0.37,0.14,2.642857142857143,0
136,136,0.06416145618900024,0.0056814384445963385,11.293171054246784,0.64,0.07,9.142857142857142,0
137,137,0.11463081363081361,0.0231337818528221,4.955126419022134,0.56,0.07,8.0,0
138,138,0.36640079365079364,0.04150871744578839,8.827080579623397,0.85,0.11,7.727272727272727,0
139,139,0.08038721694971696,0.039787970801128704,2.0203899653871398,0.35,0.16,2.1875,0
140,140,0.11386988011988004,0.06243840370156159,1.8237154278342345,0.56,0.1,5.6000000000000005,0
141,141,0.02893391310782616,0.029050324675324674,0.9959927619123171,0.25,0.11,2.272727272727273,0
142,142,0.03692367193682984,0.03680952380952382,1.0031010487366447,0.27,0.16,1.6875,0
143,143,0.14408730158730157,0.050979853479853475,2.8263577031315488,0.52,0.1,5.2,0
144,144,0.10122184248500035,0.028770202020202022,3.5182875119863195,0.57,0.09,6.333333333333333,0
145,145,0.3608333333333333,0.03631468456947997,9.936292648858341,0.84,0.1,8.399999999999999,0
146,146,0.06612392645480879,0.06297594072594072,1.049987117184442,0.42,0.17,2.4705882352941173,0
147,147,0.1551071428571428,0.02870048606364396,5.40433853674775,0.53,0.1,5.3,0
148,148,0.03984685811347901,0.0273975468975469,1.454395105608772,0.28,0.14,2.0,0
149,149,0.09934522144522143,0.0443531746031746,2.2398672098233696,0.57,0.09,6.333333333333333,0
150,150,0.11693392691186806,0.038264790764790765,3.0559144470604154,0.58,0.15,3.8666666666666667,0
151,151,0.12200901875901876,0.04410504201680672,2.7663281380057603,0.57,0.12,4.75,0
152,152,0.1657870879120879,0.04612588288904078,3.5942312109429104,0.56,0.13,4.307692307692308,0
153,153,0.33760609243697476,0.02004417293233083,16.843104156840678,0.76,0.12,6.333333333333334,0
154,154,0.3768806471306472,0.017223775478570874,21.881418949030476,0.84,0.08,10.5,0
155,155,0.301804945054945,0.019067460317460316,15.828271832226044,0.84,0.07,11.999999999999998,0
156,156,0.05842522291744091,0.029428071928071925,1.9853568069373964,0.38,0.11,3.4545454545454546,0
157,157,0.2942725885225884,0.024042248672044072,12.239811364432134,0.82,0.08,10.25,0
158,158,0.04070777833277834,0.025671717171717172,1.5857053137694495,0.29,0.13,2.2307692307692304,0
159,159,0.06979881857273161,0.03415605636193872,2.0435268589880553,0.33,0.14,2.357142857142857,0
160,160,0.36376534473438504,0.040996886139839435,8.87299936618576,0.82,0.16,5.125,0
161,161,0.038671815458886406,0.05696230158730159,0.6789019119885314,0.26,0.15,1.7333333333333334,0
162,162,0.12662630147630144,0.04477990196078432,2.827748519574552,0.58,0.09,6.444444444444445,0
163,163,0.16632924891013126,0.03367157767637307,4.93975217047351,0.65,0.16,4.0625,0
164,164,0.19468587844903631,0.03241399286987522,6.006229446356565,0.59,0.13,4.538461538461538,0
165,165,0.08218009407493636,0.03374675324675325,2.4352000168443717,0.32,0.14,2.2857142857142856,0
166,166,0.2398202815702816,0.01560442546583851,15.368735112696106,0.81,0.11,7.363636363636364,0
167,167,0.1178466718466718,0.028666666666666667,4.110930413255993,0.58,0.07,8.285714285714285,0
168,168,0.06118986902554676,0.066140984015984,0.9251430098282069,0.36,0.17,2.117647058823529,0
169,169,0.022890811658764946,0.023412698412698413,0.9777092437302993,0.25,0.11,2.272727272727273,0
170,170,0.03974797202089158,0.026709576972734864,1.4881543074031576,0.31,0.12,2.5833333333333335,0
171,171,0.19882556116960132,0.041460675234588275,4.795521540462817,0.83,0.16,5.1875,0
172,172,0.032384858532607225,0.04677020202020202,0.6924250299072654,0.25,0.12,2.0833333333333335,0
173,173,0.20874312858818045,0.02561973127798967,8.147748558452488,0.86,0.13,6.615384615384615,0
174,174,0.257181929181929,0.047624208379003774,5.400235257145263,0.77,0.12,6.416666666666667,0
175,175,0.10800621118012421,0.013015873015873015,8.298038176033934,0.48,0.07,6.857142857142856,0
176,176,0.05925682601998391,0.027721972471972472,2.137540035431962,0.32,0.13,2.4615384615384617,0
177,177,0.12193253968253966,0.02028034188034188,6.012351290819765,0.49,0.08,6.125,0
178,178,0.06460108418650372,0.02902380952380952,2.2257961737761742,0.33,0.14,2.357142857142857,0
179,179,0.3349999999999998,0.028013980156933446,11.958315031400044,0.84,0.09,9.333333333333334,0
180,180,0.041244408369408375,0.04774657646561671,0.8638191766295394,0.3,0.17,1.764705882352941,0
181,181,0.10720238095238095,0.02553002070393375,4.199071445949233,0.36,0.07,5.142857142857142,0
182,182,0.32271428571428556,0.03168332062039156,10.18562067975239,0.83,0.1,8.299999999999999,0
183,183,0.32121437772753564,0.032672150632828384,9.831442727396869,0.7,0.13,5.384615384615384,0
184,184,0.05915878260107801,0.05946367521367522,0.9948726241440405,0.35,0.18,1.9444444444444444,0
185,185,0.028852456438134187,0.07441399286987521,0.38772891126252734,0.27,0.17,1.588235294117647,0
186,186,0.03968073610082386,0.0360523088023088,1.1006434100631772,0.27,0.11,2.4545454545454546,0
187,187,0.063816936933036,0.043917930598812965,1.4530952634357703,0.32,0.15,2.1333333333333333,0
188,188,0.03254006124594361,0.051654761904761905,0.6299527874301136,0.26,0.15,1.7333333333333334,0
189,189,0.16684103804692033,0.057558913308913294,2.8986134111236623,0.66,0.16,4.125,0
190,190,0.22233697311543604,0.010943079866992911,20.317586622579665,0.68,0.1,6.8,0
191,191,0.22267277167277164,0.05040502070393374,4.417670473358097,0.55,0.16,3.4375,0
192,192,0.273400183150183,0.05952035886818496,4.593389360364255,0.85,0.13,6.538461538461538,0
193,193,0.20873809523809514,0.03818223443223443,5.466890514450172,0.66,0.1,6.6,0
194,194,0.07002496523084757,0.05237070282658518,1.3371018804678039,0.33,0.18,1.8333333333333335,0
195,195,0.10494047619047617,0.011121553884711779,9.435774647887323,0.34,0.05,6.8,0
196,196,0.07374965734748343,0.04249401475717265,1.7355304686770054,0.37,0.16,2.3125,0
197,197,0.06097045259136909,0.02984826692914928,2.042679822453157,0.33,0.12,2.7500000000000004,0
198,198,0.17542261904761908,0.04042542401238053,4.339413211693088,0.63,0.13,4.846153846153846,0
199,199,0.02493622479396137,0.07667857142857144,0.325204608398192,0.27,0.15,1.8000000000000003,0
200,200,0.03053933083824389,0.023736994000151893,1.2865711150303392,0.25,0.13,1.923076923076923,0
201,201,0.2200515873015872,0.03673109243697479,5.990880551107041,0.64,0.11,5.818181818181818,0
202,202,0.24728175536717487,0.04734166045307349,5.223343520286707,0.81,0.16,5.0625,0
203,203,0.03227455896593828,0.054164682539682533,0.5958598380465547,0.28,0.14,2.0,0
204,204,0.06247536162667741,0.024992516255674148,2.4997627684844814,0.33,0.13,2.5384615384615383,0
205,205,0.38458730158730153,0.032070747520976356,11.991840892880854,0.93,0.1,9.3,0
206,206,0.16819719169719172,0.03535231435231435,4.75774202562726,0.52,0.13,4.0,0
207,207,0.209134546009546,0.03253492266471805,6.428001940091852,0.54,0.12,4.500000000000001,0
208,208,0.07770827680231704,0.05060353535353535,1.5356294033493463,0.35,0.17,2.0588235294117645,0
209,209,0.5,0.02984100035895365,16.755470459621417,1.0,0.09,11.11111111111111,0
210,210,0.5,0.049252765064836,10.151714311710286,1.0,0.1,10.0,0
211,211,0.04534587229313395,0.03471042846042846,1.3064048559593668,0.3,0.13,2.3076923076923075,0
212,212,0.03759306414197719,0.040431929181929185,0.9297865548987752,0.27,0.14,1.9285714285714286,0
213,213,0.038876684618063935,0.03142135642135642,1.2372694576495205,0.29,0.11,2.6363636363636362,0
214,214,0.11870133755133751,0.03088888888888889,3.8428490574174012,0.58,0.09,6.444444444444445,0
215,215,0.5,0.02984100035895365,16.755470459621417,1.0,0.09,11.11111111111111,0
216,216,0.3385205627705627,0.03381798245614035,10.010075651603437,0.84,0.1,8.399999999999999,0
217,217,0.15349393792482025,0.0909817911557042,1.6870841514005164,0.64,0.2,3.1999999999999997,0
218,218,0.09241666666666663,0.04154589371980677,2.2244476744186037,0.35,0.06,5.833333333333333,0
219,219,0.16492380952380953,0.027329197548237795,6.034711016769093,0.56,0.12,4.666666666666667,0
220,220,0.2183614718614718,0.06083677330581355,3.5893006810833805,0.7,0.12,5.833333333333333,0
221,221,0.07382020814246978,0.035932900432900435,2.0543904681537883,0.36,0.13,2.769230769230769,0
222,222,0.08660179181221137,0.018431929181929183,4.698465958577819,0.38,0.12,3.166666666666667,0
223,223,0.0314221188019142,0.01988972138972139,1.5798169409327434,0.24,0.13,1.846153846153846,0
224,224,0.06010414014090484,0.041739551083591335,1.439980512021678,0.33,0.15,2.2,0
225,225,0.13206782106782103,0.026343873517786564,5.013227116302883,0.51,0.07,7.285714285714286,0
226,226,0.09721334406334403,0.019488354037267078,4.988278839631374,0.56,0.07,8.0,0
227,227,0.12963492063492063,0.022127039627039626,5.8586653623788205,0.48,0.07,6.857142857142856,0
228,228,0.2423973793664196,0.060212823725981614,4.02567699647386,0.64,0.14,4.571428571428571,0
229,229,0.1575564892623716,0.043872766122766124,3.591213939451462,0.53,0.15,3.5333333333333337,0
230,230,0.21004601648351642,0.02726973157561393,7.702533334481038,0.74,0.1,7.3999999999999995,0
231,231,0.04218508062795651,0.059257686757686764,0.7118921263406282,0.29,0.16,1.8124999999999998,0
232,232,0.03351693567870038,0.044387426900584795,0.7550997662867185,0.25,0.16,1.5625,0
233,233,0.4083333333333334,0.03477155591450921,11.743314976680328,0.9,0.11,8.181818181818182,0
234,234,0.30847590040678274,0.06538034188034188,4.71817508956057,0.72,0.13,5.538461538461538,0
235,235,0.15061579273217204,0.052428932178932186,2.872761020921476,0.5,0.15,3.3333333333333335,0
236,236,0.03961480234052701,0.05749675324675325,0.688991988304383,0.3,0.15,2.0,0
237,237,0.15055906640979108,0.02546998834498835,5.911234209081062,0.56,0.11,5.090909090909092,0
238,238,0.038820964781642535,0.022301948051948052,1.7406983771649296,0.28,0.13,2.153846153846154,0
239,239,0.030288941793737187,0.06877777777777777,0.4403884913467443,0.26,0.14,1.857142857142857,0
240,240,0.26248121102847266,0.010741234642550432,24.436782154323026,0.77,0.1,7.7,0
241,241,0.3950000000000001,0.04882063492063491,8.090841109340966,0.89,0.14,6.357142857142857,0
242,242,0.04111904383109817,0.017398498560263268,2.363367372688737,0.29,0.11,2.6363636363636362,0
243,243,0.1456595534095534,0.028125258799171843,5.178958687976317,0.65,0.09,7.222222222222222,0
244,244,0.41833333333333333,0.04307658933138473,9.711384764358401,0.92,0.09,10.222222222222223,0
245,245,0.20594047619047612,0.06517156862745098,3.159974211572556,0.65,0.13,5.0,0
246,246,0.051024210408801195,0.036446099651982006,1.3999909701181539,0.34,0.14,2.4285714285714284,0
247,247,0.25521510695187155,0.016980351949392194,15.030024566776243,0.75,0.1,7.5,0
248,248,0.0360525435893083,0.030386215092097445,1.1864769429175963,0.27,0.12,2.2500000000000004,0
249,249,0.05100640739978976,0.03869554465142701,1.3181467752750382,0.33,0.15,2.2,0
250,250,0.14603806884151907,0.043591020091020095,3.350187000363486,0.45,0.14,3.214285714285714,0
251,251,0.0682889847362464,0.06574542124542124,1.0386880704791637,0.35,0.17,2.0588235294117645,0
252,252,0.027516408913899414,0.029186868686868688,0.942766735586102,0.25,0.13,1.923076923076923,0
253,253,0.30031270118770104,0.026742691948574305,11.22971097170011,0.84,0.09,9.333333333333334,0
254,254,0.056227564102564104,0.01485970695970696,3.783894544827076,0.31,0.13,2.3846153846153846,0
255,255,0.3782777777777777,0.06550766702562032,5.774557314487047,0.91,0.12,7.583333333333334,0
256,256,0.4083333333333332,0.06455847338935575,6.325015321701493,0.9,0.13,6.923076923076923,0
257,257,0.03883103824280296,0.03365329991645781,1.1538552932163726,0.25,0.14,1.7857142857142856,0
258,258,0.03860539505297571,0.03397431734931735,1.1363111333788554,0.26,0.14,1.857142857142857,0
259,259,0.1931626984126984,0.018078754578754578,10.684513558234558,0.62,0.06,10.333333333333334,0
260,260,0.12908239391327628,0.043006493506493514,3.0014628812689934,0.48,0.17,2.8235294117647056,0
261,261,0.02979330529515952,0.01977020202020202,1.5069803163728663,0.28,0.11,2.545454545454546,0
262,262,0.200281746031746,0.03450751879699249,5.804003098860925,0.67,0.1,6.7,0
263,263,0.13403968253968251,0.04834444444444444,2.772597432445743,0.54,0.12,4.500000000000001,0
264,264,0.17781349206349198,0.035412087912087914,5.021265408154467,0.62,0.07,8.857142857142856,0
265,265,0.032721271148328214,0.0501426073926074,0.6525642133470778,0.25,0.17,1.4705882352941175,0
266,266,0.05218125806941595,0.06101484626484626,0.8552223149577977,0.31,0.18,1.7222222222222223,0
267,267,0.3711190476190476,0.039683320620391566,9.352015955750069,0.87,0.1,8.7,0
268,268,0.060229617604617605,0.031937552643434994,1.8858557597398828,0.32,0.11,2.909090909090909,0
269,269,0.17533802308802307,0.025724927849927845,6.815880072080159,0.69,0.09,7.666666666666666,0
270,270,0.20168935639523877,0.03403359140859141,5.926184926352629,0.58,0.14,4.142857142857142,0
271,271,0.021028168350319933,0.01717965367965368,1.2240158470263083,0.23,0.12,1.9166666666666667,0
272,272,0.025907102293131697,0.04055842257158046,0.6387601058056179,0.23,0.15,1.5333333333333334,0
273,273,0.12003571428571426,0.009109649122807017,13.176765939885822,0.38,0.05,7.6,0
274,274,0.04445391294529226,0.04218203038791273,1.0538590138143407,0.31,0.13,2.3846153846153846,0
275,275,0.12075000000000001,0.020499999999999997,5.890243902439026,0.37,0.06,6.166666666666667,0
276,276,0.033338796730417626,0.04696800421800422,0.7098193181825232,0.27,0.17,1.588235294117647,0
277,277,0.03577400785489021,0.057684274059274065,0.6201691611500608,0.26,0.18,1.4444444444444446,0
278,278,0.1171547619047619,0.01802777777777778,6.498569227382785,0.48,0.07,6.857142857142856,0
279,279,0.3629963924963925,0.010888619406572698,33.33722843478917,0.86,0.09,9.555555555555555,0
280,280,0.039618663270517496,0.031995781995782006,1.2382464437262515,0.28,0.14,2.0,0
281,281,0.054149933102309145,0.061566359079516964,0.8795376876578161,0.31,0.17,1.8235294117647058,0
282,282,0.4100000000000001,0.04765700483091788,8.60314242270654,0.92,0.09,10.222222222222223,0
283,283,0.1520133893883894,0.0289478021978022,5.2512929427136505,0.5,0.11,4.545454545454546,0
284,284,0.06802912245800177,0.04587337662337662,1.482976128322213,0.35,0.15,2.3333333333333335,0
285,285,0.04111110539787011,0.058712906374671074,0.7002055925408176,0.31,0.16,1.9375,0
286,286,0.41517857142857145,0.04593055555555555,9.03926735496134,0.88,0.12,7.333333333333334,0
287,287,0.5,0.03984100035895365,12.54988568296912,1.0,0.1,10.0,0
288,288,0.14443648323640584,0.040834415584415584,3.537126249249662,0.43,0.12,3.5833333333333335,0
289,289,0.21073909608909602,0.020224640125955914,10.419918217414288,0.76,0.08,9.5,0
290,290,0.04506166119119839,0.0846948051948052,0.5320475215398721,0.28,0.18,1.5555555555555558,0
291,291,0.030675408203381355,0.09669480519480517,0.3172394643288382,0.27,0.21,1.2857142857142858,0
292,292,0.5,0.04984100035895365,10.031901374350683,1.0,0.11,9.090909090909092,0
293,293,0.27783867521367517,0.03590861344537815,7.737382442691788,0.78,0.11,7.090909090909091,0
294,294,0.19180979725705896,0.06454417293233083,2.971760091467211,0.51,0.17,3.0,0
295,295,0.049193103193103195,0.024831260844418737,1.9810956641035895,0.3,0.1,2.9999999999999996,0
296,296,0.14355952380952375,0.04637525879917184,3.095605879661148,0.54,0.11,4.909090909090909,0
297,297,0.04630429686636781,0.022635243841126192,2.045672544611032,0.28,0.12,2.3333333333333335,0
298,298,0.050284396302091396,0.03221751348067138,1.5607783118414487,0.28,0.13,2.153846153846154,0
299,299,0.06293944840848865,0.07512241442132746,0.8378251536950065,0.32,0.19,1.6842105263157894,0
300,300,0.1082002243741374,0.07317660988249224,1.478617614943989,0.44,0.2,2.1999999999999997,0
301,301,0.30103492063492054,0.0631213924963925,4.769142579548213,0.78,0.14,5.571428571428571,0
302,302,0.04314528409551294,0.053563229600300535,0.8055019164727673,0.3,0.18,1.6666666666666667,0
303,303,0.03405399675605382,0.05927752802752804,0.5744840901638038,0.25,0.18,1.3888888888888888,0
304,304,0.02823401423599389,0.05582575757575757,0.5057524601915041,0.26,0.16,1.625,0
305,305,0.3351111111111111,0.031072884416924663,10.784679871192905,0.81,0.09,9.000000000000002,0
306,306,0.10674999999999997,0.008184782608695653,13.042496679946874,0.36,0.05,7.199999999999999,0
307,307,0.24208626096126085,0.05678176398764633,4.263450868027455,0.77,0.16,4.8125,0
308,308,0.03835707819249776,0.02544731146046936,1.507313582107989,0.3,0.14,2.142857142857143,0
309,309,0.07347539470333588,0.022683783321941212,3.2391155240962717,0.35,0.11,3.1818181818181817,0
310,310,0.12873429348429347,0.02268540669856459,5.674762423035558,0.57,0.07,8.14285714285714,0
311,311,0.11204671614075641,0.07381684981684981,1.5179016229866267,0.4,0.2,2.0,0
312,312,0.09571652864044167,0.05001984126984128,1.9135712191504402,0.54,0.09,6.000000000000001,0
313,313,0.04510151475951495,0.0437027417027417,1.0320065287044795,0.3,0.15,2.0,0
314,314,0.037263490407733496,0.05282153957153956,0.7054601344450627,0.3,0.17,1.764705882352941,0
315,315,0.02815629617424947,0.042098956598956586,0.6688122093493243,0.24,0.15,1.6,0
316,316,0.3006904761904762,0.0673444976076555,4.464959824071725,0.65,0.14,4.642857142857142,0
317,317,0.07085639175925552,0.04745376362767667,1.4931669554220486,0.38,0.18,2.111111111111111,0
318,318,0.05282223509061746,0.04157081807081806,1.270656617837831,0.29,0.13,2.2307692307692304,0
319,319,0.14055158730158732,0.055369548425430765,2.5384275526623794,0.51,0.14,3.642857142857143,0
320,320,0.054974298305180656,0.047730269730269725,1.1517701160259082,0.32,0.14,2.2857142857142856,0
321,321,0.25409523809523804,0.047132867132867136,5.391041401723893,0.66,0.12,5.500000000000001,0
322,322,0.040058737514041994,0.04628210678210678,0.8655340108572842,0.28,0.12,2.3333333333333335,0
323,323,0.04326154594696551,0.0451680402930403,0.9577910767501563,0.26,0.16,1.625,0
324,324,0.05987673281535172,0.048683621933621926,1.2299153275200256,0.38,0.16,2.375,0
325,325,0.03203726263130288,0.03244537815126051,0.987421458980845,0.26,0.14,1.857142857142857,0
326,326,0.09238326673326672,0.015757466063348415,5.862825048257508,0.53,0.07,7.571428571428571,0
327,327,0.20684523809523805,0.07670753353973168,2.6965439840155963,0.61,0.17,3.5882352941176467,0
328,328,0.12376190476190478,0.03203787878787879,3.862986859439922,0.37,0.07,5.285714285714286,0
329,329,0.045245171495171495,0.12043589743589742,0.37567845184408954,0.28,0.23,1.2173913043478262,0
330,330,0.044658580059895855,0.03664758852258853,1.218595325375081,0.31,0.15,2.066666666666667,0
331,331,0.051283803614685965,0.06021435917024152,0.85168727727706,0.31,0.17,1.8235294117647058,0
332,332,0.0269940699988654,0.050724478737636636,0.5321704760829074,0.26,0.17,1.5294117647058822,0
333,333,0.14099536574536572,0.009779901960784314,14.416848585060702,0.61,0.06,10.166666666666666,0
334,334,0.030955180958324974,0.035306277056277056,0.8767614016335799,0.27,0.14,1.9285714285714286,0
335,335,0.5,0.03984100035895365,12.54988568296912,1.0,0.1,10.0,0
336,336,0.2251054633970843,0.02250865800865801,10.000838935421958,0.62,0.11,5.636363636363637,0
337,337,0.13207819957819955,0.04363095238095238,3.0271674664580526,0.59,0.09,6.555555555555555,0
338,338,0.09688357070583234,0.018134670884670884,5.342449902839284,0.38,0.11,3.4545454545454546,0
339,339,0.04001506315322105,0.09856150793650792,0.40599077663258004,0.32,0.22,1.4545454545454546,0
340,340,0.11331086996079258,0.0508647504456328,2.2276894896379336,0.47,0.16,2.9374999999999996,0
341,341,0.08410153626330097,0.03216089466089466,2.615024773100059,0.37,0.12,3.0833333333333335,0
342,342,0.028492112792035392,0.06498412698412698,0.4384472657299047,0.26,0.16,1.625,0
343,343,0.1014940892440892,0.008465918139831184,11.988550747564052,0.56,0.06,9.333333333333334,0
344,344,0.048206396762279106,0.04055191050779286,1.1887577221057264,0.29,0.15,1.9333333333333333,0
345,345,0.02964653662546995,0.0402965178096757,0.7357096403588363,0.25,0.14,1.7857142857142856,0
346,346,0.047107262906175944,0.05795083060214638,0.8128833084306334,0.3,0.18,1.6666666666666667,0
347,347,0.08343331565235587,0.0538488266119845,1.5493989544757711,0.38,0.16,2.375,0
348,348,1.0,0.061249982381959125,16.326535308433737,1.0,0.17,5.88235294117647,1
349,349,0.18293402141761952,0.040778998552346464,4.485986118143486,0.84,0.18,4.666666666666667,0
350,350,0.06444648161282938,0.0535979173958317,1.2024064505506584,0.72,0.16,4.5,0
351,351,0.20941123642439424,0.031028123907919314,6.74907825706298,0.71,0.15,4.733333333333333,0
352,352,0.061524479322903114,0.05787497200586181,1.0630584722645164,0.74,0.18,4.111111111111112,0
353,353,0.05833761219301271,0.01762386508966536,3.3101485909139137,0.75,0.12,6.25,0
354,354,0.05424089450633515,0.007865236317612358,6.896282872629695,0.71,0.1,7.1,0
355,355,0.04118223278023189,0.020602486664986666,1.9988962230573804,0.68,0.11,6.1818181818181825,0
356,356,0.28560281792997716,0.06057335162706007,4.714991167871734,0.91,0.2,4.55,0
357,357,0.0996947567098468,0.03665975741737937,2.719460349254365,0.75,0.14,5.357142857142857,0
358,358,0.5,0.04800338037966947,10.415933128987755,1.0,0.18,5.555555555555555,0
359,359,0.06618046138686817,0.017752547292384634,3.7279417030624002,0.71,0.11,6.454545454545454,0
360,360,0.039894244284759184,0.02592188552188552,1.5390178407769366,0.7,0.13,5.384615384615384,0
361,361,0.056581820219810355,0.02962007855057054,1.910252200148891,0.69,0.13,5.3076923076923075,0
362,362,0.07301601160665827,0.055594807969807966,1.3133602628200693,0.69,0.14,4.928571428571428,0
363,363,0.05625381188368477,0.025640636109676356,2.1939319930699965,0.73,0.13,5.615384615384615,0
364,364,0.1652148328279907,0.027246031746031747,6.063812681714777,0.6,0.14,4.285714285714286,0
365,365,0.12006018631947221,0.044130379126872815,2.7205790816866697,0.73,0.13,5.615384615384615,0
366,366,0.061263475133357254,0.08446824127423802,0.7252841329376892,0.78,0.17,4.588235294117647,0
367,367,0.06658079529707811,0.015561606911606908,4.2785295680112325,0.73,0.13,5.615384615384615,0
368,368,0.06667853307871571,0.06743664151336723,0.988758211891361,0.71,0.19,3.7368421052631575,0
369,369,0.08799759997792794,0.009818150687083953,8.962746934989621,0.77,0.09,8.555555555555555,0
370,370,0.046878363895862404,0.021995121580535883,2.131307332137978,0.7,0.12,5.833333333333333,0
371,371,0.134340564396631,0.0513363372589179,2.6168708476235127,0.74,0.2,3.6999999999999997,0
372,372,0.056355151442860046,0.03824623218852758,1.4734824378272864,0.7,0.14,4.999999999999999,0
373,373,0.04164330329875339,0.04089654881184117,1.0182595966800996,0.69,0.13,5.3076923076923075,0
374,374,0.04954706183109907,0.021872553619047306,2.2652618754104656,0.7,0.12,5.833333333333333,0
375,375,0.09040026781587283,0.041327094393278294,2.187433429401127,0.75,0.14,5.357142857142857,0
376,376,0.04537542454305427,0.027554161283413595,1.646772118241476,0.69,0.13,5.3076923076923075,0
377,377,0.37789673697761933,0.0649425040539171,5.818943117189919,0.86,0.23,3.7391304347826084,0
378,378,0.057950926051409904,0.042343683419450676,1.368584907395893,0.7,0.15,4.666666666666667,0
379,379,0.40448101673101666,0.06255116600907275,6.46640250754636,0.93,0.2,4.65,0
380,380,0.10610932215843898,0.02537560282854401,4.1815488237024585,0.77,0.13,5.923076923076923,0
381,381,0.12267029072753469,0.02298687304075235,5.336536662035687,0.8,0.11,7.272727272727273,0
382,382,0.06267403977473462,0.025006003216741755,2.5063597421587853,0.7,0.13,5.384615384615384,0
383,383,0.27313976182673794,0.0684759213841798,3.9888439075438606,0.82,0.21,3.9047619047619047,0
384,384,0.20819804363027575,0.041730379945913894,4.989124084183227,0.86,0.17,5.0588235294117645,0
385,385,0.14293114718354183,0.04623269380495547,3.0915600070057283,0.8,0.17,4.705882352941177,0
386,386,0.3350703955835534,0.056086890409471055,5.974130374091342,0.88,0.18,4.888888888888889,0
387,387,0.04489740537956883,0.041787875279254594,1.0744122566542154,0.69,0.14,4.928571428571428,0
388,388,0.05712014479857598,0.025345149213531565,2.2536913993814647,0.71,0.11,6.454545454545454,0
389,389,0.058973905269519136,0.03549039366430671,1.6616864221720424,0.77,0.13,5.923076923076923,0
390,390,0.10561272236994008,0.031035503160074102,3.4029647215710845,0.75,0.14,5.357142857142857,0
391,391,0.06154312814852602,0.011120619576501931,5.534145622476625,0.74,0.12,6.166666666666667,0
392,392,0.058066890844214854,0.025162887836800877,2.3076401731319436,0.69,0.13,5.3076923076923075,0
393,393,0.1648762388133097,0.05391897860593513,3.0578516707132315,0.6,0.17,3.529411764705882,0
394,394,0.04938072271515075,0.028335003005409733,1.742746337656042,0.69,0.12,5.75,0
395,395,0.05151539813663501,0.05413459216305516,0.9516169990062722,0.67,0.14,4.785714285714286,0
396,396,0.05298175131908466,0.0684361053600184,0.774178352791501,0.7,0.17,4.117647058823529,0
397,397,0.0626487879396331,0.019601355010892177,3.1961457718009862,0.7,0.1,6.999999999999999,0
398,398,0.07141388139130511,0.06348503947033358,1.1248930769693646,0.74,0.17,4.352941176470588,0
399,399,0.15312155388471177,0.0816438913038645,1.8754808405055037,0.61,0.19,3.2105263157894735,0
400,400,0.04695698471325869,0.011956198187777135,3.9274177272557247,0.7,0.11,6.363636363636363,0
401,401,0.39703968253968247,0.063081392942806,6.294085530097067,0.91,0.17,5.352941176470588,0
402,402,0.04217459467770927,0.016771738093999757,2.5146227803782377,0.7,0.1,6.999999999999999,0
403,403,0.05469351631862377,0.006569660014781966,8.325166933381855,0.7,0.1,6.999999999999999,0
404,404,0.061599133298506054,0.04255498812425195,1.4475185169515041,0.72,0.13,5.538461538461538,0
405,405,0.08474533341938162,0.04514967385555621,1.876986613247765,0.75,0.15,5.0,0
406,406,0.22299064408926217,0.04459349770763845,5.000519258462786,0.82,0.19,4.315789473684211,0
407,407,0.08820018668863698,0.028317971380471377,3.114636479555931,0.75,0.12,6.25,0
408,408,0.056492839021683124,0.01384411401802706,4.080639537360151,0.72,0.11,6.545454545454545,0
409,409,0.06635641668959766,0.031457199314220995,2.109419088036856,0.7,0.17,4.117647058823529,0
410,410,0.06530402694182522,0.029761713130748126,2.194229433464862,0.73,0.12,6.083333333333333,0
411,411,0.3165605940161786,0.07956090771973125,3.9788459318654934,0.92,0.21,4.380952380952381,0
412,412,0.047523734631273476,0.025661054179007468,1.851979045745954,0.69,0.13,5.3076923076923075,0
413,413,0.07326078189497907,0.03220154610255041,2.275070323072988,0.7,0.13,5.384615384615384,0
414,414,0.03778811228345073,0.04376526251526251,0.8634270677634496,0.54,0.14,3.857142857142857,0
415,415,0.054745327415746295,0.022075538911216656,2.4799089904858453,0.7,0.11,6.363636363636363,0
416,416,0.09823066843462541,0.009911695906432748,9.91058133360136,0.75,0.1,7.5,0
417,417,0.053531144355191886,0.050416515343835434,1.0617779509376046,0.7,0.14,4.999999999999999,0
418,418,0.060763935669357665,0.019507276781189825,3.114936869504521,0.69,0.12,5.75,0
419,419,0.07343685496455012,0.03383858251249555,2.1702107331899065,0.75,0.14,5.357142857142857,0
420,420,0.06532325177653249,0.038439936833319185,1.699358978132119,0.74,0.13,5.692307692307692,0
421,421,0.056907848618048214,0.031869922969187676,1.785628684232076,0.71,0.13,5.461538461538461,0
422,422,0.043466736102394786,0.026443991097454097,1.6437282837604479,0.67,0.14,4.785714285714286,0
423,423,0.05051460922551385,0.029272074702566694,1.7256928228966473,0.71,0.13,5.461538461538461,0
424,424,0.08692166002115394,0.031120565711664785,2.793061695166212,0.74,0.14,5.285714285714286,0
425,425,0.06383514572365326,0.07298599563435168,0.8746218390094623,0.72,0.2,3.5999999999999996,0
426,426,0.06517962307345346,0.014016959371516759,4.6500543624248545,0.73,0.12,6.083333333333333,0
427,427,0.154626421013905,0.022637181516976915,6.830639269201504,0.82,0.14,5.857142857142856,0
428,428,0.05678630746702787,0.036159374683287726,1.5704449527793847,0.75,0.13,5.769230769230769,0
429,429,0.09060222625685281,0.03968403904167369,2.283089837748321,0.74,0.14,5.285714285714286,0
430,430,0.05541521783639948,0.03222428034065965,1.7196727824663998,0.71,0.13,5.461538461538461,0
431,431,0.04517159244624866,0.03376525974025974,1.3378126747352892,0.69,0.13,5.3076923076923075,0
432,432,0.06604067167031373,0.036582569477306315,1.8052496752936258,0.71,0.12,5.916666666666667,0
433,433,0.09024242545128117,0.010295910966045603,8.764880130460275,0.76,0.1,7.6,0
434,434,0.059114447899030614,0.047410630290425686,1.2468606204328072,0.72,0.17,4.235294117647058,0
435,435,0.09802956039696266,0.03211940473081778,3.0520354040965683,0.79,0.13,6.076923076923077,0
436,436,0.06206347698073939,0.020287984001909155,3.059124897520574,0.72,0.13,5.538461538461538,0
437,437,0.1720043470310623,0.07245494585530496,2.3739490106660344,0.78,0.2,3.9,0
438,438,0.04245394068106263,0.03779512803980889,1.1232648990194372,0.68,0.15,4.533333333333334,0
439,439,0.07447937608735218,0.045938917019799366,1.6212697407571028,0.72,0.13,5.538461538461538,0
440,440,0.08514016506070936,0.02405101526776719,3.5399821634479163,0.76,0.12,6.333333333333334,0
441,441,0.15932771322245004,0.050402936897617746,3.1610799494896207,0.63,0.16,3.9375,0
442,442,0.0667020548347767,0.02155680868838764,3.094245340253365,0.71,0.12,5.916666666666667,0
443,443,0.39314817891133685,0.07350338037966947,5.348708819656938,0.94,0.23,4.08695652173913,0
444,444,0.06127272989978929,0.05824847374847374,1.0519199209300276,0.71,0.16,4.4375,0
445,445,0.06345333261212956,0.034076391344086444,1.8620907352368794,0.72,0.14,5.142857142857142,0
446,446,0.0991793702249518,0.06047890876180349,1.639900128085483,0.75,0.16,4.6875,0
447,447,0.5,0.04800338037966947,10.415933128987755,1.0,0.18,5.555555555555555,0
448,448,0.22358711519912577,0.06810410830999065,3.2830194939403716,0.82,0.16,5.125,0
449,449,0.08872042770448989,0.026446266209424106,3.3547430477302855,0.74,0.15,4.933333333333334,0
450,450,0.04626777975229788,0.037653135019514325,1.2287895743161594,0.69,0.13,5.3076923076923075,0
451,451,0.06450757126792413,0.02847651368239603,2.265290336710081,0.74,0.12,6.166666666666667,0
452,452,0.053942778417785754,0.038229049358586564,1.4110415854656808,0.7,0.15,4.666666666666667,0
453,453,0.2575671522105344,0.06878535067873302,3.7445059110554,0.84,0.19,4.421052631578947,0
454,454,0.2803989898989898,0.04481066156066156,6.257416876548567,0.78,0.16,4.875,0
455,455,0.04771542961081256,0.038038781959018525,1.2543889986335333,0.7,0.16,4.375,0
456,456,0.04216372197571617,0.042695128401010744,0.9875534646411324,0.69,0.14,4.928571428571428,0
457,457,0.09804111920017705,0.006176278446120754,15.873817875189143,0.76,0.08,9.5,0
458,458,0.058424514036006306,0.04699140210778142,1.2433022088168688,0.73,0.15,4.866666666666667,0
459,459,0.12035490791299916,0.032805270369230324,3.6687674437180053,0.8,0.13,6.153846153846154,0
460,460,0.055506441752944016,0.04729720853858785,1.1735669708215146,0.69,0.14,4.928571428571428,0
461,461,0.050380711605550514,0.041624892593932844,1.210350549058087,0.7,0.14,4.999999999999999,0
462,462,0.0855805567044507,0.03511339420477351,2.4372624362476585,0.75,0.15,5.0,0
463,463,0.04807424041769719,0.032650017097597746,1.472410880337159,0.68,0.13,5.230769230769231,0
464,464,0.2336160211818353,0.04808840368288043,4.858053153987374,0.9,0.17,5.294117647058823,0
465,465,0.047810221963465994,0.043066442272324625,1.1101502571571793,0.7,0.14,4.999999999999999,0
466,466,0.10583160153934684,0.05525601795948096,1.9152954817872105,0.73,0.15,4.866666666666667,0
467,467,0.25424589453884777,0.05251444572452638,4.841446787280944,0.83,0.18,4.611111111111111,0
468,468,0.38646740831740833,0.048924806921300606,7.89921172175644,0.91,0.17,5.352941176470588,0
469,469,0.10108094971786795,0.04890405407796712,2.066923726951468,0.76,0.17,4.470588235294118,0
470,470,0.05794257802676423,0.013629228535768785,4.251346866383429,0.7,0.11,6.363636363636363,0
471,471,0.062463996915075114,0.036212788128080486,1.724915427504425,0.72,0.11,6.545454545454545,0
472,472,0.17225067053041293,0.04917581891016426,3.5027514406030575,0.86,0.15,5.733333333333333,0
473,473,0.05716251898651386,0.055335147695441816,1.033023699532342,0.7,0.2,3.4999999999999996,0
474,474,0.06169899390929273,0.02433216311062611,2.535697037241549,0.68,0.11,6.1818181818181825,0
475,475,0.05691219463775103,0.029013254041717042,1.9615929518253683,0.72,0.12,6.0,0
476,476,0.15187041032629264,0.033408790283790284,4.545821894065381,0.63,0.15,4.2,0
477,477,0.08350957153777065,0.043351488244870603,1.9263369014246379,0.76,0.14,5.428571428571428,0
478,478,0.14259415518696472,0.04122571990148718,3.4588639210596486,0.81,0.16,5.0625,0
479,479,0.0549539232847527,0.05656970236373736,0.9714373770504331,0.71,0.18,3.944444444444444,0
480,480,0.09369379508499305,0.04641791306891738,2.0184835743451983,0.73,0.19,3.8421052631578947,0
481,481,0.04176002953375674,0.035137664450164446,1.188469130980084,0.68,0.11,6.1818181818181825,0
482,482,0.061549996013315324,0.02639880169897454,2.331545072203267,0.7,0.14,4.999999999999999,0
483,483,1.0,0.019669539370367427,50.84003144001028,1.0,0.13,7.692307692307692,1
484,484,0.08227676223759017,0.01711725845863777,4.806655366944663,0.81,0.13,6.230769230769231,0
485,485,0.1576385826020498,0.056077970439383486,2.8110607671232772,0.8,0.16,5.0,0
486,486,0.09756332804218394,0.05838246066103209,1.671106817656,0.78,0.14,5.571428571428571,0
487,487,0.06599115132675906,0.018071955133456396,3.651577864123314,0.71,0.12,5.916666666666667,0
488,488,0.07300372395042184,0.0343458265872059,2.125548609670566,0.72,0.14,5.142857142857142,0
489,489,0.05008349850306144,0.013295644377876606,3.7669102060520117,0.7,0.11,6.363636363636363,0
490,490,0.07086211245095896,0.04232875763890801,1.674089115854973,0.73,0.16,4.5625,0
491,491,0.07697812451183622,0.03518525829624228,2.1877947822272303,0.73,0.13,5.615384615384615,0
492,492,0.0658301422433466,0.022421841602333594,2.9359828425732526,0.74,0.12,6.166666666666667,0
493,493,0.05967579980218999,0.019835227382489048,3.0085765416973755,0.73,0.11,6.636363636363636,0
494,494,0.0783597475566377,0.021394163244163246,3.662669423540825,0.74,0.13,5.692307692307692,0
495,495,0.05837817177919968,0.05138928528198788,1.1359989044187278,0.68,0.18,3.777777777777778,0
496,496,0.06600329759091855,0.049569485913520915,1.3315308071999803,0.71,0.15,4.733333333333333,0
497,497,0.041382943475829374,0.021288377801535696,1.9439218836507168,0.69,0.12,5.75,0
498,498,0.2074875055440998,0.04130516639157943,5.023282162262363,0.82,0.18,4.555555555555555,0
499,499,0.2986844449590158,0.03499679954220628,8.53462170444475,0.84,0.17,4.941176470588235,0
500,500,0.04570602200074744,0.03668322916570755,1.245965064697048,0.72,0.15,4.8,0
501,501,0.1518515037593985,0.05675201559669645,2.6757023898238037,0.61,0.17,3.5882352941176467,0
502,502,0.06677290471976542,0.04057818964026058,1.6455368095947571,0.72,0.15,4.8,0
503,503,0.04706585615977466,0.04929945939728549,0.9546931494824096,0.69,0.13,5.3076923076923075,0
504,504,0.05099775323254442,0.034389880952380956,1.4829290425041042,0.7,0.11,6.363636363636363,0
505,505,0.09780624188521221,0.03719913346531737,2.6292612965407356,0.75,0.16,4.6875,0
506,506,0.045881869374779824,0.026864328545605557,1.7079105214518804,0.68,0.14,4.857142857142857,0
507,507,0.05218332703825413,0.035503759398496246,1.469797224923295,0.72,0.13,5.538461538461538,0
508,508,0.06964517804546831,0.02930014400252004,2.376956851798349,0.74,0.1,7.3999999999999995,0
509,509,0.10627564523780836,0.0342154845711494,3.1060686870242455,0.78,0.13,6.0,0
510,510,0.06411359352479615,0.03609615847115847,1.7761888311750447,0.72,0.13,5.538461538461538,0
511,511,0.053052956122867194,0.03731268683773129,1.4218476507357558,0.71,0.15,4.733333333333333,0
512,512,0.06019612450090252,0.06867432712215321,0.8765448024533208,0.73,0.17,4.294117647058823,0
513,513,0.04487729334443392,0.010221634302516656,4.390422511338009,0.69,0.1,6.8999999999999995,0
514,514,0.05294779183365282,0.041237854251012146,1.2839608848550423,0.7,0.14,4.999999999999999,0
515,515,0.047060206569371404,0.05224761072261073,0.9007149976526215,0.7,0.15,4.666666666666667,0
516,516,0.10174877496416579,0.04000816264870402,2.543200392819382,0.77,0.12,6.416666666666667,0
517,517,0.05909508778831532,0.03484429403125055,1.6959760394432195,0.7,0.15,4.666666666666667,0
518,518,0.07736510762696508,0.028773883845779974,2.6887266259091254,0.76,0.14,5.428571428571428,0
519,519,0.049172868560947734,0.05720047496363287,0.8596583960572188,0.7,0.16,4.375,0
520,520,0.042435039108411655,0.02211029942279942,1.9192430774887663,0.68,0.12,5.666666666666667,0
521,521,0.059867579493744445,0.021962792285372932,2.725863757024003,0.71,0.1,7.1,0
522,522,0.08632572019551743,0.01862692291368762,4.63445951838254,0.75,0.13,5.769230769230769,0
523,523,0.04863075739461839,0.04426556776556777,1.0986136595416294,0.7,0.14,4.999999999999999,0
524,524,0.05189422238046856,0.04146846829640947,1.251414014367196,0.71,0.14,5.07142857142857,0
525,525,0.07238221880609613,0.026849381703620116,2.695861662852996,0.74,0.14,5.285714285714286,0
526,526,0.12800982700733018,0.03824329193841389,3.347249164990144,0.87,0.14,6.2142857142857135,0
527,527,0.055606817575821726,0.02220986702998898,2.5036988065141657,0.69,0.12,5.75,0
528,528,0.08800082557472334,0.019846912307650847,4.433980672187463,0.76,0.1,7.6,0
529,529,0.08212492458631253,0.03877162709388876,2.118170702184876,0.7,0.14,4.999999999999999,0
530,530,0.15026575482975763,0.0669425111532497,2.2446985068390735,0.8,0.19,4.2105263157894735,0
531,531,0.043810849530354225,0.055100893267521586,0.7951023464836983,0.68,0.14,4.857142857142857,0
532,532,0.22489580379937507,0.05214797747055812,4.312646716286312,0.76,0.17,4.470588235294118,0
533,533,0.14603731409377427,0.04264422142268442,3.4245510697984116,0.8,0.13,6.153846153846154,0
534,534,0.12141876552982396,0.08274062019299624,1.4674625987406087,0.78,0.21,3.7142857142857144,0
535,535,0.12182623804941807,0.025131079589359433,4.84763249490482,0.72,0.14,5.142857142857142,0
536,536,0.07889342240680032,0.0421813887569594,1.8703372442611648,0.75,0.16,4.6875,0
537,537,0.05406872401340666,0.03394851887243192,1.592668128367552,0.7,0.13,5.384615384615384,0
538,538,0.07540635358072303,0.00568546604481883,13.26300306541113,0.73,0.11,6.636363636363636,0
539,539,0.07491424012532277,0.021070502047986522,3.5554084071993675,0.7,0.12,5.833333333333333,0
540,540,0.09932110839193982,0.03820118914901524,2.5999480802680757,0.75,0.13,5.769230769230769,0
541,541,0.08432290396229987,0.03133910555292135,2.690660836503661,0.74,0.12,6.166666666666667,0
542,542,0.05891182650548126,0.031093757549639903,1.894651246682906,0.69,0.14,4.928571428571428,0
543,543,0.060172610044865536,0.011330421691834734,5.310712317815048,0.72,0.13,5.538461538461538,0
544,544,0.05364455969782935,0.07842421413009648,0.6840305675086444,0.68,0.18,3.777777777777778,0
545,545,0.05426116340854885,0.03917887317025248,1.3849597759679306,0.71,0.12,5.916666666666667,0
546,546,0.03841501734414905,0.02778416933308238,1.3826224884977436,0.7,0.12,5.833333333333333,0
547,547,0.058317387216670104,0.040626820350405296,1.4354405959827552,0.69,0.16,4.3125,0
548,548,0.04640604272105985,0.039049920154457365,1.1883774035262098,0.7,0.14,4.999999999999999,0
549,549,0.16287379730702053,0.02823007518245122,5.76951340916968,0.87,0.15,5.8,0
550,550,0.5,0.05768079973450818,8.6683957625655,1.0,0.18,5.555555555555555,0
551,551,0.08459941201156074,0.020353900527813572,4.156422593102279,0.76,0.12,6.333333333333334,0
552,552,0.23280240679153097,0.041785725103020505,5.5713382074277495,0.88,0.18,4.888888888888889,0
553,553,0.04485939113282998,0.03513046112384348,1.2769371564662826,0.7,0.11,6.363636363636363,0
554,554,0.0880154030668783,0.026195949752553526,3.359885932683114,0.76,0.14,5.428571428571428,0
555,555,0.05390560392154644,0.034257756132756126,1.5735299099173543,0.68,0.14,4.857142857142857,0
556,556,0.052693512369284344,0.03329480664263273,1.5826345812686688,0.69,0.13,5.3076923076923075,0
557,557,0.0590028864609096,0.04683017853606088,1.2599329813674596,0.7,0.13,5.384615384615384,0
558,558,0.06516999121625677,0.03711146372784304,1.7560609221501198,0.72,0.15,4.8,0
559,559,0.0490099024054312,0.030637987012987016,1.5996449892304145,0.7,0.12,5.833333333333333,0
560,560,0.04766880356693977,0.05136095848595849,0.9281135900135487,0.7,0.14,4.999999999999999,0
561,561,0.058250891870457275,0.01412812363158663,4.123045167882321,0.71,0.12,5.916666666666667,0
562,562,0.13856158495808718,0.023581290705861638,5.875911827152223,0.77,0.12,6.416666666666667,0
563,563,0.0690480104074223,0.021574313886384824,3.2004730612080925,0.74,0.13,5.692307692307692,0
564,564,0.1568605185664009,0.03874980299448385,4.0480339626173185,0.6,0.14,4.285714285714286,0
565,565,0.05826949186117402,0.04937678960473079,1.1800988344449033,0.71,0.16,4.4375,0
566,566,0.05132486140471422,0.042548802561960454,1.2062586562800184,0.73,0.15,4.866666666666667,0
567,567,0.05122263293544388,0.04021902610060505,1.2735920757333627,0.73,0.16,4.5625,0
568,568,0.07148042304341783,0.04015040460628695,1.780316381474897,0.72,0.14,5.142857142857142,0
569,569,0.05575829600836678,0.01707512616208268,3.2654690500726495,0.72,0.13,5.538461538461538,0
570,570,0.060787399665932024,0.033401949357831716,1.8198758106816684,0.7,0.12,5.833333333333333,0
571,571,0.24483459830667254,0.059339098657840116,4.126024894958933,0.8,0.18,4.444444444444445,0
572,572,0.2663721700199961,0.05469319699907935,4.870298037697081,0.81,0.19,4.2631578947368425,0
573,573,0.01821801324810833,0.025538440725940723,0.7133565217865219,0.45,0.13,3.4615384615384617,0
574,574,0.028487215835986193,0.05181623608777116,0.5497739316250585,0.52,0.18,2.8888888888888893,0
575,575,0.018414758006508387,0.059221468074409256,0.3109473406395638,0.45,0.18,2.5,0
576,576,0.00407307156780841,0.025539682539682543,0.15948011732251696,0.1,0.09,1.1111111111111112,0
577,577,0.004640388032084394,0.04669444444444444,0.09937773298931481,0.1,0.11,0.9090909090909092,0
578,578,0.0036648225957049483,0.04301190476190476,0.08520484307755762,0.09,0.1,0.8999999999999999,0
579,579,0.01884504143246378,0.025088373291709126,0.75114640608012,0.44,0.14,3.142857142857143,0
580,580,0.06657843318303475,0.02989988062882611,2.2267123407458453,0.81,0.15,5.4,0
581,581,0.028097126384356193,0.06995313315901551,0.4016564393261212,0.46,0.18,2.555555555555556,0
582,582,0.003051581960015127,0.06376190476190476,0.0478590150562492,0.08,0.12,0.6666666666666667,0
583,583,0.002714960478118373,0.04759523809523809,0.05704269138617892,0.07,0.09,0.7777777777777779,0
584,584,0.027051349887131145,0.045437389542728426,0.5953544021646003,0.52,0.18,2.8888888888888893,0
585,585,0.032632951019016476,0.036497307150451165,0.8941194177558133,0.54,0.15,3.6000000000000005,0
586,586,0.03740217930232304,0.04576330195117495,0.8172963424323616,0.68,0.16,4.25,0
587,587,0.03731295862813319,0.02702464987744223,1.3807009081467776,0.7,0.12,5.833333333333333,0
588,588,0.01990389872391841,0.021252381481619887,0.9365490987978119,0.48,0.13,3.692307692307692,0
589,589,0.019166274964350725,0.054724733599733594,0.35023057589528456,0.45,0.18,2.5,0
590,590,0.03319011757266372,0.053933237309070396,0.6153926452154924,0.54,0.17,3.176470588235294,0
591,591,0.05081759060767568,0.025242171272663264,2.0132020363363137,0.7,0.13,5.384615384615384,0
592,592,0.017307482233068053,0.05892300061050062,0.2937304966438471,0.43,0.16,2.6875,0
593,593,0.04888175863738468,0.047912519705358585,1.020229345857544,0.7,0.18,3.888888888888889,0
594,594,0.023799501604476494,0.045084485407066055,0.5278867306478432,0.37,0.15,2.466666666666667,0
595,595,0.0029517301896031883,0.03378968253968254,0.08735596098414602,0.08,0.1,0.7999999999999999,0
596,596,0.052129747205476355,0.014871115271037872,3.5054362941427297,0.59,0.14,4.2142857142857135,0
597,597,0.017163171851471745,0.04038468176325918,0.42499212825508276,0.44,0.16,2.75,0
598,598,0.021057684753896463,0.0558023988500939,0.37736164014140816,0.47,0.17,2.7647058823529407,0
599,599,0.005851472114630009,0.06602339901477831,0.08862724733878437,0.1,0.15,0.6666666666666667,0
600,600,0.0032683167134386643,0.022928571428571427,0.14254340806274549,0.09,0.09,1.0,0
601,601,0.07691227558327213,0.0281377640277035,2.733418174505511,0.78,0.16,4.875,0
602,602,0.032632951019016476,0.036497307150451165,0.8941194177558133,0.54,0.15,3.6000000000000005,0
603,603,0.018137703990306883,0.059712283659545326,0.3037516383349287,0.45,0.2,2.25,0
604,604,0.049150467967159266,0.023363476800976803,2.1037308952708758,0.72,0.11,6.545454545454545,0
605,605,0.017249847927609033,0.06356436974980949,0.27137605541445226,0.44,0.2,2.1999999999999997,0
606,606,0.07934525226677765,0.03777424841240631,2.1005117401811244,0.73,0.15,4.866666666666667,0
607,607,0.032632951019016476,0.036497307150451165,0.8941194177558133,0.54,0.15,3.6000000000000005,0
608,608,0.032632951019016476,0.04649730715045117,0.7018245360624037,0.54,0.16,3.375,0
609,609,0.024479961659458108,0.024605139958081133,0.9949125142618052,0.49,0.13,3.769230769230769,0
610,610,0.0429831433273453,0.03461947588476824,1.2415885055688227,0.66,0.14,4.714285714285714,0
611,611,0.02137922701147628,0.1024010929730744,0.20877928536463752,0.45,0.21,2.142857142857143,0
612,612,0.018499192074334352,0.05353484311572548,0.3455542408958764,0.45,0.16,2.8125,0
613,613,0.032632951019016476,0.04649730715045117,0.7018245360624037,0.54,0.16,3.375,0
614,614,0.04902970150689481,0.039821127946127945,1.2312484360871117,0.72,0.15,4.8,0
615,615,0.0029071796713759563,0.056523809523809525,0.05143283327623849,0.08,0.12,0.6666666666666667,0
616,616,0.022490034838093267,0.03144686526176296,0.7151757305819435,0.47,0.17,2.7647058823529407,0
617,617,0.018854359895231064,0.02567218614718614,0.7344275157220157,0.45,0.16,2.8125,0
618,618,0.019056243684851825,0.030104617604617606,0.6330006889683554,0.47,0.15,3.1333333333333333,0
619,619,0.017406782142469563,0.05830533273915626,0.29854528436263683,0.45,0.19,2.3684210526315788,0
620,620,0.02208004552161658,0.03219422652510887,0.6858386706198997,0.5,0.17,2.941176470588235,0
621,621,0.02319825445889439,0.06347174233812165,0.36548948562518546,0.47,0.2,2.3499999999999996,0
622,622,0.021213081991806618,0.03779796074522241,0.5612229224426588,0.45,0.18,2.5,0
623,623,0.019943646023815424,0.025436305932629463,0.7840622013525909,0.45,0.15,3.0,0
624,624,0.032632951019016476,0.06649730715045116,0.49074094000805074,0.54,0.18,3.0000000000000004,0
625,625,0.020350884212396867,0.047445887445887444,0.4289283077612844,0.44,0.17,2.5882352941176467,0
626,626,0.020241043128157,0.06110382614144056,0.33125655799857584,0.47,0.17,2.7647058823529407,0
627,627,0.0035825697450697453,0.07667099567099568,0.046726532161431376,0.09,0.13,0.6923076923076923,0
628,628,0.007968265078399143,0.03453968253968254,0.23069885107497523,0.13,0.1,1.3,0
629,629,0.08623923801137344,0.054354682327838424,1.5866018219226157,0.77,0.2,3.85,0
630,630,0.02481589042999696,0.0387759751064284,0.6399810800859242,0.51,0.17,3.0,0
631,631,0.024074885814546965,0.05776852240896358,0.4167474744137028,0.51,0.17,3.0,0
632,632,0.003516814586135073,0.03626190476190476,0.0969837246340598,0.09,0.1,0.8999999999999999,0
633,633,0.019196679766118788,0.03955844074226428,0.48527392399491204,0.47,0.16,2.9374999999999996,0
634,634,0.03536777135846171,0.05045020302278367,0.7010431918874415,0.69,0.19,3.631578947368421,0
635,635,0.004707202247643425,0.08376190476190476,0.05619741171149057,0.11,0.18,0.6111111111111112,0
636,636,0.017697936276191817,0.03364469558695708,0.5260245624886174,0.45,0.15,3.0,0
637,637,0.04818930102505076,0.03877784824394732,1.2427017796835191,0.72,0.15,4.8,0
638,638,0.032632951019016476,0.06649730715045116,0.49074094000805074,0.54,0.18,3.0000000000000004,0
639,639,0.03460373358638751,0.041715423465423465,0.8295189335682857,0.53,0.18,2.9444444444444446,0
640,640,0.004964123352281247,0.040289682539682535,0.12321078349008907,0.1,0.11,0.9090909090909092,0
641,641,0.07868379076337526,0.054366690172572535,1.4472794005596916,0.8,0.15,5.333333333333334,0
642,642,0.02778563179144418,0.048797960745222406,0.5694014947984184,0.46,0.16,2.875,0
643,643,0.0024967116247842608,0.033345238095238094,0.07487460781216633,0.07,0.1,0.7000000000000001,0
644,644,0.022347009296038757,0.0553687265282637,0.40360345446325974,0.47,0.18,2.611111111111111,0
645,645,0.03958796588731848,0.04199819624819625,0.9426110981854063,0.68,0.15,4.533333333333334,0
646,646,0.04239974410846086,0.03846884596884596,1.1021839371734297,0.69,0.13,5.3076923076923075,0
647,647,0.0038497338203775933,0.035183473389355735,0.10941881086539557,0.11,0.11,1.0,0
648,648,0.03182069111710475,0.03164490380666851,1.0055549958852834,0.54,0.15,3.6000000000000005,0
649,649,0.18448616151476316,0.019527195942488296,9.447652497476533,0.89,0.1,8.9,0
650,650,0.0034044861955246624,0.03556385281385282,0.09572883493091469,0.09,0.11,0.8181818181818181,0
651,651,0.06424935975686424,0.02887356177191783,2.2251968864940177,0.79,0.14,5.642857142857142,0
652,652,0.05225299319931169,0.036447630871543915,1.433645807692473,0.68,0.13,5.230769230769231,0
653,653,0.01899744966191774,0.03347512903762904,0.5675093780986746,0.46,0.15,3.066666666666667,0
654,654,0.018421639407648804,0.04194969124013242,0.4391364718800408,0.45,0.18,2.5,0
655,655,0.022704371870934388,0.04227177405927408,0.5371047791629942,0.52,0.16,3.25,0
656,656,0.0492251613987689,0.03755028178959731,1.3109132356073538,0.75,0.17,4.411764705882352,0
657,657,0.02316014756289992,0.07922402895146843,0.2923374116341333,0.53,0.2,2.65,0
658,658,0.006293063392498257,0.03799242424242424,0.16563995370085144,0.09,0.11,0.8181818181818181,0
659,659,0.0026036093820596307,0.044500000000000005,0.05850807600134001,0.07,0.1,0.7000000000000001,0
660,660,0.028778307779127217,0.0615236903271947,0.46775977881168535,0.53,0.19,2.7894736842105265,0
661,661,0.00262018537018537,0.06526680672268907,0.04014575711231326,0.07,0.16,0.43750000000000006,0
662,662,0.0031999863163656266,0.046197802197802194,0.0692670682181903,0.08,0.13,0.6153846153846154,0
663,663,0.028983755327321267,0.053713408087884336,0.5396000060152369,0.51,0.18,2.8333333333333335,0
664,664,0.019424722680400186,0.044901787482669826,0.4326046638543577,0.46,0.16,2.875,0
665,665,0.002922318422318422,0.034873015873015875,0.08379884415387373,0.08,0.11,0.7272727272727273,0
666,666,0.018866878554308616,0.042110728592247196,0.4480302095220007,0.46,0.19,2.4210526315789473,0
667,667,0.03666621719213589,0.03282118871457107,1.1171507988635954,0.58,0.11,5.2727272727272725,0
668,668,0.032632951019016476,0.07649730715045115,0.4265895393524845,0.54,0.19,2.8421052631578947,0
669,669,0.05074698808080025,0.05450102719860784,0.9311198465282599,0.71,0.15,4.733333333333333,0
670,670,0.0030293373907504346,0.024916666666666667,0.12157875815720807,0.08,0.09,0.888888888888889,0
671,671,0.12983314481663535,0.06360326609664844,2.041296819873168,0.73,0.17,4.294117647058823,0
672,672,0.019514429723829135,0.026198962493349146,0.7448550578589919,0.46,0.15,3.066666666666667,0
673,673,0.047664287948628654,0.028879940420232772,1.6504288878392528,0.71,0.14,5.07142857142857,0
674,674,0.032632951019016476,0.036497307150451165,0.8941194177558133,0.54,0.15,3.6000000000000005,0
675,675,0.0034379116556142518,0.05405648926237163,0.06359850043031484,0.09,0.13,0.6923076923076923,0
676,676,0.04126820564973117,0.05592612869586553,0.7379056375268473,0.69,0.15,4.6,0
677,677,0.01813634840719687,0.05521062916128706,0.3284937824963935,0.44,0.18,2.4444444444444446,0
678,678,0.022669764749219938,0.033414248412350876,0.6784460470115059,0.5,0.15,3.3333333333333335,0
679,679,0.026368359053318274,0.04183402696835957,0.6303088888206129,0.54,0.19,2.8421052631578947,0
680,680,0.01903760747884787,0.04945801967174077,0.38492458058779777,0.46,0.16,2.875,0
681,681,0.0027458275597875156,0.040999999999999995,0.06697140389725649,0.08,0.1,0.7999999999999999,0
682,682,0.021046342928682796,0.05676239446827683,0.370779688310103,0.5,0.16,3.125,0
683,683,0.03684423056303345,0.03988585083311249,0.9237418732069784,0.69,0.15,4.6,0
684,684,0.018494163165364844,0.050421643347165174,0.36679017060249447,0.46,0.16,2.875,0
685,685,0.019384161630781733,0.05090508021390375,0.3807903169846557,0.47,0.18,2.611111111111111,0
686,686,0.0,0.026047008547008543,0.0,0.0,0.08,0.0,0
687,687,0.0,0.022649331662489555,0.0,0.0,0.07,0.0,0
688,688,0.0,0.02861111111111111,0.0,0.0,0.09,0.0,0
689,689,0.0,0.02317783094098884,0.0,0.0,0.08,0.0,0
690,690,0.001,0.042142246642246646,0.023729157310695505,0.01,0.11,0.09090909090909091,0
691,691,0.0,0.03182178932178932,0.0,0.0,0.12,0.0,0
692,692,0.0,0.03476984126984127,0.0,0.0,0.09,0.0,0
693,693,0.0,0.029269230769230773,0.0,0.0,0.07,0.0,0
694,694,0.0,0.036476190476190475,0.0,0.0,0.07,0.0,0
695,695,0.0,0.04121367521367521,0.0,0.0,0.08,0.0,0
696,696,0.0,0.0476025641025641,0.0,0.0,0.11,0.0,0
697,697,0.0,0.025623376623376624,0.0,0.0,0.06,0.0,0
698,698,0.0075,0.05266666666666667,0.14240506329113922,0.03,0.08,0.375,0
699,699,0.0,0.055325396825396826,0.0,0.0,0.13,0.0,0
700,700,0.0,0.026444444444444448,0.0,0.0,0.1,0.0,0
701,701,0.0,0.034444444444444444,0.0,0.0,0.06,0.0,0
702,702,0.0,0.06335014005602241,0.0,0.0,0.12,0.0,0
703,703,0.0,0.018857466063348417,0.0,0.0,0.07,0.0,0
704,704,0.0,0.025880341880341887,0.0,0.0,0.07,0.0,0
705,705,0.0,0.06816666666666667,0.0,0.0,0.11,0.0,0
706,706,0.0,0.011818181818181818,0.0,0.0,0.05,0.0,0
707,707,0.0,0.03924732620320856,0.0,0.0,0.12,0.0,0
708,708,0.0,0.04675,0.0,0.0,0.11,0.0,0
709,709,0.0,0.018838235294117645,0.0,0.0,0.06,0.0,0
710,710,0.0,0.04181818181818182,0.0,0.0,0.11,0.0,0
711,711,0.0,0.03542832167832168,0.0,0.0,0.08,0.0,0
712,712,0.0,0.050067460317460316,0.0,0.0,0.11,0.0,0
713,713,0.0,0.00469079939668175,0.0,0.0,0.03,0.0,0
714,714,0.0,0.05417200854700854,0.0,0.0,0.13,0.0,0
715,715,0.0,0.053136655011655015,0.0,0.0,0.13,0.0,0
716,716,0.0,0.05246125116713351,0.0,0.0,0.12,0.0,0
717,717,0.0,0.05453409090909091,0.0,0.0,0.14,0.0,0
718,718,0.0,0.008977124183006535,0.0,0.0,0.07,0.0,0
719,719,0.0,0.035432900432900434,0.0,0.0,0.09,0.0,0
720,720,0.0,0.03347853535353536,0.0,0.0,0.08,0.0,0
721,721,0.0,0.04167261904761904,0.0,0.0,0.08,0.0,0
722,722,0.0,0.0414011544011544,0.0,0.0,0.1,0.0,0
723,723,0.0,0.03144444444444444,0.0,0.0,0.06,0.0,0
724,724,0.0,0.048697802197802204,0.0,0.0,0.1,0.0,0
725,725,0.0,0.043274132730015076,0.0,0.0,0.13,0.0,0
726,726,0.0,0.03483065953654189,0.0,0.0,0.07,0.0,0
727,727,0.0,0.028936507936507937,0.0,0.0,0.07,0.0,0
728,728,0.0,0.03748611111111111,0.0,0.0,0.09,0.0,0
729,729,0.0016666666666666666,0.037686868686868685,0.044224068614312516,0.01,0.09,0.11111111111111112,0
730,730,0.0,0.006781657669815564,0.0,0.0,0.06,0.0,0
731,731,0.0,0.03325,0.0,0.0,0.09,0.0,0
732,732,0.0,0.01967099567099567,0.0,0.0,0.09,0.0,0
733,733,0.0,0.042706349206349206,0.0,0.0,0.13,0.0,0
734,734,0.0,0.03306684981684982,0.0,0.0,0.08,0.0,0
735,735,0.0014285714285714286,0.041517246642246645,0.03440910812032894,0.01,0.13,0.07692307692307693,0
736,736,0.0,0.04984722222222222,0.0,0.0,0.11,0.0,0
737,737,0.0,0.051833333333333335,0.0,0.0,0.11,0.0,0
738,738,0.0,0.05479004329004329,0.0,0.0,0.09,0.0,0
739,739,0.0,0.014534090909090911,0.0,0.0,0.07,0.0,0
740,740,0.0,0.027666666666666666,0.0,0.0,0.09,0.0,0
741,741,0.0,0.02645833333333333,0.0,0.0,0.08,0.0,0
742,742,0.0,0.06636601307189544,0.0,0.0,0.15,0.0,0
743,743,0.0,0.036371553884711784,0.0,0.0,0.11,0.0,0
744,744,0.0,0.04961111111111111,0.0,0.0,0.1,0.0,0
745,745,0.0,0.0415,0.0,0.0,0.09,0.0,0
746,746,0.0,0.04256746031746032,0.0,0.0,0.14,0.0,0
747,747,0.0,0.016099567099567096,0.0,0.0,0.07,0.0,0
748,748,0.0,0.03385746606334841,0.0,0.0,0.06,0.0,0
749,749,0.0,0.023944444444444445,0.0,0.0,0.09,0.0,0
750,750,0.0,0.026436507936507935,0.0,0.0,0.07,0.0,0
751,751,0.0,0.01429004329004329,0.0,0.0,0.07,0.0,0
752,752,0.0,0.03909498834498835,0.0,0.0,0.1,0.0,0
753,753,0.002,0.03532770415858651,0.05661279292370584,0.01,0.12,0.08333333333333334,0
754,754,0.0,0.030624999999999996,0.0,0.0,0.09,0.0,0
755,755,0.0,0.057483516483516475,0.0,0.0,0.12,0.0,0
756,756,0.0,0.046130952380952384,0.0,0.0,0.08,0.0,0
757,757,0.0,0.048651515151515154,0.0,0.0,0.11,0.0,0
758,758,0.0,0.025969988344988346,0.0,0.0,0.07,0.0,0
759,759,0.0,0.0339041514041514,0.0,0.0,0.1,0.0,0
760,760,0.0,0.052714646464646464,0.0,0.0,0.1,0.0,0
761,761,0.0,0.03995670995670996,0.0,0.0,0.11,0.0,0
762,762,0.0,0.017163461538461537,0.0,0.0,0.07,0.0,0
763,763,0.0,0.030902777777777782,0.0,0.0,0.09,0.0,0
764,764,0.0,0.020440799396681752,0.0,0.0,0.07,0.0,0
765,765,0.0014285714285714286,0.020866013071895423,0.06846403400827834,0.01,0.06,0.16666666666666669,0
766,766,0.0,0.020725940725940726,0.0,0.0,0.06,0.0,0
767,767,0.0,0.02474603174603175,0.0,0.0,0.11,0.0,0
768,768,0.0,0.050766806722689066,0.0,0.0,0.11,0.0,0
769,769,0.0016666666666666666,0.04510912698412699,0.03694743787112381,0.01,0.13,0.07692307692307693,0
770,770,0.0,0.011293363499245852,0.0,0.0,0.06,0.0,0
771,771,0.0,0.014863978127136019,0.0,0.0,0.09,0.0,0
772,772,0.0,0.042135854341736695,0.0,0.0,0.09,0.0,0
773,773,0.0,0.05840909090909091,0.0,0.0,0.11,0.0,0
774,774,0.0,0.06628968253968254,0.0,0.0,0.11,0.0,0
775,775,0.0,0.03508730158730159,0.0,0.0,0.11,0.0,0
776,776,0.002,0.0491031746031746,0.04073056408598675,0.01,0.13,0.07692307692307693,0
777,777,0.0,0.01327020202020202,0.0,0.0,0.04,0.0,0
778,778,0.0,0.025560897435897435,0.0,0.0,0.07,0.0,0
779,779,0.0,0.039246031746031744,0.0,0.0,0.08,0.0,0
780,780,0.0,0.036575757575757574,0.0,0.0,0.06,0.0,0
781,781,0.0,0.05053409090909091,0.0,0.0,0.09,0.0,0
782,782,0.0,0.04076680672268908,0.0,0.0,0.11,0.0,0
783,783,0.0,0.03271221322537112,0.0,0.0,0.09,0.0,0
784,784,0.0011111111111111111,0.06138034188034189,0.018102067813130958,0.01,0.11,0.09090909090909091,0
785,785,0.0,0.028039682539682538,0.0,0.0,0.09,0.0,0
786,786,0.0,0.08383134920634921,0.0,0.0,0.17,0.0,0
787,787,0.0,0.05385746606334841,0.0,0.0,0.11,0.0,0
788,788,0.0,0.044254901960784306,0.0,0.0,0.12,0.0,0
789,789,0.0,0.05314285714285714,0.0,0.0,0.09,0.0,0
790,790,0.0,0.02876068376068376,0.0,0.0,0.1,0.0,0
791,791,0.0,0.01872222222222222,0.0,0.0,0.09,0.0,0
792,792,0.0,0.03254761904761905,0.0,0.0,0.06,0.0,0
793,793,0.0,0.013158730158730158,0.0,0.0,0.08,0.0,0
794,794,0.0,0.03226190476190476,0.0,0.0,0.1,0.0,0
795,795,0.0,0.05109559884559885,0.0,0.0,0.14,0.0,0
796,796,0.0,0.03339423076923077,0.0,0.0,0.1,0.0,0
797,797,0.0,0.038594627594627604,0.0,0.0,0.09,0.0,0
798,798,0.0,0.05988095238095238,0.0,0.0,0.15,0.0,0
799,799,0.0,0.008805555555555556,0.0,0.0,0.06,0.0,0
800,800,0.00125,0.06683333333333334,0.018703241895261843,0.01,0.1,0.09999999999999999,0
801,801,0.0,0.03726984126984127,0.0,0.0,0.1,0.0,0
802,802,0.0,0.04895833333333333,0.0,0.0,0.12,0.0,0
803,803,0.0,0.023683473389355742,0.0,0.0,0.07,0.0,0
804,804,0.0016666666666666666,0.03669047619047619,0.045425048669695,0.01,0.11,0.09090909090909091,0
805,805,0.0,0.044458333333333336,0.0,0.0,0.09,0.0,0
806,806,0.0,0.0407979797979798,0.0,0.0,0.11,0.0,0
807,807,0.0014285714285714286,0.023588235294117646,0.06056287851799074,0.01,0.07,0.14285714285714285,0
808,808,0.0,0.043126696832579185,0.0,0.0,0.1,0.0,0
809,809,0.0,0.02272222222222222,0.0,0.0,0.08,0.0,0
810,810,0.0,0.03347076023391813,0.0,0.0,0.08,0.0,0
811,811,0.0050952380952380945,0.04000432900432901,0.12736716805540524,0.03,0.12,0.25,0
812,812,0.0,0.041143578643578635,0.0,0.0,0.1,0.0,0
813,813,0.0,0.0268015873015873,0.0,0.0,0.1,0.0,0
814,814,0.0,0.0516170634920635,0.0,0.0,0.1,0.0,0
815,815,0.0,0.03392832167832168,0.0,0.0,0.08,0.0,0
816,816,0.0,0.033504329004329,0.0,0.0,0.11,0.0,0
817,817,0.0,0.04125,0.0,0.0,0.09,0.0,0
818,818,0.0,0.033,0.0,0.0,0.09,0.0,0
819,819,0.0,0.027095238095238096,0.0,0.0,0.08,0.0,0
820,820,0.0,0.022470238095238092,0.0,0.0,0.07,0.0,0
821,821,0.0,0.06597619047619048,0.0,0.0,0.14,0.0,0
822,822,0.0,0.02010843731431967,0.0,0.0,0.09,0.0,0
823,823,0.0,0.029291666666666667,0.0,0.0,0.06,0.0,0
824,824,0.0,0.004401154401154401,0.0,0.0,0.04,0.0,0
825,825,0.0025,0.03255952380952381,0.07678244972577697,0.01,0.12,0.08333333333333334,0
826,826,0.0,0.023047619047619046,0.0,0.0,0.07,0.0,0
827,827,0.0,0.01755133755133755,0.0,0.0,0.06,0.0,0
828,828,0.0,0.04808823529411765,0.0,0.0,0.09,0.0,0
829,829,0.0,0.04213034188034188,0.0,0.0,0.1,0.0,0
830,830,0.0,0.04781045751633987,0.0,0.0,0.08,0.0,0
831,831,0.0,0.007532467532467533,0.0,0.0,0.05,0.0,0
832,832,0.0,0.03475,0.0,0.0,0.08,0.0,0
833,833,0.0,0.03838888888888889,0.0,0.0,0.11,0.0,0
834,834,0.0,0.04474732620320856,0.0,0.0,0.08,0.0,0
835,835,0.0,0.03240641711229946,0.0,0.0,0.07,0.0,0
836,836,0.0,0.04074242424242424,0.0,0.0,0.12,0.0,0
837,837,0.0,0.01925407925407925,0.0,0.0,0.07,0.0,0
838,838,0.0,0.028266806722689077,0.0,0.0,0.09,0.0,0
839,839,0.0,0.05304166666666666,0.0,0.0,0.12,0.0,0
840,840,0.0,0.014761904761904763,0.0,0.0,0.05,0.0,0
841,841,0.0,0.021631313131313133,0.0,0.0,0.08,0.0,0
842,842,0.0,0.06572222222222222,0.0,0.0,0.12,0.0,0
843,843,0.0,0.03519934640522876,0.0,0.0,0.07,0.0,0
844,844,0.0,0.038125,0.0,0.0,0.07,0.0,0
845,845,0.0,0.013916666666666666,0.0,0.0,0.05,0.0,0
846,846,0.0,0.047280885780885774,0.0,0.0,0.13,0.0,0
847,847,0.0,0.02862337662337662,0.0,0.0,0.06,0.0,0
848,848,0.0,0.029456349206349205,0.0,0.0,0.08,0.0,0
849,849,0.0,0.04945833333333334,0.0,0.0,0.1,0.0,0
850,850,0.0,0.05911111111111111,0.0,0.0,0.12,0.0,0
851,851,0.0,0.03509462759462759,0.0,0.0,0.08,0.0,0
852,852,0.0,0.06673611111111112,0.0,0.0,0.15,0.0,0
853,853,0.0,0.045,0.0,0.0,0.09,0.0,0
854,854,0.0,0.052825396825396824,0.0,0.0,0.1,0.0,0
855,855,0.0,0.07319444444444444,0.0,0.0,0.16,0.0,0
856,856,0.0016666666666666666,0.05136446886446887,0.0324478516669638,0.01,0.12,0.08333333333333334,0
857,857,0.046870612519525574,0.03456779331779332,1.3559040951393198,0.24,0.1,2.4,0
858,858,0.00539044289044289,0.06706944444444445,0.08037106815321766,0.04,0.11,0.36363636363636365,0
859,859,0.0050952380952380945,0.05598412698412698,0.09101219166430392,0.03,0.12,0.25,0
860,860,0.322,0.01547622720416838,20.80610446926446,0.65,0.07,9.285714285714285,0
861,861,0.002,0.04302777777777778,0.046481601032924466,0.01,0.12,0.08333333333333334,0
862,862,0.03434852369852371,0.04893117510508815,0.7019762681920948,0.22,0.14,1.5714285714285714,0
863,863,0.0016666666666666666,0.031785714285714285,0.05243445692883895,0.01,0.11,0.09090909090909091,0
864,864,0.0034285714285714284,0.03172023809523809,0.10808782135485082,0.02,0.1,0.19999999999999998,0
865,865,0.019114914170796523,0.04017857142857143,0.4757489749176023,0.17,0.13,1.3076923076923077,0
866,866,0.0045535714285714285,0.04265079365079365,0.10676404912541869,0.04,0.12,0.33333333333333337,0
867,867,0.0029166666666666664,0.03164285714285714,0.09217456734386757,0.02,0.1,0.19999999999999998,0
868,868,0.02184715877804113,0.09923593700985006,0.22015370072912802,0.2,0.22,0.9090909090909092,0
869,869,0.00375,0.04828409090909091,0.077665333019534,0.02,0.13,0.15384615384615385,0
870,870,0.004698412698412698,0.03286601307189543,0.1429565760877285,0.04,0.09,0.4444444444444445,0
871,871,0.005088235294117647,0.028234649122807015,0.18021245002855513,0.04,0.09,0.4444444444444445,0
872,872,0.0016666666666666666,0.04650000000000001,0.03584229390681003,0.01,0.11,0.09090909090909091,0
873,873,0.0014285714285714286,0.04419298245614035,0.032325752849770316,0.01,0.12,0.08333333333333334,0
874,874,0.0016666666666666666,0.042621553884711776,0.03910384570151711,0.01,0.11,0.09090909090909091,0
875,875,0.005928571428571429,0.04895833333333333,0.12109422492401216,0.03,0.1,0.3,0
876,876,0.0014285714285714286,0.034083333333333334,0.041914076143904994,0.01,0.1,0.09999999999999999,0
877,877,0.005595238095238095,0.06888690476190477,0.08122353754428409,0.03,0.13,0.23076923076923075,0
878,878,0.0014285714285714286,0.044916666666666674,0.031804929764113435,0.01,0.09,0.11111111111111112,0
879,879,0.0043907846539425486,0.05440079365079366,0.08071177567973756,0.04,0.12,0.33333333333333337,0
880,880,0.003928571428571429,0.026011904761904764,0.15102974828375285,0.02,0.09,0.22222222222222224,0
881,881,0.0040501253132832074,0.044375,0.09127042959511454,0.04,0.1,0.39999999999999997,0
882,882,0.0016666666666666666,0.035016233766233765,0.04759697110183897,0.01,0.11,0.09090909090909091,0
883,883,0.005928571428571429,0.02895833333333333,0.2047276464542652,0.03,0.08,0.375,0
884,884,0.00525,0.0487202380952381,0.10775809407452656,0.03,0.11,0.2727272727272727,0
885,885,0.0045000000000000005,0.04008823529411765,0.11225238444607485,0.02,0.1,0.19999999999999998,0
886,886,0.002,0.034023809523809526,0.05878236529041288,0.01,0.08,0.125,0
887,887,0.002,0.028761904761904763,0.0695364238410596,0.01,0.11,0.09090909090909091,0
888,888,0.0025,0.049761904761904764,0.050239234449760764,0.01,0.09,0.11111111111111112,0
889,889,0.0025,0.06067857142857143,0.04120070629782225,0.01,0.12,0.08333333333333334,0
890,890,0.0047777777777777775,0.06355952380952382,0.07517013173503152,0.03,0.15,0.2,0
891,891,0.005928571428571429,0.03895833333333333,0.15217723453017573,0.03,0.09,0.3333333333333333,0
892,892,0.005928571428571429,0.04895833333333333,0.12109422492401216,0.03,0.1,0.3,0
893,893,0.003928571428571429,0.06713585434173669,0.05851674142067384,0.02,0.13,0.15384615384615385,0
894,894,0.005642857142857143,0.05612155388471178,0.10054705816679692,0.04,0.12,0.33333333333333337,0
895,895,0.00405952380952381,0.04985014005602241,0.08143455173770124,0.04,0.1,0.39999999999999997,0
896,896,0.025135577511367285,0.011804183535762484,2.129378744003379,0.39,0.07,5.571428571428571,0
897,897,0.19168253968253954,0.0629742836481967,3.043822471302196,1.0,0.12,8.333333333333334,0
898,898,0.043736623753391414,0.04043255813953488,1.0817179462762172,0.46,0.12,3.8333333333333335,0
899,899,0.26892063492063484,0.046469827586206894,5.786994462627519,0.97,0.1,9.7,0
900,900,0.10077015026241774,0.03321003513394818,3.0343283244349184,0.83,0.12,6.916666666666667,0
901,901,0.02172422801936266,0.022147772216042513,0.9808764424453912,0.21,0.09,2.3333333333333335,0
902,902,0.03283836730693992,0.015228026751382804,2.1564427120511844,0.41,0.08,5.125,0
903,903,0.03027508846703098,0.01937367091972355,1.5626924082936258,0.23,0.08,2.875,0
904,904,0.3185067977258378,0.04722923046710347,6.7438489802980595,0.92,0.16,5.75,0
905,905,0.10950881033249114,0.017386109986109986,6.298637844807108,0.85,0.13,6.538461538461538,0
906,906,0.26904834054834037,0.04675213675213675,5.754781689973643,1.0,0.09,11.11111111111111,0
907,907,0.22716482108873404,0.041957571122863475,5.41415565795103,0.97,0.12,8.083333333333334,0
908,908,0.0911979497392516,0.04802602388195609,1.8989277555728632,0.81,0.14,5.785714285714286,0
909,909,0.12790530940122585,0.03845151094801243,3.326405289356707,0.83,0.15,5.533333333333333,0
910,910,0.1693201254268551,0.03407630264779633,4.968852612236228,0.82,0.13,6.3076923076923075,0
911,911,0.5,0.03271166775103015,15.285065983352503,1.0,0.11,9.090909090909092,0
912,912,0.14231352171234812,0.023271510941917675,6.115353750237451,0.86,0.13,6.615384615384615,0
913,913,0.13463617367978478,0.021622651222651227,6.226626526664965,0.92,0.1,9.2,0
914,914,0.10778770984439627,0.04987552773210668,2.1611342224457193,0.87,0.17,5.117647058823529,0
915,915,0.08740003147518291,0.03659217621173828,2.388489576827796,0.81,0.15,5.4,0
916,916,0.24946825396825392,0.024892063492063493,10.021999744930492,1.0,0.08,12.5,0
917,917,0.05327592412541764,0.035896307702842696,1.4841616738536765,0.62,0.12,5.166666666666667,0
918,918,0.5,0.012711667751030144,39.333941839337356,1.0,0.09,11.11111111111111,0
919,919,0.057776434852250154,0.04120316276934667,1.4022330075892442,0.46,0.12,3.8333333333333335,0
920,920,0.2376150793650792,0.03661507936507937,6.489541562804806,0.99,0.13,7.615384615384615,0
921,921,0.23103968253968243,0.02228245828245828,10.36868013443413,1.0,0.06,16.666666666666668,0
922,922,0.2102777777777777,0.018377564102564102,11.44209192275047,1.0,0.07,14.285714285714285,0
923,923,0.18939663114663105,0.02578055322813387,7.346492120267838,0.94,0.14,6.7142857142857135,0
924,924,0.06410628970306263,0.03072414139805444,2.086511999554919,0.76,0.16,4.75,0
925,925,0.2349880952380952,0.02375793650793651,9.890930349089691,1.0,0.06,16.666666666666668,0
926,926,0.21281349206349198,0.037726393188854485,5.6409710570042915,1.0,0.08,12.5,0
927,927,0.22920885547201317,0.018123376623376625,12.647138567785749,1.0,0.06,16.666666666666668,0
928,928,0.09685136362032644,0.027769381002139628,3.4877033669876925,0.8,0.15,5.333333333333334,0
929,929,0.2146221600037389,0.03277414057947984,6.548521371087168,0.96,0.14,6.857142857142856,0
930,930,0.08637800114402276,0.02952269789108768,2.925816653433241,0.8,0.14,5.714285714285714,0
931,931,0.07843479280294291,0.018645444681270933,4.206646403114723,0.85,0.13,6.538461538461538,0
932,932,0.19814682539682527,0.06226315789473684,3.1824088609802876,1.0,0.11,9.090909090909092,0
933,933,0.055295502847301004,0.04953598470867978,1.116269378159995,0.53,0.12,4.416666666666667,0
934,934,0.28673412698412687,0.02310610661268556,12.409452262576597,1.0,0.08,12.5,0
935,935,0.1508036942661168,0.03283617650223516,4.592608224524911,0.87,0.11,7.909090909090909,0
936,936,0.07428162463002537,0.014892328035288761,4.987912195729783,0.81,0.1,8.1,0
937,937,0.1059785829708577,0.05447521367521367,1.9454459344154562,0.81,0.14,5.785714285714286,0
938,938,0.03351114241758797,0.03435912698412698,0.9753199617984836,0.23,0.11,2.090909090909091,0
939,939,0.09850930601159189,0.032691945843026364,3.0132591826927078,0.88,0.15,5.866666666666667,0
940,940,0.08670175215528916,0.023615926188506834,3.6713255056447593,0.77,0.13,5.923076923076923,0
941,941,0.03398688498096205,0.008081078183176878,4.205736438946435,0.46,0.07,6.571428571428571,0
942,942,0.03811880416695688,0.06380844350471754,0.5973943583835993,0.44,0.14,3.142857142857143,0
943,943,0.07350979564230471,0.05891347935055029,1.2477585172809538,0.77,0.15,5.133333333333334,0
944,944,0.06231074589166786,0.010735215509128553,5.80433116025316,0.75,0.1,7.5,0
945,945,0.13960216550308419,0.0348734827264239,4.003103636027341,0.57,0.12,4.75,0
946,946,0.2192579365079364,0.017288669462582507,12.682175281473894,0.99,0.06,16.5,0
947,947,0.2563690476190476,0.03808333333333334,6.731791184745232,1.0,0.08,12.5,0
948,948,0.08928148806705902,0.032594957089693934,2.7391196687689017,0.84,0.14,5.999999999999999,0
949,949,0.05815724015693052,0.018086434074293174,3.2155172168288972,0.76,0.11,6.909090909090909,0
950,950,0.13365725414159946,0.0365385813017392,3.657976018221526,0.85,0.14,6.07142857142857,0
951,951,0.1307221095897566,0.03230956544686053,4.045925959751918,0.94,0.14,6.7142857142857135,0
952,952,0.28229761904761896,0.02109112619406737,13.38466312562414,1.0,0.08,12.5,0
953,953,0.2266904761904761,0.006362433862433862,35.62952182952182,1.0,0.04,25.0,0
954,954,0.03243424734220336,0.013801729508706253,2.3500132589718956,0.42,0.08,5.25,0
955,955,0.1587530108553095,0.05888889417761576,2.6958056026063577,0.85,0.18,4.722222222222222,0
956,956,0.11500173269491473,0.03188405797101449,3.6068725254314167,0.79,0.07,11.285714285714285,0
957,957,0.026722497338617587,0.03255961300188386,0.8207252751152617,0.39,0.11,3.5454545454545454,0
958,958,0.026413958219258394,0.04069104498835742,0.649134428147913,0.23,0.1,2.3,0
959,959,0.20902777777777767,0.03794820384294069,5.508239036632614,1.0,0.09,11.11111111111111,0
960,960,0.20388924963924956,0.022246027846027847,9.165197987273721,1.0,0.06,16.666666666666668,0
961,961,0.16300918710918705,0.04657836202562369,3.4996762449377767,0.96,0.11,8.727272727272727,0
962,962,0.10663507310829287,0.018327024646717534,5.81846072474136,0.86,0.12,7.166666666666667,0
963,963,0.03180230860460126,0.019877824858757064,1.5998887620036017,0.25,0.07,3.571428571428571,0
964,964,0.0639421015502958,0.047806903520061415,1.3375076995619157,0.77,0.14,5.5,0
965,965,0.06726552225515428,0.016979067229067227,3.9616735918213113,0.74,0.13,5.692307692307692,0
966,966,0.235345238095238,0.009705052878965923,24.249763605648084,1.0,0.06,16.666666666666668,0
967,967,0.24056349206349195,0.02903846153846154,8.284305686954688,1.0,0.08,12.5,0
968,968,0.13429169760856383,0.03716320807850043,3.613565796712096,0.92,0.13,7.076923076923077,0
969,969,0.035515997778175344,0.03679443118028724,0.965254704010839,0.49,0.1,4.8999999999999995,0
970,970,0.08996823389315643,0.03531778644472143,2.5473916388835014,0.8,0.16,5.0,0
971,971,0.03182367848380434,0.024387180054074715,1.3049347408449998,0.47,0.1,4.699999999999999,0
972,972,0.22319047619047608,0.014605157605157605,15.281620522305046,1.0,0.07,14.285714285714285,0
973,973,0.15530937692575614,0.019491881991881992,7.9679005336908775,0.99,0.08,12.375,0
974,974,0.0817034913851203,0.024939519262099905,3.2760652090549107,0.75,0.14,5.357142857142857,0
975,975,0.03006752846554331,0.037778867957439385,0.7958821979371257,0.38,0.13,2.923076923076923,0
976,976,0.1078333440229164,0.024436883748296796,4.4127289360466095,0.81,0.13,6.230769230769231,0
977,977,0.06394994204284991,0.047310693692272636,1.3517016355499984,0.74,0.14,5.285714285714286,0
978,978,0.24580952380952373,0.020110784313725486,12.222771622176875,1.0,0.07,14.285714285714285,0
979,979,0.13696716075769463,0.01555072463768116,8.807767094390428,0.8,0.04,20.0,0
980,980,0.2487063492063491,0.041201510907393255,6.036340506185682,1.0,0.1,10.0,0
981,981,0.02556488700943439,0.02339229972925625,1.0928761731562857,0.41,0.1,4.1,0
982,982,0.22943253968253946,0.014700026581605529,15.607627537873539,1.0,0.06,16.666666666666668,0
983,983,0.20977777777777765,0.027358395989974936,7.667765970440938,1.0,0.07,14.285714285714285,0
984,984,0.027730418142465695,0.03216808699066764,0.8620474742719589,0.44,0.1,4.3999999999999995,0
985,985,0.11463063715883351,0.03944096687992684,2.906385066771115,0.8,0.15,5.333333333333334,0
986,986,0.09975588425698534,0.06222441538970774,1.6031630611910177,0.78,0.16,4.875,0
987,987,0.18102279156956771,0.02500836683703268,7.2384891324253555,0.9,0.12,7.500000000000001,0
988,988,0.031860360340093194,0.025447354497354496,1.252010708751882,0.4,0.1,4.0,0
989,989,0.028048049818099302,0.021875065142336007,1.2821927448259973,0.41,0.08,5.125,0
990,990,0.08957258659812835,0.04288606188606188,2.088617668745186,0.73,0.16,4.5625,0
991,991,0.1669615610997189,0.039634457933370976,4.212535500810835,0.99,0.12,8.25,0
992,992,0.04141069131638929,0.045394636015325666,0.9122375450352469,0.25,0.11,2.272727272727273,0
993,993,0.22994841269841262,0.04561159561159561,5.041446360625761,1.0,0.1,10.0,0
994,994,0.08454158363790508,0.021561728579431172,3.9209093708077556,0.74,0.13,5.692307692307692,0
995,995,0.21671031746031738,0.041659895144415274,5.201893012670449,0.99,0.15,6.6000000000000005,0
996,996,0.22061389721389715,0.022022012578616353,10.017880810226945,0.94,0.1,9.399999999999999,0
997,997,0.209047619047619,0.020479608111187056,10.207598598208822,1.0,0.06,16.666666666666668,0
998,998,0.21967857142857128,0.060078067765567775,3.6565518765647536,1.0,0.11,9.090909090909092,0
999,999,0.25850432900432885,0.04672149122807017,5.5328783865746995,1.0,0.11,9.090909090909092,0
1000,1000,0.09337227033236628,0.03642573468889258,2.5633599742008384,0.76,0.14,5.428571428571428,0
1001,1001,0.08481528719354557,0.01816166000246771,4.670018444460546,0.81,0.12,6.750000000000001,0
1002,1002,0.2676785714285714,0.043493895909188264,6.154393986398978,0.79,0.1,7.9,0
1003,1003,0.2133174603174602,0.014588675213675214,14.622126902756701,1.0,0.08,12.5,0
1004,1004,0.24293253968253972,0.018585497835497834,13.07108057221608,1.0,0.06,16.666666666666668,0
1005,1005,0.07626188571995467,0.043388152388152385,1.757666125944068,0.79,0.14,5.642857142857142,0
1006,1006,0.2143571428571428,0.0028156565656565656,76.13042921204354,1.0,0.04,25.0,0
1007,1007,0.06996729651057641,0.03289400921658986,2.12705286393879,0.65,0.1,6.5,0
1008,1008,0.1682882513513317,0.03145198456741187,5.350640147703082,0.98,0.11,8.909090909090908,0
1009,1009,0.018613947005502292,0.04020753968253968,0.46294667996275063,0.38,0.11,3.4545454545454546,0
1010,1010,0.06600607904466665,0.04549642644936762,1.4507970009056417,0.76,0.14,5.428571428571428,0
1011,1011,0.06006444949681366,0.04183531746031746,1.4357354776568216,0.75,0.14,5.357142857142857,0
1012,1012,0.09928468610230375,0.034690803806902884,2.8619886311930243,0.85,0.14,6.07142857142857,0
1013,1013,0.07327114211155916,0.039114427687008325,1.8732510340652595,0.85,0.14,6.07142857142857,0
1014,1014,0.03648936969847901,0.012436234817813765,2.9341171369819534,0.42,0.09,4.666666666666667,0
1015,1015,0.03619035071132171,0.005160208830159569,7.013350021766968,0.41,0.07,5.857142857142856,0
1016,1016,0.1306861545266884,0.03106060606060606,4.2074566823226505,0.78,0.06,13.000000000000002,0
1017,1017,0.2124642857142855,0.027488927738927738,7.7290859698906935,1.0,0.07,14.285714285714285,0
1018,1018,0.05808329582915083,0.02688096880403193,2.1607590207254286,0.43,0.1,4.3,0
1019,1019,0.022191597695975562,0.029137329775487667,0.7616208440158667,0.39,0.1,3.9,0
1020,1020,0.05760097699927583,0.048201952325645704,1.1949926137873341,0.47,0.12,3.9166666666666665,0
1021,1021,0.025773114721326637,0.007708196091846265,3.3435987375294536,0.42,0.07,5.999999999999999,0
1022,1022,0.3676650340050462,0.02784037690941715,13.206180189345124,0.89,0.12,7.416666666666667,0
1023,1023,0.15995510045510042,0.019850965560522304,8.05779950438299,0.92,0.12,7.666666666666667,0
1024,1024,0.23847619047619048,0.03967857142857143,6.01020102010201,1.0,0.13,7.692307692307692,0
1025,1025,0.12054395374445155,0.05138029510773458,2.3461125221584287,0.84,0.19,4.421052631578947,0
1026,1026,0.2388214285714285,0.02257183557183557,10.580505418417205,1.0,0.08,12.5,0
1027,1027,0.3199523809523809,0.029394460823340136,10.884784819673525,0.84,0.11,7.636363636363636,0
1028,1028,0.25878968253968243,0.04839285714285715,5.347683476834765,1.0,0.1,10.0,0
1029,1029,0.19394841269841262,0.03619941375357335,5.357777725869038,0.99,0.09,11.0,0
1030,1030,0.13520123373902926,0.03751581863219794,3.6038460219815875,0.86,0.17,5.0588235294117645,0
1031,1031,0.2431164946164946,0.05595050024162414,4.345206808993445,0.98,0.18,5.444444444444445,0
1032,1032,0.026425699372667324,0.04766159259200865,0.5544443216338952,0.44,0.13,3.3846153846153846,0
1033,1033,0.10084911213022327,0.027037417152653415,3.72998321403367,0.82,0.14,5.857142857142856,0
1034,1034,0.25842131887720116,0.026469404267387354,9.76301983477577,0.99,0.1,9.899999999999999,0
1035,1035,0.06645939750524284,0.033145063273135905,2.005106973475239,0.77,0.14,5.5,0
1036,1036,0.020620493490129784,0.023459893701070173,0.8789678995514433,0.38,0.11,3.4545454545454546,0
1037,1037,0.05834086548685005,0.020304393010275364,2.873312462841205,0.8,0.11,7.272727272727273,0
1038,1038,0.20431827200577188,0.02530316091954023,8.074812180797071,0.98,0.08,12.25,0
1039,1039,0.17725396825396808,0.005856060606060606,30.26846547157023,1.0,0.05,20.0,0
1040,1040,0.2057420634920634,0.03539777327935223,5.812288300407704,1.0,0.08,12.5,0
1041,1041,0.054403095506846,0.04451952053267843,1.2220054226979553,0.75,0.15,5.0,0
1042,1042,0.0840145920573761,0.04099774707862944,2.0492489964447267,0.75,0.17,4.411764705882352,0
1043,1043,0.13804993761193107,0.04216627816627818,3.2739417282110126,0.85,0.12,7.083333333333333,0
1044,1044,0.02585016175419321,0.015157384830637109,1.7054499864609332,0.41,0.08,5.125,0
1045,1045,0.1335418436834645,0.01369319773363891,9.752422062481697,0.82,0.11,7.454545454545454,0
1046,1046,0.2951414418914418,0.050877825877825876,5.800983764521934,0.82,0.11,7.454545454545454,0
1047,1047,0.2473492063492062,0.02982155232155232,8.294310225106711,1.0,0.07,14.285714285714285,0
1048,1048,0.22830952380952368,0.03165608465608465,7.212184522814638,1.0,0.1,10.0,0
1049,1049,0.2277301587301586,0.021447963800904978,10.617798539950432,0.99,0.05,19.799999999999997,0
1050,1050,0.17593531876620108,0.016623577613997135,10.58348105633186,0.93,0.09,10.333333333333334,0
1051,1051,0.07270732831762185,0.019784374315914562,3.674987500571905,0.75,0.1,7.5,0
1052,1052,0.06223004274902691,0.04396159317405448,1.415554766239778,0.75,0.16,4.6875,0
1053,1053,0.15088367294264782,0.0341380188439012,4.419813394344159,0.89,0.12,7.416666666666667,0
1054,1054,0.22403571428571417,0.039675042348955386,5.646766859509423,1.0,0.11,9.090909090909092,0
1055,1055,0.18851039238539233,0.049994042495046805,3.7706571218774543,0.94,0.11,8.545454545454545,0
1056,1056,0.20150793650793639,0.01971969696969697,10.218612223990627,1.0,0.06,16.666666666666668,0
1057,1057,0.1884631215405086,0.06400757575757575,2.944387743324315,0.85,0.16,5.3125,0
1058,1058,0.15550882913382905,0.06291582325720257,2.4716966429589946,0.96,0.17,5.647058823529411,0
1059,1059,0.22978968253968243,0.032862554112554114,6.9924474449750225,1.0,0.07,14.285714285714285,0
1060,1060,0.029938848061396146,0.043066897183276484,0.6951707696514028,0.42,0.14,2.9999999999999996,0
1061,1061,0.10577826439126743,0.032680350301039954,3.2367543008834074,0.81,0.13,6.230769230769231,0
1062,1062,0.09090804707607453,0.011222093522452618,8.100809968673861,0.82,0.12,6.833333333333333,0
1063,1063,0.21587301587301574,0.0356486568986569,6.0555722053345855,1.0,0.1,10.0,0
1064,1064,0.07800543326782644,0.012120552193844749,6.435798635266832,0.86,0.12,7.166666666666667,0
1065,1065,0.30882007938609585,0.02901288749564612,10.64423799363092,0.88,0.13,6.769230769230769,0
1066,1066,0.04134635679519987,0.08135337415024545,0.5082316158004754,0.43,0.18,2.388888888888889,0
1067,1067,0.019248889936826122,0.016040063722619503,1.2000507148660247,0.39,0.09,4.333333333333334,0
1068,1068,0.21949675324675308,0.035596491228070175,6.166246887661373,1.0,0.1,10.0,0
1069,1069,0.20270634920634914,0.04080761698153003,4.9673655116420115,1.0,0.1,10.0,0
1070,1070,0.05758089188045216,0.030294899248498316,1.9006794314823932,0.76,0.14,5.428571428571428,0
1071,1071,0.2702963790022612,0.055270271114442784,4.890447858353811,0.87,0.16,5.4375,0
1072,1072,0.0658662805069531,0.035844736449273655,1.8375440031527361,0.77,0.16,4.8125,0
1073,1073,0.15460808064484524,0.03354259742989251,4.6093055544667365,0.96,0.15,6.4,0
1074,1074,0.20255158730158715,0.04227020202020202,4.791829175663332,1.0,0.1,10.0,0
1075,1075,0.21860317460317455,0.04972161172161172,4.396542409508373,1.0,0.1,10.0,0
1076,1076,0.21938095238095234,0.006689272030651341,32.795938238976206,1.0,0.06,16.666666666666668,0
1077,1077,0.13531616994116982,0.026451610606428092,5.115611746843355,0.95,0.13,7.3076923076923075,0
1078,1078,0.20151984126984118,0.05384649122807018,3.742487888696244,1.0,0.11,9.090909090909092,0
1079,1079,0.25700793650793635,0.04774621212121213,5.382792164862768,1.0,0.08,12.5,0
1080,1080,0.07372441830411966,0.04117938757527678,1.7903233303154371,0.8,0.16,5.0,0
1081,1081,0.03267371123899236,0.023570382647236866,1.3862189565608376,0.45,0.1,4.5,0
1082,1082,0.02296079722005676,0.024371113669096754,0.9421316371426918,0.39,0.1,3.9,0
1083,1083,0.23836904761904748,0.04696794871794872,5.075142818148138,1.0,0.1,10.0,0
1084,1084,0.2212539682539682,0.04120614035087719,5.369441698978686,1.0,0.12,8.333333333333334,0
1085,1085,0.05730692140676658,0.026912311049606133,2.1293942872886524,0.62,0.1,6.199999999999999,0
1086,1086,1.0,0.03480952380952381,28.727770177838575,1.0,0.08,12.5,1
1087,1087,0.18224229936729933,0.02685540034677966,6.786057813848705,0.92,0.1,9.2,0
1088,1088,0.15114012967166984,0.04106420407078302,3.680581009463795,0.95,0.14,6.785714285714285,0
1089,1089,0.07108079499539673,0.04265842816500712,1.6662778741037765,0.79,0.14,5.642857142857142,0
1090,1090,0.07899896950589101,0.04694798257298257,1.6826914635380523,0.76,0.15,5.066666666666667,0
1091,1091,0.2645515873015871,0.04695162277351891,5.634556841149191,0.99,0.13,7.615384615384615,0
1092,1092,0.22373015873015858,0.016662393162393162,13.427252409042604,1.0,0.07,14.285714285714285,0
1093,1093,0.09871050363801834,0.006774068322981367,14.571819906678236,0.83,0.1,8.299999999999999,0
1094,1094,0.10485714103801999,0.05434401481599099,1.9295067063607023,0.89,0.15,5.933333333333334,0
1095,1095,0.10840154793258165,0.02186775214033278,4.957141787456349,0.87,0.14,6.2142857142857135,0
1096,1096,0.5,0.07271166775103015,6.876475474500668,1.0,0.15,6.666666666666667,0
1097,1097,0.02310364949060601,0.014824298468786364,1.5584986729221908,0.21,0.09,2.3333333333333335,0
1098,1098,0.08675060228093939,0.026353931015221335,3.291751891997992,0.86,0.14,6.142857142857142,0
1099,1099,0.031775222240029474,0.012412009435365488,2.5600385179769893,0.42,0.1,4.199999999999999,0
1100,1100,0.03163448554837031,0.0112989552293713,2.799770855462583,0.4,0.09,4.444444444444445,0
1101,1101,0.21191666666666653,0.02406550116550116,8.805828110924919,1.0,0.08,12.5,0
1102,1102,0.03507825874353642,0.027759202756191613,1.2636623267472014,0.4,0.11,3.6363636363636367,0
1103,1103,0.07069405538475505,0.0401754668394268,1.759632455978791,0.68,0.15,4.533333333333334,0
1104,1104,0.018386418180587023,0.03031006634048241,0.6066109514260597,0.4,0.1,4.0,0
1105,1105,0.2724682539682538,0.02355710955710956,11.56628546926389,0.8,0.08,10.0,0
1106,1106,0.06701260996810665,0.041282988982648136,1.6232499540252054,0.77,0.14,5.5,0
1107,1107,0.2296150793650792,0.010316163990077034,22.257796559451997,1.0,0.07,14.285714285714285,0
1108,1108,0.041667394093355084,0.009687905465069278,4.300970343237873,0.45,0.09,5.0,0
1109,1109,0.05715354648338919,0.0342648689030268,1.6679925624446357,0.75,0.12,6.25,0
1110,1110,0.2234920634920633,0.02086788211788211,10.709858443207729,1.0,0.08,12.5,0
1111,1111,0.1413144292678148,0.030133616374995686,4.689594090176142,0.83,0.14,5.928571428571428,0
1112,1112,0.24223015873015857,0.042258974358974355,5.732040647094342,1.0,0.1,10.0,0
1113,1113,0.08091391818869453,0.030533147355416453,2.6500352959630527,0.81,0.13,6.230769230769231,0
1114,1114,0.09868089125008289,0.01621495674703522,6.085794294093688,0.83,0.14,5.928571428571428,0
1115,1115,0.025856885845524816,0.036582838013254085,0.7068037158887668,0.38,0.09,4.222222222222222,0
1116,1116,0.2257265512265511,0.024266233766233766,9.302084262480298,1.0,0.06,16.666666666666668,0
1117,1117,0.21890018315018306,0.026374269005847953,8.29976304183621,1.0,0.05,20.0,0
1118,1118,0.029446453546453553,0.05367936117936118,0.5485619221149604,0.23,0.12,1.9166666666666667,0
1119,1119,0.5,0.022711667751030146,22.015115995932145,1.0,0.1,10.0,0
1120,1120,0.020965787761624766,0.027219173261071154,0.7702580662730865,0.38,0.09,4.222222222222222,0
1121,1121,0.07122688413699486,0.09316395771984007,0.7645326141165693,0.78,0.19,4.105263157894737,0
1122,1122,0.06816051204034441,0.03958099162046531,1.722051652821707,0.8,0.16,5.0,0
1123,1123,0.20194047619047611,0.033614285714285715,6.007578977192234,1.0,0.08,12.5,0
1124,1124,0.20952777777777773,0.01883005287896592,11.127306923913654,1.0,0.06,16.666666666666668,0
1125,1125,0.2318733766233765,0.03528815789473685,6.57085522330311,1.0,0.09,11.11111111111111,0
1126,1126,1.0,0.02267063492063492,44.109924733064936,1.0,0.06,16.666666666666668,1
1127,1127,0.06782710495793,0.05567096560846561,1.2183568978299861,0.75,0.15,5.0,0
1128,1128,0.235958592132505,0.033793756967670015,6.982313104702833,1.0,0.09,11.11111111111111,0
1129,1129,0.025452625266196457,0.032725641025641024,0.7777578824584047,0.39,0.08,4.875,0
1130,1130,0.2305436507936507,0.02560833333333333,9.002680798971067,1.0,0.06,16.666666666666668,0
1131,1131,0.07581318795659908,0.02642218892218892,2.8693000485259725,0.75,0.12,6.25,0
1132,1132,0.21312301587301577,0.0565479797979798,3.7688882367576584,1.0,0.11,9.090909090909092,0
1133,1133,0.23659920634920628,0.04807692307692307,4.921263492063491,0.98,0.1,9.799999999999999,0
1134,1134,0.10549066214262258,0.021154405020504093,4.9866995569185155,0.77,0.16,4.8125,0
1135,1135,0.2813095238095237,0.03485360360360361,8.071174705746591,1.0,0.1,10.0,0
1136,1136,0.08389529284867839,0.01492165602758823,5.622384854172133,0.79,0.09,8.777777777777779,0
1137,1137,0.04318134381325106,0.02527802864440796,1.70825598865692,0.25,0.08,3.125,0
1138,1138,0.13992149761815934,0.046650793650793644,2.999337989092902,0.83,0.09,9.222222222222221,0
1139,1139,0.06496979441898719,0.06242766633315832,1.0407211775667262,0.75,0.15,5.0,0
1140,1140,0.16015207145795374,0.04643258168430741,3.4491313135853385,0.92,0.11,8.363636363636363,0
1141,1141,0.07175867567193664,0.02815687992787657,2.5485307980055114,0.76,0.14,5.428571428571428,0
1142,1142,0.07570698013638658,0.04265468833313859,1.7748806308255107,0.81,0.14,5.785714285714286,0
1143,1143,0.1241313444619015,0.007182273564466454,17.28301537775285,0.75,0.07,10.714285714285714,0
1144,1144,0.0872606274229726,0.027042002537692192,3.226855233866107,0.79,0.13,6.076923076923077,0
1145,1145,0.5,0.052711667751030145,9.485565935071909,1.0,0.13,7.692307692307692,0
1146,1146,0.22427380952380946,0.03348538011695906,6.697663539743524,1.0,0.08,12.5,0
1147,1147,0.1738459059710574,0.054932724209578426,3.164705709984514,0.88,0.14,6.285714285714286,0
1148,1148,0.030112812523090615,0.0017831244778613198,16.88766706809383,0.41,0.06,6.833333333333333,0
1149,1149,0.24890079365079365,0.061694117647058816,4.034433154141393,1.0,0.14,7.142857142857142,0
1150,1150,0.1838347763347762,0.029720476936856248,6.185458487942481,0.99,0.1,9.899999999999999,0
1151,1151,0.20896428571428569,0.04837279254577564,4.319872281852258,1.0,0.14,7.142857142857142,0
1152,1152,0.10697743155841806,0.05424000185638117,1.972297711966846,0.75,0.17,4.411764705882352,0
1153,1153,0.223642857142857,0.04117936117936118,5.430945277872482,1.0,0.1,10.0,0
1154,1154,0.12984032113960378,0.05519032421920353,2.3525921069770726,0.89,0.16,5.5625,0
1155,1155,0.11377932976356835,0.07229007048733214,1.573927497878241,0.84,0.22,3.818181818181818,0
1156,1156,0.23869047619047606,0.04807214524605828,4.965255346287,1.0,0.09,11.11111111111111,0
1157,1157,0.22463528138528122,0.03111688321419473,7.219080389221255,1.0,0.13,7.692307692307692,0
1158,1158,0.02847312250701967,0.04286448964978376,0.664258987792785,0.4,0.13,3.076923076923077,0
1159,1159,0.05366064701117353,0.030490310576049114,1.7599245792309275,0.75,0.13,5.769230769230769,0
1160,1160,0.20837698412698405,0.029996392496392493,6.946734816596511,1.0,0.09,11.11111111111111,0
1161,1161,0.16411976911976897,0.011625652125652126,14.117037680633583,0.99,0.08,12.375,0
1162,1162,0.16419005816389384,0.030655458611192142,5.355981140140208,0.96,0.12,8.0,0
1163,1163,0.23079761904761892,0.029114143788056834,7.927336648735534,1.0,0.08,12.5,0
1164,1164,0.28485317460317444,0.015536967418546366,18.333897917758858,1.0,0.07,14.285714285714285,0
1165,1165,0.12244505331270027,0.021751941824522465,5.6291550566147395,0.93,0.11,8.454545454545455,0
1166,1166,0.06745519280995271,0.004576659213807551,14.738959065696609,0.52,0.07,7.428571428571428,0
1167,1167,0.0685809142549381,0.025742077095018273,2.6641561984992346,0.75,0.11,6.818181818181818,0
1168,1168,0.11678521463293988,0.007703442948285256,15.160132348216536,0.81,0.1,8.1,0
1169,1169,0.05766879418066698,0.028517041554541555,2.0222572552054503,0.76,0.12,6.333333333333334,0
1170,1170,0.05506864276775072,0.012455602240896362,4.421194712443525,0.72,0.08,9.0,0
1171,1171,0.16146350768254789,0.033942820787141274,4.756926617711039,0.9,0.16,5.625,0
1172,1172,0.2491230158730158,0.03382539682539683,7.364969497888313,1.0,0.08,12.5,0
1173,1173,0.20390115440115422,0.040178571428571425,5.074873176206506,0.99,0.1,9.899999999999999,0
1174,1174,0.08277289504665322,0.027938074320860748,2.962727283778772,0.78,0.14,5.571428571428571,0
1175,1175,0.20915873015873016,0.028999999999999998,7.2123700054734545,1.0,0.08,12.5,0
1176,1176,0.3436240675990676,0.022017695057057453,15.606722988423073,0.75,0.11,6.818181818181818,0
1177,1177,0.1205969180630171,0.05070874861572535,2.3782270585478154,0.85,0.09,9.444444444444445,0
1178,1178,0.14193885689473917,0.032493781208135425,4.368185283995269,0.97,0.12,8.083333333333334,0
1179,1179,0.07596626383194285,0.029118115382991423,2.6089004330382086,0.8,0.15,5.333333333333334,0
1180,1180,0.22786111111111101,0.03121074646074646,7.300726094381958,1.0,0.09,11.11111111111111,0
1181,1181,0.23948015873015863,0.034566849816849814,6.928029600586358,1.0,0.09,11.11111111111111,0
1182,1182,0.23423412698412682,0.03528865578865578,6.6376607935127385,1.0,0.11,9.090909090909092,0
1183,1183,0.06543817016916875,0.025967007257448434,2.520050521047177,0.77,0.14,5.5,0
1184,1184,0.21747619047619035,0.007265640640640641,29.9321424266057,1.0,0.05,20.0,0
1185,1185,0.22096825396825384,0.04893452380952381,4.515590155293352,1.0,0.09,11.11111111111111,0
1186,1186,0.05084612605530389,0.013821393511291209,3.6787988138653174,0.26,0.07,3.714285714285714,0
1187,1187,0.09379429286967648,0.031961469534050185,2.9346051429128637,0.79,0.12,6.583333333333334,0
1188,1188,0.07111735040856032,0.04551778219649063,1.5624080738723556,0.75,0.15,5.0,0
1189,1189,0.06435748989367072,0.044368108899500325,1.4505348884589382,0.74,0.14,5.285714285714286,0
1190,1190,0.023765484851693587,0.037103437260414006,0.640519763300992,0.38,0.12,3.166666666666667,0
1191,1191,0.21067063492063481,0.02217503217503217,9.500353066357127,1.0,0.08,12.5,0
1192,1192,0.03820160762662202,0.0017747787699007212,21.524715234653705,0.44,0.06,7.333333333333334,0
1193,1193,0.17008567309883094,0.014951098468801063,11.376132225585575,0.94,0.12,7.833333333333333,0
1194,1194,0.25689238669826886,0.04190401025573598,6.130496463953697,0.82,0.12,6.833333333333333,0
1195,1195,0.24157142857142852,0.02191720779220779,11.021998370491074,1.0,0.1,10.0,0
1196,1196,0.22042857142857142,0.034660464535464536,6.359654274195582,0.99,0.09,11.0,0
1197,1197,0.1318607354547756,0.05322852552981016,2.477256962170184,0.84,0.16,5.25,0
1198,1198,0.2511190476190476,0.054090783090783086,4.642547829222268,1.0,0.11,9.090909090909092,0
1199,1199,1.0,0.02982737982737983,33.52624353152392,1.0,0.09,11.11111111111111,1
1200,1200,0.19522050564674398,0.03999395074044443,4.881250840000775,0.88,0.15,5.866666666666667,0
1201,1201,0.24290079365079356,0.010483945483945484,23.16883410189017,1.0,0.07,14.285714285714285,0
1202,1202,0.17124143762602842,0.054759469696969695,3.1271566100557884,0.9,0.14,6.428571428571428,0
1203,1203,0.12929183050351775,0.03660150292647538,3.53241862125819,0.86,0.13,6.615384615384615,0
1204,1204,0.026184071627469337,0.01329414241672306,1.9695946385027203,0.41,0.08,5.125,0
1205,1205,0.19670634920634908,0.03226748689906584,6.09611618722138,1.0,0.1,10.0,0
1206,1206,0.5,0.022711667751030146,22.015115995932145,1.0,0.1,10.0,0
1207,1207,0.2401868686868686,0.03468589743589743,6.924626042349197,0.99,0.12,8.25,0
1208,1208,0.29666666666666663,0.05692816091954023,5.21124627732068,0.81,0.13,6.230769230769231,0
1209,1209,0.23052813852813847,0.01744093567251462,13.217647427679612,1.0,0.06,16.666666666666668,0
1210,1210,0.09084185399367282,0.027558704509471774,3.296303495051844,0.84,0.13,6.461538461538461,0
1211,1211,0.23217063492063483,0.025106167706167703,9.247553734120826,1.0,0.08,12.5,0
1212,1212,0.08734295648140712,0.05646930971324299,1.5467332064964796,0.84,0.19,4.421052631578947,0
1213,1213,0.06442788655643977,0.03229652923852775,1.9948857687030133,0.81,0.14,5.785714285714286,0
1214,1214,0.20567460317460307,0.04223351648351649,4.869937914236356,1.0,0.09,11.11111111111111,0
1215,1215,0.04361446731234426,0.04122803926659496,1.057883617271193,0.49,0.11,4.454545454545454,0
1216,1216,0.04068722943722944,0.0200131817208279,2.033021535745407,0.27,0.08,3.375,0
1217,1217,0.10735097108445826,0.020749270626124847,5.1737226343414475,0.85,0.11,7.727272727272727,0
1218,1218,0.11232420462812519,0.01678472222222222,6.692050255047591,0.78,0.06,13.000000000000002,0
1219,1219,0.22951190476190464,0.04614765300059418,4.973425295517186,1.0,0.13,7.692307692307692,0
1220,1220,0.24465873015873002,0.04393589743589743,5.56853835785846,1.0,0.1,10.0,0
1221,1221,0.030020477519328206,0.013305696113570877,2.2562124719434578,0.52,0.09,5.777777777777779,0
1222,1222,0.2156547619047618,0.01258578431372549,17.134789261371534,0.99,0.05,19.799999999999997,0
1223,1223,0.09168898622491753,0.022379024681123377,4.097094825685448,0.84,0.13,6.461538461538461,0
1224,1224,0.39696720354808585,0.040267975734355047,9.858136554140444,0.94,0.14,6.7142857142857135,0
1225,1225,0.057336286103194495,0.03723187913961571,1.5399783042964157,0.75,0.14,5.357142857142857,0
1226,1226,0.06473717999499802,0.044548148148148156,1.4531957597812988,0.79,0.15,5.2666666666666675,0
1227,1227,0.02021700583990804,0.008570588559310364,2.358881855079368,0.4,0.08,5.0,0
1228,1228,0.06936748622081867,0.03542397665671323,1.9582072022304358,0.76,0.14,5.428571428571428,0
1229,1229,0.034771049168350034,0.019778869759285826,1.7579896926125238,0.42,0.09,4.666666666666667,0
1230,1230,0.23482972582972572,0.028186936936936937,8.331154476100536,1.0,0.08,12.5,0
1231,1231,0.024079868846582454,0.021832360909288397,1.1029438798044913,0.41,0.08,5.125,0
1232,1232,0.029044611053438873,0.03266098484848484,0.8892754210620892,0.26,0.1,2.6,0
1233,1233,0.3382635877835222,0.041610308584446504,8.129321778448949,0.84,0.14,5.999999999999999,0
1234,1234,0.09576535483157927,0.036198152934022496,2.6455867791411483,0.86,0.14,6.142857142857142,0
1235,1235,0.033222251433382234,0.03431198522769541,0.9682404329833536,0.44,0.1,4.3999999999999995,0
1236,1236,0.056261324993645626,0.012186534360447403,4.616679634223762,0.75,0.1,7.5,0
1237,1237,0.10193470021011523,0.026516902226820148,3.8441405914682907,0.82,0.15,5.466666666666667,0
1238,1238,0.20496428571428563,0.035611111111111114,5.755627367951858,1.0,0.1,10.0,0
1239,1239,0.26027380952380946,0.0450573073073073,5.7765060781073085,1.0,0.11,9.090909090909092,0
1240,1240,0.21495358011012025,0.023646987901525106,9.09010403376816,0.92,0.12,7.666666666666667,0
1241,1241,0.06423511022352572,0.034296400157813205,1.8729403065030443,0.71,0.13,5.461538461538461,0
1242,1242,0.24822619047619035,0.021757466063348416,11.40878215107688,1.0,0.05,20.0,0
1243,1243,0.24732539682539664,0.014935897435897436,16.55912528101368,1.0,0.06,16.666666666666668,0
1244,1244,0.0827358381387093,0.04066626453775823,2.034507941143448,0.76,0.14,5.428571428571428,0
1245,1245,0.046936561539492265,0.02674664534912982,1.7548578869169962,0.49,0.12,4.083333333333333,0
1246,1246,0.050442926947546256,0.03694601340255365,1.365314476502077,0.73,0.15,4.866666666666667,0
1247,1247,0.08430304096569234,0.027400762000762004,3.07666775702617,0.82,0.15,5.466666666666667,0
1248,1248,0.12481052177035233,0.02901156596122512,4.302095306994651,0.85,0.11,7.727272727272727,0
1249,1249,0.07698728632160036,0.027509245140824087,2.798596832718983,0.76,0.14,5.428571428571428,0
1250,1250,0.23405158730158718,0.03978712464006581,5.882596177002854,1.0,0.09,11.11111111111111,0
1251,1251,0.10223430426642494,0.048946248196248196,2.088705631870296,0.79,0.15,5.2666666666666675,0
1252,1252,0.262368561899244,0.041808702791461407,6.275453299948535,0.91,0.15,6.066666666666667,0
1253,1253,0.27816994933171385,0.062726932040892,4.434617480580327,0.87,0.15,5.8,0
1254,1254,0.17135372965322315,0.05494833287721218,3.118451837949862,0.9,0.19,4.7368421052631575,0
1255,1255,0.22886507936507922,0.019253736459618812,11.886787785066126,1.0,0.06,16.666666666666668,0
1256,1256,0.21866305916305914,0.05632221832221832,3.8823587862269915,1.0,0.13,7.692307692307692,0
1257,1257,0.026191881384068506,0.03959893565553943,0.6614289235424076,0.4,0.11,3.6363636363636367,0
1258,1258,0.06782596235078685,0.01033559429700734,6.562366942985153,0.75,0.11,6.818181818181818,0
1259,1259,0.06439262203210076,0.018614787545279537,3.4592187461430295,0.74,0.11,6.7272727272727275,0
1260,1260,0.06463287928141147,0.03625225651541441,1.7828649991464576,0.75,0.14,5.357142857142857,0
1261,1261,0.03042893722624622,0.03680357536733516,0.8267929656979273,0.42,0.1,4.199999999999999,0
1262,1262,0.3998253968253968,0.05588364688751233,7.154604595333615,1.0,0.15,6.666666666666667,0
1263,1263,0.15106987345607306,0.048709126685800117,3.1014695547829145,0.83,0.14,5.928571428571428,0
1264,1264,0.14352567706097852,0.02775274725274725,5.17158448329006,0.85,0.11,7.727272727272727,0
1265,1265,0.20209163059163038,0.022963915470494416,8.800399515983731,1.0,0.07,14.285714285714285,0
1266,1266,0.22447601010101,0.011926485454948453,18.821639530686053,0.94,0.09,10.444444444444445,0
1267,1267,0.22602281746031738,0.06224320474320475,3.6312850277040543,1.0,0.12,8.333333333333334,0
1268,1268,0.1136334185129817,0.035469268015761696,3.2037147894477473,0.84,0.14,5.999999999999999,0
1269,1269,0.21164682539682528,0.011883449883449883,17.81021735881484,1.0,0.06,16.666666666666668,0
1270,1270,0.3849650072150073,0.024121742125607564,15.959253905062258,0.98,0.09,10.88888888888889,0
1271,1271,0.22036904761904746,0.029488524238524244,7.47304428789129,1.0,0.11,9.090909090909092,0
1272,1272,0.23273015873015854,0.06488736263736264,3.5866792742189637,1.0,0.13,7.692307692307692,0
1273,1273,0.032584834013184995,0.06328573360378635,0.5148843531970286,0.45,0.13,3.4615384615384617,0
1274,1274,0.10403337142733422,0.029552540988749113,3.520285158116879,0.79,0.13,6.076923076923077,0
1275,1275,0.05127074771851988,0.019767118314698958,2.5937391025982084,0.74,0.13,5.692307692307692,0
1276,1276,0.39548412698412705,0.017576126005688038,22.50121140780052,1.0,0.1,10.0,0
1277,1277,0.02279894410661358,0.02324003447532859,0.9810202360421081,0.4,0.08,5.0,0
1278,1278,0.2532976190476188,0.035222018722018716,7.191456601244499,1.0,0.08,12.5,0
1279,1279,0.029213888764222627,0.013522012578616351,2.160468983028557,0.38,0.1,3.8,0
1280,1280,0.20199639249639234,0.042258974358974355,4.7799643876944975,1.0,0.08,12.5,0
1281,1281,0.044321670097584136,0.04558437925793943,0.9722995205614132,0.43,0.12,3.5833333333333335,0
1282,1282,0.03735868350254727,0.04484988043077021,0.8329717525159008,0.4,0.12,3.3333333333333335,0
1283,1283,0.1864217171717171,0.045468083290663944,4.100056648088253,0.99,0.12,8.25,0
1284,1284,0.03351359240622045,0.012243498168498169,2.737256292686761,0.41,0.09,4.555555555555555,0
1285,1285,0.19442460317460308,0.05154346092503987,3.772051773111561,1.0,0.11,9.090909090909092,0
1286,1286,0.04105198990641177,0.03578787041132243,1.1470922811161153,0.4,0.13,3.076923076923077,0
1287,1287,0.27724999999999994,0.03727283437283437,7.438393260536917,1.0,0.08,12.5,0
1288,1288,0.21991269841269834,0.023611111111111107,9.313949579831931,1.0,0.06,16.666666666666668,0
1289,1289,0.23156349206349192,0.019541666666666666,11.849730937150973,1.0,0.06,16.666666666666668,0
1290,1290,0.25165435139573067,0.057177206851119905,4.401305437164803,1.0,0.1,10.0,0
1291,1291,0.23866666666666653,0.012947940503432493,18.432789879085103,1.0,0.07,14.285714285714285,0
1292,1292,0.023497708182039286,0.02012449582504653,1.167617235548059,0.41,0.1,4.1,0
1293,1293,0.2491746031746031,0.03121256038647343,7.98315165719592,1.0,0.08,12.5,0
1294,1294,0.11319553222312428,0.026041714033093345,4.346700531281368,0.86,0.14,6.142857142857142,0
1295,1295,0.15284982121890878,0.033193821431694435,4.604767231559644,0.9,0.14,6.428571428571428,0
1296,1296,0.06001657994998752,0.02378807467743707,2.522969208891592,0.77,0.12,6.416666666666667,0
1297,1297,0.17109718827211073,0.044249440277903285,3.86665203441118,0.89,0.18,4.944444444444445,0
1298,1298,0.0389829465983352,0.029595018041826113,1.3172131384830141,0.41,0.11,3.727272727272727,0
1299,1299,0.05299683883697114,0.02540110464248395,2.08639898078813,0.74,0.13,5.692307692307692,0
1300,1300,0.08788561360411798,0.008520865592698192,10.314164992747925,0.82,0.12,6.833333333333333,0
1301,1301,0.17851659451659443,0.010001725512841664,17.8485796563192,0.95,0.08,11.875,0
1302,1302,0.24836904761904754,0.06433333333333333,3.8606587712805323,1.0,0.12,8.333333333333334,0
1303,1303,0.059958731064522555,0.016991588850576347,3.5287301023935016,0.49,0.09,5.444444444444445,0
1304,1304,0.0699088598917774,0.022017987759367072,3.1750794239603577,0.78,0.12,6.500000000000001,0
1305,1305,0.2296944444444443,0.01556923076923077,14.75310166886253,1.0,0.06,16.666666666666668,0
1306,1306,0.059917113524727256,0.04075109546250851,1.470319088227989,0.75,0.15,5.0,0
1307,1307,0.0725051810504596,0.054700172584020115,1.3255018700186143,0.78,0.14,5.571428571428571,0
1308,1308,0.09078169180294822,0.01941152311740547,4.676690811631788,0.8,0.1,8.0,0
1309,1309,0.034158702430193484,0.022133182025452888,1.543325419314376,0.44,0.08,5.5,0
1310,1310,0.0742944207318661,0.04503408978408978,1.6497373675822307,0.74,0.13,5.692307692307692,0
1311,1311,0.06724597136895896,0.04067979242979243,1.6530559118514678,0.78,0.14,5.571428571428571,0
1312,1312,0.24823051948051936,0.04242639277933396,5.850851397421496,1.0,0.11,9.090909090909092,0
1313,1313,0.08253374467325914,0.03144164260693496,2.6249819611859273,0.81,0.14,5.785714285714286,0
1314,1314,0.030795389795389802,0.028910115047559852,1.065211596174159,0.25,0.11,2.272727272727273,0
1315,1315,0.02353533076611874,0.016988404030301923,1.3853762086267303,0.38,0.08,4.75,0
1316,1316,0.039579465466832005,0.06241117216117216,0.6341727626044422,0.47,0.13,3.615384615384615,0
1317,1317,0.1413588527146576,0.030974573530600694,4.563706182266078,0.94,0.11,8.545454545454545,0
1318,1318,0.10004061271434153,0.027075510373573503,3.694874494849195,0.81,0.15,5.4,0
1319,1319,0.02622736136488109,0.028064143116411717,0.9345505849256986,0.21,0.09,2.3333333333333335,0
1320,1320,0.07807159384527465,0.03482651950539881,2.241728285055071,0.81,0.14,5.785714285714286,0
1321,1321,0.16192857142857126,0.05688023662161593,2.8468336463817434,1.0,0.13,7.692307692307692,0
1322,1322,0.021278085337204534,0.037081299684674,0.573822533679933,0.39,0.11,3.5454545454545454,0
1323,1323,0.22208730158730142,0.026915291915291916,8.251342853209872,1.0,0.07,14.285714285714285,0
1324,1324,0.051335841481190025,0.03168793790725839,1.620043615063734,0.45,0.11,4.090909090909091,0
1325,1325,0.09669658938649807,0.042800952917051986,2.2592158070381174,0.8,0.18,4.444444444444445,0
1326,1326,0.36376829134917377,0.04097923618835744,8.876892914185733,0.96,0.13,7.384615384615384,0
1327,1327,0.19835588023088013,0.005412037037037036,36.65087265172807,1.0,0.06,16.666666666666668,0
1328,1328,0.08707667023379095,0.045093795093795096,1.9310122391045481,0.79,0.13,6.076923076923077,0
1329,1329,0.227313492063492,0.02506223358908781,9.069961432426563,1.0,0.06,16.666666666666668,0
1330,1330,0.22665476190476178,0.05284602784602784,4.2889649637460545,1.0,0.1,10.0,0
1331,1331,0.22647655122655114,0.02867224880382775,7.898806709445005,1.0,0.07,14.285714285714285,0
1332,1332,0.08964301550716149,0.0242079831568575,3.703035272550903,0.8,0.14,5.714285714285714,0
1333,1333,0.03892910276074014,0.019553414786967416,1.990910702036907,0.24,0.08,3.0,0
1334,1334,0.2066243894993895,0.05246312021312022,3.9384693220689515,0.99,0.12,8.25,0
1335,1335,0.23738095238095236,0.01669925952184017,14.215058582118152,1.0,0.07,14.285714285714285,0
1336,1336,0.2161825396825396,0.03868803418803419,5.587839863660031,1.0,0.1,10.0,0
1337,1337,0.1633935786435785,0.030703283275863916,5.321697265257082,0.98,0.1,9.799999999999999,0
1338,1338,0.05386634090555567,0.02570959551508751,2.0951843008943705,0.74,0.1,7.3999999999999995,0
1339,1339,0.24753686635944688,0.02967982456140351,8.340240214268345,1.0,0.07,14.285714285714285,0
1340,1340,0.2452341269841269,0.04681277630415562,5.238615317125663,1.0,0.11,9.090909090909092,0
1341,1341,0.23993650793650775,0.03264596394984326,7.34965303230569,1.0,0.08,12.5,0
1342,1342,0.12061521988932973,0.02142394135948953,5.62992671915172,0.93,0.13,7.153846153846154,0
1343,1343,0.09801867024873982,0.05077891588143152,1.9303025389043922,0.86,0.16,5.375,0
1344,1344,0.25563095238095235,0.02455858651152768,10.40902546492081,1.0,0.09,11.11111111111111,0
1345,1345,0.021882975737123344,0.04320092373743768,0.5065395330461343,0.37,0.11,3.3636363636363638,0
1346,1346,0.23931349206349195,0.025917989417989416,9.23348984382974,1.0,0.08,12.5,0
1347,1347,0.033931602720367826,0.04321436525574456,0.7851926672892005,0.41,0.11,3.727272727272727,0
1348,1348,0.06331114241682133,0.03595949414695544,1.76062383297407,0.75,0.13,5.769230769230769,0
1349,1349,0.08491032497022888,0.013768343215923861,6.167069170096321,0.82,0.12,6.833333333333333,0
1350,1350,0.03508605910836075,0.01683771904075422,2.083777441792325,0.48,0.08,6.0,0
1351,1351,0.25070238095238095,0.02204887218045113,11.370304063654446,1.0,0.07,14.285714285714285,0
1352,1352,1.0,0.025852564102564105,38.68088271757996,1.0,0.1,10.0,1
1353,1353,0.26192956257353284,0.030153877201860288,8.686430631128708,0.93,0.11,8.454545454545455,0
1354,1354,0.17026121242691442,0.02291193342722578,7.431115011210555,0.86,0.13,6.615384615384615,0
1355,1355,0.04673824573210182,0.007770016818929863,6.015205220435921,0.74,0.09,8.222222222222223,0
1356,1356,0.1083995283673609,0.014683105023919198,7.382602534734647,0.89,0.12,7.416666666666667,0
1357,1357,0.07959917804311145,0.020050255787524313,3.969983170620682,0.82,0.12,6.833333333333333,0
1358,1358,0.0804575899761766,0.034020339881323865,2.3649848960017406,0.82,0.15,5.466666666666667,0
1359,1359,0.1910674603174602,0.04239926739926739,4.506385889128868,1.0,0.08,12.5,0
1360,1360,0.09294220382300873,0.049819911297852466,1.865563414341428,0.83,0.14,5.928571428571428,0
1361,1361,0.22599999999999998,0.05085025489916794,4.444422165594651,1.0,0.11,9.090909090909092,0
1362,1362,0.20431486040507532,0.04996013469289331,4.0895578376841035,0.84,0.16,5.25,0
1363,1363,0.03205574732648119,0.038545821961904536,0.8316270271305256,0.24,0.09,2.6666666666666665,0
1364,1364,0.12055395537779093,0.041770036752013524,2.886134769129204,0.86,0.16,5.375,0
1365,1365,0.2559563492063491,0.03626111111111111,7.058701219111818,1.0,0.08,12.5,0
1366,1366,0.06511690153857405,0.04284664416633726,1.5197666656408428,0.76,0.14,5.428571428571428,0
1367,1367,0.22112698412698403,0.06212149122807018,3.559589117317675,1.0,0.11,9.090909090909092,0
1368,1368,0.1489209715150117,0.04477895009031536,3.3256914513326175,0.83,0.16,5.1875,0
1369,1369,0.2075088702147525,0.033079794079794084,6.272979502659716,1.0,0.1,10.0,0
1370,1370,0.2329801587301586,0.013126980226980228,17.748191488192262,1.0,0.07,14.285714285714285,0
1371,1371,0.04562947810927351,0.0338093671679198,1.3496105349339185,0.35,0.1,3.4999999999999996,0
1372,1372,0.10554067215566089,0.019456282117590117,5.424503587982168,0.89,0.14,6.357142857142857,0
1373,1373,0.03724230569506941,0.019905335408332125,1.8709710201356489,0.48,0.13,3.692307692307692,0
1374,1374,0.07302004042662867,0.023653705203635238,3.0870444946361526,0.83,0.13,6.384615384615384,0
1375,1375,0.28990873015873,0.05149249249249249,5.630116471852632,1.0,0.1,10.0,0
1376,1376,0.20424206349206345,0.032690004887585535,6.24784438529182,1.0,0.08,12.5,0
1377,1377,1.0,0.04468238866396761,22.380182212738585,1.0,0.09,11.11111111111111,1
1378,1378,0.03353250886063992,0.0373715047946985,0.8972747831496692,0.22,0.11,2.0,0
1379,1379,0.025872617408218713,0.03850162064258488,0.6719877495131256,0.42,0.11,3.818181818181818,0
1380,1380,0.20720670995670987,0.013884555984555983,14.923538800029993,1.0,0.07,14.285714285714285,0
1381,1381,0.03357211182085438,0.052372901078329835,0.6410206639239506,0.4,0.14,2.857142857142857,0
1382,1382,0.04734036509801429,0.04798246214948024,0.9866180887202992,0.45,0.14,3.214285714285714,0
1383,1383,0.24683802308802288,0.0462619244756153,5.335662661810177,1.0,0.14,7.142857142857142,0
1384,1384,0.15142436349340363,0.05554725016362947,2.7260460787409304,0.92,0.17,5.411764705882352,0
1385,1385,0.10937045487151174,0.03302619004389264,3.3116279754387543,0.86,0.13,6.615384615384615,0
1386,1386,0.5,0.022711667751030142,22.01511599593215,1.0,0.1,10.0,0
1387,1387,0.16626291309833255,0.07711856723948374,2.155938823163302,0.91,0.2,4.55,0
1388,1388,0.19763492063492055,0.03552777777777778,5.562828102312071,1.0,0.08,12.5,0
1389,1389,0.25496031746031744,0.04322539682539683,5.898391598119859,1.0,0.09,11.11111111111111,0
1390,1390,1.0,0.031543040293040295,31.702714472347218,1.0,0.09,11.11111111111111,1
1391,1391,0.20653571428571418,0.020251751751751753,10.198412306127992,1.0,0.07,14.285714285714285,0
1392,1392,0.022831667837719057,0.027069216567674356,0.843455065669846,0.4,0.09,4.444444444444445,0
1393,1393,0.1924716117216116,0.009083333333333334,21.18953523540678,0.99,0.07,14.14285714285714,0
1394,1394,0.3635145220276799,0.01757595346531586,20.682492289538338,0.94,0.11,8.545454545454545,0
1395,1395,0.3903816738816739,0.027718022815334326,14.084037540574672,1.0,0.11,9.090909090909092,0
1396,1396,0.03982179109823069,0.01996402724259867,1.9946772569644713,0.43,0.11,3.909090909090909,0
1397,1397,0.1261329174125894,0.014979223153136196,8.42052462421464,0.84,0.11,7.636363636363636,0
1398,1398,0.21957142857142847,0.017985435617014562,12.208290821919807,1.0,0.07,14.285714285714285,0
1399,1399,0.22461940836940822,0.022713675213675212,9.88917056602851,1.0,0.06,16.666666666666668,0
1400,1400,0.09566791960554306,0.019641089151007072,4.8708052221553,0.83,0.13,6.384615384615384,0
1401,1401,0.2567857142857142,0.04798941798941799,5.350882028665929,0.99,0.1,9.899999999999999,0
1402,1402,0.21681349206349196,0.019314814814814816,11.225243117381174,1.0,0.08,12.5,0
1403,1403,0.12762888815977042,0.015055555555555555,8.477195523527186,0.78,0.05,15.6,0
1404,1404,0.03053456212314317,0.06957868329065084,0.4388493814347022,0.41,0.13,3.1538461538461537,0
1405,1405,0.14469949661809042,0.020075584007187782,7.2077353548610485,0.84,0.11,7.636363636363636,0
1406,1406,0.04315464516972239,0.036707945533516174,1.175621368684882,0.48,0.1,4.8,0
1407,1407,0.2087579365079363,0.05753176452314383,3.628568291590593,1.0,0.1,10.0,0
1408,1408,0.10484832233266765,0.04355820924861173,2.4070852347082963,0.86,0.14,6.142857142857142,0
1409,1409,0.21811111111111106,0.006679824561403509,32.65222149266797,1.0,0.05,20.0,0
1410,1410,0.08124171945185871,0.035031217750258,2.3191234752682948,0.79,0.15,5.2666666666666675,0
1411,1411,0.23054040404040388,0.062069403714565,3.7142358431631917,0.99,0.14,7.07142857142857,0
1412,1412,0.06859996417956887,0.02103280183868419,3.261570413001166,0.76,0.16,4.75,0
1413,1413,0.02246030923840923,0.039150821400821406,0.5736867946770078,0.39,0.11,3.5454545454545454,0
1414,1414,0.06556730014489853,0.03032285700935827,2.162306148284876,0.45,0.1,4.5,0
1415,1415,0.06695075031496335,0.03761494012809802,1.7798978301430752,0.76,0.13,5.846153846153846,0
1416,1416,0.22338492063492063,0.01817027027027027,12.293978972916946,1.0,0.07,14.285714285714285,0
1417,1417,0.2505955768156646,0.03733397839058216,6.712265545181748,0.67,0.1,6.7,0
1418,1418,0.08945964647681169,0.008474478737636633,10.556359776974347,0.81,0.09,9.000000000000002,0
1419,1419,0.16140835042150825,0.03289534926144833,4.906722501672009,0.95,0.11,8.636363636363637,0
1420,1420,0.20283730158730148,0.029048984835275155,6.982595183188273,0.99,0.11,9.0,0
1421,1421,0.08888265733604289,0.04051717752964998,2.1937030848459185,0.81,0.18,4.500000000000001,0
1422,1422,0.14963677308530243,0.02572060921198852,5.817777170517248,0.9,0.12,7.500000000000001,0
1423,1423,0.02312059394039828,0.012213634948929065,1.8930149817868573,0.4,0.07,5.714285714285714,0
1424,1424,0.05308224680001046,0.03360910505199378,1.5794007819574918,0.36,0.1,3.5999999999999996,0
1425,1425,0.09032548775099268,0.020370374943959893,4.434159312211162,0.86,0.13,6.615384615384615,0
1426,1426,0.035333523427946434,0.03505608465608465,1.007914140286446,0.39,0.1,3.9,0
1427,1427,0.090795278117732,0.009318084109705003,9.743985678683302,0.82,0.11,7.454545454545454,0
1428,1428,0.05644590961816264,0.029073344167664654,1.9415004098820434,0.76,0.13,5.846153846153846,0
1429,1429,0.06011169286286993,0.02070353004338884,2.9034513793972594,0.68,0.11,6.1818181818181825,0
1430,1430,0.3749075218577507,0.04135046916049835,9.06658447822149,0.98,0.17,5.76470588235294,0
1431,1431,1.0,0.035767486899065844,27.958352310911657,1.0,0.1,10.0,1
1432,1432,0.01820943380006072,0.025683840190816935,0.7089840796693389,0.4,0.1,4.0,0
1433,1433,0.09429792163460889,0.042416510025062665,2.2231419223055133,0.78,0.15,5.2,0
1434,1434,0.20110069097569094,0.011147536350872183,18.039922422855057,0.95,0.1,9.499999999999998,0
1435,1435,0.1753256825690649,0.036431017959480956,4.8125386659265015,0.94,0.13,7.23076923076923,0
1436,1436,0.1190855914381456,0.04706279776868012,2.530355123030871,0.81,0.14,5.785714285714286,0
1437,1437,0.19824999999999995,0.018405594405594406,10.771181610942246,1.0,0.07,14.285714285714285,0
1438,1438,0.032799547287892125,0.03172826656411139,1.0337642373754037,0.4,0.1,4.0,0
1439,1439,0.3822539682539683,0.05066817859867059,7.544261089029905,1.0,0.13,7.692307692307692,0
1440,1440,0.17676526251526245,0.07628072502210434,2.317299192738927,0.99,0.15,6.6000000000000005,0
1441,1441,0.18482485569985563,0.05755483979621911,3.2112826020236294,0.94,0.13,7.23076923076923,0
1442,1442,0.2504563492063491,0.05123891547049442,4.888010351245095,0.97,0.13,7.461538461538461,0
1443,1443,0.12543253704736837,0.05872686455775435,2.135862998849751,0.9,0.13,6.923076923076923,0
1444,1444,0.08437146519631035,0.019392040829540828,4.350829597459554,0.79,0.11,7.1818181818181825,0
1445,1445,0.15271685259185255,0.029150813998605578,5.2388537966438165,0.89,0.13,6.846153846153846,0
1446,1446,0.0705708036742306,0.029035977048477046,2.4304607885730536,0.82,0.15,5.466666666666667,0
1447,1447,0.19823809523809516,0.03895494505494505,5.088907068370521,1.0,0.09,11.11111111111111,0
1448,1448,0.02127331899717947,0.049440195966117,0.43028387289886105,0.42,0.13,3.2307692307692304,0
1449,1449,0.24222258297258295,0.041893115942028984,5.781918521118521,1.0,0.09,11.11111111111111,0
1450,1450,0.12605876131329846,0.06199106734454242,2.033498804153054,0.84,0.18,4.666666666666667,0
1451,1451,0.03818189965631054,0.012397595932569137,3.0797825533258973,0.49,0.08,6.125,0
1452,1452,0.022521837813780324,0.004225365903937332,5.330150885345515,0.21,0.06,3.5,0
1453,1453,0.11152816171616475,0.02454647915101636,4.543550259489939,0.89,0.14,6.357142857142857,0
1454,1454,0.03950822734413865,0.0174852536090837,2.2595169751277657,0.44,0.09,4.888888888888889,0
1455,1455,0.3130588067497464,0.049482053741971656,6.32671409279449,0.97,0.17,5.705882352941176,0
1456,1456,0.2137936507936507,0.0276978021978022,7.718794771760449,1.0,0.08,12.5,0
1457,1457,0.24538095238095228,0.04817307692307692,5.093736336850108,1.0,0.1,10.0,0
1458,1458,0.1943888888888888,0.0325562678062678,5.970859130586972,0.98,0.09,10.88888888888889,0
1459,1459,0.020194775330835895,0.028914844136198416,0.6984224170710335,0.4,0.1,4.0,0
1460,1460,0.19821825396825385,0.019276175213675212,10.283069736138874,1.0,0.07,14.285714285714285,0
1461,1461,0.13566849411575566,0.05071054883830249,2.675350537978857,0.94,0.15,6.266666666666667,0
1462,1462,0.035654115413374134,0.03270842014822295,1.0900592340382793,0.43,0.1,4.3,0
1463,1463,0.40090873015873024,0.04359879584017515,9.195408323394641,1.0,0.1,10.0,0
1464,1464,0.101368207999983,0.01531393960906156,6.61934228472479,0.83,0.12,6.916666666666667,0
1465,1465,0.08564672582208006,0.01767628205128205,4.8452907446036235,0.68,0.05,13.6,0
1466,1466,0.5,0.03271166775103015,15.285065983352503,1.0,0.11,9.090909090909092,0
1467,1467,0.24080555555555538,0.06274603174603174,3.8377814318239287,1.0,0.13,7.692307692307692,0
1468,1468,0.030999107802558056,0.03860028860028861,0.8030796899877656,0.25,0.11,2.272727272727273,0
1469,1469,0.06447034509917515,0.042472379472379466,1.5179357949818033,0.76,0.16,4.75,0
1470,1470,0.21071428571428558,0.0663059163059163,3.177910772578888,1.0,0.16,6.25,0
1471,1471,0.20876190476190462,0.017401222651222653,11.996967623837426,1.0,0.06,16.666666666666668,0
1472,1472,0.06840262194993164,0.030715338410460365,2.226985782668003,0.76,0.12,6.333333333333334,0
1473,1473,0.0905401787312931,0.06737083163074954,1.3439076903122056,0.85,0.18,4.722222222222222,0
1474,1474,0.17712691511301926,0.0243078678088987,7.286814150280022,0.8,0.15,5.333333333333334,0
1475,1475,0.027877392916820766,0.025657117276050544,1.0865364419892458,0.39,0.1,3.9,0
1476,1476,0.20598845598845597,0.025038690585952247,8.226806241378457,0.98,0.13,7.538461538461538,0
1477,1477,0.1830897574647574,0.04902462746112873,3.734648623488836,0.98,0.16,6.125,0
1478,1478,0.10123742194691865,0.027566837085226874,3.6724351667160247,0.9,0.14,6.428571428571428,0
1479,1479,0.026588291346282898,0.027314544023751188,0.9734115027936479,0.42,0.09,4.666666666666667,0
1480,1480,0.19460714285714278,0.01734147957305852,11.222061072544335,1.0,0.06,16.666666666666668,0
1481,1481,0.07696736647766529,0.04441077291242986,1.733078742615699,0.74,0.15,4.933333333333334,0
1482,1482,0.05867926249655451,0.04008850889439125,1.4637427061988897,0.76,0.14,5.428571428571428,0
1483,1483,0.20834523809523797,0.04276315789473685,4.872073260073257,1.0,0.1,10.0,0
1484,1484,0.2587539682539682,0.06598546822684753,3.9213780731904975,1.0,0.14,7.142857142857142,0
1485,1485,0.25009920634920624,0.02585444297082228,9.673355045067213,0.98,0.11,8.909090909090908,0
1486,1486,0.1904748238517588,0.04067753518411413,4.682555690496834,0.89,0.16,5.5625,0
1487,1487,0.09657432129155007,0.03894163203945813,2.4799762165513464,0.85,0.12,7.083333333333333,0
1488,1488,0.2410158730158729,0.056055611055611056,4.2995851526222495,1.0,0.11,9.090909090909092,0
1489,1489,0.04538008331803636,0.011776924936898142,3.85330496383284,0.46,0.1,4.6,0
1490,1490,0.19734813222321437,0.05558080020765443,3.5506529500457993,0.88,0.21,4.190476190476191,0
1491,1491,0.22855194805194795,0.02494047619047619,9.163896723801255,1.0,0.09,11.11111111111111,0
1492,1492,0.16521265675524774,0.058339626099706755,2.831911477678774,0.84,0.15,5.6,0
1493,1493,0.03026773070595372,0.03566043083900226,0.8487763606279686,0.22,0.11,2.0,0
1494,1494,0.07286501003950352,0.04218333266320882,1.7273412373853156,0.77,0.15,5.133333333333334,0
1495,1495,0.03063173196485591,0.001723651033845675,17.771423196093696,0.46,0.06,7.666666666666667,0
1496,1496,0.05312043095215335,0.028145404732866034,1.8873571531953637,0.75,0.14,5.357142857142857,0
1497,1497,0.14735031516554278,0.030324358974358975,4.859140313242437,0.97,0.11,8.818181818181818,0
1498,1498,0.3076865079365078,0.025927960927960923,11.86697668942783,1.0,0.08,12.5,0
1499,1499,0.1530858357930339,0.013055555555555553,11.725723592657918,0.8,0.06,13.333333333333334,0
1500,1500,0.05571075567636166,0.05174915362722626,1.0765539486437343,0.75,0.15,5.0,0
1501,1501,0.17994480519480502,0.046201465201465196,3.8947856828812952,1.0,0.12,8.333333333333334,0
1502,1502,0.0253752715647283,0.02677892402435798,0.9475836871431831,0.43,0.09,4.777777777777778,0
1503,1503,0.03546211771722196,0.02608725990952901,1.3593653699240582,0.49,0.11,4.454545454545454,0
1504,1504,0.05863151486763703,0.03593491256642518,1.6316031035071394,0.76,0.15,5.066666666666667,0
1505,1505,0.09449737762237762,0.04862505315350339,1.9433886750531841,0.78,0.15,5.2,0
1506,1506,0.10718492830680104,0.010494625406139355,10.213316260349595,0.81,0.13,6.230769230769231,0
1507,1507,0.0590444802751003,0.045316519929379025,1.3029350084056508,0.78,0.12,6.500000000000001,0
1508,1508,0.049372436195123576,0.036962636376109415,1.3357390336755082,0.47,0.12,3.9166666666666665,0
1509,1509,0.23949603174603154,0.017463915470494418,13.713764942957045,1.0,0.06,16.666666666666668,0
1510,1510,0.13011298948747235,0.07108877588389782,1.830288788485722,0.82,0.17,4.823529411764706,0
1511,1511,0.08636694522797457,0.03586335403726708,2.4082227540186882,0.8,0.14,5.714285714285714,0
1512,1512,0.08797819059983567,0.030686467635364072,2.8670028641043968,0.79,0.14,5.642857142857142,0
1513,1513,0.2135479797979797,0.011456167706167706,18.64043764678925,1.0,0.04,25.0,0
1514,1514,0.08503462527105915,0.016962953712953713,5.012960991936368,0.79,0.12,6.583333333333334,0
1515,1515,0.02194916999729652,0.029517706408167105,0.7435933433914607,0.41,0.1,4.1,0
1516,1516,0.23611111111111108,0.016428571428571428,14.371980676328501,1.0,0.06,16.666666666666668,0
1517,1517,0.2341428571428571,0.026474358974358972,8.844136976824627,1.0,0.06,16.666666666666668,0
1518,1518,0.14701623421381474,0.04572997722997722,3.214876610903748,0.93,0.11,8.454545454545455,0
1519,1519,0.18573809523809512,0.03849456099456099,4.825047758418094,1.0,0.11,9.090909090909092,0
1520,1520,0.2480714285714285,0.0650644399460189,3.812703663894478,1.0,0.13,7.692307692307692,0
1521,1521,0.2319927849927849,0.019776914539400666,11.73048427400523,1.0,0.08,12.5,0
1522,1522,0.21577380952380945,0.04206700706700706,5.12928835607703,1.0,0.1,10.0,0
1523,1523,0.2336785714285713,0.027396011396011395,8.529656673401469,1.0,0.08,12.5,0
1524,1524,0.2688809523809523,0.057191192865105905,4.701439835590573,1.0,0.1,10.0,0
1525,1525,0.06267111510153375,0.016600063079858476,3.7753540332973277,0.76,0.13,5.846153846153846,0
1526,1526,0.09182403468377688,0.019303957436150328,4.756746640552518,0.83,0.14,5.928571428571428,0
1527,1527,0.17687734487734477,0.04186078431372549,4.225371019131849,1.0,0.1,10.0,0
1528,1528,0.220797619047619,0.03241514041514042,6.811558309477172,1.0,0.08,12.5,0
1529,1529,0.06458440197576186,0.018922817914197226,3.4130435682788085,0.73,0.11,6.636363636363636,0
1530,1530,0.2483650793650792,0.035,7.096145124716548,1.0,0.1,10.0,0
1531,1531,0.08339030551674596,0.04285867002396238,1.9457044623671769,0.86,0.1,8.6,0
1532,1532,0.24920634920634913,0.011756410256410256,21.197486628239076,1.0,0.07,14.285714285714285,0
1533,1533,0.028716826147708492,0.00637079022672243,4.507576788081185,0.2,0.07,2.857142857142857,0
1534,1534,0.10457013656278356,0.019876434380971586,5.2610108311424435,0.75,0.13,5.769230769230769,0
1535,1535,0.24211111111111105,0.007795625427204375,31.057304301232396,1.0,0.05,20.0,0
1536,1536,0.061506822883793354,0.03150550284997959,1.9522565050515674,0.74,0.13,5.692307692307692,0
1537,1537,0.17377176886580903,0.030960113960113958,5.61276257218174,0.97,0.08,12.125,0
1538,1538,0.22811111111111104,0.0061916666666666665,36.84163301929115,1.0,0.06,16.666666666666668,0
1539,1539,0.23941666666666644,0.039758648758648756,6.021750591173846,1.0,0.1,10.0,0
1540,1540,0.1917210012210011,0.038770270270270274,4.945051965965173,1.0,0.09,11.11111111111111,0
1541,1541,0.06492172710058172,0.02984004103526096,2.175658103950525,0.76,0.14,5.428571428571428,0
1542,1542,0.2205158730158729,0.05005619818777714,4.405365988616352,1.0,0.12,8.333333333333334,0
1543,1543,0.08067314994516064,0.017548159972073017,4.597242678066975,0.81,0.14,5.785714285714286,0
1544,1544,0.1980208859767682,0.035095238095238096,5.642386167587696,0.93,0.11,8.454545454545455,0
1545,1545,0.08398989634223197,0.03701159327475117,2.269286159035169,0.84,0.16,5.25,0
1546,1546,0.2577114085116374,0.018895552223888057,13.638733891345844,0.85,0.08,10.625,0
1547,1547,0.21196428571428563,0.01517056277056277,13.97207795913708,1.0,0.07,14.285714285714285,0
1548,1548,0.034219618101197044,0.03347860360360361,1.0221339726819931,0.24,0.09,2.6666666666666665,0
1549,1549,0.0773754927266414,0.06800964912280702,1.137713452791415,0.81,0.15,5.4,0
1550,1550,0.02175536590597855,0.03067065337763012,0.7093218927590893,0.39,0.11,3.5454545454545454,0
1551,1551,0.21551587301587286,0.02957983193277311,7.285905934343429,1.0,0.08,12.5,0
1552,1552,0.17720739853828085,0.036517433824037604,4.852679391223654,0.95,0.12,7.916666666666667,0
1553,1553,0.15774228549228542,0.035954063257737846,4.38732847415617,0.97,0.14,6.928571428571428,0
1554,1554,0.21861904761904757,0.03401111111111111,6.42787137723433,1.0,0.08,12.5,0
1555,1555,0.09330758784366527,0.04710886572471585,1.9806799932079682,0.79,0.17,4.647058823529411,0
1556,1556,0.2377799603174602,0.032353535353535356,7.349427434101954,1.0,0.08,12.5,0
1557,1557,0.22547619047619033,0.03307905982905983,6.816281709376466,1.0,0.1,10.0,0
1558,1558,0.3674435841935842,0.043529351395730706,8.441283235605999,1.0,0.16,6.25,0
1559,1559,0.2151666666666666,0.05383005287896592,3.9971475998817554,1.0,0.12,8.333333333333334,0
1560,1560,0.5,0.012711667751030144,39.333941839337356,1.0,0.09,11.11111111111111,0
1561,1561,0.15851370851370836,0.05008663273001509,3.164790681141495,0.97,0.13,7.461538461538461,0
1562,1562,0.22609089892818546,0.04677989130434783,4.833078757221739,0.88,0.08,11.0,0
1563,1563,0.2551865079365079,0.015752671926584968,16.19956976986506,1.0,0.06,16.666666666666668,0
1564,1564,0.19502811954127733,0.039078703703703706,4.9906496648401735,0.95,0.09,10.555555555555555,0
1565,1565,0.09319030189721733,0.030499184058007587,3.055501475710795,0.8,0.14,5.714285714285714,0
1566,1566,0.10825097311612336,0.02882137445299017,3.755926813715593,0.91,0.14,6.5,0
1567,1567,0.09082215136085096,0.036167715083542606,2.5111387642560192,0.79,0.14,5.642857142857142,0
1568,1568,0.03223120490630515,0.024511855003234308,1.3149231219771935,0.23,0.08,2.875,0
1569,1569,0.06583049326055952,0.027091066100717685,2.4299705672644447,0.78,0.14,5.571428571428571,0
1570,1570,0.22727777777777766,0.04104894179894179,5.536751200335125,1.0,0.12,8.333333333333334,0
1571,1571,0.20667460317460304,0.035416666666666666,5.8355182072829095,1.0,0.06,16.666666666666668,0
1572,1572,0.25750829725829727,0.03265873015873016,7.884822710703634,1.0,0.07,14.285714285714285,0
1573,1573,0.03933117844511911,0.011904743097126712,3.3038242089081242,0.41,0.07,5.857142857142856,0
1574,1574,0.07785344577929211,0.02850733875733876,2.7309966195722137,0.82,0.14,5.857142857142856,0
1575,1575,0.11601270312121698,0.04431948445764236,2.6176455917959576,0.87,0.16,5.4375,0
1576,1576,0.02649647104995757,0.03185856384994316,0.8316906931134262,0.4,0.09,4.444444444444445,0
1577,1577,0.07454376987842143,0.039244306418219466,1.899479865538251,0.65,0.07,9.285714285714285,0
1578,1578,0.02249638665060526,0.03138721966929814,0.7167371588701252,0.44,0.09,4.888888888888889,0
1579,1579,0.1563942002120761,0.05365767359575409,2.9146660623104523,0.91,0.15,6.066666666666667,0
1580,1580,0.2553055555555554,0.016037037037037037,15.919745958429552,1.0,0.06,16.666666666666668,0
1581,1581,0.5,0.03271166775103014,15.285065983352506,1.0,0.11,9.090909090909092,0
1582,1582,0.03320938870090087,0.013581646232193831,2.4451666707517083,0.44,0.08,5.5,0
1583,1583,0.02608123134522306,0.027150839857816602,0.9606049566718796,0.38,0.09,4.222222222222222,0
1584,1584,1.0,0.04476233376233376,22.34021142216387,1.0,0.11,9.090909090909092,1
1585,1585,0.18348953823953815,0.028048941798941796,6.541763306252811,0.95,0.09,10.555555555555555,0
1586,1586,0.2900352327411149,0.032167743324720076,9.016337571875313,0.82,0.1,8.2,0
1587,1587,0.024960260351016582,0.0218117229960045,1.144350694146851,0.41,0.09,4.555555555555555,0
1588,1588,0.08009219363829087,0.06619760978733968,1.2098955520537318,0.79,0.15,5.2666666666666675,0
1589,1589,1.0,0.023253663003663005,43.00397747410704,1.0,0.08,12.5,1
1590,1590,0.22670670995670986,0.02988138138138138,7.5868885398306,1.0,0.09,11.11111111111111,0
1591,1591,0.025196140604545572,0.01258840229537904,2.0015360181009303,0.41,0.08,5.125,0
1592,1592,0.03191890327707152,0.011778819203168539,2.7098559479107407,0.42,0.07,5.999999999999999,0
1593,1593,0.06728823832063927,0.027578495034377388,2.439880719987169,0.73,0.12,6.083333333333333,0
1594,1594,0.18039682539682522,0.04914946109672275,3.670372398220536,1.0,0.13,7.692307692307692,0
1595,1595,0.03566428009190701,0.02801731601731601,1.2729370675572498,0.43,0.1,4.3,0
1596,1596,0.022339286372428213,0.04244161485732504,0.526353355015488,0.41,0.13,3.1538461538461537,0
1597,1597,0.21632539682539675,0.029500358422939073,7.332975204029559,1.0,0.08,12.5,0
1598,1598,0.20716666666666658,0.026729166666666665,7.750584567420106,1.0,0.06,16.666666666666668,0
1599,1599,0.12926139310914178,0.039363248310828956,3.2838091025526865,0.91,0.17,5.352941176470588,0
1600,1600,0.22204761904761894,0.041813690476190477,5.310404714792088,1.0,0.09,11.11111111111111,0
1601,1601,0.025885478376006327,0.029234282479972132,0.885449416921383,0.22,0.1,2.1999999999999997,0
1602,1602,0.10347385530756195,0.026801863770904016,3.860696263216318,0.82,0.13,6.3076923076923075,0
1603,1603,0.23815873015873001,0.021932234432234434,10.858844815588023,1.0,0.09,11.11111111111111,0
1604,1604,0.2150396825396825,0.025255295429208475,8.514637381393802,1.0,0.07,14.285714285714285,0
1605,1605,0.24194047619047612,0.06910123784261715,3.501246630943317,1.0,0.13,7.692307692307692,0
1606,1606,0.08787162706035477,0.02546520071999612,3.4506551912373133,0.81,0.13,6.230769230769231,0
1607,1607,0.20537094626886584,0.05464627124059173,3.758187733700566,0.89,0.14,6.357142857142857,0
1608,1608,0.23948015873015865,0.04450804268195572,5.380604140277051,1.0,0.11,9.090909090909092,0
1609,1609,0.22456782106782097,0.0455977355977356,4.924977482411936,1.0,0.1,10.0,0
1610,1610,0.1967817460317459,0.03821096009253904,5.1498770393411,1.0,0.1,10.0,0
1611,1611,0.031276300875017066,0.048963893662249715,0.6387625357321314,0.44,0.14,3.142857142857143,0
1612,1612,1.0,0.01858730158730159,53.800170794192994,1.0,0.06,16.666666666666668,1
1613,1613,0.24277777777777756,0.047507733007733005,5.11027915683242,1.0,0.11,9.090909090909092,0
1614,1614,0.24925793650793637,0.025653968253968252,9.716155178814498,1.0,0.07,14.285714285714285,0
1615,1615,0.08525511700202096,0.03245867509683299,2.62657415152288,0.79,0.14,5.642857142857142,0
1616,1616,0.06825450253294045,0.04845378734892199,1.4086515475339616,0.8,0.16,5.0,0
1617,1617,0.2349523809523808,0.07108766233766234,3.3051077110451375,0.99,0.13,7.615384615384615,0
1618,1618,0.22713293650793637,0.05661159561159561,4.012127445872826,1.0,0.13,7.692307692307692,0
1619,1619,0.22630952380952377,0.037558149058149054,6.025577124664534,1.0,0.08,12.5,0
1620,1620,0.23311904761904753,0.018377804359383305,12.684814957235195,1.0,0.07,14.285714285714285,0
1621,1621,1.0,0.02626131221719457,38.07882834374327,1.0,0.08,12.5,1
1622,1622,0.22971861471861466,0.031728603603603606,7.240111086783666,1.0,0.08,12.5,0
1623,1623,0.24040873015872996,0.022358874458874457,10.752273357986917,1.0,0.08,12.5,0
1624,1624,0.0599875060239231,0.05852926285184349,1.0249147708518198,0.75,0.15,5.0,0
1625,1625,0.0897679978114172,0.03416059796404822,2.627822788871908,0.82,0.14,5.857142857142856,0
1626,1626,0.1988333333333333,0.052873669767052114,3.7605359001813605,1.0,0.12,8.333333333333334,0
1627,1627,0.29888492063492045,0.027846006831489915,10.733493044213565,0.83,0.1,8.299999999999999,0
1628,1628,0.023241870433937866,0.021106555209496388,1.1011683433533836,0.4,0.1,4.0,0
1629,1629,0.03869252873852538,0.017252824858757062,2.2426778834937346,0.25,0.08,3.125,0
1630,1630,0.06562058454877615,0.015781741691892066,4.158006500796359,0.77,0.11,7.0,0
1631,1631,0.17800049678657423,0.033890422187683844,5.252236038867099,0.88,0.17,5.1764705882352935,0
1632,1632,0.25808333333333333,0.018935897435897436,13.629316181448882,1.0,0.07,14.285714285714285,0
1633,1633,0.05663911652265467,0.02443705677931347,2.3177552450015577,0.74,0.11,6.7272727272727275,0
1634,1634,0.06022555408427824,0.03639057239057239,1.6549768285557585,0.74,0.12,6.166666666666667,0
1635,1635,0.023506700928380836,0.025404010255735986,0.9253145740276674,0.44,0.09,4.888888888888889,0
1636,1636,0.023050306390979963,0.04058523982504263,0.5679480148533471,0.38,0.13,2.923076923076923,0
1637,1637,0.2053849206349205,0.07095454545454545,2.8945984970968937,1.0,0.12,8.333333333333334,0
1638,1638,0.036503768294513766,0.006401706387444928,5.702193459872702,0.42,0.08,5.25,0
1639,1639,0.2312222222222221,0.1249090909090909,1.8511240498140054,1.0,0.15,6.666666666666667,0
1640,1640,0.13836454363862347,0.051199632373545426,2.702451897098302,0.79,0.17,4.647058823529411,0
1641,1641,0.1571369088427911,0.04740043177543177,3.3150944613174835,0.98,0.15,6.533333333333333,0
1642,1642,0.1109204557905003,0.06553974457507067,1.692415136947163,0.77,0.18,4.277777777777778,0
1643,1643,0.2259761904761903,0.03388202538202538,6.669500654942312,1.0,0.09,11.11111111111111,0
1644,1644,0.23080555555555546,0.02277350427350427,10.134828297992115,1.0,0.08,12.5,0
1645,1645,0.0801302630182764,0.03028599631445931,2.645785933085522,0.81,0.15,5.4,0
1646,1646,0.15480569798135574,0.02435747585747586,6.3555722640218635,0.93,0.09,10.333333333333334,0
1647,1647,0.0161596042711684,0.04148873289743537,0.3894938009101577,0.37,0.12,3.0833333333333335,0
1648,1648,0.035249040252726106,0.01991190399886052,1.7702496082114132,0.23,0.08,2.875,0
1649,1649,0.04901453558431183,0.056098879551820725,0.8737168366978737,0.48,0.14,3.428571428571428,0
1650,1650,0.08620130229984703,0.020623346960808257,4.179792080483365,0.81,0.12,6.750000000000001,0
1651,1651,0.4700357142857144,0.05382492810178232,8.73267704876228,1.0,0.13,7.692307692307692,0
1652,1652,0.22807539682539676,0.016222129319955408,14.059522786865795,1.0,0.06,16.666666666666668,0
1653,1653,0.24413888888888888,0.03703002070393375,6.59299898427963,1.0,0.1,10.0,0
1654,1654,0.2071994209425771,0.02496738392326628,8.298803814583666,0.92,0.13,7.076923076923077,0
1655,1655,0.02295339230046183,0.015793093380049902,1.4533816617241644,0.41,0.08,5.125,0
1656,1656,0.13276341395149438,0.02537640471775407,5.231766100365244,0.9,0.14,6.428571428571428,0
1657,1657,0.16060055379571292,0.01911998132586368,8.399618757915201,0.84,0.11,7.636363636363636,0
1658,1658,0.17470713802021848,0.03405993562967247,5.129403059353301,0.92,0.13,7.076923076923077,0
1659,1659,0.2521547619047618,0.0375465178096757,6.715796207332489,1.0,0.09,11.11111111111111,0
1660,1660,0.14588887637230274,0.03653062499203804,3.9936047194401865,0.85,0.15,5.666666666666667,0
1661,1661,0.041851450897852506,0.04311814178993717,0.9706227856883136,0.45,0.12,3.7500000000000004,0
1662,1662,0.22326984126984123,0.025742424242424247,8.673225146444684,1.0,0.07,14.285714285714285,0
1663,1663,1.0,0.03603131313131313,27.753637408539152,1.0,0.1,10.0,1
1664,1664,0.17038222621891352,0.041828896213657873,4.073313944231709,0.85,0.13,6.538461538461538,0
1665,1665,0.21512698412698414,0.012263157894736842,17.542543770011584,1.0,0.08,12.5,0
1666,1666,0.13166661590517945,0.06099741639079874,2.15856053741058,0.82,0.18,4.555555555555555,0
1667,1667,0.07213895240021062,0.019888697651855546,3.62713304123663,0.79,0.13,6.076923076923077,0
1668,1668,0.2500952380952379,0.04506550116550116,5.549594071455539,1.0,0.1,10.0,0
1669,1669,0.22312698412698403,0.007743464052287583,28.81487957073522,1.0,0.06,16.666666666666668,0
1670,1670,0.1742781703590526,0.025373477780081553,6.868517271048386,0.99,0.11,9.0,0
1671,1671,0.08174565843531882,0.02416070359453456,3.3834138196956594,0.84,0.14,5.999999999999999,0
1672,1672,0.07030337035641754,0.023475117903568155,2.994803717076608,0.78,0.13,6.0,0
1673,1673,0.08052565825895402,0.02322502840390771,3.4671931012753996,0.81,0.15,5.4,0
1674,1674,0.19467074592074574,0.05284800384800385,3.6835969525100376,0.99,0.15,6.6000000000000005,0
1675,1675,0.2422619047619047,0.010486744192626544,23.10172731516082,1.0,0.06,16.666666666666668,0
1676,1676,0.08230736398963946,0.03708971593702746,2.2191424741398533,0.81,0.15,5.4,0
1677,1677,0.08543785208169875,0.030225935828877004,2.826640424481873,0.8,0.13,6.153846153846154,0
1678,1678,0.17964163614163606,0.025969092743005788,6.9175168312346464,0.96,0.12,8.0,0
1679,1679,0.1109285249453301,0.021890599233591223,5.067404677305945,0.81,0.14,5.785714285714286,0
1680,1680,0.036126095355971055,0.02185170772330026,1.6532389968519556,0.42,0.09,4.666666666666667,0
1681,1681,0.0722059717081095,0.030192880977603944,2.3914899595593226,0.8,0.13,6.153846153846154,0
1682,1682,0.052832425542197095,0.03484093037514856,1.5163896306248343,0.42,0.08,5.25,0
1683,1683,0.22134126984126976,0.014548692048692049,15.213826033328452,1.0,0.05,20.0,0
1684,1684,1.0,0.014326839826839825,69.7990633026137,1.0,0.08,12.5,1
1685,1685,0.2395357142857142,0.06857226107226107,3.493186757153783,1.0,0.1,10.0,0
1686,1686,0.056590217961031815,0.01521145008745439,3.7202382176374145,0.75,0.12,6.25,0
1687,1687,0.0796679636433472,0.04197890025575448,1.897809689105095,0.79,0.14,5.642857142857142,0
1688,1688,0.22688528138528125,0.004455999775078722,50.91680718975641,1.0,0.05,20.0,0
1689,1689,0.2328968253968252,0.05532063492063492,4.209944909904737,1.0,0.12,8.333333333333334,0
1690,1690,0.3302884866233063,0.04940019327315153,6.685975595217246,0.85,0.15,5.666666666666667,0
1691,1691,0.020352733558013893,0.02840426658468265,0.7165379009993292,0.4,0.08,5.0,0
1692,1692,0.08589120490443677,0.03388378339140534,2.5348764602899445,0.79,0.16,4.9375,0
1693,1693,0.2770556380296967,0.028898500668342975,9.58719766154508,0.92,0.11,8.363636363636363,0
1694,1694,0.086820213710294,0.0476698777643545,1.8212803930287071,0.85,0.16,5.3125,0
1695,1695,0.08220309845870195,0.03293470374298359,2.4959416395605047,0.81,0.14,5.785714285714286,0
1696,1696,0.12304985159626776,0.034593483316441576,3.5570240345754565,0.89,0.14,6.357142857142857,0
1697,1697,0.2504667415917415,0.019478361784965557,12.858716988461788,0.96,0.12,8.0,0
1698,1698,0.09131841380583636,0.014142959300424975,6.456810902587578,0.82,0.12,6.833333333333333,0
1699,1699,0.08053687515769964,0.01649295197453092,4.883108571592758,0.78,0.1,7.8,0
1700,1700,0.2426904761904761,0.04812877373171491,5.04252357525895,1.0,0.11,9.090909090909092,0
1701,1701,0.17682456563044796,0.07334344115004492,2.4109117714930077,0.94,0.17,5.529411764705881,0
1702,1702,0.15824217449217431,0.03894532839259005,4.063187576620417,1.0,0.11,9.090909090909092,0
1703,1703,0.07163787398029914,0.03763982266667689,1.90324685147152,0.75,0.14,5.357142857142857,0
1704,1704,0.04460901865189806,0.00921117281411399,4.842924951266256,0.51,0.1,5.1,0
1705,1705,0.07732296451276308,0.03385261764722034,2.2841059240543578,0.77,0.13,5.923076923076923,0
1706,1706,0.031596442113759365,0.04061112960250891,0.7780242121560533,0.47,0.12,3.9166666666666665,0
1707,1707,0.21689682539682528,0.00806203007518797,26.903499909328758,1.0,0.06,16.666666666666668,0
1708,1708,0.12481331893367488,0.028651727414885312,4.356223173784319,0.81,0.14,5.785714285714286,0
1709,1709,0.06146655673105152,0.04149524012503551,1.4812917468566864,0.75,0.13,5.769230769230769,0
1710,1710,0.24377380952380945,0.012783882783882783,19.068839541547273,1.0,0.07,14.285714285714285,0
1711,1711,0.24564908191223975,0.03264798850574712,7.52417202882185,0.98,0.1,9.799999999999999,0
1712,1712,0.24800396825396817,0.03132692307692308,7.916639870599352,1.0,0.1,10.0,0
1713,1713,0.16946714776735056,0.062042629784009096,2.7314630014446797,0.89,0.19,4.684210526315789,0
1714,1714,0.21344444444444435,0.03919761904761905,5.445342080220289,1.0,0.09,11.11111111111111,0
1715,1715,0.030377350870479578,0.008905921697819588,3.4109160063597663,0.4,0.08,5.0,0
1716,1716,0.020195800411576384,0.04862098685628097,0.4153720793712653,0.4,0.12,3.3333333333333335,0
1717,1717,0.22490476190476177,0.03761890397184515,5.9785038413954235,1.0,0.08,12.5,0
1718,1718,0.09626076141207714,0.028104013377926423,3.4251606743000873,0.72,0.09,8.0,0
1719,1719,0.09027239465900452,0.03450005083578937,2.616587293991999,0.81,0.13,6.230769230769231,0
1720,1720,0.03630578132212722,0.017196219162030096,2.1112653298983166,0.45,0.08,5.625,0
1721,1721,0.24748015873015855,0.05826017943409248,4.247844087231544,1.0,0.11,9.090909090909092,0
1722,1722,0.19152777777777763,0.017674399674399672,10.836451664901205,1.0,0.07,14.285714285714285,0
1723,1723,0.24976587301587297,0.01230320118478013,20.300885051351496,1.0,0.06,16.666666666666668,0
1724,1724,0.20496645021645016,0.027683315715292457,7.403970403127153,1.0,0.09,11.11111111111111,0
1725,1725,0.05483179570584902,0.019548350226800477,2.804932133386658,0.75,0.11,6.818181818181818,0
1726,1726,0.12740849703272303,0.029606325026023176,4.3034215466031105,0.84,0.16,5.25,0
1727,1727,0.07765566850698107,0.0319314323004673,2.4319506803283804,0.79,0.13,6.076923076923077,0
1728,1728,0.021899125704653195,0.047196226187605494,0.46400162626570907,0.38,0.12,3.166666666666667,0
1729,1729,0.03319214026899639,0.019913949275362317,1.6667783878540832,0.49,0.09,5.444444444444445,0
1730,1730,1.0,0.03736111111111111,26.765799256505577,1.0,0.1,10.0,1
1731,1731,0.16301343977659763,0.02386643148550582,6.830239362579041,0.94,0.14,6.7142857142857135,0
1732,1732,0.04245350502467371,0.024508940605066858,1.7321640175625168,0.45,0.11,4.090909090909091,0
1733,1733,0.026130698730698735,0.038124432432188285,0.6854055801926301,0.2,0.11,1.8181818181818183,0
1734,1734,0.2982738095238094,0.049873015873015875,5.9806651814131095,1.0,0.1,10.0,0
1735,1735,0.23694047619047612,0.031077235772357725,7.6242455386340255,0.99,0.08,12.375,0
1736,1736,0.21997619047619033,0.006027777777777778,36.49374588545093,1.0,0.05,20.0,0
1737,1737,0.2500158730158729,0.03553775391275391,7.035218760016973,1.0,0.08,12.5,0
1738,1738,0.07157794062631781,0.055004069907532906,1.3013208067447948,0.81,0.14,5.785714285714286,0
1739,1739,0.10021754593061981,0.04366126530464766,2.2953422268307886,0.79,0.16,4.9375,0
1740,1740,0.09798193736828381,0.050655755793913695,1.9342705647687992,0.8,0.17,4.705882352941177,0
1741,1741,0.22826984126984118,0.03433891547049442,6.64755535060451,1.0,0.08,12.5,0
1742,1742,0.02468481912097829,0.029376409752561825,0.840293940917188,0.42,0.11,3.818181818181818,0
1743,1743,0.08317705659960502,0.02502814965415396,3.3233402288610656,0.87,0.12,7.25,0
1744,1744,0.08712835679623263,0.019062305432668902,4.57071454992597,0.81,0.14,5.785714285714286,0
1745,1745,0.061674818885350396,0.03179800797645823,1.9395812131065433,0.77,0.14,5.5,0
1746,1746,1.0,0.045726190476190476,21.869304868523823,1.0,0.12,8.333333333333334,1
1747,1747,0.0554231915595659,0.020256923918992885,2.736012228766932,0.29,0.1,2.8999999999999995,0
1748,1748,0.08353843021990331,0.06207744107744107,1.3457131732554801,0.79,0.15,5.2666666666666675,0
1749,1749,0.08976357721403522,0.028720157811537125,3.125455570372125,0.78,0.12,6.500000000000001,0
1750,1750,0.22993650793650772,0.04419724880382775,5.2025072636782275,1.0,0.11,9.090909090909092,0
1751,1751,0.04183780817311239,0.06196583719533044,0.6751753880324425,0.41,0.15,2.7333333333333334,0
1752,1752,0.22775036075036062,0.04854700854700855,4.691336656301442,1.0,0.1,10.0,0
1753,1753,0.24596464646464644,0.034723530855109805,7.083514850231628,1.0,0.08,12.5,0
1754,1754,0.2054325396825396,0.01734819234819235,11.841725959647048,1.0,0.07,14.285714285714285,0
1755,1755,0.26850150209713364,0.031969477446150876,8.398682854588266,0.7,0.11,6.363636363636363,0
1756,1756,0.089865464794715,0.034909587424879776,2.5742345133150617,0.79,0.14,5.642857142857142,0
1757,1757,0.2491944444444443,0.017417004048582995,14.30753783769822,1.0,0.07,14.285714285714285,0
1758,1758,0.11564223752334865,0.05762850066600067,2.006684820651157,0.78,0.17,4.588235294117647,0
1759,1759,0.12937247824663087,0.05141258673516738,2.5163580839268906,0.83,0.15,5.533333333333333,0
1760,1760,0.26096723106185177,0.024850200889374317,10.50161454322241,0.9,0.12,7.500000000000001,0
1761,1761,0.2456352813852812,0.03622227772227772,6.781331733708413,1.0,0.09,11.11111111111111,0
1762,1762,0.20747308890484742,0.03460234222541804,5.995926158791723,0.92,0.16,5.75,0
1763,1763,0.10317609229659976,0.046030743711626056,2.241460467008279,0.8,0.15,5.333333333333334,0
1764,1764,0.018534699106339182,0.017150273683174223,1.0807232262726625,0.4,0.08,5.0,0
1765,1765,0.24232936507936498,0.042467171272663265,5.706275172496736,1.0,0.08,12.5,0
1766,1766,0.09300963797716219,0.03085747115446001,3.014169162197174,0.81,0.14,5.785714285714286,0
1767,1767,0.07953976860619089,0.05084611344537815,1.564323469710957,0.81,0.15,5.4,0
1768,1768,1.0,0.027797076797076797,35.97500583605116,1.0,0.08,12.5,1
1769,1769,0.2047146464646464,0.03373611111111111,6.068116321718625,0.99,0.1,9.899999999999999,0
1770,1770,0.0602512835289968,0.04823037667763834,1.2492393317121213,0.75,0.13,5.769230769230769,0
1771,1771,0.2841031746031745,0.024361756168359942,11.661851167041732,1.0,0.09,11.11111111111111,0
1772,1772,0.22219444444444433,0.045142065142065146,4.922115187800632,1.0,0.09,11.11111111111111,0
1773,1773,0.08290372322604161,0.04058396550410014,2.0427703945703866,0.81,0.14,5.785714285714286,0
1774,1774,0.2090039682539682,0.04205618401206637,4.9696370025868895,1.0,0.12,8.333333333333334,0
1775,1775,0.31127813852813835,0.04697293447293447,6.626755215974318,1.0,0.12,8.333333333333334,0
1776,1776,0.16973233318570602,0.018102331193710505,9.376269352793525,0.84,0.11,7.636363636363636,0
1777,1777,0.1328012761978483,0.05437823287823287,2.4421771206729943,0.81,0.15,5.4,0
1778,1778,0.07030889671406838,0.018205250305250307,3.8620120863590452,0.81,0.12,6.750000000000001,0
1779,1779,0.18439653810242038,0.027038133208255162,6.819869429673542,0.95,0.1,9.499999999999998,0
1780,1780,0.20854761904761898,0.00911843711843712,22.870982860203526,1.0,0.07,14.285714285714285,0
1781,1781,0.06911883185349198,0.029360081939696542,2.354177076053704,0.77,0.11,7.0,0
1782,1782,0.2498571428571427,0.023830052878965922,10.484959648481693,1.0,0.06,16.666666666666668,0
1783,1783,0.036269506824781986,0.03300293279652669,1.0989782953046852,0.51,0.11,4.636363636363637,0
1784,1784,0.03693389345831128,0.020949720283593664,1.76297788029348,0.25,0.08,3.125,0
1785,1785,0.06062544828721559,0.033051948051948055,1.8342473548587819,0.75,0.13,5.769230769230769,0
1786,1786,0.03371151739877885,0.022488824856905065,1.499034192016837,0.44,0.09,4.888888888888889,0
1787,1787,0.041284427157999355,0.028801245274419397,1.433425074667422,0.28,0.12,2.3333333333333335,0
1788,1788,0.12975947563165982,0.044181677018633535,2.9369522478047636,0.84,0.14,5.999999999999999,0
1789,1789,0.24784126984126975,0.03459939353099731,7.163168037012869,1.0,0.11,9.090909090909092,0
1790,1790,0.07276461199139284,0.019817174204808344,3.6717955465990495,0.79,0.13,6.076923076923077,0
1791,1791,0.22594841269841254,0.02248821898821899,10.047412505933938,1.0,0.06,16.666666666666668,0
1792,1792,0.20936129556717786,0.042631616366100716,4.910939659647886,0.96,0.14,6.857142857142856,0
1793,1793,0.24686904761904752,0.062261312217194574,3.965047295467541,1.0,0.12,8.333333333333334,0
1794,1794,0.06959909805691014,0.02442932131787701,2.8489984290303867,0.75,0.1,7.5,0
1795,1795,0.22861111111111096,0.015809523809523808,14.46034136546184,1.0,0.06,16.666666666666668,0
1796,1796,0.2598095238095237,0.03183693693693694,8.160631920217643,1.0,0.09,11.11111111111111,0
1797,1797,0.2504610389610389,0.01365688345486654,18.3395457527895,0.99,0.11,9.0,0
1798,1798,0.0265692873948506,0.04031432748538013,0.6590532213264844,0.22,0.11,2.0,0
1799,1799,0.22944047619047608,0.04775925925925925,4.804104580956072,1.0,0.11,9.090909090909092,0
1800,1800,1.0,0.028633145548437905,34.92455966140107,1.0,0.08,12.5,1
1801,1801,0.11245491933757851,0.025155630952502256,4.470367670360202,0.83,0.13,6.384615384615384,0
1802,1802,0.049899203772925,0.017116628469569642,2.9152472323411716,0.26,0.08,3.25,0
1803,1803,0.10162982516727967,0.023153994176697546,4.38929993640411,0.82,0.12,6.833333333333333,0
1804,1804,1.0,0.046727443609022555,21.400699947705057,1.0,0.11,9.090909090909092,1
1805,1805,0.17496031746031732,0.010461309523809524,16.72451398767187,1.0,0.06,16.666666666666668,0
1806,1806,0.10141915334407589,0.019876769929939937,5.10239609863927,0.83,0.13,6.384615384615384,0
1807,1807,0.09745331842027817,0.05408539824143688,1.8018415614737118,0.8,0.17,4.705882352941177,0
1808,1808,0.13332096315730088,0.027948997447353498,4.7701518957319555,0.82,0.13,6.3076923076923075,0
1809,1809,0.22751984126984112,0.028456167706167705,7.99544912790655,1.0,0.07,14.285714285714285,0
1810,1810,0.24772619047619027,0.03219172932330827,7.695336525361043,1.0,0.09,11.11111111111111,0
1811,1811,0.23574603174603154,0.025970760233918134,9.077363528162888,1.0,0.07,14.285714285714285,0
1812,1812,0.026720900581841244,0.011642220243893673,2.295172228497938,0.41,0.07,5.857142857142856,0
1813,1813,0.21224206349206326,0.030633528265107214,6.9284237080132645,1.0,0.08,12.5,0
1814,1814,0.16088707942384406,0.03991042851158058,4.031204009176709,0.95,0.17,5.588235294117647,0
1815,1815,0.06498000071956544,0.07760610661268556,0.8373052528439013,0.76,0.17,4.470588235294118,0
1816,1816,0.2232936507936507,0.02629375696767001,8.49226875673209,1.0,0.09,11.11111111111111,0
1817,1817,0.17459595959595944,0.023393724696356272,7.463367285977933,1.0,0.1,10.0,0
1818,1818,0.12383248952056995,0.014803284652719517,8.365203562968752,0.89,0.09,9.88888888888889,0
1819,1819,0.25471428571428567,0.035440476190476196,7.187101108498486,1.0,0.13,7.692307692307692,0
1820,1820,0.04283111746445207,0.018207060333761235,2.3524455172497345,0.48,0.11,4.363636363636363,0
1821,1821,0.2321865079365079,0.035965004887585535,6.455900914298345,1.0,0.09,11.11111111111111,0
1822,1822,0.20213915251415238,0.035826084438943535,5.642234022494064,0.93,0.11,8.454545454545455,0
1823,1823,0.24698629148629134,0.04746871184371184,5.203138696905876,1.0,0.09,11.11111111111111,0
1824,1824,0.022534939861360886,0.04067748741773132,0.5539904574228423,0.4,0.12,3.3333333333333335,0
1825,1825,0.07983702297239108,0.039314678695019936,2.0307179308705425,0.78,0.14,5.571428571428571,0
1826,1826,0.23384920634920622,0.07437283437283437,3.144282563938731,1.0,0.13,7.692307692307692,0
1827,1827,1.0,0.03763617376775272,26.570182350917303,1.0,0.1,10.0,1
1828,1828,0.03916662682390069,0.02256260484804459,1.7359089115676776,0.5,0.1,5.0,0
1829,1829,0.10527989295071,0.025650179921714988,4.104450466703429,0.89,0.14,6.357142857142857,0
1830,1830,0.07980862927403867,0.058241873866873864,1.3702963860067576,0.74,0.14,5.285714285714286,0
1831,1831,0.07800311074270913,0.02718154938743174,2.869708037275328,0.84,0.12,7.0,0
1832,1832,0.20694047619047617,0.006601449275362319,31.34773404422142,1.0,0.06,16.666666666666668,0
1833,1833,1.0,0.028931068931068928,34.56491712707183,1.0,0.08,12.5,1
1834,1834,0.5,0.012711667751030144,39.333941839337356,1.0,0.09,11.11111111111111,0
1835,1835,0.21443253968253956,0.046580555555555556,4.603477505260555,1.0,0.11,9.090909090909092,0
1836,1836,0.20602813852813842,0.03518494005994006,5.855577362847706,1.0,0.1,10.0,0
1837,1837,0.043426270416370955,0.031865636650140285,1.3627931207889354,0.26,0.1,2.6,0
1838,1838,0.18289542707034961,0.03261246161246161,5.608145415201135,0.95,0.14,6.785714285714285,0
1839,1839,0.21361904761904757,0.022544117647058822,9.475600285776409,1.0,0.07,14.285714285714285,0
1840,1840,0.11403214357629576,0.04186168406756642,2.7240218857952145,0.78,0.16,4.875,0
1841,1841,0.02540569546316448,0.02189145599366744,1.1605301844936038,0.4,0.1,4.0,0
1842,1842,0.21103571428571422,0.032571534745447786,6.479145546410234,1.0,0.08,12.5,0
1843,1843,0.237361111111111,0.04701073926073926,5.0490827169217,1.0,0.1,10.0,0
1844,1844,0.08531410475533793,0.010620669583138318,8.032836732891594,0.82,0.12,6.833333333333333,0
1845,1845,0.20438528138528128,0.03851790450928382,5.306240928449757,1.0,0.08,12.5,0
1846,1846,0.1862857142857142,0.0219478021978022,8.487670547002123,1.0,0.09,11.11111111111111,0
1847,1847,0.08301220487766138,0.037408401239283594,2.2190791941807975,0.83,0.14,5.928571428571428,0
1848,1848,0.04447356886236724,0.045289285714285706,0.9819887454824406,0.46,0.13,3.5384615384615383,0
1849,1849,0.2365912698412697,0.04224209124209124,5.600841788001333,1.0,0.12,8.333333333333334,0
1850,1850,0.066711961100865,0.02156820188216184,3.093070134698604,0.61,0.11,5.545454545454545,0
1851,1851,0.18397691197691188,0.01556068243761742,11.823190449035446,1.0,0.07,14.285714285714285,0
1852,1852,0.1760887445887445,0.028043345543345543,6.279163244505573,1.0,0.1,10.0,0
1853,1853,0.10870265656082476,0.03977474546986742,2.7329566858743517,0.81,0.18,4.500000000000001,0
1854,1854,0.36873015873015874,0.03145858419996351,11.721130117819685,0.99,0.13,7.615384615384615,0
1855,1855,0.10244992923188842,0.05611184462713698,1.8258164548442108,0.8,0.15,5.333333333333334,0
1856,1856,0.24122258297258284,0.05290000000000001,4.559973213092302,0.99,0.12,8.25,0
1857,1857,0.017485429163766178,0.013378579548530285,1.3069720219802448,0.38,0.08,4.75,0
1858,1858,0.15918362193362184,0.04546669092085051,3.5011041865952475,1.0,0.1,10.0,0
1859,1859,0.037634295557904186,0.04592271636498723,0.8195137077430731,0.42,0.12,3.5,0
1860,1860,0.2284783549783549,0.0572633603113434,3.9899571687045268,0.99,0.15,6.6000000000000005,0
1861,1861,0.20054365079365064,0.029075070028011206,6.897443431793799,1.0,0.08,12.5,0
1862,1862,0.047957044390479785,0.02177910164597471,2.201975323410246,0.45,0.08,5.625,0
1863,1863,0.19127777777777766,0.0380104840979454,5.032237350224038,1.0,0.09,11.11111111111111,0
1864,1864,0.21901190476190469,0.02026147186147186,10.809279121442609,1.0,0.08,12.5,0
1865,1865,0.17472691197691187,0.04321794871794871,4.042924691248628,1.0,0.13,7.692307692307692,0
1866,1866,0.08706121828255713,0.033253739578712034,2.618088052216867,0.83,0.11,7.545454545454545,0
1867,1867,0.26344841269841257,0.03851731601731601,6.839739627236113,1.0,0.09,11.11111111111111,0
1868,1868,0.22239285714285703,0.05828189792663476,3.815813572557385,1.0,0.12,8.333333333333334,0
1869,1869,0.06266677059690924,0.015279609069901421,4.101333372484873,0.78,0.12,6.500000000000001,0
1870,1870,0.07822964688440184,0.018512900744479692,4.225682834049057,0.82,0.12,6.833333333333333,0
1871,1871,0.03640229953525776,0.02022742805719892,1.7996504267532034,0.45,0.09,5.0,0
1872,1872,0.019834503608576363,0.021451370081253692,0.9246264240207992,0.41,0.09,4.555555555555555,0
1873,1873,0.024534664726423353,0.04178729156782206,0.5871322070874787,0.41,0.11,3.727272727272727,0
1874,1874,0.22134126984126984,0.0534478021978022,4.141260458608184,1.0,0.12,8.333333333333334,0
1875,1875,0.04318476435422568,0.005290895663476308,8.162089578204183,0.43,0.08,5.375,0
1876,1876,0.061576625294173015,0.028387265214641254,2.1691637017014846,0.74,0.12,6.166666666666667,0
1877,1877,0.24011904761904745,0.019762694512694513,12.150116850959147,1.0,0.07,14.285714285714285,0
1878,1878,0.07556279828835372,0.026935378266268052,2.8053364441880952,0.82,0.13,6.3076923076923075,0
1879,1879,0.22594841269841262,0.03338815789473684,6.767321917272654,1.0,0.08,12.5,0
1880,1880,0.02648016486520681,0.017325616182219956,1.5283822858999678,0.22,0.08,2.75,0
1881,1881,0.10570548311194589,0.024550213230705217,4.30568492903104,0.88,0.11,8.0,0
1882,1882,0.07660401237987113,0.061854654670454944,1.2384518640997484,0.8,0.16,5.0,0
1883,1883,0.17400468975468963,0.018884555984555983,9.214126606788783,0.99,0.08,12.375,0
1884,1884,0.028054572997135922,0.026408354206337293,1.0623370459944672,0.42,0.09,4.666666666666667,0
1885,1885,0.16347457106478594,0.02458471289059524,6.64943990976288,0.98,0.12,8.166666666666666,0
1886,1886,0.2467777777777777,0.03281593406593406,7.520059532114784,1.0,0.08,12.5,0
1887,1887,0.04636414352787499,0.016637606236128404,2.7867075870082614,0.43,0.09,4.777777777777778,0
1888,1888,1.0,0.05907575757575758,16.927417286483713,1.0,0.1,10.0,1
1889,1889,0.1266347511763112,0.03220663861617579,3.9319456055469537,0.79,0.07,11.285714285714285,0
1890,1890,0.25966666666666643,0.0461784007509814,5.623119520031189,0.82,0.12,6.833333333333333,0
1891,1891,0.23074639249639237,0.043250000000000004,5.335176705118898,1.0,0.09,11.11111111111111,0
1892,1892,0.058034744883450944,0.03035354519166157,1.911959361484855,0.27,0.12,2.2500000000000004,0
1893,1893,0.030008079540001415,0.014085347482959159,2.1304465208477117,0.43,0.09,4.777777777777778,0
1894,1894,0.051059574341891956,0.03714637121445142,1.3745508019374917,0.47,0.1,4.699999999999999,0
1895,1895,0.03506584343552429,0.03981636956105042,0.8806891191261887,0.25,0.1,2.5,0
1896,1896,0.1439355644718054,0.0234006734006734,6.150915488939021,0.88,0.08,11.0,0
1897,1897,0.09804055353138909,0.0756028760076935,1.296783385878234,0.88,0.18,4.888888888888889,0
1898,1898,0.20382936507936492,0.025537878787878786,7.981452444519777,1.0,0.09,11.11111111111111,0
1899,1899,0.025086948752171927,0.0242958473195407,1.0325611789630798,0.41,0.1,4.1,0
1900,1900,0.2230198412698413,0.060870085470085475,3.663866077195573,1.0,0.12,8.333333333333334,0
1901,1901,0.10140703070899373,0.04278530377668309,2.370136980639086,0.85,0.13,6.538461538461538,0
1902,1902,0.24409920634920618,0.03575763125763126,6.826492632872918,1.0,0.1,10.0,0
1903,1903,0.024447884958117228,0.028836650970301143,0.8478059738385049,0.41,0.09,4.555555555555555,0
1904,1904,0.051783575397270507,0.030805531766944814,1.6809830062026623,0.75,0.12,6.25,0
1905,1905,0.2146792929292929,0.034471466541588495,6.227738894435796,0.95,0.11,8.636363636363637,0
1906,1906,0.0656711217925087,0.032872442032483976,1.997756106090738,0.77,0.12,6.416666666666667,0
1907,1907,0.06371136041373453,0.02501629994873681,2.546793912140936,0.52,0.12,4.333333333333334,0
1908,1908,0.13031696126454187,0.050230380954171275,2.5943852861366756,0.92,0.16,5.75,0
1909,1909,0.2006626984126983,0.03430107679676645,5.850040790311711,0.99,0.09,11.0,0
1910,1910,0.09047036950644692,0.04123878360488267,2.1938176056127716,0.86,0.15,5.733333333333333,0
1911,1911,0.1730284992784992,0.03794276205914137,4.560250490167261,1.0,0.1,10.0,0
1912,1912,1.0,0.035015873015873014,28.558476881233002,1.0,0.1,10.0,1
1913,1913,0.0988387841518646,0.011378354978354979,8.686561839552855,0.69,0.07,9.857142857142856,0
1914,1914,0.0276288682551788,0.05673410799726589,0.486988678071933,0.37,0.15,2.466666666666667,0
1915,1915,0.086395138163014,0.0349999257278669,2.4684377571186187,0.71,0.12,5.916666666666667,0
1916,1916,0.08395104580089095,0.032006837606837604,2.6229097304807314,0.65,0.09,7.222222222222222,0
1917,1917,1.0,0.03806277630415561,26.272387279611607,1.0,0.09,11.11111111111111,1
1918,1918,0.3508333333333332,0.0404905700631507,8.664568880758152,1.0,0.1,10.0,0
1919,1919,0.024516737722152314,0.057080267402848044,0.42951336490986797,0.37,0.14,2.642857142857143,0
1920,1920,0.06792783224992303,0.016367845489020195,4.1500778031836925,0.66,0.05,13.2,0
1921,1921,0.03642955758083006,0.0357906746031746,1.0178505430461706,0.41,0.12,3.4166666666666665,0
1922,1922,0.09072220499409551,0.012488095238095237,7.264695156819851,0.72,0.09,8.0,0
1923,1923,0.06384960944711265,0.023797619047619047,2.683025109333398,0.65,0.07,9.285714285714285,0
1924,1924,0.1580127960984738,0.03332258064516129,4.741913532480821,0.79,0.1,7.9,0
1925,1925,0.3526666666666666,0.044993253968253974,7.838212077648322,1.0,0.1,10.0,0
1926,1926,0.07653218533720953,0.023024999999999997,3.3238734131252783,0.64,0.07,9.142857142857142,0
1927,1927,0.03627610338025531,0.04691558441558442,0.7732207502504246,0.4,0.12,3.3333333333333335,0
1928,1928,0.03323353053502637,0.025372474747474748,1.3098261350455775,0.39,0.09,4.333333333333334,0
1929,1929,0.36083333333333323,0.013655913978494624,26.423228346456686,1.0,0.04,25.0,0
1930,1930,0.11525888639448673,0.023972439325380502,4.807974892753526,0.75,0.11,6.818181818181818,0
1931,1931,0.020920260791056196,0.04487147961257868,0.46622623037355077,0.37,0.14,2.642857142857143,0
1932,1932,0.07023201690651044,0.04844017094017094,1.4498713679861883,0.65,0.09,7.222222222222222,0
1933,1933,0.09645943567383192,0.040321178821178826,2.392277172788567,0.7,0.13,5.384615384615384,0
1934,1934,0.0978887685414001,0.03141952260702261,3.1155396523918184,0.72,0.17,4.235294117647058,0
1935,1935,0.025399488486076538,0.037461149961149964,0.6780221245855432,0.36,0.11,3.2727272727272725,0
1936,1936,0.11134718665918014,0.027188418777624172,4.0953903045960836,0.72,0.13,5.538461538461538,0
1937,1937,0.19922167991107617,0.048774572649572655,4.084539732257842,0.77,0.19,4.052631578947368,0
1938,1938,1.0,0.041768115942028984,23.941707147814018,1.0,0.08,12.5,1
1939,1939,0.07937586103214904,0.01476010101010101,5.37773156009085,0.66,0.05,13.2,0
1940,1940,0.06772082574574831,0.024713319088319086,2.7402561956057534,0.65,0.06,10.833333333333334,0
1941,1941,1.0,0.008481920655833699,117.89782533655507,1.0,0.07,14.285714285714285,1
1942,1942,0.3614285714285714,0.04545238095238095,7.951807228915661,1.0,0.09,11.11111111111111,0
1943,1943,1.0,0.03254480286738351,30.726872246696036,1.0,0.07,14.285714285714285,1
1944,1944,0.08010170914907418,0.027045893719806764,2.961695774557177,0.67,0.06,11.166666666666668,0
1945,1945,0.07711212330205797,0.00993073593073593,7.76499585125344,0.65,0.05,13.0,0
1946,1946,1.0,0.04267816091954023,23.431187718825747,1.0,0.1,10.0,1
1947,1947,0.07600053305491543,0.041879227053140095,1.8147549131811622,0.65,0.08,8.125,0
1948,1948,0.08702707271702945,0.03539925026240816,2.4584439521151915,0.64,0.08,8.0,0
1949,1949,0.11113696846830842,0.05729554316832664,1.9397140217661062,0.75,0.18,4.166666666666667,0
1950,1950,0.02749259872650227,0.017874528697109343,1.5380880353476596,0.37,0.08,4.625,0
1951,1951,0.02840687304931598,0.03456318214892069,0.8218824565087982,0.38,0.12,3.166666666666667,0
1952,1952,0.10233629339643265,0.060554901960784314,1.6899753790817165,0.7,0.12,5.833333333333333,0
1953,1953,0.37416666666666665,0.03930316091954023,9.52001462255529,1.0,0.07,14.285714285714285,0
1954,1954,0.06082888594034103,0.015945461945461942,3.8148086363627023,0.62,0.09,6.888888888888889,0
1955,1955,0.07823967010967657,0.0151730179028133,5.156500217084024,0.65,0.07,9.285714285714285,0
1956,1956,0.1604782533020889,0.028847217772739592,5.563040934011309,0.75,0.11,6.818181818181818,0
1957,1957,0.029619308013316976,0.017925536881419235,1.6523526301752753,0.36,0.08,4.5,0
1958,1958,0.034825446739760374,0.03360673234811165,1.036263995529967,0.37,0.09,4.111111111111112,0
1959,1959,0.05886652726644986,0.03135323010323011,1.8775267196595875,0.63,0.08,7.875,0
1960,1960,0.0707828998188064,0.05801743358633776,1.2200281095417966,0.68,0.15,4.533333333333334,0
1961,1961,0.15718135356215845,0.026904761904761907,5.842138804965181,0.78,0.1,7.8,0
1962,1962,0.35666666666666663,0.031126373626373625,11.458664313033244,1.0,0.05,20.0,0
1963,1963,0.3768333333333333,0.04095833333333333,9.200406917599185,1.0,0.08,12.5,0
1964,1964,0.08104652930712965,0.01566239316239316,5.174594231341975,0.69,0.08,8.625,0
1965,1965,0.09153207288927101,0.036256451680364725,2.524573383413626,0.72,0.12,6.0,0
1966,1966,0.3512222222222222,0.022,15.964646464646465,1.0,0.06,16.666666666666668,0
1967,1967,0.3327382536700055,0.04386278638262868,7.585889568606667,0.84,0.16,5.25,0
1968,1968,0.03200226423546669,0.029818033273915624,1.073252013017968,0.39,0.12,3.2500000000000004,0
1969,1969,0.17614624151874478,0.03946794871794872,4.463019924788726,0.74,0.09,8.222222222222223,0
1970,1970,0.060180725867413146,0.05983823529411764,1.0057236075163662,0.63,0.11,5.7272727272727275,0
1971,1971,0.3488333333333333,0.02603174603174603,13.400304878048779,1.0,0.05,20.0,0
1972,1972,0.034729968565797756,0.04181481481481482,0.830566121591266,0.41,0.14,2.928571428571428,0
1973,1973,0.0273333658239308,0.01475548245614035,1.8524210174202937,0.4,0.07,5.714285714285714,0
1974,1974,0.15765123383340524,0.05020719602977668,3.1400127133151607,0.77,0.11,7.0,0
1975,1975,0.07446135061637485,0.03846399478657544,1.9358714826563743,0.7,0.15,4.666666666666667,0
1976,1976,0.040462503830830124,0.04069496764222931,0.994287652138149,0.43,0.11,3.909090909090909,0
1977,1977,0.1111137388433794,0.03534889643463497,3.143343924437476,0.74,0.07,10.571428571428571,0
1978,1978,0.12328868741848276,0.04949608258182112,2.4908776813735987,0.72,0.13,5.538461538461538,0
1979,1979,0.353,0.025201388888888888,14.00716450812896,1.0,0.07,14.285714285714285,0
1980,1980,0.035476897612035006,0.03707785333239054,0.9568217796752282,0.39,0.11,3.5454545454545454,0
1981,1981,0.07348895828338212,0.04360488721804511,1.6853376529998227,0.65,0.08,8.125,0
1982,1982,0.15419806604071304,0.02613888888888889,5.899182122705281,0.78,0.08,9.75,0
1983,1983,1.0,0.04577380952380952,21.84655396618986,1.0,0.08,12.5,1
1984,1984,0.3528333333333331,0.037000000000000005,9.536036036036029,1.0,0.06,16.666666666666668,0
1985,1985,1.0,0.07685035842293907,13.012301055209,1.0,0.13,7.692307692307692,1
1986,1986,0.35416666666666663,0.0418655303030303,8.459624519339515,1.0,0.1,10.0,0
1987,1987,0.08675439958218593,0.014656352419510315,5.919235366277069,0.68,0.06,11.333333333333334,0
1988,1988,0.10273032972807843,0.040507575757575756,2.5360769635508422,0.73,0.12,6.083333333333333,0
1989,1989,0.3806666666666667,0.05956666666666667,6.390598768886402,1.0,0.1,10.0,0
1990,1990,0.10690373351951286,0.020677459114959117,5.170061414469116,0.73,0.12,6.083333333333333,0
1991,1991,0.022917165389629707,0.012855270359807562,1.7827058278977157,0.37,0.09,4.111111111111112,0
1992,1992,0.11940496583341603,0.03759209744503862,3.1763315683034605,0.73,0.13,5.615384615384615,0
1993,1993,1.0,0.0314824016563147,31.763777456267267,1.0,0.06,16.666666666666668,1
1994,1994,0.087967931913003,0.011860805860805861,7.4166909858708525,0.67,0.08,8.375,0
1995,1995,0.03288178512374493,0.019359880315762665,1.6984498141227056,0.37,0.09,4.111111111111112,0
1996,1996,0.24521793484293483,0.06911106135244066,3.5481720298349164,0.89,0.15,5.933333333333334,0
1997,1997,0.38009523809523804,0.024034090909090908,15.814837329730945,1.0,0.07,14.285714285714285,0
1998,1998,0.030139469035072638,0.024698162948162947,1.2203121786154714,0.38,0.1,3.8,0
1999,1999,0.053707922923413524,0.06906249999999999,0.7776712821489743,0.4,0.13,3.076923076923077,0
2000,2000,0.029608470087389527,0.043598681139122325,0.6791138932141003,0.37,0.11,3.3636363636363638,0
2001,2001,0.03121368185231638,0.03255681246857717,0.9587450209520009,0.37,0.13,2.846153846153846,0
2002,2002,0.08407123722734836,0.022571428571428572,3.7246750670344206,0.64,0.07,9.142857142857142,0
2003,2003,0.07133763369720784,0.025150000000000002,2.8364864293124388,0.62,0.07,8.857142857142856,0
2004,2004,0.024440524899027517,0.05903210678210678,0.41402088170831947,0.37,0.14,2.642857142857143,0
2005,2005,0.36800000000000005,0.03722751322751323,9.885162023877204,1.0,0.09,11.11111111111111,0
2006,2006,0.02667625801248979,0.03927168174962293,0.6792746534911488,0.38,0.11,3.4545454545454546,0
2007,2007,0.1336651576258353,0.02210144927536232,6.047800574545991,0.69,0.05,13.799999999999999,0
2008,2008,0.1287916199297778,0.03083694742264722,4.176535963971287,0.73,0.12,6.083333333333333,0
2009,2009,0.04539180839248165,0.04549900793650794,0.9976439146942306,0.44,0.13,3.3846153846153846,0
2010,2010,0.0815540496325713,0.014666666666666668,5.560503384038952,0.63,0.05,12.6,0
2011,2011,0.02957307374474557,0.05617344665138782,0.5264600181697225,0.39,0.13,3.0,0
2012,2012,0.06421146187088629,0.06777777777777776,0.9473822243245521,0.46,0.13,3.5384615384615383,0
2013,2013,0.06013780993026389,0.037662229546991215,1.5967671232854088,0.47,0.15,3.1333333333333333,0
2014,2014,0.07419233180328043,0.04640299488093605,1.598869469387658,0.46,0.12,3.8333333333333335,0
2015,2015,0.15504605481266293,0.03041941391941392,5.096944182534407,0.75,0.15,5.0,0
2016,2016,0.04692923213827803,0.02965575396825397,1.5824663297556034,0.39,0.12,3.2500000000000004,0
2017,2017,0.18026278253909825,0.02054179728317659,8.775414344426943,0.79,0.1,7.9,0
2018,2018,0.03283536934251143,0.04777182094734277,0.6873376122443547,0.4,0.14,2.857142857142857,0
2019,2019,0.2752738095238094,0.027254901960784315,10.099974306269266,1.0,0.05,20.0,0
2020,2020,0.3446666666666667,0.030190476190476195,11.416403785488958,1.0,0.07,14.285714285714285,0
2021,2021,0.44916666666666666,0.051,8.80718954248366,1.0,0.08,12.5,0
2022,2022,0.04097597837074164,0.03815873015873016,1.0738297160385704,0.39,0.11,3.5454545454545454,0
2023,2023,0.09338590705408915,0.04431883087242995,2.107138325081203,0.7,0.15,4.666666666666667,0
2024,2024,0.0288615332062265,0.051114308105687414,0.5646468528254444,0.37,0.17,2.176470588235294,0
2025,2025,0.030968615528254834,0.06703907203907204,0.4619487499797961,0.39,0.13,3.0,0
2026,2026,0.10787836636271171,0.03214095066726646,3.356414920003566,0.69,0.09,7.666666666666666,0
2027,2027,0.031176897683023293,0.03298351648351649,0.945226616410168,0.41,0.1,4.1,0
2028,2028,0.05933490805309018,0.03131535131535132,1.8947546669867055,0.62,0.07,8.857142857142856,0
2029,2029,0.08105300039454386,0.03253409090909091,2.4913251955011733,0.68,0.09,7.555555555555556,0
2030,2030,0.3569999999999999,0.027870370370370372,12.80930232558139,1.0,0.05,20.0,0
2031,2031,0.08506749956494199,0.034413992869875225,2.4718869410648083,0.7,0.09,7.777777777777778,0
2032,2032,0.06900818804313048,0.03805555555555555,1.8133538463888303,0.63,0.07,9.0,0
2033,2033,0.33716666666666656,0.0431547619047619,7.812965517241378,1.0,0.09,11.11111111111111,0
2034,2034,0.15155967568947104,0.04757529461279462,3.1856802343103405,0.74,0.14,5.285714285714286,0
2035,2035,0.07600112003803615,0.04980072215366332,1.526104778230521,0.68,0.14,4.857142857142857,0
2036,2036,0.11486907433811455,0.025988235294117645,4.420041339402326,0.75,0.05,15.0,0
2037,2037,0.3504999999999999,0.020900383141762454,16.77002749770852,1.0,0.04,25.0,0
2038,2038,0.07428498323735926,0.01835144927536232,4.047908267228263,0.66,0.07,9.428571428571429,0
2039,2039,0.07259551617420798,0.012927472527472528,5.615600112081712,0.64,0.06,10.666666666666668,0
2040,2040,0.35950000000000004,0.03460683760683761,10.388120523586071,1.0,0.07,14.285714285714285,0
2041,2041,0.15983526923301786,0.024058511381092024,6.643605944739997,0.77,0.11,7.0,0
2042,2042,0.07398267193113928,0.03561769657357893,2.0771324102418047,0.65,0.09,7.222222222222222,0
2043,2043,0.36583333333333323,0.036049783549783554,10.148003602521761,1.0,0.08,12.5,0
2044,2044,0.3524285714285714,0.025277777777777777,13.942229199372056,1.0,0.07,14.285714285714285,0
2045,2045,0.34383333333333327,0.020958333333333332,16.405566600397613,1.0,0.06,16.666666666666668,0
2046,2046,0.3708333333333334,0.025972850678733034,14.277729384436704,1.0,0.05,20.0,0
2047,2047,1.0,0.042109649122807014,23.74752629934382,1.0,0.08,12.5,1
2048,2048,0.16080171816487607,0.047560541310541306,3.3809900756793114,0.78,0.1,7.8,0
2049,2049,0.08368974248021561,0.024307511187306584,3.4429580978211587,0.69,0.12,5.75,0
2050,2050,0.036851217800453154,0.08065079365079365,0.4569231886299053,0.37,0.15,2.466666666666667,0
2051,2051,0.1428994937552987,0.0582173353607177,2.454586642790946,0.76,0.17,4.470588235294118,0
2052,2052,0.08268900163275697,0.011295588469501511,7.3204686817353695,0.66,0.04,16.5,0
2053,2053,0.07311144620138087,0.019706043956043955,3.710102665175329,0.64,0.09,7.111111111111112,0
2054,2054,0.06311093160037856,0.024844444444444447,2.540243221839924,0.63,0.06,10.5,0
2055,2055,0.3754999999999999,0.050166666666666665,7.485049833887041,1.0,0.11,9.090909090909092,0
2056,2056,0.33183333333333315,0.026803160919540228,12.380380595014735,1.0,0.06,16.666666666666668,0
2057,2057,0.1259353963516982,0.03871693121693122,3.2527215456742002,0.69,0.08,8.625,0
2058,2058,0.3991666666666667,0.03861111111111111,10.33812949640288,1.0,0.06,16.666666666666668,0
2059,2059,1.0,0.0359698275862069,27.801078490113838,1.0,0.06,16.666666666666668,1
2060,2060,0.3679999999999999,0.06259972954699122,5.878619646811035,1.0,0.09,11.11111111111111,0
2061,2061,0.03605334701635753,0.046577847805788976,0.7740449315452614,0.39,0.14,2.7857142857142856,0
2062,2062,0.08232612699561165,0.05871746234725775,1.402072291692907,0.66,0.11,6.0,0
2063,2063,0.3698333333333334,0.030242424242424244,12.228957915831664,1.0,0.06,16.666666666666668,0
2064,2064,0.3361666666666666,0.019511494252873563,17.229160530191454,1.0,0.05,20.0,0
2065,2065,0.26044235335897414,0.016687878787878786,15.606678156611853,0.88,0.05,17.599999999999998,0
2066,2066,0.1621251531858309,0.03157816091954023,5.134091044722924,0.8,0.06,13.333333333333334,0
2067,2067,0.2964999999999998,0.014280913978494623,20.761976470588223,1.0,0.04,25.0,0
2068,2068,0.07422170090258325,0.023250000000000003,3.192331221616483,0.65,0.04,16.25,0
2069,2069,0.36207575757575755,0.01455128205128205,24.882739287144574,1.0,0.04,25.0,0
2070,2070,0.09300982141005021,0.038683006535947716,2.4044103532546557,0.72,0.14,5.142857142857142,0
2071,2071,0.08727547049074623,0.014921652421652422,5.848914585632826,0.66,0.07,9.428571428571429,0
2072,2072,0.0646858309804517,0.06035964912280702,1.0716734096456175,0.67,0.11,6.090909090909091,0
2073,2073,1.0,0.04229166666666667,23.64532019704433,1.0,0.06,16.666666666666668,1
2074,2074,0.3424999999999998,0.016945378151260505,20.212000991817494,1.0,0.05,20.0,0
2075,2075,0.07340129892753729,0.03141666666666667,2.3363808677200195,0.65,0.09,7.222222222222222,0
2076,2076,0.12134459135635596,0.038072580645161294,3.187191130732501,0.75,0.11,6.818181818181818,0
2077,2077,0.35883333333333317,0.030945378151260507,11.595700384702415,1.0,0.06,16.666666666666668,0
2078,2078,1.0,0.02655492424242424,37.65779901576207,1.0,0.07,14.285714285714285,1
2079,2079,0.5,0.05266740823136819,9.49353721382107,1.0,0.13,7.692307692307692,0
2080,2080,0.1795705706825641,0.03615835616289336,4.966226060543208,0.84,0.13,6.461538461538461,0
2081,2081,0.07197153405826937,0.021509615384615387,3.3460167823245475,0.64,0.05,12.799999999999999,0
2082,2082,0.08465570781414432,0.029700322553263735,2.8503295768025794,0.7,0.12,5.833333333333333,0
2083,2083,0.3783333333333332,0.027625,13.695324283559572,1.0,0.06,16.666666666666668,0
2084,2084,0.34216666666666656,0.022878136200716846,14.956055146482841,1.0,0.05,20.0,0
2085,2085,0.09770565339373384,0.04168137254901961,2.344108349091109,0.75,0.11,6.818181818181818,0
2086,2086,0.3701666666666666,0.025,14.806666666666663,1.0,0.03,33.333333333333336,0
2087,2087,0.06553594805976705,0.006309090909090908,10.387542199674893,0.63,0.04,15.75,0
2088,2088,1.0,0.03133333333333333,31.914893617021278,1.0,0.06,16.666666666666668,1
2089,2089,0.08569615488172583,0.023481453187335542,3.6495251890093874,0.7,0.11,6.363636363636363,0
2090,2090,1.0,0.041835016835016836,23.903420523138834,1.0,0.07,14.285714285714285,1
2091,2091,0.07375129050740165,0.05468639738397803,1.3486222175061258,0.69,0.15,4.6,0
2092,2092,0.34633333333333327,0.05026163430889597,6.890610265572574,1.0,0.1,10.0,0
2093,2093,0.3509999999999999,0.032969827586206896,10.646097529088768,1.0,0.06,16.666666666666668,0
2094,2094,0.16213740456547115,0.03230050505050505,5.019655398946648,0.74,0.12,6.166666666666667,0
2095,2095,0.3735000000000001,0.045044802867383514,8.291744579271933,1.0,0.08,12.5,0
2096,2096,0.07878194363972225,0.005345454983612878,14.73811750005146,0.66,0.05,13.2,0
2097,2097,0.038165743974779724,0.042901154401154405,0.8896204427951884,0.39,0.11,3.5454545454545454,0
2098,2098,0.3873333333333335,0.01626984126984127,23.806829268292688,1.0,0.05,20.0,0
2099,2099,0.09662961138019183,0.006935897435897436,13.931810882911206,0.68,0.06,11.333333333333334,0
2100,2100,0.16446198744732957,0.045677807486631,3.6004790180759962,0.79,0.16,4.9375,0
2101,2101,0.06404590407536385,0.036499166468206716,1.7547223751301895,0.65,0.07,9.285714285714285,0
2102,2102,0.0703675820575775,0.026603703703703702,2.645029535785316,0.65,0.07,9.285714285714285,0
2103,2103,0.3476666666666667,0.04094017094017094,8.492066805845512,1.0,0.07,14.285714285714285,0
2104,2104,0.34466666666666657,0.017253918495297803,19.97613856589147,1.0,0.05,20.0,0
2105,2105,0.11538106784283253,0.01901347393037506,6.068384360761396,0.74,0.12,6.166666666666667,0
2106,2106,0.23656968539226597,0.034935714285714285,6.771571448562101,0.82,0.11,7.454545454545454,0
2107,2107,0.07533488391366637,0.024112479840421017,3.124310913362737,0.69,0.11,6.2727272727272725,0
2108,2108,0.35942857142857126,0.006261904761904762,57.39923954372621,1.0,0.04,25.0,0
2109,2109,0.37483333333333335,0.00938095238095238,39.95685279187818,1.0,0.04,25.0,0
2110,2110,0.07100765716338468,0.013291938997821351,5.342159422716533,0.66,0.07,9.428571428571429,0
2111,2111,0.09195784689453416,0.009854853479853478,9.331224161021357,0.66,0.06,11.000000000000002,0
2112,2112,0.3693333333333333,0.04566666666666666,8.087591240875913,1.0,0.07,14.285714285714285,0
2113,2113,0.13269736456828105,0.03269743655037773,4.0583415266769,0.76,0.15,5.066666666666667,0
2114,2114,0.08541261338644902,0.027929093567251463,3.058194967222296,0.72,0.13,5.538461538461538,0
2115,2115,0.3531666666666666,0.02693154454764362,13.113494699195297,1.0,0.06,16.666666666666668,0
2116,2116,0.03712776926334198,0.017104748221127532,2.170611854869767,0.42,0.08,5.25,0
2117,2117,0.06142494027383669,0.041622326203208555,1.475769037365855,0.63,0.09,7.0,0
2118,2118,1.0,0.021291666666666667,46.96673189823875,1.0,0.06,16.666666666666668,1
2119,2119,0.09631042880918703,0.055985261226640534,1.7202818509554048,0.74,0.16,4.625,0
2120,2120,0.08800554124624316,0.03398076967835033,2.5898630925453356,0.7,0.13,5.384615384615384,0
2121,2121,0.35949999999999993,0.02485714285714286,14.462643678160916,1.0,0.07,14.285714285714285,0
2122,2122,0.3598333333333332,0.044487179487179486,8.088472622478385,1.0,0.07,14.285714285714285,0
2123,2123,1.0,0.02878787878787879,34.73684210526316,1.0,0.06,16.666666666666668,1
2124,2124,0.3691666666666667,0.026166666666666668,14.108280254777071,1.0,0.05,20.0,0
2125,2125,0.06262354725058766,0.008576719576719577,7.301573368513923,0.64,0.05,12.799999999999999,0
2126,2126,0.08032528283836332,0.036237986511225055,2.2166044687246025,0.68,0.12,5.666666666666667,0
2127,2127,0.08798204908574087,0.011233333333333335,7.832229888938355,0.65,0.04,16.25,0
2128,2128,0.09540296990877482,0.024951282051282053,3.823569855556693,0.69,0.07,9.857142857142856,0
2129,2129,0.08763912559785828,0.04044197553629602,2.167033742434357,0.7,0.13,5.384615384615384,0
2130,2130,0.09907031122285526,0.0371553543136735,2.666380473362799,0.71,0.13,5.461538461538461,0
2131,2131,1.0,0.03535714285714286,28.282828282828284,1.0,0.05,20.0,1
2132,2132,0.06684031660633824,0.016514285714285714,4.047424015954737,0.64,0.05,12.799999999999999,0
2133,2133,0.07363504841615957,0.02612121212121212,2.818975171384299,0.65,0.05,13.0,0
2134,2134,0.07692261521731333,0.044063128456510815,1.745736580942817,0.65,0.11,5.909090909090909,0
2135,2135,0.09430097485186752,0.021217948717948718,4.444396397852366,0.68,0.07,9.714285714285714,0
2136,2136,0.3623333333333333,0.07509523809523809,4.824984147114774,1.0,0.12,8.333333333333334,0
2137,2137,0.17617609365035836,0.016884921453961702,10.433930304663765,0.75,0.06,12.5,0
2138,2138,0.07929367644249542,0.0319,2.485695186285123,0.64,0.07,9.142857142857142,0
2139,2139,0.3319999999999998,0.04259972954699121,7.7934767081977565,1.0,0.08,12.5,0
2140,2140,0.3446666666666666,0.03705555555555556,9.30134932533733,1.0,0.09,11.11111111111111,0
2141,2141,0.07816611003375706,0.020153846153846154,3.878471108545198,0.66,0.06,11.000000000000002,0
2142,2142,1.0,0.020958333333333332,47.71371769383698,1.0,0.04,25.0,1
2143,2143,0.06720519845651424,0.01728196754512544,3.888746942790676,0.6,0.06,10.0,0
2144,2144,0.06352399718239166,0.019217948717948716,3.305451487809573,0.63,0.05,12.6,0
2145,2145,0.09090851514550863,0.016156410256410257,5.626776846016246,0.71,0.09,7.888888888888888,0
2146,2146,0.09423494482464731,0.026807229767968312,3.515280976076375,0.74,0.12,6.166666666666667,0
2147,2147,0.3356666666666665,0.033801587301587305,9.930500117398445,1.0,0.07,14.285714285714285,0
2148,2148,0.07514459034481913,0.006603703703703703,11.379158380875586,0.64,0.05,12.799999999999999,0
2149,2149,0.07764339632102786,0.016407004830917876,4.732332142348993,0.66,0.05,13.2,0
2150,2150,1.0,0.024270833333333332,41.201716738197426,1.0,0.07,14.285714285714285,1
2151,2151,0.059658349532491384,0.01336080586080586,4.465175989683385,0.62,0.06,10.333333333333334,0
2152,2152,0.0899948676818612,0.035491665197547546,2.5356620260263187,0.71,0.14,5.07142857142857,0
2153,2153,0.06222996063473938,0.039447619047619044,1.57753400933067,0.63,0.07,9.0,0
2154,2154,0.35283333333333317,0.018500000000000003,19.07207207207206,1.0,0.07,14.285714285714285,0
2155,2155,0.058492557800738795,0.050476190476190466,1.1588148243542593,0.63,0.09,7.0,0
2156,2156,0.07545389148461903,0.03870739072755202,1.9493406831711537,0.69,0.14,4.928571428571428,0
2157,2157,0.03579122937994107,0.022247605363984676,1.6087677210366813,0.41,0.08,5.125,0
2158,2158,0.11091071719182838,0.03299696545284781,3.361239910085617,0.73,0.13,5.615384615384615,0
2159,2159,0.024863979002540924,0.01692857142857143,1.4687582533146535,0.36,0.08,4.5,0
2160,2160,0.07972946919146269,0.04367595153897336,1.8254775541711485,0.69,0.14,4.928571428571428,0
2161,2161,0.05619089885750699,0.017954545454545456,3.129619683202921,0.63,0.04,15.75,0
2162,2162,0.11649509388548958,0.041400735294117634,2.813841180787956,0.74,0.14,5.285714285714286,0
2163,2163,0.09049162861132673,0.030884615384615385,2.929990465622036,0.68,0.05,13.6,0
2164,2164,0.34283333333333316,0.014291666666666664,23.988338192419818,1.0,0.04,25.0,0
2165,2165,0.3983333333333334,0.03355978260869565,11.869365721997301,1.0,0.07,14.285714285714285,0
2166,2166,0.08567692757467624,0.057437901179280486,1.4916444684713233,0.72,0.16,4.5,0
2167,2167,0.1608318251115431,0.032965183140704964,4.878839120203465,0.74,0.12,6.166666666666667,0
2168,2168,0.29324988944747,0.02496078431372549,11.748424479042395,0.82,0.11,7.454545454545454,0
2169,2169,0.06593638357736577,0.04975605403451703,1.3251931821527494,0.64,0.1,6.3999999999999995,0
2170,2170,0.10606362303959313,0.03750500074638006,2.827986159947758,0.74,0.11,6.7272727272727275,0
2171,2171,0.02710704552841019,0.02490050272308337,1.0886143878244394,0.38,0.09,4.222222222222222,0
2172,2172,1.0,0.024254901960784316,41.2287793047696,1.0,0.05,20.0,1
2173,2173,0.09241972966422754,0.03321070732358033,2.7828293075410504,0.71,0.15,4.733333333333333,0
2174,2174,0.08483742479081031,0.02866666666666667,2.95944505084222,0.65,0.08,8.125,0
2175,2175,0.1761812188929062,0.047719827586206895,3.691991941392308,0.75,0.12,6.25,0
2176,2176,0.06556384718603142,0.02634017094017094,2.4891200339949626,0.63,0.06,10.5,0
2177,2177,0.08380810253890746,0.024571018062397375,3.4108518550627105,0.65,0.08,8.125,0
2178,2178,0.2596470649233807,0.015883838383838382,16.3466196676723,0.9,0.08,11.25,0
2179,2179,0.3876666666666665,0.03674242424242424,10.550927835051542,1.0,0.06,16.666666666666668,0
2180,2180,0.09055608920233528,0.04910370370370371,1.8441804257527923,0.63,0.08,7.875,0
2181,2181,0.07634734532006462,0.04447675241425242,1.716567446493674,0.71,0.15,4.733333333333333,0
2182,2182,0.10259841842680398,0.03651923076923077,2.8094353650309674,0.69,0.1,6.8999999999999995,0
2183,2183,0.07243776665483581,0.015103703703703704,4.796026728005313,0.65,0.06,10.833333333333334,0
2184,2184,0.3484999999999999,0.06688095238095239,5.210751156995371,1.0,0.11,9.090909090909092,0
2185,2185,0.1188696114566049,0.07262222222222221,1.6368214551858082,0.73,0.11,6.636363636363636,0
2186,2186,0.11652783891823461,0.021143790849673202,5.511208455792858,0.7,0.07,9.999999999999998,0
2187,2187,0.07125080638860194,0.01627037037037037,4.379175443870368,0.64,0.05,12.799999999999999,0
2188,2188,1.0,0.011920585161964472,83.88849929873773,1.0,0.05,20.0,1
2189,2189,0.13739176467750316,0.029893115942028984,4.596100484939201,0.75,0.08,9.375,0
2190,2190,0.3508333333333332,0.03602380952380953,9.738929279576995,1.0,0.07,14.285714285714285,0
2191,2191,0.09447674178791196,0.024551282051282052,3.8481388300037245,0.67,0.07,9.571428571428571,0
2192,2192,0.034167893465849836,0.03248459383753502,1.0518183984917124,0.4,0.12,3.3333333333333335,0
2193,2193,0.11719598484590744,0.024191974691974694,4.8444158171505265,0.75,0.13,5.769230769230769,0
2194,2194,0.07401908035114502,0.01456084656084656,5.08343248051105,0.65,0.05,13.0,0
2195,2195,0.5,0.04266740823136819,11.718546326711506,1.0,0.12,8.333333333333334,0
2196,2196,0.07060245947436346,0.03653095238095238,1.9326750296052047,0.64,0.07,9.142857142857142,0
2197,2197,0.06552113113575624,0.020911928349428347,3.133194129251468,0.7,0.12,5.833333333333333,0
2198,2198,0.06806050301034819,0.03681939799331104,1.8484958125255797,0.65,0.07,9.285714285714285,0
2199,2199,0.06314803817839743,0.03591097308488613,1.7584607921686914,0.63,0.11,5.7272727272727275,0
2200,2200,0.3381666666666665,0.05793968253968254,5.836529505232587,1.0,0.09,11.11111111111111,0
2201,2201,1.0,0.023479166666666666,42.590949423247565,1.0,0.06,16.666666666666668,1
2202,2202,0.025275497412114763,0.024186220642102994,1.0450370806638378,0.37,0.09,4.111111111111112,0
2203,2203,0.07482168410875502,0.052934782608695656,1.41346918644876,0.63,0.11,5.7272727272727275,0
2204,2204,0.21087371081392572,0.032425070028011205,6.503415740714121,0.77,0.1,7.7,0
2205,2205,0.10230495254229771,0.026946276861569217,3.796626638547051,0.7,0.08,8.75,0
2206,2206,1.0,0.020928030303030302,47.782805429864254,1.0,0.06,16.666666666666668,1
2207,2207,0.1433618429666383,0.06490637351778655,2.2087483123264047,0.77,0.12,6.416666666666667,0
2208,2208,0.32994778315366546,0.03909656084656085,8.43930453240082,0.88,0.09,9.777777777777779,0
2209,2209,0.07133250339558388,0.05807954545454546,1.2281863233831698,0.64,0.09,7.111111111111112,0
2210,2210,0.3955000000000002,0.02115591397849462,18.69453621346888,1.0,0.04,25.0,0
2211,2211,0.07659069422149917,0.028768115942028983,2.6623465497649588,0.69,0.06,11.5,0
2212,2212,0.3773333333333333,0.011194444444444444,33.707196029776675,1.0,0.05,20.0,0
2213,2213,0.36999999999999994,0.012192982456140351,30.34532374100719,1.0,0.04,25.0,0
2214,2214,0.14996479028367565,0.04074175824175824,3.6808620137058625,0.8,0.09,8.88888888888889,0
2215,2215,0.1255082009522412,0.06379558846950151,1.9673492158825743,0.7,0.1,6.999999999999999,0
2216,2216,0.35483333333333333,0.03880909090909091,9.143046771296946,1.0,0.08,12.5,0
2217,2217,0.1133559207187163,0.052397287800750786,2.163392905941442,0.74,0.17,4.352941176470588,0
2218,2218,1.0,0.026987179487179488,37.05463182897862,1.0,0.06,16.666666666666668,1
2219,2219,0.1559890273125567,0.05549482758620689,2.8108750688564608,0.82,0.13,6.3076923076923075,0
2220,2220,1.0,0.049435897435897436,20.228215767634854,1.0,0.08,12.5,1
2221,2221,0.06924898534782095,0.023768115942028985,2.913524383536369,0.65,0.07,9.285714285714285,0
2222,2222,0.072651344377388,0.04393050910442216,1.6537787942474522,0.66,0.09,7.333333333333334,0
2223,2223,0.07995709096769127,0.021838235294117644,3.6613348052545502,0.66,0.06,11.000000000000002,0
2224,2224,0.08669812040497282,0.011327597840755734,7.653707487128503,0.67,0.04,16.75,0
2225,2225,0.030858351389674802,0.03871819561157796,0.7969986953743057,0.4,0.11,3.6363636363636367,0
2226,2226,0.07532206758383225,0.02950490196078432,2.552866221482269,0.67,0.08,8.375,0
2227,2227,0.12074539348761146,0.02300046685340803,5.2496931587160525,0.73,0.1,7.3,0
2228,2228,0.08586623840779849,0.05598856209150326,1.533638929098867,0.69,0.14,4.928571428571428,0
2229,2229,1.0,0.06241781874039939,16.02106610227888,1.0,0.1,10.0,1
2230,2230,0.14142542956077167,0.07759314341572406,1.8226536950958498,0.74,0.16,4.625,0
2231,2231,0.08380022374426398,0.026347614803497156,3.1805620497055793,0.68,0.1,6.8,0
2232,2232,0.07334436219319782,0.023055994729907773,3.1811406557122854,0.66,0.07,9.428571428571429,0
2233,2233,1.0,0.00635444297082228,157.37020610487872,1.0,0.04,25.0,1
2234,2234,0.29249999999999976,0.012857142857142855,22.749999999999986,1.0,0.03,33.333333333333336,0
2235,2235,0.06748979572692068,0.018740338164251205,3.6013115203899164,0.63,0.07,9.0,0
2236,2236,0.08649734183085575,0.01891314935064935,4.573397070323775,0.71,0.11,6.454545454545454,0
2237,2237,0.3808333333333332,0.0428225806451613,8.893283113622092,1.0,0.08,12.5,0
2238,2238,0.10146316102484831,0.04436606697908879,2.2869541506275795,0.74,0.14,5.285714285714286,0
2239,2239,0.10087503362252409,0.02146416083916084,4.699696129674916,0.7,0.06,11.666666666666666,0
2240,2240,1.0,0.012833333333333334,77.92207792207792,1.0,0.03,33.333333333333336,1
2241,2241,0.0639265768573818,0.04414652014652015,1.4480547197199827,0.63,0.11,5.7272727272727275,0
2242,2242,0.09559745184009884,0.05863131313131313,1.6304845778567982,0.72,0.12,6.0,0
2243,2243,0.06729864105797363,0.017218181818181817,3.9085799980871703,0.65,0.05,13.0,0
2244,2244,1.0,0.020969827586206895,47.68756423432683,1.0,0.04,25.0,1
2245,2245,0.15817932412955293,0.05409892402283706,2.9238903912909593,0.72,0.15,4.8,0
2246,2246,0.0809417790055948,0.029380341880341884,2.754963823608608,0.64,0.08,8.0,0
2247,2247,0.08394390411360224,0.011812011517893871,7.106656134430334,0.66,0.04,16.5,0
2248,2248,0.12882016790498751,0.02619053676311741,4.918576853544955,0.71,0.12,5.916666666666667,0
2249,2249,0.06558440019159832,0.042055555555555554,1.5594705461674634,0.63,0.11,5.7272727272727275,0
2250,2250,0.061979802997140426,0.016690170940170942,3.7135511205558465,0.64,0.06,10.666666666666668,0
2251,2251,0.10839531717503513,0.03169728800611154,3.419703198397777,0.73,0.12,6.083333333333333,0
2252,2252,0.0939447907922332,0.04621794871794872,2.03264734585137,0.67,0.1,6.7,0
2253,2253,0.36150000000000004,0.012333333333333333,29.310810810810814,1.0,0.04,25.0,0
2254,2254,0.06421598670158701,0.009550000000000001,6.724187089171414,0.63,0.05,12.6,0
2255,2255,0.1184743016981373,0.07841672301104351,1.5108295418242923,0.75,0.16,4.6875,0
2256,2256,0.13958567614875658,0.024754985754985755,5.638689415147147,0.79,0.08,9.875,0
2257,2257,0.3381666666666665,0.032197802197802196,10.502787258248004,1.0,0.05,20.0,0
2258,2258,0.4085000000000001,0.050806267806267805,8.04034654853362,1.0,0.1,10.0,0
2259,2259,0.1221320419346735,0.03356115623506928,3.6390892220528825,0.71,0.1,7.1,0
2260,2260,0.09299184292883643,0.027177940115440117,3.4215927525723937,0.75,0.12,6.25,0
2261,2261,0.37550000000000006,0.022666666666666665,16.56617647058824,1.0,0.05,20.0,0
2262,2262,0.29466666666666647,0.025328533026113674,11.633783384251494,0.99,0.07,14.14285714285714,0
2263,2263,0.18196416645024385,0.0512849548112706,3.5481003565251195,0.78,0.14,5.571428571428571,0
2264,2264,0.07644998720708122,0.004787037037037037,15.970210093548884,0.67,0.04,16.75,0
2265,2265,0.12916734899087834,0.023794802867383513,5.428384917108651,0.72,0.07,10.285714285714285,0
2266,2266,1.0,0.03353703703703704,29.817780231916068,1.0,0.08,12.5,1
2267,2267,0.05581463399463222,0.033993080993080994,1.6419410175262672,0.64,0.11,5.818181818181818,0
2268,2268,0.06748782777773649,0.037592592592592594,1.7952427093585075,0.62,0.07,8.857142857142856,0
2269,2269,0.5,0.06933407489803485,7.211461330310064,1.0,0.14,7.142857142857142,0
2270,2270,0.08734608504977688,0.039077639751552797,2.2351934662662445,0.71,0.1,7.1,0
2271,2271,0.3501666666666667,0.013267958796421795,26.39190187725804,1.0,0.05,20.0,0
2272,2272,0.07027569006725015,0.013365079365079366,5.258157332822754,0.66,0.05,13.2,0
2273,2273,0.06846487268751197,0.04176507936507936,1.639285109194761,0.63,0.11,5.7272727272727275,0
2274,2274,0.06711235774316264,0.029670329670329672,2.2619350202325186,0.64,0.07,9.142857142857142,0
2275,2275,0.34333333333333316,0.054321568627450974,6.320386947733176,1.0,0.09,11.11111111111111,0
2276,2276,0.3533333333333333,0.045588235294117645,7.750537634408602,1.0,0.07,14.285714285714285,0
2277,2277,0.12593426846058425,0.06856666666666666,1.8366689615058471,0.77,0.17,4.529411764705882,0
2278,2278,0.3548333333333333,0.03294758064516129,10.76963243992983,1.0,0.07,14.285714285714285,0
2279,2279,0.09439426420979811,0.04880555555555555,1.934088509705596,0.66,0.09,7.333333333333334,0
2280,2280,0.0789831003642115,0.011410931174089069,6.92170508779856,0.67,0.04,16.75,0
2281,2281,0.16548467115959373,0.03087878787878788,5.359169919790572,0.75,0.11,6.818181818181818,0
2282,2282,0.0870125854455082,0.031645421245421246,2.7496105920251575,0.68,0.06,11.333333333333334,0
2283,2283,0.08143986268165157,0.028768115942028983,2.8309070655082915,0.65,0.06,10.833333333333334,0
2284,2284,0.021536158375766883,0.04057820855614973,0.5307321131726754,0.36,0.12,3.0,0
2285,2285,0.09827176783484831,0.03562064270152506,2.7588431982627,0.67,0.1,6.7,0
2286,2286,0.10419926781613413,0.031,3.3612667037462622,0.73,0.14,5.2142857142857135,0
2287,2287,0.37810144927536216,0.03939244663382595,9.59832357685267,1.0,0.07,14.285714285714285,0
2288,2288,0.26250724683812904,0.026294802867383515,9.983236921838541,0.97,0.07,13.857142857142856,0
2289,2289,0.08306773811067475,0.006296686159844054,13.19229448664979,0.69,0.04,17.25,0
2290,2290,0.3579999999999998,0.04232258064516129,8.458841463414629,1.0,0.06,16.666666666666668,0
2291,2291,0.12938795853506535,0.035506732348111664,3.6440401574138805,0.76,0.07,10.857142857142856,0
2292,2292,0.07006317392730192,0.016342592592592593,4.287151719064367,0.63,0.05,12.6,0
2293,2293,0.12057032795448967,0.006498901098901099,18.552417727187287,0.73,0.04,18.25,0
2294,2294,0.06464039862244794,0.04474343434343434,1.444690144397315,0.64,0.08,8.0,0
2295,2295,0.0938611036929068,0.0014166666666666666,66.2548967244048,0.65,0.03,21.666666666666668,0
2296,2296,0.09479775864195028,0.03931201151789387,2.4114196903610656,0.69,0.11,6.2727272727272725,0
2297,2297,0.03226335671253561,0.050805916305916306,0.6350314896058388,0.38,0.12,3.166666666666667,0
2298,2298,0.12355942184750233,0.03553787878787879,3.4768372807227257,0.69,0.09,7.666666666666666,0
2299,2299,0.37216666666666653,0.03538461538461538,10.517753623188403,1.0,0.05,20.0,0
2300,2300,0.3721666666666666,0.06429193899782135,5.788698746187732,1.0,0.11,9.090909090909092,0
2301,2301,0.1438552646465665,0.029774260461760464,4.83153107467848,0.71,0.11,6.454545454545454,0
2302,2302,0.08361018196090657,0.012037426900584796,6.945851688357473,0.66,0.04,16.5,0
2303,2303,0.3315833333333332,0.03355128205128205,9.882881161635456,1.0,0.06,16.666666666666668,0
2304,2304,0.071504953252417,0.04559656084656085,1.5682093544958733,0.65,0.09,7.222222222222222,0
2305,2305,0.12049413765504419,0.03953461538461538,3.0478135801451005,0.68,0.09,7.555555555555556,0
2306,2306,0.3786666666666666,0.04430626780626781,8.546571070314759,1.0,0.09,11.11111111111111,0
2307,2307,0.37883333333333336,0.033458605664488016,11.322448315155462,1.0,0.06,16.666666666666668,0
2308,2308,0.3684999999999999,0.03361405835543767,10.962675083842964,1.0,0.07,14.285714285714285,0
2309,2309,1.0,0.021,47.61904761904761,1.0,0.04,25.0,1
2310,2310,0.09837851865483442,0.049988256841198016,1.9680325914816734,0.71,0.1,7.1,0
2311,2311,0.39241666666666675,0.02926639621365788,13.408438258057066,1.0,0.06,16.666666666666668,0
2312,2312,0.10632018732994894,0.032969807969807974,3.2247742366989645,0.69,0.12,5.75,0
2313,2313,0.0873481066802007,0.04631370895186684,1.8860097508273481,0.71,0.12,5.916666666666667,0
2314,2314,0.10378178615367671,0.04439668174962291,2.337602317645241,0.72,0.13,5.538461538461538,0
2315,2315,0.08254123105535903,0.016134615384615386,5.115785476613431,0.63,0.06,10.5,0
2316,2316,0.11892532816340866,0.012936032184134649,9.193338921131026,0.75,0.1,7.5,0
2317,2317,0.06982875171248439,0.030954053786715074,2.2558839043709886,0.7,0.12,5.833333333333333,0
2318,2318,0.08030615054879757,0.027153822055137847,2.9574529282003095,0.69,0.08,8.625,0
2319,2319,0.07746446054631298,0.02991693899782135,2.5893177290615927,0.64,0.1,6.3999999999999995,0
2320,2320,0.11755651375055395,0.027906912259853436,4.212451476391726,0.73,0.1,7.3,0
2321,2321,0.1907718422644892,0.04213528138528139,4.52760337637449,0.79,0.12,6.583333333333334,0
2322,2322,0.08105714503934314,0.027852359843458917,2.9102433508297243,0.7,0.12,5.833333333333333,0
2323,2323,0.347,0.05669934640522876,6.119999999999999,1.0,0.08,12.5,0
2324,2324,1.0,0.03430316091954023,29.151832460732987,1.0,0.07,14.285714285714285,1
2325,2325,0.07108303940927775,0.0449824016563147,1.5802410896684302,0.65,0.09,7.222222222222222,0
2326,2326,0.3508333333333333,0.022982142857142857,15.265475265475263,1.0,0.05,20.0,0
2327,2327,0.07213184792360487,0.011466486729644626,6.290666847162559,0.65,0.04,16.25,0
2328,2328,0.07530204382932969,0.030161904761904765,2.496594443346895,0.63,0.07,9.0,0
2329,2329,0.377,0.020384615384615383,18.49433962264151,1.0,0.04,25.0,0
2330,2330,0.06972135873766062,0.041188186813186804,1.692751347707752,0.67,0.1,6.7,0
2331,2331,1.0,0.03298924731182796,30.312907431551498,1.0,0.07,14.285714285714285,1
2332,2332,0.07766833431303242,0.014656084656084655,5.299391763596797,0.64,0.05,12.799999999999999,0
2333,2333,0.08339714510083693,0.03275714285714286,2.545922440932658,0.63,0.06,10.5,0
2334,2334,0.36166666666666664,0.018268115942028984,19.797699325664418,1.0,0.05,20.0,0
2335,2335,0.08670319577223598,0.04369120343258274,1.9844542827945322,0.7,0.13,5.384615384615384,0
2336,2336,0.08433154924362013,0.028083028083028084,3.0029364708923865,0.66,0.08,8.25,0
2337,2337,0.025012235328896338,0.01563888888888889,1.5993614064658404,0.37,0.09,4.111111111111112,0
2338,2338,0.08542175943559055,0.017218181818181817,4.961137031634087,0.63,0.06,10.5,0
2339,2339,0.34526190476190466,0.04111405835543767,8.397660522273423,1.0,0.07,14.285714285714285,0
2340,2340,1.0,0.02630252100840336,38.019169329073485,1.0,0.05,20.0,1
2341,2341,0.07428576013358618,0.02924898757156822,2.5397720161020687,0.68,0.14,4.857142857142857,0
2342,2342,0.07840927340732833,0.04745616883116883,1.6522461744916448,0.73,0.14,5.2142857142857135,0
2343,2343,0.06848016211533339,0.03191239316239316,2.145879870771746,0.65,0.08,8.125,0
2344,2344,0.06903556742329625,0.020768115942028986,3.3241131557623453,0.64,0.05,12.799999999999999,0
2345,2345,0.08100515695399256,0.045445378151260506,1.782472943329348,0.69,0.09,7.666666666666666,0
2346,2346,0.026187865861723364,0.011195272048213224,2.339189771266253,0.37,0.08,4.625,0
2347,2347,1.0,0.018166666666666664,55.045871559633035,1.0,0.05,20.0,1
2348,2348,0.37850000000000006,0.043989247311827955,8.60437545832315,1.0,0.08,12.5,0
2349,2349,0.10722018988923007,0.02489145457033388,4.307510016590881,0.73,0.12,6.083333333333333,0
2350,2350,0.3305476190476188,0.020433062880324548,16.177095963714304,0.98,0.07,13.999999999999998,0
2351,2351,0.06748381253330603,0.02574175824175824,2.621569665114557,0.62,0.06,10.333333333333334,0
2352,2352,0.3456666666666665,0.020588235294117643,16.789523809523804,1.0,0.05,20.0,0
2353,2353,0.3779999999999999,0.04259972954699121,8.873295770176966,1.0,0.08,12.5,0
2354,2354,0.35716666666666663,0.02612121212121212,13.673433874709975,1.0,0.08,12.5,0
2355,2355,0.11133272413860645,0.02376984126984127,4.683780715013159,0.66,0.06,11.000000000000002,0
2356,2356,0.36466666666666653,0.03816666666666667,9.554585152838424,1.0,0.07,14.285714285714285,0
2357,2357,0.12015772426971777,0.025487185228564538,4.714436811761075,0.73,0.14,5.2142857142857135,0
2358,2358,0.15521241240077313,0.03675180375180375,4.223259719413239,0.74,0.09,8.222222222222223,0
2359,2359,0.3553333333333332,0.025047619047619048,14.186311787072238,1.0,0.05,20.0,0
2360,2360,0.08915477663480081,0.03278501542317332,2.7193757722555114,0.71,0.14,5.07142857142857,0
2361,2361,0.0791679541766868,0.031948863636363636,2.477958373661191,0.69,0.11,6.2727272727272725,0
2362,2362,0.07659981244245945,0.01962121212121212,3.9039286650210996,0.7,0.06,11.666666666666666,0
2363,2363,0.3568333333333333,0.01272577996715928,28.040193548387087,1.0,0.04,25.0,0
2364,2364,0.03308243188693614,0.03650937950937951,0.9061351447629241,0.39,0.1,3.9,0
2365,2365,0.03043364193216217,0.0349468954248366,0.8708539503206661,0.37,0.1,3.6999999999999997,0
2366,2366,0.07632039915708642,0.01988888888888889,3.8373385051049036,0.68,0.06,11.333333333333334,0
2367,2367,0.07767780727184749,0.020434782608695655,3.8012543984095575,0.67,0.04,16.75,0
2368,2368,0.0626014122753253,0.034684782608695654,1.8048667907646279,0.64,0.08,8.0,0
2369,2369,1.0,0.047361111111111104,21.114369501466278,1.0,0.09,11.11111111111111,1
2370,2370,0.3648333333333333,0.0368448275862069,9.901887381063794,1.0,0.09,11.11111111111111,0
2371,2371,0.10176057622736512,0.030240138577425104,3.3650829994321363,0.69,0.13,5.3076923076923075,0
2372,2372,0.07724262525113917,0.050740740740740746,1.5222999137085822,0.66,0.07,9.428571428571429,0
2373,2373,0.10471059634890569,0.045954916571295884,2.2785504612211493,0.74,0.16,4.625,0
2374,2374,0.3481666666666665,0.004254901960784313,81.82718894009214,1.0,0.03,33.333333333333336,0
2375,2375,0.13478823088371825,0.01606784188034188,8.388695375987252,0.78,0.11,7.090909090909091,0
2376,2376,0.35299999999999976,0.027738095238095242,12.72618025751072,1.0,0.06,16.666666666666668,0
2377,2377,0.07129336234548016,0.033926315789473686,2.1014177545208237,0.62,0.07,8.857142857142856,0
2378,2378,0.03007908743295447,0.043250875350140064,0.695456154111273,0.38,0.11,3.4545454545454546,0
2379,2379,0.08196754885121754,0.037575757575757575,2.1813944452340155,0.65,0.07,9.285714285714285,0
2380,2380,0.25819856468812175,0.05566541440679371,4.638401913282259,0.87,0.16,5.4375,0
2381,2381,0.3358333333333332,0.06033333333333333,5.566298342541435,1.0,0.07,14.285714285714285,0
2382,2382,0.32816406159294087,0.03856242987638983,8.509942517752545,0.88,0.13,6.769230769230769,0
2383,2383,0.31543589743589723,0.001436639000598956,219.56517768512992,0.99,0.03,33.0,0
2384,2384,1.0,0.026458032708032708,37.79570503351892,1.0,0.07,14.285714285714285,1
2385,2385,0.09562439857041247,0.013744835518748562,6.957114797043338,0.67,0.06,11.166666666666668,0
2386,2386,0.34499999999999986,0.040969827586206896,8.420831141504468,1.0,0.06,16.666666666666668,0
2387,2387,0.33342857142857135,0.016102564102564103,20.706551410373063,1.0,0.04,25.0,0
2388,2388,0.11352530659292424,0.040369448798328114,2.8121589462382217,0.73,0.16,4.5625,0
2389,2389,0.07444902906102258,0.07412632275132275,1.004353464433713,0.64,0.15,4.266666666666667,0
2390,2390,0.0731048186980008,0.02918787878787879,2.5046293781499442,0.65,0.06,10.833333333333334,0
2391,2391,0.3815,0.026444444444444448,14.426470588235293,1.0,0.05,20.0,0
2392,2392,0.3858333333333333,0.03258823529411765,11.839651022864018,1.0,0.07,14.285714285714285,0
2393,2393,0.3153333333333331,0.02527380952380952,12.476683937823825,1.0,0.07,14.285714285714285,0
2394,2394,0.07236371098166425,0.04566520467836257,1.5846575415866289,0.65,0.1,6.5,0
2395,2395,0.3496666666666666,0.00609181141439206,57.39945689069925,1.0,0.03,33.333333333333336,0
2396,2396,0.0599569831414799,0.022142424242424238,2.7077876606936324,0.62,0.06,10.333333333333334,0
2397,2397,0.09568182434006993,0.021037605153704227,4.548132909663561,0.72,0.1,7.199999999999999,0
2398,2398,0.0889571668574951,0.03148086124401914,2.8257539134001792,0.66,0.06,11.000000000000002,0
2399,2399,0.07690113776628806,0.0044585137085137085,17.248155505150134,0.63,0.05,12.6,0
2400,2400,0.11448486389854357,0.04283730158730159,2.672550782995181,0.68,0.12,5.666666666666667,0
2401,2401,0.10827776335864567,0.03660730446024564,2.9578185270710615,0.75,0.11,6.818181818181818,0
2402,2402,0.08140567793060051,0.047527618215118216,1.7128078575733447,0.69,0.12,5.75,0
2403,2403,0.10989335542600111,0.010762216462874358,10.211033740595377,0.71,0.12,5.916666666666667,0
2404,2404,0.3454999999999999,0.02166666666666667,15.94615384615384,1.0,0.05,20.0,0
2405,2405,0.08624406947989863,0.054543756896698076,1.5811904860759527,0.72,0.17,4.235294117647058,0
2406,2406,0.0844332643751307,0.03945357142857143,2.1400664456446634,0.7,0.09,7.777777777777778,0
2407,2407,0.3928333333333335,0.06678571428571428,5.881996434937614,1.0,0.09,11.11111111111111,0
2408,2408,0.35300000000000004,0.028921568627450978,12.205423728813562,1.0,0.05,20.0,0
2409,2409,0.35833333333333317,0.026102564102564105,13.727897838899796,1.0,0.06,16.666666666666668,0
2410,2410,1.0,0.015933062880324544,62.76257161043921,1.0,0.04,25.0,1
2411,2411,0.11005549329859803,0.016258345004668533,6.76916951061107,0.76,0.11,6.909090909090909,0
2412,2412,0.08175578392482416,0.04838167388167389,1.689808916590457,0.71,0.13,5.461538461538461,0
2413,2413,0.09384522021317347,0.04819642857142857,1.9471405453641033,0.66,0.11,6.0,0
2414,2414,0.32366666666666644,0.06775132275132276,4.777274502147595,1.0,0.11,9.090909090909092,0
2415,2415,0.05649067714163063,0.07076811594202899,0.7982504040082967,0.62,0.11,5.636363636363637,0
2416,2416,0.0693315405921409,0.012813632119514473,5.410764094479713,0.65,0.05,13.0,0
2417,2417,0.08193686643450572,0.0313895173453997,2.6103257827414157,0.66,0.07,9.428571428571429,0
2418,2418,0.3387619047619047,0.03880952380952381,8.72883435582822,1.0,0.06,16.666666666666668,0
2419,2419,0.055826179180819765,0.02405131578947368,2.3211278613394075,0.65,0.06,10.833333333333334,0
2420,2420,0.11741797472966198,0.07605128205128205,1.5439315625275851,0.69,0.11,6.2727272727272725,0
2421,2421,0.19072970085470078,0.028993108340934427,6.578449561595151,0.71,0.12,5.916666666666667,0
2422,2422,0.16370813928212244,0.0826045243456234,1.9818301791455821,0.75,0.21,3.5714285714285716,0
2423,2423,0.36216666666666664,0.013827482605945605,26.191800560352217,1.0,0.05,20.0,0
2424,2424,0.10893874847713521,0.058366013071895415,1.866475757782944,0.72,0.15,4.8,0
2425,2425,0.10889744573327485,0.020856351236146632,5.221308583667412,0.73,0.07,10.428571428571427,0
2426,2426,0.1477038465920045,0.05366702508960573,2.752227207403227,0.77,0.12,6.416666666666667,0
2427,2427,0.369,0.03654761904761905,10.096416938110748,1.0,0.08,12.5,0
2428,2428,1.0,0.023822580645161292,41.976980365605954,1.0,0.06,16.666666666666668,1
2429,2429,0.38079166666666664,0.009767025089605735,38.98747706422018,1.0,0.04,25.0,0
2430,2430,0.3558333333333333,0.0235,15.141843971631204,1.0,0.05,20.0,0
2431,2431,0.22881988966915434,0.04501507724301842,5.083183317310491,0.83,0.16,5.1875,0
2432,2432,0.06691732260372497,0.04432367149758454,1.5097423192339041,0.64,0.08,8.0,0
2433,2433,0.37233333333333335,0.011751152073732719,31.684836601307193,1.0,0.03,33.333333333333336,0
2434,2434,0.06356394196936588,0.039077380952380954,1.6266172507012135,0.63,0.1,6.3,0
2435,2435,0.03467495692148763,0.0647013888888889,0.5359229147466156,0.4,0.13,3.076923076923077,0
2436,2436,0.07738822602263,0.0388351657504581,1.992735824018393,0.65,0.09,7.222222222222222,0
2437,2437,0.2115704022679828,0.034369696969696974,6.155724982228382,0.78,0.12,6.500000000000001,0
2438,2438,0.06826768957101435,0.05958333333333334,1.1457514333596812,0.63,0.09,7.0,0
2439,2439,0.13355548390935257,0.040472906178788536,3.2998738296521863,0.75,0.13,5.769230769230769,0
2440,2440,0.06263931882792428,0.033699161580565754,1.8587797408006812,0.67,0.13,5.153846153846154,0
2441,2441,0.1973195389256501,0.06618105870737448,2.9815107642522953,0.76,0.21,3.619047619047619,0
2442,2442,0.349,0.025859649122807016,13.495929443690637,1.0,0.05,20.0,0
2443,2443,0.24875312581519674,0.03990591397849463,6.23349025282945,0.96,0.09,10.666666666666666,0
2444,2444,0.11163983432525384,0.03239002664002664,3.446734872002008,0.74,0.12,6.166666666666667,0
2445,2445,0.06274922374987099,0.006876114081996435,9.125681017155575,0.66,0.05,13.2,0
2446,2446,0.3561666666666666,0.04188095238095238,8.50426378624218,1.0,0.08,12.5,0
2447,2447,0.027977653027255935,0.019710298473456365,1.419443397315019,0.4,0.08,5.0,0
2448,2448,0.08251455527902893,0.03298611111111111,2.501493886353719,0.69,0.14,4.928571428571428,0
2449,2449,0.32233333333333314,0.055655913978494634,5.791537867078821,1.0,0.08,12.5,0
2450,2450,0.13039326722133382,0.049393143621084795,2.6399062230506005,0.77,0.15,5.133333333333334,0
2451,2451,0.06492185631133,0.059321862348178135,1.0944001712266516,0.63,0.13,4.846153846153846,0
2452,2452,0.09789274201890295,0.04324430641821946,2.2637140036927335,0.69,0.11,6.2727272727272725,0
2453,2453,0.12060639768728004,0.048566666666666675,2.4833163559494857,0.74,0.1,7.3999999999999995,0
2454,2454,0.382,0.041636494252873565,9.174643707512336,1.0,0.08,12.5,0
2455,2455,0.09652176668746866,0.051028170359052716,1.8915388501744526,0.72,0.14,5.142857142857142,0
2456,2456,0.15711706242184126,0.03733005651755652,4.208862163065525,0.75,0.13,5.769230769230769,0
2457,2457,0.5,0.02266740823136819,22.058101874570614,1.0,0.1,10.0,0
2458,2458,0.07454619283781372,0.028865518539431582,2.5825343388853486,0.63,0.07,9.0,0
2459,2459,0.04468487663573883,0.05075173437673437,0.8804600903693113,0.48,0.16,3.0,0
2460,2460,0.37749999999999984,0.05428091397849462,6.954562337501545,1.0,0.08,12.5,0
2461,2461,0.06532064406656056,0.060972222222222226,1.0713180803627245,0.64,0.1,6.3999999999999995,0
2462,2462,0.3813333333333332,0.034,11.2156862745098,0.99,0.06,16.5,0
2463,2463,0.06397434880695257,0.021327597840755733,2.9996040475173213,0.64,0.05,12.799999999999999,0
2464,2464,1.0,0.05867816091954023,17.042115572967678,1.0,0.08,12.5,1
2465,2465,0.06900784766507777,0.006876190476190476,10.035767319713527,0.64,0.04,16.0,0
2466,2466,0.1180033400723803,0.03250035842293907,3.6308319599667054,0.75,0.11,6.818181818181818,0
2467,2467,0.37499999999999994,0.024587251828631137,15.251806204844877,1.0,0.06,16.666666666666668,0
2468,2468,0.321142857142857,0.019835576259489302,16.190245896648598,0.97,0.08,12.125,0
2469,2469,0.3858333333333334,0.029254901960784317,13.188672922252012,1.0,0.06,16.666666666666668,0
2470,2470,0.5,0.03266740823136819,15.305774993189864,1.0,0.11,9.090909090909092,0
2471,2471,0.06038453347212619,0.034709523809523815,1.739710801090204,0.62,0.07,8.857142857142856,0
2472,2472,0.09520558247542478,0.01915273132664437,4.970861902238418,0.67,0.06,11.166666666666668,0
2473,2473,0.09266243467176723,0.04007575757575758,2.3121817347208458,0.66,0.08,8.25,0
2474,2474,0.09237598225971488,0.08834714795008912,1.0456023131827845,0.72,0.17,4.235294117647058,0
2475,2475,0.08418645856064583,0.016291938997821352,5.167368879290777,0.66,0.05,13.2,0
2476,2476,0.36450000000000005,0.028037037037037037,13.000660501981507,0.99,0.06,16.5,0
2477,2477,0.36066666666666664,0.03249732620320856,11.09834896604684,1.0,0.08,12.5,0
2478,2478,0.37249999999999994,0.026332196029776673,14.146180576005653,1.0,0.06,16.666666666666668,0
2479,2479,0.07294767054934394,0.020583333333333335,3.5440163829640774,0.63,0.06,10.5,0
2480,2480,0.07604502589487108,0.029087301587301585,2.614371968009211,0.64,0.07,9.142857142857142,0
2481,2481,0.24241506124594367,0.0748431022583946,3.2389766582498085,0.79,0.16,4.9375,0
2482,2482,0.37349999999999994,0.045925925925925926,8.132661290322579,1.0,0.08,12.5,0
2483,2483,0.27573051948051946,0.03436803519061584,8.022877012061702,0.79,0.11,7.1818181818181825,0
2484,2484,0.39216666666666666,0.016,24.510416666666664,1.0,0.04,25.0,0
2485,2485,0.3601666666666666,0.013825396825396826,26.051090700344425,1.0,0.04,25.0,0
2486,2486,0.12455267937494102,0.020315734989648036,6.130847810251873,0.75,0.11,6.818181818181818,0
2487,2487,0.1427145614383971,0.051288690476190474,2.7825737041316905,0.71,0.13,5.461538461538461,0
2488,2488,0.07720215818342077,0.04746156832298136,1.6266246757387224,0.69,0.13,5.3076923076923075,0
2489,2489,0.3963333333333334,0.02344444444444444,16.905213270142188,1.0,0.06,16.666666666666668,0
2490,2490,0.11683811843695407,0.03944887955182073,2.9617601251126415,0.75,0.13,5.769230769230769,0
2491,2491,0.07875205579594119,0.02413461538461538,3.2630333875609105,0.67,0.06,11.166666666666668,0
2492,2492,0.3526666666666666,0.014023809523809523,25.147707979626478,1.0,0.05,20.0,0
2493,2493,0.11035769989717353,0.03118222976796831,3.539121503444811,0.69,0.11,6.2727272727272725,0
2494,2494,0.04390045963209766,0.029287157287157292,1.4989662261058176,0.4,0.11,3.6363636363636367,0
2495,2495,0.3641666666666667,0.02934294871794872,12.410704533042054,1.0,0.07,14.285714285714285,0
2496,2496,0.09567355877074296,0.030986064659977705,3.0876318054779337,0.68,0.08,8.5,0
2497,2497,0.10859416407789674,0.02361475534269652,4.598572481568492,0.72,0.12,6.0,0
2498,2498,0.05140585859042004,0.06053267973856209,0.8492248949235291,0.63,0.1,6.3,0
2499,2499,0.3644999999999999,0.025990338164251208,14.024442379182151,1.0,0.05,20.0,0
2500,2500,0.3605952380952381,0.047624999999999994,7.571553555805525,1.0,0.08,12.5,0
2501,2501,0.12194274165470916,0.034625258799171846,3.5217857103100045,0.74,0.08,9.25,0
2502,2502,0.11677975493320517,0.012883458646616542,9.06431713225345,0.67,0.04,16.75,0
2503,2503,0.11652342811638135,0.05170507481648787,2.2536168554043754,0.73,0.15,4.866666666666667,0
2504,2504,0.3433333333333332,0.023204013377926422,14.796290958009028,1.0,0.05,20.0,0
2505,2505,0.15982886425028053,0.06353044871794872,2.5157836513930594,0.76,0.13,5.846153846153846,0
2506,2506,0.37749999999999995,0.043761904761904766,8.626224156692055,1.0,0.08,12.5,0
2507,2507,1.0,0.019322580645161288,51.752921535893165,1.0,0.05,20.0,1
2508,2508,0.07289541948083902,0.04622377622377623,1.5770113442904659,0.62,0.08,7.75,0
2509,2509,0.07661752542570638,0.055315656565656554,1.3850965564291136,0.64,0.09,7.111111111111112,0
2510,2510,0.06513953084034015,0.035360805860805866,1.842139319357006,0.65,0.07,9.285714285714285,0
2511,2511,0.062470210866627136,0.01866591692907482,3.34675285998519,0.62,0.07,8.857142857142856,0
2512,2512,0.1113022087011217,0.011488235294117648,9.688364300660874,0.69,0.06,11.5,0
2513,2513,0.1221936775127177,0.04329516499582289,2.8223400355329957,0.76,0.11,6.909090909090909,0
2514,2514,0.12535865856933628,0.03278130154445944,3.824090340016529,0.76,0.09,8.444444444444445,0
2515,2515,0.12220153879936488,0.05609305944600062,2.178550073864401,0.74,0.16,4.625,0
2516,2516,0.07251756096961799,0.024816666666666664,2.922131402402337,0.64,0.07,9.142857142857142,0
2517,2517,0.14513671852967178,0.03259047619047619,4.453347587847906,0.77,0.09,8.555555555555555,0
2518,2518,0.08694933523219124,0.025355339105339107,3.4292318028545794,0.63,0.07,9.0,0
2519,2519,0.07862848841555935,0.02148187134502924,3.6602252733327836,0.65,0.05,13.0,0
2520,2520,0.36950000000000005,0.03759972954699121,9.827198345621293,1.0,0.07,14.285714285714285,0
2521,2521,0.3693333333333333,0.0519404761904762,7.110703644281456,1.0,0.09,11.11111111111111,0
2522,2522,0.12730559696867746,0.054138486312399356,2.35148053889199,0.71,0.09,7.888888888888888,0
2523,2523,0.09088550482249834,0.034340024956124024,2.6466347924505595,0.73,0.13,5.615384615384615,0
2524,2524,0.4142142857142857,0.03358823529411765,12.332124093069801,0.97,0.06,16.166666666666668,0
2525,2525,0.06764515130365513,0.03152027027027027,2.146084114242435,0.66,0.09,7.333333333333334,0
2526,2526,1.0,0.041421568627450986,24.142011834319522,1.0,0.08,12.5,1
2527,2527,0.2607023809523808,0.050085899014778335,5.205105350618904,0.79,0.12,6.583333333333334,0
2528,2528,0.17736245345641624,0.04405814905814906,4.02564468203893,0.79,0.15,5.2666666666666675,0
2529,2529,0.06861211060918476,0.029149068322981374,2.3538354587851575,0.64,0.09,7.111111111111112,0
2530,2530,0.22208329627490442,0.06586080586080585,3.3720100046189607,0.81,0.11,7.363636363636364,0
2531,2531,0.11096044747352792,0.060959782608695647,1.8202238053535955,0.69,0.12,5.75,0
2532,2532,0.39599999999999996,0.011339285714285713,34.92283464566929,1.0,0.03,33.333333333333336,0
2533,2533,0.09370044000403902,0.038115079365079366,2.458356156274631,0.67,0.08,8.375,0
2534,2534,0.11042683565327618,0.03639905845788199,3.03378274965692,0.76,0.12,6.333333333333334,0
2535,2535,0.13659097640405685,0.03221540839428771,4.239926892507641,0.72,0.11,6.545454545454545,0
2536,2536,0.3733333333333334,0.016404901960784316,22.757425446722046,1.0,0.06,16.666666666666668,0
2537,2537,0.05896282406802513,0.013880861244019138,4.247778508226967,0.63,0.05,12.6,0
2538,2538,0.030538321302876707,0.04152177563815495,0.7354772485889214,0.38,0.12,3.166666666666667,0
2539,2539,0.3703333333333331,0.015125,24.48484848484847,1.0,0.05,20.0,0
2540,2540,0.08264431658239707,0.03397510822510823,2.4324960507799473,0.74,0.11,6.7272727272727275,0
2541,2541,0.362491532732912,0.036141184455144415,10.029874178108576,0.91,0.13,7.0,0
2542,2542,1.0,0.03735714285714286,26.768642447418735,1.0,0.06,16.666666666666668,1
2543,2543,1.0,0.037976190476190476,26.33228840125392,1.0,0.06,16.666666666666668,1
2544,2544,0.09045842586156987,0.016733333333333333,5.405882023599793,0.67,0.06,11.166666666666668,0
2545,2545,0.28499999999999986,0.017292408231368187,16.481220902651017,0.99,0.09,11.0,0
2546,2546,0.3668333333333333,0.011526284348864992,31.825809795283753,1.0,0.04,25.0,0
2547,2547,0.0800695016048697,0.011245421245421246,7.120186950530758,0.66,0.06,11.000000000000002,0
2548,2548,0.12746680756016648,0.0295342889681125,4.315892205760887,0.77,0.15,5.133333333333334,0
2549,2549,0.35499999999999987,0.019555555555555555,18.153409090909086,1.0,0.06,16.666666666666668,0
2550,2550,0.3641666666666666,0.014511494252873562,25.09504950495049,1.0,0.04,25.0,0
2551,2551,0.36166666666666664,0.033666666666666664,10.742574257425742,1.0,0.07,14.285714285714285,0
2552,2552,0.3838333333333333,0.009328703703703702,41.1454094292804,1.0,0.04,25.0,0
2553,2553,0.3583333333333333,0.017444444444444443,20.54140127388535,1.0,0.05,20.0,0
2554,2554,0.38283333333333325,0.009725779967159277,39.362738477123074,1.0,0.05,20.0,0
2555,2555,0.08463613728605984,0.036268074031231924,2.333626462027628,0.66,0.07,9.428571428571429,0
2556,2556,0.36583333333333345,0.04067099567099567,8.99494411921235,1.0,0.09,11.11111111111111,0
2557,2557,0.09496835876828133,0.06526785714285714,1.4550555652595771,0.69,0.12,5.75,0
2558,2558,0.1024715005092961,0.03582525317819435,2.860314761757696,0.71,0.14,5.07142857142857,0
2559,2559,0.3773333333333334,0.025910815939278936,14.562773098986943,1.0,0.05,20.0,0
2560,2560,1.0,0.022660242982823625,44.13015344795711,1.0,0.05,20.0,1
2561,2561,0.3661666666666666,0.023445378151260507,15.617861409796888,1.0,0.05,20.0,0
2562,2562,0.09464148348548425,0.027825920023181686,3.401198717118382,0.7,0.12,5.833333333333333,0
2563,2563,0.4125,0.04551149425287356,9.063644399545398,1.0,0.09,11.11111111111111,0
2564,2564,1.0,0.016947619047619048,59.005338578252314,1.0,0.05,20.0,1
2565,2565,0.23383140293023857,0.04232955450346755,5.524069546044563,0.87,0.14,6.2142857142857135,0
2566,2566,0.10285523334818654,0.052473854647767694,1.9601234565023924,0.71,0.09,7.888888888888888,0
2567,2567,0.08698695445739388,0.016182058682058683,5.3755184161974245,0.67,0.05,13.4,0
2568,2568,0.0835392193948695,0.040387177093059445,2.068458986434725,0.68,0.11,6.1818181818181825,0
2569,2569,0.5,0.042667408231368185,11.718546326711508,1.0,0.12,8.333333333333334,0
2570,2570,0.08507560126716132,0.057708370061311236,1.4742333075214957,0.73,0.14,5.2142857142857135,0
2571,2571,0.0903553783149691,0.026852898550724636,3.3648277538564204,0.67,0.08,8.375,0
2572,2572,0.1379697895516381,0.04883898508898509,2.824992970272741,0.73,0.11,6.636363636363636,0
2573,2573,0.3984285714285716,0.02443347338935574,16.306669341664048,1.0,0.07,14.285714285714285,0
2574,2574,0.36149999999999993,0.023213235294117646,15.573012353500156,1.0,0.05,20.0,0
2575,2575,0.36866666666666653,0.03417832167832168,10.78656436487638,1.0,0.07,14.285714285714285,0
2576,2576,0.36499999999999994,0.04335961768219833,8.417970902678274,0.99,0.08,12.375,0
2577,2577,0.07569250829884833,0.04483957219251336,1.6880738284895218,0.7,0.14,4.999999999999999,0
2578,2578,0.36599999999999994,0.025912698412698408,14.124349157733537,1.0,0.05,20.0,0
2579,2579,0.4068333333333334,0.021036866359447,19.339065352318368,1.0,0.05,20.0,0
2580,2580,0.23127883839810745,0.035287915963437784,6.554052062403972,0.84,0.14,5.999999999999999,0
2581,2581,0.14818005339174062,0.03320454545454545,4.462643633974393,0.79,0.08,9.875,0
2582,2582,0.07140813209888208,0.032275,2.2124905375331396,0.62,0.08,7.75,0
2583,2583,0.025664926383528405,0.06570626084441875,0.3906009268172874,0.39,0.15,2.6,0
2584,2584,0.26219047619047603,0.011917408231368188,22.00062892033489,1.0,0.05,20.0,0
2585,2585,0.028267156752805153,0.027335088522588525,1.034097867634356,0.39,0.11,3.5454545454545454,0
2586,2586,0.3571666666666665,0.02091269841269841,17.07893738140417,1.0,0.04,25.0,0
2587,2587,0.09542661301596979,0.07573068192794358,1.2600786178944823,0.71,0.18,3.944444444444444,0
2588,2588,0.07865547462083836,0.018515079365079366,4.248184578089774,0.67,0.07,9.571428571428571,0
2589,2589,0.07854696548883179,0.03564775910364146,2.203419442452643,0.65,0.09,7.222222222222222,0
2590,2590,1.0,0.011000000000000001,90.9090909090909,1.0,0.05,20.0,1
2591,2591,0.38416666666666666,0.03158823529411765,12.1617008069522,1.0,0.06,16.666666666666668,0
2592,2592,0.08323063312838178,0.046223003160074105,1.8006323137453266,0.65,0.09,7.222222222222222,0
2593,2593,0.33716666666666656,0.02761424731182796,12.2098807495741,1.0,0.06,16.666666666666668,0
2594,2594,0.10233786108636109,0.019575757575757576,5.227785473451882,0.67,0.06,11.166666666666668,0
2595,2595,0.3080082972582971,0.027795454545454543,11.081246998663183,0.78,0.11,7.090909090909091,0
2596,2596,0.5,0.042667408231368185,11.718546326711508,1.0,0.12,8.333333333333334,0
2597,2597,0.09908445394761181,0.026254985754985753,3.773929069026287,0.67,0.06,11.166666666666668,0
2598,2598,0.06702079985811564,0.01921794871794872,3.4874065303088857,0.62,0.05,12.399999999999999,0
2599,2599,0.11108692813816184,0.026179894179894178,4.243215322981526,0.69,0.06,11.5,0
2600,2600,0.3388333333333333,0.030958605664488017,10.944722026741731,1.0,0.07,14.285714285714285,0
2601,2601,1.0,0.030945378151260507,32.31500339443313,1.0,0.05,20.0,1
2602,2602,1.0,0.010933062880324544,91.46567717996288,1.0,0.05,20.0,1
2603,2603,0.05661557557160934,0.052284363240245595,1.0828395348617312,0.64,0.09,7.111111111111112,0
2604,2604,1.0,0.0008888888888888888,1125.0,1.0,0.02,50.0,1
2605,2605,0.16049284332798258,0.021301282051282053,7.534421775252868,0.72,0.05,14.399999999999999,0
2606,2606,0.40466666666666673,0.001338235294117647,302.3882783882784,1.0,0.03,33.333333333333336,0
2607,2607,1.0,0.040357142857142855,24.778761061946902,1.0,0.05,20.0,1
2608,2608,0.08334122525528857,0.02378787878787879,3.503516475700029,0.66,0.05,13.2,0
2609,2609,0.09843474185997066,0.03968456494772284,2.480428902008638,0.68,0.08,8.5,0
2610,2610,0.09221862193104449,0.016042780748663103,5.748294100368439,0.71,0.07,10.14285714285714,0
2611,2611,1.0,0.04,25.0,1.0,0.06,16.666666666666668,1
2612,2612,0.10784958620670691,0.012054763934559332,8.94663610106185,0.71,0.05,14.2,0
2613,2613,0.42333333333333334,0.026004329004329002,16.279340769102713,1.0,0.06,16.666666666666668,0
2614,2614,0.0955697236352902,0.042492965367965374,2.2490716476882637,0.74,0.13,5.692307692307692,0
2615,2615,0.34399999999999986,0.03729166666666667,9.224581005586588,1.0,0.06,16.666666666666668,0
2616,2616,0.07099484179661857,0.011327597840755734,6.267422519290467,0.65,0.04,16.25,0
2617,2617,0.06931187449922563,0.015102124183006535,4.589544732867307,0.64,0.05,12.799999999999999,0
2618,2618,0.07774645537292256,0.03358305100696405,2.315050391246478,0.69,0.13,5.3076923076923075,0
2619,2619,0.3601666666666666,0.027275,13.205010693553312,1.0,0.07,14.285714285714285,0
2620,2620,0.020885079379063566,0.037183940242763766,0.5616693454946033,0.36,0.11,3.2727272727272725,0
2621,2621,0.19127132882678208,0.033524961597542244,5.705340728587275,0.79,0.13,6.076923076923077,0
2622,2622,0.1589098908338038,0.03052824463118581,5.205339932040215,0.77,0.11,7.0,0
2623,2623,0.3676666666666668,0.052333333333333336,7.025477707006372,1.0,0.09,11.11111111111111,0
2624,2624,1.0,0.031190476190476192,32.06106870229007,1.0,0.07,14.285714285714285,1
2625,2625,0.3388333333333332,0.046489247311827964,7.288423730773675,1.0,0.08,12.5,0
2626,2626,0.02679932609058766,0.02982225617519735,0.898635097664951,0.37,0.12,3.0833333333333335,0
2627,2627,0.029368038426851855,0.035523336957160485,0.8267252162224613,0.38,0.1,3.8,0
2628,2628,0.09968288885177429,0.026929870782811963,3.7015732327760396,0.7,0.13,5.384615384615384,0
2629,2629,0.08028284880181161,0.01627037037037037,4.93429755895496,0.66,0.05,13.2,0
2630,2630,0.3616666666666666,0.03125925925925926,11.56990521327014,1.0,0.1,10.0,0
2631,2631,0.38716666666666666,0.038445378151260506,10.070564663023678,1.0,0.07,14.285714285714285,0
2632,2632,0.14057090894043223,0.07314127049421165,1.9219095866205511,0.79,0.2,3.95,0
2633,2633,0.02321378069556676,0.03446969696969697,0.6734547366625961,0.37,0.09,4.111111111111112,0
2634,2634,0.21491911260618352,0.04235402024446142,5.074349763392017,0.83,0.14,5.928571428571428,0
2635,2635,0.08103563131055384,0.030976190476190477,2.616061887043245,0.66,0.07,9.428571428571429,0
2636,2636,0.03715950434810666,0.03383416093710211,1.0982836080134033,0.37,0.1,3.6999999999999997,0
2637,2637,0.071158519129858,0.019558159232072273,3.6383034970473775,0.68,0.07,9.714285714285714,0
2638,2638,0.3373333333333332,0.013458605664488017,25.064508296236333,1.0,0.04,25.0,0
2639,2639,0.030699508605015954,0.06551655697243933,0.4685763419761242,0.4,0.14,2.857142857142857,0
2640,2640,0.034882356127941,0.0856497805736936,0.4072673145721372,0.38,0.15,2.5333333333333337,0
2641,2641,0.081980588099266,0.02858187134502924,2.8682722383579513,0.7,0.08,8.75,0
2642,2642,0.06891838600162775,0.054209523809523805,1.2713335435999498,0.64,0.09,7.111111111111112,0
2643,2643,0.08489748607372441,0.0020384615384615385,41.64782335692141,0.66,0.04,16.5,0
2644,2644,0.09603875920311598,0.06258039387083504,1.534646128967141,0.73,0.15,4.866666666666667,0
2645,2645,0.032620706741126965,0.02113177998472116,1.5436800290705566,0.39,0.1,3.9,0
2646,2646,0.38150000000000006,0.022084656084656085,17.274436990896024,1.0,0.06,16.666666666666668,0
2647,2647,0.022299365925801905,0.05363070263070262,0.4157947748578613,0.36,0.12,3.0,0
2648,2648,0.036276958624111885,0.04788825757575758,0.7575334844188679,0.39,0.12,3.2500000000000004,0
2649,2649,0.07146733011875528,0.02925025879917184,2.4433059074601666,0.65,0.09,7.222222222222222,0
2650,2650,0.12081038807129461,0.044664091655470965,2.7048661148915674,0.76,0.13,5.846153846153846,0
2651,2651,0.1231698720697946,0.054281186309649315,2.269107962511484,0.74,0.14,5.285714285714286,0
2652,2652,0.0576923638247648,0.014392857142857143,4.008402449363311,0.63,0.05,12.6,0
2653,2653,0.0738981177021025,0.0441941391941392,1.6721248348673006,0.64,0.09,7.111111111111112,0
2654,2654,0.3806666666666667,0.039556764507422404,9.623301384905702,1.0,0.09,11.11111111111111,0
2655,2655,0.3493333333333332,0.024370370370370365,14.334346504559269,1.0,0.05,20.0,0
2656,2656,0.0934381810872455,0.027877583718963032,3.3517317006095655,0.71,0.12,5.916666666666667,0
2657,2657,0.02760948435341259,0.011307932263814616,2.4416032665638565,0.37,0.08,4.625,0
2658,2658,0.031240810600126595,0.03905012531328321,0.8000181907098717,0.38,0.09,4.222222222222222,0
2659,2659,0.03695000460948478,0.03393382494698285,1.0888841640226032,0.43,0.11,3.909090909090909,0
2660,2660,0.023554155248776,0.01861132821426939,1.2655816381077478,0.36,0.11,3.2727272727272725,0
2661,2661,0.02009448249157927,0.050629444793055665,0.39689320263562183,0.22,0.13,1.6923076923076923,0
2662,2662,0.016477008438421484,0.024890454132626808,0.6619810289770148,0.23,0.13,1.7692307692307692,0
2663,2663,0.018842948717948716,0.04570947405085336,0.4122328928349796,0.09,0.14,0.6428571428571428,0
2664,2664,0.003768115942028985,0.051121812683883626,0.0737085745634544,0.03,0.12,0.25,0
2665,2665,0.0148709723359291,0.028487871670791243,0.5220106474706,0.22,0.11,2.0,0
2666,2666,0.010357142857142856,0.02956849341860784,0.3502763130510049,0.04,0.09,0.4444444444444445,0
2667,2667,0.02772816363427482,0.012124128935943492,2.287023156943772,0.26,0.11,2.3636363636363638,0
2668,2668,0.020588555806912677,0.008870977913816788,2.320889084262677,0.24,0.09,2.6666666666666665,0
2669,2669,0.0013846153846153847,0.03423855311355311,0.04044024232049963,0.02,0.1,0.19999999999999998,0
2670,2670,0.05630753968253968,0.05450793650793651,1.0330154338963307,0.27,0.13,2.076923076923077,0
2671,2671,0.14546041400438287,0.041058242196400085,3.542782306864968,0.53,0.16,3.3125,0
2672,2672,0.02336911901352107,0.03642767179349932,0.641521070739728,0.22,0.13,1.6923076923076923,0
2673,2673,0.01730909090909091,0.03421341566929802,0.5059153133495383,0.06,0.11,0.5454545454545454,0
2674,2674,0.014548145749317811,0.03450498575498575,0.4216244531332895,0.22,0.12,1.8333333333333335,0
2675,2675,0.012181052257585818,0.012396583520725393,0.9826136561917052,0.23,0.11,2.090909090909091,0
2676,2676,0.01044877344877345,0.03853675856307436,0.27113783925733154,0.07,0.09,0.7777777777777779,0
2677,2677,0.08169824994883039,0.023880732086575738,3.4210948664658427,0.58,0.12,4.833333333333333,0
2678,2678,0.11532818597810852,0.03075870742924634,3.7494483876930045,0.73,0.16,4.5625,0
2679,2679,0.006098901098901099,0.04643589743589744,0.1313402224501065,0.03,0.11,0.2727272727272727,0
2680,2680,0.005833333333333334,0.01388888888888889,0.42,0.02,0.09,0.22222222222222224,0
2681,2681,0.016025,0.012605367770660125,1.27128381270234,0.05,0.09,0.5555555555555556,0
2682,2682,0.0448395057552863,0.03230469968627863,1.388018034240752,0.31,0.12,2.5833333333333335,0
2683,2683,0.005809523809523809,0.02273445019033254,0.25553834646919305,0.04,0.1,0.39999999999999997,0
2684,2684,0.02157393655773072,0.04648315806836143,0.46412372683462166,0.21,0.14,1.4999999999999998,0
2685,2685,0.06555470704451423,0.03937133033375293,1.6650366266215384,0.39,0.15,2.6,0
2686,2686,0.03935199868027801,0.0348329367421439,1.12973531263204,0.28,0.12,2.3333333333333335,0
2687,2687,0.047329003329541736,0.02623611831109076,1.8039636339623613,0.27,0.12,2.2500000000000004,0
2688,2688,0.09195396336892209,0.011010179434092477,8.351722505465368,0.54,0.11,4.909090909090909,0
2689,2689,0.005833333333333334,0.020911647992530345,0.27895139280352294,0.02,0.1,0.19999999999999998,0
2690,2690,0.030720806981029806,0.012784524143076131,2.402968357462694,0.29,0.1,2.8999999999999995,0
2691,2691,0.26666666666666655,0.030741919844861024,8.674366077733557,0.67,0.09,7.4444444444444455,0
2692,2692,0.07442454494832573,0.010166619219560396,7.320481208259893,0.37,0.1,3.6999999999999997,0
2693,2693,0.0707957658956111,0.055225630811369344,1.2819367539218096,0.54,0.16,3.375,0
2694,2694,0.0037142857142857142,0.06806296378200402,0.05457131908304849,0.03,0.13,0.23076923076923075,0
2695,2695,0.031464285714285715,0.014668644719207924,2.1450029172146126,0.09,0.08,1.125,0
2696,2696,0.04191983468223991,0.024497875948104784,1.7111620113940096,0.32,0.12,2.666666666666667,0
2697,2697,0.06041726305191462,0.03579682742662281,1.6877826163717822,0.35,0.12,2.9166666666666665,0
2698,2698,0.004048840964133318,0.0315037185037185,0.12851946235030695,0.04,0.1,0.39999999999999997,0
2699,2699,0.0850007415647015,0.04499879584017515,1.8889559148783357,0.31,0.13,2.3846153846153846,0
2700,2700,0.06262594122291738,0.004379955505440557,14.298305346966798,0.33,0.09,3.666666666666667,0
2701,2701,0.01966628599803152,0.06491072929802438,0.302974349706314,0.21,0.16,1.3125,0
2702,2702,0.048284559822366055,0.019365609786642445,2.493314713780438,0.3,0.13,2.3076923076923075,0
2703,2703,0.04934534972488694,0.05413235294117647,0.9115685360750643,0.25,0.14,1.7857142857142856,0
2704,2704,0.39401059466848926,0.05700771075874164,6.911531605539364,0.96,0.18,5.333333333333333,0
2705,2705,0.007369047619047619,0.024882293145451043,0.29615628977487635,0.06,0.11,0.5454545454545454,0
2706,2706,0.0010666666666666665,0.039089988228146126,0.02728746451498366,0.02,0.1,0.19999999999999998,0
2707,2707,0.03675123485603025,0.06964405697196818,0.5277009475600002,0.29,0.17,1.7058823529411762,0
2708,2708,0.023553640669043144,0.06866201093592397,0.34303744309242007,0.21,0.16,1.3125,0
2709,2709,0.06087523839710969,0.007524953548866592,8.089782614841353,0.32,0.1,3.1999999999999997,0
2710,2710,0.049956608005521055,0.03424244045072031,1.4589091007521982,0.19,0.12,1.5833333333333335,0
2711,2711,0.023367693236030152,0.015391117682727638,1.518258369387563,0.23,0.11,2.090909090909091,0
2712,2712,0.019029869782126344,0.04172367149758454,0.4560928868215257,0.23,0.12,1.9166666666666667,0
2713,2713,0.02323245773834009,0.04044505280693193,0.5744202597346652,0.24,0.14,1.714285714285714,0
2714,2714,0.2386779552147199,0.017278105228105228,13.813896377160454,0.63,0.1,6.3,0
2715,2715,0.030757557361822535,0.041334718201890865,0.7441095209986341,0.28,0.13,2.153846153846154,0
2716,2716,0.018427722843887714,0.04495679156908666,0.409898531472585,0.22,0.13,1.6923076923076923,0
2717,2717,0.005,0.04923411214108889,0.10155560408343778,0.03,0.13,0.23076923076923075,0
2718,2718,0.020106382299956264,0.04434476531380556,0.4534105019538051,0.25,0.15,1.6666666666666667,0
2719,2719,0.009329772413095457,0.0382542270531401,0.24388866621550578,0.19,0.12,1.5833333333333335,0
2720,2720,0.017699178950835896,0.04180909612727355,0.42333321191533957,0.22,0.14,1.5714285714285714,0
2721,2721,0.13811662333145466,0.05062020607768446,2.7284879701890894,0.55,0.17,3.235294117647059,0
2722,2722,0.18498025353304587,0.025304313007254185,7.310226263800014,0.52,0.14,3.714285714285714,0
2723,2723,0.022041925601759677,0.05935954991213735,0.37132905546598033,0.23,0.18,1.277777777777778,0
2724,2724,0.032110757673961286,0.035979230266301204,0.892480395947681,0.26,0.14,1.857142857142857,0
2725,2725,0.10591078904755373,0.0236762751767289,4.473287637392053,0.62,0.12,5.166666666666667,0
2726,2726,0.04630618401206636,0.025095871448812625,1.845171390302817,0.15,0.12,1.25,0
2727,2727,0.07695157855698154,0.027236436244274992,2.8253174485394177,0.38,0.12,3.166666666666667,0
2728,2728,0.03896551964117753,0.014685549091431447,2.6533239852715265,0.28,0.11,2.545454545454546,0
2729,2729,0.008458605664488018,0.040681521093285794,0.2079225514968282,0.04,0.12,0.33333333333333337,0
2730,2730,0.02011783849188973,0.03795771914392727,0.5300065163453932,0.21,0.14,1.4999999999999998,0
2731,2731,0.01,0.03430005743225033,0.29154470133911753,0.04,0.12,0.33333333333333337,0
2732,2732,0.11145634920634921,0.023019268015761703,4.841871997408131,0.43,0.08,5.375,0
2733,2733,0.018390742770538163,0.031918044918044924,0.576186380392645,0.2,0.12,1.6666666666666667,0
2734,2734,0.05775178954900253,0.004045610220532822,14.275173929483598,0.46,0.08,5.75,0
2735,2735,0.02470841049923803,0.027385493536341555,0.9022444845278783,0.24,0.13,1.846153846153846,0
2736,2736,0.07672943524819954,0.026004580048012253,2.950612357766747,0.38,0.14,2.714285714285714,0
2737,2737,0.02744612513341577,0.022029229082937522,1.245895851828689,0.25,0.13,1.923076923076923,0
2738,2738,0.005173992673992673,0.044909271284271274,0.11520990045110747,0.05,0.11,0.4545454545454546,0
2739,2739,0.03252894631995216,0.0588001443001443,0.553212015159499,0.26,0.17,1.5294117647058822,0
2740,2740,0.38021874558190355,0.02751289994295897,13.819653557792556,0.94,0.16,5.874999999999999,0
2741,2741,0.0069871794871794865,0.014365338164251206,0.4863915772318816,0.04,0.1,0.39999999999999997,0
2742,2742,0.01487181372460608,0.01758752592272929,0.8455887308962797,0.22,0.1,2.1999999999999997,0
2743,2743,0.00807175177763413,0.043660373760488175,0.1848759202546936,0.06,0.11,0.5454545454545454,0
2744,2744,0.05186102584700982,0.033097277645024355,1.5669272380414736,0.32,0.14,2.2857142857142856,0
2745,2745,0.02486111111111111,0.01743167701863354,1.42620306035592,0.08,0.08,1.0,0
2746,2746,0.02613095238095238,0.0456015406162465,0.5730278413366298,0.07,0.14,0.5,0
2747,2747,0.04695009673643237,0.040512041081131184,1.1589170894255378,0.31,0.15,2.066666666666667,0
2748,2748,0.010646158352627175,0.0249183813113346,0.42724116866229056,0.21,0.12,1.75,0
2749,2749,0.0026135531135531138,0.03262295444493587,0.08011393075892369,0.03,0.11,0.2727272727272727,0
2750,2750,0.0012037037037037036,0.022735994397759106,0.052942646037172775,0.02,0.08,0.25,0
2751,2751,0.022660853064569622,0.03438740897282853,0.6589869298520068,0.24,0.13,1.846153846153846,0
2752,2752,0.11408094091661862,0.021334585849958967,5.347230160403513,0.51,0.14,3.642857142857143,0
2753,2753,0.0157813213621713,0.034374181469871125,0.4591039171653756,0.2,0.13,1.5384615384615385,0
2754,2754,0.006547619047619048,0.07673314014491228,0.08532974195052777,0.05,0.16,0.3125,0
2755,2755,0.0033571428571428576,0.025585839598997497,0.1312109709807763,0.03,0.1,0.3,0
2756,2756,0.021394230769230766,0.04496256038647343,0.47582323126925447,0.06,0.1,0.6,0
2757,2757,0.0038571428571428567,0.02651010101010101,0.14549710148871892,0.04,0.09,0.4444444444444445,0
2758,2758,0.01989506287361651,0.07830500828720642,0.25407139733189954,0.25,0.19,1.3157894736842106,0
2759,2759,0.019031633626881074,0.03209412646251625,0.5929942866371117,0.17,0.14,1.2142857142857142,0
2760,2760,0.10013123410406016,0.022433044712504516,4.4635596900605075,0.65,0.14,4.642857142857142,0
2761,2761,0.01642099567099567,0.028673050840889714,0.5726978884150764,0.07,0.1,0.7000000000000001,0
2762,2762,0.032887270364041724,0.027562365878975825,1.1931947536161132,0.27,0.14,1.9285714285714286,0
2763,2763,0.006217948717948718,0.035812645687645694,0.17362438877543546,0.03,0.12,0.25,0
2764,2764,0.06927947563764565,0.04775084680429705,1.4508533413361637,0.61,0.15,4.066666666666666,0
2765,2765,0.016147360500152853,0.03953210678210678,0.4084619266348221,0.21,0.14,1.4999999999999998,0
2766,2766,0.05182870370370371,0.03391626794258374,1.5281369928862345,0.15,0.11,1.3636363636363635,0
2767,2767,0.10822753124068912,0.03260077996715929,3.3197834944352,0.37,0.14,2.642857142857143,0
2768,2768,0.02265010708172583,0.025813990173190606,0.8774353336993728,0.24,0.14,1.714285714285714,0
2769,2769,0.03832765328353564,0.023635192278145572,1.6216349261087055,0.15,0.11,1.3636363636363635,0
2770,2770,0.011525383222593322,0.020832583595741493,0.5532383042950704,0.2,0.11,1.8181818181818183,0
2771,2771,0.07770048917650615,0.03126600227565387,2.4851430794211185,0.36,0.13,2.769230769230769,0
2772,2772,0.024781309205716515,0.01748286635003903,1.4174626007857798,0.26,0.11,2.3636363636363638,0
2773,2773,0.0105,0.05183070584386374,0.2025826164056205,0.06,0.12,0.5,0
2774,2774,0.1580952380952381,0.032969406041986685,4.795210380614777,0.48,0.09,5.333333333333333,0
2775,2775,0.03326160461069053,0.01970764971462646,1.687750954189363,0.29,0.12,2.4166666666666665,0
2776,2776,0.17280158730158732,0.038273399014778324,4.51492660045334,0.61,0.13,4.692307692307692,0
2777,2777,0.0024537037037037036,0.036852492314448836,0.06658175742273134,0.03,0.09,0.3333333333333333,0
2778,2778,0.017815390615341285,0.02116943173150267,0.8415620618115051,0.22,0.09,2.4444444444444446,0
2779,2779,0.02355150825863385,0.056823122629004984,0.41447050371378463,0.24,0.16,1.5,0
2780,2780,0.02531185587155008,0.03672968828557063,0.6891388697544139,0.25,0.12,2.0833333333333335,0
2781,2781,0.029220420299925352,0.04256732929952744,0.6864518113014373,0.24,0.14,1.714285714285714,0
2782,2782,0.006794871794871795,0.022690476190476195,0.2994591976753571,0.04,0.1,0.39999999999999997,0
2783,2783,0.013563475776956753,0.03652585627630925,0.37133902281037157,0.22,0.16,1.375,0
2784,2784,0.02684410525868441,0.017010756875849756,1.5780664819679542,0.26,0.11,2.3636363636363638,0
2785,2785,0.02136679940214682,0.021149190069802325,1.0102892513437292,0.25,0.12,2.0833333333333335,0
2786,2786,0.0012037037037037036,0.04241849064360506,0.028376863142469493,0.02,0.13,0.15384615384615385,0
2787,2787,0.019577727120374182,0.03507340568152925,0.5581929310812387,0.25,0.15,1.6666666666666667,0
2788,2788,0.37470238095238106,0.04154390514334001,9.019430880643881,0.89,0.13,6.846153846153846,0
2789,2789,0.04037037037037038,0.07157276692288134,0.5640465236431182,0.15,0.18,0.8333333333333334,0
2790,2790,0.08873106193245509,0.017168525055848684,5.168240232857259,0.44,0.12,3.666666666666667,0
2791,2791,0.042458461697480326,0.014972283710441604,2.8358039774433332,0.29,0.1,2.8999999999999995,0
2792,2792,0.2683333333333332,0.021862721457041944,12.273555872748107,0.66,0.08,8.25,0
2793,2793,0.017356906515873582,0.03212076023391813,0.5403641255522165,0.22,0.11,2.0,0
2794,2794,0.018666666666666665,0.03355035954957761,0.5563775446007605,0.07,0.12,0.5833333333333334,0
2795,2795,0.027532699226090918,0.0410124724627013,0.6713250280419076,0.28,0.14,2.0,0
2796,2796,0.020430091822475432,0.010245726495726496,1.9940110475325343,0.21,0.1,2.0999999999999996,0
2797,2797,0.02237186041176396,0.03298487248754213,0.6782460784171126,0.2,0.12,1.6666666666666667,0
2798,2798,0.1859478021978022,0.021126045336464894,8.80182728174139,0.4,0.08,5.0,0
2799,2799,0.1290595238095238,0.025112554112554114,5.139243233925185,0.48,0.1,4.8,0
2800,2800,0.0021885521885521885,0.050353883010328566,0.043463424421573874,0.03,0.12,0.25,0
2801,2801,0.057435312136550516,0.04109105819585359,1.3977569490373014,0.29,0.15,1.9333333333333333,0
2802,2802,0.06620798483116533,0.03031448595264385,2.184037853539491,0.34,0.13,2.6153846153846154,0
2803,2803,0.03269131162776751,0.04173315666936479,0.7833414540569691,0.29,0.13,2.2307692307692304,0
2804,2804,0.06164703036362189,0.04693266894232053,1.3135206616820592,0.29,0.15,1.9333333333333333,0
2805,2805,0.1259269952057037,0.029617239041152082,4.251814121861011,0.53,0.13,4.076923076923077,0
2806,2806,0.007634920634920634,0.05006990881458966,0.1524852114908571,0.05,0.15,0.33333333333333337,0
2807,2807,0.032982142857142856,0.01839578402557942,1.7929185736949858,0.13,0.09,1.4444444444444446,0
2808,2808,0.23187583557510025,0.013112119537641359,17.68408493451019,0.74,0.1,7.3999999999999995,0
2809,2809,0.030734848484848486,0.0729194139194139,0.42149061316941977,0.12,0.17,0.7058823529411764,0
2810,2810,0.015306267806267804,0.01287165129556434,1.1891456235722024,0.06,0.08,0.75,0
2811,2811,0.05824400469405874,0.037097547871607656,1.5700230348280075,0.3,0.15,2.0,0
2812,2812,0.02369763076529916,0.05174647092038396,0.45795646241769494,0.25,0.15,1.6666666666666667,0
2813,2813,0.05979638595849973,0.021155080446701335,2.826573319309861,0.44,0.12,3.666666666666667,0
2814,2814,0.37608549783549783,0.03416534040671972,11.00780771853596,0.93,0.1,9.3,0
2815,2815,0.005953703703703703,0.03358459595959596,0.17727483489354234,0.04,0.1,0.39999999999999997,0
2816,2816,0.039951001225188534,0.05696475674234418,0.7013283916209785,0.29,0.15,1.9333333333333333,0
2817,2817,0.1771666666666667,0.01477328431372549,11.992368311903777,0.5,0.06,8.333333333333334,0
2818,2818,0.06461374136974579,0.029308875426271728,2.2045793443110986,0.36,0.12,3.0,0
2819,2819,0.03575110853436521,0.04930600969602181,0.7250862269077463,0.28,0.15,1.866666666666667,0
2820,2820,0.05377525719580606,0.04475225645813881,1.2016211349277406,0.33,0.13,2.5384615384615383,0
2821,2821,0.03342592592592593,0.022796533067529715,1.4662723418034214,0.1,0.11,0.9090909090909092,0
2822,2822,0.0819421068575848,0.03159602775998772,2.5934306514742933,0.69,0.13,5.3076923076923075,0
2823,2823,0.029726340739312674,0.0640469032882826,0.46413392706140594,0.24,0.13,1.846153846153846,0
2824,2824,0.138330658655307,0.047701435591727945,2.8999265313368334,0.55,0.17,3.235294117647059,0
2825,2825,0.04542720602579091,0.020151207648186387,2.2543168041782033,0.28,0.12,2.3333333333333335,0
2826,2826,0.11050335059984427,0.025411766643579848,4.34851115035571,0.79,0.12,6.583333333333334,0
2827,2827,0.0038095238095238095,0.038384018759018756,0.0992476539114008,0.03,0.11,0.2727272727272727,0
2828,2828,0.01285304035287417,0.02489570439139404,0.5162754244992247,0.2,0.11,1.8181818181818183,0
2829,2829,0.013469403151520964,0.01655450430930714,0.8136397743995454,0.22,0.13,1.6923076923076923,0
2830,2830,0.04845338246935637,0.034494450188497866,1.404671829948839,0.29,0.13,2.2307692307692304,0
2831,2831,0.041373063876526874,0.017598412698412697,2.3509542926140465,0.28,0.11,2.545454545454546,0
2832,2832,0.02954182215448293,0.032225917079591465,0.9167100530148027,0.25,0.15,1.6666666666666667,0
2833,2833,0.014823698748198263,0.046707806031351426,0.3173709066584766,0.21,0.14,1.4999999999999998,0
2834,2834,0.09293275763001932,0.05644006568144499,1.646574228927085,0.34,0.16,2.125,0
2835,2835,0.01728023828023828,0.03138888888888889,0.5505208655651134,0.09,0.1,0.8999999999999999,0
2836,2836,0.024656646571621733,0.03662454266781297,0.6732274255342696,0.27,0.14,1.9285714285714286,0
2837,2837,0.0370952380952381,0.06205726817042606,0.5977581545060046,0.15,0.14,1.0714285714285714,0
2838,2838,0.29090097402597387,0.042614058355437676,6.8264085903203835,0.92,0.11,8.363636363636363,0
2839,2839,0.0016037037037037038,0.03554168689180131,0.04512176669007917,0.03,0.09,0.3333333333333333,0
2840,2840,0.01742247507464248,0.01982220853858785,0.8789371295699057,0.24,0.1,2.4,0
2841,2841,0.03024849774981354,0.016656152085137505,1.8160555688492217,0.26,0.13,2.0,0
2842,2842,0.5,0.040540882376582175,12.333229340089979,1.0,0.11,9.090909090909092,0
2843,2843,0.017559023012007027,0.050979810823851064,0.34443091742098,0.21,0.16,1.3125,0
2844,2844,0.020856504808587858,0.01744754265342501,1.1953835117573797,0.21,0.1,2.0999999999999996,0
2845,2845,0.029042883538966318,0.007854270729270729,3.6977186730693403,0.24,0.11,2.1818181818181817,0
2846,2846,0.020387338778718088,0.01962413335986096,1.038891165528776,0.24,0.12,2.0,0
2847,2847,0.047262188137347005,0.03863620715596882,1.2232615884513802,0.3,0.13,2.3076923076923075,0
2848,2848,0.03038449414090575,0.03433951159430699,0.8848260423698943,0.27,0.12,2.2500000000000004,0
2849,2849,0.008253330290484587,0.03314508530685,0.24900615623936545,0.19,0.12,1.5833333333333335,0
2850,2850,0.01643437862950058,0.02025683526999316,0.8113004035652667,0.06,0.09,0.6666666666666666,0
2851,2851,0.03920860566448802,0.03297289698605488,1.1891161908239483,0.13,0.12,1.0833333333333335,0
2852,2852,0.02214814814814815,0.036538793507833754,0.6061543368529584,0.07,0.11,0.6363636363636365,0
2853,2853,0.012749558323857196,0.020295134313728206,0.6282076347350425,0.2,0.11,1.8181818181818183,0
2854,2854,0.014037290624751923,0.005838880039443244,2.404106700244937,0.08,0.07,1.1428571428571428,0
2855,2855,0.13725584699517956,0.07375724008857541,1.8609135432717978,0.45,0.18,2.5,0
2856,2856,0.044508271702640906,0.077593623996768,0.573607332794442,0.29,0.19,1.526315789473684,0
2857,2857,0.3368733766233765,0.053444674297466646,6.303216944468212,0.78,0.15,5.2,0
2858,2858,0.04930744810109799,0.049564715985768615,0.9948094550820286,0.31,0.14,2.214285714285714,0
2859,2859,0.022585220628832916,0.037070473244921465,0.6092509388702508,0.28,0.11,2.545454545454546,0
2860,2860,0.22457896689531348,0.02999827467218772,7.486396112758019,0.6,0.12,5.0,0
2861,2861,0.1222910052910053,0.03314285714285715,3.6898148148148144,0.49,0.11,4.454545454545454,0
2862,2862,0.0013846153846153847,0.026820738901621257,0.0516248038390802,0.02,0.1,0.19999999999999998,0
2863,2863,0.02418612139246392,0.04343656265373532,0.5568148102617885,0.25,0.12,2.0833333333333335,0
2864,2864,0.0020666666666666667,0.009300795680591079,0.22220321117035086,0.03,0.08,0.375,0
2865,2865,0.03405149283613348,0.02910803377908641,1.1698314319189382,0.27,0.12,2.2500000000000004,0
2866,2866,0.0019444444444444442,0.06203811369509043,0.03134273962617796,0.02,0.11,0.18181818181818182,0
2867,2867,0.0036898159311952415,0.03373202614379085,0.10938613398040532,0.04,0.11,0.36363636363636365,0
2868,2868,0.04212675325290415,0.04611428571428571,0.9135293456329897,0.29,0.14,2.071428571428571,0
2869,2869,0.011178712989412072,0.029745418955622323,0.3758129279029412,0.22,0.11,2.0,0
2870,2870,0.03320302714553408,0.018243398399509586,1.8200023054052603,0.26,0.12,2.166666666666667,0
2871,2871,0.018627224826444102,0.041627404016851,0.4474750531862064,0.24,0.14,1.714285714285714,0
2872,2872,0.00165,0.03291652148664344,0.050126803364368915,0.02,0.09,0.22222222222222224,0
2873,2873,0.0030952380952380953,0.019621965452847806,0.15774352995759008,0.02,0.09,0.22222222222222224,0
2874,2874,0.01900132275132275,0.036125787576350786,0.5259767060071429,0.07,0.12,0.5833333333333334,0
2875,2875,0.02802348084836235,0.042173583549036525,0.6644794795722916,0.22,0.14,1.5714285714285714,0
2876,2876,0.04511304080878645,0.031489964333141766,1.4326164466724087,0.3,0.11,2.727272727272727,0
2877,2877,0.009557109557109556,0.028457286627421263,0.33584050658928194,0.04,0.11,0.36363636363636365,0
2878,2878,0.05154410390554836,0.022622535607656778,2.2784406133547135,0.31,0.12,2.5833333333333335,0
2879,2879,0.07281159526747762,0.06557114624505929,1.110421266624783,0.27,0.16,1.6875,0
2880,2880,0.014464646464646465,0.029411708174866068,0.49179892506234324,0.06,0.1,0.6,0
2881,2881,0.0225134798111251,0.03513906017767105,0.6406966975579838,0.23,0.13,1.7692307692307692,0
2882,2882,0.08565554320182152,0.03167015392015392,2.7046140482226373,0.46,0.14,3.2857142857142856,0
2883,2883,0.0737899728203874,0.023874661199320357,3.0907233490914625,0.53,0.13,4.076923076923077,0
2884,2884,0.10201149425287356,0.03486165268423334,2.926180671262601,0.29,0.13,2.2307692307692304,0
2885,2885,0.2558058597748999,0.09995370174868012,2.55924348272852,0.9,0.22,4.090909090909091,0
2886,2886,0.08110260891947522,0.024083479020979022,3.367562005839234,0.48,0.1,4.8,0
2887,2887,0.006856351236146633,0.05277777777777778,0.12990981289540987,0.04,0.09,0.4444444444444445,0
2888,2888,0.04162791783380018,0.037363775656614535,1.1141250342678033,0.14,0.12,1.1666666666666667,0
2889,2889,0.05879746802904697,0.05451633986928104,1.078529266088501,0.29,0.13,2.2307692307692304,0
2890,2890,0.0035666666666666663,0.01877260142957817,0.18999320259615243,0.03,0.08,0.375,0
2891,2891,0.021166666666666667,0.04922601010101009,0.4299894836740453,0.06,0.11,0.5454545454545454,0
2892,2892,0.02211289716795619,0.015986921850079744,1.3831866681606309,0.24,0.12,2.0,0
2893,2893,0.08412761254423343,0.04883490230100136,1.7226943964318813,0.46,0.15,3.066666666666667,0
2894,2894,0.020561797323156567,0.030260051251430563,0.6795030567631473,0.22,0.11,2.0,0
2895,2895,0.04648860413129923,0.014356120043190984,3.238242922978934,0.29,0.09,3.2222222222222223,0
2896,2896,0.00904040404040404,0.02190674603174603,0.4126767173592642,0.05,0.1,0.5,0
2897,2897,0.012806267806267806,0.03169663669663669,0.4040260778717469,0.05,0.11,0.4545454545454546,0
2898,2898,0.09716586908502377,0.02861994121643491,3.395040833599846,0.4,0.14,2.857142857142857,0
2899,2899,0.0927363834422658,0.02426406001406001,3.821964806735927,0.25,0.13,1.923076923076923,0
2900,2900,0.07260516942588309,0.07787440240918503,0.9323367779361547,0.36,0.17,2.117647058823529,0
2901,2901,0.018439304073433214,0.030805588379954407,0.5985700985809415,0.22,0.13,1.6923076923076923,0
2902,2902,0.12270634920634921,0.03872916666666667,3.168318860626553,0.43,0.1,4.3,0
2903,2903,0.09006033504679013,0.018063145216289232,4.985861209019915,0.64,0.1,6.3999999999999995,0
2904,2904,0.01866571690729794,0.04354334185454998,0.42866982900963313,0.22,0.13,1.6923076923076923,0
2905,2905,0.009844827586206896,0.05394383394383393,0.1825014439362483,0.04,0.12,0.33333333333333337,0
2906,2906,0.002648148148148148,0.034208365164247516,0.0774122977065221,0.03,0.11,0.2727272727272727,0
2907,2907,0.0043215686274509805,0.02182478632478632,0.19801195590826895,0.03,0.08,0.375,0
2908,2908,0.012870370370370367,0.0428277107944627,0.300515020103162,0.05,0.13,0.38461538461538464,0
2909,2909,0.021607142857142856,0.07059989030577266,0.3060506576364486,0.07,0.14,0.5,0
2910,2910,0.0021944444444444446,0.04164166154266584,0.05269829212256643,0.03,0.12,0.25,0
2911,2911,0.0051190476190476186,0.0784534632034632,0.06524947924569946,0.03,0.15,0.2,0
2912,2912,0.006279461279461279,0.040878879892037784,0.1536113830918436,0.03,0.12,0.25,0
2913,2913,0.011339285714285713,0.05332560903149139,0.21264240428251477,0.05,0.13,0.38461538461538464,0
2914,2914,0.02249356378350325,0.023037793907682184,0.9763766389108354,0.22,0.12,1.8333333333333335,0
2915,2915,0.0060416666666666665,0.019610380116959064,0.3080851381071309,0.04,0.09,0.4444444444444445,0
2916,2916,0.0025396825396825397,0.02972222222222222,0.08544726301735649,0.02,0.09,0.22222222222222224,0
2917,2917,0.02087301587301587,0.007718218908116605,2.704382464594968,0.06,0.07,0.857142857142857,0
2918,2918,0.033224482593509484,0.01805178293206338,1.8405097556594545,0.26,0.12,2.166666666666667,0
2919,2919,0.0072549019607843135,0.04428604190214097,0.16381915495666777,0.03,0.13,0.23076923076923075,0
2920,2920,0.0051121794871794865,0.025242390412525052,0.20252358844124635,0.04,0.11,0.36363636363636365,0
2921,2921,0.02603161013708354,0.05032152058467848,0.5173057140290281,0.25,0.14,1.7857142857142856,0
2922,2922,0.25706724000188796,0.019980454994655894,12.865935238744306,0.73,0.11,6.636363636363636,0
2923,2923,0.04655500390691892,0.04519419892009765,1.0301101694318588,0.34,0.16,2.125,0
2924,2924,0.010042989417989418,0.058878786753786744,0.17057059038913552,0.05,0.13,0.38461538461538464,0
2925,2925,0.0013703703703703703,0.026403600785179733,0.0519008896369754,0.02,0.1,0.19999999999999998,0
2926,2926,0.07587781846935164,0.02880282635602022,2.6343879427475714,0.4,0.13,3.076923076923077,0
2927,2927,0.0012681159420289856,0.04146221322537112,0.030584858920483612,0.02,0.11,0.18181818181818182,0
2928,2928,0.004816849816849817,0.025252519539284243,0.19074729590274958,0.03,0.09,0.3333333333333333,0
2929,2929,0.0010512820512820513,0.036900641940934294,0.028489532864084198,0.02,0.12,0.16666666666666669,0
2930,2930,0.11443290043290041,0.022362943528235882,5.117076841356561,0.43,0.08,5.375,0
2931,2931,0.008575757575757575,0.02619246031746032,0.32741321249767574,0.04,0.1,0.39999999999999997,0
2932,2932,0.028712461140910982,0.04927328548644338,0.582718624452406,0.26,0.15,1.7333333333333334,0
2933,2933,0.061681195276326796,0.03174534684317293,1.9429995703320468,0.41,0.13,3.1538461538461537,0
2934,2934,0.053896866714819996,0.029841019889932933,1.8061335340955442,0.33,0.12,2.7500000000000004,0
2935,2935,0.08476149462217236,0.03584905690951517,2.364399566664045,0.45,0.13,3.4615384615384617,0
2936,2936,0.016741196108203637,0.021797089892055563,0.7680473031542316,0.22,0.11,2.0,0
2937,2937,0.011993732591641515,0.017373452672900892,0.6903482466872769,0.19,0.11,1.7272727272727273,0
2938,2938,0.042634268826120036,0.031332052779314445,1.3607237650980648,0.32,0.14,2.2857142857142856,0
2939,2939,0.021647920286716946,0.03678163099980844,0.5885524838969128,0.21,0.12,1.75,0
2940,2940,0.010677777777777777,0.03907131185807656,0.27328946149962813,0.05,0.11,0.4545454545454546,0
2941,2941,0.05384160991513931,0.021651871267163624,2.48669545697851,0.53,0.11,4.818181818181818,0
2942,2942,0.03504038421396166,0.028262260887260887,1.2398294798048513,0.27,0.13,2.076923076923077,0
2943,2943,0.002934782608695652,0.02520959595959596,0.11641529730977443,0.03,0.1,0.3,0
2944,2944,0.014734487734487734,0.03470439691027926,0.4245712084431427,0.06,0.1,0.6,0
2945,2945,0.005446127946127945,0.049563112326270226,0.10988268675051108,0.04,0.12,0.33333333333333337,0
2946,2946,0.011684640882466967,0.04575768445791329,0.25535909478142826,0.14,0.11,1.272727272727273,0
2947,2947,0.049695151827490076,0.027889624602483697,1.7818508687658887,0.35,0.13,2.692307692307692,0
2948,2948,0.006987179487179488,0.061852931488801055,0.11296440312525155,0.04,0.14,0.2857142857142857,0
2949,2949,0.047089770064499575,0.021085738539898136,2.2332521090213167,0.43,0.11,3.909090909090909,0
2950,2950,0.014606817844701478,0.03593943481923021,0.4064287020141388,0.22,0.12,1.8333333333333335,0
2951,2951,0.022816245538674885,0.013161243386243384,1.7335934659884236,0.22,0.11,2.0,0
2952,2952,0.1861769817504506,0.0667804796534379,2.787895245985495,0.49,0.17,2.88235294117647,0
2953,2953,0.033435897435897435,0.010775587513446611,3.102930340844389,0.09,0.1,0.8999999999999999,0
2954,2954,0.026716243818225915,0.05934168672153198,0.45021038824856985,0.27,0.18,1.5000000000000002,0
2955,2955,0.02235323106444399,0.018180490117561055,1.2295175168491395,0.23,0.11,2.090909090909091,0
2956,2956,0.005844444444444445,0.055011269624128716,0.10624085727119792,0.04,0.12,0.33333333333333337,0
2957,2957,0.03101122072265907,0.04193092612818778,0.7395787211533109,0.33,0.14,2.357142857142857,0
2958,2958,0.02254255271159296,0.019555724674759672,1.1527342037438453,0.25,0.12,2.0833333333333335,0
2959,2959,0.06332242063492063,0.04222619047619047,1.4996006014472325,0.27,0.13,2.076923076923077,0
2960,2960,0.006071428571428571,0.04754913273001508,0.12768747236468567,0.03,0.13,0.23076923076923075,0
2961,2961,0.055957622199001494,0.015220821475358678,3.676386474251243,0.19,0.1,1.9,0
2962,2962,0.08160345227897409,0.04470986317028273,1.8251778576950195,0.43,0.13,3.3076923076923075,0
2963,2963,0.11617857142857142,0.043453003544497285,2.673660321537976,0.28,0.14,2.0,0
2964,2964,0.04132778149720538,0.04019838068085907,1.028095679408402,0.37,0.17,2.176470588235294,0
2965,2965,0.03660577902224785,0.007429093567251461,4.927354688815808,0.29,0.1,2.8999999999999995,0
2966,2966,0.00575,0.05581547619047619,0.103018022821798,0.03,0.12,0.25,0
2967,2967,0.026916666666666665,0.03127474323062558,0.8606518834760153,0.09,0.1,0.8999999999999999,0
2968,2968,0.07901836405992416,0.016734986504723347,4.721746506196567,0.6,0.12,5.0,0
2969,2969,0.010313852813852813,0.03256621467907377,0.31670407247177657,0.05,0.14,0.35714285714285715,0
2970,2970,0.02129379738167038,0.021693663030958116,0.9815676288178209,0.22,0.11,2.0,0
2971,2971,0.18974705411854775,0.025509632144393807,7.438251286592858,0.84,0.13,6.461538461538461,0
2972,2972,0.0664566798941799,0.014786647992530346,4.494370862669571,0.26,0.1,2.6,0
2973,2973,0.02549636346083795,0.008266161013129086,3.0844261828849273,0.23,0.1,2.3,0
2974,2974,0.009526315789473683,0.03155914407230197,0.30185596186160507,0.05,0.11,0.4545454545454546,0
2975,2975,0.24589346295349374,0.038314305047041614,6.417797808196969,0.66,0.12,5.500000000000001,0
2976,2976,0.020732498457937627,0.03323170232545233,0.6238771115272811,0.23,0.12,1.9166666666666667,0
2977,2977,0.004358333333333333,0.03932657523355198,0.11082412611446939,0.03,0.11,0.2727272727272727,0
2978,2978,0.02738690476190476,0.024627655869035175,1.112038632809501,0.11,0.12,0.9166666666666667,0
2979,2979,0.0467252013580961,0.02957392558708348,1.5799458621246922,0.45,0.15,3.0,0
2980,2980,0.1234548972066026,0.04418358047866823,2.7941351938692804,0.4,0.14,2.857142857142857,0
2981,2981,0.001875,0.021709906951286263,0.08636610024203308,0.02,0.1,0.19999999999999998,0
2982,2982,0.049431151940233856,0.030131092436974788,1.6405363344734016,0.28,0.13,2.153846153846154,0
2983,2983,0.07345021796882914,0.022788299708706442,3.223154816625785,0.44,0.12,3.666666666666667,0
2984,2984,0.022743706905247824,0.010950062261876819,2.0770390488491706,0.23,0.11,2.090909090909091,0
2985,2985,0.0014957264957264956,0.03190580618212197,0.04687944530185881,0.02,0.1,0.19999999999999998,0
2986,2986,0.01137037037037037,0.023269339356295875,0.4886417356448902,0.05,0.08,0.625,0
2987,2987,0.026000000000000002,0.00802206943383414,3.241058957971812,0.07,0.07,1.0,0
2988,2988,0.01027139527139527,0.04265749031753226,0.2407876130296798,0.05,0.12,0.4166666666666667,0
2989,2989,0.01581395038184832,0.037737825755779046,0.4190477343392425,0.2,0.13,1.5384615384615385,0
2990,2990,0.03436676860814793,0.059739788905081255,0.5752743563046774,0.24,0.16,1.5,0
2991,2991,0.009613939360187698,0.022459434533800553,0.42805794356572524,0.21,0.11,1.909090909090909,0
2992,2992,0.015056979086206481,0.018330825360670606,0.8214021349257807,0.22,0.11,2.0,0
2993,2993,0.011739285714285714,0.041793650793650786,0.2808868211165971,0.05,0.12,0.4166666666666667,0
2994,2994,0.010096491228070176,0.020664594177752075,0.4885888946679759,0.05,0.09,0.5555555555555556,0
2995,2995,0.03357457510218119,0.04224677582765818,0.7947251463436067,0.26,0.15,1.7333333333333334,0
2996,2996,0.0326550349111461,0.019913984523575318,1.6398041724139736,0.25,0.1,2.5,0
2997,2997,0.06148016338973756,0.007749545310003566,7.933389757767513,0.4,0.1,4.0,0
2998,2998,0.19709077093253222,0.08288391135295159,2.3779134902700703,0.57,0.16,3.5624999999999996,0
2999,2999,0.05867809430894908,0.029602445229299446,1.9822043028685885,0.46,0.12,3.8333333333333335,0
3000,3000,0.002404817404817405,0.03350358851674642,0.07177790533140599,0.03,0.12,0.25,0
3001,3001,0.03525443145069498,0.023874728487886382,1.4766421937984533,0.28,0.12,2.3333333333333335,0
3002,3002,0.017703751666997274,0.029192769060331997,0.6064430417823453,0.24,0.14,1.714285714285714,0
3003,3003,0.29722782290173577,0.026703940026520677,11.130485711342512,0.92,0.11,8.363636363636363,0
3004,3004,0.012765567765567764,0.016763969725926246,0.7614883571297095,0.05,0.08,0.625,0
3005,3005,0.029480610465881244,0.017286892466381005,1.7053736247399116,0.3,0.11,2.727272727272727,0
3006,3006,0.2937620284293238,0.014833370061311236,19.8041326559715,0.7,0.09,7.777777777777778,0
3007,3007,0.029922147002640145,0.02717020473681288,1.1012852973499556,0.24,0.14,1.714285714285714,0
3008,3008,0.05828968253968255,0.01966984126984127,2.963403808908974,0.27,0.12,2.2500000000000004,0
3009,3009,0.024512709357780504,0.027118796435662774,0.9039010789411319,0.25,0.13,1.923076923076923,0
3010,3010,0.023262163561076604,0.0522471744933492,0.4452329487030492,0.12,0.13,0.923076923076923,0
3011,3011,0.019388102965587437,0.027962719198013315,0.6933554218491353,0.29,0.12,2.4166666666666665,0
3012,3012,0.059049188190182206,0.029130429072575653,2.0270620814773053,0.38,0.12,3.166666666666667,0
3013,3013,0.028681393769629054,0.06049313197446729,0.4741264476392921,0.22,0.16,1.375,0
3014,3014,0.007888888888888888,0.027431413758114656,0.2875859391882501,0.04,0.13,0.3076923076923077,0
3015,3015,0.043900570266091454,0.0059965366263464446,7.3209875969421185,0.29,0.1,2.8999999999999995,0
3016,3016,0.01943186807772738,0.03215017471757624,0.604409408297994,0.22,0.13,1.6923076923076923,0
3017,3017,0.016673348019410564,0.024506418723591397,0.6803665687536697,0.22,0.12,1.8333333333333335,0
3018,3018,0.01906973577984746,0.0339137679508389,0.5623007094785452,0.24,0.14,1.714285714285714,0
3019,3019,0.029481135863049106,0.027159186579321218,1.0854940657720509,0.26,0.13,2.0,0
3020,3020,0.03397150746172241,0.0173336878562685,1.9598545758649426,0.35,0.12,2.9166666666666665,0
3021,3021,0.018470765253501827,0.06357786998271522,0.2905219262382246,0.22,0.13,1.6923076923076923,0
3022,3022,0.010146520146520146,0.013937441643323995,0.7280044936640369,0.04,0.07,0.5714285714285714,0
3023,3023,0.011030020703933748,0.01594451548735436,0.6917752196786217,0.06,0.08,0.75,0
3024,3024,0.026615442584982794,0.018611730660643706,1.430035877386927,0.27,0.1,2.7,0
3025,3025,0.008958333333333332,0.027306383159324335,0.32806737095367833,0.05,0.1,0.5,0
3026,3026,0.007062937062937063,0.05706461352657005,0.12377087351425703,0.04,0.12,0.33333333333333337,0
3027,3027,0.02736152450647598,0.030693175524284733,0.8914530360283928,0.24,0.12,2.0,0
3028,3028,0.08449240107876867,0.05530062202987434,1.527874334453678,0.47,0.16,2.9374999999999996,0
3029,3029,0.011369047619047619,0.03810256410256411,0.2983801192078446,0.05,0.11,0.4545454545454546,0
3030,3030,0.06738528138528138,0.05072715359353291,1.3283868029581731,0.24,0.13,1.846153846153846,0
3031,3031,0.5,0.010540882376582173,47.43435911122674,1.0,0.08,12.5,0
3032,3032,0.03217037057310683,0.049330822606275575,0.6521352954088852,0.25,0.15,1.6666666666666667,0
3033,3033,0.006098901098901099,0.040432539682539674,0.15084140513525146,0.03,0.11,0.2727272727272727,0
3034,3034,0.03297188693699491,0.030056674442352195,1.0969905203662502,0.26,0.11,2.3636363636363638,0
3035,3035,0.01925046503591868,0.039055046260928615,0.49290595912511304,0.22,0.13,1.6923076923076923,0
3036,3036,0.0225,0.01869221056721057,1.2037099581720399,0.07,0.11,0.6363636363636365,0
3037,3037,0.2741666666666666,0.0165192680157617,16.596780584047256,0.66,0.07,9.428571428571429,0
3038,3038,0.01671946019589353,0.02460714285714286,0.6794555667416818,0.23,0.11,2.090909090909091,0
3039,3039,0.02490958227994841,0.017998946636241717,1.3839466710675061,0.25,0.1,2.5,0
3040,3040,0.007023809523809523,0.031516053391053386,0.22286450135927888,0.03,0.09,0.3333333333333333,0
3041,3041,0.03345619494697433,0.06747609933925722,0.4958228954338755,0.26,0.17,1.5294117647058822,0
3042,3042,0.022453571428571427,0.026444615025497376,0.849079156831065,0.08,0.11,0.7272727272727273,0
3043,3043,0.04908678055559701,0.021012524311437356,2.336072516945454,0.27,0.14,1.9285714285714286,0
3044,3044,0.11402380952380951,0.028183320620391562,4.045790453851259,0.26,0.12,2.166666666666667,0
3045,3045,0.0987572751322751,0.033775457875457875,2.9239359388236363,0.31,0.14,2.214285714285714,0
3046,3046,0.018318736935866897,0.03997648664009751,0.4582377911492778,0.24,0.13,1.846153846153846,0
3047,3047,0.011203703703703702,0.03160600407504432,0.3544802334740568,0.04,0.1,0.39999999999999997,0
3048,3048,0.05529171466030102,0.034851912424493064,1.5864757717411044,0.33,0.13,2.5384615384615383,0
3049,3049,0.012768084134830986,0.0348383226942549,0.3664953748458314,0.21,0.12,1.75,0
3050,3050,0.030146012672078677,0.029158371983598847,1.0338715991769143,0.25,0.14,1.7857142857142856,0
3051,3051,0.019483332477137384,0.011299095263766386,1.7243267732785628,0.22,0.11,2.0,0
3052,3052,0.008168831168831167,0.04757070707070707,0.17171977613638084,0.04,0.11,0.36363636363636365,0
3053,3053,0.11917857142857141,0.032348896434634976,3.6841618900164566,0.48,0.11,4.363636363636363,0
3054,3054,0.0033438735177865613,0.038120286432357375,0.08771900294401262,0.03,0.12,0.25,0
3055,3055,0.14892857142857144,0.04916056257585494,3.029431797058345,0.45,0.1,4.5,0
3056,3056,0.002159090909090909,0.0393842627960275,0.054821158397020606,0.02,0.11,0.18181818181818182,0
3057,3057,0.07751585830320351,0.04027772801910733,1.924534031969996,0.61,0.16,3.8125,0
3058,3058,0.029912309958966096,0.045268054513948976,0.6607818754337866,0.24,0.16,1.5,0
3059,3059,0.11931547619047618,0.06391165501165501,1.8668813406368159,0.31,0.16,1.9375,0
3060,3060,0.02355192165132867,0.01792790129556434,1.3137021039465342,0.23,0.1,2.3,0
3061,3061,0.05911959546608915,0.045784005963792195,1.2912717928798818,0.41,0.13,3.1538461538461537,0
3062,3062,0.03527805164578621,0.05309281791479934,0.6644599595824549,0.31,0.14,2.214285714285714,0
3063,3063,0.06194113241765154,0.04098872103678417,1.5111750464734974,0.45,0.14,3.214285714285714,0
3064,3064,0.010968253968253967,0.05681457431457432,0.19305352720807667,0.05,0.1,0.5,0
3065,3065,0.012035464535464533,0.05939087301587301,0.20264838559028917,0.06,0.13,0.4615384615384615,0
3066,3066,0.08114455334478217,0.02492568366592757,3.2554594863812536,0.46,0.1,4.6,0
3067,3067,0.0640436422078044,0.018883093164696937,3.391586412735483,0.32,0.11,2.909090909090909,0
3068,3068,0.0236971977171594,0.038716426403497345,0.6120708938937293,0.27,0.14,1.9285714285714286,0
3069,3069,0.05670878519040092,0.0378497886129465,1.4982589670528228,0.33,0.14,2.357142857142857,0
3070,3070,0.010356081362242102,0.03174390602636038,0.3262384078897642,0.2,0.12,1.6666666666666667,0
3071,3071,0.5,0.010540882376582173,47.43435911122674,1.0,0.08,12.5,0
3072,3072,0.04531681876426122,0.03144639925821382,1.4410813267412306,0.34,0.11,3.0909090909090913,0
3073,3073,0.015386904761904761,0.032439613526570044,0.47432453994255935,0.05,0.08,0.625,0
3074,3074,0.15592857142857144,0.025480158730158728,6.119607537766704,0.45,0.08,5.625,0
3075,3075,0.040307516681350346,0.018431228756201207,2.1869142429144253,0.25,0.11,2.272727272727273,0
3076,3076,0.010336626478570213,0.0448469042589752,0.2304869566666142,0.2,0.14,1.4285714285714286,0
3077,3077,0.034264781336626686,0.08873380902087995,0.3861524904060395,0.28,0.2,1.4000000000000001,0
3078,3078,0.006845238095238095,0.04094976168762079,0.16716185426073987,0.03,0.11,0.2727272727272727,0
3079,3079,0.02314392159097903,0.018193163810826855,1.2721218712495708,0.23,0.1,2.3,0
3080,3080,0.03443722943722944,0.030333915338710736,1.135271495707059,0.15,0.11,1.3636363636363635,0
3081,3081,0.046946497322569496,0.043102713054918945,1.0891773161181995,0.37,0.14,2.642857142857143,0
3082,3082,0.01634167386558691,0.006801097987306113,2.402799356234504,0.22,0.09,2.4444444444444446,0
3083,3083,0.08146987150883145,0.015043920163372108,5.415468217332649,0.5,0.1,5.0,0
3084,3084,0.00938095238095238,0.06669823232323231,0.14064769116354542,0.05,0.14,0.35714285714285715,0
3085,3085,0.003400383141762452,0.02541629642287537,0.1337875151118403,0.04,0.11,0.36363636363636365,0
3086,3086,0.019630952494881015,0.05667650312650313,0.3463684492154416,0.24,0.18,1.3333333333333333,0
3087,3087,0.03294313057232032,0.020493295106453,1.6075077434446874,0.26,0.12,2.166666666666667,0
3088,3088,0.07666288470812127,0.014330826592034718,5.3495089216090035,0.34,0.1,3.4,0
3089,3089,0.016008408207543613,0.020723363910434847,0.7724811607194182,0.23,0.11,2.090909090909091,0
3090,3090,0.006377450980392156,0.05044076066971884,0.12643447275014508,0.05,0.15,0.33333333333333337,0
3091,3091,0.13127569258675398,0.03944664433480224,3.32793054518289,0.55,0.15,3.666666666666667,0
3092,3092,0.03550256410256411,0.0740305944055944,0.4795661089529389,0.11,0.14,0.7857142857142857,0
3093,3093,0.013966780182301368,0.02035802439423252,0.6860577387979844,0.23,0.13,1.7692307692307692,0
3094,3094,0.06323979300817684,0.03947927671743462,1.6018478114683705,0.3,0.13,2.3076923076923075,0
3095,3095,0.030678021053021056,0.048576020617641505,0.631546608037292,0.14,0.15,0.9333333333333335,0
3096,3096,0.0037179487179487183,0.01942156862745098,0.19143400768842467,0.02,0.09,0.22222222222222224,0
3097,3097,0.015493746559390573,0.0488486780677183,0.31717842063017115,0.22,0.14,1.5714285714285714,0
3098,3098,0.017333333333333333,0.03137261757849994,0.5524987926162747,0.06,0.1,0.6,0
3099,3099,0.05642908872561345,0.06237595250753145,0.9046609543766091,0.34,0.16,2.125,0
3100,3100,0.026762362969276213,0.01788335014421971,1.4964960565806735,0.29,0.11,2.6363636363636362,0
3101,3101,0.014642010761232796,0.006375746314752237,2.2965171508398994,0.23,0.09,2.555555555555556,0
3102,3102,0.012970658684618639,0.010515298283251573,1.233503637769162,0.2,0.1,2.0,0
3103,3103,0.02997774236298743,0.0202042307479722,1.4837358935823948,0.28,0.13,2.153846153846154,0
3104,3104,0.012413127413127412,0.04177933177933177,0.2971116790160867,0.06,0.1,0.6,0
3105,3105,0.12789603174603173,0.03153472222222222,4.0557208921886305,0.48,0.1,4.8,0
3106,3106,0.01137942779748195,0.030391103247035454,0.37443286296597256,0.2,0.11,1.8181818181818183,0
3107,3107,0.019326391721411942,0.01777058257646493,1.0875496983991677,0.25,0.12,2.0833333333333335,0
3108,3108,0.0014489542715349169,0.030903422523103376,0.046886530786409815,0.03,0.1,0.3,0
3109,3109,0.03407704577843896,0.04479763625831401,0.760688478783623,0.26,0.14,1.857142857142857,0
3110,3110,0.01693218492339336,0.029447340125790374,0.5749987894004704,0.22,0.12,1.8333333333333335,0
3111,3111,0.026828200818839763,0.03634581413210445,0.7381372919954012,0.27,0.11,2.4545454545454546,0
3112,3112,0.04191622184142468,0.011415149385215173,3.6719818923889247,0.26,0.1,2.6,0
3113,3113,0.01364108142207017,0.021112962378627344,0.6460998308735225,0.2,0.12,1.6666666666666667,0
3114,3114,0.012190656565656566,0.005921959096376919,2.058551294809663,0.05,0.08,0.625,0
3115,3115,0.01023717799437241,0.016793898477265302,0.6095772228366727,0.21,0.11,1.909090909090909,0
3116,3116,0.011861891138596531,0.023957051720209614,0.4951315077134518,0.19,0.12,1.5833333333333335,0
3117,3117,0.010828784304256206,0.04164861016176806,0.26000349740833956,0.12,0.14,0.857142857142857,0
3118,3118,0.013095166962016689,0.04247673359390627,0.30829034753970175,0.23,0.14,1.6428571428571428,0
3119,3119,0.002330743330743331,0.03421009216065536,0.06813028505734026,0.04,0.12,0.33333333333333337,0
3120,3120,0.025374140579228332,0.042558499643620816,0.5962179304183182,0.22,0.13,1.6923076923076923,0
3121,3121,0.21516227236815463,0.028387053456127784,7.579591615617596,0.76,0.12,6.333333333333334,0
3122,3122,0.11035353535353534,0.05779877112135177,1.9092713082401336,0.49,0.12,4.083333333333333,0
3123,3123,0.021726190476190475,0.05411812720386574,0.4014586534812413,0.07,0.13,0.5384615384615385,0
3124,3124,0.036862187309718075,0.015023297653628222,2.4536681732332997,0.26,0.1,2.6,0
3125,3125,0.2796961442978177,0.038559594275693346,7.25360703481594,0.65,0.15,4.333333333333334,0
3126,3126,0.10341103866557583,0.010188217748676004,10.150061690526242,0.5,0.09,5.555555555555555,0
3127,3127,0.15683333333333335,0.025469504830917877,6.157690711872444,0.46,0.08,5.75,0
3128,3128,0.09192685783030806,0.034708121237000546,2.6485691116092323,0.5,0.11,4.545454545454546,0
3129,3129,0.011685897435897437,0.011162660868543221,1.0468738209926913,0.06,0.09,0.6666666666666666,0
3130,3130,0.0371953781512605,0.06620702883334462,0.5618040683397555,0.14,0.16,0.8750000000000001,0
3131,3131,0.12676623376623375,0.021920634920634924,5.782963596866564,0.43,0.07,6.142857142857142,0
3132,3132,0.014985915623871384,0.06087205469109493,0.24618711656637568,0.2,0.14,1.4285714285714286,0
3133,3133,0.03274976605430132,0.01732875457875458,1.8899088163238935,0.26,0.11,2.3636363636363638,0
3134,3134,0.30288489750989755,0.020937681782362633,14.466018762642578,0.72,0.09,8.0,0
3135,3135,0.014384615384615385,0.07379707958991846,0.19492120100888777,0.05,0.15,0.33333333333333337,0
3136,3136,0.017088808559911885,0.052130913962721744,0.3278056581193245,0.24,0.19,1.263157894736842,0
3137,3137,0.005972850678733032,0.05237491163806953,0.11404030082203653,0.05,0.14,0.35714285714285715,0
3138,3138,0.04885269779788645,0.00907611878395753,5.382553816311429,0.31,0.1,3.0999999999999996,0
3139,3139,0.036423941798941796,0.008595803002350683,4.237410023121864,0.13,0.1,1.3,0
3140,3140,0.016470187822265822,0.019953586803089684,0.8254249215842998,0.21,0.11,1.909090909090909,0
3141,3141,0.14571398046398043,0.03854589371980676,3.7802724597122386,0.54,0.1,5.4,0
3142,3142,0.0021428571428571425,0.041672530685688575,0.05142133457215391,0.02,0.11,0.18181818181818182,0
3143,3143,0.15052380952380956,0.06535363181504486,2.3032202701420172,0.35,0.15,2.3333333333333335,0
3144,3144,0.05205838782890898,0.035747721864894534,1.4562714800584837,0.31,0.14,2.214285714285714,0
3145,3145,0.01418934324843431,0.04299242445471954,0.3300428721664395,0.22,0.12,1.8333333333333335,0
3146,3146,0.01561415178053109,0.015594586530264281,1.001254618083579,0.21,0.09,2.3333333333333335,0
3147,3147,0.15666666666666668,0.06609349068781117,2.370379670316896,0.46,0.12,3.8333333333333335,0
3148,3148,0.020821836210303334,0.03806023856069154,0.5470758197455978,0.24,0.12,2.0,0
3149,3149,0.00662037037037037,0.06142486197377501,0.10777997959843848,0.03,0.13,0.23076923076923075,0
3150,3150,0.012713334608685392,0.027306137974315404,0.46558523291150733,0.2,0.11,1.8181818181818183,0
3151,3151,0.03931455087956876,0.054962030075187955,0.7153038347707777,0.3,0.15,2.0,0
3152,3152,0.017401542990777077,0.017949387354232602,0.9694783809249992,0.21,0.11,1.909090909090909,0
3153,3153,0.0415,0.057961279461279464,0.7159952365738186,0.14,0.15,0.9333333333333335,0
3154,3154,0.016830584930480202,0.019662118774977873,0.8559904007852349,0.21,0.11,1.909090909090909,0
3155,3155,0.0715489105043638,0.028165400979360933,2.5403121566347826,0.43,0.13,3.3076923076923075,0
3156,3156,0.045163546100431044,0.048309042809042815,0.9348880349162502,0.31,0.14,2.214285714285714,0
3157,3157,0.04289621169913707,0.0251004551004551,1.708981431908751,0.31,0.11,2.8181818181818183,0
3158,3158,0.008472850678733032,0.035085698435812857,0.24149015286765904,0.04,0.14,0.2857142857142857,0
3159,3159,0.09157672133472898,0.028547121235762207,3.2079144015406666,0.37,0.14,2.642857142857143,0
3160,3160,0.011767568611406726,0.007635709602625786,1.54112312068024,0.21,0.1,2.0999999999999996,0
3161,3161,0.1014952382885432,0.0552432210491034,1.8372433098773933,0.52,0.16,3.25,0
3162,3162,0.03186726329843093,0.054112799036712074,0.5889043602570074,0.26,0.14,1.857142857142857,0
3163,3163,0.009714285714285713,0.0463125,0.20975515712357817,0.04,0.14,0.2857142857142857,0
3164,3164,0.09999600456826617,0.010517224880382776,9.507831743218064,0.77,0.11,7.0,0
3165,3165,0.12676815688701107,0.03495496133235902,3.626614135878256,0.73,0.12,6.083333333333333,0
3166,3166,0.01475071225071225,0.023093142151965684,0.6387486013659113,0.06,0.11,0.5454545454545454,0
3167,3167,0.04625822960706524,0.02766882483987747,1.6718537876027153,0.29,0.13,2.2307692307692304,0
3168,3168,0.030167938823864017,0.032424378127319305,0.9304091725492766,0.3,0.13,2.3076923076923075,0
3169,3169,0.013321237634214026,0.014703874140945079,0.9059678766644975,0.2,0.1,2.0,0
3170,3170,0.02315918291786267,0.027474644504489748,0.8429293021090093,0.23,0.12,1.9166666666666667,0
3171,3171,0.03901026374019201,0.03388681745907912,1.1511929022930476,0.29,0.15,1.9333333333333333,0
3172,3172,0.022479215344041466,0.02038414432789433,1.1027794437895622,0.23,0.11,2.090909090909091,0
3173,3173,0.062597811752708,0.09798636991028296,0.6388420329278757,0.33,0.2,1.65,0
3174,3174,0.007344444444444446,0.01227020202020202,0.5985593743568637,0.04,0.08,0.5,0
3175,3175,0.08218029545929685,0.038760015091350415,2.1202338354516272,0.31,0.14,2.214285714285714,0
3176,3176,0.03947964661583344,0.027021667503860404,1.4610366517977933,0.27,0.13,2.076923076923077,0
3177,3177,0.020121001499285925,0.0611254710052664,0.3291754021421341,0.22,0.15,1.4666666666666668,0
3178,3178,0.04607877719038244,0.06744769446200442,0.6831779434112486,0.31,0.15,2.066666666666667,0
3179,3179,0.0279811254699439,0.04417872127872128,0.6333620498749255,0.24,0.14,1.714285714285714,0
3180,3180,0.12094480519480516,0.027779610194902552,4.353725784712345,0.41,0.09,4.555555555555555,0
3181,3181,0.1317216117216117,0.039205697528278176,3.359756872750546,0.45,0.08,5.625,0
3182,3182,0.0150872454492678,0.051129272778720994,0.29508038407983805,0.22,0.14,1.5714285714285714,0
3183,3183,0.5,0.030540882376582174,16.37149817201696,1.0,0.1,10.0,0
3184,3184,0.004678571428571429,0.03344887706855792,0.13987230181097185,0.04,0.08,0.5,0
3185,3185,0.01737784514001157,0.004923748310513016,3.5293934710080532,0.22,0.09,2.4444444444444446,0
3186,3186,0.04245561907070858,0.013761064127443436,3.085198839095599,0.31,0.11,2.8181818181818183,0
3187,3187,0.028789958232963486,0.04292309007567751,0.6707335884300044,0.26,0.15,1.7333333333333334,0
3188,3188,0.01839746598103061,0.0469611435027036,0.3917593271546177,0.22,0.14,1.5714285714285714,0
3189,3189,0.033886229849430585,0.035796847953388194,0.946626079859169,0.27,0.15,1.8000000000000003,0
3190,3190,0.06162281315259193,0.02866262393520458,2.149936212814917,0.36,0.13,2.769230769230769,0
3191,3191,0.02454437503235479,0.05517583477954199,0.44483921503721974,0.25,0.16,1.5625,0
3192,3192,0.051562052389166994,0.015132546586304873,3.407361219415061,0.31,0.12,2.5833333333333335,0
3193,3193,0.015642857142857142,0.057488354037267084,0.27210480113444524,0.06,0.13,0.4615384615384615,0
3194,3194,0.04944164303431143,0.04448637309328099,1.111388490372996,0.28,0.13,2.153846153846154,0
3195,3195,0.006126373626373627,0.0364049043062201,0.16828429419403476,0.03,0.12,0.25,0
3196,3196,0.02473080223963082,0.02448738980647991,1.0099403176522512,0.26,0.12,2.166666666666667,0
3197,3197,0.05914918079877655,0.03582508564706707,1.6510548329594565,0.33,0.13,2.5384615384615383,0
3198,3198,0.019452596424913683,0.03317439809932069,0.5863737562524762,0.22,0.14,1.5714285714285714,0
3199,3199,0.023501627719138066,0.061371345262430974,0.3829413811713331,0.24,0.16,1.5,0
3200,3200,0.12317862692862694,0.03220569752827817,3.8247464387464394,0.5,0.1,5.0,0
3201,3201,0.011156159586862634,0.009515601503759397,1.1724071864984142,0.21,0.1,2.0999999999999996,0
3202,3202,0.022101449275362325,0.044534090909090905,0.49628158617807727,0.07,0.11,0.6363636363636365,0
3203,3203,0.015150945206035262,0.016276384632316832,0.9308544586709382,0.21,0.11,1.909090909090909,0
3204,3204,0.022588428128325823,0.02364311594202899,0.9553913360536245,0.25,0.11,2.272727272727273,0
3205,3205,0.08441562500966521,0.024403414097734583,3.4591727481894297,0.51,0.12,4.25,0
3206,3206,0.013881012371668165,0.03821479713439983,0.36323658406059905,0.21,0.13,1.6153846153846152,0
3207,3207,0.020082495464758727,0.0656758405330461,0.30578208518936,0.26,0.17,1.5294117647058822,0
3208,3208,0.05428018007351911,0.025966096140544362,2.090425136675211,0.32,0.13,2.4615384615384617,0
3209,3209,0.022294760560114223,0.014277290681534296,1.5615540131118446,0.22,0.11,2.0,0
3210,3210,0.05770130767631661,0.024340058479532165,2.3706314315077877,0.32,0.13,2.4615384615384617,0
3211,3211,0.022536835543090893,0.04055306418339475,0.555736933741225,0.27,0.13,2.076923076923077,0
3212,3212,0.027524517734559672,0.027595507708665604,0.9974274807749365,0.24,0.12,2.0,0
3213,3213,0.010161904761904763,0.041898528865280775,0.242536075540481,0.05,0.12,0.4166666666666667,0
3214,3214,0.031799560668557596,0.03450517745754075,0.9215880923286812,0.24,0.14,1.714285714285714,0
3215,3215,0.024025640526729335,0.09716439758048331,0.24726794098454005,0.24,0.21,1.1428571428571428,0
3216,3216,0.1401608854108854,0.040874848290140646,3.429025214136229,0.52,0.12,4.333333333333334,0
3217,3217,0.0851224672527156,0.009846151009895377,8.645253070683921,0.37,0.11,3.3636363636363638,0
3218,3218,0.13658766233766234,0.05853530377668309,2.3334236524808225,0.49,0.12,4.083333333333333,0
3219,3219,0.024422216167203244,0.031115134865134873,0.7848982905926216,0.25,0.12,2.0833333333333335,0
3220,3220,0.002197802197802198,0.036977124183006534,0.05943680711687782,0.03,0.12,0.25,0
3221,3221,0.03634913835792712,0.04038192593129195,0.9001338474983477,0.29,0.17,1.7058823529411762,0
3222,3222,0.09440253292745548,0.021924656447576005,4.30577022509708,0.7,0.14,4.999999999999999,0
3223,3223,0.048926784242533765,0.03434837819759626,1.4244277840738846,0.29,0.14,2.071428571428571,0
3224,3224,0.02168699814557824,0.030246032565072807,0.7170195991464257,0.25,0.14,1.7857142857142856,0
3225,3225,0.016515528098384136,0.017469621262624403,0.9453855839289709,0.21,0.11,1.909090909090909,0
3226,3226,0.006293706293706294,0.03298812706900942,0.19078701499300618,0.03,0.09,0.3333333333333333,0
3227,3227,0.1508852813852814,0.023909832272990168,6.3105955601256785,0.37,0.12,3.0833333333333335,0
3228,3228,0.014432234432234433,0.05896697235513024,0.24475115231143119,0.06,0.14,0.4285714285714285,0
3229,3229,0.030501190476190477,0.013971537234695129,2.1830948136793222,0.14,0.11,1.272727272727273,0
3230,3230,0.5,0.05054088237658217,9.892981216166344,1.0,0.12,8.333333333333334,0
3231,3231,0.04106045751633987,0.0067814407814407816,6.0548279988985145,0.15,0.07,2.142857142857143,0
3232,3232,0.011126373626373625,0.045041847041847036,0.2470230320714078,0.04,0.1,0.39999999999999997,0
3233,3233,0.027537805676309982,0.033190233343683595,0.8296960551966315,0.26,0.13,2.0,0
3234,3234,0.02116883116883117,0.027905542842613783,0.7585887609577275,0.06,0.09,0.6666666666666666,0
3235,3235,0.05412016307883778,0.06214136765265797,0.8709200508966092,0.3,0.17,1.764705882352941,0
3236,3236,0.0321425104483928,0.0439938252177107,0.7306141325363341,0.26,0.15,1.7333333333333334,0
3237,3237,0.017765567765567765,0.0273030303030303,0.6506811723237916,0.08,0.1,0.7999999999999999,0
3238,3238,0.012142424242424243,0.024380546706109906,0.4980374061661743,0.05,0.12,0.4166666666666667,0
3239,3239,0.02371463762666343,0.02448411826268969,0.9685722545623039,0.22,0.1,2.1999999999999997,0
3240,3240,0.01372560407030819,0.06200203870241427,0.2213734315444975,0.22,0.16,1.375,0
3241,3241,0.0368990696380571,0.020274496446758113,1.8199746531291658,0.27,0.14,1.9285714285714286,0
3242,3242,0.03316425723873349,0.022070090333248228,1.502678817257584,0.28,0.11,2.545454545454546,0
3243,3243,0.010558730158730158,0.02956538888765055,0.3571314484938345,0.05,0.1,0.5,0
3244,3244,0.04668697506197506,0.03510777224388839,1.3298187859271644,0.33,0.14,2.357142857142857,0
3245,3245,0.08358944479486415,0.023666841602541403,3.531922264857179,0.69,0.13,5.3076923076923075,0
3246,3246,0.038789836430848094,0.02616718596444762,1.4823847120416538,0.29,0.11,2.6363636363636362,0
3247,3247,0.016156033274407403,0.035780742692557245,0.4515287291051122,0.21,0.13,1.6153846153846152,0
3248,3248,0.03248509085409043,0.030301941482645697,1.0720465179663505,0.28,0.13,2.153846153846154,0
3249,3249,0.03240181868126119,0.04201591420111757,0.7711796660228173,0.26,0.14,1.857142857142857,0
3250,3250,0.0033703703703703704,0.01674277444611028,0.20130297885924053,0.03,0.1,0.3,0
3251,3251,0.12731349206349207,0.0211374269005848,6.0231310396616795,0.45,0.07,6.428571428571428,0
3252,3252,0.017876354004926875,0.030577261295438727,0.5846290101721284,0.21,0.12,1.75,0
3253,3253,0.021566305574826944,0.0401539490557499,0.5370905248916913,0.23,0.17,1.352941176470588,0
3254,3254,0.04074714397304497,0.005655390217461156,7.205010159553122,0.31,0.1,3.0999999999999996,0
3255,3255,0.029913376674037807,0.03967332496632811,0.7539921773490411,0.23,0.14,1.6428571428571428,0
3256,3256,0.024525451629553795,0.01729397122485358,1.4181503664298738,0.25,0.11,2.272727272727273,0
3257,3257,0.013124999999999998,0.014633930397088291,0.8968882346612415,0.05,0.1,0.5,0
3258,3258,0.015920647393778492,0.019234656084656087,0.8277063714426767,0.25,0.12,2.0833333333333335,0
3259,3259,0.030035498527637827,0.02285156127841886,1.3143740229252308,0.29,0.12,2.4166666666666665,0
3260,3260,0.014722893146856214,0.01497404743743416,0.983227361097436,0.21,0.11,1.909090909090909,0
3261,3261,0.027058476544950902,0.039610897435897435,0.6831068795838268,0.23,0.13,1.7692307692307692,0
3262,3262,0.03254783283665127,0.04332881092313141,0.7511822305577134,0.23,0.13,1.7692307692307692,0
3263,3263,0.040906410126670734,0.008715557551296091,4.693493202920511,0.4,0.11,3.6363636363636367,0
3264,3264,0.026779201591272526,0.022887143734634234,1.170054328393481,0.24,0.13,1.846153846153846,0
3265,3265,0.024863400271843174,0.020379800497497404,1.220002142557595,0.24,0.14,1.714285714285714,0
3266,3266,0.09847168919626012,0.02749296083292503,3.581705506172051,0.47,0.13,3.615384615384615,0
3267,3267,0.01297470522999462,0.04679515392015393,0.27726600177730415,0.2,0.15,1.3333333333333335,0
3268,3268,0.405,0.045983772819472614,8.807454786060875,0.87,0.09,9.666666666666668,0
3269,3269,0.07561742424242424,0.03589624735666691,2.106555136281677,0.26,0.13,2.0,0
3270,3270,0.07679534421921394,0.04005785482608836,1.9171107527505358,0.36,0.14,2.571428571428571,0
3271,3271,0.22733104858104855,0.06649025974025975,3.419012791784899,0.71,0.15,4.733333333333333,0
3272,3272,0.024463143694778217,0.041708062391091844,0.586532729940558,0.23,0.14,1.6428571428571428,0
3273,3273,0.037923203823725646,0.04788525017175143,0.791960022923664,0.28,0.15,1.866666666666667,0
3274,3274,0.014703055248731785,0.04913268601248141,0.2992520141275545,0.22,0.13,1.6923076923076923,0
3275,3275,0.03511280123148128,0.020299664108434264,1.7297232626076968,0.32,0.12,2.666666666666667,0
3276,3276,0.037273322508456774,0.020620605557676495,1.8075765235992753,0.3,0.12,2.5,0
3277,3277,0.025264921648363036,0.04920133883592963,0.5135006942110516,0.24,0.15,1.6,0
3278,3278,0.08198946342689344,0.029473353736511627,2.7818165574189404,0.72,0.13,5.538461538461538,0
3279,3279,0.05093218698512816,0.06573255813953488,0.7748395684983234,0.3,0.14,2.142857142857143,0
3280,3280,0.019037601710132464,0.04957261904761903,0.3840346157996032,0.22,0.14,1.5714285714285714,0
3281,3281,0.034446196229855834,0.01370609110979955,2.5132035059381423,0.25,0.1,2.5,0
3282,3282,0.3234442809001633,0.06954333776719547,4.650974360519353,0.71,0.2,3.55,0
3283,3283,0.05982508691082545,0.023448593073593073,2.5513294858700166,0.27,0.11,2.4545454545454546,0
3284,3284,0.018685897435897436,0.004924262649377066,3.7946589705691793,0.07,0.06,1.1666666666666667,0
3285,3285,0.027947941667193454,0.014372257417379368,1.944575640107723,0.25,0.12,2.0833333333333335,0
3286,3286,0.0169,0.040122469034233735,0.42121036932149897,0.06,0.12,0.5,0
3287,3287,0.015183625805727468,0.005568632026313247,2.726634788217439,0.23,0.09,2.555555555555556,0
3288,3288,0.022407546605357598,0.04038545176524717,0.5548420440015959,0.21,0.13,1.6153846153846152,0
3289,3289,0.03467574306530013,0.046367548391996596,0.7478450827752936,0.31,0.17,1.8235294117647058,0
3290,3290,0.24062209501025283,0.06509875168662468,3.696262812666061,0.9,0.23,3.9130434782608696,0
3291,3291,0.014037883243221914,0.04508065953654189,0.3113948062770235,0.21,0.13,1.6153846153846152,0
3292,3292,0.05399906441199609,0.04197186234817814,1.2865539290119208,0.34,0.15,2.266666666666667,0
3293,3293,0.015398809523809523,0.025813897488820084,0.5965317531178195,0.07,0.1,0.7000000000000001,0
3294,3294,0.045335897435897436,0.03819949494949495,1.186819288994208,0.13,0.1,1.3,0
3295,3295,0.02513131875703067,0.041265518539431584,0.6090149753726285,0.27,0.14,1.9285714285714286,0
3296,3296,0.015915029820224916,0.06862624506245318,0.23190879532664907,0.22,0.16,1.375,0
3297,3297,0.015402553148298795,0.01395604183149481,1.103647677061244,0.21,0.09,2.3333333333333335,0
3298,3298,0.02209865185686986,0.006217768227408871,3.5541131558194197,0.24,0.09,2.6666666666666665,0
3299,3299,0.01700759695873496,0.028334166770374897,0.600250471332633,0.22,0.12,1.8333333333333335,0
3300,3300,0.05557509157509157,0.009554430949167792,5.816682528846186,0.19,0.09,2.111111111111111,0
3301,3301,0.008825757575757575,0.03325140545728781,0.26542509871032255,0.04,0.1,0.39999999999999997,0
3302,3302,0.019071639208566412,0.03875785081561141,0.4920716398672055,0.23,0.13,1.7692307692307692,0
3303,3303,0.03037068004459309,0.01864577869091333,1.6288233679075936,0.09,0.08,1.125,0
3304,3304,0.01796893792482028,0.04863362430753735,0.36947560829916215,0.1,0.11,0.9090909090909092,0
3305,3305,0.11250883750424422,0.039574104933179345,2.8429913372447655,0.45,0.13,3.4615384615384617,0
3306,3306,0.04006119033883659,0.02152051447048692,1.8615349737003832,0.29,0.13,2.2307692307692304,0
3307,3307,0.04679935668186947,0.02712953902494575,1.7250332428736523,0.28,0.13,2.153846153846154,0
3308,3308,0.08178804351187914,0.05048347530605594,1.6200953483499172,0.47,0.16,2.9374999999999996,0
3309,3309,0.0680032378542815,0.03966605616605617,1.7143937267066796,0.28,0.13,2.153846153846154,0
3310,3310,0.1325690314380017,0.049939018812257346,2.6546182642551863,0.59,0.15,3.933333333333333,0
3311,3311,0.06928174363950225,0.043654531770911074,1.587045853637301,0.27,0.15,1.8000000000000003,0
3312,3312,0.03833594650684606,0.031755332183526046,1.2072286406984554,0.29,0.14,2.071428571428571,0
3313,3313,0.01626563536996448,0.020051214695177545,0.8112044889667696,0.23,0.12,1.9166666666666667,0
3314,3314,0.06220182123028423,0.043437136393018744,1.4319963606137112,0.28,0.13,2.153846153846154,0
3315,3315,0.026037037037037036,0.01365356535412856,1.9069771419934622,0.07,0.09,0.7777777777777779,0
3316,3316,0.0181571294896815,0.03241147707965451,0.5602067886341157,0.24,0.15,1.6,0
3317,3317,0.07991468253968254,0.03656215157391628,2.185721548091122,0.26,0.12,2.166666666666667,0
3318,3318,0.05497712418300653,0.012007363253856942,4.578617554969619,0.26,0.1,2.6,0
3319,3319,0.030107598924754665,0.019837514786880804,1.5177102196624852,0.28,0.12,2.3333333333333335,0
3320,3320,0.011831581320040791,0.037952190878762886,0.311749626203041,0.21,0.13,1.6153846153846152,0
3321,3321,0.01861450106934338,0.029721874315914568,0.6262896098506228,0.2,0.12,1.6666666666666667,0
3322,3322,0.08961098646334972,0.02473630997768929,3.6226497219744425,0.51,0.1,5.1,0
3323,3323,0.08962451712022887,0.01751291383031534,5.117624513465392,0.34,0.11,3.0909090909090913,0
3324,3324,0.010526315789473684,0.04759350538634426,0.2211712649451944,0.05,0.13,0.38461538461538464,0
3325,3325,0.04787730733318968,0.04798233819843726,0.9978110515412314,0.26,0.13,2.0,0
3326,3326,0.05189127667898455,0.040617017040930084,1.2775747816904748,0.31,0.14,2.214285714285714,0
3327,3327,0.02685422774916743,0.04197156862745098,0.6398194927507131,0.25,0.16,1.5625,0
3328,3328,0.0635799258180509,0.031684149184149184,2.006679284601349,0.38,0.12,3.166666666666667,0
3329,3329,0.05341750719087676,0.04120985719261581,1.2962313104168772,0.32,0.12,2.666666666666667,0
3330,3330,0.02085032976191892,0.027826699901928736,0.7492922206155583,0.21,0.11,1.909090909090909,0
3331,3331,0.0388877195446552,0.03859774436090225,1.007512749476798,0.27,0.11,2.4545454545454546,0
3332,3332,0.011982962246706612,0.04454413846858667,0.2690132228094884,0.2,0.14,1.4285714285714286,0
3333,3333,0.10203409090909094,0.038072588522588525,2.679988276829508,0.27,0.14,1.9285714285714286,0
3334,3334,0.05591484025072954,0.023494254418167458,2.3799367817985377,0.31,0.14,2.214285714285714,0
3335,3335,0.01998752342228709,0.04838601881046703,0.41308468672697085,0.22,0.12,1.8333333333333335,0
3336,3336,0.11851830999113605,0.009401265692881333,12.606633389893286,0.49,0.09,5.444444444444445,0
3337,3337,0.022212557418072123,0.054556397306397296,0.40714853829740466,0.25,0.15,1.6666666666666667,0
3338,3338,0.08202584178899969,0.031773627288919644,2.5815699618785546,0.4,0.13,3.076923076923077,0
3339,3339,0.00875,0.034110731373889265,0.25651751362616226,0.03,0.1,0.3,0
3340,3340,0.046818084196247486,0.016089330334218607,2.90988395562215,0.43,0.11,3.909090909090909,0
3341,3341,0.025705554522956028,0.04788854570193243,0.5367787671597373,0.28,0.15,1.866666666666667,0
3342,3342,0.021343533020376487,0.04228598946570746,0.5047424286402329,0.25,0.13,1.923076923076923,0
3343,3343,0.044533566299177645,0.03357020682500222,1.3265800395966045,0.42,0.12,3.5,0
3344,3344,0.010376920714513474,0.04646111193015218,0.22334637040356958,0.21,0.13,1.6153846153846152,0
3345,3345,0.01287976120128592,0.010827343713634037,1.1895587266771104,0.22,0.1,2.1999999999999997,0
3346,3346,0.033122595499596494,0.024696935867070512,1.341162145695988,0.3,0.13,2.3076923076923075,0
3347,3347,0.016081520316448897,0.045150173460376836,0.3561784835790679,0.21,0.14,1.4999999999999998,0
3348,3348,0.007309090909090909,0.03441369047619048,0.21238904656702803,0.04,0.12,0.33333333333333337,0
3349,3349,0.05561517641945023,0.03125136116152451,1.7796081307306872,0.32,0.12,2.666666666666667,0
3350,3350,0.011063575747072387,0.01226926217057796,0.9017311386175412,0.21,0.11,1.909090909090909,0
3351,3351,0.014515085497456535,0.028196563347016323,0.5147820788944649,0.21,0.12,1.75,0
3352,3352,0.020881846559452945,0.017387177093059446,1.2009911929745334,0.24,0.12,2.0,0
3353,3353,0.018608375342867665,0.05647609479892088,0.3294911839977864,0.23,0.15,1.5333333333333334,0
3354,3354,0.12440115440115437,0.04541666666666666,2.7391079868144086,0.48,0.11,4.363636363636363,0
3355,3355,0.01681131408662032,0.006455212759456372,2.604300541758765,0.22,0.09,2.4444444444444446,0
3356,3356,0.021373324279206633,0.032110065373223265,0.6656269313306957,0.24,0.13,1.846153846153846,0
3357,3357,0.03987730295063577,0.0583294128347434,0.6836568553092516,0.28,0.15,1.866666666666667,0
3358,3358,0.05457721627787417,0.024496657258952337,2.2279454580656655,0.28,0.11,2.545454545454546,0
3359,3359,0.026471648057589437,0.005447616309351657,4.859308467108238,0.26,0.1,2.6,0
3360,3360,0.018573524517564763,0.03399550346454371,0.5463523885426904,0.21,0.13,1.6153846153846152,0
3361,3361,0.08758509725568545,0.030072848099405428,2.912431072912482,0.65,0.14,4.642857142857142,0
3362,3362,0.00738095238095238,0.024497894934965875,0.3012892495680328,0.03,0.11,0.2727272727272727,0
3363,3363,0.003611111111111111,0.07504589371980676,0.04811870353085069,0.02,0.13,0.15384615384615385,0
3364,3364,0.0018181818181818182,0.04892700258397933,0.03716111190463902,0.02,0.11,0.18181818181818182,0
3365,3365,0.03179446570958909,0.041708599226028015,0.7623000124575734,0.26,0.15,1.7333333333333334,0
3366,3366,0.01862493294325388,0.023585576259489302,0.7896747036553927,0.23,0.13,1.7692307692307692,0
3367,3367,0.05310337894701373,0.023956621156621158,2.21664727257821,0.29,0.12,2.4166666666666665,0
3368,3368,0.06833520253591618,0.018582052312500347,3.677484132898838,0.43,0.13,3.3076923076923075,0
3369,3369,0.037628176939671534,0.0585669254658385,0.6424816846774665,0.25,0.15,1.6666666666666667,0
3370,3370,0.09169748660552818,0.057591241604399504,1.5922123581812695,0.38,0.17,2.235294117647059,0
3371,3371,0.050190567765567747,0.018333499106308583,2.737642578458855,0.29,0.12,2.4166666666666665,0
3372,3372,0.12864718614718612,0.039443792766373414,3.261531843785071,0.43,0.1,4.3,0
3373,3373,0.033759328694468016,0.03468646868535418,0.9732708452020187,0.27,0.12,2.2500000000000004,0
3374,3374,0.03685769065116866,0.017218210681597408,2.1406225845849165,0.3,0.11,2.727272727272727,0
3375,3375,0.21990275630166933,0.0319466599494136,6.883434970975919,0.66,0.13,5.076923076923077,0
3376,3376,0.10390024811440883,0.050903026519858806,2.041140875461977,0.41,0.14,2.928571428571428,0
3377,3377,0.024606048950260067,0.030376327588622676,0.8100402814814308,0.21,0.12,1.75,0
3378,3378,0.021177241915456602,0.035105564155486754,0.6032445973994338,0.22,0.12,1.8333333333333335,0
3379,3379,0.026864148273711676,0.04029914492112635,0.6666183197258972,0.27,0.16,1.6875,0
3380,3380,0.023674934837866507,0.008781169269327163,2.696102775351755,0.25,0.1,2.5,0
3381,3381,0.011039161223737113,0.026139365047731875,0.42231940996191053,0.2,0.11,1.8181818181818183,0
3382,3382,0.05875548245614035,0.055023484756221326,1.0678255424289,0.27,0.15,1.8000000000000003,0
3383,3383,0.024953169567039368,0.051274132730015076,0.4866619528882284,0.27,0.17,1.588235294117647,0
3384,3384,0.0011142857142857144,0.021665616246498594,0.05143106485446937,0.02,0.09,0.22222222222222224,0
3385,3385,0.023886437183741692,0.017424527179868417,1.3708513830630136,0.24,0.12,2.0,0
3386,3386,0.010175578341908988,0.03225784920511087,0.315445034081714,0.19,0.13,1.4615384615384615,0
3387,3387,0.008639601139601138,0.03549197513013303,0.2434240728481192,0.04,0.09,0.4444444444444445,0
3388,3388,0.052125000000000005,0.03620191050779286,1.4398411373559836,0.17,0.12,1.4166666666666667,0
3389,3389,0.0939501508152437,0.03713290437939807,2.530105101807462,0.43,0.17,2.5294117647058822,0
3390,3390,0.0223525641025641,0.023611908686826038,0.9466648545458516,0.08,0.11,0.7272727272727273,0
3391,3391,0.014032233321248224,0.01693290043290043,0.8286963817482654,0.2,0.11,1.8181818181818183,0
3392,3392,0.026229853479853474,0.021628300931356526,1.2127560811688938,0.12,0.11,1.0909090909090908,0
3393,3393,0.040099026587045616,0.04534840734712857,0.8842433270059408,0.26,0.13,2.0,0
3394,3394,0.00899206349206349,0.038978229902142954,0.23069450600087724,0.07,0.13,0.5384615384615385,0
3395,3395,0.02167671808232449,0.018345812807881775,1.1815621531367464,0.23,0.13,1.7692307692307692,0
3396,3396,0.011602154415377425,0.03625341247058514,0.3200293055113375,0.2,0.11,1.8181818181818183,0
3397,3397,0.0276395105551284,0.03189878188011721,0.8664754240147443,0.25,0.14,1.7857142857142856,0
3398,3398,0.1055166295393782,0.033342520703933745,3.1646266482464647,0.5,0.12,4.166666666666667,0
3399,3399,0.006023809523809523,0.03804698390984301,0.15832554659480177,0.03,0.11,0.2727272727272727,0
3400,3400,0.011777777777777778,0.03272651828847481,0.3598848393819369,0.04,0.1,0.39999999999999997,0
3401,3401,0.09560059666266757,0.03044437229437229,3.1401730256839473,0.41,0.12,3.4166666666666665,0
3402,3402,0.034815314540357384,0.02550599186052907,1.3649857151501188,0.3,0.11,2.727272727272727,0
3403,3403,0.019683868339474747,0.017716791979949874,1.1110289245226233,0.26,0.12,2.166666666666667,0
3404,3404,0.026590796710976285,0.043103953930525934,0.616899246733485,0.26,0.15,1.7333333333333334,0
3405,3405,0.09940199394582928,0.043495617083692324,2.2853335717611363,0.47,0.15,3.1333333333333333,0
3406,3406,0.019201103888541293,0.014341571285611532,1.3388424117659399,0.23,0.1,2.3,0
3407,3407,0.3866666666666667,0.020952380952380955,18.454545454545453,0.87,0.08,10.875,0
3408,3408,0.362226080580876,0.04579798290653489,7.909214720659459,0.81,0.15,5.4,0
3409,3409,0.055003235633948495,0.024079653076621153,2.284220435357972,0.37,0.14,2.642857142857143,0
3410,3410,0.044497708958488875,0.02251985972683647,1.9759318884860477,0.3,0.13,2.3076923076923075,0
3411,3411,0.020204686200431844,0.03195384221513253,0.6323085050117514,0.22,0.13,1.6923076923076923,0
3412,3412,0.02893657440077594,0.01683763925804599,1.7185648152515434,0.26,0.13,2.0,0
3413,3413,0.22588345864661646,0.03182834406972338,7.096927761990843,0.49,0.12,4.083333333333333,0
3414,3414,0.026051282051282054,0.04779718817698358,0.5450379623759307,0.08,0.13,0.6153846153846154,0
3415,3415,0.02816797248047055,0.01462169818485608,1.9264501376211252,0.27,0.11,2.4545454545454546,0
3416,3416,0.022591563257256874,0.0334791177722952,0.674795656531665,0.23,0.13,1.7692307692307692,0
3417,3417,0.0010846560846560847,0.022847222222222224,0.04747430887248516,0.02,0.08,0.25,0
3418,3418,0.0484616480708485,0.06497556929243563,0.7458441472476692,0.3,0.18,1.6666666666666667,0
3419,3419,0.01439437416864634,0.0168015626014852,0.8567283002221427,0.21,0.1,2.0999999999999996,0
3420,3420,0.03863451578418222,0.049910372515175355,0.7740778887682177,0.31,0.17,1.8235294117647058,0
3421,3421,0.03155078220296623,0.026284217088460703,1.200369868228552,0.27,0.12,2.2500000000000004,0
3422,3422,0.022780431950595714,0.03135142635142635,0.7266154877690056,0.22,0.12,1.8333333333333335,0
3423,3423,0.06605442425508215,0.04563418737060041,1.4474767287657975,0.3,0.14,2.142857142857143,0
3424,3424,0.08140162513008813,0.029107942781855828,2.796543395049859,0.38,0.16,2.375,0
3425,3425,0.07467690630522439,0.021638951593685576,3.4510408686812593,0.39,0.13,3.0,0
3426,3426,0.007549783549783549,0.024257867132867133,0.31123031173479804,0.04,0.1,0.39999999999999997,0
3427,3427,0.08470855050117063,0.017612665112665113,4.8095248481308746,0.4,0.12,3.3333333333333335,0
3428,3428,0.05639933166248956,0.058267413771950965,0.9679395053164231,0.18,0.16,1.125,0
3429,3429,0.12989654160242395,0.0451422109480933,2.877496225246594,0.47,0.15,3.1333333333333333,0
3430,3430,0.0219,0.031994828700711055,0.6844856149991918,0.09,0.11,0.8181818181818181,0
3431,3431,0.0393588831063736,0.04358498707175178,0.9030376226010816,0.26,0.15,1.7333333333333334,0
3432,3432,0.11915402445308367,0.04690356465166712,2.5404044519428335,0.65,0.16,4.0625,0
3433,3433,0.006298076923076923,0.030127643446384897,0.20904645045620543,0.04,0.11,0.36363636363636365,0
3434,3434,0.01928417083128367,0.026921094244149277,0.7163219539441519,0.21,0.11,1.909090909090909,0
3435,3435,0.011964285714285714,0.03957964710811011,0.3022837894841705,0.04,0.12,0.33333333333333337,0
3436,3436,0.10118686868686869,0.044522709344971004,2.272702406829114,0.23,0.13,1.7692307692307692,0
3437,3437,1.0,0.02291666666666667,43.63636363636363,1.0,0.08,12.5,1
3438,3438,0.025179024192182084,0.02079264696656001,1.2109580965173175,0.18,0.13,1.3846153846153846,0
3439,3439,0.12114971183786974,0.032,3.785928494933429,0.54,0.11,4.909090909090909,0
3440,3440,0.023647823066166723,0.05147894006414343,0.45936888049173563,0.22,0.15,1.4666666666666668,0
3441,3441,0.15885328560328554,0.033777777777777775,4.70289332378148,0.63,0.14,4.5,0
3442,3442,0.04500906364064258,0.04666836349924585,0.9644448672679495,0.28,0.13,2.153846153846154,0
3443,3443,0.07736584795456905,0.053974089635854344,1.4333886588274356,0.43,0.11,3.909090909090909,0
3444,3444,0.1838021693069647,0.030807451320609216,5.966159530503155,0.67,0.11,6.090909090909091,0
3445,3445,0.10959758297258296,0.03460256410256411,3.1673254804970243,0.37,0.11,3.3636363636363638,0
3446,3446,0.1140972954633945,0.030534090909090907,3.73671827345691,0.55,0.12,4.583333333333334,0
3447,3447,0.16670864432502355,0.04346825396825396,3.83518151998411,0.64,0.1,6.3999999999999995,0
3448,3448,0.0294128747351364,0.05403461304777094,0.5443339569977683,0.21,0.14,1.4999999999999998,0
3449,3449,0.01972769291476385,0.022896395271395267,0.861606933359064,0.19,0.12,1.5833333333333335,0
3450,3450,0.04685242209057998,0.009776862026862026,4.792173804013239,0.26,0.09,2.8888888888888893,0
3451,3451,0.5,0.026578144078144083,18.812449753072237,1.0,0.09,11.11111111111111,0
3452,3452,0.029405978122976628,0.04924931734931735,0.5970839740661752,0.22,0.15,1.4666666666666668,0
3453,3453,0.5,0.016578144078144074,30.16019149327933,1.0,0.08,12.5,0
3454,3454,0.07813918000470116,0.04711388756171364,1.6585169267203441,0.45,0.17,2.6470588235294117,0
3455,3455,0.046570987190022194,0.01701037851037851,2.7377984071082206,0.29,0.11,2.6363636363636362,0
3456,3456,0.028319027105791806,0.036884126984126984,0.7677835812131014,0.21,0.14,1.4999999999999998,0
3457,3457,0.08720627441873567,0.0317636008492786,2.7454782230937225,0.36,0.13,2.769230769230769,0
3458,3458,0.041548224215841915,0.019816239316239315,2.0966755373101162,0.37,0.09,4.111111111111112,0
3459,3459,0.06409749982161568,0.01196918767507003,5.3552088547429895,0.44,0.1,4.3999999999999995,0
3460,3460,0.055759374876592854,0.02721221322537112,2.049056958902776,0.42,0.09,4.666666666666667,0
3461,3461,0.07470667943167943,0.02713266702562032,2.753385038084786,0.29,0.1,2.8999999999999995,0
3462,3462,0.030241233602998303,0.02888344008932244,1.0470094112569994,0.23,0.12,1.9166666666666667,0
3463,3463,0.041496759929588324,0.03212094338410129,1.291891070364008,0.37,0.11,3.3636363636363638,0
3464,3464,0.06861333286679586,0.04132429558745348,1.6603630356285526,0.46,0.12,3.8333333333333335,0
3465,3465,0.07693072108769783,0.03301587301587301,2.330113186790848,0.37,0.08,4.625,0
3466,3466,0.0821521852330676,0.03655806182121972,2.24717014908551,0.48,0.11,4.363636363636363,0
3467,3467,0.16839262973009103,0.06112303382891617,2.754978265663698,0.47,0.16,2.9374999999999996,0
3468,3468,0.04297226521748014,0.07173387723387722,0.5990511997194256,0.37,0.16,2.3125,0
3469,3469,0.05527888551587904,0.04146565934065935,1.3331244792645818,0.38,0.13,2.923076923076923,0
3470,3470,0.06064059068950372,0.04866550116550116,1.2460693764002921,0.33,0.14,2.357142857142857,0
3471,3471,0.03712263749559575,0.022763458763458765,1.630799514315776,0.21,0.11,1.909090909090909,0
3472,3472,0.06576684246196442,0.025160281385281386,2.6139152203773692,0.36,0.12,3.0,0
3473,3473,0.05026984126984126,0.03106944444444444,1.6179832684079443,0.28,0.11,2.545454545454546,0
3474,3474,0.05858943841327406,0.039802206851119896,1.4720148215004203,0.4,0.13,3.076923076923077,0
3475,3475,0.03278946482450677,0.06667678456808893,0.4917673375659389,0.23,0.16,1.4375,0
3476,3476,0.0797348109406933,0.010557451320609215,7.552467780272202,0.38,0.06,6.333333333333334,0
3477,3477,0.13661367724347262,0.06816468253968253,2.0041709599973867,0.48,0.16,3.0,0
3478,3478,0.06712326927458506,0.06494977361184455,1.0334642530970137,0.41,0.18,2.2777777777777777,0
3479,3479,0.05376770127968954,0.05876190476190476,0.9150095031389631,0.32,0.13,2.4615384615384617,0
3480,3480,0.03671798132034463,0.020261913810826853,1.8121674814708055,0.22,0.11,2.0,0
3481,3481,0.07258792113683418,0.045891131815044874,1.5817417933683884,0.34,0.13,2.6153846153846154,0
3482,3482,0.0653365830424654,0.053076665193044506,1.2309850817648489,0.38,0.16,2.375,0
3483,3483,0.08972967662251552,0.037891395154553045,2.368075291409099,0.46,0.11,4.181818181818182,0
3484,3484,0.04777170626308558,0.03889149256540561,1.2283330649433344,0.3,0.11,2.727272727272727,0
3485,3485,0.04449666137619857,0.04995790043290043,0.8906831750458174,0.23,0.13,1.7692307692307692,0
3486,3486,0.03892902521536087,0.020744370825253176,1.876606696982614,0.38,0.08,4.75,0
3487,3487,0.15260078972808835,0.05420471014492754,2.81526807024848,0.72,0.15,4.8,0
3488,3488,0.019306859835003853,0.0630073815073815,0.30642219011659766,0.19,0.14,1.357142857142857,0
3489,3489,0.20663629351608886,0.058141806722689066,3.554005373476841,0.69,0.12,5.75,0
3490,3490,0.09785325093653077,0.04302380952380952,2.274397642132979,0.56,0.1,5.6000000000000005,0
3491,3491,0.026658837258837255,0.05721572340845876,0.46593550986888366,0.21,0.14,1.4999999999999998,0
3492,3492,0.06397000796138727,0.01983987989135048,3.2243142756764387,0.3,0.13,2.3076923076923075,0
3493,3493,0.048814416461906956,0.01710609243697479,2.8536275389459886,0.4,0.09,4.444444444444445,0
3494,3494,0.16552258852258853,0.029381205005565614,5.633621510459968,0.59,0.11,5.363636363636363,0
3495,3495,0.01879031099619335,0.03377915065894606,0.5562694925609958,0.19,0.11,1.7272727272727273,0
3496,3496,0.07089865314661141,0.015219507007478912,4.658406682409069,0.4,0.12,3.3333333333333335,0
3497,3497,0.025836241421660976,0.025487051837051834,1.0137006660025507,0.22,0.12,1.8333333333333335,0
3498,3498,0.042498414728210115,0.036300347813459075,1.1707440090271803,0.29,0.12,2.4166666666666665,0
3499,3499,0.0808744696917651,0.029355921855921854,2.7549626984529736,0.47,0.1,4.699999999999999,0
3500,3500,0.07536459607287592,0.06584067540646488,1.1446510171351598,0.4,0.16,2.5,0
3501,3501,0.016540395852857152,0.027018740031897925,0.6121823531863368,0.19,0.12,1.5833333333333335,0
3502,3502,0.10209032999164576,0.015494627594627594,6.5887566105198445,0.42,0.06,7.0,0
3503,3503,0.08759222794222793,0.055862537462537463,1.5679958684470614,0.31,0.15,2.066666666666667,0
3504,3504,0.16796708483565734,0.05488528138528138,3.060330212330863,0.68,0.14,4.857142857142857,0
3505,3505,0.05488407405798709,0.04163418988418988,1.3182452741521626,0.33,0.15,2.2,0
3506,3506,0.03583274399543413,0.013314176020058372,2.6913226880469794,0.38,0.07,5.428571428571428,0
3507,3507,0.08232679396626764,0.010319327731092436,7.977922216600855,0.48,0.08,6.0,0
3508,3508,0.058454279673319905,0.038895423615689526,1.5028575148296053,0.39,0.15,2.6,0
3509,3509,0.04452135808765834,0.02439078465394255,1.8253352124308089,0.38,0.07,5.428571428571428,0
3510,3510,0.06016317651329092,0.02696221322537112,2.231388647897721,0.43,0.09,4.777777777777778,0
3511,3511,0.05188529339008878,0.024173992673992676,2.1463270089391977,0.42,0.11,3.818181818181818,0
3512,3512,0.056558186911128086,0.0367785642462113,1.5378030129861406,0.26,0.13,2.0,0
3513,3513,0.14543793053638251,0.05723809523809525,2.54092890288189,0.55,0.14,3.9285714285714284,0
3514,3514,0.02363356964672754,0.061378019583901926,0.38504940053370657,0.21,0.14,1.4999999999999998,0
3515,3515,0.0861379038090619,0.03183782478508645,2.705521008125242,0.5,0.12,4.166666666666667,0
3516,3516,0.08050326790101658,0.03791666666666667,2.1231631094773604,0.37,0.11,3.3636363636363638,0
3517,3517,0.034160971214679654,0.026828102453102454,1.2733278946729687,0.22,0.13,1.6923076923076923,0
3518,3518,0.01565277021641119,0.05854763700351936,0.26735101564338604,0.19,0.15,1.2666666666666668,0
3519,3519,0.07722622230710467,0.02827777777777778,2.730986250545941,0.37,0.07,5.285714285714286,0
3520,3520,0.05459958523098941,0.055450918964076855,0.9846470762073578,0.33,0.16,2.0625,0
3521,3521,0.033317564550301125,0.03782460317460317,0.8808437301114044,0.25,0.14,1.7857142857142856,0
3522,3522,0.0987997960962124,0.05788544277360066,1.7068159344074536,0.43,0.18,2.388888888888889,0
3523,3523,0.057646666485053226,0.0245,2.3529251626552337,0.32,0.09,3.555555555555556,0
3524,3524,0.07068058055872456,0.02421399841988077,2.9189966618934218,0.45,0.1,4.5,0
3525,3525,0.025575078329615537,0.03457329639103175,0.7397350267199185,0.2,0.12,1.6666666666666667,0
3526,3526,0.05182238309076545,0.049484907921978856,1.0472361224248818,0.32,0.15,2.1333333333333333,0
3527,3527,0.03282745422219107,0.036305250305250315,0.9042068005641515,0.23,0.11,2.090909090909091,0
3528,3528,0.03297064352056613,0.017844136857294753,1.8477017848631667,0.22,0.1,2.1999999999999997,0
3529,3529,0.0687171203993012,0.03692752100840336,1.860864702606592,0.43,0.08,5.375,0
3530,3530,0.15352697126574832,0.054662362637362634,2.8086413367140133,0.69,0.15,4.6,0
3531,3531,0.10560589818678054,0.030845238095238096,3.4237342522923835,0.55,0.12,4.583333333333334,0
3532,3532,0.07724988919795561,0.02143650793650793,3.603660140297079,0.46,0.07,6.571428571428571,0
3533,3533,0.033452930841088746,0.04045640090044115,0.8268884551399619,0.22,0.12,1.8333333333333335,0
3534,3534,0.056163555767049796,0.035711251167133515,1.5727131907027483,0.44,0.11,4.0,0
3535,3535,0.07636949042336974,0.035055555555555555,2.1785274605715617,0.49,0.1,4.8999999999999995,0
3536,3536,0.14898351551549224,0.046451770451770444,3.207273136557359,0.63,0.14,4.5,0
3537,3537,0.2139435841935842,0.08020238095238096,2.6675465447916094,0.68,0.19,3.5789473684210527,0
3538,3538,0.07570970695970695,0.02201190476190476,3.439489120938553,0.34,0.1,3.4,0
3539,3539,0.10379266222365896,0.06196764346764347,1.6749493189595714,0.54,0.14,3.857142857142857,0
3540,3540,0.02695622871588031,0.0189824016563147,1.4200641838654293,0.21,0.1,2.0999999999999996,0
3541,3541,0.08987896825396825,0.0493525641025641,1.8211610660630015,0.34,0.13,2.6153846153846154,0
3542,3542,0.028215852559892805,0.026909151034151032,1.0485597454963707,0.22,0.11,2.0,0
3543,3543,0.04258233618233618,0.04570030846346636,0.9317734959355309,0.26,0.12,2.166666666666667,0
3544,3544,0.1989086224943002,0.02199586655174891,9.04300005759422,0.66,0.12,5.500000000000001,0
3545,3545,0.014285805487862546,0.058464684569479966,0.24434931263308474,0.17,0.13,1.3076923076923077,0
3546,3546,0.11392316223438323,0.03293253968253969,3.4592886953927664,0.55,0.1,5.5,0
3547,3547,0.06289738738438092,0.0416933288933289,1.5085719719167052,0.4,0.15,2.666666666666667,0
3548,3548,0.09380794336382571,0.027462411842207234,3.4158668911829304,0.4,0.09,4.444444444444445,0
3549,3549,0.10883084421617027,0.03400490196078432,3.2004457575463072,0.53,0.1,5.3,0
3550,3550,0.05201497984586219,0.026015663080880477,1.9993716740623544,0.32,0.12,2.666666666666667,0
3551,3551,0.15356199889241828,0.044341714048803604,3.4631498169737887,0.67,0.13,5.153846153846154,0
3552,3552,0.06308581353761239,0.04338827838827839,1.4539828700521893,0.3,0.15,2.0,0
3553,3553,0.04237938094224004,0.013650162337662334,3.104679628996833,0.29,0.08,3.6249999999999996,0
3554,3554,0.055767311700167736,0.0487587818528221,1.1437388216239859,0.42,0.11,3.818181818181818,0
3555,3555,0.0562508372326063,0.04394270435446906,1.2800950250774787,0.43,0.12,3.5833333333333335,0
3556,3556,0.047945348431761486,0.046728265871219164,1.0260459603593368,0.27,0.13,2.076923076923077,0
3557,3557,0.030591408027085775,0.03301327561327561,0.9266395854031542,0.21,0.11,1.909090909090909,0
3558,3558,0.04195146958612117,0.017830128205128203,2.352841724046343,0.39,0.08,4.875,0
3559,3559,0.03970964574641045,0.047247104747104744,0.8404672827882393,0.24,0.14,1.714285714285714,0
3560,3560,0.22127121489621487,0.01656901431901432,13.354518901120617,0.59,0.08,7.374999999999999,0
3561,3561,0.06938315709019151,0.01309314033531301,5.299199070146742,0.48,0.09,5.333333333333333,0
3562,3562,0.06954330389252988,0.06744047619047619,1.0311804990242737,0.31,0.13,2.3846153846153846,0
3563,3563,0.035533856883856886,0.0327408424908425,1.08530673557944,0.24,0.12,2.0,0
3564,3564,0.08900546729872558,0.024945701357466057,3.567968124980656,0.47,0.08,5.874999999999999,0
3565,3565,0.18440976595867897,0.041579887218045106,4.4350713360917355,0.58,0.14,4.142857142857142,0
3566,3566,0.1071443314828237,0.019148895790200137,5.595326887603468,0.64,0.12,5.333333333333334,0
3567,3567,0.07889285714285715,0.02890476190476191,2.7294069192751236,0.31,0.12,2.5833333333333335,0
3568,3568,0.03857945274819421,0.029833333333333337,1.2931660139059509,0.39,0.09,4.333333333333334,0
3569,3569,0.03716884444133494,0.021007326007326008,1.7693277301629362,0.39,0.07,5.571428571428571,0
3570,3570,0.5,0.03514957264957266,14.224924012158052,1.0,0.09,11.11111111111111,0
3571,3571,0.06620527943811819,0.030295546558704457,2.185313914367926,0.38,0.07,5.428571428571428,0
3572,3572,0.08344321760717754,0.04106684981684982,2.0318874707779657,0.46,0.1,4.6,0
3573,3573,0.029295157194575018,0.027054387279387276,1.0828246410479598,0.24,0.14,1.714285714285714,0
3574,3574,0.0616982938114517,0.04360033022533023,1.4150877640740251,0.29,0.14,2.071428571428571,0
3575,3575,0.2213493112065093,0.026717729734034083,8.284735020900595,0.61,0.12,5.083333333333333,0
3576,3576,0.025594436938477187,0.07318113553113553,0.3497409100407825,0.2,0.17,1.1764705882352942,0
3577,3577,0.025738367626525524,0.04613398121486357,0.5579047580275398,0.19,0.12,1.5833333333333335,0
3578,3578,0.03162766808355044,0.05902710880668627,0.5358159788433994,0.23,0.16,1.4375,0
3579,3579,0.06697511527504531,0.029833333333333333,2.2449759310071054,0.38,0.07,5.428571428571428,0
3580,3580,0.13549675802011404,0.04297023809523809,3.1532698915887467,0.59,0.11,5.363636363636363,0
3581,3581,0.04853173331880425,0.05353968253968253,0.90646285178911,0.29,0.12,2.4166666666666665,0
3582,3582,0.24068404236404056,0.03353769841269841,7.1765223541073455,0.68,0.12,5.666666666666667,0
3583,3583,0.10288172451280968,0.023039682539682547,4.465414153845682,0.54,0.1,5.4,0
3584,3584,0.042247224756173735,0.01846161191749427,2.2883822357970898,0.38,0.06,6.333333333333334,0
3585,3585,0.1212810563619387,0.03335446906035141,3.6361261257822264,0.59,0.12,4.916666666666667,0
3586,3586,0.02524144809438927,0.0379164615913842,0.6657121217272266,0.19,0.13,1.4615384615384615,0
3587,3587,0.07063227209534732,0.04396325107640897,1.6066207654340003,0.43,0.15,2.8666666666666667,0
3588,3588,0.1282064047064047,0.04244753991418618,3.0203494705604244,0.4,0.15,2.666666666666667,0
3589,3589,0.3248635577385577,0.06300763125763126,5.155939864017843,0.77,0.17,4.529411764705882,0
3590,3590,0.03530275228727241,0.023239907251205675,1.519057365663149,0.26,0.13,2.0,0
3591,3591,0.05732784873439641,0.025461251167133523,2.2515723346854872,0.41,0.1,4.1,0
3592,3592,0.08521202802409895,0.056859931295134655,1.4986305133187932,0.48,0.16,3.0,0
3593,3593,0.0504364041909784,0.02708470695970696,1.8621727850336722,0.4,0.09,4.444444444444445,0
3594,3594,0.07449537858941886,0.05594444444444445,1.3315956450938822,0.33,0.15,2.2,0
3595,3595,0.07665873015873018,0.032119047619047617,2.3867062021250316,0.3,0.11,2.727272727272727,0
3596,3596,0.012425767006649359,0.017617322291235336,0.7053153028159797,0.17,0.1,1.7,0
3597,3597,0.238568783068783,0.036675103980986334,6.5049245175273525,0.56,0.14,4.0,0
3598,3598,0.06384990403976282,0.021391941391941397,2.98476434980398,0.35,0.11,3.1818181818181817,0
3599,3599,0.03947412908728698,0.03924113388974422,1.0059375245933873,0.29,0.11,2.6363636363636362,0
3600,3600,0.11904871580325299,0.011276421495171496,10.557313404277147,0.54,0.09,6.000000000000001,0
3601,3601,0.05729685485517666,0.05129761904761905,1.1169495956915385,0.43,0.12,3.5833333333333335,0
3602,3602,0.06967630242098326,0.0404453781512605,1.7227259480775001,0.43,0.1,4.3,0
3603,3603,0.05495347122085482,0.03228893280209069,1.7019290032805485,0.27,0.15,1.8000000000000003,0
3604,3604,0.015682631939210885,0.04468343230843231,0.3509719627391153,0.19,0.14,1.357142857142857,0
3605,3605,0.03799136216841923,0.035254259629259634,1.0776389170540943,0.24,0.12,2.0,0
3606,3606,0.20958328863165818,0.05944022644022644,3.525950373732455,0.72,0.13,5.538461538461538,0
3607,3607,0.10174933974071902,0.022247100122100117,4.57360011787073,0.47,0.15,3.1333333333333333,0
3608,3608,0.04405526183126614,0.021951770451770453,2.0069115576831753,0.28,0.1,2.8000000000000003,0
3609,3609,0.020056755080668124,0.05297248102139406,0.3786259335779983,0.21,0.14,1.4999999999999998,0
3610,3610,0.09974031068914631,0.03930769230769231,2.5374247337747593,0.52,0.11,4.7272727272727275,0
3611,3611,0.016030186918344812,0.05583443544759334,0.2871021581903676,0.18,0.15,1.2,0
3612,3612,0.07566146816146815,0.004666138385178633,16.215007339215813,0.44,0.07,6.285714285714286,0
3613,3613,0.07189822530054539,0.0268452380952381,2.678248747337389,0.34,0.11,3.0909090909090913,0
3614,3614,0.08764042981012794,0.05686446886446886,1.541216009930748,0.51,0.14,3.642857142857143,0
3615,3615,0.05898006568594804,0.027023415591086564,2.1825540700858737,0.32,0.12,2.666666666666667,0
3616,3616,0.1246873263612394,0.05002631578947368,2.4924347194776946,0.51,0.12,4.25,0
3617,3617,0.04696295058360154,0.03562791783380018,1.3181503000730463,0.41,0.09,4.555555555555555,0
3618,3618,0.03716209418600724,0.033458388833388836,1.1106958667693645,0.24,0.12,2.0,0
3619,3619,0.16725387989203777,0.03721230158730159,4.494585735301894,0.52,0.15,3.466666666666667,0
3620,3620,0.05850459290095324,0.040365601503759396,1.4493675486417437,0.42,0.12,3.5,0
3621,3621,0.06468841482971671,0.06717294225382461,0.9630129730700244,0.32,0.17,1.8823529411764706,0
3622,3622,0.0792922298289945,0.03356599832915622,2.36227831067129,0.47,0.1,4.699999999999999,0
3623,3623,0.06276113925123977,0.07129166666666667,0.8803432741260985,0.43,0.12,3.5833333333333335,0
3624,3624,0.12813696026196028,0.025428321678321673,5.0391434355339495,0.6,0.09,6.666666666666667,0
3625,3625,0.02601738304338735,0.040423399985470926,0.6436218391510506,0.2,0.13,1.5384615384615385,0
3626,3626,0.11940730135978583,0.04114636512912375,2.9020133609631613,0.54,0.14,3.857142857142857,0
3627,3627,0.039623836434255995,0.04935485347985348,0.80283566134849,0.24,0.12,2.0,0
3628,3628,0.0502906162464986,0.06362179487179487,0.7904620790381645,0.26,0.12,2.166666666666667,0
3629,3629,0.03645583447353707,0.035198429217513816,1.0357233343639551,0.26,0.11,2.3636363636363638,0
3630,3630,0.06272871502523973,0.06335110211426001,0.9901755917695364,0.43,0.16,2.6875,0
3631,3631,0.08003956153066058,0.06041666666666666,1.3247927425764512,0.46,0.13,3.5384615384615383,0
3632,3632,0.12683222260195942,0.03375533910533911,3.757397376638953,0.59,0.12,4.916666666666667,0
3633,3633,0.0283908103407277,0.034066359079516974,0.8333972607538854,0.22,0.11,2.0,0
3634,3634,0.051004725465403196,0.039533119658119655,1.2901770947117097,0.41,0.12,3.4166666666666665,0
3635,3635,0.03445195381098018,0.035476190476190474,0.9711288993699112,0.24,0.13,1.846153846153846,0
3636,3636,0.036721719946719945,0.048367413632119514,0.7592243866092113,0.25,0.14,1.7857142857142856,0
3637,3637,0.16043780375894268,0.02622444119348145,6.11787311597024,0.53,0.14,3.7857142857142856,0
3638,3638,0.11552702388647763,0.06292156862745098,1.836048058027535,0.55,0.13,4.230769230769231,0
3639,3639,0.08256823308270675,0.0385406162464986,2.142369300859533,0.37,0.13,2.846153846153846,0
3640,3640,0.025815045277506575,0.06851384243775549,0.3767858342051013,0.21,0.16,1.3125,0
3641,3641,0.09534370673186458,0.03536446608946609,2.6960312787039173,0.46,0.15,3.066666666666667,0
3642,3642,0.044498039570301226,0.05731377418877419,0.7763934621324742,0.27,0.17,1.588235294117647,0
3643,3643,0.045952463599954106,0.023252256515414408,1.976258242699639,0.41,0.08,5.125,0
3644,3644,0.057852022977022965,0.03478325885583951,1.6632145716073585,0.37,0.14,2.642857142857143,0
3645,3645,0.07416809188963917,0.044040448715371314,1.6840902863860352,0.47,0.12,3.9166666666666665,0
3646,3646,0.04261192487678818,0.035514795052146504,1.1998358659882715,0.4,0.09,4.444444444444445,0
3647,3647,0.1249748969416488,0.02474603174603174,5.050300517847258,0.56,0.11,5.090909090909092,0
3648,3648,0.055076262553236235,0.019266806722689073,2.8586087640759406,0.42,0.09,4.666666666666667,0
3649,3649,0.06637318956693102,0.041261904761904764,1.6085827823491647,0.32,0.13,2.4615384615384617,0
3650,3650,0.5,0.03657814407814408,13.669364933656011,1.0,0.1,10.0,0
3651,3651,0.024744284051399543,0.03762970259874285,0.6575732026175038,0.23,0.13,1.7692307692307692,0
3652,3652,0.1540805151441341,0.05602631578947368,2.7501454088666493,0.62,0.11,5.636363636363637,0
3653,3653,0.17625750563730097,0.04158333333333333,4.238657450195615,0.67,0.09,7.4444444444444455,0
3654,3654,0.03592579071255541,0.051549963924963915,0.6969120437183809,0.24,0.14,1.714285714285714,0
3655,3655,0.06670633021948809,0.030115259740259744,2.215034198436993,0.4,0.14,2.857142857142857,0
3656,3656,0.0336079358443489,0.026949786324786326,1.24705759961588,0.23,0.11,2.090909090909091,0
3657,3657,0.07945238095238097,0.049975579975579984,1.589824089909602,0.31,0.13,2.3846153846153846,0
3658,3658,0.039778831310808054,0.03445573870573871,1.1544907410208205,0.24,0.14,1.714285714285714,0
3659,3659,0.101654076315841,0.03396331908831909,2.993054832229357,0.46,0.13,3.5384615384615383,0
3660,3660,0.1443378329896872,0.03331072333463638,4.333074113692548,0.55,0.13,4.230769230769231,0
3661,3661,0.13348141023620563,0.03766890959282264,3.543543247708952,0.44,0.11,4.0,0
3662,3662,0.10296802217390452,0.0336765873015873,3.0575551272991155,0.54,0.11,4.909090909090909,0
3663,3663,0.06116107503607503,0.021158730158730158,2.890583441314874,0.31,0.12,2.5833333333333335,0
3664,3664,0.10295601475114938,0.05323214285714285,1.9340948762376269,0.47,0.15,3.1333333333333333,0
3665,3665,0.17644966531576434,0.023189425770308122,7.609057122134155,0.68,0.09,7.555555555555556,0
3666,3666,0.040900115269150265,0.020755757162733906,1.9705431581452837,0.27,0.11,2.4545454545454546,0
3667,3667,0.034873851222686866,0.03065588503568044,1.1375907491203445,0.24,0.13,1.846153846153846,0
3668,3668,0.06527125456063354,0.043758259714142066,1.4916327794347537,0.43,0.13,3.3076923076923075,0
3669,3669,0.12236671558575582,0.03631512448903754,3.369579956216169,0.43,0.09,4.777777777777778,0
3670,3670,0.038056947137829485,0.04992431588019822,0.7622928119666882,0.23,0.15,1.5333333333333334,0
3671,3671,0.0717412536294115,0.03483012820512821,2.0597470444811252,0.45,0.12,3.7500000000000004,0
3672,3672,0.020220356132120837,0.04533270650917709,0.4460434350644265,0.2,0.14,1.4285714285714286,0
3673,3673,0.16757137100945144,0.05230432414807415,3.2037766234213243,0.73,0.15,4.866666666666667,0
3674,3674,0.03720492884308674,0.036391806722689074,1.0223435491014166,0.26,0.11,2.3636363636363638,0
3675,3675,0.08779389060596154,0.020435897435897434,4.2960624010445425,0.37,0.07,5.285714285714286,0
3676,3676,0.1967719682278506,0.02540266106442577,7.746116350913043,0.68,0.08,8.5,0
3677,3677,0.039497180778063135,0.033366452246247645,1.183739298579607,0.28,0.12,2.3333333333333335,0
3678,3678,0.14864015215278625,0.03262768664084453,4.555644835901822,0.64,0.16,4.0,0
3679,3679,0.12127499787793906,0.020686868686868688,5.8624144482011555,0.6,0.09,6.666666666666667,0
3680,3680,0.045465372540077625,0.02798412698412699,1.6246843278643732,0.37,0.08,4.625,0
3681,3681,0.06573247005712919,0.06005665766981555,1.0945076300868855,0.29,0.14,2.071428571428571,0
3682,3682,0.13565214753706545,0.03506089743589744,3.8690437911659585,0.62,0.12,5.166666666666667,0
3683,3683,0.031402161420114705,0.04364855902835441,0.7194318007088307,0.21,0.14,1.4999999999999998,0
3684,3684,0.03313040200540201,0.044770533845762676,0.7400046226729916,0.22,0.14,1.5714285714285714,0
3685,3685,0.04893130898680097,0.06381654456654456,0.7667495838133002,0.35,0.14,2.4999999999999996,0
3686,3686,0.14811499100314887,0.054357503607503604,2.7248306337361456,0.44,0.17,2.5882352941176467,0
3687,3687,0.026551603925829934,0.03531635031635032,0.7518218527110205,0.23,0.12,1.9166666666666667,0
3688,3688,0.35885660173160167,0.06877258852258852,5.218017955129526,0.8,0.18,4.444444444444445,0
3689,3689,0.21146803795619584,0.07235014005602242,2.92284213675953,0.57,0.18,3.1666666666666665,0
3690,3690,0.05358551764594464,0.015555555555555555,3.4447832772392983,0.41,0.06,6.833333333333333,0
3691,3691,0.24105692918192914,0.03293012543012543,7.320255420630839,0.63,0.09,7.0,0
3692,3692,0.022659798534798537,0.025575664673490758,0.885990601772531,0.19,0.12,1.5833333333333335,0
3693,3693,0.03068752986144291,0.024802521008403362,1.2372746242628176,0.21,0.12,1.75,0
3694,3694,0.16963652901152898,0.029691905005107253,5.713224832908165,0.59,0.13,4.538461538461538,0
3695,3695,0.07609923409923411,0.06198430735930737,1.2277177456885349,0.32,0.18,1.777777777777778,0
3696,3696,0.08297745675377254,0.0662167508818075,1.253118820370419,0.41,0.17,2.411764705882353,0
3697,3697,0.03285705473863369,0.04626024384112619,0.7102654895524606,0.22,0.12,1.8333333333333335,0
3698,3698,0.05437190514164197,0.014949685691065003,3.6369931960602013,0.36,0.12,3.0,0
3699,3699,0.22637872911402318,0.025904761904761906,8.738884763592806,0.65,0.1,6.5,0
3700,3700,0.11525989213968754,0.01538311688311688,7.492622790000795,0.43,0.07,6.142857142857142,0
3701,3701,0.06728820293333758,0.02501923076923077,2.6894593024854374,0.38,0.06,6.333333333333334,0
3702,3702,0.018639198764198766,0.04347110242698478,0.42877216641803967,0.2,0.13,1.5384615384615385,0
3703,3703,0.017757104035248047,0.04133373462429606,0.4296031848235262,0.21,0.14,1.4999999999999998,0
3704,3704,0.31246157059314955,0.05068660968660968,6.164578229340425,0.7,0.17,4.117647058823529,0
3705,3705,0.05121260804588789,0.03781364468864469,1.3543420230334704,0.35,0.11,3.1818181818181817,0
3706,3706,0.07107671159333247,0.036378968253968254,1.9537858000021577,0.45,0.1,4.5,0
3707,3707,0.04287898620986856,0.01727197802197802,2.482575311021498,0.27,0.1,2.7,0
3708,3708,0.07443268208399789,0.03191269841269841,2.3323844671931693,0.39,0.08,4.875,0
3709,3709,0.5,0.016578144078144074,30.16019149327933,1.0,0.08,12.5,0
3710,3710,0.04582068808384598,0.028311371100164205,1.618455281509846,0.28,0.09,3.1111111111111116,0
3711,3711,0.056454179105494884,0.0410952380952381,1.3737401636331315,0.41,0.1,4.1,0
3712,3712,0.06323678474994264,0.03354933166248956,1.8848895526776075,0.27,0.15,1.8000000000000003,0
3713,3713,0.04181486568986569,0.03433210590222785,1.2179522517187702,0.27,0.11,2.4545454545454546,0
3714,3714,0.048188352932710246,0.009692982456140349,4.971468085365583,0.41,0.07,5.857142857142856,0
3715,3715,0.05115961441659117,0.03465674370022196,1.4761806492588487,0.27,0.13,2.076923076923077,0
3716,3716,0.13693175887579906,0.03996221322537112,3.4265309106769926,0.56,0.15,3.733333333333334,0
3717,3717,0.249815618276296,0.03339592760180996,7.4804216027452615,0.64,0.12,5.333333333333334,0
3718,3718,0.03718496871442853,0.02781635907951698,1.336802153298714,0.39,0.09,4.333333333333334,0
3719,3719,0.03974432125161212,0.015917350623232976,2.49691812364812,0.39,0.08,4.875,0
3720,3720,0.16209747605335834,0.061428571428571443,2.638796121798856,0.65,0.11,5.909090909090909,0
3721,3721,0.0307157992528702,0.028404446664906487,1.0813729137283064,0.23,0.14,1.6428571428571428,0
3722,3722,0.048623318266700605,0.039311299081035915,1.236878948377386,0.3,0.13,2.3076923076923075,0
3723,3723,0.1368497846237738,0.03249135075450865,4.211883515023883,0.71,0.12,5.916666666666667,0
3724,3724,0.10195150774989703,0.02503064479380269,4.073067577353783,0.52,0.13,4.0,0
3725,3725,0.06301226551226552,0.06423809523809525,0.9809174023406788,0.28,0.13,2.153846153846154,0
3726,3726,0.05702061016310048,0.03655191050779286,1.5599898711434985,0.45,0.11,4.090909090909091,0
3727,3727,0.17016587681405454,0.04984920634920635,3.413612558282259,0.69,0.14,4.928571428571428,0
3728,3728,0.040030542986425346,0.032974844288046534,1.2139721612252319,0.26,0.12,2.166666666666667,0
3729,3729,0.5,0.04657814407814407,10.734648404220462,1.0,0.11,9.090909090909092,0
3730,3730,0.02482003190545146,0.0210829307568438,1.177257194064186,0.2,0.1,2.0,0
3731,3731,0.02937077643942633,0.02381923076923077,1.2330698973439118,0.2,0.12,1.6666666666666667,0
3732,3732,0.3262526680835504,0.046363506863506855,7.036841907667405,0.78,0.12,6.500000000000001,0
3733,3733,0.2543770967956906,0.031251373626373626,8.139709308041965,0.72,0.11,6.545454545454545,0
3734,3734,0.018789362239591073,0.02728846153846154,0.6885460440160224,0.17,0.1,1.7,0
3735,3735,0.04402704910196644,0.06232603476423701,0.7063990075497212,0.28,0.14,2.0,0
3736,3736,0.053153668590739535,0.01483377250768555,3.583287296822167,0.26,0.09,2.8888888888888893,0
3737,3737,0.015186340648801951,0.019355738705738704,0.7845911168608313,0.18,0.1,1.7999999999999998,0
3738,3738,0.0594031881001695,0.04192156862745097,1.4170077610423972,0.42,0.11,3.818181818181818,0
3739,3739,0.051444805194805196,0.026071428571428572,1.9732254047322542,0.28,0.1,2.8000000000000003,0
3740,3740,0.03476394901394901,0.025774484287642185,1.3487737960529014,0.27,0.1,2.7,0
3741,3741,0.03272711030799266,0.03497135217723454,0.9358262769518297,0.26,0.11,2.3636363636363638,0
3742,3742,0.20028084074073654,0.02187240537240537,9.156781676761282,0.66,0.1,6.6,0
3743,3743,0.0664090909090909,0.02922222222222222,2.272554441755963,0.29,0.1,2.8999999999999995,0
3744,3744,0.2520377620745267,0.030686660561660566,8.213267832388993,0.64,0.12,5.333333333333334,0
3745,3745,0.16267090037631973,0.04179036649624886,3.8925454360617113,0.67,0.11,6.090909090909091,0
3746,3746,0.4333333333333335,0.025873015873015874,16.748466257668717,0.95,0.07,13.57142857142857,0
3747,3747,0.062315258271140615,0.01908164058164058,3.265718060484658,0.42,0.14,2.9999999999999996,0
3748,3748,0.5,0.043244810744810736,11.562080892214304,1.0,0.1,10.0,0
3749,3749,0.1716921313980137,0.03381318681318681,5.077667844400145,0.65,0.09,7.222222222222222,0
3750,3750,0.024113880400645105,0.03712986087986088,0.6494470980828371,0.21,0.12,1.75,0
3751,3751,0.2016967199467199,0.01984047619047619,10.16592132216757,0.71,0.07,10.14285714285714,0
3752,3752,0.06805831726292083,0.03394570135746606,2.0049171041196354,0.45,0.13,3.4615384615384617,0
3753,3753,0.04548116883116884,0.06701648239148239,0.6786564619355397,0.27,0.17,1.588235294117647,0
3754,3754,0.08938606076175061,0.031112596367133573,2.8729862241961714,0.47,0.11,4.2727272727272725,0
3755,3755,0.07414447733255781,0.04960177248156787,1.494794916050834,0.31,0.14,2.214285714285714,0
3756,3756,0.03072428682428683,0.016489218369013764,1.8632955266104878,0.22,0.09,2.4444444444444446,0
3757,3757,0.08344884449168337,0.004011904761904762,20.800305451932946,0.38,0.04,9.5,0
3758,3758,0.05166843371137039,0.04585851648351648,1.126692219316389,0.39,0.1,3.9,0
3759,3759,0.07340137565617105,0.036474117987275886,2.012423595322507,0.39,0.08,4.875,0
3760,3760,0.04967063492063493,0.022386538298303008,2.218772472044066,0.26,0.13,2.0,0
3761,3761,0.06079596049661839,0.04844298245614035,1.2550003615417828,0.42,0.11,3.818181818181818,0
3762,3762,0.027656752675715518,0.034239783163696205,0.8077373779936624,0.21,0.15,1.4,0
3763,3763,0.055756557730454154,0.04296583850931676,1.2976950913773937,0.4,0.14,2.857142857142857,0
3764,3764,0.06067028380884572,0.04212301587301587,1.44031196606963,0.44,0.1,4.3999999999999995,0
3765,3765,0.10409941538970774,0.03700476817868123,2.81313518536458,0.38,0.14,2.714285714285714,0
3766,3766,0.08933921559401097,0.018167014681507433,4.917660780279499,0.46,0.12,3.8333333333333335,0
3767,3767,0.07596530518931911,0.02738061532787699,2.7744192115352737,0.45,0.1,4.5,0
3768,3768,0.05733966379668711,0.02223048193636429,2.579326168493529,0.42,0.08,5.25,0
3769,3769,0.07898688920806393,0.03079563492063492,2.564872892266234,0.36,0.12,3.0,0
3770,3770,0.06717097615371269,0.031598105111263,2.125791275052437,0.45,0.14,3.214285714285714,0
3771,3771,0.14418396772073241,0.0336170634920635,4.289011375272922,0.63,0.1,6.3,0
3772,3772,0.10644720176624199,0.02452985347985348,4.339496028937464,0.49,0.11,4.454545454545454,0
3773,3773,0.07949064728065938,0.06614349977507872,1.201790766303079,0.36,0.15,2.4,0
3774,3774,0.0655269419775052,0.02084498834498835,3.1435345941682664,0.37,0.06,6.166666666666667,0
3775,3775,0.12841667591953965,0.038783868707781756,3.3110847421410954,0.59,0.16,3.6874999999999996,0
3776,3776,0.07341037617353408,0.019660390334303376,3.7339226193005906,0.4,0.12,3.3333333333333335,0
3777,3777,0.1002612283837316,0.05071954842543078,1.9767768345007706,0.48,0.14,3.428571428571428,0
3778,3778,0.08960854604705036,0.02249401709401709,3.9836613297001646,0.39,0.1,3.9,0
3779,3779,0.07626421209509443,0.05030914158305462,1.5159116155697263,0.37,0.17,2.176470588235294,0
3780,3780,0.06444177451375592,0.01582875457875458,4.071184134742347,0.32,0.1,3.1999999999999997,0
3781,3781,0.1994634456885601,0.029306850012732356,6.806034957762544,0.65,0.09,7.222222222222222,0
3782,3782,0.05419037728921292,0.03932272302860538,1.3780932019838006,0.4,0.09,4.444444444444445,0
3783,3783,0.08254458815178628,0.038204979231295025,2.1605714703326195,0.41,0.15,2.7333333333333334,0
3784,3784,0.0524209036176249,0.04591760037348272,1.141629858512768,0.42,0.12,3.5,0
3785,3785,0.027242594622390023,0.021440073613986657,1.2706390431709167,0.2,0.11,1.8181818181818183,0
3786,3786,0.06437022100992687,0.03351680672268908,1.9205356149382717,0.44,0.1,4.3999999999999995,0
3787,3787,0.18159152292720065,0.014114668856048167,12.865446917614953,0.69,0.08,8.625,0
3788,3788,0.04566469158860463,0.043731529581529587,1.0442052227665857,0.23,0.13,1.7692307692307692,0
3789,3789,0.15876762023666047,0.0392989417989418,4.039997337560259,0.64,0.09,7.111111111111112,0
3790,3790,0.027325635738404744,0.02290834117149906,1.1928247241402783,0.21,0.11,1.909090909090909,0
3791,3791,0.055938861577019466,0.021704588628501668,2.5772827365897464,0.38,0.15,2.5333333333333337,0
3792,3792,0.06372544185497907,0.032807692307692315,1.9423933039032302,0.42,0.13,3.2307692307692304,0
3793,3793,0.04286527469973447,0.05393589743589744,0.7947448125931277,0.39,0.1,3.9,0
3794,3794,0.05555860181289075,0.04192857142857142,1.325077385656679,0.41,0.08,5.125,0
3795,3795,0.15044706842864738,0.03277574719966025,4.590194924075046,0.45,0.13,3.4615384615384617,0
3796,3796,0.05425182638998428,0.029041989872872227,1.868047837888004,0.27,0.13,2.076923076923077,0
3797,3797,0.02681377583768889,0.02854123376623377,0.9394750085895522,0.24,0.11,2.1818181818181817,0
3798,3798,0.5,0.03657814407814408,13.669364933656011,1.0,0.1,10.0,0
3799,3799,0.10454672788847978,0.052386904761904766,1.995665297723509,0.5,0.12,4.166666666666667,0
3800,3800,0.017269863850746206,0.06211147186147187,0.27804628248487556,0.18,0.17,1.0588235294117645,0
3801,3801,0.29688417041614695,0.049186507936507945,6.035886320683261,0.78,0.1,7.8,0
3802,3802,0.06651748689906584,0.014312462400168546,4.647522211012587,0.3,0.1,2.9999999999999996,0
3803,3803,0.06107830922984375,0.026858877233877233,2.27404551195481,0.43,0.08,5.375,0
3804,3804,0.017776530876530874,0.03126037851037852,0.5686601290073638,0.19,0.12,1.5833333333333335,0
3805,3805,0.14492159481104175,0.05938946886446886,2.4401901142063336,0.49,0.16,3.0625,0
3806,3806,0.17135406722906718,0.058388888888888886,2.934703339793729,0.67,0.13,5.153846153846154,0
3807,3807,0.34166269841269853,0.04338827838827839,7.874539186717323,0.81,0.11,7.363636363636364,0
3808,3808,0.3573586176895,0.028124796499796507,12.70617612085071,0.83,0.14,5.928571428571428,0
3809,3809,0.07924747882836117,0.03671732383826282,2.1583130398457313,0.44,0.14,3.142857142857143,0
3810,3810,0.055775908749805175,0.030774170274170273,1.8124260785227293,0.39,0.1,3.9,0
3811,3811,0.20409251348067137,0.01769047619047619,11.536858097157735,0.67,0.08,8.375,0
3812,3812,0.1348697778710669,0.03692589763177998,3.6524441251495077,0.64,0.1,6.3999999999999995,0
3813,3813,0.11617950513538748,0.010515567765567765,11.048334024892723,0.42,0.06,7.0,0
3814,3814,0.11484411733197643,0.07088127558715794,1.6202320906423353,0.55,0.16,3.4375,0
3815,3815,0.06708268100659405,0.035454156223893064,1.892096390137359,0.31,0.12,2.5833333333333335,0
3816,3816,0.27088922114401653,0.03229166666666667,8.388827493492125,0.75,0.11,6.818181818181818,0
3817,3817,0.04786247524405419,0.030730699855699855,1.5574808080778797,0.29,0.13,2.2307692307692304,0
3818,3818,0.07752236233884982,0.03313131313131313,2.3398517901055285,0.46,0.11,4.181818181818182,0
3819,3819,0.07003968253968254,0.06166666666666667,1.1357786357786357,0.28,0.14,2.0,0
3820,3820,0.5,0.05657814407814407,8.837334772052873,1.0,0.12,8.333333333333334,0
3821,3821,0.06659410649651357,0.030415043290043287,2.189512139156281,0.43,0.1,4.3,0
3822,3822,0.043521352346197556,0.025388888888888888,1.714188932672989,0.38,0.07,5.428571428571428,0
3823,3823,0.08376715678990544,0.046272527910685805,1.8102999894795229,0.48,0.11,4.363636363636363,0
3824,3824,0.0160891251450075,0.08443290043290043,0.19055516347911877,0.19,0.18,1.0555555555555556,0
3825,3825,0.06753693017508805,0.01631004594820384,4.140817897727972,0.44,0.07,6.285714285714286,0
3826,3826,0.048473100027559834,0.046517607392607394,1.0420376873309096,0.41,0.11,3.727272727272727,0
3827,3827,0.0813671236171236,0.06480695774813422,1.255530678254468,0.36,0.17,2.117647058823529,0
3828,3828,0.03153745742561533,0.023649026412184308,1.3335626116670407,0.23,0.13,1.7692307692307692,0
3829,3829,0.07071895928622077,0.020385193023350914,3.4691336601627136,0.41,0.1,4.1,0
3830,3830,0.031858129908052514,0.02848602274918064,1.1183776053457257,0.24,0.1,2.4,0
3831,3831,0.039303162071115366,0.03613516507790044,1.0876707491548838,0.25,0.12,2.0833333333333335,0
3832,3832,0.039297081272700464,0.018588374588374586,2.1140676440465844,0.25,0.11,2.272727272727273,0
3833,3833,0.043659617833147236,0.017172619047619048,2.5423971563149865,0.39,0.08,4.875,0
3834,3834,0.09261485225301012,0.0156437908496732,5.920230789517673,0.49,0.09,5.444444444444445,0
3835,3835,0.04541254578754579,0.034876770578130725,1.3020857446022098,0.27,0.11,2.4545454545454546,0
3836,3836,0.06444791319791321,0.004912087912087912,13.120268682349222,0.37,0.04,9.25,0
3837,3837,0.07604464468280259,0.04728822055137845,1.6081096686685517,0.37,0.09,4.111111111111112,0
3838,3838,0.020316271147153498,0.03043012543012543,0.6676367862434327,0.2,0.11,1.8181818181818183,0
3839,3839,0.14038661044837514,0.040919631093544136,3.4307887607159744,0.58,0.13,4.461538461538461,0
3840,3840,0.05351090086384204,0.0255707671957672,2.0926591859433867,0.34,0.11,3.0909090909090913,0
3841,3841,0.025728834165905115,0.02704044289044289,0.9514945546619967,0.2,0.09,2.2222222222222223,0
3842,3842,0.02074373924623471,0.05351601510169284,0.38761741147611223,0.2,0.16,1.25,0
3843,3843,0.12656711482495356,0.02470270415858651,5.123613755498893,0.54,0.1,5.4,0
3844,3844,0.17368107542575617,0.05431746031746032,3.1975183377623138,0.59,0.12,4.916666666666667,0
3845,3845,0.027593304299186647,0.039525983074896125,0.6981054524792275,0.22,0.11,2.0,0
3846,3846,0.44,0.03670634920634921,11.987027027027027,0.95,0.08,11.875,0
3847,3847,0.10158386452093544,0.03337473051768381,3.043735872776878,0.46,0.12,3.8333333333333335,0
3848,3848,0.14919303962403638,0.038761904761904754,3.848960481701185,0.61,0.11,5.545454545454545,0
3849,3849,0.1915532577669788,0.033670024420024425,5.6891333186279835,0.69,0.11,6.2727272727272725,0
3850,3850,0.05213236276394171,0.0392827903091061,1.3271043720093623,0.31,0.13,2.3846153846153846,0
3851,3851,0.018036196402575713,0.030837671386584428,0.5848754329233222,0.19,0.12,1.5833333333333335,0
3852,3852,0.03237164583206539,0.015119459383842945,2.14105842082281,0.22,0.12,1.8333333333333335,0
3853,3853,0.5,0.03657814407814408,13.669364933656011,1.0,0.1,10.0,0
3854,3854,0.34713785869385555,0.029911477411477417,11.605506940310956,0.83,0.09,9.222222222222221,0
3855,3855,0.055195379885212635,0.03625732600732601,1.522323512607082,0.42,0.1,4.199999999999999,0
3856,3856,0.5,0.03657814407814408,13.669364933656011,1.0,0.1,10.0,0
3857,3857,0.06342496392496395,0.03342099567099567,1.8977580605118582,0.29,0.12,2.4166666666666665,0
3858,3858,0.024448552754435103,0.07115396825396825,0.3436006923348454,0.19,0.19,1.0,0
3859,3859,0.1287069597128202,0.04528373015873015,2.842234048778048,0.53,0.1,5.3,0
3860,3860,0.015847841330034217,0.014342032967032967,1.1049926719916587,0.19,0.11,1.7272727272727273,0
3861,3861,0.11759397821727038,0.028791989872872226,4.084260196550961,0.58,0.12,4.833333333333333,0
3862,3862,0.050725965881848224,0.028420352904267955,1.7848464462322204,0.28,0.11,2.545454545454546,0
3863,3863,0.11588681970694165,0.04469047619047618,2.5930987893934736,0.58,0.13,4.461538461538461,0
3864,3864,0.12071031746031745,0.03991883116883117,3.0238940852198266,0.45,0.08,5.625,0
3865,3865,0.15230960194775983,0.04267002442002441,3.569475387417008,0.5,0.12,4.166666666666667,0
3866,3866,0.057307676914875046,0.05298863636363636,1.0815088073148196,0.42,0.13,3.2307692307692304,0
3867,3867,0.061117266204727495,0.027969010664132616,2.1851779792520194,0.3,0.12,2.5,0
3868,3868,0.0769805194805195,0.02807142857142857,2.7423085820032393,0.32,0.1,3.1999999999999997,0
3869,3869,0.0420882836485484,0.014883870214752569,2.8277781948697327,0.38,0.09,4.222222222222222,0
3870,3870,0.03177596184631788,0.028692982456140353,1.1074471569795898,0.37,0.08,4.625,0
3871,3871,0.08930169830169829,0.030543040293040294,2.9237985951924723,0.36,0.12,3.0,0
3872,3872,0.08211635512115048,0.019984487734487733,4.109004754694824,0.43,0.1,4.3,0
3873,3873,0.027096031440071684,0.015731610035318474,1.722394044807833,0.2,0.1,2.0,0
3874,3874,0.08410653235653237,0.06591666666666667,1.275952450415156,0.34,0.14,2.4285714285714284,0
3875,3875,0.36082478632478626,0.0537124542124542,6.717711778679488,0.86,0.16,5.375,0
3876,3876,0.08362312460574653,0.040042124542124545,2.088378815109436,0.36,0.12,3.0,0
3877,3877,0.028813043236956284,0.03947594072594073,0.72988870454004,0.2,0.14,1.4285714285714286,0
3878,3878,0.0723696309991682,0.024809435447593346,2.917020467960244,0.42,0.1,4.199999999999999,0
3879,3879,0.33746132221004344,0.04020970695970696,8.392533736896022,0.81,0.1,8.1,0
3880,3880,0.060648110661268545,0.02836889590918826,2.1378382456409075,0.33,0.13,2.5384615384615383,0
3881,3881,0.06347272605984985,0.024852887308769656,2.5539377083745394,0.45,0.1,4.5,0
3882,3882,0.14078036368728966,0.021689425770308125,6.490737245797066,0.56,0.1,5.6000000000000005,0
3883,3883,0.0641695949955219,0.05375,1.1938529301492447,0.32,0.11,2.909090909090909,0
3884,3884,0.015128574641732532,0.043114285714285716,0.35089470673335893,0.19,0.12,1.5833333333333335,0
3885,3885,0.36484952955541183,0.030142246642246642,12.104257983346455,0.81,0.1,8.1,0
3886,3886,0.02600790827106617,0.0544112554112554,0.47798765300471685,0.21,0.15,1.4,0
3887,3887,0.21303427599469552,0.052094017094017085,4.089419243868643,0.7,0.15,4.666666666666667,0
3888,3888,0.07624420477266775,0.03872936507936508,1.9686407101285142,0.44,0.11,4.0,0
3889,3889,0.034353641527554574,0.041519933283091184,0.8274011736320623,0.21,0.11,1.909090909090909,0
3890,3890,0.127835710239659,0.045516806722689075,2.8085386353769817,0.57,0.11,5.181818181818182,0
3891,3891,0.045528032172555494,0.04052574719966025,1.1234347376311222,0.26,0.13,2.0,0
3892,3892,0.06931349206349209,0.02802355977355978,2.47340068940454,0.3,0.1,2.9999999999999996,0
3893,3893,0.10428563006760677,0.053976274420024416,1.9320642483786972,0.48,0.13,3.692307692307692,0
3894,3894,0.14608170995670988,0.04490909090909091,3.2528315982263334,0.65,0.1,6.5,0
3895,3895,0.07045323732042139,0.0531462148962149,1.3256492011332137,0.45,0.14,3.214285714285714,0
3896,3896,0.04299349238223077,0.02785592185592186,1.5434237863174802,0.38,0.08,4.75,0
3897,3897,0.1806065734947314,0.046202533577533574,3.909018824512106,0.5,0.13,3.846153846153846,0
3898,3898,0.06239381610689134,0.024837662337662336,2.512064753061769,0.33,0.1,3.3,0
3899,3899,0.09636245837029708,0.024038461538461536,4.008678268204359,0.41,0.07,5.857142857142856,0
3900,3900,0.045255219931710916,0.02805927405927406,1.6128435766410467,0.4,0.08,5.0,0
3901,3901,0.09516290814448705,0.0693147357028936,1.372910207035737,0.47,0.19,2.4736842105263155,0
3902,3902,0.018081472956472954,0.040443761793761794,0.4470769323753141,0.19,0.13,1.4615384615384615,0
3903,3903,0.04271559185568474,0.06718686868686868,0.6357729224555048,0.4,0.13,3.076923076923077,0
3904,3904,0.13051440673372647,0.018408119658119657,7.090045542818803,0.64,0.1,6.3999999999999995,0
3905,3905,0.1236241893841073,0.032117424242424246,3.849131501050162,0.6,0.11,5.454545454545454,0
3906,3906,0.043764464524854725,0.05398351648351648,0.8107005133357313,0.38,0.13,2.923076923076923,0
3907,3907,0.04626408239387778,0.06945887445887447,0.6660643834830643,0.28,0.15,1.866666666666667,0
3908,3908,0.09501150218541525,0.030587193922871677,3.1062510155392213,0.39,0.13,3.0,0
3909,3909,0.04197785366180098,0.008930555555555556,4.700475060108352,0.39,0.06,6.500000000000001,0
3910,3910,0.15123279220779218,0.008642857142857143,17.49800901577761,0.54,0.05,10.8,0
3911,3911,0.09613617754794221,0.041559523809523796,2.3132165322335,0.4,0.09,4.444444444444445,0
3912,3912,0.09653571428571428,0.032777777777777774,2.9451573849878936,0.33,0.1,3.3,0
3913,3913,0.031778743859626216,0.03102791783380019,1.0241984018988253,0.22,0.14,1.5714285714285714,0
3914,3914,0.09112592859496882,0.03576129426129426,2.548171996492803,0.45,0.13,3.4615384615384617,0
3915,3915,0.06355447643601668,0.043590580171462515,1.4579864774918492,0.45,0.14,3.214285714285714,0
3916,3916,0.1307670282933441,0.03174102009102009,4.119811774113071,0.53,0.14,3.7857142857142856,0
3917,3917,0.07647222222222223,0.05587301587301587,1.3686789772727275,0.31,0.12,2.5833333333333335,0
3918,3918,0.09107955829859854,0.044516806722689074,2.0459589311058473,0.49,0.1,4.8999999999999995,0
3919,3919,0.07819686160297278,0.040634920634920635,1.924375891010658,0.33,0.12,2.7500000000000004,0
3920,3920,0.07607211252799488,0.03242375168690958,2.3461847741298683,0.43,0.14,3.071428571428571,0
3921,3921,0.044780309304222346,0.01873546173999946,2.3901364122037188,0.27,0.11,2.4545454545454546,0
3922,3922,0.32596329541917785,0.021773559773559773,14.970601904747058,0.81,0.11,7.363636363636364,0
3923,3923,0.18747179135158668,0.03163827838827839,5.925473853249954,0.67,0.09,7.4444444444444455,0
3924,3924,0.03818471101573956,0.07232393483709272,0.5279678311439963,0.39,0.14,2.7857142857142856,0
3925,3925,0.19692488441745812,0.03786563599798894,5.200622655008802,0.72,0.14,5.142857142857142,0
3926,3926,0.03077203443732679,0.02279188355504145,1.3501312589200278,0.21,0.09,2.3333333333333335,0
3927,3927,0.068420655431525,0.02264520202020202,3.0214195205892276,0.46,0.1,4.6,0
3928,3928,0.17265822179433798,0.04047592883627343,4.265701288604065,0.47,0.13,3.615384615384615,0
3929,3929,0.047282632700976344,0.021564014202172098,2.1926637711179797,0.25,0.11,2.272727272727273,0
3930,3930,0.03300749688907584,0.05813665223665224,0.5677570967573924,0.23,0.17,1.352941176470588,0
3931,3931,0.07408880948150456,0.018697552447552446,3.962487052213241,0.46,0.09,5.111111111111112,0
3932,3932,0.1256958980214612,0.03159523809523809,3.9783177972127888,0.53,0.11,4.818181818181818,0
3933,3933,0.07353872316474015,0.04536068198323101,1.6211996810790021,0.43,0.14,3.071428571428571,0
3934,3934,0.04549951225531721,0.018087890611803655,2.5154681234983527,0.25,0.1,2.5,0
3935,3935,0.5,0.026578144078144083,18.812449753072237,1.0,0.09,11.11111111111111,0
3936,3936,0.08565862354020248,0.0515554853851613,1.6614841835017764,0.38,0.15,2.5333333333333337,0
3937,3937,0.06000068440414739,0.025420024420024417,2.360370840434061,0.43,0.1,4.3,0
3938,3938,0.01504283170913362,0.03153398895790201,0.477035484765846,0.19,0.12,1.5833333333333335,0
3939,3939,0.19098719336219339,0.026599567099567095,7.1800865272465915,0.65,0.11,5.909090909090909,0
3940,3940,0.028354276470655776,0.07173999100314889,0.3952366884101117,0.21,0.15,1.4,0
3941,3941,0.1074669771339196,0.04069004485852313,2.641112279614729,0.47,0.15,3.1333333333333333,0
3942,3942,0.33260677034318337,0.03725490196078431,8.927865940790712,0.79,0.11,7.1818181818181825,0
3943,3943,0.030837800237722836,0.026877668083550438,1.1473391271096194,0.22,0.12,1.8333333333333335,0
3944,3944,0.04544140605456395,0.045617645497440906,0.9961365949304235,0.25,0.17,1.4705882352941175,0
3945,3945,0.04808438402842427,0.04660661457565482,1.0317072901823976,0.38,0.12,3.166666666666667,0
3946,3946,0.19940636022008132,0.03510843731431967,5.67972759467564,0.64,0.1,6.3999999999999995,0
3947,3947,0.06856524628472303,0.0073717948717948725,9.301024713405907,0.41,0.06,6.833333333333333,0
3948,3948,0.02681425576487496,0.022141053391053392,1.2110650424477944,0.2,0.1,2.0,0
3949,3949,0.1245251250290705,0.0482202380952381,2.5824245160947834,0.58,0.12,4.833333333333333,0
3950,3950,0.06169331363081362,0.026427821690979587,2.334407820371777,0.37,0.13,2.846153846153846,0
3951,3951,0.03431991238539038,0.03263888888888889,1.0515036986162158,0.38,0.08,4.75,0
3952,3952,0.16402554433870223,0.03739502164502164,4.3862936060243936,0.59,0.13,4.538461538461538,0
3953,3953,0.15328659717475504,0.04103034188034188,3.7359327305092833,0.59,0.13,4.538461538461538,0
3954,3954,0.19551919626841432,0.04043140090044115,4.835825420688824,0.68,0.11,6.1818181818181825,0
3955,3955,0.17699630310350123,0.026175888439046342,6.761806901632321,0.57,0.1,5.699999999999999,0
3956,3956,0.061570928254751765,0.05137325071729095,1.1985016987455017,0.44,0.15,2.9333333333333336,0
3957,3957,0.06860463044867071,0.02612155388471178,2.626361002544458,0.36,0.07,5.142857142857142,0
3958,3958,0.07763694974064156,0.04195970695970696,1.8502738785853468,0.45,0.1,4.5,0
3959,3959,0.332278789322133,0.06359819327210631,5.224657686429404,0.74,0.18,4.111111111111112,0
3960,3960,0.06969699952889886,0.015586280516105078,4.471689025286178,0.4,0.13,3.076923076923077,0
3961,3961,0.16058393478262661,0.039870061983603516,4.027682095118549,0.74,0.13,5.692307692307692,0
3962,3962,0.03541605126899244,0.007454013377926421,4.7512728342922,0.23,0.08,2.875,0
3963,3963,0.16842689829327756,0.02660714285714286,6.330138459344659,0.66,0.1,6.6,0
3964,3964,0.08101346925851383,0.043400391802290536,1.866652946995704,0.44,0.12,3.666666666666667,0
3965,3965,0.1741029011837835,0.009261294261294262,18.798981683522566,0.53,0.05,10.6,0
3966,3966,0.020431965695123587,0.01236836496836497,1.6519536533230699,0.2,0.1,2.0,0
3967,3967,0.0929715418596997,0.022492821067821068,4.133387340759479,0.42,0.13,3.2307692307692304,0
3968,3968,0.02229454267433807,0.016627705627705627,1.3408069142858876,0.18,0.1,1.7999999999999998,0
3969,3969,0.04737747646741118,0.0341374269005848,1.387845563328019,0.41,0.08,5.125,0
3970,3970,0.14505887086769437,0.05085531135531135,2.852383890725002,0.47,0.15,3.1333333333333333,0
3971,3971,0.028740010866326656,0.04660446906035141,0.6166792894713422,0.22,0.12,1.8333333333333335,0
3972,3972,0.053131674660497515,0.02694079939668175,1.9721639984833428,0.41,0.12,3.4166666666666665,0
3973,3973,0.08552905514211834,0.03212155388471179,2.662668669426537,0.45,0.09,5.0,0
3974,3974,0.5,0.026578144078144083,18.812449753072237,1.0,0.09,11.11111111111111,0
3975,3975,0.0814345238095238,0.03751190476190476,2.1708981275785466,0.39,0.08,4.875,0
3976,3976,0.047822315277821416,0.016261904761904762,2.9407573084458263,0.4,0.06,6.666666666666667,0
3977,3977,0.09648021885521885,0.041627781241381445,2.3176882355504826,0.38,0.13,2.923076923076923,0
3978,3978,0.127111962729916,0.04912240537240537,2.5876575417318928,0.46,0.15,3.066666666666667,0
3979,3979,0.07569159740328471,0.026727220383102743,2.832004088653297,0.44,0.13,3.3846153846153846,0
3980,3980,0.0008225806451612903,0.04094444444444444,0.02009016501072351,0.02,0.09,0.22222222222222224,0
3981,3981,0.0006857142857142857,0.06002380952380952,0.011424038080126934,0.02,0.14,0.14285714285714285,0
3982,3982,0.0006703296703296704,0.044377344877344876,0.015105222545026145,0.02,0.13,0.15384615384615385,0
3983,3983,0.0007886904761904761,0.027039682539682537,0.029167889638978574,0.02,0.1,0.19999999999999998,0
3984,3984,0.0007886904761904761,0.05405555555555555,0.014590368521509323,0.02,0.12,0.16666666666666669,0
3985,3985,0.00071256038647343,0.04063888888888889,0.017533953460726916,0.02,0.12,0.16666666666666669,0
3986,3986,0.0007107843137254901,0.03228968253968254,0.022012737748411393,0.02,0.11,0.18181818181818182,0
3987,3987,0.0007886904761904761,0.02948412698412698,0.026749663526244954,0.02,0.09,0.22222222222222224,0
3988,3988,0.0006477732793522267,0.036166666666666666,0.017910781917573088,0.02,0.12,0.16666666666666669,0
3989,3989,0.0028847284961415398,0.023691197691197687,0.12176372565635811,0.06,0.1,0.6,0
3990,3990,0.00045454545454545455,0.048615440115440126,0.009349816713910447,0.01,0.13,0.07692307692307693,0
3991,3991,0.0020220238095238095,0.06285786435786436,0.03216819136603115,0.04,0.15,0.26666666666666666,0
3992,3992,0.000748663101604278,0.07040909090909091,0.010633045987923898,0.02,0.14,0.14285714285714285,0
3993,3993,0.0006703296703296704,0.04972222222222223,0.013481490576462642,0.02,0.14,0.14285714285714285,0
3994,3994,0.0006944444444444445,0.06619444444444444,0.01049097775912715,0.02,0.15,0.13333333333333333,0
3995,3995,0.0007248157248157249,0.03518253968253968,0.020601574853774268,0.02,0.12,0.16666666666666669,0
3996,3996,0.0007472826086956522,0.05619047619047619,0.0132990972733972,0.02,0.14,0.14285714285714285,0
3997,3997,0.0007107843137254901,0.05309523809523809,0.013386969137430756,0.02,0.13,0.15384615384615385,0
3998,3998,0.0007289002557544757,0.027023809523809526,0.026972520477258132,0.02,0.11,0.18181818181818182,0
3999,3999,0.0007575757575757576,0.022694444444444444,0.033381551129409145,0.02,0.1,0.19999999999999998,0
4000,4000,0.0007050528789659225,0.03902813852813853,0.018065244860643124,0.02,0.11,0.18181818181818182,0
4001,4001,0.0007886904761904761,0.044888888888888895,0.017569837340876943,0.02,0.1,0.19999999999999998,0
4002,4002,0.0007575757575757576,0.04534199134199134,0.01670803895359939,0.02,0.12,0.16666666666666669,0
4003,4003,0.0006787330316742082,0.05741666666666665,0.011821184876764153,0.02,0.14,0.14285714285714285,0
4004,4004,0.0007539682539682539,0.031642246642246644,0.02382789890025082,0.02,0.11,0.18181818181818182,0
4005,4005,0.0007886904761904761,0.030305555555555554,0.026024616996202697,0.02,0.1,0.19999999999999998,0
4006,4006,0.0007886904761904761,0.029741452991452987,0.02651822277873,0.02,0.12,0.16666666666666669,0
4007,4007,0.0004761904761904762,0.03916666666666666,0.012158054711246202,0.01,0.12,0.08333333333333334,0
4008,4008,0.0007886904761904761,0.034055555555555554,0.023158937310650198,0.02,0.1,0.19999999999999998,0
4009,4009,0.0007030303030303031,0.0603452380952381,0.011650137197582454,0.02,0.14,0.14285714285714285,0
4010,4010,0.0007886904761904761,0.024055555555555556,0.032786209171890464,0.02,0.09,0.22222222222222224,0
4011,4011,0.005631089056462055,0.08362092257158048,0.06734067124937276,0.1,0.19,0.5263157894736842,0
4012,4012,0.0007670454545454546,0.04138888888888889,0.018532641854789506,0.02,0.09,0.22222222222222224,0
4013,4013,0.0007575757575757576,0.0325,0.02331002331002331,0.02,0.08,0.25,0
4014,4014,0.0006798245614035086,0.03531746031746032,0.019248965109402716,0.02,0.11,0.18181818181818182,0
4015,4015,0.0007886904761904761,0.034055555555555554,0.023158937310650198,0.02,0.1,0.19999999999999998,0
4016,4016,0.00043478260869565214,0.05302020202020202,0.008200319729637943,0.01,0.13,0.07692307692307693,0
4017,4017,0.0007792207792207792,0.034932900432900434,0.022306214759278766,0.02,0.1,0.19999999999999998,0
4018,4018,0.0006857142857142857,0.0405,0.01693121693121693,0.02,0.12,0.16666666666666669,0
4019,4019,0.0007125,0.04788888888888889,0.014878190255220417,0.02,0.11,0.18181818181818182,0
4020,4020,0.0007886904761904761,0.02333333333333333,0.03380102040816327,0.02,0.11,0.18181818181818182,0
4021,4021,0.000673076923076923,0.058766233766233765,0.011453463663408414,0.02,0.13,0.15384615384615385,0
4022,4022,0.0007886904761904761,0.044055555555555556,0.017902179787425688,0.02,0.11,0.18181818181818182,0
4023,4023,0.0007289002557544757,0.03300000000000001,0.022087886538014412,0.02,0.1,0.19999999999999998,0
4024,4024,0.0007886904761904761,0.034055555555555554,0.023158937310650198,0.02,0.1,0.19999999999999998,0
4025,4025,0.00045454545454545455,0.06409523809523811,0.007091719573146021,0.01,0.13,0.07692307692307693,0
4026,4026,0.00071256038647343,0.035555555555555556,0.020040760869565216,0.02,0.12,0.16666666666666669,0
4027,4027,0.0007575757575757576,0.031174603174603174,0.024301055360118496,0.02,0.12,0.16666666666666669,0
4028,4028,0.0007886904761904761,0.05701190476190477,0.01383378575903111,0.02,0.13,0.15384615384615385,0
4029,4029,0.0007792207792207792,0.04552020202020202,0.017118130953701793,0.02,0.1,0.19999999999999998,0
4030,4030,0.0006941176470588236,0.04312301587301587,0.016096222237859902,0.02,0.12,0.16666666666666669,0
4031,4031,0.0007886904761904761,0.05916666666666666,0.013329979879275655,0.02,0.12,0.16666666666666669,0
4032,4032,0.0007289002557544757,0.06572222222222222,0.011090620966678413,0.02,0.15,0.13333333333333333,0
4033,4033,0.0006631578947368422,0.05019444444444444,0.013211778755133548,0.02,0.13,0.15384615384615385,0
4034,4034,0.0007619047619047618,0.05552020202020202,0.013723018544268429,0.02,0.12,0.16666666666666669,0
4035,4035,0.0007886904761904761,0.08405555555555555,0.009382966669813994,0.02,0.15,0.13333333333333333,0
4036,4036,0.0007703081232492998,0.02606421356421356,0.02955424384286587,0.02,0.1,0.19999999999999998,0
4037,4037,0.0007670454545454546,0.040401154401154396,0.018985731123651692,0.02,0.12,0.16666666666666669,0
4038,4038,0.0011107843137254903,0.03808766233766234,0.029163887872086867,0.03,0.1,0.3,0
