,nodeID,tau_heu,tau_bench,effective_tau,nu_heu,nu_benchmark,effective_nu,seed_node
0,3,0.11265635753135747,0.015,7.510423835423832,1.0,0.02,50.0,0
1,4,0.1390341047841047,0.0525,2.648268662554375,1.0,0.06,16.666666666666668,0
2,5,0.12969319569319565,0.02,6.484659784659782,0.99,0.02,49.5,0
3,6,1.0,0.01,100.0,1.0,0.01,100.0,1
4,7,0.14036241536241534,0.005,28.072483072483067,0.99,0.01,99.0,0
5,8,1.0,0.01,100.0,1.0,0.02,50.0,1
6,9,0.1256091408591408,0.005,25.12182817182816,0.99,0.01,99.0,0
7,10,0.13862977300477294,0.01,13.862977300477294,0.97,0.01,97.0,0
8,11,1.0,0.02333333333333333,42.85714285714286,1.0,0.03,33.333333333333336,1
9,12,0.14684532134532124,0.02,7.3422660672660625,0.99,0.02,49.5,0
10,13,0.11870582195582187,0.02333333333333333,5.087392369535223,1.0,0.03,33.333333333333336,0
11,14,0.14504806304806292,0.035,4.144230372801798,1.0,0.04,25.0,0
12,15,1.0,0.015,66.66666666666667,1.0,0.02,50.0,1
13,16,0.23768373293373282,0.02,11.884186646686642,1.0,0.02,50.0,0
14,17,0.1149987512487512,0.003333333333333333,34.49962537462536,0.99,0.01,99.0,0
15,18,0.14097305472305466,0.02333333333333333,6.041702345273771,0.99,0.03,33.0,0
16,19,0.13804589854589847,0.025,5.521835941835938,0.99,0.03,33.0,0
17,20,0.14991497391497383,0.045,3.3314438647771962,1.0,0.05,20.0,0
18,21,0.13294272394272388,0.029166666666666664,4.558036249464819,0.99,0.05,19.799999999999997,0
19,22,0.14078908591408593,0.04333333333333334,3.2489789057096745,0.97,0.07,13.857142857142856,0
20,23,0.12783474858474853,0.03,4.261158286158285,1.0,0.03,33.333333333333336,0
21,24,1.0,0.01,100.0,1.0,0.01,100.0,1
22,25,0.14676404151404143,0.03,4.892134717134715,1.0,0.04,25.0,0
23,26,0.1338290875790875,0.01,13.382908757908751,1.0,0.01,100.0,0
24,27,0.1690084498834499,0.05,3.380168997668998,0.99,0.05,19.799999999999997,0
25,28,1.0,0.05,20.0,1.0,0.05,20.0,1
26,29,0.15607864357864354,0.01,15.607864357864354,1.0,0.01,100.0,0
27,30,0.19006313131313127,0.045,4.223625140291806,0.99,0.05,19.799999999999997,0
28,31,0.13135805860805855,0.01,13.135805860805855,0.93,0.01,93.0,0
29,32,0.15701430513930517,0.005,31.402861027861032,0.98,0.01,98.0,0
30,33,0.1415171078921078,0.015,9.434473859473854,1.0,0.02,50.0,0
31,34,0.14949708624708627,0.015,9.966472416472419,0.95,0.02,47.5,0
32,35,0.14766894216894208,0.04333333333333333,3.407744819283279,0.99,0.06,16.5,0
33,36,1.0,0.015,66.66666666666667,1.0,0.02,50.0,1
34,37,0.20887240537240534,0.027000000000000003,7.736015013792789,0.99,0.04,24.75,0
35,38,0.15640437340437333,0.02,7.820218670218666,0.99,0.02,49.5,0
36,39,0.13769665057165054,0.01,13.769665057165053,0.95,0.01,95.0,0
37,40,0.10628579753579746,0.02,5.314289876789873,0.99,0.02,49.5,0
38,41,0.12510323010323002,0.03,4.170107670107668,1.0,0.03,33.333333333333336,0
39,42,0.14645429570429558,0.01,14.645429570429558,1.0,0.01,100.0,0
40,43,0.13588752913752908,0.015,9.059168609168605,0.99,0.02,49.5,0
41,44,0.20961291486291472,0.03,6.987097162097157,1.0,0.03,33.333333333333336,0
42,45,0.1483379953379953,0.02333333333333333,6.357342657342656,0.99,0.03,33.0,0
43,46,0.1314413919413919,0.02,6.572069597069595,0.99,0.02,49.5,0
44,47,0.16382947607947593,0.03,5.460982535982531,0.99,0.03,33.0,0
45,48,0.170678182928183,0.0225,7.585697019030356,1.0,0.03,33.333333333333336,0
46,49,0.18876039238539227,0.06,3.146006539756538,0.99,0.07,14.14285714285714,0
47,50,0.13817198079698076,0.0475,2.9088838062522266,1.0,0.06,16.666666666666668,0
48,51,0.12329267954267947,0.008333333333333333,14.795121545121537,0.99,0.02,49.5,0
49,52,0.13267508880008874,0.035,3.790716822859678,0.99,0.05,19.799999999999997,0
50,53,0.22679809079809077,0.01,22.679809079809075,1.0,0.01,100.0,0
51,54,0.16435227680815914,0.03,5.478409226938639,0.99,0.03,33.0,0
52,55,0.11461086136086127,0.01,11.461086136086127,0.96,0.01,96.0,0
53,56,0.19041785991785978,0.018333333333333333,10.386428722792353,0.98,0.03,32.666666666666664,0
54,57,0.12971542346542345,0.03333333333333333,3.8914627039627034,0.99,0.05,19.799999999999997,0
55,58,0.15631948606948598,0.013333333333333332,11.72396145521145,1.0,0.02,50.0,0
56,59,0.16899181374181363,0.04,4.224795343545341,0.98,0.04,24.5,0
57,60,0.21943290043290034,0.03333333333333333,6.582987012987011,1.0,0.04,25.0,0
58,61,0.17551126651126647,0.04,4.387781662781662,1.0,0.04,25.0,0
59,62,0.12994369519369514,0.028333333333333335,4.586248065659828,0.98,0.04,24.5,0
60,63,0.5,0.005,100.0,1.0,0.01,100.0,0
61,64,0.2946987734487733,0.0,,0.99,0.0,,0
62,65,0.2859498279498278,0.025,11.437993117993113,1.0,0.04,25.0,0
63,66,0.21657201132201123,0.03,7.2190670440670415,1.0,0.03,33.333333333333336,0
64,67,0.11877688977688973,0.02333333333333333,5.090438133295275,0.98,0.03,32.666666666666664,0
65,68,1.0,0.02,50.0,1.0,0.02,50.0,1
66,71,0.18951659451659442,0.018333333333333333,10.33726879181424,1.0,0.03,33.333333333333336,0
67,72,1.0,0.0,,1.0,0.0,,1
68,73,0.11822509435009432,0.03,3.9408364783364775,0.96,0.04,24.0,0
69,74,0.17798554223554217,0.03,5.932851407851405,1.0,0.03,33.333333333333336,0
70,75,0.12549084249084239,0.01,12.549084249084238,0.95,0.01,95.0,0
71,76,0.3283697413697415,0.03,10.945658045658051,0.98,0.03,32.666666666666664,0
72,77,0.13797988122988117,0.01,13.797988122988116,0.97,0.01,97.0,0
73,78,0.1426612276612276,0.02,7.13306138306138,1.0,0.02,50.0,0
74,79,0.14104784104784104,0.03,4.7015947015947015,0.99,0.04,24.75,0
75,80,0.13133035020535014,0.035,3.7522957201528606,0.99,0.04,24.75,0
76,81,0.13076080863580855,0.02,6.538040431790427,0.99,0.02,49.5,0
77,82,0.12081048526636758,0.033666666666666664,3.588430255436661,1.0,0.06,16.666666666666668,0
78,83,0.14366869241869237,0.045,3.192637609304275,0.99,0.05,19.799999999999997,0
79,84,0.11941599087187316,0.018333333333333333,6.513599502102172,1.0,0.03,33.333333333333336,0
80,85,0.11941599087187316,0.018333333333333333,6.513599502102172,1.0,0.03,33.333333333333336,0
81,86,1.0,0.013333333333333332,75.0,1.0,0.02,50.0,1
82,87,0.2116551226551226,0.0,,1.0,0.0,,0
83,88,0.11941599087187316,0.018333333333333333,6.513599502102172,1.0,0.03,33.333333333333336,0
84,89,0.1694748584748584,0.035,4.842138813567383,1.0,0.04,25.0,0
85,90,0.20494227994227987,0.015,13.662818662818658,1.0,0.02,50.0,0
86,91,0.10990309690309683,0.028333333333333335,3.8789328318740055,0.99,0.04,24.75,0
87,92,0.11201839826839823,0.025,4.4807359307359285,0.99,0.03,33.0,0
88,93,0.14602851315351312,0.0225,6.490156140156139,1.0,0.04,25.0,0
89,94,0.14111527361527354,0.025,5.644610944610942,1.0,0.03,33.333333333333336,0
90,95,0.13045492007992004,0.02,6.522746003996002,0.86,0.02,43.0,0
91,96,0.3052017745326569,0.025,12.208070981306275,0.98,0.04,24.5,0
92,98,0.16380283605283597,0.01,16.380283605283598,0.99,0.01,99.0,0
93,99,0.1867352092352091,0.02,9.336760461760454,1.0,0.02,50.0,0
94,100,0.11343403818403817,0.015,7.562269212269212,0.97,0.02,48.5,0
95,101,0.1107618908868908,0.013333333333333332,8.307141816516811,0.98,0.02,49.0,0
96,102,0.1626483516483516,0.03,5.42161172161172,0.96,0.03,32.0,0
97,103,0.1923387445887445,0.01,19.23387445887445,0.99,0.01,99.0,0
98,104,0.13523330835830824,0.025,5.409332334332329,1.0,0.03,33.333333333333336,0
99,105,0.12708136308136309,0.045,2.8240302906969577,0.98,0.05,19.599999999999998,0
100,106,0.2078501498501498,0.03,6.928338328338326,0.99,0.03,33.0,0
101,107,0.09393742776831009,0.035,2.683926507666002,0.9,0.04,22.5,0
102,108,0.09919030969030967,0.0275,3.6069203523748974,0.9,0.04,22.5,0
103,109,0.21825865800865793,0.01,21.82586580086579,1.0,0.01,100.0,0
104,110,0.15192922355422347,0.03333333333333333,4.557876706626704,1.0,0.04,25.0,0
105,111,0.14035758685758673,0.06,2.3392931142931124,0.99,0.06,16.5,0
106,112,0.10871541367129596,0.04,2.717885341782399,0.86,0.05,17.2,0
107,113,0.20667868242868237,0.055,3.7577942259760433,1.0,0.06,16.666666666666668,0
108,114,0.10871541367129596,0.03,3.623847122376532,0.86,0.04,21.5,0
109,115,0.11456203518703516,0.015,7.637469012469011,0.9,0.02,45.0,0
110,116,0.11050979575979569,0.035,3.1574227359941625,0.94,0.05,18.799999999999997,0
111,117,0.10871541367129596,0.075,1.449538848950613,0.86,0.08,10.75,0
112,118,0.10871541367129596,0.03,3.623847122376532,0.86,0.04,21.5,0
113,119,0.10871541367129596,0.02,5.435770683564798,0.86,0.03,28.666666666666668,0
114,120,0.1822853951603951,0.035,5.20815414743986,0.98,0.04,24.5,0
115,121,0.1019007104007103,0.015,6.793380693380687,0.95,0.02,47.5,0
116,122,1.0,0.005,200.0,1.0,0.01,100.0,1
117,123,0.10871541367129596,0.045,2.4158980815843547,0.86,0.05,17.2,0
118,124,0.08494329281829273,0.02,4.247164640914637,0.86,0.02,43.0,0
119,125,0.15973962148962143,0.025,6.389584859584857,1.0,0.03,33.333333333333336,0
120,126,0.18192687867687862,0.045,4.042819526152859,0.99,0.05,19.799999999999997,0
121,127,0.22005927405927397,0.065,3.3855272932195994,1.0,0.07,14.285714285714285,0
122,128,0.1953211788211787,0.01,19.53211788211787,0.99,0.01,99.0,0
123,129,0.11193292818292817,0.035,3.1980836623693762,0.98,0.04,24.5,0
124,130,0.19085520035520032,0.03333333333333333,5.725656010656009,0.97,0.05,19.4,0
125,132,0.1901498223998224,0.0,,0.98,0.0,,0
126,133,0.11072646797646792,0.005,22.145293595293584,0.98,0.01,98.0,0
127,134,0.10760203685203681,0.03,3.5867345617345605,0.92,0.03,30.666666666666668,0
128,135,0.11728396603396594,0.03,3.909465534465532,0.95,0.04,23.75,0
129,136,0.193833805083805,0.03,6.461126836126833,0.99,0.03,33.0,0
130,137,0.09782484182484179,0.02,4.8912420912420895,0.92,0.02,46.0,0
131,138,0.14161111111111097,0.035,4.046031746031741,1.0,0.04,25.0,0
132,139,0.16867624042624033,0.02,8.433812021312017,1.0,0.02,50.0,0
133,140,0.11319691419691413,0.027000000000000003,4.192478303589412,0.99,0.04,24.75,0
134,141,0.09782484182484179,0.04,2.4456210456210448,0.92,0.04,23.0,0
135,142,0.1314734570984571,0.07,1.8781922442636725,1.0,0.08,12.5,0
136,143,0.16185003885003874,0.01,16.185003885003873,1.0,0.01,100.0,0
137,144,0.11241061716061712,0.0,,0.92,0.0,,0
138,145,0.14364801864801854,0.015,9.57653457653457,0.99,0.02,49.5,0
139,146,0.17284246309246304,0.0395,4.375758559302862,0.99,0.06,16.5,0
140,147,0.2212074314574313,0.020833333333333336,10.617956709956701,0.99,0.04,24.75,0
141,149,0.1204004051504051,0.04,3.0100101287601273,0.99,0.06,16.5,0
142,150,0.1856144688644688,0.02,9.28072344322344,0.98,0.02,49.0,0
143,151,0.14194913419913416,0.017,8.349949070537303,0.99,0.03,33.0,0
144,152,0.13728912753912748,0.02,6.864456376956373,0.97,0.02,48.5,0
145,153,0.1537153402153402,0.005,30.74306804306804,0.95,0.01,95.0,0
146,154,0.1667035742035741,0.02,8.335178710178704,1.0,0.02,50.0,0
147,155,0.18493362193362187,0.01,18.493362193362188,0.96,0.02,48.0,0
148,156,0.12786530136530128,0.02,6.393265068265063,0.99,0.03,33.0,0
149,157,0.16638850038850034,0.03,5.546283346283345,1.0,0.03,33.333333333333336,0
150,158,0.1481626429126429,0.04,3.7040660728160724,0.99,0.05,19.799999999999997,0
151,159,0.12480919080919078,0.02333333333333333,5.348965320393892,0.95,0.03,31.666666666666668,0
152,160,0.12480919080919078,0.003333333333333333,37.44275724275724,0.95,0.01,95.0,0
153,161,0.14987889887889877,0.03,4.995963295963293,1.0,0.03,33.333333333333336,0
154,162,0.11383072483072473,0.013333333333333332,8.537304362304356,0.98,0.02,49.0,0
155,163,0.1794860417360417,0.04,4.487151043401043,0.98,0.04,24.5,0
156,164,0.1273875568875568,0.025,5.095502275502271,1.0,0.03,33.333333333333336,0
157,165,0.11298500519088747,0.01,11.298500519088748,0.97,0.01,97.0,0
158,166,0.19194191919191916,0.03833333333333333,5.0071805006587615,1.0,0.05,20.0,0
159,167,0.1529256576756576,0.01,15.29256576756576,1.0,0.02,50.0,0
160,168,0.17406343656343648,0.015,11.604229104229098,0.99,0.02,49.5,0
161,169,0.1999799922299922,0.03333333333333333,5.999399766899765,0.99,0.05,19.799999999999997,0
162,171,0.16366677766677756,0.01,16.366677766677757,0.98,0.01,98.0,0
163,172,0.24335714285714283,0.02,12.167857142857141,1.0,0.02,50.0,0
164,173,1.0,0.0,,1.0,0.0,,1
165,174,0.1088685619935619,0.008333333333333333,13.064227439227428,0.96,0.02,48.0,0
166,175,0.1276847498906322,0.015,8.51231665937548,0.96,0.02,48.0,0
167,176,0.13583560883560872,0.01,13.583560883560871,1.0,0.01,100.0,0
168,177,0.13121681096681084,0.02,6.560840548340542,0.99,0.02,49.5,0
169,178,0.17315137640137632,0.065,2.6638673292519433,0.98,0.07,13.999999999999998,0
170,179,0.1550310245310244,0.0075,20.670803270803255,1.0,0.02,50.0,0
171,180,0.17300119325119315,0.02,8.650059662559658,0.99,0.02,49.5,0
172,181,0.12792193917193914,0.03583333333333333,3.569914581542488,0.98,0.05,19.599999999999998,0
173,182,0.18530339105339103,0.015,12.353559403559402,1.0,0.02,50.0,0
174,183,0.1288024198024198,0.03,4.293413993413994,0.99,0.03,33.0,0
175,185,0.21707850482850485,0.02,10.853925241425243,0.99,0.02,49.5,0
176,187,0.18636013986013972,0.013333333333333332,13.97701048951048,0.99,0.02,49.5,0
177,188,0.22347630147630138,0.035,6.385037185037182,1.0,0.04,25.0,0
178,189,0.12352411477411472,0.04333333333333334,2.8505564947872624,0.94,0.07,13.428571428571427,0
179,190,0.11216333666333661,0.045,2.4925185925185915,0.96,0.07,13.714285714285712,0
180,191,0.14200191475191462,0.0,,0.99,0.0,,0
181,192,0.14865109890109882,0.03,4.955036630036627,0.98,0.04,24.5,0
182,193,0.21418734043734033,0.01,21.418734043734034,1.0,0.01,100.0,0
183,194,0.14162352924852917,0.025,5.664941169941167,0.99,0.03,33.0,0
184,195,0.12352411477411472,0.07333333333333333,1.6844197469197462,0.94,0.1,9.399999999999999,0
185,196,0.12352411477411472,0.028333333333333332,4.3596746390864025,0.94,0.05,18.799999999999997,0
186,197,0.14382034632034624,0.015,9.588023088023084,0.98,0.02,49.0,0
187,198,0.12352411477411472,0.07333333333333333,1.6844197469197462,0.94,0.1,9.399999999999999,0
188,199,0.14568900543900526,0.015,9.712600362600352,1.0,0.02,50.0,0
189,200,0.12352411477411472,0.03333333333333333,3.705723443223442,0.94,0.06,15.666666666666666,0
190,201,0.12671103896103886,0.023333333333333334,5.4304730983302365,0.98,0.03,32.666666666666664,0
191,202,0.16017705905205903,0.015,10.678470603470602,0.96,0.02,48.0,0
192,203,0.2250519480519479,0.05,4.501038961038957,0.98,0.05,19.599999999999998,0
193,204,0.23352380952380947,0.015,15.568253968253964,1.0,0.02,50.0,0
194,205,0.1744896214896215,0.01,17.44896214896215,1.0,0.01,100.0,0
195,206,0.12352411477411472,0.04833333333333333,2.5556713401540976,0.94,0.07,13.428571428571427,0
196,207,0.12352411477411472,0.03333333333333333,3.705723443223442,0.94,0.06,15.666666666666666,0
197,208,0.16567385392385378,0.01,16.56738539238538,0.98,0.01,98.0,0
198,209,0.13884859584859574,0.035,3.9671027385313065,1.0,0.04,25.0,0
199,210,0.12352411477411472,0.03333333333333333,3.705723443223442,0.94,0.06,15.666666666666666,0
200,211,0.27987373737373733,0.01,27.987373737373733,0.96,0.01,96.0,0
201,212,0.5,0.07,7.142857142857142,1.0,0.08,12.5,0
202,213,0.17715945165945152,0.02333333333333333,7.592547928262209,0.96,0.05,19.2,0
203,214,0.14858513708513701,0.045,3.301891935225267,0.94,0.05,18.799999999999997,0
204,215,0.15533452658452648,0.003333333333333333,46.60035797535795,0.99,0.01,99.0,0
205,216,0.18968867243867232,0.0,,1.0,0.0,,0
206,217,0.12627650127650122,0.005,25.255300255300245,0.99,0.01,99.0,0
207,218,0.10484534909534901,0.023333333333333334,4.493372104086386,0.95,0.04,23.75,0
208,219,0.15252331002330993,0.01,15.252331002330992,0.99,0.01,99.0,0
209,221,0.13101728826728823,0.04,3.2754322066822055,0.99,0.04,24.75,0
210,222,0.3259018759018759,0.01,32.59018759018759,1.0,0.01,100.0,0
211,223,0.14140570540570538,0.003333333333333333,42.421711621711616,0.99,0.01,99.0,0
212,224,0.19237060162060157,0.04,4.809265040515039,1.0,0.04,25.0,0
213,225,0.5,0.035,14.285714285714285,1.0,0.06,16.666666666666668,0
214,226,0.16883055833055824,0.05,3.3766111666111644,0.99,0.05,19.799999999999997,0
215,227,0.1997516650016649,0.02,9.987583250083246,1.0,0.03,33.333333333333336,0
216,228,0.18638886113886102,0.015,12.425924075924069,1.0,0.02,50.0,0
217,230,0.21891021478521466,0.025,8.756408591408587,0.96,0.03,32.0,0
218,231,0.15184509934509927,0.032,4.745159354534352,0.98,0.04,24.5,0
219,232,0.15367901542901535,0.03333333333333333,4.610370462870461,0.98,0.04,24.5,0
220,233,0.5,0.035,14.285714285714285,1.0,0.06,16.666666666666668,0
221,234,0.5,0.045,11.11111111111111,1.0,0.07,14.285714285714285,0
222,235,0.31859546009546,0.04083333333333334,7.802337798256163,0.99,0.07,14.14285714285714,0
223,236,0.16342615717615716,0.0375,4.358030858030858,0.99,0.05,19.799999999999997,0
224,237,0.19348593073593065,0.03333333333333333,5.80457792207792,1.0,0.04,25.0,0
225,238,0.27120722333222325,0.02,13.560361166611163,0.98,0.03,32.666666666666664,0
226,239,0.5,0.055,9.090909090909092,1.0,0.08,12.5,0
227,240,0.28559668109668096,0.03,9.519889369889366,1.0,0.04,25.0,0
228,241,0.11889932289932284,0.02416666666666667,4.919971982040945,0.98,0.04,24.5,0
229,242,0.5,0.03,16.666666666666668,1.0,0.05,20.0,0
230,243,0.14538835184423415,0.03,4.846278394807805,0.99,0.03,33.0,0
231,244,0.22518697968697957,0.02,11.259348984348978,0.99,0.02,49.5,0
232,245,0.21512828837828832,0.01,21.51282883782883,0.99,0.02,49.5,0
233,246,0.18159541847041843,0.03333333333333333,5.447862554112553,0.98,0.04,24.5,0
234,247,0.14316133866133865,0.06333333333333332,2.260442189389558,0.98,0.07,13.999999999999998,0
235,248,0.5,0.06,8.333333333333334,1.0,0.08,12.5,0
236,249,0.1972013819513819,0.005,39.44027639027638,1.0,0.01,100.0,0
237,250,0.15570704295704285,0.02,7.785352147852143,1.0,0.02,50.0,0
238,251,0.1507017329076152,0.08333333333333331,1.8084207948913829,0.99,0.1,9.899999999999999,0
239,252,0.1316024988083811,0.0175,7.520142789050348,1.0,0.03,33.333333333333336,0
240,253,0.10446842046842038,0.035,2.984812013383439,0.98,0.05,19.599999999999998,0
241,254,0.12057198357198347,0.04,3.0142995892995867,0.99,0.04,24.75,0
242,255,0.16177994227994222,0.0,,0.99,0.0,,0
243,256,0.12328109798698023,0.035,3.522317085342292,0.99,0.04,24.75,0
244,257,0.11943911643911634,0.03,3.981303881303878,0.98,0.03,32.666666666666664,0
245,258,0.15213630813630807,0.07,2.1733758305186868,0.99,0.07,14.14285714285714,0
246,259,0.1554753302253301,0.05833333333333333,2.6652913752913734,0.98,0.07,13.999999999999998,0
247,260,0.2146443001443,0.02,10.732215007215,0.98,0.03,32.666666666666664,0
248,261,0.14560321622821618,0.005,29.120643245643233,1.0,0.01,100.0,0
249,263,0.15602557573145798,0.015,10.401705048763866,1.0,0.02,50.0,0
250,264,0.12044683094683087,0.030833333333333334,3.906383706383704,0.99,0.05,19.799999999999997,0
251,265,0.17176273726273716,0.005,34.352547452547434,0.99,0.01,99.0,0
252,266,0.14153823953823944,0.025,5.661529581529577,1.0,0.03,33.333333333333336,0
253,267,0.12044683094683087,0.020833333333333336,5.781447885447881,0.99,0.04,24.75,0
254,268,0.13647027972027956,0.03583333333333333,3.808472922426407,0.99,0.07,14.14285714285714,0
255,269,0.15938550338550325,0.02,7.969275169275162,1.0,0.02,50.0,0
256,270,0.1608629148629147,0.05333333333333334,3.0161796536796506,1.0,0.07,14.285714285714285,0
257,271,0.14186613386613375,0.018333333333333333,7.738152756334569,0.99,0.03,33.0,0
258,273,0.13500820013320006,0.013333333333333332,10.125615009990005,1.0,0.02,50.0,0
259,274,0.14235975135975126,0.013333333333333332,10.676981351981345,1.0,0.02,50.0,0
260,275,0.1982574370074369,0.01,19.82574370074369,1.0,0.01,100.0,0
261,276,0.13609102009102,0.015,9.072734672734667,0.99,0.02,49.5,0
262,277,0.10975406537906536,0.0275,3.991056922875104,0.99,0.05,19.799999999999997,0
263,280,0.17040065490065484,0.04,4.260016372516371,1.0,0.04,25.0,0
264,282,0.14697735597735595,0.01,14.697735597735594,0.96,0.02,48.0,0
265,283,0.1382239704739704,0.03333333333333333,4.1467191142191115,0.92,0.04,23.0,0
266,284,0.11033097458097449,0.04,2.7582743645243624,0.99,0.04,24.75,0
267,285,0.2698575036075035,0.03,8.995250120250116,1.0,0.04,25.0,0
268,286,0.16422990897990888,0.003333333333333333,49.26897269397267,1.0,0.01,100.0,0
269,287,0.12033295870795874,0.018333333333333333,6.563615929525022,0.95,0.03,31.666666666666668,0
270,288,0.12033295870795874,0.018333333333333333,6.563615929525022,0.95,0.03,31.666666666666668,0
271,289,0.12033295870795874,0.018333333333333333,6.563615929525022,0.95,0.03,31.666666666666668,0
272,290,0.20899675324675318,0.04333333333333334,4.823001998001995,1.0,0.05,20.0,0
273,291,0.25839718614718593,0.03,8.613239538239531,0.98,0.03,32.666666666666664,0
274,292,0.12080175380175376,0.0225,5.3689668356335005,0.99,0.03,33.0,0
275,293,0.12840748140748132,0.011666666666666665,11.006355549212685,0.97,0.03,32.333333333333336,0
276,294,0.11743534243534243,0.028333333333333332,4.144776791835615,0.99,0.04,24.75,0
277,295,0.13363009213009205,0.025,5.345203685203682,0.98,0.03,32.666666666666664,0
278,296,0.1339684482184481,0.01,13.39684482184481,1.0,0.01,100.0,0
279,297,0.11743534243534243,0.04833333333333334,2.429696740041567,0.99,0.06,16.5,0
280,298,0.2339494949494949,0.005,46.78989898989898,0.99,0.01,99.0,0
281,299,0.140295288045288,0.015,9.353019203019201,0.99,0.02,49.5,0
282,300,0.120042402042402,0.015,8.002826802826801,0.99,0.02,49.5,0
283,301,0.17060037185037186,0.01,17.060037185037185,1.0,0.01,100.0,0
284,302,0.13729867354867353,0.0225,6.102163268829935,0.99,0.03,33.0,0
285,303,0.11336059773559767,0.03333333333333333,3.4008179320679304,0.99,0.05,19.799999999999997,0
286,304,0.1700168165168164,0.013333333333333332,12.75126123876123,1.0,0.02,50.0,0
287,305,0.16216280941280942,0.013333333333333332,12.162210705960707,1.0,0.02,50.0,0
288,306,1.0,0.0,,1.0,0.0,,1
289,307,0.10465782828282819,0.03,3.488594276094273,0.97,0.04,24.25,0
290,308,0.16675378787878775,0.015,11.116919191919184,1.0,0.02,50.0,0
291,309,0.15351881451881458,0.045,3.411529211529213,0.96,0.06,16.0,0
292,310,1.0,0.028333333333333332,35.294117647058826,1.0,0.04,25.0,1
293,311,1.0,0.04,25.0,1.0,0.04,25.0,1
294,312,1.0,0.045,22.22222222222222,1.0,0.05,20.0,1
295,313,0.21577067377067372,0.02,10.788533688533686,0.99,0.02,49.5,0
296,314,0.19796067821067814,0.013333333333333332,14.847050865800862,0.99,0.02,49.5,0
297,315,0.15040895215895206,0.025,6.016358086358082,0.98,0.03,32.666666666666664,0
298,316,0.15074911199911195,0.013333333333333332,11.306183399933397,0.95,0.03,31.666666666666668,0
299,317,0.1718946608946608,0.035,4.911276025561737,1.0,0.04,25.0,0
300,318,0.12623468198468196,0.01,12.623468198468196,0.98,0.01,98.0,0
301,319,1.0,0.01,100.0,1.0,0.01,100.0,1
302,320,0.12606213231213226,0.01,12.606213231213225,0.99,0.01,99.0,0
303,321,0.15686205461205452,0.03,5.228735153735151,0.99,0.03,33.0,0
304,322,0.19970032745032745,0.03,6.656677581677582,0.96,0.03,32.0,0
305,323,0.11279330799919032,0.028333333333333335,3.9809402823243643,0.99,0.05,19.799999999999997,0
306,324,0.17139837939837932,0.02,8.569918969918966,0.99,0.02,49.5,0
307,325,0.17080014430014429,0.025,6.832005772005771,0.98,0.03,32.666666666666664,0
308,326,0.1298895132645132,0.03,4.32965044215044,0.99,0.04,24.75,0
309,327,0.15161863136863127,0.05583333333333333,2.7155575767516047,0.98,0.07,13.999999999999998,0
310,328,0.14962709512709507,0.028333333333333332,5.280956298603356,1.0,0.04,25.0,0
311,329,0.11683248695748684,0.018333333333333333,6.372681106772009,1.0,0.03,33.333333333333336,0
312,330,0.11279330799919032,0.028333333333333335,3.9809402823243643,0.99,0.05,19.799999999999997,0
313,331,0.14645249195249188,0.05333333333333333,2.745984224109223,0.99,0.07,14.14285714285714,0
314,332,0.3074213564213563,0.01,30.742135642135633,1.0,0.01,100.0,0
315,333,0.11320096570096566,0.04333333333333333,2.6123299777145923,0.99,0.06,16.5,0
316,334,0.16361627261627248,0.04,4.090406815406812,0.99,0.05,19.799999999999997,0
317,335,0.19605952380952366,0.01,19.605952380952367,0.99,0.01,99.0,0
318,336,0.17963647463647456,0.04,4.490911865911864,1.0,0.04,25.0,0
319,337,0.10118266455766452,0.03666666666666667,2.759527215209032,0.95,0.06,15.833333333333334,0
320,338,0.19372341547341546,0.02,9.686170773670773,0.99,0.02,49.5,0
321,339,0.15690678765678762,0.03,5.230226255226254,1.0,0.03,33.333333333333336,0
322,340,0.14315440115440106,0.03,4.771813371813369,0.99,0.03,33.0,0
323,341,0.13727980352980343,0.013333333333333332,10.295985264735258,0.99,0.02,49.5,0
324,342,0.10342321567321562,0.03666666666666667,2.8206331547240624,0.95,0.06,15.833333333333334,0
325,343,0.11687738650238647,0.019761904761904762,5.914277389277387,0.98,0.04,24.5,0
326,344,0.10808172383172375,0.05666666666666667,1.9073245382068895,0.97,0.08,12.125,0
327,345,0.15802579773168007,0.045,3.511684394037335,0.97,0.05,19.4,0
328,346,0.2421197691197689,0.01,24.21197691197689,1.0,0.01,100.0,0
329,347,0.1779647574647574,0.002,88.98237873237869,0.98,0.01,98.0,0
330,348,0.1372781107781107,0.018333333333333333,7.487896951533311,0.99,0.03,33.0,0
331,349,0.14898937173937166,0.01,14.898937173937165,1.0,0.01,100.0,0
332,350,0.21152813852813845,0.025,8.461125541125538,0.99,0.03,33.0,0
333,351,0.2125762293262293,0.035,6.07360655217798,0.98,0.04,24.5,0
334,352,0.10819143356643351,0.04333333333333334,2.496725389994619,0.99,0.05,19.799999999999997,0
335,353,0.12341677766677757,0.035,3.526193647622216,0.99,0.04,24.75,0
336,355,0.12559983072483066,0.03142857142857143,3.996358250335521,0.99,0.05,19.799999999999997,0
337,356,0.1528616938616938,0.02166666666666667,7.055155101308943,0.99,0.03,33.0,0
338,357,0.1277413368794947,0.03,4.258044562649824,0.99,0.04,24.75,0
339,358,0.1627504717504717,0.015,10.850031450031446,0.99,0.02,49.5,0
340,359,0.142387099012099,0.01,14.2387099012099,0.98,0.01,98.0,0
341,362,0.15229650904650904,0.05,3.045930180930181,1.0,0.05,20.0,0
342,363,0.1418595016095016,0.02,7.092975080475079,0.99,0.02,49.5,0
343,364,0.13598784956873186,0.045,3.021952212638486,0.99,0.05,19.799999999999997,0
344,365,0.1121013986013985,0.0275,4.0764144945963094,0.99,0.04,24.75,0
345,366,0.15821252358752352,0.035,4.520357816786386,0.99,0.04,24.75,0
346,367,0.10867849694165485,0.01,10.867849694165486,0.96,0.01,96.0,0
347,368,0.12871703296703288,0.015,8.581135531135526,1.0,0.02,50.0,0
348,369,0.11005092130092126,0.015,7.336728086728084,0.99,0.02,49.5,0
349,370,0.12868456543456538,0.01,12.868456543456539,0.99,0.01,99.0,0
350,371,0.20634343434343425,0.025,8.25373737373737,1.0,0.03,33.333333333333336,0
351,372,0.1705660173160172,0.035,4.873314780457634,0.98,0.04,24.5,0
352,373,0.15496356421356425,0.015,10.330904280904283,0.99,0.02,49.5,0
353,374,0.11352571040071036,0.01,11.352571040071036,0.93,0.01,93.0,0
354,375,0.11089565989565987,0.04,2.7723914973914967,0.99,0.05,19.799999999999997,0
355,376,0.17006641969141956,0.025,6.802656787656782,1.0,0.03,33.333333333333336,0
356,377,0.1298838106338106,0.02,6.49419053169053,0.99,0.02,49.5,0
357,378,0.15391122766122758,0.0,,1.0,0.0,,0
358,379,0.16079445554445543,0.045,3.5732101232101208,0.99,0.05,19.799999999999997,0
359,381,0.12301245976245971,0.01583333333333333,7.769207984997457,0.96,0.04,24.0,0
360,382,0.12226159951159943,0.025,4.890463980463977,0.99,0.04,24.75,0
361,383,0.2131274558774557,0.03,7.104248529248524,0.98,0.04,24.5,0
362,384,0.12226159951159943,0.065,1.8809476847938373,0.99,0.08,12.375,0
363,386,0.42859931734931733,0.03333333333333333,12.85797952047952,1.0,0.05,20.0,0
364,387,0.16143614718614713,0.01,16.143614718614714,0.99,0.01,99.0,0
365,388,0.5,0.028333333333333332,17.647058823529413,1.0,0.04,25.0,0
366,389,0.13246203796203793,0.03,4.415401265401265,1.0,0.04,25.0,0
367,390,0.1424453601953601,0.056666666666666664,2.513741650506355,1.0,0.07,14.285714285714285,0
368,391,0.1577266344766344,0.01,15.77266344766344,1.0,0.01,100.0,0
369,392,0.2550571552630375,0.003333333333333333,76.51714657891127,1.0,0.01,100.0,0
370,393,0.11859586655174884,0.05,2.3719173310349766,0.97,0.06,16.166666666666668,0
371,394,0.1434398795648795,0.02,7.171993978243974,0.97,0.02,48.5,0
372,395,0.17412445887445877,0.01,17.412445887445877,1.0,0.01,100.0,0
373,396,0.14100371850371848,0.01,14.100371850371848,1.0,0.01,100.0,0
374,397,0.1097025474525474,0.03333333333333333,3.291076423576422,0.98,0.06,16.333333333333332,0
375,398,0.2159800199800198,0.05,4.319600399600396,0.98,0.07,13.999999999999998,0
376,399,0.13261313686313675,0.05,2.6522627372627348,1.0,0.06,16.666666666666668,0
377,400,0.11239846264846255,0.04,2.809961566211564,0.99,0.04,24.75,0
378,401,0.1097025474525474,0.04333333333333334,2.5315972489049394,0.98,0.07,13.999999999999998,0
379,402,0.1260955433455433,0.045,2.8021231854565176,0.98,0.05,19.599999999999998,0
380,403,0.21926262626262613,0.04333333333333334,5.059906759906756,1.0,0.05,20.0,0
381,404,0.14506793206793195,0.05,2.9013586413586387,1.0,0.06,16.666666666666668,0
382,405,0.19587229437229428,0.005,39.17445887445886,0.99,0.01,99.0,0
383,406,0.19908189033189033,0.01,19.908189033189032,1.0,0.01,100.0,0
384,407,1.0,0.04,25.0,1.0,0.04,25.0,1
385,408,0.1097025474525474,0.03333333333333333,3.291076423576422,0.98,0.06,16.333333333333332,0
386,409,0.1376554279054279,0.055,2.5028259619168707,0.96,0.07,13.714285714285712,0
387,410,0.15488349150849146,0.013333333333333332,11.61626186313686,1.0,0.02,50.0,0
388,411,0.1097025474525474,0.05333333333333333,2.0569227647352637,0.98,0.08,12.25,0
389,412,0.21259343434343422,0.015,14.172895622895615,1.0,0.02,50.0,0
390,413,0.1097025474525474,0.03333333333333333,3.291076423576422,0.98,0.06,16.333333333333332,0
391,414,0.12118731268731266,0.018333333333333333,6.610217055671599,1.0,0.03,33.333333333333336,0
392,415,0.207565046065046,0.04,5.18912615162615,0.98,0.05,19.599999999999998,0
393,416,0.12426681651681651,0.04,3.106670412920413,0.97,0.06,16.166666666666668,0
394,417,0.2725960705960705,0.03833333333333334,7.111201841636621,0.99,0.06,16.5,0
395,418,0.09989901764901755,0.015,6.659934509934504,0.99,0.04,24.75,0
396,419,0.10162892662892656,0.025,4.065157065157062,0.94,0.03,31.333333333333332,0
397,421,0.16731874558190338,0.045,3.7181943462645197,0.99,0.05,19.799999999999997,0
398,422,0.1497432983682983,0.02,7.487164918414915,1.0,0.03,33.333333333333336,0
399,423,0.14805577755577745,0.015,9.870385170385164,1.0,0.02,50.0,0
400,424,0.15602594627594615,0.02,7.801297313797307,0.99,0.03,33.0,0
401,425,0.20626190476190456,0.0,,1.0,0.0,,0
402,426,0.11474798812298807,0.03,3.8249329374329357,0.98,0.03,32.666666666666664,0
403,427,0.15737093462093457,0.02,7.868546731046728,0.99,0.02,49.5,0
404,428,0.14854491750079976,0.04333333333333334,3.42795963463384,1.0,0.05,20.0,0
405,429,0.1955349927849927,0.015,13.03566618566618,1.0,0.02,50.0,0
406,430,0.1276678321678321,0.04,3.191695804195802,0.97,0.04,24.25,0
407,431,0.20132262182262178,0.005,40.264524364524355,0.99,0.02,49.5,0
408,432,0.18073063048063037,0.015,12.048708698708692,1.0,0.02,50.0,0
409,433,0.17349751637251629,0.01,17.34975163725163,1.0,0.01,100.0,0
410,434,0.1755050505050504,0.05333333333333333,3.290719696969695,0.99,0.06,16.5,0
411,435,0.18199611499611495,0.0225,8.088716222049554,0.99,0.03,33.0,0
412,436,0.12705885780885776,0.0575,2.2097192662410046,0.98,0.08,12.25,0
413,437,0.12705885780885776,0.0175,7.260506160506157,0.98,0.04,24.5,0
414,438,0.1420196747696747,0.05333333333333334,2.6628689019314002,0.98,0.09,10.88888888888889,0
415,439,0.1889814629814629,0.0125,15.118517038517032,1.0,0.02,50.0,0
416,440,0.1713959651459651,0.03,5.713198838198838,1.0,0.03,33.333333333333336,0
417,441,0.1420196747696747,0.03333333333333333,4.260590243090241,0.98,0.07,13.999999999999998,0
418,443,0.5,0.045,11.11111111111111,1.0,0.07,14.285714285714285,0
419,444,0.26388006438006445,0.03,8.796002146002149,0.98,0.04,24.5,0
420,445,0.16279134754134744,0.0,,0.98,0.0,,0
421,446,0.5,0.035,14.285714285714285,1.0,0.06,16.666666666666668,0
422,447,0.20194094794094788,0.01,20.194094794094788,0.99,0.01,99.0,0
423,448,0.5,0.035,14.285714285714285,1.0,0.06,16.666666666666668,0
424,449,0.23068650793650783,0.03,7.689550264550261,1.0,0.03,33.333333333333336,0
425,450,0.5,0.025,20.0,1.0,0.05,20.0,0
426,451,0.5,0.025,20.0,1.0,0.05,20.0,0
427,453,0.12320987345987344,0.026666666666666665,4.6203702547452545,0.98,0.05,19.599999999999998,0
428,454,0.16364712085300323,0.025,6.545884834120129,0.97,0.03,32.333333333333336,0
429,455,0.20303056665556657,0.045,4.511790370123702,0.99,0.06,16.5,0
430,456,0.15660472860472852,0.03,5.220157620157617,1.0,0.04,25.0,0
431,457,1.0,0.01,100.0,1.0,0.01,100.0,1
432,458,0.1196104451104451,0.03333333333333333,3.5883133533133527,0.99,0.04,24.75,0
433,460,0.22723006160506148,0.03,7.574335386835383,0.98,0.03,32.666666666666664,0
434,461,0.17623537573537568,0.0025,70.49415029415027,1.0,0.01,100.0,0
435,462,0.1589117636749215,0.015,10.594117578328099,0.98,0.02,49.0,0
436,463,0.13768068919384704,0.03333333333333333,4.130420675815412,0.96,0.05,19.2,0
437,465,0.2720003607503606,0.025,10.880014430014423,1.0,0.03,33.333333333333336,0
438,467,0.16160098235098228,0.02,8.080049117549114,1.0,0.02,50.0,0
439,468,0.1263633162073564,0.04333333333333333,2.9160765278620713,0.98,0.05,19.599999999999998,0
440,469,0.1744802697302697,0.05,3.4896053946053938,1.0,0.05,20.0,0
441,472,0.1262980907980908,0.03083333333333333,4.096154296154296,0.96,0.07,13.714285714285712,0
442,473,0.10868215118215113,0.03333333333333333,3.260464535464534,0.98,0.06,16.333333333333332,0
443,476,0.09917904154668854,0.045,2.203978701037523,0.93,0.08,11.625,0
444,477,0.1151891205200028,0.04666666666666666,2.468338296857203,0.93,0.06,15.500000000000002,0
445,479,0.17860894660894652,0.055,3.247435392889937,0.99,0.07,14.14285714285714,0
446,480,0.09917904154668854,0.0625,1.5868646647470166,0.93,0.09,10.333333333333334,0
447,481,0.09917904154668854,0.055,1.8032553008488825,0.93,0.09,10.333333333333334,0
448,486,0.13672811910311913,0.011666666666666665,11.719553065981641,0.73,0.03,24.333333333333332,0
449,488,0.21871223221223215,0.045,4.860271826938493,1.0,0.05,20.0,0
450,489,0.10232957728545955,0.02,5.1164788642729775,0.97,0.02,48.5,0
451,490,0.10868215118215113,0.04333333333333333,2.5080496426650263,0.98,0.07,13.999999999999998,0
452,492,0.11743534243534243,0.028333333333333332,4.144776791835615,0.99,0.04,24.75,0
453,493,0.11706174381174377,0.018333333333333333,6.3851860260951145,0.98,0.03,32.666666666666664,0
454,494,0.10919111852200084,0.013333333333333332,8.189333889150063,1.0,0.02,50.0,0
455,495,0.17686999111999102,0.02,8.843499555999552,0.95,0.02,47.5,0
456,497,0.32015780053280046,0.013333333333333332,24.011835039960037,0.98,0.02,49.0,0
457,498,0.28675702952018745,0.005,57.351405904037485,0.97,0.01,97.0,0
458,499,0.18363167388167378,0.023333333333333334,7.869928880643162,0.98,0.03,32.666666666666664,0
459,501,0.16108055833055823,0.015,10.738703888703883,1.0,0.02,50.0,0
460,502,0.2239634254634254,0.05583333333333333,4.011285232180754,0.99,0.08,12.375,0
461,504,0.14815128335716563,0.06166666666666666,2.4024532436297132,0.99,0.1,9.899999999999999,0
462,506,0.268536075036075,0.02,13.426803751803751,0.98,0.02,49.0,0
463,507,0.19727175602175598,0.01,19.7271756021756,0.98,0.02,49.0,0
464,509,0.12021339771339772,0.035,3.4346685060970774,0.93,0.04,23.25,0
465,511,0.15747514985014974,0.015,10.498343323343317,0.95,0.02,47.5,0
466,513,0.18850574425574415,0.006666666666666666,28.275861638361626,0.99,0.02,49.5,0
467,514,0.1452144799644799,0.02,7.260723998223995,0.93,0.02,46.5,0
468,515,0.1122987567987567,0.02333333333333333,4.812803862803859,0.99,0.03,33.0,0
469,516,0.0872374292374292,0.04,2.18093573093573,0.92,0.04,23.0,0
470,517,0.09763221908810137,0.0,,0.92,0.0,,0
471,519,0.08623992673992666,0.045,1.9164428164428147,0.84,0.06,14.0,0
472,520,0.08623992673992666,0.045,1.9164428164428147,0.84,0.06,14.0,0
473,521,0.2754408369408369,0.035,7.869738198309625,0.95,0.04,23.75,0
474,522,0.08623992673992666,0.045,1.9164428164428147,0.84,0.06,14.0,0
475,523,0.08623992673992666,0.025,3.449597069597066,0.84,0.04,21.0,0
476,524,0.09809755930344162,0.03,3.269918643448054,0.84,0.03,28.0,0
477,525,0.24124278499278493,0.045,5.360950777617443,0.99,0.05,19.799999999999997,0
478,527,0.09854695712783941,0.03833333333333334,2.5707901859436366,0.94,0.05,18.799999999999997,0
479,528,0.09854695712783941,0.028333333333333335,3.478127898629626,0.94,0.04,23.499999999999996,0
480,529,0.09854695712783941,0.04833333333333333,2.038902561265643,0.94,0.06,15.666666666666666,0
481,530,0.16757514707514706,0.005,33.51502941502941,1.0,0.01,100.0,0
482,531,0.09854695712783941,0.03833333333333334,2.5707901859436366,0.94,0.05,18.799999999999997,0
483,532,0.5,0.025,20.0,1.0,0.03,33.333333333333336,0
484,534,0.2635051615051614,0.013333333333333332,19.762887112887107,1.0,0.02,50.0,0
485,536,0.17880070806386592,0.03,5.960023602128864,0.99,0.03,33.0,0
486,538,0.22092157842157836,0.02,11.046078921078918,0.99,0.03,33.0,0
487,539,0.1524746729878308,0.02,7.623733649391539,0.97,0.03,32.333333333333336,0
488,540,0.10754185580501362,0.035,3.0726244515718175,0.95,0.04,23.75,0
489,541,0.11778920099508325,0.03833333333333334,3.072761765089128,0.99,0.05,19.799999999999997,0
490,542,0.16448651348651339,0.013333333333333332,12.336488511488504,1.0,0.02,50.0,0
491,543,0.10059213009213001,0.035,2.874060859775143,0.96,0.04,24.0,0
492,544,0.14206415806415795,0.04,3.5516039516039486,0.98,0.05,19.599999999999998,0
493,545,0.1694386724386724,0.025,6.7775468975468955,1.0,0.03,33.333333333333336,0
494,546,0.2015927128427127,0.04,5.0398178210678175,1.0,0.04,25.0,0
495,547,0.10059213009213001,0.015,6.706142006142001,0.96,0.02,48.0,0
496,548,0.10059213009213001,0.065,1.5475712321866155,0.96,0.07,13.714285714285712,0
497,549,0.15703016428016417,0.035,4.486576122290405,0.98,0.04,24.5,0
498,550,0.10059213009213001,0.015,6.706142006142001,0.96,0.02,48.0,0
499,551,0.10059213009213001,0.065,1.5475712321866155,0.96,0.07,13.714285714285712,0
500,552,0.1544595722904546,0.023333333333333334,6.619695955305197,1.0,0.04,25.0,0
501,553,0.2504848484848483,0.02,12.524242424242415,0.99,0.02,49.5,0
502,554,0.18859632034632023,0.025,7.543852813852809,0.97,0.03,32.333333333333336,0
503,555,0.13668709068709067,0.023666666666666662,5.775510874102424,1.0,0.06,16.666666666666668,0
504,556,0.17089415160003385,0.03,5.696471720001129,1.0,0.03,33.333333333333336,0
505,557,0.11736771561771558,0.042,2.7944694194694186,0.98,0.06,16.333333333333332,0
506,558,0.11736771561771558,0.037000000000000005,3.1721004221004208,0.98,0.05,19.599999999999998,0
507,559,0.18727597402597393,0.025,7.4910389610389565,0.98,0.03,32.666666666666664,0
508,560,0.13840495615495607,0.0225,6.151331384664714,0.98,0.03,32.666666666666664,0
509,561,0.12748207348207347,0.055,2.3178558814922448,0.96,0.06,16.0,0
510,562,0.12131927794427794,0.016666666666666666,7.279156676656676,0.96,0.03,32.0,0
511,563,0.12131927794427794,0.016666666666666666,7.279156676656676,0.96,0.03,32.0,0
512,564,0.1774232711732711,0.03,5.914109039109038,0.99,0.04,24.75,0
513,565,0.10853676878676877,0.025,4.341470751470751,0.72,0.03,24.0,0
514,566,0.20532509157509163,0.01,20.532509157509164,1.0,0.01,100.0,0
515,567,0.14144680319680314,0.01,14.144680319680313,0.87,0.01,87.0,0
516,568,0.11272687911503701,0.025,4.50907516460148,0.87,0.03,29.0,0
517,569,0.11272687911503701,0.025,4.50907516460148,0.87,0.03,29.0,0
518,570,0.11539652014652013,0.0125,9.23172161172161,0.98,0.03,32.666666666666664,0
519,571,0.11272687911503701,0.025,4.50907516460148,0.87,0.03,29.0,0
520,572,0.19566542667858447,0.04,4.8916356669646115,0.98,0.05,19.599999999999998,0
521,573,0.11272687911503701,0.02,5.63634395575185,0.87,0.02,43.5,0
522,574,0.14224633699633693,0.015,9.483089133089129,0.99,0.02,49.5,0
523,575,0.26270021645021635,0.02,13.135010822510818,1.0,0.02,50.0,0
524,576,0.11546743534243534,0.01,11.546743534243534,0.97,0.02,48.5,0
525,577,0.11546743534243534,0.02,5.773371767121767,0.97,0.03,32.333333333333336,0
526,578,0.11546743534243534,0.04,2.8866858835608835,0.97,0.05,19.4,0
527,579,0.19035425685425678,0.055,3.460986488259214,1.0,0.06,16.666666666666668,0
528,580,0.183460678210678,0.04,4.58651695526695,1.0,0.04,25.0,0
529,581,0.13388200688200683,0.015,8.925467125467122,1.0,0.02,50.0,0
530,582,0.21383766233766224,0.035,6.109647495361778,1.0,0.04,25.0,0
531,583,0.265416056166056,0.01,26.5416056166056,0.99,0.01,99.0,0
532,584,0.1768603618603618,0.02,8.84301809301809,1.0,0.02,50.0,0
533,585,0.2686392496392497,0.015,17.909283309283314,0.99,0.02,49.5,0
534,586,0.19082525807525808,0.01,19.08252580752581,1.0,0.02,50.0,0
535,587,0.235511655011655,0.02,11.77558275058275,1.0,0.02,50.0,0
536,588,0.1700401542901542,0.015,11.33601028601028,1.0,0.02,50.0,0
537,589,0.2081915306915306,0.02,10.40957653457653,1.0,0.02,50.0,0
538,590,0.18864380064380057,0.0,,1.0,0.0,,0
539,591,0.1293455433455433,0.03,4.31151811151811,0.98,0.04,24.5,0
540,592,0.15468514818514814,0.02,7.734257409257407,0.99,0.02,49.5,0
541,593,0.11525332020920255,0.015,7.683554680613503,0.95,0.02,47.5,0
542,594,0.11525332020920255,0.025,4.6101328083681015,0.95,0.03,31.666666666666668,0
543,595,0.16082968828557065,0.0325,4.948605793402174,0.99,0.05,19.799999999999997,0
544,596,0.11525332020920255,0.025,4.6101328083681015,0.95,0.03,31.666666666666668,0
545,597,0.25793564768564764,0.02,12.896782384282382,1.0,0.04,25.0,0
546,598,0.1204004051504051,0.03,4.013346838346837,0.99,0.05,19.799999999999997,0
547,599,0.1204004051504051,0.04,3.0100101287601273,0.99,0.06,16.5,0
548,600,1.0,0.04583333333333333,21.81818181818182,1.0,0.06,16.666666666666668,1
549,601,0.13697388722388715,0.035,3.913539634968204,0.98,0.04,24.5,0
550,602,0.14250066600066597,0.02,7.125033300033298,0.98,0.02,49.0,0
551,604,0.17820274170274172,0.0,,0.98,0.0,,0
552,605,0.1401088494838494,0.035,4.00310998525284,1.0,0.05,20.0,0
553,606,0.12409473859473857,0.03,4.136491286491286,0.99,0.04,24.75,0
554,607,0.1402697441447441,0.03,4.675658138158137,0.99,0.03,33.0,0
555,608,0.28298809523809515,0.01,28.298809523809513,1.0,0.01,100.0,0
556,609,0.15622161172161164,0.015,10.41477411477411,1.0,0.02,50.0,0
557,610,0.11117070429570418,0.02333333333333333,4.764458755530179,0.99,0.04,24.75,0
558,611,0.13060445110445099,0.025,5.224178044178039,0.99,0.03,33.0,0
559,612,0.15199089799089804,0.04499999999999999,3.377575510908846,1.0,0.07,14.285714285714285,0
560,613,0.19521642246642237,0.027000000000000003,7.2302378691267535,1.0,0.04,25.0,0
561,614,0.1329006271506271,0.0,,0.99,0.0,,0
562,615,0.14449650349650345,0.0,,0.98,0.0,,0
563,616,0.1571313963813963,0.02,7.856569819069815,1.0,0.02,50.0,0
564,617,0.19907009657009653,0.04,4.976752414252413,0.98,0.04,24.5,0
565,618,0.1760945165945165,0.05,3.52189033189033,1.0,0.05,20.0,0
566,619,0.1880022477522477,0.03,6.26674159174159,1.0,0.04,25.0,0
567,620,0.14449983349983342,0.035,4.128566671423812,1.0,0.04,25.0,0
568,621,0.1088685619935619,0.03833333333333333,2.8400494433103107,0.96,0.05,19.2,0
569,622,0.1839585779717359,0.023333333333333334,7.883939055931538,0.97,0.04,24.25,0
570,624,0.18974347874347872,0.0225,8.433043499710166,0.98,0.03,32.666666666666664,0
571,625,0.25902164502164493,0.02,12.951082251082246,0.99,0.02,49.5,0
572,626,0.13471173271173262,0.015,8.980782180782175,0.97,0.03,32.333333333333336,0
573,627,0.19432681207681196,0.03833333333333334,5.069395097655963,1.0,0.06,16.666666666666668,0
574,628,0.16423211510711502,0.017,9.660712653359706,1.0,0.03,33.333333333333336,0
575,631,0.2026348928848928,0.05,4.052697857697856,0.99,0.06,16.5,0
576,632,0.12131927794427794,0.03666666666666667,3.3087075802984893,0.96,0.05,19.2,0
577,633,0.22891677766677748,0.02,11.445838883338874,1.0,0.02,50.0,0
578,634,0.19714754689754674,0.035,5.632787054215621,0.99,0.04,24.75,0
579,635,0.16295526695526688,0.04,4.073881673881672,1.0,0.04,25.0,0
580,636,0.1631070873570873,0.005,32.62141747141746,0.99,0.01,99.0,0
581,637,0.24686266511266503,0.03833333333333333,6.43989561163474,1.0,0.05,20.0,0
582,638,0.12131927794427794,0.03666666666666667,3.3087075802984893,0.96,0.05,19.2,0
583,639,0.1530571095571095,0.03,5.10190365190365,1.0,0.04,25.0,0
584,640,0.11546689421689413,0.015,7.6977929477929425,0.95,0.02,47.5,0
585,641,0.1251816794316794,0.0,,0.98,0.0,,0
586,642,0.11931555944055945,0.05333333333333333,2.23716673951049,0.99,0.06,16.5,0
587,643,0.20232489732489728,0.045,4.496108829442162,1.0,0.05,20.0,0
588,644,0.14692579642579634,0.03,4.897526547526545,0.98,0.03,32.666666666666664,0
589,645,0.191207884221042,0.02,9.5603942110521,1.0,0.02,50.0,0
590,646,0.1869382423132422,0.0225,8.308366325032987,0.99,0.03,33.0,0
591,647,0.1804747474747474,0.05,3.6094949494949478,1.0,0.06,16.666666666666668,0
592,648,0.13478002553002552,0.03333333333333333,4.043400765900766,0.98,0.05,19.599999999999998,0
593,649,0.164323815073815,0.02,8.21619075369075,1.0,0.02,50.0,0
594,650,0.16411205461205447,0.02,8.205602730602724,1.0,0.02,50.0,0
595,651,0.11698432123432118,0.026428571428571426,4.4264337764337744,0.96,0.04,24.0,0
596,652,0.13154453879453876,0.045,2.9232119732119726,1.0,0.08,12.5,0
597,653,0.14181311743811745,0.016428571428571428,8.632102800581062,0.98,0.05,19.599999999999998,0
598,654,0.12402776390276388,0.04642857142857142,2.6713672225210683,0.99,0.08,12.375,0
599,655,0.12402776390276388,0.04642857142857142,2.6713672225210683,0.99,0.08,12.375,0
600,656,0.1489206349206349,0.02666666666666667,5.584523809523808,0.99,0.05,19.799999999999997,0
601,657,0.13831443556443554,0.055,2.5148079193533732,1.0,0.06,16.666666666666668,0
602,658,0.17543226218226216,0.01,17.543226218226216,0.98,0.01,98.0,0
603,659,0.18632864357864348,0.0,,0.99,0.0,,0
604,661,0.13288417138417127,0.035,3.796690610976322,0.92,0.05,18.4,0
605,662,0.16745970695970694,0.03333333333333333,5.023791208791208,1.0,0.04,25.0,0
606,663,0.18835797535797524,0.0,,1.0,0.0,,0
607,664,0.15772796647796647,0.03,5.257598882598883,1.0,0.04,25.0,0
608,665,0.1545080475080474,0.01,15.450804750804739,0.84,0.01,84.0,0
609,666,0.1350728715728715,0.04,3.3768217893217876,0.9,0.05,18.0,0
610,667,0.20410508935508928,0.035,5.831573981573979,0.99,0.04,24.75,0
611,668,0.18619491619491607,0.04,4.654872904872902,1.0,0.04,25.0,0
612,669,0.18227769452769443,0.018333333333333333,9.942419701510605,0.96,0.03,32.0,0
613,670,0.24701692751692736,0.015,16.467795167795156,0.96,0.02,48.0,0
614,672,0.13540434565434556,0.02,6.770217282717278,0.98,0.04,24.5,0
615,673,0.16702500277500262,0.04,4.175625069375066,0.98,0.04,24.5,0
616,674,0.15464141414141408,0.015,10.309427609427606,1.0,0.02,50.0,0
617,675,0.18655094905094888,0.045,4.145576645576642,0.99,0.05,19.799999999999997,0
618,676,0.14487190587190582,0.02,7.243595293595291,0.98,0.03,32.666666666666664,0
619,677,0.18428413253413242,0.02,9.214206626706622,0.98,0.02,49.0,0
620,678,0.15804145854145854,0.02,7.902072927072927,1.0,0.02,50.0,0
621,679,0.24323914973914967,0.0,,0.99,0.0,,0
622,681,0.20394585969585968,0.0,,1.0,0.0,,0
623,682,0.1410528915528915,0.02,7.052644577644575,0.98,0.02,49.0,0
624,683,0.13079251304251302,0.02,6.539625652125651,0.98,0.03,32.666666666666664,0
625,684,0.16068095793095785,0.02,8.034047896547893,0.98,0.02,49.0,0
626,686,0.15060123210123202,0.0175,8.605784691498972,0.99,0.03,33.0,0
627,687,0.25368734043734037,0.05,5.073746808746807,1.0,0.05,20.0,0
628,688,0.2340794760794759,0.008333333333333333,28.08953712953711,1.0,0.02,50.0,0
629,689,0.19524242424242413,0.023333333333333334,8.367532467532463,1.0,0.03,33.333333333333336,0
630,690,0.41535317460317467,0.035833333333333335,11.591251384274642,0.98,0.06,16.333333333333332,0
631,691,0.21432251082251075,0.01,21.432251082251074,1.0,0.01,100.0,0
632,692,0.418657980907981,0.01,41.8657980907981,0.99,0.02,49.5,0
633,693,0.18636621711621712,0.03,6.212207237207237,0.9,0.04,22.5,0
634,694,0.2592662060162059,0.02,12.963310300810296,0.9,0.02,45.0,0
635,695,0.18457323232323217,0.023333333333333334,7.910281385281378,1.0,0.03,33.333333333333336,0
636,696,0.18325505050505034,0.02,9.162752525252516,0.99,0.02,49.5,0
637,697,0.19355266955266948,0.025,7.742106782106779,1.0,0.03,33.333333333333336,0
638,698,0.2628608613608612,0.02,13.143043068043058,0.99,0.02,49.5,0
639,699,0.1775339105339105,0.01,17.75339105339105,1.0,0.01,100.0,0
640,700,0.21221872571872555,0.01,21.221872571872556,1.0,0.02,50.0,0
641,701,0.32750108225108215,0.013333333333333332,24.562581168831162,0.98,0.02,49.0,0
642,703,0.11935224497724495,0.03,3.978408165908165,0.94,0.03,31.333333333333332,0
643,704,0.20396006771006767,0.0,,1.0,0.0,,0
644,705,0.13674481074481068,0.03,4.5581603581603565,1.0,0.04,25.0,0
645,706,0.18923701298701284,0.0,,1.0,0.0,,0
646,707,0.17846897546897542,0.01,17.84689754689754,1.0,0.01,100.0,0
647,708,0.17731432456432444,0.0,,1.0,0.0,,0
648,709,0.11935224497724495,0.035,3.4100641422069984,0.94,0.04,23.499999999999996,0
649,710,0.1919005439005437,0.02,9.595027195027185,1.0,0.02,50.0,0
650,711,0.11935224497724495,0.025,4.774089799089798,0.94,0.03,31.333333333333332,0
651,712,0.15688997113997105,0.028333333333333335,5.537293099057801,0.99,0.04,24.75,0
652,713,0.1563160173160172,0.023333333333333334,6.699257884972165,1.0,0.03,33.333333333333336,0
653,714,0.143404734154734,0.01,14.3404734154734,0.94,0.01,93.99999999999999,0
654,715,0.12557900432900426,0.035,3.5879715522572644,0.95,0.04,23.75,0
655,716,0.10898842823842815,0.03833333333333334,2.84317638882856,0.95,0.06,15.833333333333334,0
656,717,0.24688997113997108,0.025,9.875598845598843,0.98,0.03,32.666666666666664,0
657,718,0.10898842823842815,0.03833333333333333,2.8431763888285606,0.95,0.06,15.833333333333334,0
658,719,0.23495627983127976,0.015,15.663751988751985,1.0,0.02,50.0,0
659,720,0.10898842823842815,0.04333333333333333,2.5151175747329577,0.95,0.06,15.833333333333334,0
660,721,0.10898842823842815,0.028333333333333332,3.8466504084151114,0.95,0.05,18.999999999999996,0
661,722,1.0,0.0,,1.0,0.0,,1
662,723,0.252338134088134,0.013333333333333332,18.92536005661005,1.0,0.03,33.333333333333336,0
663,724,0.17500306637806623,0.05,3.5000613275613244,1.0,0.06,16.666666666666668,0
664,725,0.20993517593517586,0.0225,9.330452263785594,1.0,0.03,33.333333333333336,0
665,726,0.12421712498028283,0.045,2.760380555117396,0.97,0.05,19.4,0
666,727,0.25300865800865785,0.03,8.433621933621929,0.97,0.03,32.333333333333336,0
667,728,0.17484257409257398,0.025,6.993702963702959,1.0,0.03,33.333333333333336,0
668,729,0.13013578964894754,0.01,13.013578964894753,0.97,0.01,97.0,0
669,730,0.19047713397713392,0.02,9.523856698856696,0.97,0.02,48.5,0
670,731,0.13013578964894754,0.02,6.506789482447377,0.97,0.02,48.5,0
671,732,0.1278134365634365,0.045,2.840298590298589,0.98,0.06,16.333333333333332,0
672,733,0.1864599289599289,0.04,4.661498223998223,0.99,0.04,24.75,0
673,734,0.13013578964894754,0.0,,0.97,0.0,,0
674,735,0.13013578964894754,0.03,4.337859654964918,0.97,0.03,32.333333333333336,0
675,736,0.15071783771783764,0.015,10.047855847855843,0.98,0.02,49.0,0
676,737,1.0,0.01,100.0,1.0,0.01,100.0,1
677,738,0.22659607059607054,0.02,11.329803529803527,1.0,0.02,50.0,0
678,739,0.15998406168994403,0.0,,0.97,0.0,,0
679,741,0.23267110667110655,0.025,9.306844266844262,1.0,0.03,33.333333333333336,0
680,742,0.18461219336219326,0.02,9.230609668109663,0.99,0.02,49.5,0
681,743,0.22429087579087562,0.021666666666666664,10.35188657496349,1.0,0.04,25.0,0
682,744,0.19287914862914857,0.025,7.715165945165943,1.0,0.03,33.333333333333336,0
683,745,0.15572302697302692,0.05333333333333333,2.919806755744255,1.0,0.08,12.5,0
684,746,0.2009892884892885,0.035,5.742551099693956,1.0,0.04,25.0,0
685,748,0.21756407481407464,0.02,10.878203740703732,1.0,0.02,50.0,0
686,749,0.20604437229437222,0.02,10.302218614718612,0.99,0.02,49.5,0
687,750,0.20531118881118876,0.025,8.21244755244755,1.0,0.03,33.333333333333336,0
688,751,0.11357675657675653,0.01,11.357675657675653,0.98,0.02,49.0,0
689,752,0.11357675657675653,0.05,2.2715351315351304,0.98,0.06,16.333333333333332,0
690,753,0.11357675657675653,0.03,3.7858918858918846,0.98,0.04,24.5,0
691,754,0.13853035853035847,0.013333333333333332,10.389776889776886,0.97,0.03,32.333333333333336,0
692,755,0.11357675657675653,0.02,5.6788378288378265,0.98,0.03,32.666666666666664,0
693,756,0.13358016983016974,0.02,6.679008491508487,0.98,0.02,49.0,0
694,758,0.18729134754134752,0.095,1.9714878688562896,0.97,0.11,8.818181818181818,0
695,759,0.18529509379509368,0.05,3.7059018759018736,1.0,0.05,20.0,0
696,760,0.22669527694527702,0.05333333333333334,4.250536442723944,1.0,0.06,16.666666666666668,0
697,761,0.18946511821511813,0.03,6.315503940503938,1.0,0.04,25.0,0
698,762,1.0,0.0,,1.0,0.0,,1
699,763,0.2669646464646463,0.03,8.898821548821543,1.0,0.03,33.333333333333336,0
700,764,0.2304325396825396,0.01,23.04325396825396,0.99,0.01,99.0,0
701,765,0.24614285714285702,0.01,24.614285714285703,0.98,0.01,98.0,0
702,766,1.0,0.02,50.0,1.0,0.02,50.0,1
703,767,0.5,0.0345,14.492753623188404,1.0,0.07,14.285714285714285,0
704,768,0.36168228993228996,0.015,24.112152662152663,0.99,0.03,33.0,0
705,769,0.17486507936507928,0.018333333333333333,9.538095238095233,0.99,0.03,33.0,0
706,770,0.22162720612720618,0.032,6.925850191475193,0.99,0.06,16.5,0
707,771,0.14725624375624372,0.025,5.890249750249748,0.87,0.03,29.0,0
708,772,0.23091749916749912,0.04833333333333333,4.777603431051706,1.0,0.07,14.285714285714285,0
709,773,0.12953579753579747,0.03833333333333334,3.379194718325151,0.98,0.06,16.333333333333332,0
710,774,0.12953579753579747,0.04833333333333334,2.6800509834992576,0.98,0.07,13.999999999999998,0
711,775,0.1495410977910977,0.03833333333333334,3.901072116289505,0.97,0.06,16.166666666666668,0
712,776,0.12953579753579747,0.05833333333333333,2.2206136720422425,0.98,0.08,12.25,0
713,778,0.32954401154401153,0.03,10.984800384800385,1.0,0.03,33.333333333333336,0
714,779,0.19760014985014976,0.0325,6.080004610773838,0.99,0.04,24.75,0
715,780,0.3064319014319013,0.018333333333333333,16.71446735083098,0.94,0.03,31.333333333333332,0
716,781,0.21139285714285705,0.02,10.569642857142853,1.0,0.02,50.0,0
717,782,0.18816544566544569,0.04,4.704136141636142,0.99,0.04,24.75,0
718,783,0.5,0.04,12.5,1.0,0.06,16.666666666666668,0
719,784,1.0,0.005,200.0,1.0,0.01,100.0,1
720,785,0.5,0.025,20.0,1.0,0.04,25.0,0
721,786,0.340948162948163,0.008333333333333333,40.91377955377956,1.0,0.02,50.0,0
722,787,0.2777378454878454,0.04,6.943446137196135,1.0,0.05,20.0,0
723,788,0.20427716727716716,0.015,13.61847781847781,1.0,0.02,50.0,0
724,789,1.0,0.02,50.0,1.0,0.02,50.0,1
725,791,0.19790018315018304,0.005,39.58003663003661,0.99,0.01,99.0,0
726,792,0.13510127372627367,0.035,3.8600363921792473,0.97,0.05,19.4,0
727,793,0.130061272061272,0.0,,0.98,0.0,,0
728,794,0.21197197247197241,0.03,7.065732415732414,1.0,0.03,33.333333333333336,0
729,795,0.17081468531468527,0.02,8.540734265734264,1.0,0.02,50.0,0
730,796,0.1444712509712509,0.02,7.223562548562545,0.99,0.02,49.5,0
731,797,0.11718070818070807,0.02,5.859035409035403,0.94,0.02,46.99999999999999,0
732,798,0.21747763347763335,0.015,14.498508898508891,0.99,0.02,49.5,0
733,799,0.13789850427350422,0.015,9.193233618233615,0.97,0.03,32.333333333333336,0
734,800,0.14198788711288704,0.035,4.056796774653915,0.97,0.04,24.25,0
735,801,0.13484532134532123,0.015,8.989688089688082,1.0,0.02,50.0,0
736,802,0.17101190476190478,0.03,5.700396825396826,0.97,0.03,32.333333333333336,0
737,803,0.18211555111555108,0.01,18.211555111555107,0.97,0.01,97.0,0
738,804,0.16778607503607493,0.04,4.194651875901873,0.98,0.05,19.599999999999998,0
739,805,0.19393722943722935,0.01,19.393722943722935,1.0,0.01,100.0,0
740,806,0.21214826839826828,0.005,42.429653679653654,0.98,0.01,98.0,0
741,807,0.16325740925740928,0.013333333333333332,12.244305694305696,0.98,0.02,49.0,0
742,808,0.21734668109668098,0.03,7.244889369889366,1.0,0.03,33.333333333333336,0
743,810,0.15490895215895212,0.03333333333333333,4.647268564768564,1.0,0.04,25.0,0
744,811,0.14577258852258843,0.015,9.718172568172562,0.99,0.02,49.5,0
745,812,0.22819527694527694,0.03,7.606509231509231,0.96,0.03,32.0,0
746,813,1.0,0.0,,1.0,0.0,,1
747,814,0.14980158730158724,0.02,7.490079365079362,0.99,0.03,33.0,0
748,815,0.13369658119658107,0.04,3.3424145299145267,1.0,0.06,16.666666666666668,0
749,816,0.1933268398268397,0.023333333333333334,8.285435992578844,1.0,0.03,33.333333333333336,0
750,817,0.17516053391053382,0.03,5.838684463684461,0.99,0.03,33.0,0
751,818,0.1522932345432345,0.05333333333333333,2.855498147685647,0.95,0.07,13.57142857142857,0
752,819,0.15448781773781767,0.035,4.413937649651933,0.91,0.04,22.75,0
753,820,0.2176118326118326,0.03,7.253727753727754,1.0,0.04,25.0,0
754,821,0.15448781773781767,0.005,30.897563547563532,0.91,0.01,91.0,0
755,822,0.1981555944055943,0.01,19.81555944055943,0.91,0.01,91.0,0
756,823,0.13876443001442992,0.02,6.938221500721496,0.99,0.02,49.5,0
757,824,0.13761302586302582,0.085,1.618976774859127,0.95,0.1,9.499999999999998,0
758,825,1.0,0.02,50.0,1.0,0.02,50.0,1
759,826,1.0,0.02,50.0,1.0,0.02,50.0,1
760,827,0.31197222222222204,0.03,10.399074074074068,0.99,0.04,24.75,0
761,829,0.16561408036408026,0.03,5.520469345469342,0.99,0.03,33.0,0
762,830,0.25153402153402155,0.045,5.589644922978257,0.98,0.06,16.333333333333332,0
763,831,0.1425696664446663,0.01,14.256966644466628,1.0,0.01,100.0,0
764,832,0.2290020257520257,0.025,9.160081030081027,0.99,0.03,33.0,0
765,835,0.13508384670884663,0.05,2.701676934176932,0.99,0.06,16.5,0
766,836,0.19892171717171706,0.025,7.956868686868682,0.99,0.03,33.0,0
767,837,0.1698393175451998,0.015,11.322621169679987,1.0,0.02,50.0,0
768,838,0.15406565656565646,0.005,30.81313131313129,1.0,0.01,100.0,0
769,839,0.23615295815295811,0.0,,1.0,0.0,,0
770,840,0.20797222222222211,0.005,41.59444444444442,1.0,0.01,100.0,0
771,841,0.20319119769119764,0.015,13.546079846079843,1.0,0.02,50.0,0
772,842,0.1907348484848484,0.04833333333333333,3.9462382445141047,1.0,0.06,16.666666666666668,0
773,843,0.15081515706515705,0.028333333333333332,5.322887896417308,1.0,0.04,25.0,0
774,844,0.18458777333777315,0.015,12.305851555851545,1.0,0.02,50.0,0
775,845,0.1299839188589188,0.003333333333333333,38.995175657675645,1.0,0.01,100.0,0
776,847,0.1299839188589188,0.003333333333333333,38.995175657675645,1.0,0.01,100.0,0
777,848,0.13099415861915856,0.028333333333333332,4.623323245382067,1.0,0.04,25.0,0
778,849,0.14581540681540678,0.025,5.832616272616271,0.96,0.03,32.0,0
779,850,0.18211158286158277,0.025,7.28446331446331,0.99,0.03,33.0,0
780,851,0.15051032301032294,0.045,3.344673844673843,0.98,0.06,16.333333333333332,0
781,852,0.2754206349206348,0.01,27.542063492063477,1.0,0.01,100.0,0
782,853,0.16360569985569978,0.025,6.544227994227991,1.0,0.03,33.333333333333336,0
783,854,0.21264163614163592,0.02,10.632081807081796,1.0,0.02,50.0,0
784,855,0.1472197802197802,0.0175,8.412558869701725,0.98,0.03,32.666666666666664,0
785,856,0.24417460317460304,0.0,,1.0,0.0,,0
786,857,0.1869012654012653,0.013333333333333332,14.0175949050949,0.98,0.02,49.0,0
787,859,0.25567868242868236,0.02,12.783934121434118,0.99,0.02,49.5,0
788,860,0.1285652264402264,0.03,4.285507548007547,0.98,0.03,32.666666666666664,0
789,861,0.24258730158730146,0.06666666666666667,3.638809523809522,1.0,0.09,11.11111111111111,0
790,862,0.1324652985902985,0.015,8.8310199060199,0.98,0.03,32.666666666666664,0
791,863,0.16625577200577193,0.01,16.625577200577194,0.96,0.01,96.0,0
792,864,0.23109509934509925,0.025333333333333333,9.122174974148654,1.0,0.04,25.0,0
793,865,0.20863961038961026,0.005,41.72792207792205,1.0,0.01,100.0,0
794,866,0.2626123043623043,0.01,26.26123043623043,0.99,0.01,99.0,0
795,867,0.1630526418026418,0.03333333333333333,4.891579254079255,0.99,0.06,16.5,0
796,868,0.21091847041847037,0.045,4.687077120410453,0.99,0.05,19.799999999999997,0
797,869,0.14074506049506041,0.045,3.127668011001343,1.0,0.05,20.0,0
798,870,0.17433405483405473,0.03,5.811135161135158,1.0,0.03,33.333333333333336,0
799,871,0.19138600288600272,0.02,9.569300144300136,0.99,0.02,49.5,0
800,872,0.17465786990786986,0.02,8.732893495393492,1.0,0.02,50.0,0
801,873,0.2560487012987013,0.0,,1.0,0.0,,0
802,874,0.16012609612609607,0.030833333333333334,5.193278793278791,0.95,0.05,18.999999999999996,0
803,875,0.20770898545898533,0.023333333333333334,8.901813662527942,0.95,0.04,23.75,0
804,876,0.17115942390942387,0.025,6.846376956376955,1.0,0.03,33.333333333333336,0
805,877,0.17475960150960146,0.02,8.737980075480072,0.99,0.02,49.5,0
806,878,0.22349672549672547,0.01,22.349672549672547,1.0,0.01,100.0,0
807,879,0.2821190476190475,0.0,,1.0,0.0,,0
808,880,0.16918298368298373,0.03,5.639432789432791,0.97,0.04,24.25,0
809,881,0.22175613275613265,0.02,11.087806637806633,0.97,0.02,48.5,0
810,882,0.175786297036297,0.03,5.859543234543233,1.0,0.03,33.333333333333336,0
811,883,0.22772280497280492,0.0725,3.141004206521447,0.98,0.1,9.799999999999999,0
812,885,0.17952824952824942,0.015,11.968549968549961,1.0,0.02,50.0,0
813,886,0.26744624819624807,0.04833333333333334,5.533370652336166,1.0,0.06,16.666666666666668,0
814,887,0.2231525974025973,0.01,22.31525974025973,1.0,0.01,100.0,0
815,888,0.13404632355948135,0.035,3.8298949588423237,0.96,0.04,24.0,0
816,889,0.13404632355948135,0.025,5.361852942379254,0.96,0.03,32.0,0
817,890,0.13404632355948135,0.015,8.93642157063209,0.96,0.02,48.0,0
818,891,0.13404632355948135,0.045,2.9788071902106967,0.96,0.05,19.2,0
819,892,0.14964693639693638,0.021666666666666664,6.906781679858603,1.0,0.04,25.0,0
820,893,0.18851887001886994,0.02,9.425943500943497,1.0,0.03,33.333333333333336,0
821,895,0.21568073593073586,0.03833333333333334,5.626453980801805,1.0,0.05,20.0,0
822,896,0.24747954822954812,0.02,12.373977411477407,1.0,0.02,50.0,0
823,897,0.1694764124764124,0.023333333333333334,7.263274820417674,0.99,0.03,33.0,0
824,898,0.2559502164502164,0.005,51.19004329004327,1.0,0.01,100.0,0
825,899,0.17442074592074583,0.02333333333333333,7.475174825174822,1.0,0.03,33.333333333333336,0
826,900,0.20985725385725373,0.01,20.985725385725374,0.97,0.01,97.0,0
827,902,0.14951393051393047,0.025,5.980557220557219,0.94,0.03,31.333333333333332,0
828,903,0.19616558441558432,0.035,5.604730983302408,1.0,0.04,25.0,0
829,904,0.19126695526695517,0.02,9.563347763347759,1.0,0.02,50.0,0
830,905,0.3089458596958596,0.0075,41.19278129278128,0.99,0.02,49.5,0
831,906,0.15280819180819175,0.01,15.280819180819174,0.99,0.01,99.0,0
832,907,0.20117121767121757,0.0425,4.733440415793354,0.99,0.05,19.799999999999997,0
833,908,0.2891273448773448,0.005,57.825468975468965,1.0,0.01,100.0,0
834,909,0.22617460317460306,0.035,6.462131519274372,0.98,0.04,24.5,0
835,910,0.3327775280275281,0.027000000000000003,12.325093630649187,1.0,0.04,25.0,0
836,911,0.14165653790653773,0.01,14.165653790653773,1.0,0.01,100.0,0
837,912,0.15706324231324226,0.025,6.28252969252969,0.96,0.03,32.0,0
838,913,0.2162338772338772,0.055,3.931525040615949,1.0,0.06,16.666666666666668,0
839,914,0.22233982683982684,0.065,3.4206127206127204,0.99,0.07,14.14285714285714,0
840,915,0.2521462148962148,0.03333333333333333,7.564386446886444,1.0,0.04,25.0,0
841,916,0.20449927849927843,0.06,3.408321308321307,0.98,0.07,13.999999999999998,0
842,917,0.5,0.0175,28.57142857142857,1.0,0.03,33.333333333333336,0
843,918,0.1384698079698078,0.02,6.923490398490389,1.0,0.02,50.0,0
844,919,0.5,0.0375,13.333333333333334,1.0,0.05,20.0,0
845,920,0.23705627705627702,0.0,,1.0,0.0,,0
846,921,0.1852525252525252,0.04333333333333334,4.275058275058273,1.0,0.05,20.0,0
847,922,0.1855129870129869,0.03,6.183766233766231,0.98,0.03,32.666666666666664,0
848,923,0.5,0.0475,10.526315789473685,1.0,0.06,16.666666666666668,0
849,924,0.5,0.0075,66.66666666666667,1.0,0.02,50.0,0
850,926,0.13020104895104886,0.03333333333333333,3.906031468531466,0.99,0.04,24.75,0
851,927,0.14485397935397934,0.04583333333333334,3.160450458632276,0.94,0.07,13.428571428571427,0
852,928,0.168619769119769,0.0,,0.99,0.0,,0
853,929,0.18224300699300694,0.028333333333333332,6.432106129164951,0.94,0.04,23.499999999999996,0
854,930,0.1728289765789765,0.02,8.641448828948825,0.97,0.02,48.5,0
855,931,0.1357251914751914,0.02333333333333333,5.816793920365346,0.93,0.04,23.25,0
856,932,0.204936369186369,0.045,4.554141537474867,1.0,0.05,20.0,0
857,933,0.1567071817071816,0.025,6.2682872682872635,0.98,0.03,32.666666666666664,0
858,934,0.24678762903762902,0.035,7.051075115360828,0.99,0.04,24.75,0
859,935,0.17943326118326108,0.02,8.971663059163054,0.99,0.02,49.5,0
860,936,0.23869083694083687,0.015,15.912722462722458,1.0,0.02,50.0,0
861,937,0.16400541125541113,0.03,5.466847041847037,0.99,0.04,24.75,0
862,938,0.21133741258741248,0.06,3.5222902097902082,1.0,0.06,16.666666666666668,0
863,940,0.11977068764568764,0.01,11.977068764568765,0.98,0.02,49.0,0
864,941,0.15536688311688296,0.06,2.5894480519480494,0.99,0.07,14.14285714285714,0
865,942,0.13067579642579633,0.04,3.266894910644908,1.0,0.04,25.0,0
866,943,0.19198495948495942,0.025,7.679398379398377,0.98,0.03,32.666666666666664,0
867,944,0.16817182817182805,0.03,5.605727605727602,1.0,0.03,33.333333333333336,0
868,945,0.19598593073593068,0.01,19.59859307359307,1.0,0.01,100.0,0
869,946,0.22961544011544002,0.01,22.961544011544003,1.0,0.01,100.0,0
870,947,0.3000436507936507,0.0275,10.910678210678206,1.0,0.04,25.0,0
871,948,0.18848387723387713,0.02,9.424193861693857,0.97,0.02,48.5,0
872,949,0.15627128427128414,0.0125,12.501702741702731,0.98,0.02,49.0,0
873,950,0.1860595238095237,0.045,4.134656084656083,1.0,0.05,20.0,0
874,951,0.11895571095571085,0.01,11.895571095571086,1.0,0.02,50.0,0
875,954,0.15020956820956807,0.028333333333333332,5.301514172102403,1.0,0.04,25.0,0
876,955,0.23435642135642137,0.0,,0.99,0.0,,0
877,956,0.16908621933621923,0.015,11.272414622414615,1.0,0.02,50.0,0
878,957,0.1553751803751803,0.01,15.53751803751803,0.98,0.01,98.0,0
879,958,0.2068704906204905,0.02,10.343524531024526,0.97,0.02,48.5,0
880,959,0.23888131313131308,0.03,7.962710437710436,0.99,0.03,33.0,0
881,960,0.16271017871017862,0.015,10.847345247345242,0.99,0.02,49.5,0
882,961,0.1954007936507935,0.01,19.54007936507935,1.0,0.01,100.0,0
883,962,0.24230353388441614,0.0375,6.4614275702510975,0.97,0.05,19.4,0
884,963,0.19295743145743138,0.028333333333333332,6.810262286732873,1.0,0.04,25.0,0
885,964,0.17092676767676765,0.015,11.395117845117843,1.0,0.02,50.0,0
886,965,0.1467405927405927,0.03333333333333333,4.4022177822177815,0.99,0.05,19.799999999999997,0
887,966,0.18087096237096234,0.025,7.234838494838494,0.99,0.03,33.0,0
888,967,0.2191151903651902,0.015,14.607679357679347,0.99,0.02,49.5,0
889,968,0.2148026695526695,0.02,10.740133477633474,1.0,0.03,33.333333333333336,0
890,969,0.16855638805638812,0.025,6.742255522255524,0.98,0.03,32.666666666666664,0
891,970,0.21940029415029405,0.015,14.62668627668627,1.0,0.02,50.0,0
892,971,0.17621608946608933,0.03,5.873869648869644,0.99,0.03,33.0,0
893,972,0.23674253524253522,0.025,9.469701409701408,0.99,0.03,33.0,0
894,973,0.13381894494394486,0.0125,10.705515595515589,0.92,0.03,30.666666666666668,0
895,974,0.27940909090909083,0.005,55.88181818181816,1.0,0.01,100.0,0
896,975,0.22304773004772996,0.04,5.576193251193249,0.96,0.04,24.0,0
897,976,0.1373836996336996,0.04083333333333334,3.3644987665395814,0.96,0.07,13.714285714285712,0
898,977,0.16926620601620598,0.03833333333333333,4.415640156944504,0.96,0.05,19.2,0
899,978,0.18418795093795087,0.025,7.3675180375180345,0.98,0.03,32.666666666666664,0
900,979,0.20404495504495493,0.0,,0.98,0.0,,0
901,980,0.1590830835830835,0.04,3.977077089577088,0.98,0.04,24.5,0
902,981,0.16559149184149174,0.03,5.519716394716392,1.0,0.04,25.0,0
903,982,0.2098268398268397,0.01,20.98268398268397,1.0,0.01,100.0,0
904,983,0.20743939393939384,0.02333333333333333,8.890259740259737,0.99,0.05,19.799999999999997,0
905,984,0.2390996780996779,0.025,9.563987123987115,0.99,0.03,33.0,0
906,985,0.1672521645021644,0.07333333333333333,2.2807113341204235,0.99,0.08,12.375,0
907,986,0.21158405483405468,0.02,10.579202741702733,1.0,0.02,50.0,0
908,987,0.15439918414918405,0.0225,6.862185962185958,1.0,0.03,33.333333333333336,0
909,988,1.0,0.02,50.0,1.0,0.02,50.0,1
910,989,0.2099885669885668,0.018333333333333333,11.453921835740006,1.0,0.03,33.333333333333336,0
911,990,0.18622266622266617,0.03333333333333333,5.586679986679985,1.0,0.04,25.0,0
912,991,0.24804123654123647,0.005,49.60824730824729,1.0,0.01,100.0,0
913,992,0.1657715062715061,0.035,4.73632875061446,1.0,0.05,20.0,0
914,993,1.0,0.04,25.0,1.0,0.04,25.0,1
915,994,0.22008777333777327,0.005,44.017554667554656,1.0,0.01,100.0,0
916,995,0.2753408813408813,0.005,55.06817626817626,1.0,0.01,100.0,0
917,996,1.0,0.0,,1.0,0.0,,1
918,998,0.14025480075480062,0.01,14.025480075480061,1.0,0.01,100.0,0
919,999,0.25361111111111106,0.005,50.722222222222214,1.0,0.01,100.0,0
920,1000,0.21828246753246752,0.025,8.7312987012987,0.99,0.03,33.0,0
921,1001,0.5,0.03,16.666666666666668,1.0,0.04,25.0,0
922,1002,0.5,0.02,25.0,1.0,0.03,33.333333333333336,0
923,1003,0.20750047175047165,0.025,8.300018870018866,1.0,0.03,33.333333333333336,0
924,1004,0.2852341269841268,0.05,5.704682539682536,1.0,0.06,16.666666666666668,0
925,1005,0.26265295815295814,0.005,52.53059163059163,1.0,0.01,100.0,0
926,1006,0.1683139638139637,0.02333333333333333,7.213455592027017,0.99,0.03,33.0,0
927,1007,0.2066059912309912,0.015,13.773732748732746,0.98,0.02,49.0,0
928,1008,0.2287857142857142,0.02,11.43928571428571,0.97,0.02,48.5,0
929,1009,0.1547510822510821,0.03,5.158369408369404,1.0,0.04,25.0,0
930,1010,0.18298088023088005,0.0375,4.879490139490135,0.97,0.05,19.4,0
931,1011,0.1689319291819291,0.0375,4.504851444851442,0.99,0.05,19.799999999999997,0
932,1012,0.1960483405483404,0.003333333333333333,58.81450216450212,1.0,0.01,100.0,0
933,1013,0.13123593073593065,0.02,6.561796536796533,0.99,0.02,49.5,0
934,1014,0.18539693639693636,0.015,12.359795759795757,1.0,0.02,50.0,0
935,1016,0.09167536630036627,0.04333333333333333,2.115585376162299,0.72,0.06,12.0,0
936,1017,0.09167536630036627,0.05333333333333333,1.7189131181318675,0.72,0.07,10.285714285714285,0
937,1018,0.26017857142857137,0.03,8.672619047619046,1.0,0.03,33.333333333333336,0
938,1019,0.09167536630036627,0.02333333333333333,3.928944270015698,0.72,0.04,18.0,0
939,1020,0.13070812520812508,0.04,3.267703130203127,1.0,0.04,25.0,0
940,1021,0.1777097763347763,0.0275,6.462173684900956,1.0,0.04,25.0,0
941,1022,0.24628679653679642,0.015,16.41911976911976,1.0,0.02,50.0,0
942,1023,0.23081240981240975,0.0,,1.0,0.0,,0
943,1024,0.2209646464646463,0.03,7.36548821548821,1.0,0.04,25.0,0
944,1025,0.1777097763347763,0.0175,10.154844361987216,1.0,0.03,33.333333333333336,0
945,1026,0.23047763347763336,0.013333333333333332,17.285822510822502,1.0,0.02,50.0,0
946,1027,0.19829473304473294,0.0475,4.174625958836483,0.98,0.06,16.333333333333332,0
947,1028,0.12182575757575748,0.0425,2.8664884135472346,0.97,0.05,19.4,0
948,1029,0.1568623043623043,0.01,15.68623043623043,1.0,0.01,100.0,0
949,1030,0.15959823509823498,0.04333333333333333,3.6830361945746537,1.0,0.05,20.0,0
950,1031,0.17189080364080359,0.013333333333333332,12.891810273060269,0.97,0.02,48.5,0
951,1032,0.26487734487734477,0.01,26.487734487734475,1.0,0.01,100.0,0
952,1033,0.15286760461760446,0.028666666666666663,5.332590858753645,1.0,0.05,20.0,0
953,1034,0.1998060273060272,0.0,,1.0,0.0,,0
954,1035,0.23663961038961032,0.0,,0.99,0.0,,0
955,1037,0.22658333333333322,0.075,3.0211111111111095,1.0,0.08,12.5,0
956,1038,0.1583679653679653,0.017,9.31576266870384,0.98,0.03,32.666666666666664,0
957,1039,0.1867720057720058,0.013333333333333332,14.007900432900437,1.0,0.02,50.0,0
958,1040,0.13174239649239639,0.02,6.587119824619819,0.98,0.04,24.5,0
959,1041,0.23938924963924946,0.05333333333333333,4.488548430735928,1.0,0.06,16.666666666666668,0
960,1042,0.18311111111111106,0.02,9.155555555555553,1.0,0.02,50.0,0
961,1043,0.18002886002886,0.03333333333333333,5.400865800865801,1.0,0.04,25.0,0
962,1044,0.12958585858585847,0.005,25.917171717171694,0.96,0.01,96.0,0
963,1045,0.14455783105783096,0.05083333333333334,2.8437606109737232,0.99,0.07,14.14285714285714,0
964,1046,0.17407683982683975,0.05,3.481536796536795,1.0,0.05,20.0,0
965,1047,0.14455783105783096,0.030833333333333334,4.688362088362085,0.99,0.05,19.799999999999997,0
966,1048,0.1725210345210345,0.035,4.9291724148866995,0.99,0.04,24.75,0
967,1049,0.19048124098124092,0.01,19.04812409812409,0.95,0.01,95.0,0
968,1050,0.179349567099567,0.0,,1.0,0.0,,0
969,1051,0.19865054390054382,0.02,9.932527195027191,0.99,0.02,49.5,0
970,1052,0.15255855255855252,0.045,3.390190056856723,0.99,0.07,14.14285714285714,0
971,1053,0.17710101010100995,0.0225,7.871156004489332,1.0,0.03,33.333333333333336,0
972,1055,1.0,0.013333333333333332,75.0,1.0,0.02,50.0,1
973,1058,0.5,0.03333333333333333,15.0,1.0,0.04,25.0,0
974,1059,0.32549264624264623,0.006666666666666666,48.823896936396935,0.9,0.02,45.0,0
975,1060,0.4378968253968254,0.013333333333333332,32.842261904761905,1.0,0.03,33.333333333333336,0
976,1061,0.3445797258297258,0.02,17.22898629148629,1.0,0.03,33.333333333333336,0
977,1062,0.17517965367965363,0.01,17.517965367965363,1.0,0.01,100.0,0
978,1063,0.2251872294372292,0.01,22.51872294372292,0.99,0.01,99.0,0
979,1064,0.18940584415584405,0.008333333333333333,22.728701298701285,0.99,0.02,49.5,0
980,1065,0.19748038073038063,0.025,7.8992152292152245,0.99,0.03,33.0,0
981,1066,0.12231152181152176,0.03,4.077050727050725,0.98,0.03,32.666666666666664,0
982,1067,0.14871205591793824,0.008333333333333333,17.84544671015259,0.99,0.02,49.5,0
983,1068,0.1797345987345986,0.03,5.991153291153287,1.0,0.04,25.0,0
984,1070,0.11267606005106,0.003333333333333333,33.802818015318,0.96,0.01,96.0,0
985,1071,0.11267606005106,0.04333333333333333,2.600216770409077,0.96,0.05,19.2,0
986,1072,0.11267606005106,0.013333333333333332,8.4507045038295,0.96,0.02,48.0,0
987,1074,0.20196428571428554,0.005,40.39285714285711,0.98,0.01,98.0,0
988,1075,0.17769155844155832,0.04,4.442288961038958,0.99,0.04,24.75,0
989,1077,0.13476595626595622,0.015,8.984397084397083,0.97,0.02,48.5,0
990,1078,0.12621187146187138,0.03166666666666666,3.9856380461643597,1.0,0.05,20.0,0
991,1079,0.16480144855144852,0.01583333333333333,10.408512540091486,0.98,0.04,24.5,0
992,1080,0.1363906926406926,0.015,9.09271284271284,0.95,0.02,47.5,0
993,1081,0.12044683094683087,0.030833333333333334,3.906383706383704,0.99,0.05,19.799999999999997,0
994,1082,0.15191558441558428,0.0275,5.52420306965761,1.0,0.04,25.0,0
995,1083,0.1445812798312798,0.03583333333333333,4.034826413896181,1.0,0.06,16.666666666666668,0
996,1084,0.12996439671439666,0.005,25.99287934287933,0.99,0.01,99.0,0
997,1085,0.1256515151515151,0.03333333333333333,3.7695454545454528,0.99,0.05,19.799999999999997,0
998,1086,0.16703860028860024,0.025,6.681544011544009,0.98,0.03,32.666666666666664,0
999,1087,0.3245092407592407,0.006666666666666666,48.67638611388611,0.99,0.02,49.5,0
1000,1088,0.11497580197580193,0.019999999999999997,5.7487900987900975,0.97,0.04,24.25,0
1001,1089,0.14574927849927843,0.023333333333333334,6.246397649969076,0.99,0.03,33.0,0
1002,1090,0.14244210364798587,0.023333333333333334,6.10466158491368,0.95,0.04,23.75,0
1003,1092,0.19614776889776883,0.03,6.538258963258961,1.0,0.03,33.333333333333336,0
1004,1093,0.11837948162948153,0.051666666666666666,2.2912157734738363,0.93,0.07,13.285714285714285,0
1005,1094,0.12470956820956819,0.026666666666666665,4.676608807858807,0.93,0.04,23.25,0
1006,1095,0.17205266955266946,0.03,5.735088985088982,0.99,0.04,24.75,0
1007,1096,0.11612916250416248,0.028333333333333332,4.098676323676323,0.95,0.04,23.75,0
1008,1097,0.2587573260073258,0.04,6.468933150183145,1.0,0.04,25.0,0
1009,1098,1.0,0.005,200.0,1.0,0.01,100.0,1
1010,1099,0.20130194805194798,0.02333333333333333,8.627226345083486,0.96,0.03,32.0,0
1011,1100,0.3156829004329003,0.005,63.13658008658006,0.99,0.01,99.0,0
1012,1101,0.11612916250416248,0.028333333333333332,4.098676323676323,0.95,0.04,23.75,0
1013,1102,0.2038228715728714,0.04,5.095571789321785,0.98,0.04,24.5,0
1014,1103,0.22471006771006757,0.02,11.235503385503378,0.97,0.02,48.5,0
1015,1104,0.11612916250416248,0.018333333333333333,6.334317954772499,0.95,0.03,31.666666666666668,0
1016,1105,0.24222165334665327,0.025,9.68886613386613,1.0,0.05,20.0,0
1017,1106,0.2897070013320013,0.03,9.656900044400043,0.96,0.03,32.0,0
1018,1107,0.11612916250416248,0.028333333333333332,4.098676323676323,0.95,0.04,23.75,0
1019,1108,0.11612916250416248,0.04833333333333334,2.402672327672327,0.95,0.06,15.833333333333334,0
1020,1109,0.11612916250416248,0.05833333333333333,1.9907856429285,0.95,0.07,13.57142857142857,0
1021,1110,0.11612916250416248,0.03833333333333334,3.0294564131520643,0.95,0.05,18.999999999999996,0
1022,1111,0.22491738816738796,0.01,22.491738816738795,0.99,0.01,99.0,0
1023,1112,0.11612916250416248,0.018333333333333333,6.334317954772499,0.95,0.03,31.666666666666668,0
1024,1113,0.23870021645021633,0.005,47.74004329004327,0.99,0.01,99.0,0
1025,1114,0.15134343434343425,0.005,30.26868686868685,0.99,0.01,99.0,0
1026,1115,0.12156923631923634,0.04866666666666667,2.4979980065596505,0.92,0.07,13.142857142857142,0
1027,1120,0.1410486735486735,0.02333333333333333,6.044943152086008,1.0,0.03,33.333333333333336,0
1028,1123,0.1741095293595293,0.005,34.82190587190586,1.0,0.01,100.0,0
1029,1124,0.19681457431457422,0.03,6.560485810485807,1.0,0.03,33.333333333333336,0
1030,1125,0.21630699855699853,0.02,10.815349927849926,0.99,0.02,49.5,0
1031,1126,0.13298587523587513,0.02333333333333333,5.6993946529660775,0.94,0.05,18.799999999999997,0
1032,1127,0.2160602453102452,0.03,7.202008177008174,0.99,0.03,33.0,0
1033,1128,0.1850501443001442,0.0,,1.0,0.0,,0
1034,1129,0.18302763902763894,0.02,9.151381951381946,1.0,0.02,50.0,0
1035,1130,0.12811696636696632,0.04833333333333333,2.6506958558682685,0.99,0.06,16.5,0
1036,1131,0.15269538794538787,0.015,10.179692529692526,0.99,0.02,49.5,0
1037,1132,0.1865473692973691,0.05,3.7309473859473816,0.99,0.05,19.799999999999997,0
1038,1133,1.0,0.005,200.0,1.0,0.01,100.0,1
1039,1134,0.2691899766899766,0.0525,5.127428127428125,1.0,0.07,14.285714285714285,0
1040,1135,0.19713636363636355,0.045,4.380808080808079,1.0,0.05,20.0,0
1041,1137,0.20108333333333323,0.02,10.054166666666662,1.0,0.02,50.0,0
1042,1138,0.2794690864690864,0.035,7.984831041973897,1.0,0.04,25.0,0
1043,1139,0.15558763458763447,0.0325,4.787311833465676,1.0,0.05,20.0,0
1044,1140,0.21918625818625803,0.01,21.918625818625802,0.99,0.01,99.0,0
1045,1141,0.1890928238428238,0.016666666666666666,11.345569430569428,1.0,0.03,33.333333333333336,0
1046,1142,0.19403282828282817,0.01,19.403282828282816,1.0,0.01,100.0,0
1047,1143,0.1558869365928188,0.03,5.196231219760627,1.0,0.03,33.333333333333336,0
1048,1144,0.17125108225108218,0.015,11.416738816738812,1.0,0.02,50.0,0
1049,1145,0.1566163044471867,0.045,3.480362321048593,0.96,0.06,16.0,0
1050,1146,0.1525495337995337,0.02,7.627476689976685,1.0,0.02,50.0,0
1051,1147,0.18217640692640694,0.015,12.145093795093796,0.99,0.02,49.5,0
1052,1148,0.5,0.03,16.666666666666668,1.0,0.05,20.0,0
1053,1150,0.18641702741702737,0.015,12.427801827801826,1.0,0.02,50.0,0
1054,1151,1.0,0.02,50.0,1.0,0.02,50.0,1
1055,1152,0.1876606449106448,0.055,3.412011725648087,1.0,0.06,16.666666666666668,0
1056,1154,0.2002193362193361,0.005,40.04386724386722,1.0,0.01,100.0,0
1057,1155,0.15463849059437287,0.035,4.418242588410653,0.99,0.04,24.75,0
1058,1156,0.1947921384171383,0.01,19.47921384171383,0.99,0.01,99.0,0
1059,1157,0.2771346708846708,0.005,55.42693417693416,0.96,0.01,96.0,0
1060,1158,0.15463849059437287,0.025,6.185539623774915,0.99,0.03,33.0,0
1061,1159,0.3134606782106781,0.02,15.673033910533904,0.99,0.02,49.5,0
1062,1160,0.17188947163947155,0.03333333333333333,5.156684149184146,1.0,0.04,25.0,0
1063,1161,0.14129759129759123,0.015,9.419839419839416,0.97,0.02,48.5,0
1064,1164,0.21854761904761896,0.022000000000000002,9.933982683982679,1.0,0.03,33.333333333333336,0
1065,1165,0.2444173881673881,0.06,4.0736231361231345,1.0,0.06,16.666666666666668,0
1066,1166,1.0,0.0425,23.52941176470588,1.0,0.05,20.0,1
1067,1167,1.0,0.03,33.333333333333336,1.0,0.03,33.333333333333336,1
1068,1168,0.26697258297258286,0.06,4.449543049543048,0.99,0.07,14.14285714285714,0
1069,1169,0.20399578199578186,0.035,5.828450914165195,0.99,0.04,24.75,0
1070,1170,0.14448293781382004,0.04,3.612073445345501,0.95,0.05,18.999999999999996,0
1071,1171,0.13581002739090964,0.055,2.469273225289266,0.93,0.08,11.625,0
1072,1172,0.13581002739090964,0.065,2.089385036783225,0.93,0.09,10.333333333333334,0
1073,1173,0.13581002739090964,0.055,2.469273225289266,0.93,0.08,11.625,0
1074,1174,0.13581002739090964,0.035,3.8802864968831323,0.93,0.06,15.500000000000002,0
1075,1175,0.13581002739090964,0.045,3.018000608686881,0.93,0.07,13.285714285714285,0
1076,1176,0.13581002739090964,0.025,5.4324010956363855,0.93,0.05,18.6,0
1077,1177,0.13581002739090964,0.035,3.8802864968831323,0.93,0.06,15.500000000000002,0
1078,1178,0.13581002739090964,0.045,3.018000608686881,0.93,0.07,13.285714285714285,0
1079,1179,0.23814044289044276,0.05833333333333333,4.08240759240759,0.99,0.07,14.14285714285714,0
1080,1180,0.13581002739090964,0.055,2.469273225289266,0.93,0.08,11.625,0
1081,1181,0.13581002739090964,0.045,3.018000608686881,0.93,0.07,13.285714285714285,0
1082,1182,0.13280469530469521,0.035,3.7944198658484343,0.99,0.04,24.75,0
1083,1183,0.16109292504880726,0.02,8.054646252440364,1.0,0.02,50.0,0
1084,1184,0.23899639249639232,0.003333333333333333,71.6989177489177,1.0,0.01,100.0,0
1085,1185,0.25484126984126976,0.015,16.989417989417984,1.0,0.02,50.0,0
1086,1186,0.16957846320346306,0.05,3.391569264069261,0.93,0.05,18.6,0
1087,1187,0.15867352092352086,0.03333333333333333,4.760205627705626,0.98,0.04,24.5,0
1088,1188,0.17729134754134748,0.013333333333333332,13.296851065601063,1.0,0.03,33.333333333333336,0
1089,1189,0.15124023199023193,0.025,6.049609279609276,0.98,0.03,32.666666666666664,0
1090,1190,0.1882548007548007,0.015,12.550320050320046,0.98,0.02,49.0,0
1091,1191,0.24482936507936504,0.02,12.241468253968252,0.99,0.03,33.0,0
1092,1192,0.14442460317460312,0.01,14.442460317460313,0.99,0.02,49.5,0
1093,1193,0.1953145743145743,0.027000000000000003,7.23387312276201,0.96,0.04,24.0,0
1094,1194,0.16088419913419905,0.035,4.596691403834258,0.98,0.06,16.333333333333332,0
1095,1195,0.1370888555888555,0.06,2.2848142598142585,0.99,0.07,14.14285714285714,0
1096,1196,0.2039326506826506,0.05,4.078653013653011,0.98,0.05,19.599999999999998,0
1097,1197,0.15321259296259288,0.0325,4.714233629618242,0.99,0.05,19.799999999999997,0
1098,1198,0.24043686868686864,0.05,4.808737373737372,1.0,0.05,20.0,0
1099,1199,0.21971139971139966,0.032,6.865981240981239,0.98,0.04,24.5,0
1100,1200,0.2378138528138528,0.04,5.94534632034632,1.0,0.04,25.0,0
1101,1201,0.19959102009102,0.02,9.979551004551,1.0,0.03,33.333333333333336,0
1102,1202,0.19240945165945159,0.03833333333333333,5.019376999811781,1.0,0.05,20.0,0
1103,1203,0.17501659451659438,0.02,8.75082972582972,0.99,0.02,49.5,0
1104,1204,0.2151280663780662,0.03,7.17093554593554,0.99,0.03,33.0,0
1105,1205,0.13126512376512373,0.04166666666666667,3.150362970362969,0.99,0.08,12.375,0
1106,1206,0.13126512376512373,0.05166666666666666,2.5406152986798145,0.99,0.09,11.0,0
1107,1207,0.206715007215007,0.018333333333333333,11.275364029909472,0.98,0.03,32.666666666666664,0
1108,1208,0.13126512376512373,0.05166666666666666,2.5406152986798145,0.99,0.09,11.0,0
1109,1209,0.13126512376512373,0.04666666666666667,2.8128240806812226,0.99,0.08,12.375,0
1110,1210,1.0,0.01,100.0,1.0,0.01,100.0,1
1111,1211,1.0,0.025,40.0,1.0,0.03,33.333333333333336,1
1112,1212,0.4583727661227662,0.04833333333333333,9.483574471505507,1.0,0.06,16.666666666666668,0
1113,1213,0.13126512376512373,0.04166666666666667,3.150362970362969,0.99,0.08,12.375,0
1114,1214,0.13512107337107332,0.05333333333333333,2.533520125707625,0.98,0.08,12.25,0
1115,1215,0.23714321789321766,0.028333333333333335,8.36976063152533,0.99,0.04,24.75,0
1116,1216,0.13126512376512373,0.06166666666666666,2.128623628623628,0.99,0.1,9.899999999999999,0
1117,1218,0.1842963882522705,0.025,7.371855530090819,0.99,0.03,33.0,0
1118,1219,0.20201839826839824,0.018333333333333333,11.019185360094449,0.97,0.03,32.333333333333336,0
1119,1220,0.2756753246753246,0.015,18.378354978354974,0.97,0.02,48.5,0
1120,1221,0.17866666666666653,0.04,4.466666666666663,1.0,0.04,25.0,0
1121,1222,0.24836976911976913,0.01,24.83697691197691,1.0,0.01,100.0,0
1122,1223,0.14912323787323778,0.045,3.313849730516395,0.98,0.06,16.333333333333332,0
1123,1224,0.14912323787323778,0.015,9.941549191549186,0.98,0.03,32.666666666666664,0
1124,1225,0.14912323787323778,0.025,5.964929514929511,0.98,0.04,24.5,0
1125,1226,0.14912323787323778,0.045,3.313849730516395,0.98,0.06,16.333333333333332,0
1126,1227,0.14912323787323778,0.055,2.7113315976952324,0.98,0.07,13.999999999999998,0
1127,1228,0.23382550782550765,0.01,23.382550782550766,1.0,0.01,100.0,0
1128,1229,0.14912323787323778,0.045,3.313849730516395,0.98,0.06,16.333333333333332,0
1129,1230,0.22048088023088014,0.0,,1.0,0.0,,0
1130,1231,0.14912323787323778,0.055,2.7113315976952324,0.98,0.07,13.999999999999998,0
1131,1232,0.1622169219669219,0.025,6.488676878676875,0.94,0.03,31.333333333333332,0
1132,1233,0.20901695526695513,0.04,5.225423881673878,1.0,0.05,20.0,0
1133,1234,0.19349025974025963,0.01,19.349025974025963,0.99,0.01,99.0,0
1134,1235,0.1443155178155177,0.015,9.621034521034515,0.98,0.02,49.0,0
1135,1236,0.18036507936507917,0.01,18.036507936507917,0.99,0.02,49.5,0
1136,1237,0.1407424242424242,0.03333333333333333,4.222272727272726,1.0,0.05,20.0,0
1137,1238,0.14912323787323778,0.035,4.260663939235365,0.98,0.05,19.599999999999998,0
1138,1239,0.32624206349206347,0.015,21.7494708994709,0.99,0.02,49.5,0
1139,1240,0.20213275613275605,0.0,,0.98,0.0,,0
1140,1241,0.21280194805194802,0.045,4.728932178932179,0.98,0.05,19.599999999999998,0
1141,1242,0.18176298701298696,0.035,5.193228200371055,1.0,0.04,25.0,0
1142,1243,0.2743217893217893,0.01,27.432178932178928,0.99,0.01,99.0,0
1143,1244,0.18949675324675322,0.02,9.474837662337661,0.99,0.02,49.5,0
1144,1245,0.14227669552669542,0.035,4.065048443619869,1.0,0.04,25.0,0
1145,1246,0.14981096681096673,0.015,9.987397787397782,1.0,0.02,50.0,0
1146,1247,0.2730598845598844,0.035,7.801710987425268,0.99,0.04,24.75,0
1147,1248,0.21664033189033188,0.035,6.189723768295196,1.0,0.04,25.0,0
1148,1250,0.22577218614718608,0.03,7.525739538239536,1.0,0.03,33.333333333333336,0
1149,1252,0.14614765789765782,0.035,4.175647368504509,0.96,0.05,19.2,0
1150,1253,0.20897294372294367,0.015,13.93152958152958,1.0,0.02,50.0,0
1151,1254,0.14613045288045273,0.025,5.845218115218109,1.0,0.03,33.333333333333336,0
1152,1255,0.14613045288045273,0.015,9.742030192030182,1.0,0.02,50.0,0
1153,1256,0.14613045288045273,0.015,9.742030192030182,1.0,0.02,50.0,0
1154,1257,0.14613045288045273,0.015,9.742030192030182,1.0,0.02,50.0,0
1155,1258,0.14613045288045273,0.015,9.742030192030182,1.0,0.02,50.0,0
1156,1259,0.19071042846042835,0.015,12.714028564028558,0.99,0.02,49.5,0
1157,1260,0.18967316017316002,0.03,6.322438672438667,1.0,0.04,25.0,0
1158,1261,0.2014888167388166,0.02,10.07444083694083,0.99,0.02,49.5,0
1159,1262,0.17079953379953372,0.02,8.539976689976687,0.97,0.03,32.333333333333336,0
1160,1264,0.167306388056388,0.02333333333333333,7.170273773845201,0.98,0.05,19.599999999999998,0
1161,1266,0.18455278055278043,0.02,9.227639027639022,1.0,0.02,50.0,0
1162,1267,0.20713888888888887,0.01,20.71388888888889,1.0,0.01,100.0,0
1163,1268,0.1546397213897213,0.04833333333333334,3.1994425115114744,0.99,0.06,16.5,0
1164,1269,0.1546397213897213,0.018333333333333333,8.434893893984798,0.99,0.03,33.0,0
1165,1270,0.16092493617493608,0.025,6.436997446997443,1.0,0.03,33.333333333333336,0
1166,1271,0.14143994893994885,0.035,4.041141398284252,0.94,0.05,18.799999999999997,0
1167,1272,0.1040089632589632,0.05333333333333334,1.9501680611055598,0.82,0.1,8.2,0
1168,1273,0.1040089632589632,0.06333333333333334,1.6422467882994187,0.82,0.11,7.454545454545454,0
1169,1274,0.1040089632589632,0.04833333333333334,2.151909584668204,0.82,0.09,9.11111111111111,0
1170,1275,0.1040089632589632,0.05333333333333333,1.95016806110556,0.82,0.1,8.2,0
1171,1276,0.1040089632589632,0.06833333333333334,1.5220823891555588,0.82,0.11,7.454545454545454,0
1172,1277,0.12609018759018759,0.085,1.4834139716492656,0.82,0.09,9.11111111111111,0
1173,1278,0.15304184704184695,0.045,3.4009299342632655,1.0,0.05,20.0,0
1174,1279,0.16789826839826824,0.015,11.193217893217883,1.0,0.02,50.0,0
1175,1280,0.1624826839826839,0.0475,3.4206880838459766,0.95,0.08,11.875,0
1176,1281,0.16501237651237638,0.01,16.501237651237638,0.99,0.01,99.0,0
1177,1282,0.16970152070152056,0.02,8.485076035076029,0.96,0.02,48.0,0
1178,1284,0.19539321789321779,0.025,7.815728715728711,1.0,0.03,33.333333333333336,0
1179,1285,0.22800036075036073,0.04,5.700009018759018,0.99,0.04,24.75,0
1180,1286,0.2062554112554112,0.0325,6.346320346320344,1.0,0.04,25.0,0
1181,1287,0.1305769508269507,0.01,13.05769508269507,0.99,0.01,99.0,0
1182,1290,0.19119588744588747,0.0325,5.8829503829503835,0.99,0.05,19.799999999999997,0
1183,1291,0.21749614274614268,0.02,10.874807137307133,0.99,0.02,49.5,0
1184,1292,0.11960170385170371,0.02,5.980085192585185,0.99,0.03,33.0,0
1185,1293,0.1790964313464313,0.01,17.90964313464313,0.99,0.01,99.0,0
1186,1294,0.1395567488067488,0.02333333333333333,5.981003520289234,1.0,0.04,25.0,0
1187,1295,0.1395567488067488,0.02333333333333333,5.981003520289234,1.0,0.04,25.0,0
1188,1296,0.22525072150072137,0.02,11.262536075036069,0.98,0.02,49.0,0
1189,1297,1.0,0.02,50.0,1.0,0.02,50.0,1
1190,1298,0.14950216450216441,0.03333333333333333,4.4850649350649325,0.98,0.05,19.599999999999998,0
1191,1299,0.14448568098568085,0.02333333333333333,6.192243470814894,0.98,0.04,24.5,0
1192,1300,0.13662418137418128,0.025,5.4649672549672506,0.99,0.04,24.75,0
1193,1301,0.15564008214008213,0.05833333333333333,2.6681156938299795,0.98,0.08,12.25,0
1194,1302,0.13496664446664447,0.03666666666666667,3.6809084854539402,0.99,0.06,16.5,0
1195,1303,0.13496664446664447,0.03166666666666666,4.262104562104563,0.99,0.06,16.5,0
1196,1304,0.13496664446664447,0.03166666666666666,4.262104562104563,0.99,0.06,16.5,0
1197,1305,1.0,0.06,16.666666666666668,1.0,0.07,14.285714285714285,1
1198,1306,0.16820790320790316,0.01,16.820790320790316,1.0,0.01,100.0,0
1199,1307,0.24936544011543998,0.018333333333333333,13.601751279023999,0.97,0.03,32.333333333333336,0
1200,1308,0.13462706737706726,0.025,5.38508269508269,0.99,0.04,24.75,0
1201,1309,0.12497424797424786,0.035,3.5706927992642243,0.98,0.05,19.599999999999998,0
1202,1310,0.32706349206349195,0.0375,8.72169312169312,1.0,0.05,20.0,0
1203,1311,0.13895776445776442,0.05,2.7791552891552884,0.99,0.08,12.375,0
1204,1312,0.12497424797424786,0.035,3.5706927992642243,0.98,0.05,19.599999999999998,0
1205,1313,0.12497424797424786,0.035,3.5706927992642243,0.98,0.05,19.599999999999998,0
1206,1314,0.172361333111333,0.01,17.2361333111333,0.98,0.02,49.0,0
1207,1315,0.24950234487734477,0.03,8.316744829244826,1.0,0.03,33.333333333333336,0
1208,1316,0.19422294372294358,0.05,3.8844588744588715,0.98,0.06,16.333333333333332,0
1209,1317,0.172361333111333,0.03,5.745377770377767,0.98,0.04,24.5,0
1210,1318,0.1830210345210345,0.035,5.229172414886699,0.98,0.04,24.5,0
1211,1319,1.0,0.005,200.0,1.0,0.01,100.0,1
1212,1320,0.1887471139971139,0.034166666666666665,5.524305775525286,0.99,0.06,16.5,0
1213,1321,0.19715523365523357,0.0,,1.0,0.0,,0
1214,1322,0.21341305916305917,0.02,10.670652958152958,0.99,0.02,49.5,0
1215,1323,0.183910173160173,0.015,12.2606782106782,0.94,0.02,46.99999999999999,0
1216,1324,0.13181779331779317,0.015,8.787852887852878,1.0,0.02,50.0,0
1217,1325,0.11743534243534243,0.05833333333333333,2.0131772988915846,0.99,0.07,14.14285714285714,0
1218,1326,0.2031115828615828,0.025,8.124463314463311,1.0,0.03,33.333333333333336,0
1219,1327,0.11743534243534243,0.03333333333333333,3.5230602730602727,0.99,0.04,24.75,0
1220,1328,0.12086538461538453,0.02333333333333333,5.179945054945052,0.91,0.04,22.75,0
1221,1329,0.14306299256299246,0.02333333333333333,6.131271109842535,0.99,0.04,24.75,0
1222,1330,0.19426237651237643,0.03,6.475412550412548,1.0,0.03,33.333333333333336,0
1223,1331,0.16309235209235198,0.025,6.523694083694079,0.99,0.03,33.0,0
1224,1332,0.12368561993561986,0.05416666666666666,2.2834268295806743,0.99,0.09,11.0,0
1225,1333,0.1912861860361859,0.02,9.564309301809296,0.99,0.02,49.5,0
1226,1334,0.15453640803640797,0.045,3.4341424008090664,0.96,0.07,13.714285714285712,0
1227,1335,0.20594552669552665,0.02,10.297276334776333,1.0,0.02,50.0,0
1228,1336,0.18802994227994232,0.04,4.700748556998558,0.99,0.04,24.75,0
1229,1337,0.15453640803640797,0.025,6.181456321456318,0.96,0.05,19.2,0
1230,1338,0.15050527250527243,0.035,4.300150643007783,0.98,0.04,24.5,0
1231,1339,0.1947435064935064,0.02,9.73717532467532,0.97,0.02,48.5,0
1232,1340,0.12938669663669658,0.04666666666666666,2.7725720707863557,0.92,0.07,13.142857142857142,0
1233,1341,0.1314582362082362,0.03333333333333333,3.9437470862470865,0.91,0.06,15.166666666666668,0
1234,1342,0.18438850038850035,0.024166666666666666,7.629868981593118,0.97,0.04,24.25,0
1235,1343,0.3339728049728049,0.04666666666666667,7.1565601065601046,0.97,0.06,16.166666666666668,0
1236,1344,0.15335556110556106,0.03166666666666666,4.842807192807192,0.99,0.06,16.5,0
1237,1345,0.15453640803640797,0.035,4.41532594389737,0.96,0.06,16.0,0
1238,1346,0.15386374736374728,0.02333333333333333,6.5941606013034555,0.98,0.04,24.5,0
1239,1349,0.14123196248196243,0.03916666666666666,3.6059224463479773,0.97,0.07,13.857142857142856,0
1240,1350,0.17501785714285706,0.017,10.295168067226886,0.99,0.03,33.0,0
1241,1351,0.12934740259740257,0.06083333333333333,2.126258672834015,0.98,0.1,9.799999999999999,0
1242,1352,0.2219478021978021,0.01,22.19478021978021,1.0,0.01,100.0,0
1243,1353,0.2271908369408369,0.0,,0.99,0.0,,0
1244,1354,0.22680303030303023,0.02333333333333333,9.720129870129869,0.99,0.04,24.75,0
1245,1355,0.19230325230325224,0.085,2.2623912035676734,0.97,0.09,10.777777777777779,0
1246,1356,0.15823124098124086,0.03,5.274374699374696,1.0,0.03,33.333333333333336,0
1247,1357,0.2105357142857142,0.04,5.263392857142855,1.0,0.05,20.0,0
1248,1358,0.238155844155844,0.01,23.8155844155844,1.0,0.01,100.0,0
1249,1359,0.2620559163059161,0.015,17.47039442039441,1.0,0.02,50.0,0
1250,1360,0.3056075036075035,0.0,,0.99,0.0,,0
1251,1361,0.12934740259740257,0.06083333333333333,2.126258672834015,0.98,0.1,9.799999999999999,0
1252,1362,0.1338679653679653,0.015,8.92453102453102,0.9,0.02,45.0,0
1253,1365,0.16375011100011094,0.035,4.678574600003169,0.99,0.04,24.75,0
1254,1366,0.14583272283272278,0.05,2.9166544566544554,0.99,0.07,14.14285714285714,0
1255,1367,0.23440548340548337,0.02,11.720274170274168,1.0,0.02,50.0,0
1256,1368,0.19524639249639242,0.01,19.524639249639243,1.0,0.01,100.0,0
1257,1369,0.1687669552669552,0.01,16.87669552669552,0.96,0.02,48.0,0
1258,1370,0.1687669552669552,0.03,5.625565175565174,0.96,0.04,24.0,0
1259,1372,0.1948740981240981,0.035,5.56783137497423,1.0,0.05,20.0,0
1260,1373,0.218655955155955,0.005,43.731191031191,0.97,0.01,97.0,0
1261,1374,1.0,0.015,66.66666666666667,1.0,0.02,50.0,1
1262,1375,0.22090956265956255,0.013333333333333332,16.568217199467192,1.0,0.02,50.0,0
1263,1376,0.1776202408702408,0.03666666666666667,4.844188387370203,0.97,0.06,16.166666666666668,0
1264,1377,0.20181060606060597,0.02,10.090530303030299,0.99,0.02,49.5,0
1265,1378,0.22172294372294366,0.02333333333333333,9.502411873840444,1.0,0.03,33.333333333333336,0
1266,1379,0.1776202408702408,0.06666666666666667,2.664303613053612,0.97,0.09,10.777777777777779,0
1267,1380,0.17732958707958701,0.015,11.821972471972469,1.0,0.02,50.0,0
1268,1381,0.21677020202020192,0.06333333333333332,3.4226874003189782,0.99,0.07,14.14285714285714,0
1269,1382,0.229804945054945,0.03,7.660164835164834,0.97,0.04,24.25,0
1270,1383,0.15758777333777324,0.01,15.758777333777324,0.96,0.01,96.0,0
1271,1384,0.22059920634920624,0.0,,0.96,0.0,,0
1272,1385,0.23522258297258286,0.01,23.522258297258286,0.96,0.01,96.0,0
1273,1386,0.15940548340548327,0.015,10.627032227032219,1.0,0.02,50.0,0
1274,1387,0.14334415584415575,0.04833333333333333,2.965741155396326,0.98,0.06,16.333333333333332,0
1275,1388,0.16171583971583964,0.02333333333333333,6.930678844964556,0.97,0.03,32.333333333333336,0
1276,1389,0.17716883116883111,0.015,11.811255411255408,0.98,0.02,49.0,0
1277,1390,0.22621067821067808,0.035,6.4631622345908015,1.0,0.04,25.0,0
1278,1391,0.17077211677211668,0.03833333333333334,4.454924785359565,0.96,0.05,19.2,0
1279,1392,0.15737745587745583,0.028333333333333332,5.554498442733736,0.98,0.04,24.5,0
1280,1393,0.27889321789321775,0.05,5.577864357864355,1.0,0.06,16.666666666666668,0
1281,1394,0.2234485236985237,0.015,14.896568246568247,0.96,0.02,48.0,0
1282,1395,0.17974639249639232,0.015,11.983092833092822,1.0,0.02,50.0,0
1283,1396,0.20698917748917733,0.025,8.279567099567092,1.0,0.03,33.333333333333336,0
1284,1397,0.13309722630310858,0.023333333333333334,5.704166841561796,0.96,0.04,24.0,0
1285,1398,0.13309722630310858,0.013333333333333332,9.982291972733144,0.96,0.03,32.0,0
1286,1399,0.13309722630310858,0.023333333333333334,5.704166841561796,0.96,0.04,24.0,0
1287,1400,0.15522089022089017,0.035,4.434882577739718,0.98,0.04,24.5,0
1288,1401,0.17005263200851423,0.0475,3.5800554107055627,0.99,0.07,14.14285714285714,0
1289,1402,0.16273069985569982,0.025,6.5092279942279925,0.96,0.03,32.0,0
1290,1403,0.23730627705627705,0.02,11.865313852813852,0.96,0.02,48.0,0
1291,1404,0.12267357642357637,0.02,6.133678821178819,0.9,0.03,30.000000000000004,0
1292,1405,0.12267357642357637,0.03,4.089119214119212,0.9,0.04,22.5,0
1293,1406,0.13504903429903423,0.015,9.003268953268948,0.92,0.02,46.0,0
1294,1407,0.2186071428571427,0.045,4.857936507936505,0.97,0.05,19.4,0
1295,1408,0.12267357642357637,0.01,12.267357642357638,0.9,0.02,45.0,0
1296,1409,0.12267357642357637,0.02,6.133678821178819,0.9,0.03,30.000000000000004,0
1297,1410,0.12267357642357637,0.04,3.0668394105894095,0.9,0.05,18.0,0
1298,1411,0.1807279942279942,0.01,18.07279942279942,0.97,0.01,97.0,0
1299,1412,0.15093502739090967,0.02,7.5467513695454835,0.9,0.02,45.0,0
1300,1413,0.204799062049062,0.025,8.191962481962479,1.0,0.03,33.333333333333336,0
1301,1416,0.2638694083694082,0.028333333333333332,9.313037942449702,1.0,0.04,25.0,0
1302,1418,0.20645321345321344,0.02,10.322660672660671,0.99,0.02,49.5,0
1303,1419,0.21548412698412694,0.01,21.548412698412694,1.0,0.01,100.0,0
1304,1420,0.19059546009546,0.018333333333333333,10.396116005206908,0.99,0.03,33.0,0
1305,1421,0.13627511377511367,0.015,9.085007585007578,0.97,0.02,48.5,0
1306,1422,0.1280487845487844,0.03833333333333333,3.3404030751856806,0.99,0.06,16.5,0
1307,1423,0.18766353091353086,0.05,3.753270618270617,0.99,0.06,16.5,0
1308,1424,0.2462582972582971,0.05333333333333333,4.617343073593071,1.0,0.06,16.666666666666668,0
1309,1425,0.15271114996114987,0.035,4.3631757131757105,0.99,0.04,24.75,0
1310,1426,0.142825036075036,0.03,4.760834535834533,0.99,0.04,24.75,0
1311,1427,0.16614466089466084,0.020833333333333336,7.97494372294372,0.97,0.04,24.25,0
1312,1428,1.0,0.04,25.0,1.0,0.04,25.0,1
1313,1429,0.25332597957597947,0.05,5.066519591519589,1.0,0.06,16.666666666666668,0
1314,1430,0.1673427128427128,0.035,4.781220366934651,0.98,0.05,19.599999999999998,0
1315,1431,0.142825036075036,0.02,7.1412518037518,0.99,0.03,33.0,0
1316,1432,0.14501717726717722,0.0125,11.601374181374178,0.92,0.03,30.666666666666668,0
1317,1433,0.5,0.08,6.25,1.0,0.1,10.0,0
1318,1434,0.15467273004773005,0.03833333333333333,4.034940783853828,0.95,0.07,13.57142857142857,0
1319,1435,0.23259992784992775,0.0125,18.60799422799422,0.95,0.02,47.5,0
1320,1436,0.15303518703518693,0.06333333333333332,2.4163450584503203,1.0,0.08,12.5,0
1321,1437,0.22703643578643565,0.025,9.081457431457425,0.99,0.03,33.0,0
1322,1438,0.16011710511710509,0.04333333333333333,3.695010118087041,1.0,0.06,16.666666666666668,0
1323,1439,0.18929473304473304,0.045,4.20654962321629,0.99,0.05,19.799999999999997,0
1324,1440,0.14950216450216441,0.06333333333333332,2.3605604921394385,0.98,0.08,12.25,0
1325,1441,0.15534436805025034,0.0,,0.96,0.0,,0
1326,1442,0.20838250638250636,0.04,5.209562659562659,0.95,0.04,23.75,0
1327,1443,0.2392752525252524,0.025,9.571010101010096,0.99,0.03,33.0,0
1328,1444,0.24090873015873004,0.03,8.030291005291001,0.96,0.03,32.0,0
1329,1445,0.16075660450660448,0.035,4.593045843045842,0.99,0.05,19.799999999999997,0
1330,1446,0.20438636363636362,0.03,6.8128787878787875,0.99,0.03,33.0,0
1331,1447,0.19758910533910523,0.05,3.9517821067821046,1.0,0.05,20.0,0
1332,1448,0.5,0.05333333333333333,9.375,1.0,0.06,16.666666666666668,0
1333,1449,0.5,0.023333333333333334,21.428571428571427,1.0,0.03,33.333333333333336,0
1334,1450,0.5,0.013333333333333332,37.5,1.0,0.02,50.0,0
1335,1451,0.24824528249528244,0.013333333333333332,18.618396187146185,0.97,0.02,48.5,0
1336,1452,0.20155169830169822,0.03,6.718389943389941,1.0,0.04,25.0,0
1337,1453,0.26714718614718597,0.02,13.357359307359298,1.0,0.02,50.0,0
1338,1454,0.15424983349983348,0.005,30.849966699966696,0.94,0.01,93.99999999999999,0
1339,1455,0.15424983349983348,0.015,10.283322233322233,0.94,0.02,46.99999999999999,0
1340,1456,0.15424983349983348,0.015,10.283322233322233,0.94,0.02,46.99999999999999,0
1341,1457,0.23591341991341977,0.045,5.24252044252044,0.98,0.05,19.599999999999998,0
1342,1458,0.15424983349983348,0.025,6.169993339993339,0.94,0.03,31.333333333333332,0
1343,1459,0.15424983349983348,0.005,30.849966699966696,0.94,0.01,93.99999999999999,0
1344,1460,0.15424983349983348,0.065,2.3730743615359,0.94,0.07,13.428571428571427,0
1345,1461,0.15424983349983348,0.025,6.169993339993339,0.94,0.03,31.333333333333332,0
1346,1462,0.23303968253968246,0.005,46.60793650793649,1.0,0.01,100.0,0
1347,1463,0.18216666666666662,0.01,18.21666666666666,1.0,0.01,100.0,0
1348,1464,0.19975394050394044,0.01,19.975394050394044,0.94,0.01,93.99999999999999,0
1349,1465,0.21025468975468964,0.0,,1.0,0.0,,0
1350,1466,0.2500360750360749,0.015,16.66907166907166,1.0,0.02,50.0,0
1351,1467,0.16618722943722933,0.013333333333333332,12.4640422077922,1.0,0.02,50.0,0
1352,1468,0.20124747474747462,0.015,13.41649831649831,1.0,0.02,50.0,0
1353,1469,0.19591305916305898,0.015,13.0608706108706,0.98,0.03,32.666666666666664,0
1354,1470,0.26726984126984105,0.015,17.817989417989402,1.0,0.02,50.0,0
1355,1471,0.21057972582972576,0.005,42.11594516594515,1.0,0.01,100.0,0
1356,1472,0.3054383116883116,0.013333333333333332,22.90787337662337,1.0,0.02,50.0,0
1357,1473,0.2334960317460317,0.02,11.674801587301586,0.99,0.02,49.5,0
1358,1474,0.15912878787878781,0.042,3.788780663780662,0.99,0.06,16.5,0
1359,1476,0.21336133311133307,0.03,7.112044437044436,1.0,0.03,33.333333333333336,0
1360,1478,0.19713600288600283,0.015,13.142400192400189,0.99,0.02,49.5,0
1361,1480,0.16751165501165485,0.01,16.751165501165485,1.0,0.01,100.0,0
1362,1481,0.15016125541125536,0.06333333333333332,2.3709671907040324,0.99,0.08,12.375,0
1363,1482,0.2238132423132422,0.02,11.19066211566211,1.0,0.02,50.0,0
1364,1483,0.17582947607947597,0.025,7.033179043179039,0.99,0.03,33.0,0
1365,1484,0.18755638805638797,0.025,7.502255522255519,0.99,0.03,33.0,0
1366,1485,0.21202824952824947,0.015,14.135216635216633,1.0,0.02,50.0,0
1367,1486,0.1754182206682206,0.005,35.08364413364412,1.0,0.01,100.0,0
1368,1487,0.18488961038961027,0.03333333333333333,5.546688311688309,1.0,0.04,25.0,0
1369,1488,0.5,0.04,12.5,1.0,0.05,20.0,0
1370,1489,0.19230663780663765,0.0,,1.0,0.0,,0
1371,1490,0.24524278499278498,0.035,7.00693671407957,1.0,0.04,25.0,0
1372,1492,1.0,0.01,100.0,1.0,0.01,100.0,1
1373,1493,0.241836691086691,0.01,24.1836691086691,0.99,0.01,99.0,0
1374,1494,0.5,0.035,14.285714285714285,1.0,0.05,20.0,0
1375,1495,0.22329040404040396,0.035,6.379725829725826,1.0,0.04,25.0,0
1376,1496,1.0,0.01,100.0,1.0,0.01,100.0,1
1377,1497,0.19119191919191908,0.035,5.462626262626259,1.0,0.04,25.0,0
1378,1498,0.2357738095238094,0.01,23.577380952380942,0.99,0.01,99.0,0
1379,1499,0.19593686868686852,0.028333333333333332,6.915418894830654,1.0,0.04,25.0,0
1380,1500,0.21565079365079362,0.03,7.188359788359787,0.99,0.03,33.0,0
1381,1501,0.19579365079365071,0.02,9.789682539682536,0.98,0.02,49.0,0
1382,1502,0.15901039238539233,0.03333333333333333,4.7703117715617696,1.0,0.04,25.0,0
1383,1503,0.15258694083694083,0.035,4.359626881055452,0.98,0.04,24.5,0
1384,1504,0.19778012265512263,0.025,7.911204906204905,0.99,0.03,33.0,0
1385,1505,0.15156962481962472,0.04,3.789240620490618,0.99,0.06,16.5,0
1386,1506,0.20772763347763348,0.015,13.8485088985089,1.0,0.02,50.0,0
1387,1507,0.21685101010101002,0.005,43.370202020202,1.0,0.01,100.0,0
1388,1509,0.5,0.055,9.090909090909092,1.0,0.06,16.666666666666668,0
1389,1510,0.15960966810966798,0.04,3.990241702741699,0.99,0.04,24.75,0
1390,1511,0.16060966810966804,0.02,8.030483405483402,0.99,0.03,33.0,0
1391,1512,0.1345723720723719,0.010333333333333332,13.023132781197283,0.99,0.03,33.0,0
1392,1513,0.16264787989787982,0.0175,9.294164565593132,0.99,0.03,33.0,0
1393,1514,0.2287593795093794,0.025,9.150375180375176,1.0,0.03,33.333333333333336,0
1394,1515,0.13054430291930286,0.02,6.527215145965143,0.96,0.02,48.0,0
1395,1516,0.13054430291930286,0.06,2.175738381988381,0.96,0.06,16.0,0
1396,1517,0.13054430291930286,0.02,6.527215145965143,0.96,0.02,48.0,0
1397,1518,0.21737590187590178,0.03,7.245863395863393,1.0,0.03,33.333333333333336,0
1398,1519,0.19884931734931727,0.02,9.942465867465863,1.0,0.02,50.0,0
1399,1520,0.2175483030041853,0.01,21.75483030041853,0.98,0.01,98.0,0
1400,1521,0.19928113553113536,0.026666666666666665,7.473042582417576,1.0,0.04,25.0,0
1401,1522,0.213642857142857,0.035,6.104081632653056,0.99,0.04,24.75,0
1402,1523,0.16049025974025966,0.015,10.699350649350643,0.98,0.02,49.0,0
1403,1524,0.20280194805194784,0.01,20.280194805194785,0.98,0.01,98.0,0
1404,1525,0.17455303030303018,0.02,8.727651515151509,0.99,0.02,49.5,0
1405,1526,0.14509307359307352,0.04,3.627326839826838,0.99,0.05,19.799999999999997,0
1406,1527,0.13630122655122656,0.028333333333333332,4.810631525337408,0.99,0.04,24.75,0
1407,1528,0.18093720168720157,0.04833333333333333,3.7435283107696877,0.98,0.06,16.333333333333332,0
1408,1529,0.17139790764790752,0.0175,9.794166151309,0.94,0.04,23.499999999999996,0
1409,1530,0.2526426073926072,0.025,10.105704295704287,0.98,0.03,32.666666666666664,0
1410,1531,0.24067543567543556,0.015,16.04502904502904,0.98,0.02,49.0,0
1411,1532,0.2343691586191586,0.025,9.374766344766345,1.0,0.03,33.333333333333336,0
1412,1533,0.3450039682539683,0.0375,9.200105820105822,1.0,0.05,20.0,0
1413,1534,0.28167460317460313,0.02333333333333333,12.071768707482992,1.0,0.03,33.333333333333336,0
1414,1535,0.16231457431457424,0.026666666666666665,6.086796536796535,0.98,0.05,19.599999999999998,0
1415,1536,0.1664324009324009,0.018333333333333333,9.078130959949139,1.0,0.03,33.333333333333336,0
1416,1537,0.28148448773448753,0.04,7.037112193362188,0.99,0.04,24.75,0
1417,1538,0.21091317016317002,0.015,14.060878010878001,1.0,0.02,50.0,0
1418,1539,0.16609679209679207,0.01,16.609679209679207,0.96,0.01,96.0,0
1419,1540,0.11983952158952155,0.013333333333333332,8.987964119214116,0.87,0.03,29.0,0
1420,1541,0.11983952158952155,0.04333333333333333,2.7655274212966514,0.87,0.05,17.4,0
1421,1542,1.0,0.05,20.0,1.0,0.05,20.0,1
1422,1543,0.11983952158952155,0.028333333333333335,4.229630173747819,0.87,0.04,21.75,0
1423,1545,0.11983952158952155,0.013333333333333332,8.987964119214116,0.87,0.03,29.0,0
1424,1546,0.11983952158952155,0.04333333333333334,2.7655274212966505,0.87,0.06,14.5,0
1425,1547,0.2497461427461427,0.04,6.243653568653568,1.0,0.04,25.0,0
1426,1548,0.2417702020202019,0.025,9.670808080808076,0.98,0.03,32.666666666666664,0
1427,1549,1.0,0.01,100.0,1.0,0.01,100.0,1
1428,1550,0.24255230880230857,0.02666666666666667,9.09571158008657,0.98,0.04,24.5,0
1429,1551,0.1548318903318902,0.04833333333333334,3.203418420659797,1.0,0.07,14.285714285714285,0
1430,1552,0.213142857142857,0.01,21.3142857142857,0.99,0.01,99.0,0
1431,1553,0.22036147186147176,0.05,4.407229437229435,1.0,0.05,20.0,0
1432,1554,0.2627831890331889,0.0425,6.183133859604445,0.97,0.05,19.4,0
1433,1555,0.18894624819624808,0.01,18.89462481962481,1.0,0.01,100.0,0
1434,1556,0.26642099567099564,0.0,,1.0,0.0,,0
1435,1557,0.24311580086580079,0.035,6.946165739022879,1.0,0.04,25.0,0
1436,1558,0.15222064047064043,0.06083333333333333,2.5022571036269663,0.93,0.08,11.625,0
1437,1559,0.15222064047064043,0.010833333333333332,14.051136043443734,0.93,0.03,31.000000000000004,0
1438,1560,0.1623316405816405,0.015,10.822109372109368,0.97,0.02,48.5,0
1439,1561,0.18375480075480066,0.035,5.250137164422876,0.99,0.04,24.75,0
1440,1563,0.1958778166278166,0.018333333333333333,10.684244543335451,0.93,0.03,31.000000000000004,0
1441,1564,0.18032215007214997,0.0,,0.99,0.0,,0
1442,1565,0.28913492063492047,0.005,57.826984126984094,1.0,0.01,100.0,0
1443,1566,0.24600865800865793,0.04,6.1502164502164485,0.99,0.04,24.75,0
1444,1568,0.1040089632589632,0.06333333333333334,1.6422467882994187,0.82,0.11,7.454545454545454,0
1445,1569,0.17201731601731587,0.02,8.600865800865794,0.99,0.02,49.5,0
1446,1570,0.16240079365079352,0.045,3.6089065255731896,0.98,0.05,19.599999999999998,0
1447,1571,0.3034805194805194,0.02,15.17402597402597,1.0,0.02,50.0,0
1448,1572,0.11402951215451208,0.02,5.701475607725604,0.81,0.03,27.000000000000004,0
1449,1573,0.24479797979797965,0.04,6.119949494949491,1.0,0.04,25.0,0
1450,1574,0.20950468975468972,0.05,4.190093795093794,0.99,0.07,14.14285714285714,0
1451,1575,0.20950468975468972,0.03,6.983489658489658,0.99,0.05,19.799999999999997,0
1452,1576,0.1292976745476745,0.0225,5.746563313229977,0.96,0.04,24.0,0
1453,1578,0.16911302586302582,0.03833333333333333,4.4116441529485,0.98,0.06,16.333333333333332,0
1454,1579,0.16911302586302582,0.03833333333333333,4.4116441529485,0.98,0.06,16.333333333333332,0
1455,1580,0.2194045121545121,0.035,6.268700347271774,0.98,0.04,24.5,0
1456,1581,0.13083091908091904,0.013333333333333332,9.812318931068928,0.82,0.02,41.0,0
1457,1582,0.21324314574314557,0.025,8.529725829725821,1.0,0.03,33.333333333333336,0
1458,1583,0.25134920634920627,0.0,,1.0,0.0,,0
1459,1584,0.20628823953823944,0.018333333333333333,11.252085792994878,1.0,0.04,25.0,0
1460,1585,0.21040054390054383,0.01,21.040054390054383,0.99,0.01,99.0,0
1461,1587,0.2788132423132422,0.035,7.966092637521205,1.0,0.04,25.0,0
1462,1588,0.15200144300144292,0.04,3.800036075036073,0.97,0.05,19.4,0
1463,1589,0.1685140692640691,0.03,5.617135642135636,1.0,0.03,33.333333333333336,0
1464,1590,0.1609867632367632,0.04583333333333333,3.512438470620288,0.98,0.06,16.333333333333332,0
1465,1591,0.1609867632367632,0.0325,4.953438868823483,0.98,0.04,24.5,0
1466,1592,0.21518650793650784,0.02,10.759325396825393,0.99,0.02,49.5,0
1467,1593,0.20655530580530576,0.008333333333333333,24.78663669663669,0.98,0.02,49.0,0
1468,1594,0.1880516983016982,0.02,9.40258491508491,1.0,0.02,50.0,0
1469,1595,0.23777849927849914,0.02,11.888924963924957,0.99,0.02,49.5,0
1470,1596,0.2166078643578642,0.01,21.66078643578642,1.0,0.01,100.0,0
1471,1597,0.23890909090909088,0.01,23.890909090909087,1.0,0.01,100.0,0
1472,1599,0.16828402153402144,0.035,4.808114900972041,1.0,0.04,25.0,0
1473,1600,0.22219516594516586,0.045,4.937670354337019,1.0,0.05,20.0,0
1474,1601,0.26932215007214977,0.025833333333333333,10.425373551179991,1.0,0.05,20.0,0
1475,1602,0.16870956820956814,0.03083333333333333,5.47166167166167,1.0,0.06,16.666666666666668,0
1476,1603,0.21384199134199122,0.03833333333333334,5.57848673066064,1.0,0.05,20.0,0
1477,1604,0.2256666666666666,0.05,4.513333333333332,0.98,0.06,16.333333333333332,0
1478,1605,0.15763899988899982,0.03833333333333334,4.112321736234778,0.97,0.05,19.4,0
1479,1606,0.1945753968253968,0.03666666666666667,5.306601731601731,1.0,0.06,16.666666666666668,0
1480,1607,0.1767548007548007,0.075,2.356730676730676,0.98,0.1,9.799999999999999,0
1481,1608,1.0,0.01,100.0,1.0,0.01,100.0,1
1482,1609,0.15905699855699842,0.05166666666666666,3.078522552716099,1.0,0.07,14.285714285714285,0
1483,1610,0.20235028860028845,0.025,8.094011544011538,1.0,0.03,33.333333333333336,0
1484,1611,0.1711971916971916,0.025,6.847887667887664,1.0,0.03,33.333333333333336,0
1485,1612,0.18780158730158725,0.002,93.90079365079362,1.0,0.01,100.0,0
1486,1613,0.26971825396825394,0.05,5.394365079365079,0.98,0.05,19.599999999999998,0
1487,1614,0.22154773004772996,0.008333333333333333,26.585727605727595,1.0,0.02,50.0,0
1488,1615,0.16653751803751796,0.03,5.551250601250599,0.99,0.03,33.0,0
1489,1616,0.13895093795093783,0.01,13.895093795093782,0.99,0.01,99.0,0
1490,1617,0.1658345265845266,0.010833333333333332,15.307802453956304,0.98,0.03,32.666666666666664,0
1491,1618,0.21465884115884104,0.018333333333333333,11.708664063209511,0.98,0.03,32.666666666666664,0
1492,1619,0.3743852813852813,0.01,37.438528138528135,1.0,0.01,100.0,0
1493,1620,0.5,0.02,25.0,1.0,0.04,25.0,0
1494,1621,0.22197954822954813,0.04,5.549488705738703,1.0,0.04,25.0,0
1495,1622,0.2036836219336218,0.013333333333333332,15.276271645021636,1.0,0.02,50.0,0
1496,1623,0.24379834054834046,0.04,6.094958513708511,1.0,0.04,25.0,0
1497,1625,0.18378293928293918,0.03,6.126097976097973,0.98,0.05,19.599999999999998,0
1498,1626,0.17354617604617592,0.015,11.569745069745062,0.99,0.02,49.5,0
1499,1627,0.14258369408369403,0.03,4.752789802789802,0.99,0.04,24.75,0
1500,1628,0.22373051948051934,0.04,5.5932629870129835,1.0,0.04,25.0,0
1501,1629,0.24982153957153952,0.0,,1.0,0.0,,0
1502,1630,0.16451381951381944,0.01,16.451381951381943,1.0,0.01,100.0,0
1503,1631,0.17719877344877333,0.02,8.859938672438666,1.0,0.02,50.0,0
1504,1632,0.17865818903318892,0.055,3.248330709694344,1.0,0.06,16.666666666666668,0
1505,1633,0.23420238095238083,0.0,,1.0,0.0,,0
1506,1634,0.10316591741591737,0.05,2.0633183483183473,0.94,0.06,15.666666666666666,0
1507,1635,0.10316591741591737,0.04,2.579147935397934,0.94,0.05,18.799999999999997,0
1508,1636,0.1876641414141413,0.01,18.76641414141413,1.0,0.01,100.0,0
1509,1637,0.254892857142857,0.01,25.489285714285696,0.98,0.01,98.0,0
1510,1638,0.20889357864357855,0.03,6.963119288119286,0.99,0.04,24.75,0
1511,1639,0.20742832167832156,0.03833333333333334,5.411173608999692,1.0,0.05,20.0,0
1512,1641,0.2982305194805195,0.01,29.823051948051948,1.0,0.01,100.0,0
1513,1642,0.15451187701187694,0.04,3.8627969252969234,1.0,0.04,25.0,0
1514,1643,0.15451187701187694,0.0,,1.0,0.0,,0
1515,1644,0.22502020202020187,0.03,7.500673400673396,1.0,0.03,33.333333333333336,0
1516,1645,0.21348412698412678,0.032,6.671378968253961,0.97,0.05,19.4,0
1517,1646,0.25496464646464645,0.04,6.374116161616161,0.97,0.04,24.25,0
1518,1647,0.2868459595959594,0.002,143.42297979797968,1.0,0.01,100.0,0
1519,1648,0.3145645743145742,0.01,31.45645743145742,0.99,0.01,99.0,0
1520,1649,0.26937770562770547,0.0,,1.0,0.0,,0
1521,1650,0.17252897102897102,0.015,11.501931401931403,1.0,0.02,50.0,0
1522,1651,0.16242302142302137,0.025,6.4969208569208545,0.99,0.04,24.75,0
1523,1652,0.21014246864246858,0.04,5.253561716061714,0.99,0.04,24.75,0
1524,1653,0.2981282785841608,0.025,11.925131143366432,1.0,0.03,33.333333333333336,0
1525,1654,0.2617478354978354,0.005,52.34956709956708,0.99,0.01,99.0,0
1526,1655,0.16760245310245303,0.015,11.17349687349687,0.98,0.02,49.0,0
1527,1656,0.16760245310245303,0.04,4.190061327561326,0.98,0.04,24.5,0
1528,1657,0.2964848484848484,0.015,19.76565656565656,1.0,0.02,50.0,0
1529,1658,0.22789718614718601,0.02,11.394859307359301,0.98,0.02,49.0,0
1530,1659,0.18032251082251075,0.0325,5.548384948384946,0.98,0.05,19.599999999999998,0
1531,1660,0.18032251082251075,0.0425,4.242882607588488,0.98,0.06,16.333333333333332,0
1532,1661,0.23231757131757122,0.023333333333333334,9.956467342181623,0.98,0.03,32.666666666666664,0
1533,1662,0.19336183261183254,0.035,5.5246237889095005,1.0,0.04,25.0,0
1534,1663,0.14858116883116873,0.03,4.952705627705624,0.99,0.03,33.0,0
1535,1664,0.1688345265845265,0.035,4.823843616700756,0.87,0.04,21.75,0
1536,1665,0.1661738816738816,0.02333333333333333,7.121737786023498,1.0,0.03,33.333333333333336,0
1537,1666,0.1661738816738816,0.013333333333333332,12.463041125541121,1.0,0.02,50.0,0
1538,1667,0.23315476190476175,0.035,6.661564625850335,1.0,0.04,25.0,0
1539,1668,0.165568865774748,0.005,33.1137731549496,0.99,0.01,99.0,0
1540,1669,0.2549603174603174,0.015,16.997354497354493,1.0,0.02,50.0,0
1541,1670,0.20495573870573863,0.025,8.198229548229545,0.99,0.03,33.0,0
1542,1671,0.16811843711843708,0.03833333333333334,4.385698359611402,1.0,0.07,14.285714285714285,0
1543,1672,0.2547186147186146,0.0,,1.0,0.0,,0
1544,1674,0.24346500721500713,0.02,12.173250360750357,0.99,0.02,49.5,0
1545,1675,0.1517451714951714,0.018333333333333333,8.277009354282075,0.99,0.03,33.0,0
1546,1676,0.13935989010989006,0.018333333333333333,7.601448551448549,1.0,0.03,33.333333333333336,0
1547,1677,0.15572077922077912,0.03166666666666667,4.917498291182498,0.99,0.05,19.799999999999997,0
1548,1678,0.37189718614718614,0.035,10.625633889919603,1.0,0.04,25.0,0
1549,1679,0.29017063492063483,0.015,19.344708994708988,0.99,0.02,49.5,0
1550,1680,0.3192223332223332,0.035,9.120638092066661,1.0,0.04,25.0,0
1551,1681,0.16889628427128422,0.04333333333333333,3.8976065601065595,0.95,0.08,11.875,0
1552,1682,0.1613100649350649,0.03,5.377002164502163,0.95,0.05,18.999999999999996,0
1553,1683,0.19461616161616158,0.015,12.974410774410773,1.0,0.02,50.0,0
1554,1684,0.2501785714285713,0.0125,20.014285714285702,1.0,0.02,50.0,0
1555,1685,0.21737698412698392,0.035,6.210770975056683,1.0,0.04,25.0,0
1556,1686,0.1577704240204239,0.025,6.310816960816956,0.98,0.03,32.666666666666664,0
1557,1687,0.23201262626262611,0.01,23.20126262626261,0.98,0.02,49.0,0
1558,1688,0.26113095238095224,0.04333333333333334,6.026098901098897,1.0,0.06,16.666666666666668,0
1559,1689,0.2672867965367963,0.02,13.364339826839815,1.0,0.03,33.333333333333336,0
1560,1690,0.17496547896547893,0.04,4.374136974136973,0.98,0.05,19.599999999999998,0
1561,1691,0.19499675324675306,0.01,19.499675324675305,1.0,0.01,100.0,0
1562,1692,0.22699278499278486,0.02,11.349639249639242,1.0,0.02,50.0,0
1563,1693,0.20023845598845594,0.025,8.009538239538237,1.0,0.03,33.333333333333336,0
1564,1694,0.16760989010989,0.035,4.788854003139714,0.98,0.04,24.5,0
1565,1695,0.16760989010989,0.015,11.173992673992666,0.98,0.02,49.0,0
1566,1696,0.1606316738816737,0.02,8.031583694083686,0.99,0.03,33.0,0
1567,1697,0.22383272283272274,0.03833333333333334,5.839114508679723,0.99,0.05,19.799999999999997,0
1568,1698,0.16760989010989,0.015,11.173992673992666,0.98,0.02,49.0,0
1569,1699,0.16760989010989,0.035,4.788854003139714,0.98,0.04,24.5,0
1570,1700,0.18593625818625806,0.025,7.437450327450322,1.0,0.04,25.0,0
1571,1701,0.20882215007214996,0.01,20.882215007214995,0.98,0.01,98.0,0
1572,1703,0.16883221353809588,0.03333333333333333,5.064966406142877,0.96,0.05,19.2,0
1573,1704,0.16883221353809588,0.02333333333333333,7.235666294489825,0.96,0.04,24.0,0
1574,1705,0.22865079365079352,0.02,11.432539682539677,1.0,0.02,50.0,0
1575,1706,0.28612698412698395,0.06,4.768783068783066,1.0,0.07,14.285714285714285,0
1576,1707,0.23835858585858583,0.03,7.945286195286195,0.99,0.04,24.75,0
1577,1708,0.16883221353809588,0.04333333333333333,3.89612800472529,0.96,0.06,16.0,0
1578,1709,0.1975887445887445,0.028333333333333332,6.9737203972498065,0.96,0.04,24.0,0
1579,1710,0.16883221353809588,0.013333333333333332,12.662416015357191,0.96,0.03,32.0,0
1580,1711,0.26987337662337646,0.0125,21.589870129870114,1.0,0.02,50.0,0
1581,1712,0.5,0.05333333333333334,9.375,1.0,0.06,16.666666666666668,0
1582,1713,0.5,0.03333333333333333,15.0,1.0,0.04,25.0,0
1583,1714,0.254786075036075,0.0,,1.0,0.0,,0
1584,1715,0.14995945720945725,0.018333333333333333,8.179606756879487,0.99,0.03,33.0,0
1585,1716,0.18244455544455537,0.035,5.212701584130153,0.97,0.04,24.25,0
1586,1717,0.21551262626262616,0.02,10.775631313131308,0.98,0.02,49.0,0
1587,1718,0.18700444000443997,0.015,12.466962666962665,0.99,0.02,49.5,0
1588,1719,0.2087344877344876,0.02,10.43672438672438,1.0,0.02,50.0,0
1589,1720,0.20536940836940817,0.042,4.8897478183192415,1.0,0.05,20.0,0
1590,1721,0.13780151792651782,0.025,5.512060717060712,0.99,0.03,33.0,0
1591,1722,0.19280591630591612,0.035,5.508740465883317,1.0,0.04,25.0,0
1592,1723,0.20731854256854246,0.01,20.731854256854245,0.95,0.01,95.0,0
1593,1724,0.13780151792651782,0.035,3.9371862264719373,0.99,0.04,24.75,0
1594,1725,0.13780151792651782,0.015,9.186767861767855,0.99,0.02,49.5,0
1595,1726,0.16628618603618586,0.01,16.628618603618587,0.99,0.01,99.0,0
1596,1728,0.1463601398601398,0.06333333333333332,2.3109495767390498,0.97,0.08,12.125,0
1597,1729,0.257345238095238,0.015,17.1563492063492,0.98,0.02,49.0,0
1598,1730,0.2648538961038961,0.02,13.242694805194803,1.0,0.02,50.0,0
1599,1731,0.18261652236652226,0.018333333333333333,9.960901219992124,0.99,0.03,33.0,0
1600,1732,0.24054773004772995,0.015,16.03651533651533,0.99,0.02,49.5,0
1601,1733,0.2844047619047617,0.04,7.110119047619043,1.0,0.04,25.0,0
1602,1734,0.2578059163059162,0.0,,1.0,0.0,,0
1603,1735,0.16760181485181472,0.04,4.190045371295368,0.99,0.05,19.799999999999997,0
1604,1736,0.17092171717171709,0.026666666666666665,6.409564393939391,0.98,0.05,19.599999999999998,0
1605,1737,0.18557215007214992,0.003333333333333333,55.67164502164498,1.0,0.01,100.0,0
1606,1738,0.15764693639693628,0.03166666666666666,4.978324307271673,1.0,0.04,25.0,0
1607,1739,0.17092171717171709,0.04666666666666667,3.6626082251082233,0.98,0.07,13.999999999999998,0
1608,1740,0.17092171717171709,0.03666666666666667,4.661501377410466,0.98,0.06,16.333333333333332,0
1609,1741,0.2030165945165944,0.01,20.30165945165944,1.0,0.01,100.0,0
1610,1742,0.15527489177489162,0.03333333333333333,4.658246753246749,0.99,0.04,24.75,0
1611,1743,0.1545292207792207,0.005,30.905844155844143,0.95,0.01,95.0,0
1612,1744,0.24640548340548343,0.003333333333333333,73.92164502164503,0.98,0.01,98.0,0
1613,1745,0.1545292207792207,0.025,6.181168831168828,0.95,0.03,31.666666666666668,0
1614,1746,0.1941872294372293,0.01,19.41872294372293,0.95,0.01,95.0,0
1615,1747,0.2340830835830835,0.04583333333333334,5.107267278176367,1.0,0.07,14.285714285714285,0
1616,1748,0.21773051948051939,0.02333333333333333,9.331307977736547,0.99,0.03,33.0,0
1617,1749,0.2570873015873014,0.015,17.13915343915343,0.99,0.02,49.5,0
1618,1751,0.2250678210678209,0.005,45.01356421356418,0.99,0.01,99.0,0
1619,1752,0.2763681873681873,0.01,27.63681873681873,0.99,0.01,99.0,0
1620,1753,0.18439682539682528,0.025,7.375873015873011,1.0,0.04,25.0,0
1621,1754,0.23765079365079356,0.05,4.753015873015871,0.98,0.05,19.599999999999998,0
1622,1755,0.18439682539682528,0.025,7.375873015873011,1.0,0.04,25.0,0
1623,1756,0.18808766233766222,0.028333333333333332,6.638388082505726,1.0,0.04,25.0,0
1624,1757,0.229040116745999,0.04,5.726002918649975,1.0,0.04,25.0,0
1625,1758,0.2412070707070706,0.03,8.040235690235686,1.0,0.03,33.333333333333336,0
1626,1759,0.14765331890331881,0.01,14.76533189033188,1.0,0.01,100.0,0
1627,1760,0.1503117299367299,0.04333333333333334,3.468732229309151,0.98,0.06,16.333333333333332,0
1628,1761,0.13515682928182918,0.025,5.406273171273167,0.98,0.03,32.666666666666664,0
1629,1762,0.20915873015873004,0.023333333333333334,8.963945578231288,0.99,0.03,33.0,0
1630,1763,0.17895021645021644,0.026666666666666665,6.710633116883117,0.98,0.04,24.5,0
1631,1764,0.15696811521811507,0.03833333333333334,4.094820396994306,0.99,0.05,19.799999999999997,0
1632,1765,0.16474747474747467,0.05333333333333333,3.0890151515151505,0.99,0.07,14.14285714285714,0
1633,1766,0.20165595515595508,0.025,8.066238206238202,1.0,0.04,25.0,0
1634,1767,0.25665873015873003,0.01,25.665873015873004,1.0,0.01,100.0,0
1635,1768,0.24265920190920187,0.055,4.411985489258216,1.0,0.07,14.285714285714285,0
1636,1769,0.26814224664224656,0.035,7.66120704692133,0.98,0.04,24.5,0
1637,1770,0.15106096681096673,0.01,15.106096681096673,0.99,0.01,99.0,0
1638,1771,0.1719771339771339,0.0125,13.758170718170712,1.0,0.03,33.333333333333336,0
1639,1772,0.1739841269841269,0.02,8.699206349206346,0.97,0.02,48.5,0
1640,1773,0.1732959262959262,0.005,34.659185259185236,0.98,0.01,98.0,0
1641,1774,0.22738167388167388,0.01,22.738167388167387,0.98,0.01,98.0,0
1642,1775,0.22993650793650777,0.02333333333333333,9.854421768707477,0.99,0.04,24.75,0
1643,1777,0.3135158730158729,0.025,12.540634920634917,0.99,0.03,33.0,0
1644,1778,0.14716028416028404,0.025,5.8864113664113615,0.99,0.03,33.0,0
1645,1780,0.1954967532467532,0.01,19.54967532467532,0.99,0.01,99.0,0
1646,1781,0.2625079365079365,0.045,5.833509700176368,0.98,0.05,19.599999999999998,0
1647,1782,0.18653221778221765,0.03666666666666667,5.087242303151391,0.98,0.07,13.999999999999998,0
1648,1783,0.24861111111111106,0.02,12.430555555555554,1.0,0.02,50.0,0
1649,1784,0.17297095959595954,0.035,4.942027417027415,0.97,0.04,24.25,0
1650,1785,0.17297095959595954,0.03,5.765698653198651,0.97,0.04,24.25,0
1651,1787,0.2332305194805194,0.02,11.66152597402597,1.0,0.02,50.0,0
1652,1788,0.25913997113997106,0.005,51.82799422799421,1.0,0.01,100.0,0
1653,1789,0.20634199134199122,0.06,3.439033189033187,0.99,0.07,14.14285714285714,0
1654,1790,0.1654843489843489,0.035,4.728124256695683,0.98,0.05,19.599999999999998,0
1655,1791,0.21819913419913406,0.02,10.909956709956703,0.99,0.02,49.5,0
1656,1792,0.23057178932178923,0.015,15.371452621452615,1.0,0.02,50.0,0
1657,1793,0.22161544011544007,0.0325,6.818936618936617,1.0,0.05,20.0,0
1658,1794,0.24756385281385268,0.02,12.378192640692633,1.0,0.02,50.0,0
1659,1795,0.21497619047619027,0.01,21.497619047619025,1.0,0.01,100.0,0
1660,1796,0.27610353535353527,0.028333333333333332,9.74483065953654,1.0,0.04,25.0,0
1661,1797,0.17425577200577194,0.04166666666666667,4.182138528138526,0.99,0.06,16.5,0
1662,1798,0.2250360750360751,0.02,11.251803751803754,0.99,0.03,33.0,0
1663,1799,0.28504960317460304,0.01,28.504960317460302,1.0,0.01,100.0,0
1664,1800,0.210642857142857,0.03,7.021428571428567,0.99,0.03,33.0,0
1665,1802,0.20883405483405476,0.015,13.922270322270318,1.0,0.02,50.0,0
1666,1803,0.24938070263070242,0.01,24.93807026307024,1.0,0.01,100.0,0
1667,1804,0.16388442113442103,0.016666666666666666,9.833065268065262,0.99,0.04,24.75,0
1668,1805,0.24213564213564198,0.01,24.213564213564197,1.0,0.01,100.0,0
1669,1806,0.16388442113442103,0.03666666666666667,4.469575121847846,0.99,0.06,16.5,0
1670,1807,0.2186706349206349,0.0275,7.951659451659451,1.0,0.04,25.0,0
1671,1808,0.2210043290043289,0.02,11.050216450216444,1.0,0.02,50.0,0
1672,1809,0.16069130869130863,0.04,4.017282717282716,0.98,0.07,13.999999999999998,0
1673,1810,0.16388442113442103,0.016666666666666666,9.833065268065262,0.99,0.04,24.75,0
1674,1811,0.2059528527028526,0.03,6.865095090095087,0.99,0.04,24.75,0
1675,1812,0.1534033189033189,0.03,5.113443963443964,0.98,0.03,32.666666666666664,0
1676,1813,0.2532225829725828,0.035,7.234930942073794,1.0,0.04,25.0,0
1677,1814,0.2583253968253968,0.0,,1.0,0.0,,0
1678,1816,0.25491378066378056,0.02,12.745689033189027,0.99,0.02,49.5,0
1679,1819,0.21948088023088022,0.01,21.948088023088022,1.0,0.02,50.0,0
1680,1820,0.24261544011543992,0.01,24.261544011543993,1.0,0.01,100.0,0
1681,1821,0.18195310245310245,0.035,5.198660070088641,0.96,0.04,24.0,0
1682,1822,0.1934130591630591,0.065,2.9755855255855246,1.0,0.07,14.285714285714285,0
1683,1823,0.250924603174603,0.015,16.728306878306867,1.0,0.03,33.333333333333336,0
1684,1825,0.13900974025974017,0.010333333333333332,13.452555509007116,0.95,0.03,31.666666666666668,0
1685,1826,0.13900974025974017,0.030333333333333334,4.582738689881544,0.95,0.05,18.999999999999996,0
1686,1827,0.1555318570318569,0.06833333333333333,2.27607595656376,0.97,0.08,12.125,0
1687,1828,0.15908477633477622,0.05,3.181695526695524,0.91,0.06,15.166666666666668,0
1688,1829,0.15367951492951482,0.02,7.683975746475741,0.98,0.03,32.666666666666664,0
1689,1830,0.21350191475191468,0.05,4.270038295038294,0.95,0.06,15.833333333333334,0
1690,1831,0.21867279942279935,0.04,5.466819985569984,0.95,0.05,18.999999999999996,0
1691,1832,0.17735786435786424,0.025,7.094314574314569,1.0,0.03,33.333333333333336,0
1692,1833,0.1580681818181817,0.035,4.516233766233762,0.99,0.04,24.75,0
1693,1834,0.13900974025974017,0.030333333333333334,4.582738689881544,0.95,0.05,18.999999999999996,0
1694,1835,0.23266269841269832,0.035,6.6475056689342376,1.0,0.04,25.0,0
1695,1836,0.2204808802308802,0.03333333333333333,6.614426406926406,0.99,0.05,19.799999999999997,0
1696,1837,0.24828246753246738,0.035,7.093784786641924,1.0,0.04,25.0,0
1697,1838,0.1842344877344876,0.055,3.3497179588088657,1.0,0.06,16.666666666666668,0
1698,1839,0.13900974025974017,0.02033333333333333,6.836544602938042,0.95,0.04,23.75,0
1699,1840,0.13954689754689747,0.028333333333333332,4.925184619302264,0.95,0.05,18.999999999999996,0
1700,1841,0.13900974025974017,0.030333333333333334,4.582738689881544,0.95,0.05,18.999999999999996,0
1701,1842,0.1696832611832611,0.0175,9.696186353329205,0.95,0.03,31.666666666666668,0
1702,1844,0.17968470418470414,0.02,8.984235209235207,0.95,0.03,31.666666666666668,0
1703,1845,0.17968470418470414,0.05,3.5936940836940825,0.95,0.06,15.833333333333334,0
1704,1846,0.17968470418470414,0.04,4.4921176046176035,0.95,0.05,18.999999999999996,0
1705,1847,0.2191065323565323,0.02,10.955326617826614,1.0,0.02,50.0,0
1706,1848,0.27654004329004317,0.01,27.654004329004316,0.99,0.01,99.0,0
1707,1849,0.23795670995670995,0.02,11.897835497835498,0.95,0.02,47.5,0
1708,1852,0.17968470418470414,0.03,5.9894901394901385,0.95,0.04,23.75,0
1709,1853,0.17968470418470414,0.04,4.4921176046176035,0.95,0.05,18.999999999999996,0
1710,1855,0.16130819180819178,0.045,3.5846264846264844,0.97,0.05,19.4,0
1711,1856,0.1547793317793317,0.016666666666666666,9.286759906759903,0.98,0.03,32.666666666666664,0
1712,1857,0.25144888444888436,0.03,8.38162948162948,1.0,0.03,33.333333333333336,0
1713,1858,0.20053607503607498,0.01,20.0536075036075,1.0,0.01,100.0,0
1714,1859,0.1935519480519479,0.01,19.355194805194788,0.98,0.02,49.0,0
1715,1860,0.1547793317793317,0.006666666666666666,23.216899766899758,0.98,0.02,49.0,0
1716,1861,0.16421572871572862,0.005,32.843145743145726,0.98,0.01,98.0,0
1717,1862,0.15380325230325223,0.03,5.126775076775075,0.98,0.04,24.5,0
1718,1863,0.14737925962925955,0.005,29.47585192585191,0.93,0.01,93.0,0
1719,1864,0.18401370851370838,0.02,9.20068542568542,0.97,0.02,48.5,0
1720,1865,0.22705591630591632,0.025,9.082236652236652,0.96,0.03,32.0,0
1721,1866,0.14641522366522358,0.025,5.856608946608943,0.97,0.03,32.333333333333336,0
1722,1867,0.1553199855699855,0.025,6.21279942279942,0.96,0.03,32.0,0
1723,1868,0.18399578199578184,0.02333333333333333,7.885533514104937,1.0,0.04,25.0,0
1724,1869,0.18162878787878786,0.03,6.054292929292929,1.0,0.04,25.0,0
1725,1870,0.16820657120657118,0.03,5.606885706885706,0.98,0.04,24.5,0
1726,1871,0.16820657120657118,0.03,5.606885706885706,0.98,0.04,24.5,0
1727,1872,0.32599242424242403,0.034,9.588012477718353,1.0,0.07,14.285714285714285,0
1728,1873,0.16820657120657118,0.02,8.410328560328558,0.98,0.03,32.666666666666664,0
1729,1874,0.20173748473748465,0.018333333333333333,11.003862803862798,1.0,0.03,33.333333333333336,0
1730,1875,0.2207150072150072,0.003333333333333333,66.21450216450216,1.0,0.01,100.0,0
1731,1876,0.25510353535353525,0.015,17.00690235690235,0.99,0.02,49.5,0
1732,1879,0.22688888888888875,0.015,15.125925925925918,1.0,0.02,50.0,0
1733,1880,0.2864448051948051,0.02,14.322240259740253,1.0,0.02,50.0,0
1734,1881,0.14675577200577186,0.03,4.8918590668590625,0.99,0.04,24.75,0
1735,1882,0.14675577200577186,0.02,7.337788600288593,0.99,0.03,33.0,0
1736,1883,0.14675577200577186,0.02,7.337788600288593,0.99,0.03,33.0,0
1737,1884,0.24712301587301577,0.02,12.356150793650789,1.0,0.02,50.0,0
1738,1885,0.24965079365079354,0.035,7.1328798185941,1.0,0.05,20.0,0
1739,1886,0.23798001998001994,0.03916666666666666,6.076085616511148,1.0,0.07,14.285714285714285,0
1740,1887,0.1741998556998556,0.025,6.9679942279942235,1.0,0.04,25.0,0
1741,1888,0.22299999999999998,0.04,5.574999999999999,0.99,0.04,24.75,0
1742,1889,0.15524458874458869,0.035,4.435559678416819,1.0,0.05,20.0,0
1743,1890,0.13318204018204016,0.04333333333333333,3.0734316965086195,0.97,0.07,13.857142857142856,0
1744,1891,0.20884559884559872,0.025,8.353823953823948,0.99,0.03,33.0,0
1745,1892,0.21486940836940824,0.02,10.743470418470412,0.99,0.02,49.5,0
1746,1893,0.19256060606060596,0.03,6.418686868686866,1.0,0.03,33.333333333333336,0
1747,1894,0.20811255411255405,0.0425,4.896765979118919,1.0,0.06,16.666666666666668,0
1748,1895,0.20811255411255405,0.0225,9.249446849446848,1.0,0.04,25.0,0
1749,1896,0.25474206349206335,0.04,6.368551587301583,0.99,0.04,24.75,0
1750,1897,0.2007900432900433,0.055,3.650728059818969,1.0,0.07,14.285714285714285,0
1751,1899,0.20225468975468971,0.025,8.090187590187588,1.0,0.03,33.333333333333336,0
1752,1900,0.17528557553557544,0.025,7.011423021423018,1.0,0.03,33.333333333333336,0
1753,1901,0.2268425642984466,0.01,22.68425642984466,1.0,0.01,100.0,0
1754,1902,0.17606829281829264,0.03833333333333333,4.593085899607635,0.99,0.05,19.799999999999997,0
1755,1903,0.2307612942612942,0.015,15.38408628408628,0.99,0.02,49.5,0
1756,1905,0.15798665223665226,0.008333333333333333,18.95839826839827,0.89,0.02,44.5,0
1757,1906,0.15798665223665226,0.03833333333333333,4.121390927912668,0.89,0.05,17.8,0
1758,1907,0.15798665223665226,0.05833333333333333,2.708342609771182,0.89,0.07,12.714285714285714,0
1759,1908,0.20372438672438672,0.015,13.581625781625782,0.89,0.02,44.5,0
1760,1909,0.15798665223665226,0.028333333333333332,5.5759994907053745,0.89,0.04,22.25,0
1761,1911,0.15798665223665226,0.05833333333333333,2.708342609771182,0.89,0.07,12.714285714285714,0
1762,1912,0.27004040404040386,0.04666666666666666,5.786580086580083,0.97,0.06,16.166666666666668,0
1763,1913,0.15798665223665226,0.018333333333333333,8.617453758362851,0.89,0.03,29.666666666666668,0
1764,1914,0.1771389998889998,0.02,8.856949994449991,0.99,0.03,33.0,0
1765,1915,0.29830158730158723,0.01,29.830158730158722,1.0,0.01,100.0,0
1766,1916,0.17573820623820618,0.06,2.9289701039701033,0.98,0.07,13.999999999999998,0
1767,1917,0.17573820623820618,0.02,8.78691031191031,0.98,0.03,32.666666666666664,0
1768,1918,0.23969383394383378,0.02,11.984691697191689,1.0,0.02,50.0,0
1769,1919,1.0,0.045,22.22222222222222,1.0,0.05,20.0,1
1770,1920,0.2137864357864357,0.015,14.252429052429047,0.98,0.02,49.0,0
1771,1921,0.17167843267843264,0.02,8.583921633921632,1.0,0.02,50.0,0
1772,1922,0.19778246753246737,0.03,6.592748917748913,0.99,0.03,33.0,0
1773,1923,0.14698737373737367,0.03833333333333333,3.8344532279314874,0.99,0.06,16.5,0
1774,1924,0.2986440503940503,0.025,11.94576201576201,1.0,0.03,33.333333333333336,0
1775,1925,0.23396067821067806,0.06,3.8993446368446345,1.0,0.07,14.285714285714285,0
1776,1926,0.13318204018204016,0.03333333333333333,3.995461205461205,0.97,0.06,16.166666666666668,0
1777,1927,0.21733946608946603,0.035,6.209699031127601,0.99,0.04,24.75,0
1778,1928,0.24177056277056277,0.03,8.059018759018759,0.99,0.03,33.0,0
1779,1929,0.13318204018204016,0.03333333333333333,3.995461205461205,0.97,0.06,16.166666666666668,0
1780,1930,0.13318204018204016,0.05333333333333334,2.497163253413253,0.97,0.08,12.125,0
1781,1931,0.21150108225108213,0.03166666666666667,6.678981544771014,1.0,0.05,20.0,0
1782,1932,0.13318204018204016,0.05333333333333333,2.497163253413253,0.97,0.08,12.125,0
1783,1933,0.13318204018204016,0.05333333333333333,2.497163253413253,0.97,0.08,12.125,0
1784,1934,0.13318204018204016,0.03333333333333333,3.995461205461205,0.97,0.06,16.166666666666668,0
1785,1935,0.2983611111111111,0.015,19.89074074074074,0.99,0.02,49.5,0
1786,1937,0.20705133755133737,0.02,10.352566877566868,1.0,0.02,50.0,0
1787,1938,0.13318204018204016,0.03333333333333333,3.995461205461205,0.97,0.06,16.166666666666668,0
1788,1939,0.13318204018204016,0.03333333333333333,3.995461205461205,0.97,0.06,16.166666666666668,0
1789,1940,0.21656204906204896,0.02,10.828102453102447,1.0,0.03,33.333333333333336,0
1790,1941,0.1906760461760461,0.015,12.711736411736409,1.0,0.03,33.333333333333336,0
1791,1943,0.3865836940836941,0.035,11.045248402391259,0.91,0.04,22.75,0
1792,1944,0.3833261183261183,0.05,7.666522366522366,1.0,0.07,14.285714285714285,0
1793,1945,0.3606352813852813,0.04,9.015882034632032,0.99,0.06,16.5,0
1794,1946,0.26506385281385275,0.01,26.506385281385274,0.99,0.01,99.0,0
1795,1947,0.22813888888888872,0.035,6.518253968253963,1.0,0.04,25.0,0
1796,1948,0.1787230547230546,0.013333333333333332,13.404229104229097,1.0,0.02,50.0,0
1797,1950,0.1410696248196248,0.015,9.404641654641653,0.99,0.02,49.5,0
1798,1951,0.2618531746031745,0.0,,1.0,0.0,,0
1799,1952,0.17950541125541125,0.02,8.975270562770563,1.0,0.02,50.0,0
1800,1953,0.23457575757575744,0.01,23.457575757575743,1.0,0.01,100.0,0
1801,1955,0.16231457431457413,0.04,4.057864357864354,1.0,0.05,20.0,0
1802,1956,0.1965721500721501,0.02,9.828607503607504,0.98,0.02,49.0,0
1803,1958,0.2124326506826505,0.03333333333333333,6.3729795204795145,0.98,0.04,24.5,0
1804,1959,0.2124326506826505,0.02333333333333333,9.10425645782788,0.98,0.03,32.666666666666664,0
1805,1960,0.2124326506826505,0.03333333333333333,6.3729795204795145,0.98,0.04,24.5,0
1806,1961,0.2649880952380951,0.01,26.498809523809506,0.98,0.01,98.0,0
1807,1962,0.1816792929292928,0.02166666666666667,8.385198135198127,1.0,0.03,33.333333333333336,0
1808,1963,0.2889444444444444,0.005,57.78888888888888,0.98,0.01,98.0,0
1809,1964,0.26613095238095225,0.035,7.6037414965986345,0.99,0.04,24.75,0
1810,1965,0.22301598401598388,0.045,4.955910755910753,1.0,0.05,20.0,0
1811,1966,0.2064213564213563,0.025,8.256854256854252,1.0,0.03,33.333333333333336,0
1812,1967,0.20832215007214988,0.02,10.416107503607494,1.0,0.02,50.0,0
1813,1968,0.15919838494838487,0.01,15.919838494838487,0.92,0.01,92.0,0
1814,1969,0.26020981795981785,0.02,13.010490897990891,1.0,0.02,50.0,0
1815,1970,0.5,0.06,8.333333333333334,1.0,0.07,14.285714285714285,0
1816,1971,0.5,0.04,12.5,1.0,0.05,20.0,0
1817,1972,1.0,0.03,33.333333333333336,1.0,0.03,33.333333333333336,1
1818,1973,0.24606349206349207,0.005,49.212698412698415,1.0,0.01,100.0,0
1819,1975,0.1566933621933621,0.04333333333333334,3.616000666000663,1.0,0.06,16.666666666666668,0
1820,1976,0.15816100566100563,0.03333333333333333,4.744830169830169,0.98,0.04,24.5,0
1821,1977,0.20966810966810964,0.055,3.8121474485110842,0.98,0.07,13.999999999999998,0
1822,1978,0.1566933621933621,0.013333333333333332,11.752002164502159,1.0,0.03,33.333333333333336,0
1823,1979,0.29926587301587293,0.04,7.481646825396823,1.0,0.04,25.0,0
1824,1980,0.2021475468975468,0.015,13.47650312650312,0.99,0.02,49.5,0
1825,1981,0.19280602730602722,0.005,38.56120546120545,0.99,0.01,99.0,0
1826,1982,0.23167063492063483,0.02333333333333333,9.928741496598636,0.99,0.03,33.0,0
1827,1983,0.28231721056721054,0.025,11.292688422688421,1.0,0.04,25.0,0
1828,1984,0.3153095238095237,0.04,7.882738095238093,1.0,0.04,25.0,0
1829,1985,0.22704834054834047,0.0425,5.34231389525507,1.0,0.05,20.0,0
1830,1986,0.20506746031746023,0.025,8.202698412698409,1.0,0.03,33.333333333333336,0
1831,1987,0.32386147186147185,0.0,,1.0,0.0,,0
1832,1988,0.16269949494949476,0.0275,5.9163452708907185,1.0,0.04,25.0,0
1833,1989,0.16269949494949476,0.0275,5.9163452708907185,1.0,0.04,25.0,0
1834,1990,0.2782976190476189,0.02,13.914880952380946,1.0,0.03,33.333333333333336,0
1835,1991,0.19955230880230868,0.025,7.982092352092347,1.0,0.03,33.333333333333336,0
1836,1992,0.24350396825396814,0.042,5.7977135298563836,0.99,0.05,19.799999999999997,0
1837,1993,0.1675696248196247,0.01,16.75696248196247,1.0,0.02,50.0,0
1838,1994,0.5,0.02,25.0,1.0,0.03,33.333333333333336,0
1839,1995,0.3980046897546899,0.02333333333333333,17.057343846629568,0.99,0.04,24.75,0
1840,1996,0.5,0.02,25.0,1.0,0.03,33.333333333333336,0
1841,1997,0.1684094516594515,0.035,4.811698618841471,1.0,0.04,25.0,0
1842,2000,0.1754300144300144,0.03,5.847667147667147,1.0,0.04,25.0,0
1843,2001,0.25527777777777766,0.03,8.509259259259256,0.99,0.03,33.0,0
1844,2002,0.1904856809856809,0.04833333333333333,3.9410830548761564,0.99,0.06,16.5,0
1845,2003,0.23983369408369398,0.02333333333333333,10.278586889301172,0.99,0.03,33.0,0
1846,2004,0.25272630147630154,0.015,16.848420098420103,0.99,0.02,49.5,0
1847,2005,0.16105852480852473,0.021666666666666664,7.433470375778065,0.98,0.05,19.599999999999998,0
1848,2007,0.31386580086580085,0.0125,25.109264069264068,0.98,0.02,49.0,0
1849,2008,0.12474275724275716,0.055,2.268050131686494,0.84,0.06,14.0,0
1850,2009,0.224642857142857,0.025,8.98571428571428,1.0,0.03,33.333333333333336,0
1851,2010,0.20798448773448766,0.045,4.621877505210837,1.0,0.05,20.0,0
1852,2011,0.14683477633477626,0.03,4.894492544492542,0.89,0.05,17.8,0
1853,2012,0.25750011100011105,0.012,21.45834258334259,0.94,0.03,31.333333333333332,0
1854,2013,0.12474275724275716,0.005,24.94855144855143,0.84,0.01,84.0,0
1855,2014,0.26030194805194795,0.015,17.353463203463196,0.98,0.02,49.0,0
1856,2015,0.12474275724275716,0.025,4.989710289710286,0.84,0.03,28.0,0
1857,2016,0.2785156232656232,0.02,13.925781163281158,0.98,0.03,32.666666666666664,0
1858,2017,0.12474275724275716,0.035,3.56407877836449,0.84,0.04,21.0,0
1859,2018,0.11491783216783215,0.003333333333333333,34.47534965034965,0.79,0.01,79.0,0
1860,2019,0.12474275724275716,0.025,4.989710289710286,0.84,0.03,28.0,0
1861,2020,0.12474275724275716,0.015,8.31618381618381,0.84,0.02,42.0,0
1862,2021,0.12474275724275716,0.015,8.31618381618381,0.84,0.02,42.0,0
1863,2023,0.12474275724275716,0.015,8.31618381618381,0.84,0.02,42.0,0
1864,2024,0.12474275724275716,0.025,4.989710289710286,0.84,0.03,28.0,0
1865,2025,0.12474275724275716,0.035,3.56407877836449,0.84,0.04,21.0,0
1866,2026,0.12474275724275716,0.005,24.94855144855143,0.84,0.01,84.0,0
1867,2027,0.12474275724275716,0.025,4.989710289710286,0.84,0.03,28.0,0
1868,2028,0.19652813852813844,0.028333333333333332,6.936287242169592,0.98,0.04,24.5,0
1869,2029,0.281242895992896,0.037000000000000005,7.60115935115935,0.9,0.06,15.000000000000002,0
1870,2030,0.12474275724275716,0.035,3.56407877836449,0.84,0.04,21.0,0
1871,2031,0.12474275724275716,0.035,3.56407877836449,0.84,0.04,21.0,0
1872,2032,0.12474275724275716,0.055,2.268050131686494,0.84,0.06,14.0,0
1873,2033,0.22601623376623356,0.028333333333333335,7.977043544690596,1.0,0.04,25.0,0
1874,2034,0.12474275724275716,0.015,8.31618381618381,0.84,0.02,42.0,0
1875,2035,0.12474275724275716,0.045,2.7720612720612703,0.84,0.05,16.799999999999997,0
1876,2036,0.11728687978687972,0.025,4.691475191475189,0.82,0.03,27.333333333333332,0
1877,2037,0.24543722943722923,0.06,4.090620490620488,0.99,0.06,16.5,0
1878,2038,0.17768362193362194,0.055,3.2306113078840353,0.98,0.06,16.333333333333332,0
1879,2040,0.12474275724275716,0.035,3.56407877836449,0.84,0.04,21.0,0
1880,2041,0.271829365079365,0.0,,1.0,0.0,,0
1881,2042,0.10758988233988226,0.05083333333333333,2.1165222755386677,0.81,0.07,11.571428571428571,0
1882,2044,0.10190268065268059,0.02083333333333333,4.891328671328669,0.77,0.04,19.25,0
1883,2045,0.12474275724275716,0.005,24.94855144855143,0.84,0.01,84.0,0
1884,2047,0.20698088023088024,0.06,3.4496813371813375,0.97,0.07,13.857142857142856,0
1885,2049,0.184876984126984,0.04583333333333333,4.033679653679651,0.99,0.07,14.14285714285714,0
1886,2050,0.23680663780663772,0.0275,8.611150465695918,1.0,0.04,25.0,0
1887,2051,0.1748344155844155,0.07083333333333335,2.4682505729564537,0.99,0.1,9.899999999999999,0
1888,2052,0.19516738816738813,0.04,4.879184704184703,0.99,0.05,19.799999999999997,0
1889,2053,0.21709199134199128,0.0525,4.135085549371262,1.0,0.06,16.666666666666668,0
1890,2054,0.2981987734487735,0.04,7.454969336219337,0.99,0.04,24.75,0
1891,2055,0.22604834054834047,0.01,22.604834054834047,1.0,0.01,100.0,0
1892,2056,0.18781421356421346,0.045,4.173649190315855,0.98,0.07,13.999999999999998,0
1893,2057,0.18781421356421346,0.045,4.173649190315855,0.98,0.07,13.999999999999998,0
1894,2058,0.18781421356421346,0.0225,8.34729838063171,0.98,0.04,24.5,0
1895,2059,0.3538928571428572,0.025,14.155714285714286,1.0,0.03,33.333333333333336,0
1896,2060,0.2503344155844155,0.04,6.258360389610387,1.0,0.04,25.0,0
1897,2061,0.17457178932178924,0.04,4.364294733044731,0.97,0.05,19.4,0
1898,2062,0.21994516594516586,0.02,10.997258297258293,0.99,0.02,49.5,0
1899,2063,0.1650523088023087,0.005,33.01046176046174,0.99,0.01,99.0,0
1900,2064,0.5,0.055,9.090909090909092,1.0,0.07,14.285714285714285,0
1901,2065,0.251126984126984,0.02,12.556349206349198,1.0,0.03,33.333333333333336,0
1902,2066,1.0,0.03,33.333333333333336,1.0,0.03,33.333333333333336,1
1903,2067,0.20037896825396814,0.04333333333333333,4.624130036630035,0.99,0.05,19.799999999999997,0
1904,2068,0.16300108225108215,0.015,10.86673881673881,0.99,0.03,33.0,0
1905,2069,0.19601334776334767,0.02,9.800667388167383,1.0,0.02,50.0,0
1906,2070,0.17506132756132753,0.03,5.835377585377585,0.98,0.03,32.666666666666664,0
1907,2071,0.24891677766677753,0.005,49.783355533355504,1.0,0.01,100.0,0
1908,2072,0.20828979353979338,0.02,10.41448967698967,1.0,0.02,50.0,0
1909,2073,0.226833805083805,0.0,,0.98,0.0,,0
1910,2076,0.3044249639249638,0.01,30.44249639249638,0.99,0.01,99.0,0
1911,2077,0.16113095238095235,0.04333333333333333,3.718406593406593,1.0,0.06,16.666666666666668,0
1912,2079,0.22259163059163042,0.03,7.419721019721014,1.0,0.03,33.333333333333336,0
1913,2081,0.18341219891219887,0.03666666666666667,5.002150879423605,0.99,0.06,16.5,0
1914,2082,0.18341219891219887,0.026666666666666665,6.877957459207458,0.99,0.05,19.799999999999997,0
1915,2083,0.18787734487734478,0.0,,0.99,0.0,,0
1916,2084,0.1252434787434787,0.02,6.262173937173934,0.95,0.02,47.5,0
1917,2085,0.17544996669996654,0.02,8.772498334998327,0.98,0.02,49.0,0
1918,2086,0.1526041597291596,0.01,15.260415972915961,0.98,0.01,98.0,0
1919,2087,0.1526041597291596,0.02,7.630207986457981,0.98,0.02,49.0,0
1920,2088,0.13220109057609047,0.04,3.305027264402262,0.97,0.05,19.4,0
1921,2089,0.1526041597291596,0.0,,0.98,0.0,,0
1922,2090,0.1526041597291596,0.05,3.052083194583192,0.98,0.05,19.599999999999998,0
1923,2091,0.22733730158730142,0.01,22.733730158730143,0.99,0.02,49.5,0
1924,2092,0.12208222333222324,0.005,24.416444666444647,0.95,0.01,95.0,0
1925,2093,0.19743803418803407,0.0,,1.0,0.0,,0
1926,2094,0.1090931568431568,0.06083333333333333,1.7933121672847696,0.8,0.08,10.0,0
1927,2095,0.19079675879675867,0.0,,0.98,0.0,,0
1928,2096,0.20526695526695515,0.03666666666666667,5.598189689098777,1.0,0.07,14.285714285714285,0
1929,2097,0.2736904761904761,0.015,18.24603174603174,0.98,0.02,49.0,0
1930,2099,0.16356371406371398,0.025,6.542548562548559,1.0,0.03,33.333333333333336,0
1931,2100,0.1764191919191919,0.07166666666666667,2.4616631430584914,0.98,0.1,9.799999999999999,0
1932,2101,0.2318145743145743,0.04,5.795364357864358,0.98,0.05,19.599999999999998,0
1933,2102,0.25986111111111093,0.01,25.986111111111093,1.0,0.01,100.0,0
1934,2103,0.19507575757575746,0.025,7.803030303030298,0.98,0.03,32.666666666666664,0
1935,2104,0.19480999555999545,0.013333333333333332,14.61074966699966,0.98,0.03,32.666666666666664,0
1936,2105,0.18279040404040384,0.015,12.186026936026924,1.0,0.02,50.0,0
1937,2106,0.28718722943722935,0.01,28.718722943722934,0.99,0.01,99.0,0
1938,2108,0.3667305194805195,0.03833333333333333,9.566883116883117,1.0,0.06,16.666666666666668,0
1939,2109,0.2779960317460317,0.022000000000000002,12.636183261183259,0.99,0.03,33.0,0
1940,2110,0.25129942279942263,0.025,10.051976911976904,0.99,0.03,33.0,0
1941,2111,0.2543614718614718,0.018333333333333333,13.874262101534825,0.99,0.03,33.0,0
1942,2112,0.13043867243867235,0.045,2.89863716530383,0.98,0.05,19.599999999999998,0
1943,2113,0.18677417027417018,0.03,6.225805675805673,0.93,0.03,31.000000000000004,0
1944,2114,0.24987698412698392,0.005,49.975396825396786,0.98,0.01,98.0,0
1945,2115,0.22706746031746014,0.0,,1.0,0.0,,0
1946,2116,0.2751984126984125,0.01,27.519841269841248,1.0,0.01,100.0,0
1947,2117,0.22256457431457413,0.0016666666666666666,133.5387445887445,1.0,0.01,100.0,0
1948,2118,0.22283441558441544,0.02,11.141720779220773,1.0,0.02,50.0,0
1949,2119,0.2949954212454211,0.02,14.749771062271055,0.99,0.02,49.5,0
1950,2120,0.2329795482295481,0.01,23.29795482295481,0.99,0.01,99.0,0
1951,2121,0.2903773448773449,0.035,8.29649556792414,0.99,0.04,24.75,0
1952,2125,0.31491738816738796,0.0225,13.99632836299502,1.0,0.04,25.0,0
1953,2126,0.5,0.04,12.5,1.0,0.06,16.666666666666668,0
1954,2127,0.5,0.03333333333333333,15.0,1.0,0.04,25.0,0
1955,2128,0.24384895659895645,0.01,24.384895659895644,1.0,0.01,100.0,0
1956,2129,0.2592503607503607,0.03583333333333333,7.234893788382159,1.0,0.05,20.0,0
1957,2130,0.1668066378066377,0.05,3.336132756132754,0.96,0.06,16.0,0
1958,2131,0.5,0.08,6.25,1.0,0.1,10.0,0
1959,2132,0.5,0.03,16.666666666666668,1.0,0.05,20.0,0
1960,2133,0.20691702741702728,0.03333333333333333,6.207510822510819,1.0,0.04,25.0,0
1961,2134,0.26838131313131297,0.04333333333333333,6.193414918414915,1.0,0.05,20.0,0
1962,2135,1.0,0.0325,30.769230769230766,1.0,0.04,25.0,1
1963,2136,0.23334534909534888,0.04,5.833633727383722,0.98,0.05,19.599999999999998,0
1964,2137,0.32539285714285704,0.02,16.269642857142852,0.98,0.02,49.0,0
1965,2138,0.17592886280386277,0.02,8.796443140193139,0.99,0.04,24.75,0
1966,2139,0.1717153679653679,0.01,17.17153679653679,0.97,0.01,97.0,0
1967,2141,0.14839368964368962,0.005,29.678737928737924,0.96,0.01,96.0,0
1968,2142,0.1387771672771672,0.03,4.625905575905574,0.93,0.04,23.25,0
1969,2143,0.14717243867243865,0.05,2.9434487734487726,0.96,0.05,19.2,0
1970,2144,0.31650793650793646,0.04,7.912698412698411,1.0,0.04,25.0,0
1971,2145,1.0,0.02,50.0,1.0,0.02,50.0,1
1972,2146,0.14717243867243865,0.03,4.905747955747955,0.96,0.03,32.0,0
1973,2147,0.14717243867243865,0.04,3.679310966810966,0.96,0.04,24.0,0
1974,2148,0.14717243867243865,0.02,7.358621933621932,0.96,0.02,48.0,0
1975,2149,0.15108189033189032,0.03,5.0360630110630105,0.95,0.04,23.75,0
1976,2150,0.14717243867243865,0.01,14.717243867243864,0.96,0.01,96.0,0
1977,2151,0.18403496503496494,0.0,,0.96,0.0,,0
1978,2152,0.15932720057720048,0.02,7.9663600288600245,0.99,0.03,33.0,0
1979,2153,0.2485717893217891,0.005,49.71435786435782,0.99,0.01,99.0,0
1980,2155,0.16694660894660884,0.018333333333333333,9.106178669815028,0.99,0.03,33.0,0
1981,2156,0.18251465201465192,0.02,9.125732600732595,0.99,0.02,49.5,0
1982,2157,0.21167110667110658,0.015,14.111407111407106,0.99,0.02,49.5,0
1983,2159,0.1894838772338772,0.04,4.7370969308469295,0.99,0.04,24.75,0
1984,2160,0.27648412698412694,0.025,11.059365079365078,1.0,0.03,33.333333333333336,0
1985,2161,0.1656913086913086,0.016666666666666666,9.941478521478516,0.99,0.03,33.0,0
1986,2163,0.17844444444444438,0.02,8.922222222222219,1.0,0.02,50.0,0
1987,2164,0.15298568098568088,0.026666666666666665,5.736963036963034,1.0,0.05,20.0,0
1988,2165,0.2097709235209235,0.0,,1.0,0.0,,0
1989,2167,0.19193362193362187,0.04,4.798340548340547,1.0,0.05,20.0,0
1990,2168,0.25372258297258293,0.02,12.686129148629146,1.0,0.02,50.0,0
1991,2169,0.16599711399711384,0.045,3.6888247554914186,0.99,0.05,19.799999999999997,0
1992,2170,0.18480927405927397,0.025,7.392370962370959,0.96,0.03,32.0,0
1993,2171,0.2589047619047618,0.04666666666666667,5.547959183673467,1.0,0.06,16.666666666666668,0
1994,2172,0.22059523809523798,0.01,22.0595238095238,0.99,0.01,99.0,0
1995,2173,0.1443099955599955,0.05,2.8861999111999097,0.97,0.06,16.166666666666668,0
1996,2174,0.19544516594516584,0.02333333333333333,8.376221397649966,0.98,0.03,32.666666666666664,0
1997,2175,0.14620213120213119,0.01,14.62021312021312,1.0,0.02,50.0,0
1998,2176,0.31199206349206343,0.045,6.933156966490299,1.0,0.05,20.0,0
1999,2177,0.18735101010101005,0.04833333333333333,3.8762277951933113,0.99,0.06,16.5,0
2000,2178,0.2444422799422799,0.01,24.44422799422799,0.99,0.01,99.0,0
2001,2179,0.1688712121212121,0.0275,6.140771349862257,1.0,0.04,25.0,0
2002,2180,0.1688712121212121,0.0175,9.649783549783548,1.0,0.03,33.333333333333336,0
2003,2181,0.21539321789321783,0.013333333333333332,16.15449134199134,1.0,0.02,50.0,0
2004,2182,0.15583838383838372,0.03,5.194612794612791,0.9,0.03,30.000000000000004,0
2005,2183,0.0895436785436785,0.0675,1.3265730154619038,0.89,0.08,11.125,0
2006,2184,0.1262250804750804,0.04333333333333334,2.912886472501855,0.93,0.06,15.500000000000002,0
2007,2185,0.10052687998276225,0.018333333333333333,5.483284362696122,0.89,0.03,29.666666666666668,0
2008,2186,0.19823809523809507,0.015,13.215873015873006,1.0,0.02,50.0,0
2009,2187,0.17603210678210665,0.045,3.911824595157926,0.99,0.05,19.799999999999997,0
2010,2188,0.2737781385281386,0.02,13.68890692640693,1.0,0.03,33.333333333333336,0
2011,2189,0.17603210678210665,0.075,2.3470947570947556,0.99,0.08,12.375,0
2012,2190,0.17603210678210665,0.015,11.735473785473777,0.99,0.02,49.5,0
2013,2191,0.17603210678210665,0.045,3.911824595157926,0.99,0.05,19.799999999999997,0
2014,2192,0.14732846320346313,0.0,,1.0,0.0,,0
2015,2193,0.24969455544455538,0.04666666666666667,5.350597616669043,0.97,0.06,16.166666666666668,0
2016,2194,0.2451955266955267,0.045,5.448789482122815,1.0,0.05,20.0,0
2017,2195,0.1876363636363635,0.005,37.527272727272695,1.0,0.01,100.0,0
2018,2196,0.15737644300144293,0.05,3.1475288600288587,0.98,0.06,16.333333333333332,0
2019,2197,0.15606335331335322,0.03,5.202111777111774,0.98,0.04,24.5,0
2020,2198,0.13820911033411024,0.03,4.606970344470342,0.99,0.04,24.75,0
2021,2199,0.1434959623709623,0.05,2.869919247419246,0.98,0.06,16.333333333333332,0
2022,2200,0.17035497835497826,0.04,4.258874458874456,0.97,0.05,19.4,0
2023,2201,0.1579397546897546,0.065,2.4298423798423783,0.96,0.08,12.0,0
2024,2202,0.20142049617049612,0.03,6.714016539016538,0.96,0.03,32.0,0
2025,2203,0.17163911088911094,0.04,4.290977772227773,0.96,0.06,16.0,0
2026,2204,0.17163911088911094,0.04,4.290977772227773,0.96,0.06,16.0,0
2027,2205,0.19800613275613277,0.02,9.900306637806638,1.0,0.02,50.0,0
2028,2206,0.2354523809523808,0.02333333333333333,10.090816326530607,1.0,0.03,33.333333333333336,0
2029,2209,0.2961309523809523,0.01,29.613095238095227,1.0,0.01,100.0,0
2030,2210,0.25504761904761897,0.025,10.201904761904759,1.0,0.03,33.333333333333336,0
2031,2211,0.2720231990231989,0.035,7.772091400662824,1.0,0.04,25.0,0
2032,2212,0.17858441558441548,0.022000000000000002,8.11747343565525,1.0,0.05,20.0,0
2033,2213,0.17858441558441548,0.052000000000000005,3.434315684315682,1.0,0.08,12.5,0
2034,2214,0.1663449883449882,0.008333333333333333,19.961398601398585,1.0,0.02,50.0,0
2035,2215,0.23281349206349186,0.025,9.312539682539674,0.99,0.03,33.0,0
2036,2216,0.19444119769119758,0.0,,1.0,0.0,,0
2037,2217,0.2640797258297256,0.03833333333333333,6.889036325992842,0.99,0.05,19.799999999999997,0
2038,2218,0.18243276168276157,0.055,3.3169593033229376,0.96,0.07,13.714285714285712,0
2039,2219,0.18243276168276157,0.045,4.054061370728035,0.96,0.06,16.0,0
2040,2221,0.20157683982683972,0.05,4.031536796536794,0.98,0.07,13.999999999999998,0
2041,2222,0.20157683982683972,0.045,4.479485329485327,0.98,0.07,13.999999999999998,0
2042,2223,0.1875245310245309,0.0,,0.98,0.0,,0
2043,2224,0.27998484848484834,0.01,27.998484848484832,1.0,0.01,100.0,0
2044,2225,0.25391305916305906,0.055,4.616601075691983,1.0,0.06,16.666666666666668,0
2045,2226,0.262449134199134,0.03,8.748304473304467,1.0,0.03,33.333333333333336,0
2046,2227,0.1764653679653678,0.025,7.058614718614711,1.0,0.03,33.333333333333336,0
2047,2228,0.17449242424242417,0.025,6.979696969696967,0.99,0.04,24.75,0
2048,2229,0.2022063492063491,0.0,,0.99,0.0,,0
2049,2230,0.21167857142857133,0.028333333333333332,7.471008403361341,1.0,0.04,25.0,0
2050,2231,0.19332215007214995,0.028333333333333332,6.823134708428822,1.0,0.04,25.0,0
2051,2232,0.15905205905205888,0.06,2.650867650867648,1.0,0.07,14.285714285714285,0
2052,2233,0.1916706349206348,0.0,,1.0,0.0,,0
2053,2234,0.2215241702741702,0.03,7.384139009139007,0.99,0.03,33.0,0
2054,2235,0.1903852813852812,0.01,19.03852813852812,1.0,0.02,50.0,0
2055,2236,0.2380079365079364,0.03,7.93359788359788,0.99,0.03,33.0,0
2056,2237,1.0,0.01,100.0,1.0,0.01,100.0,1
2057,2238,0.17509719447219435,0.006666666666666666,26.264579170829155,0.99,0.02,49.5,0
2058,2239,0.19380988455988454,0.015,12.92065897065897,0.99,0.02,49.5,0
2059,2240,0.23457142857142846,0.025,9.382857142857137,0.97,0.03,32.333333333333336,0
2060,2241,0.25479365079365063,0.01,25.479365079365063,0.99,0.01,99.0,0
2061,2242,0.21068770118770114,0.055,3.8306854761400206,0.97,0.06,16.166666666666668,0
2062,2243,0.1636007603507603,0.05833333333333333,2.804584463155891,0.97,0.09,10.777777777777779,0
2063,2244,0.12345151090739315,0.023333333333333334,5.290779038888277,0.96,0.04,24.0,0
2064,2246,0.2557146464646463,0.035,7.306132756132751,0.99,0.04,24.75,0
2065,2247,0.11856811652399876,0.015,7.904541101599918,0.99,0.02,49.5,0
2066,2249,0.18267929292929277,0.01,18.267929292929278,1.0,0.01,100.0,0
2067,2250,0.17105591630591627,0.025,6.84223665223665,0.98,0.03,32.666666666666664,0
2068,2251,0.24122655122655115,0.0075,32.163540163540155,0.99,0.02,49.5,0
2069,2252,0.2857622655122655,0.0225,12.700545133878467,1.0,0.03,33.333333333333336,0
2070,2253,0.29958333333333337,0.035,8.55952380952381,1.0,0.04,25.0,0
2071,2254,0.18016738816738806,0.025,7.206695526695522,0.99,0.03,33.0,0
2072,2255,0.2109484126984125,0.02,10.547420634920625,1.0,0.02,50.0,0
2073,2256,1.0,0.04,25.0,1.0,0.04,25.0,1
2074,2257,0.28441702741702735,0.03,9.480567580567579,1.0,0.03,33.333333333333336,0
2075,2258,0.25717063492063474,0.02333333333333333,11.021598639455776,1.0,0.04,25.0,0
2076,2259,0.19277294927294925,0.028333333333333332,6.8037511508099735,0.99,0.05,19.799999999999997,0
2077,2260,0.16455627705627698,0.035,4.701607915893628,0.99,0.05,19.799999999999997,0
2078,2261,0.16455627705627698,0.045,3.656806156806155,0.99,0.06,16.5,0
2079,2262,0.16455627705627698,0.025,6.582251082251079,0.99,0.04,24.75,0
2080,2264,0.2350436507936506,0.015,15.669576719576709,1.0,0.02,50.0,0
2081,2265,0.16432467532467523,0.04999999999999999,3.2864935064935055,0.98,0.09,10.88888888888889,0
2082,2266,0.17967687867687865,0.045,3.992819526152859,1.0,0.05,20.0,0
2083,2267,0.23067063492063472,0.011666666666666665,19.771768707482977,0.98,0.03,32.666666666666664,0
2084,2268,0.23067063492063472,0.04166666666666666,5.536095238095235,0.98,0.06,16.333333333333332,0
2085,2269,0.18752813852813832,0.02666666666666667,7.032305194805186,0.96,0.05,19.2,0
2086,2270,0.23067063492063472,0.011666666666666665,19.771768707482977,0.98,0.03,32.666666666666664,0
2087,2272,0.2381015512265512,0.02,11.905077561327559,1.0,0.03,33.333333333333336,0
2088,2273,0.31791269841269837,0.02,15.895634920634919,0.98,0.03,32.666666666666664,0
2089,2274,0.1909408369408368,0.04,4.77352092352092,0.99,0.04,24.75,0
2090,2276,0.2797499999999999,0.03,9.324999999999996,1.0,0.03,33.333333333333336,0
2091,2277,0.23227417027417022,0.06,3.8712361712361703,1.0,0.06,16.666666666666668,0
2092,2278,0.23576623376623362,0.028333333333333332,8.321161191749422,0.98,0.04,24.5,0
2093,2280,0.13411457986457984,0.035,3.831845138987995,0.87,0.05,17.4,0
2094,2281,0.26716317016317015,0.01,26.716317016317014,1.0,0.01,100.0,0
2095,2282,0.19854881229881222,0.015,13.236587486587482,0.98,0.02,49.0,0
2096,2283,0.5,0.035,14.285714285714285,1.0,0.06,16.666666666666668,0
2097,2285,0.17781060606060603,0.0225,7.902693602693602,0.79,0.03,26.333333333333336,0
2098,2286,0.26094047619047617,0.0,,1.0,0.0,,0
2099,2287,0.24747619047619035,0.013333333333333332,18.560714285714276,1.0,0.02,50.0,0
2100,2288,0.1856554834054834,0.045,4.125677409010742,1.0,0.05,20.0,0
2101,2289,0.2481471861471861,0.05333333333333334,4.6527597402597385,0.98,0.06,16.333333333333332,0
2102,2290,0.2361904761904761,0.01,23.61904761904761,1.0,0.01,100.0,0
2103,2291,0.16432467532467523,0.04999999999999999,3.2864935064935055,0.98,0.09,10.88888888888889,0
2104,2292,0.16432467532467523,0.04999999999999999,3.2864935064935055,0.98,0.09,10.88888888888889,0
2105,2293,0.16935101010101,0.07166666666666666,2.3630373502466515,0.97,0.11,8.818181818181818,0
2106,2294,0.22903210678210667,0.02,11.451605339105333,0.97,0.02,48.5,0
2107,2295,0.1614296536796536,0.035,4.612275819418674,0.97,0.05,19.4,0
2108,2296,0.1506068653568653,0.035,4.303053295910437,0.97,0.05,19.4,0
2109,2297,1.0,0.022000000000000002,45.45454545454545,1.0,0.03,33.333333333333336,1
2110,2298,0.2419444444444444,0.03833333333333334,6.311594202898549,1.0,0.05,20.0,0
2111,2299,0.24682575757575745,0.01,24.682575757575744,1.0,0.01,100.0,0
2112,2300,0.17723881673881664,0.018333333333333333,9.66757182211727,1.0,0.04,25.0,0
2113,2301,0.17723881673881664,0.04833333333333333,3.6670100014927582,1.0,0.07,14.285714285714285,0
2114,2302,0.17723881673881664,0.03833333333333333,4.62362130623,1.0,0.06,16.666666666666668,0
2115,2304,0.0,0.005,0.0,0.0,0.01,0.0,0
2116,2305,0.0,0.01,0.0,0.0,0.01,0.0,0
2117,2306,0.20822294372294364,0.01,20.822294372294365,0.98,0.01,98.0,0
2118,2307,0.34555158730158714,0.02,17.277579365079358,0.99,0.02,49.5,0
2119,2308,0.1381637806637806,0.022000000000000002,6.280171848353663,0.79,0.04,19.75,0
2120,2309,0.16558044733044722,0.002,82.7902236652236,0.94,0.01,93.99999999999999,0
2121,2310,0.1381637806637806,0.022000000000000002,6.280171848353663,0.79,0.04,19.75,0
2122,2311,0.1381637806637806,0.052000000000000005,2.6569957819957803,0.79,0.07,11.285714285714285,0
2123,2312,0.1381637806637806,0.042,3.2896138253281095,0.79,0.06,13.166666666666668,0
2124,2313,0.1381637806637806,0.022000000000000002,6.280171848353663,0.79,0.04,19.75,0
2125,2314,0.28721031746031733,0.008333333333333333,34.46523809523808,0.94,0.02,46.99999999999999,0
2126,2315,0.1381637806637806,0.052000000000000005,2.6569957819957803,0.79,0.07,11.285714285714285,0
2127,2316,0.14239105339105337,0.03,4.746368446368446,0.86,0.03,28.666666666666668,0
2128,2317,0.1618185425685425,0.022000000000000002,7.355388298570113,0.81,0.03,27.000000000000004,0
2129,2318,0.16245310245310243,0.047,3.4564489883638814,0.86,0.06,14.333333333333334,0
2130,2319,0.16580133755133747,0.03,5.526711251711249,0.93,0.05,18.6,0
2131,2320,0.16149350649350644,0.035333333333333335,4.570570938495465,0.86,0.05,17.2,0
2132,2321,0.15883380508380499,0.005,31.766761016760995,0.89,0.01,89.0,0
2133,2322,0.22882539682539677,0.03,7.627513227513226,0.99,0.03,33.0,0
2134,2323,1.0,0.025,40.0,1.0,0.03,33.333333333333336,1
2135,2324,0.3174924242424241,0.0,,1.0,0.0,,0
2136,2325,0.2702460317460316,0.02,13.51230158730158,1.0,0.02,50.0,0
2137,2326,1.0,0.0,,1.0,0.0,,1
2138,2328,1.0,0.013333333333333332,75.0,1.0,0.02,50.0,1
2139,2329,0.2441432178932178,0.005,48.82864357864356,1.0,0.01,100.0,0
2140,2330,0.172286186036186,0.008333333333333333,20.67434232434232,0.99,0.02,49.5,0
2141,2331,0.1987438672438671,0.018333333333333333,10.840574576938206,1.0,0.03,33.333333333333336,0
2142,2332,0.2068217893217892,0.02,10.34108946608946,1.0,0.02,50.0,0
2143,2333,0.23918625818625813,0.01,23.918625818625813,0.99,0.01,99.0,0
2144,2334,0.1532544122544122,0.05333333333333333,2.8735202297702287,0.94,0.08,11.749999999999998,0
2145,2335,0.1532544122544122,0.04333333333333334,3.536640282794127,0.94,0.07,13.428571428571427,0
2146,2336,0.1532544122544122,0.03333333333333333,4.597632367632366,0.94,0.06,15.666666666666666,0
2147,2337,0.1532544122544122,0.04333333333333334,3.536640282794127,0.94,0.07,13.428571428571427,0
2148,2338,0.302313492063492,0.005,60.4626984126984,0.99,0.01,99.0,0
2149,2339,0.1966787934287934,0.045,4.370639853973187,0.94,0.05,18.799999999999997,0
2150,2340,0.20978246753246754,0.01,20.978246753246754,1.0,0.01,100.0,0
2151,2341,0.313008658008658,0.01,31.3008658008658,1.0,0.01,100.0,0
2152,2342,0.26912734487734474,0.03333333333333333,8.073820346320343,0.99,0.04,24.75,0
2153,2343,0.17075432900432885,0.03,5.691810966810962,1.0,0.03,33.333333333333336,0
2154,2344,0.2112695915195914,0.028333333333333332,7.45657381833852,0.99,0.04,24.75,0
2155,2345,0.2870360750360749,0.015,19.135738335738328,0.99,0.02,49.5,0
2156,2346,0.1782031024531024,0.025,7.128124098124095,0.96,0.04,24.0,0
2157,2348,0.28314285714285703,0.01,28.314285714285703,1.0,0.01,100.0,0
2158,2349,0.3715609668109668,0.025,14.862438672438671,1.0,0.03,33.333333333333336,0
2159,2350,0.31627813852813846,0.0225,14.056806156806154,1.0,0.03,33.333333333333336,0
2160,2351,0.13988081363081353,0.0475,2.9448592343329163,0.97,0.06,16.166666666666668,0
2161,2352,0.17057550782550782,0.0125,13.646040626040625,0.98,0.03,32.666666666666664,0
2162,2353,0.13988081363081353,0.0175,7.993189350332202,0.97,0.03,32.333333333333336,0
2163,2354,0.2799249639249638,0.03,9.330832130832126,1.0,0.03,33.333333333333336,0
2164,2355,0.13581002739090964,0.04,3.395250684772741,0.93,0.06,15.500000000000002,0
2165,2356,0.2668968253968253,0.09,2.9655202821869477,1.0,0.1,10.0,0
2166,2357,0.1950043290043289,0.02,9.750216450216445,1.0,0.02,50.0,0
2167,2359,0.18193686868686862,0.01,18.19368686868686,1.0,0.02,50.0,0
2168,2360,0.28362698412698406,0.02,14.181349206349203,1.0,0.03,33.333333333333336,0
2169,2361,0.16634931734931727,0.01,16.634931734931726,0.92,0.02,46.0,0
2170,2362,0.2148852813852813,0.02,10.744264069264064,0.92,0.02,46.0,0
2171,2363,0.19316677766677756,0.003333333333333333,57.95003330003327,1.0,0.01,100.0,0
2172,2364,0.29918253968253955,0.02,14.959126984126977,1.0,0.02,50.0,0
2173,2365,0.2364920634920634,0.02333333333333333,10.13537414965986,1.0,0.03,33.333333333333336,0
2174,2366,0.21587409812409805,0.045,4.797202180535512,1.0,0.06,16.666666666666668,0
2175,2367,0.19364285714285714,0.0,,0.97,0.0,,0
2176,2368,0.25859523809523793,0.018333333333333333,14.105194805194797,1.0,0.03,33.333333333333336,0
2177,2369,1.0,0.01,100.0,1.0,0.01,100.0,1
2178,2370,0.16854509379509378,0.04,4.213627344877344,0.98,0.06,16.333333333333332,0
2179,2371,0.23723809523809514,0.015,15.81587301587301,0.99,0.02,49.5,0
2180,2372,0.17013564213564203,0.03333333333333333,5.104069264069261,0.98,0.04,24.5,0
2181,2373,0.2996984959484959,0.025333333333333333,11.830203787440627,0.89,0.05,17.8,0
2182,2374,0.20038924963924948,0.018333333333333333,10.930322707595426,0.99,0.04,24.75,0
2183,2375,0.24161507936507917,0.035,6.903287981859404,1.0,0.04,25.0,0
2184,2376,0.260424603174603,0.025,10.416984126984119,1.0,0.03,33.333333333333336,0
2185,2378,0.1497601010101009,0.03,4.992003367003363,1.0,0.03,33.333333333333336,0
2186,2379,0.2289563492063491,0.03,7.631878306878304,0.99,0.03,33.0,0
2187,2380,0.1726000388500388,0.06,2.8766673141673134,0.99,0.07,14.14285714285714,0
2188,2381,0.2881987734487733,0.015,19.213251563251553,0.99,0.02,49.5,0
2189,2382,0.5,0.025,20.0,1.0,0.03,33.333333333333336,0
2190,2384,0.28573015873015867,0.015,19.048677248677244,1.0,0.02,50.0,0
2191,2385,0.2694164169164168,0.015,17.961094461094454,1.0,0.02,50.0,0
2192,2386,0.27587301587301577,0.026666666666666665,10.345238095238091,1.0,0.04,25.0,0
2193,2387,0.24850396825396806,0.03,8.283465608465603,1.0,0.03,33.333333333333336,0
2194,2388,0.18864033189033183,0.025,7.545613275613273,0.97,0.06,16.166666666666668,0
2195,2389,0.18864033189033183,0.025,7.545613275613273,0.97,0.06,16.166666666666668,0
2196,2390,0.1857471139971139,0.04333333333333333,4.28647186147186,0.98,0.07,13.999999999999998,0
2197,2391,0.16147763347763341,0.03333333333333333,4.844329004329002,0.98,0.05,19.599999999999998,0
2198,2392,0.16147763347763341,0.03333333333333333,4.844329004329002,0.98,0.05,19.599999999999998,0
2199,2393,0.1480407647907646,0.03,4.934692159692154,0.98,0.04,24.5,0
2200,2394,0.16147763347763341,0.013333333333333332,12.110822510822507,0.98,0.03,32.666666666666664,0
2201,2395,0.16147763347763341,0.03333333333333333,4.844329004329002,0.98,0.05,19.599999999999998,0
2202,2396,0.16147763347763341,0.04833333333333334,3.3409165547096564,0.98,0.06,16.333333333333332,0
2203,2397,0.20389332889332884,0.025,8.155733155733152,0.98,0.03,32.666666666666664,0
2204,2398,1.0,0.0,,1.0,0.0,,1
2205,2399,0.1722748917748917,0.06999999999999999,2.461069882498453,1.0,0.11,9.090909090909092,0
2206,2400,0.26843398268398266,0.05,5.368679653679653,1.0,0.06,16.666666666666668,0
2207,2401,0.14757720057720047,0.05833333333333334,2.529894867037722,0.94,0.07,13.428571428571427,0
2208,2402,0.18615101565101555,0.055,3.3845639209275555,0.95,0.06,15.833333333333334,0
2209,2403,0.16413961038961028,0.0425,3.862108479755536,0.97,0.05,19.4,0
2210,2404,0.13900974025974017,0.02033333333333333,6.836544602938042,0.95,0.04,23.75,0
2211,2405,0.13900974025974017,0.030333333333333334,4.582738689881544,0.95,0.05,18.999999999999996,0
2212,2406,0.15832647907647895,0.04166666666666666,3.799835497835496,0.97,0.08,12.125,0
2213,2407,0.36044119769119765,0.02,18.022059884559884,0.98,0.02,49.0,0
2214,2409,0.2446837329337328,0.025,9.787349317349312,0.99,0.03,33.0,0
2215,2410,0.2670833333333332,0.047,5.682624113475174,1.0,0.06,16.666666666666668,0
2216,2411,1.0,0.013333333333333332,75.0,1.0,0.02,50.0,1
2217,2412,0.26121861471861463,0.0,,0.99,0.0,,0
2218,2413,0.3213455988455987,0.03,10.711519961519958,0.99,0.05,19.799999999999997,0
2219,2414,0.19267568542568536,0.03,6.4225228475228455,0.99,0.03,33.0,0
2220,2415,0.24603968253968234,0.005,49.207936507936466,1.0,0.01,100.0,0
2221,2416,0.23719516594516576,0.02,11.859758297258288,1.0,0.03,33.333333333333336,0
2222,2417,0.1842540792540791,0.005,36.85081585081582,1.0,0.01,100.0,0
2223,2418,0.2234651182151181,0.005,44.69302364302362,1.0,0.01,100.0,0
2224,2419,0.05998629148629148,0.05999999999999999,0.9997715247715249,0.41,0.09,4.555555555555555,0
2225,2420,0.07208044733044733,0.045,1.6017877184543852,0.41,0.07,5.857142857142856,0
2226,2422,0.20412770562770555,0.002,102.06385281385278,0.99,0.01,99.0,0
2227,2423,0.2566584804084804,0.035,7.333099440242296,0.98,0.05,19.599999999999998,0
2228,2424,0.1190409867909867,0.021666666666666664,5.4941993903532325,0.94,0.04,23.499999999999996,0
2229,2425,0.13902958152958148,0.02,6.951479076479074,0.94,0.03,31.333333333333332,0
2230,2426,0.21231385281385262,0.0,,1.0,0.0,,0
2231,2427,0.23315476190476175,0.015,15.543650793650784,0.99,0.02,49.5,0
2232,2428,0.19126273726273724,0.01,19.126273726273723,0.99,0.02,49.5,0
2233,2429,0.33829437229437226,0.03333333333333333,10.148831168831167,1.0,0.05,20.0,0
2234,2433,0.2949606782106782,0.028333333333333332,10.410376878023936,1.0,0.04,25.0,0
2235,2434,0.1668334443334443,0.04,4.170836108336108,0.99,0.06,16.5,0
2236,2435,0.2005598845598845,0.03,6.685329485329484,0.99,0.03,33.0,0
2237,2437,0.1522179348429348,0.02083333333333333,7.306460872460872,0.89,0.04,22.25,0
2238,2438,0.1090931568431568,0.03083333333333333,3.538156438156437,0.8,0.05,16.0,0
2239,2439,0.1090931568431568,0.010833333333333332,10.070137554752938,0.8,0.03,26.666666666666668,0
2240,2440,0.2904126984126983,0.013333333333333332,21.780952380952375,1.0,0.02,50.0,0
2241,2441,0.1090931568431568,0.020833333333333336,5.236471528471526,0.8,0.04,20.0,0
2242,2442,0.1090931568431568,0.03083333333333333,3.538156438156437,0.8,0.05,16.0,0
2243,2443,0.1090931568431568,0.03083333333333333,3.538156438156437,0.8,0.05,16.0,0
2244,2444,0.3671046176046177,0.028333333333333332,12.95663356251592,0.99,0.04,24.75,0
2245,2445,0.1090931568431568,0.04083333333333333,2.6716691471793506,0.8,0.06,13.333333333333334,0
2246,2446,0.1090931568431568,0.02083333333333333,5.236471528471528,0.8,0.04,20.0,0
2247,2447,0.1090931568431568,0.02083333333333333,5.236471528471528,0.8,0.04,20.0,0
2248,2448,0.1090931568431568,0.05083333333333333,2.146094888717839,0.8,0.07,11.428571428571429,0
2249,2449,0.1090931568431568,0.06083333333333333,1.7933121672847696,0.8,0.08,10.0,0
2250,2450,0.1090931568431568,0.010833333333333332,10.070137554752938,0.8,0.03,26.666666666666668,0
2251,2451,0.1532294788544788,0.015,10.215298590298588,0.91,0.03,30.333333333333336,0
2252,2452,0.17969913419913408,0.01,17.969913419913407,0.99,0.02,49.5,0
2253,2453,0.1090931568431568,0.03083333333333333,3.538156438156437,0.8,0.05,16.0,0
2254,2454,0.1090931568431568,0.01583333333333333,6.890094116409904,0.8,0.03,26.666666666666668,0
2255,2455,0.1090931568431568,0.02083333333333333,5.236471528471528,0.8,0.04,20.0,0
2256,2456,0.25584126984126976,0.05,5.116825396825395,0.99,0.05,19.799999999999997,0
2257,2457,0.1090931568431568,0.03083333333333333,3.538156438156437,0.8,0.05,16.0,0
2258,2458,0.2046151903651903,0.025,8.18460761460761,0.98,0.03,32.666666666666664,0
2259,2459,0.1090931568431568,0.04083333333333334,2.67166914717935,0.8,0.06,13.333333333333334,0
2260,2460,0.1090931568431568,0.02083333333333333,5.236471528471528,0.8,0.04,20.0,0
2261,2461,0.1090931568431568,0.05083333333333333,2.146094888717839,0.8,0.07,11.428571428571429,0
2262,2462,0.2008352105410929,0.013333333333333332,15.06264079058197,0.93,0.02,46.5,0
2263,2463,0.1090931568431568,0.06083333333333333,1.7933121672847696,0.8,0.08,10.0,0
2264,2464,0.1090931568431568,0.04083333333333333,2.6716691471793506,0.8,0.06,13.333333333333334,0
2265,2465,0.1090931568431568,0.05083333333333334,2.1460948887178386,0.8,0.07,11.428571428571429,0
2266,2466,0.1090931568431568,0.02083333333333333,5.236471528471528,0.8,0.04,20.0,0
2267,2467,0.1919221889221888,0.0175,10.966982224125072,0.98,0.03,32.666666666666664,0
2268,2469,0.17207850482850467,0.015,11.471900321900312,0.98,0.02,49.0,0
2269,2470,0.13273903873903867,0.018333333333333333,7.240311203947564,0.8,0.03,26.666666666666668,0
2270,2471,0.17078257853257836,0.02,8.539128926628917,1.0,0.03,33.333333333333336,0
2271,2472,0.1946706349206348,0.03,6.48902116402116,0.99,0.03,33.0,0
2272,2473,0.1911984126984126,0.03333333333333333,5.735952380952377,1.0,0.05,20.0,0
2273,2474,0.21579365079365068,0.0,,0.97,0.0,,0
2274,2475,0.21767099567099563,0.02,10.883549783549782,1.0,0.02,50.0,0
2275,2476,0.20093253968253957,0.015,13.395502645502638,0.99,0.02,49.5,0
2276,2477,0.19136111111111098,0.02,9.56805555555555,0.98,0.02,49.0,0
2277,2478,0.18229473304473298,0.02,9.11473665223665,1.0,0.02,50.0,0
2278,2479,0.25415079365079357,0.0,,0.98,0.0,,0
2279,2480,0.33115873015873004,0.025,13.246349206349201,0.98,0.03,32.666666666666664,0
2280,2481,0.28999145299145285,0.02333333333333333,12.428205128205123,0.99,0.03,33.0,0
2281,2482,0.29201476301476287,0.025,11.680590520590513,1.0,0.04,25.0,0
2282,2484,0.1698109668109667,0.03,5.660365560365556,0.98,0.03,32.666666666666664,0
2283,2485,1.0,0.0325,30.769230769230766,1.0,0.04,25.0,1
2284,2487,0.1811114718614718,0.02333333333333333,7.761920222634507,0.97,0.04,24.25,0
2285,2488,0.29446031746031726,0.035,8.413151927437635,0.99,0.04,24.75,0
2286,2489,0.17600011100011098,0.018333333333333333,9.600006054551509,0.98,0.03,32.666666666666664,0
2287,2490,0.22551659451659448,0.015,15.034439634439632,0.98,0.02,49.0,0
2288,2491,0.1282581585081584,0.025,5.130326340326335,0.9,0.04,22.5,0
2289,2492,0.1282581585081584,0.045,2.8501813001812977,0.9,0.06,15.000000000000002,0
2290,2493,0.18239321789321775,0.02,9.119660894660887,0.97,0.03,32.333333333333336,0
2291,2494,0.1282581585081584,0.025,5.130326340326335,0.9,0.04,22.5,0
2292,2495,0.1282581585081584,0.035,3.664518814518811,0.9,0.05,18.0,0
2293,2496,0.15165462315462308,0.06833333333333334,2.21933594860424,0.9,0.1,9.0,0
2294,2497,0.26043686868686844,0.02,13.021843434343422,1.0,0.02,50.0,0
2295,2498,0.1785126262626262,0.02,8.92563131313131,1.0,0.02,50.0,0
2296,2499,0.19258044733044724,0.01,19.258044733044724,1.0,0.01,100.0,0
2297,2500,0.1801031746031745,0.08,2.251289682539681,0.99,0.09,11.0,0
2298,2501,0.21902355977355964,0.04,5.475588994338991,1.0,0.04,25.0,0
2299,2502,0.24256782106782096,0.02,12.128391053391049,1.0,0.02,50.0,0
2300,2503,0.17571572871572858,0.028333333333333332,6.201731601731597,1.0,0.05,20.0,0
2301,2504,0.22623051948051934,0.0,,1.0,0.0,,0
2302,2505,0.1814891774891774,0.055,3.2998032270759525,1.0,0.07,14.285714285714285,0
2303,2506,0.25670609945609935,0.065,3.949324607016913,0.99,0.07,14.14285714285714,0
2304,2507,0.26251190476190467,0.025,10.500476190476187,1.0,0.03,33.333333333333336,0
2305,2508,0.22707215007215,0.0,,0.99,0.0,,0
2306,2509,0.2018217893217892,0.0,,1.0,0.0,,0
2307,2510,0.26297222222222216,0.02,13.148611111111109,1.0,0.02,50.0,0
2308,2511,0.21255988455988445,0.025,8.502395382395378,0.99,0.03,33.0,0
2309,2512,0.19819119769119758,0.025,7.927647907647903,0.98,0.03,32.666666666666664,0
2310,2513,0.19819119769119758,0.055,3.603476321658138,0.98,0.06,16.333333333333332,0
2311,2514,0.19819119769119758,0.035,5.66260564831993,0.98,0.04,24.5,0
2312,2515,0.19819119769119758,0.045,4.404248837582169,0.98,0.05,19.599999999999998,0
2313,2516,0.2757738095238094,0.02,13.788690476190471,0.99,0.02,49.5,0
2314,2517,0.2626035353535352,0.01,26.26035353535352,0.98,0.01,98.0,0
2315,2518,0.17179040404040388,0.04,4.294760101010097,0.95,0.05,18.999999999999996,0
2316,2519,0.13581002739090964,0.045,3.018000608686881,0.93,0.07,13.285714285714285,0
2317,2520,0.13581002739090964,0.045,3.018000608686881,0.93,0.07,13.285714285714285,0
2318,2521,0.13581002739090964,0.055,2.469273225289266,0.93,0.08,11.625,0
2319,2522,0.13581002739090964,0.055,2.469273225289266,0.93,0.08,11.625,0
2320,2523,0.17313167388167372,0.05,3.4626334776334744,0.98,0.05,19.599999999999998,0
2321,2524,0.20979736929736922,0.03,6.993245643245641,0.99,0.03,33.0,0
2322,2526,0.13581002739090964,0.025,5.4324010956363855,0.93,0.05,18.6,0
2323,2527,0.3391199119507944,0.04,8.47799779876986,0.95,0.05,18.999999999999996,0
2324,2528,0.13581002739090964,0.045,3.018000608686881,0.93,0.07,13.285714285714285,0
2325,2529,0.13581002739090964,0.045,3.018000608686881,0.93,0.07,13.285714285714285,0
2326,2530,0.13581002739090964,0.045,3.018000608686881,0.93,0.07,13.285714285714285,0
2327,2531,0.32291687887276127,0.04,8.072921971819031,0.97,0.06,16.166666666666668,0
2328,2534,0.13581002739090964,0.055,2.469273225289266,0.93,0.08,11.625,0
2329,2535,1.0,0.025,40.0,1.0,0.03,33.333333333333336,1
2330,2536,0.13581002739090964,0.035,3.8802864968831323,0.93,0.06,15.500000000000002,0
2331,2537,0.13581002739090964,0.065,2.089385036783225,0.93,0.09,10.333333333333334,0
2332,2538,0.13581002739090964,0.045,3.018000608686881,0.93,0.07,13.285714285714285,0
2333,2540,0.13581002739090964,0.045,3.018000608686881,0.93,0.07,13.285714285714285,0
2334,2541,0.23347197247197232,0.04833333333333333,4.830454602868393,0.99,0.07,14.14285714285714,0
2335,2542,0.24511111111111095,0.003333333333333333,73.53333333333329,0.99,0.01,99.0,0
2336,2543,0.1785126262626262,0.01,17.85126262626262,1.0,0.01,100.0,0
2337,2544,0.34081349206349204,0.04,8.5203373015873,0.96,0.04,24.0,0
2338,2545,0.21567171717171707,0.02,10.783585858585854,0.99,0.02,49.5,0
2339,2546,0.23984956709956692,0.03,7.994985569985564,1.0,0.03,33.333333333333336,0
2340,2547,0.21720634920634901,0.03,7.240211640211634,0.99,0.03,33.0,0
2341,2548,0.20016666666666652,0.02333333333333333,8.578571428571424,1.0,0.03,33.333333333333336,0
2342,2549,0.2290833333333332,0.015,15.272222222222213,1.0,0.02,50.0,0
2343,2550,0.23902380952380944,0.055,4.345887445887445,0.98,0.06,16.333333333333332,0
2344,2551,0.36723881673881675,0.02,18.36194083694084,1.0,0.02,50.0,0
2345,2552,0.2783733766233766,0.005,55.67467532467531,1.0,0.01,100.0,0
2346,2555,0.1676951659451658,0.02,8.38475829725829,0.99,0.02,49.5,0
2347,2556,0.15738442113442105,0.03,5.2461473711473685,0.98,0.04,24.5,0
2348,2557,0.18638106338106325,0.05833333333333334,3.1951039436753694,1.0,0.07,14.285714285714285,0
2349,2558,0.17488863913863903,0.055,3.179793438884346,0.99,0.07,14.14285714285714,0
2350,2559,0.2225634920634919,0.04,5.564087301587297,1.0,0.05,20.0,0
2351,2560,1.0,0.04,25.0,1.0,0.04,25.0,1
2352,2561,0.17906721056721048,0.05,3.5813442113442093,0.98,0.06,16.333333333333332,0
2353,2562,0.305095238095238,0.045,6.779894179894177,0.99,0.05,19.799999999999997,0
2354,2563,0.14823207348207343,0.06033333333333333,2.456885195835471,0.95,0.08,11.875,0
2355,2564,0.28303907203907186,0.02333333333333333,12.130245944531652,1.0,0.03,33.333333333333336,0
2356,2565,1.0,0.015,66.66666666666667,1.0,0.02,50.0,1
2357,2566,0.34013888888888877,0.02,17.00694444444444,1.0,0.02,50.0,0
2358,2567,0.37061183261183267,0.028333333333333332,13.080417621594094,0.98,0.04,24.5,0
2359,2568,0.21906324231324217,0.02,10.953162115662108,0.97,0.02,48.5,0
2360,2569,0.1937391774891774,0.025,7.749567099567096,0.99,0.03,33.0,0
2361,2570,0.25225468975468973,0.03,8.408489658489659,1.0,0.03,33.333333333333336,0
2362,2571,0.21056782106782093,0.065,3.239504939504937,1.0,0.07,14.285714285714285,0
2363,2572,0.1955797258297257,0.03,6.51932419432419,0.98,0.03,32.666666666666664,0
2364,2573,0.16522763347763342,0.042,3.9339912732769857,0.98,0.08,12.25,0
2365,2574,0.32300468975468966,0.042,7.690587851302134,0.98,0.07,13.999999999999998,0
2366,2575,0.20754834054834043,0.0625,3.320773448773447,0.98,0.07,13.999999999999998,0
2367,2576,1.0,0.01,100.0,1.0,0.01,100.0,1
2368,2577,0.19957611832611818,0.03,6.652537277537273,1.0,0.03,33.333333333333336,0
2369,2578,0.2096829004329004,0.025,8.387316017316016,0.98,0.03,32.666666666666664,0
2370,2579,0.27999639249639247,0.01,27.999639249639245,1.0,0.01,100.0,0
2371,2580,0.24111544011544,0.01,24.111544011544,1.0,0.01,100.0,0
2372,2581,0.16810497835497829,0.03,5.603499278499276,0.94,0.04,23.499999999999996,0
2373,2582,0.16810497835497829,0.01,16.810497835497827,0.94,0.02,46.99999999999999,0
2374,2583,0.34587770562770553,0.04,8.646942640692638,0.97,0.06,16.166666666666668,0
2375,2584,0.16810497835497829,0.02,8.405248917748914,0.94,0.03,31.333333333333332,0
2376,2585,0.26070670995670986,0.003333333333333333,78.21201298701297,1.0,0.01,100.0,0
2377,2586,0.1485098512598512,0.025,5.9403940503940476,0.91,0.04,22.75,0
2378,2587,0.21627453102453092,0.02,10.813726551226546,0.94,0.02,46.99999999999999,0
2379,2589,0.24576984126984122,0.03,8.192328042328041,1.0,0.03,33.333333333333336,0
2380,2591,0.1954597069597068,0.045,4.34354904354904,1.0,0.06,16.666666666666668,0
2381,2592,0.31250829725829715,0.035,8.928808493094204,1.0,0.04,25.0,0
2382,2593,0.2450436507936507,0.02,12.252182539682535,0.99,0.02,49.5,0
2383,2594,0.23940945165945163,0.015,15.96063011063011,1.0,0.02,50.0,0
2384,2595,0.25838167388167366,0.01,25.838167388167363,0.99,0.01,99.0,0
2385,2596,0.23959559884559872,0.01,23.959559884559873,1.0,0.01,100.0,0
2386,2597,0.3286511544011544,0.03,10.95503848003848,0.99,0.03,33.0,0
2387,2598,0.18691341991341978,0.02142857142857143,8.722626262626257,0.99,0.03,33.0,0
2388,2599,0.23455555555555546,0.01,23.455555555555545,1.0,0.01,100.0,0
2389,2603,0.163536297036297,0.05,3.2707259407259395,0.97,0.06,16.166666666666668,0
2390,2604,0.20844119769119762,0.02,10.42205988455988,0.97,0.02,48.5,0
2391,2605,0.2730757575757574,0.02,13.65378787878787,1.0,0.02,50.0,0
2392,2606,0.5,0.05,10.0,1.0,0.06,16.666666666666668,0
2393,2607,0.20453174603174595,0.018333333333333333,11.156277056277052,0.98,0.03,32.666666666666664,0
2394,2608,0.19480230880230873,0.01,19.480230880230874,0.99,0.01,99.0,0
2395,2609,0.2877305194805193,0.025,11.509220779220772,0.99,0.03,33.0,0
2396,2610,0.5,0.03,16.666666666666668,1.0,0.04,25.0,0
2397,2611,0.4139761904761905,0.025,16.559047619047618,0.99,0.03,33.0,0
2398,2612,0.3147698412698411,0.005,62.95396825396821,0.99,0.01,99.0,0
2399,2613,0.3146779609279608,0.022000000000000002,14.30354367854367,1.0,0.03,33.333333333333336,0
2400,2614,0.23567334054834035,0.015,15.711556036556024,0.99,0.02,49.5,0
2401,2615,0.3275916305916306,0.01,32.75916305916306,1.0,0.02,50.0,0
2402,2616,0.5,0.02,25.0,1.0,0.03,33.333333333333336,0
2403,2617,0.32214682539682526,0.02,16.107341269841264,1.0,0.02,50.0,0
2404,2618,0.1969124486624485,0.005,39.3824897324897,1.0,0.01,100.0,0
2405,2619,0.2568253968253968,0.035,7.337868480725622,0.99,0.04,24.75,0
2406,2620,0.238833694083694,0.015,15.922246272246268,0.99,0.02,49.5,0
2407,2621,0.2177344877344877,0.0,,0.98,0.0,,0
2408,2623,0.22856385281385272,0.01,22.856385281385272,1.0,0.01,100.0,0
2409,2624,0.5,0.01,50.0,1.0,0.02,50.0,0
2410,2625,1.0,0.02,50.0,1.0,0.02,50.0,1
2411,2626,0.2904292929292928,0.015,19.361952861952854,0.98,0.02,49.0,0
2412,2627,0.16820657120657118,0.03,5.606885706885706,0.98,0.04,24.5,0
2413,2628,0.17364718614718605,0.04,4.341179653679651,1.0,0.05,20.0,0
2414,2629,0.2833174603174603,0.005,56.66349206349206,0.99,0.01,99.0,0
2415,2630,0.19817002442002432,0.05833333333333333,3.3972004186289886,0.99,0.08,12.375,0
2416,2631,0.18736122211122205,0.03,6.245374070374068,0.99,0.04,24.75,0
2417,2632,0.18736122211122205,0.02,9.368061105561102,0.99,0.03,33.0,0
2418,2633,0.14737925962925955,0.025,5.895170385170381,0.93,0.03,31.000000000000004,0
2419,2634,0.14737925962925955,0.005,29.47585192585191,0.93,0.01,93.0,0
2420,2635,0.14737925962925955,0.02,7.368962981462977,0.93,0.02,46.5,0
2421,2636,0.14737925962925955,0.005,29.47585192585191,0.93,0.01,93.0,0
2422,2637,0.14737925962925955,0.005,29.47585192585191,0.93,0.01,93.0,0
2423,2638,0.19228210678210658,0.0,,0.99,0.0,,0
2424,2639,0.14737925962925955,0.015,9.82528397528397,0.93,0.02,46.5,0
2425,2640,0.14737925962925955,0.085,1.733873642697171,0.93,0.09,10.333333333333334,0
2426,2641,0.14737925962925955,0.005,29.47585192585191,0.93,0.01,93.0,0
2427,2642,0.14737925962925955,0.025,5.895170385170381,0.93,0.03,31.000000000000004,0
2428,2643,0.1834239926739926,0.01,18.34239926739926,0.93,0.01,93.0,0
2429,2644,0.16933838383838373,0.03666666666666667,4.618319559228647,0.95,0.05,18.999999999999996,0
2430,2645,0.21459859584859572,0.01,21.459859584859572,0.95,0.02,47.5,0
2431,2646,0.24302020202020191,0.02,12.151010101010096,1.0,0.02,50.0,0
2432,2647,0.20685389610389604,0.0,,1.0,0.0,,0
2433,2648,0.18532142857142853,0.0125,14.825714285714282,1.0,0.03,33.333333333333336,0
2434,2649,0.18602633477633476,0.035,5.315038136466707,0.99,0.05,19.799999999999997,0
2435,2650,0.24435894660894653,0.03,8.145298220298217,0.99,0.03,33.0,0
2436,2651,1.0,0.01,100.0,1.0,0.02,50.0,1
2437,2652,0.31351623376623367,0.01,31.351623376623365,1.0,0.01,100.0,0
2438,2653,1.0,0.02,50.0,1.0,0.02,50.0,1
2439,2654,1.0,0.03333333333333333,30.0,1.0,0.04,25.0,1
2440,2655,0.27953679653679636,0.015,18.635786435786425,1.0,0.02,50.0,0
2441,2656,0.22898448773448765,0.005,45.796897546897526,1.0,0.01,100.0,0
2442,2657,0.24030194805194796,0.055,4.369126328217235,1.0,0.06,16.666666666666668,0
2443,2658,1.0,0.0225,44.44444444444444,1.0,0.03,33.333333333333336,1
2444,2659,0.23709523809523797,0.013333333333333332,17.782142857142848,1.0,0.02,50.0,0
2445,2660,1.0,0.025,40.0,1.0,0.03,33.333333333333336,1
2446,2661,0.1844452769452769,0.023333333333333334,7.904797583369009,1.0,0.04,25.0,0
2447,2662,0.2766002886002885,0.02,13.830014430014426,0.99,0.02,49.5,0
2448,2663,0.19771645021645018,0.02,9.885822510822509,0.99,0.03,33.0,0
2449,2664,0.1844452769452769,0.013333333333333332,13.833395770895768,1.0,0.03,33.333333333333336,0
2450,2665,0.23973448773448766,0.025,9.589379509379507,1.0,0.03,33.333333333333336,0
2451,2667,0.239456349206349,0.015,15.963756613756601,1.0,0.02,50.0,0
2452,2668,0.1924256854256853,0.030333333333333334,6.343703915132482,1.0,0.06,16.666666666666668,0
2453,2669,0.25317965367965356,0.0375,6.751457431457428,1.0,0.05,20.0,0
2454,2670,0.2499206349206349,0.025,9.996825396825395,1.0,0.04,25.0,0
2455,2671,0.17619155844155834,0.03,5.873051948051945,0.97,0.04,24.25,0
2456,2672,0.2015919913419912,0.015,13.439466089466082,0.99,0.02,49.5,0
2457,2673,0.17619155844155834,0.05,3.5238311688311668,0.97,0.06,16.166666666666668,0
2458,2674,0.2193737373737373,0.04,5.484343434343432,1.0,0.04,25.0,0
2459,2675,0.18551742701742685,0.03166666666666667,5.858445063708216,0.99,0.06,16.5,0
2460,2676,0.1932580475080474,0.045,4.294623277956609,0.98,0.07,13.999999999999998,0
2461,2677,0.21279761904761887,0.02,10.639880952380944,1.0,0.02,50.0,0
2462,2678,0.19729834054834047,0.035,5.637095444238299,1.0,0.04,25.0,0
2463,2679,0.5,0.02,25.0,1.0,0.04,25.0,0
2464,2680,0.24400505050505036,0.025,9.760202020202014,1.0,0.03,33.333333333333336,0
2465,2682,0.1684531024531024,0.0325,5.183172383172382,0.98,0.05,19.599999999999998,0
2466,2683,0.20915981240981232,0.01,20.915981240981232,0.99,0.01,99.0,0
2467,2684,0.1684531024531024,0.0325,5.183172383172382,0.98,0.05,19.599999999999998,0
2468,2685,0.21464357864357858,0.023333333333333334,9.199010513296225,0.98,0.03,32.666666666666664,0
2469,2686,0.24748051948051933,0.02,12.374025974025967,1.0,0.02,50.0,0
2470,2687,0.28015512265512243,0.0625,4.482481962481959,0.99,0.07,14.14285714285714,0
2471,2688,1.0,0.015,66.66666666666667,1.0,0.02,50.0,1
2472,2689,0.3057023809523808,0.0,,1.0,0.0,,0
2473,2690,0.23575432900432897,0.05,4.715086580086579,0.99,0.06,16.5,0
2474,2691,0.29485714285714265,0.02,14.742857142857133,1.0,0.02,50.0,0
2475,2692,0.29475793650793625,0.015,19.650529100529084,1.0,0.02,50.0,0
2476,2693,1.0,0.04,25.0,1.0,0.04,25.0,1
2477,2694,0.30514718614718606,0.015,20.343145743145737,0.99,0.02,49.5,0
2478,2695,0.2467023809523808,0.0,,1.0,0.0,,0
2479,2696,0.2765595238095237,0.01,27.65595238095237,0.99,0.01,99.0,0
2480,2697,0.2556590909090908,0.02,12.782954545454539,1.0,0.02,50.0,0
2481,2698,0.26580988455988447,0.03,8.860329485329483,1.0,0.03,33.333333333333336,0
2482,2699,0.2090833333333332,0.018333333333333333,11.404545454545447,1.0,0.03,33.333333333333336,0
2483,2700,1.0,0.02,50.0,1.0,0.02,50.0,1
2484,2701,0.23784523809523794,0.0125,19.027619047619034,1.0,0.02,50.0,0
2485,2702,0.22775793650793644,0.01,22.775793650793645,1.0,0.01,100.0,0
2486,2703,0.21634462759462747,0.01,21.634462759462746,0.99,0.01,99.0,0
2487,2704,0.22626623376623356,0.01,22.626623376623357,1.0,0.01,100.0,0
2488,2705,0.1844924242424241,0.0325,5.676689976689972,0.99,0.05,19.799999999999997,0
2489,2706,0.2585317460317459,0.01,25.853174603174587,1.0,0.01,100.0,0
2490,2707,0.22880555555555537,0.0,,0.99,0.0,,0
2491,2708,0.23827128427128424,0.02333333333333333,10.211626468769326,0.99,0.03,33.0,0
2492,2709,0.14858116883116873,0.03,4.952705627705624,0.99,0.03,33.0,0
2493,2711,0.2708253968253967,0.02,13.541269841269834,0.99,0.02,49.5,0
2494,2713,1.0,0.03,33.333333333333336,1.0,0.03,33.333333333333336,1
2495,2715,0.16584498834498831,0.0325,5.102922718307332,0.94,0.06,15.666666666666666,0
2496,2716,0.1716873404373403,0.0,,0.96,0.0,,0
2497,2717,0.1716873404373403,0.02,8.584367021867015,0.96,0.02,48.0,0
2498,2718,0.1716873404373403,0.0,,0.96,0.0,,0
2499,2719,0.21304761904761882,0.03,7.101587301587294,1.0,0.03,33.333333333333336,0
2500,2720,0.23234956709956703,0.02,11.617478354978351,1.0,0.02,50.0,0
2501,2721,0.26157142857142857,0.013333333333333332,19.617857142857144,1.0,0.02,50.0,0
2502,2722,0.1523946608946608,0.015,10.159644059644053,0.95,0.02,47.5,0
2503,2723,0.1523946608946608,0.045,3.3865480198813516,0.95,0.05,18.999999999999996,0
2504,2724,0.20151587301587298,0.005,40.3031746031746,0.99,0.01,99.0,0
2505,2725,0.1523946608946608,0.035,4.35413316841888,0.95,0.04,23.75,0
2506,2727,0.26339682539682524,0.035,7.525623582766435,1.0,0.04,25.0,0
2507,2728,0.15942182817182807,0.028333333333333332,5.6266527590056965,0.99,0.04,24.75,0
2508,2729,0.1687669552669552,0.04,4.21917388167388,0.96,0.05,19.2,0
2509,2730,0.3278935786435786,0.02,16.39467893217893,0.97,0.02,48.5,0
2510,2731,0.1687669552669552,0.03,5.625565175565174,0.96,0.04,24.0,0
2511,2733,0.2476349206349205,0.045,5.5029982363315675,0.99,0.05,19.799999999999997,0
2512,2734,0.1687669552669552,0.02,8.43834776334776,0.96,0.03,32.0,0
2513,2736,0.19634199134199126,0.045,4.363155363155362,0.98,0.05,19.599999999999998,0
2514,2737,0.2946150793650792,0.035,8.41757369614512,1.0,0.04,25.0,0
2515,2738,0.39669444444444446,0.03,13.22314814814815,0.99,0.04,24.75,0
2516,2739,0.5,0.04833333333333334,10.344827586206895,1.0,0.06,16.666666666666668,0
2517,2740,0.2263412698412698,0.03,7.544708994708993,1.0,0.03,33.333333333333336,0
2518,2741,0.15730375180375167,0.05333333333333333,2.949445346320344,0.98,0.08,12.25,0
2519,2744,0.22614718614718599,0.03,7.538239538239533,1.0,0.03,33.333333333333336,0
2520,2746,0.258944805194805,0.003333333333333333,77.6834415584415,1.0,0.01,100.0,0
2521,2747,0.2558690476190475,0.04,6.396726190476187,0.99,0.04,24.75,0
2522,2748,0.19322727272727264,0.015,12.881818181818176,0.98,0.02,49.0,0
2523,2749,0.19322727272727264,0.015,12.881818181818176,0.98,0.02,49.0,0
2524,2751,0.1798174603174602,0.02,8.99087301587301,1.0,0.02,50.0,0
2525,2752,0.3839606782106783,0.018333333333333333,20.94330972058245,1.0,0.03,33.333333333333336,0
2526,2753,0.209671828171828,0.04333333333333334,4.838580650119106,1.0,0.05,20.0,0
2527,2754,0.2822851037851037,0.005,56.457020757020736,1.0,0.01,100.0,0
2528,2755,0.16455627705627698,0.035,4.701607915893628,0.99,0.05,19.799999999999997,0
2529,2757,0.20831421356421337,0.015,13.887614237614224,0.99,0.02,49.5,0
2530,2758,0.20889718614718608,0.03833333333333333,5.44949181253529,0.99,0.05,19.799999999999997,0
2531,2759,0.2154560994560994,0.055,3.9173836264745345,0.98,0.07,13.999999999999998,0
2532,2760,0.33588095238095245,0.03,11.196031746031748,1.0,0.03,33.333333333333336,0
2533,2761,0.2154560994560994,0.045,4.787913321246653,0.98,0.06,16.333333333333332,0
2534,2762,0.43857936507936507,0.005,87.71587301587302,0.99,0.01,99.0,0
2535,2763,0.29482153957153945,0.03,9.827384652384648,0.98,0.03,32.666666666666664,0
2536,2764,0.247211038961039,0.01,24.721103896103898,0.98,0.01,98.0,0
2537,2765,0.256111111111111,0.045,5.691358024691356,1.0,0.05,20.0,0
2538,2766,0.19235328560328552,0.04,4.808832140082138,0.97,0.06,16.166666666666668,0
2539,2767,0.19235328560328552,0.02,9.617664280164275,0.97,0.04,24.25,0
2540,2768,0.20309559884559872,0.015,13.539706589706581,1.0,0.02,50.0,0
2541,2769,0.14185375735375733,0.01,14.185375735375732,0.97,0.02,48.5,0
2542,2770,0.17425321900321894,0.02,8.712660950160947,0.97,0.02,48.5,0
2543,2771,0.14185375735375733,0.02,7.092687867687866,0.97,0.03,32.333333333333336,0
2544,2772,0.16973881673881666,0.02,8.486940836940834,0.99,0.03,33.0,0
2545,2773,0.16973881673881666,0.02,8.486940836940834,0.99,0.03,33.0,0
2546,2774,0.25773845598845585,0.015,17.182563732563725,0.99,0.02,49.5,0
2547,2775,0.2727182539682538,0.02,13.635912698412689,1.0,0.02,50.0,0
2548,2776,0.15137554112554105,0.030333333333333334,4.990402454688167,0.97,0.05,19.4,0
2549,2777,0.188603896103896,0.0175,10.7773654916512,0.97,0.03,32.333333333333336,0
2550,2778,0.20124206349206333,0.003333333333333333,60.372619047619004,1.0,0.01,100.0,0
2551,2779,0.1565335497835497,0.045,3.478523328523327,0.98,0.06,16.333333333333332,0
2552,2780,0.3976475468975469,0.025,15.905901875901876,0.98,0.03,32.666666666666664,0
2553,2781,0.19267929292929284,0.03,6.422643097643095,0.98,0.03,32.666666666666664,0
2554,2782,0.19320707070707058,0.02333333333333333,8.280303030303026,0.99,0.04,24.75,0
2555,2783,0.19320707070707058,0.05333333333333334,3.622632575757573,0.99,0.07,14.14285714285714,0
2556,2784,0.19320707070707058,0.03,6.440235690235686,0.99,0.04,24.75,0
2557,2785,0.2551584804084804,0.025,10.206339216339215,0.99,0.03,33.0,0
2558,2786,0.23553907203907185,0.03,7.851302401302395,0.98,0.04,24.5,0
2559,2787,0.32789682539682535,0.02,16.39484126984127,0.98,0.02,49.0,0
2560,2788,0.1807748917748917,0.015,12.051659451659447,1.0,0.03,33.333333333333336,0
2561,2789,0.26303571428571426,0.015,17.535714285714285,1.0,0.02,50.0,0
2562,2790,1.0,0.02,50.0,1.0,0.02,50.0,1
2563,2791,0.24242063492063476,0.022000000000000002,11.019119769119762,0.99,0.03,33.0,0
2564,2792,0.20689224664224645,0.04,5.172306166056162,1.0,0.04,25.0,0
2565,2793,0.33905555555555544,0.03,11.301851851851849,1.0,0.03,33.333333333333336,0
2566,2794,0.2597857142857141,0.02333333333333333,11.13367346938775,0.99,0.03,33.0,0
2567,2796,0.2257142857142856,0.035,6.44897959183673,1.0,0.04,25.0,0
2568,2797,0.25238888888888883,0.0375,6.730370370370369,1.0,0.05,20.0,0
2569,2798,0.1443099955599955,0.03,4.810333185333183,0.97,0.04,24.25,0
2570,2799,0.26523015873015865,0.025,10.609206349206346,0.99,0.03,33.0,0
2571,2801,0.18555591630591617,0.01,18.555591630591618,1.0,0.01,100.0,0
2572,2802,0.23882117882117876,0.03166666666666666,7.541721436458277,1.0,0.05,20.0,0
2573,2803,0.20475036075036063,0.03,6.825012025012021,1.0,0.05,20.0,0
2574,2804,0.22023015873015858,0.045,4.894003527336857,1.0,0.06,16.666666666666668,0
2575,2805,0.27347222222222206,0.015,18.23148148148147,1.0,0.03,33.333333333333336,0
2576,2807,0.39949603174603177,0.02,19.974801587301588,1.0,0.02,50.0,0
2577,2808,0.3627305194805195,0.02,18.136525974025975,1.0,0.02,50.0,0
2578,2809,0.28999639249639236,0.01,28.999639249639237,0.99,0.01,99.0,0
2579,2811,0.2762777777777777,0.02,13.813888888888883,1.0,0.02,50.0,0
2580,2813,0.1914134199134198,0.05,3.828268398268396,0.99,0.06,16.5,0
2581,2814,0.2513611111111111,0.02,12.568055555555555,0.99,0.02,49.5,0
2582,2815,0.2973888888888888,0.03,9.912962962962961,0.98,0.03,32.666666666666664,0
2583,2817,0.1662111499611499,0.05333333333333334,3.1164590617715606,0.98,0.09,10.88888888888889,0
2584,2818,0.2444170274170273,0.0625,3.910672438672437,1.0,0.07,14.285714285714285,0
2585,2819,0.2947979797979796,0.03,9.826599326599322,0.99,0.04,24.75,0
2586,2821,0.21261183261183256,0.055,3.8656696838515012,0.98,0.06,16.333333333333332,0
2587,2822,0.271952131202131,0.035,7.770060891489457,0.99,0.05,19.799999999999997,0
2588,2823,0.19984992784992778,0.026666666666666665,7.494372294372292,0.96,0.05,19.2,0
2589,2824,0.19984992784992778,0.05833333333333334,3.4259987631416187,0.96,0.07,13.714285714285712,0
2590,2825,0.2683373015873015,0.03,8.944576719576718,0.96,0.04,24.0,0
2591,2826,0.18703246753246744,0.025,7.481298701298697,0.98,0.03,32.666666666666664,0
2592,2827,0.18703246753246744,0.015,12.468831168831164,0.98,0.02,49.0,0
2593,2828,0.23463095238095236,0.015,15.64206349206349,1.0,0.02,50.0,0
2594,2830,0.25598051948051936,0.0,,1.0,0.0,,0
2595,2831,0.2857261904761904,0.03,9.524206349206347,0.99,0.03,33.0,0
2596,2832,0.23508369408369392,0.04,5.877092352092348,1.0,0.05,20.0,0
2597,2833,0.20218253968253957,0.025,8.087301587301582,0.99,0.03,33.0,0
2598,2834,0.2228535353535352,0.03,7.428451178451174,1.0,0.03,33.333333333333336,0
2599,2835,0.19134307359307354,0.02,9.567153679653677,0.97,0.02,48.5,0
2600,2838,0.23678607503607496,0.005,47.35721500721499,1.0,0.01,100.0,0
2601,2839,0.21499675324675316,0.055,3.909031877213694,1.0,0.06,16.666666666666668,0
2602,2840,0.1938492063492063,0.03333333333333333,5.815476190476189,1.0,0.04,25.0,0
2603,2841,0.5,0.02,25.0,1.0,0.02,50.0,0
2604,2842,0.2428376623376622,0.02,12.141883116883111,1.0,0.02,50.0,0
2605,2843,0.21486988011988,0.01,21.486988011988,1.0,0.01,100.0,0
2606,2844,0.2622784992784992,0.0,,1.0,0.0,,0
2607,2845,0.2707983405483404,0.02,13.539917027417019,0.98,0.02,49.0,0
2608,2846,0.16393795093795085,0.005,32.78759018759017,0.95,0.01,95.0,0
2609,2847,0.16393795093795085,0.015,10.929196729196724,0.95,0.02,47.5,0
2610,2848,0.16393795093795085,0.015,10.929196729196724,0.95,0.02,47.5,0
2611,2849,0.16393795093795085,0.045,3.643065576398908,0.95,0.05,18.999999999999996,0
2612,2850,0.16393795093795085,0.015,10.929196729196724,0.95,0.02,47.5,0
2613,2851,0.2177619047619047,0.02,10.888095238095236,0.99,0.03,33.0,0
2614,2852,0.1938347763347762,0.02,9.691738816738809,0.99,0.03,33.0,0
2615,2853,0.16393795093795085,0.015,10.929196729196724,0.95,0.02,47.5,0
2616,2855,0.22227813852813838,0.0,,1.0,0.0,,0
2617,2856,0.2287103174603174,0.02333333333333333,9.801870748299319,1.0,0.03,33.333333333333336,0
2618,2857,0.1834687257187257,0.028333333333333332,6.4753667900726715,1.0,0.04,25.0,0
2619,2858,0.1826150793650793,0.005,36.523015873015865,0.99,0.01,99.0,0
2620,2859,1.0,0.02,50.0,1.0,0.02,50.0,1
2621,2860,0.21078282828282816,0.015,14.052188552188545,0.99,0.02,49.5,0
2622,2861,0.12352411477411472,0.02333333333333333,5.293890633176345,0.94,0.05,18.799999999999997,0
2623,2862,0.14430783105783104,0.005,28.86156621156621,0.95,0.01,95.0,0
2624,2863,0.15027525252525242,0.005,30.055050505050485,0.95,0.01,95.0,0
2625,2864,0.12352411477411472,0.05833333333333334,2.117556253270538,0.94,0.08,11.749999999999998,0
2626,2865,0.1653428238428238,0.03,5.511427461427461,0.98,0.04,24.5,0
2627,2866,0.18541955266955268,0.015,12.361303511303513,0.99,0.02,49.5,0
2628,2867,0.25089765789765783,0.026666666666666665,9.408662171162169,0.96,0.05,19.2,0
2629,2868,0.12352411477411472,0.03833333333333333,3.222368211498645,0.94,0.06,15.666666666666666,0
2630,2869,0.12352411477411472,0.02333333333333333,5.293890633176345,0.94,0.05,18.799999999999997,0
2631,2870,0.12352411477411472,0.05333333333333333,2.316077152014651,0.94,0.08,11.749999999999998,0
2632,2871,1.0,0.035,28.57142857142857,1.0,0.05,20.0,1
2633,2872,0.23855988455988444,0.06833333333333333,3.4911202618519677,1.0,0.08,12.5,0
2634,2875,0.2740001110001108,0.0225,12.177782711116036,1.0,0.04,25.0,0
2635,2876,0.16631854256854248,0.02,8.315927128427123,0.97,0.02,48.5,0
2636,2877,0.21190476190476187,0.0,,0.97,0.0,,0
2637,2879,0.1402854645354644,0.045,3.1174547674547646,0.94,0.06,15.666666666666666,0
2638,2880,0.17053643578643565,0.03,5.684547859547855,0.94,0.03,31.333333333333332,0
2639,2881,0.1402854645354644,0.025,5.611418581418575,0.94,0.04,23.499999999999996,0
2640,2882,0.1402854645354644,0.055,2.5506448097357164,0.94,0.07,13.428571428571427,0
2641,2883,0.21466666666666653,0.03,7.1555555555555515,0.99,0.03,33.0,0
2642,2884,0.1402854645354644,0.025,5.611418581418575,0.94,0.04,23.499999999999996,0
2643,2885,0.32007936507936496,0.01,32.0079365079365,0.99,0.02,49.5,0
2644,2886,0.16476753801753793,0.045,3.6615008448341766,0.96,0.05,19.2,0
2645,2887,0.1090931568431568,0.03083333333333333,3.538156438156437,0.8,0.05,16.0,0
2646,2888,0.1090931568431568,0.03083333333333333,3.538156438156437,0.8,0.05,16.0,0
2647,2889,0.2499487734487733,0.005,49.98975468975466,0.99,0.01,99.0,0
2648,2890,0.1090931568431568,0.0175,6.233894676751817,0.8,0.03,26.666666666666668,0
2649,2891,0.1090931568431568,0.03083333333333333,3.538156438156437,0.8,0.05,16.0,0
2650,2892,0.1090931568431568,0.03083333333333333,3.538156438156437,0.8,0.05,16.0,0
2651,2893,0.1090931568431568,0.06083333333333333,1.7933121672847696,0.8,0.08,10.0,0
2652,2894,0.1090931568431568,0.07083333333333333,1.5401386848445666,0.8,0.09,8.88888888888889,0
2653,2895,0.1090931568431568,0.02083333333333333,5.236471528471528,0.8,0.04,20.0,0
2654,2896,0.1090931568431568,0.03083333333333333,3.538156438156437,0.8,0.05,16.0,0
2655,2898,0.3373492063492064,0.026666666666666665,12.65059523809524,0.99,0.05,19.799999999999997,0
2656,2899,0.15827849927849916,0.0425,3.7241999830235093,0.98,0.06,16.333333333333332,0
2657,2900,0.2517979797979797,0.03,8.39326599326599,1.0,0.03,33.333333333333336,0
2658,2901,0.21935064935064932,0.035,6.267161410018551,1.0,0.04,25.0,0
2659,2902,0.2808531746031746,0.03,9.361772486772487,1.0,0.03,33.333333333333336,0
2660,2903,0.25896067821067803,0.02,12.948033910533901,1.0,0.02,50.0,0
2661,2904,0.2791984126984126,0.03,9.306613756613753,1.0,0.03,33.333333333333336,0
2662,2905,0.2559213564213563,0.03166666666666666,8.081727044884937,1.0,0.05,20.0,0
2663,2906,0.2540156232656232,0.035,7.257589236160663,1.0,0.04,25.0,0
2664,2907,0.22353582528582522,0.0125,17.882866022866015,1.0,0.02,50.0,0
2665,2908,0.19879834054834042,0.035,5.67995258709544,1.0,0.04,25.0,0
2666,2909,0.2988217893217892,0.0225,13.280968414301743,1.0,0.03,33.333333333333336,0
2667,2910,0.15807031857031842,0.03166666666666666,4.991694270641635,1.0,0.05,20.0,0
2668,2912,0.26911904761904754,0.02,13.455952380952377,1.0,0.02,50.0,0
2669,2913,0.2965079365079364,0.025,11.860317460317455,1.0,0.03,33.333333333333336,0
2670,2914,0.2771071428571428,0.02,13.85535714285714,1.0,0.02,50.0,0
2671,2916,0.1778119796869797,0.04,4.445299492174493,1.0,0.05,20.0,0
2672,2917,0.23865115440115428,0.01,23.865115440115428,0.95,0.01,95.0,0
2673,2918,0.31792893217893214,0.03,10.597631072631073,0.99,0.03,33.0,0
2674,2919,0.3259243534243534,0.01,32.59243534243534,1.0,0.01,100.0,0
2675,2921,0.2292947330447329,0.015,15.286315536315527,0.99,0.03,33.0,0
2676,2922,0.20374639249639248,0.02333333333333333,8.731988249845394,1.0,0.03,33.333333333333336,0
2677,2923,0.2782460317460316,0.02,13.91230158730158,1.0,0.02,50.0,0
2678,2924,0.16281024531024518,0.035,4.651721294578433,1.0,0.05,20.0,0
2679,2925,0.34169444444444447,0.03,11.389814814814816,1.0,0.03,33.333333333333336,0
2680,2926,0.26283333333333325,0.0,,1.0,0.0,,0
2681,2928,0.19465584415584405,0.01,19.465584415584406,1.0,0.01,100.0,0
2682,2929,0.16631854256854248,0.02,8.315927128427123,0.97,0.02,48.5,0
2683,2930,0.16631854256854248,0.0,,0.97,0.0,,0
2684,2931,0.13928677754993535,0.035,3.979622215712438,0.89,0.04,22.25,0
2685,2932,0.2699209956709956,0.03333333333333333,8.097629870129868,0.99,0.04,24.75,0
2686,2933,0.2033178210678209,0.0,,1.0,0.0,,0
2687,2935,0.21262698412698391,0.01,21.26269841269839,1.0,0.01,100.0,0
2688,2936,0.22149242424242416,0.03,7.3830808080808055,0.98,0.03,32.666666666666664,0
2689,2938,0.5,0.02333333333333333,21.42857142857143,1.0,0.04,25.0,0
2690,2939,0.2422900432900432,0.05,4.8458008658008636,0.96,0.05,19.2,0
2691,2940,0.2282182539682539,0.026666666666666665,8.558184523809523,1.0,0.04,25.0,0
2692,2941,0.26999242424242414,0.03,8.999747474747473,1.0,0.03,33.333333333333336,0
2693,2944,0.14851262626262612,0.02,7.425631313131306,0.97,0.02,48.5,0
2694,2945,0.14851262626262612,0.02,7.425631313131306,0.97,0.02,48.5,0
2695,2946,0.18173387723387716,0.0,,0.97,0.0,,0
2696,2947,0.2651511544011543,0.025,10.60604617604617,1.0,0.03,33.333333333333336,0
2697,2948,0.20767099567099556,0.02,10.383549783549778,0.99,0.02,49.5,0
2698,2949,0.17296500721500713,0.085,2.034882437823613,0.99,0.1,9.899999999999999,0
2699,2950,0.2470360750360749,0.03,8.23453583453583,0.99,0.03,33.0,0
2700,2951,0.28273015873015866,0.025,11.309206349206345,1.0,0.03,33.333333333333336,0
2701,2952,0.17463600288600276,0.042,4.158000068714351,1.0,0.05,20.0,0
2702,2953,0.28459920634920627,0.035,8.131405895691607,1.0,0.04,25.0,0
2703,2954,0.17463600288600276,0.022000000000000002,7.938000131181942,1.0,0.03,33.333333333333336,0
2704,2955,0.2245407647907647,0.0025,89.81630591630588,1.0,0.01,100.0,0
2705,2956,0.21191353091353082,0.037000000000000005,5.727392727392724,1.0,0.07,14.285714285714285,0
2706,2957,0.18592868242868227,0.01,18.592868242868228,1.0,0.02,50.0,0
2707,2958,0.25009523809523804,0.02,12.504761904761901,1.0,0.02,50.0,0
2708,2960,0.1747074314574314,0.025,6.988297258297256,1.0,0.03,33.333333333333336,0
2709,2961,0.1747074314574314,0.025,6.988297258297256,1.0,0.03,33.333333333333336,0
2710,2962,0.1747074314574314,0.015,11.647162097162093,1.0,0.02,50.0,0
2711,2963,0.2238852813852813,0.01,22.38852813852813,1.0,0.01,100.0,0
2712,2964,0.24871825396825384,0.04,6.217956349206346,1.0,0.04,25.0,0
2713,2965,0.19545707070707063,0.04166666666666667,4.690969696969694,0.97,0.06,16.166666666666668,0
2714,2966,0.2808571428571428,0.035,8.024489795918365,0.99,0.04,24.75,0
2715,2967,1.0,0.015,66.66666666666667,1.0,0.02,50.0,1
2716,2968,0.2592622655122654,0.045,5.7613836780503425,1.0,0.05,20.0,0
2717,2969,0.42493722943722945,0.0325,13.074991674991676,1.0,0.04,25.0,0
2718,2970,0.5,0.0525,9.523809523809524,1.0,0.06,16.666666666666668,0
2719,2971,0.5,0.0425,11.76470588235294,1.0,0.05,20.0,0
2720,2972,1.0,0.003333333333333333,300.0,1.0,0.01,100.0,1
2721,2973,0.28431782106782094,0.0,,0.99,0.0,,0
2722,2974,0.24445238095238087,0.01,24.445238095238086,0.99,0.01,99.0,0
2723,2975,0.18779340104340098,0.02,9.389670052170048,0.98,0.03,32.666666666666664,0
2724,2976,0.22213888888888877,0.045,4.936419753086417,0.99,0.05,19.799999999999997,0
2725,2977,0.2584765512265511,0.04,6.461913780663777,0.99,0.04,24.75,0
2726,2978,0.2171941946941946,0.01,21.71941946941946,0.99,0.01,99.0,0
2727,2979,0.24586940836940832,0.03333333333333333,7.3760822510822495,1.0,0.04,25.0,0
2728,2980,0.5,0.05,10.0,1.0,0.07,14.285714285714285,0
2729,2981,0.3098650793650792,0.03,10.328835978835974,0.98,0.03,32.666666666666664,0
2730,2982,0.1711971916971916,0.045,3.8043820377153694,1.0,0.05,20.0,0
2731,2983,0.17615548340548337,0.02,8.807774170274168,1.0,0.02,50.0,0
2732,2985,0.19344444444444434,0.02,9.672222222222217,0.99,0.02,49.5,0
2733,2986,0.19279144874733103,0.015,12.85276324982207,0.98,0.02,49.0,0
2734,2987,0.19890512265512256,0.035,5.683003504432072,0.99,0.04,24.75,0
2735,2988,0.2437904040404039,0.03,8.126346801346797,1.0,0.03,33.333333333333336,0
2736,2989,0.28200036075036056,0.015,18.80002405002404,0.99,0.02,49.5,0
2737,2990,0.17796464646464635,0.02,8.898232323232317,0.98,0.03,32.666666666666664,0
2738,2991,0.2278971861471861,0.045,5.064381914381913,0.99,0.05,19.799999999999997,0
2739,2992,0.17551309801309792,0.03166666666666666,5.542518884624146,0.97,0.05,19.4,0
2740,2993,0.2267539682539682,0.022000000000000002,10.306998556998554,0.97,0.03,32.333333333333336,0
2741,2994,0.29259498834498826,0.03,9.753166278166276,1.0,0.03,33.333333333333336,0
2742,2995,0.21878246753246738,0.0225,9.723665223665217,1.0,0.04,25.0,0
2743,2996,0.25177056277056264,0.01,25.177056277056263,1.0,0.01,100.0,0
2744,2998,0.28249145299145284,0.04,7.062286324786321,1.0,0.04,25.0,0
2745,2999,0.3002705627705628,0.01,30.02705627705628,0.97,0.01,97.0,0
2746,3000,0.2569606782106781,0.01,25.696067821067807,1.0,0.01,100.0,0
2747,3001,0.3948253968253968,0.01,39.48253968253968,1.0,0.01,100.0,0
2748,3002,0.28251659451659444,0.025,11.300663780663777,1.0,0.03,33.333333333333336,0
2749,3003,0.5,0.05333333333333333,9.375,1.0,0.07,14.285714285714285,0
2750,3004,0.4465833333333334,0.018333333333333333,24.359090909090913,1.0,0.03,33.333333333333336,0
2751,3005,0.2691825396825396,0.022000000000000002,12.23556998556998,1.0,0.03,33.333333333333336,0
2752,3006,0.22721067821067817,0.03,7.573689273689273,1.0,0.03,33.333333333333336,0
2753,3007,0.3205753968253967,0.005,64.11507936507934,0.99,0.01,99.0,0
2754,3008,0.5,0.03333333333333333,15.0,1.0,0.05,20.0,0
2755,3009,0.28509920634920627,0.01,28.509920634920626,1.0,0.01,100.0,0
2756,3010,0.25965079365079347,0.03,8.65502645502645,0.99,0.03,33.0,0
2757,3011,0.21761219336219326,0.055,3.956585333858059,0.98,0.07,13.999999999999998,0
2758,3012,0.21920238095238084,0.035,6.262925170068024,0.97,0.04,24.25,0
2759,3013,0.21920238095238084,0.015,14.613492063492057,0.97,0.02,48.5,0
2760,3014,0.3111630591630591,0.02,15.558152958152954,1.0,0.02,50.0,0
2761,3015,0.2755833333333332,0.015,18.372222222222213,1.0,0.02,50.0,0
2762,3016,0.19099639249639233,0.03333333333333333,5.72989177489177,0.99,0.06,16.5,0
2763,3017,0.28104773004773004,0.045,6.245505112171779,1.0,0.06,16.666666666666668,0
2764,3018,0.234265873015873,0.0,,0.97,0.0,,0
2765,3019,0.1799292929292928,0.04,4.49823232323232,0.99,0.04,24.75,0
2766,3020,0.2554484126984126,0.03,8.514947089947087,0.99,0.03,33.0,0
2767,3021,0.26806385281385275,0.005,53.61277056277055,1.0,0.01,100.0,0
2768,3022,0.1799292929292928,0.01,17.99292929292928,0.99,0.01,99.0,0
2769,3023,0.26860328560328545,0.045,5.9689619022952325,1.0,0.05,20.0,0
2770,3024,0.23809559884559867,0.01,23.809559884559867,1.0,0.01,100.0,0
2771,3025,0.34701190476190474,0.03833333333333333,9.05248447204969,1.0,0.05,20.0,0
2772,3026,1.0,0.025,40.0,1.0,0.03,33.333333333333336,1
2773,3027,0.26650036075036065,0.02,13.325018037518033,1.0,0.03,33.333333333333336,0
2774,3028,1.0,0.035,28.57142857142857,1.0,0.04,25.0,1
2775,3029,0.2996981629481627,0.006666666666666666,44.95472444222441,1.0,0.02,50.0,0
2776,3030,0.2448807026307026,0.0,,0.99,0.0,,0
2777,3031,0.2517467532467532,0.01,25.17467532467532,1.0,0.01,100.0,0
2778,3032,1.0,0.04,25.0,1.0,0.04,25.0,1
2779,3033,0.27097222222222217,0.013333333333333332,20.322916666666664,1.0,0.02,50.0,0
2780,3034,0.27936111111111095,0.025,11.174444444444438,1.0,0.03,33.333333333333336,0
2781,3035,0.21683333333333318,0.013333333333333332,16.26249999999999,1.0,0.02,50.0,0
2782,3036,0.2819051226551225,0.027000000000000003,10.44093046870824,0.92,0.04,23.0,0
2783,3037,0.3982738095238095,0.005,79.6547619047619,1.0,0.01,100.0,0
2784,3038,0.5,0.02,25.0,1.0,0.04,25.0,0
2785,3039,0.363904761904762,0.015,24.260317460317466,1.0,0.02,50.0,0
2786,3040,0.2801468253968251,0.025,11.205873015873005,1.0,0.03,33.333333333333336,0
2787,3041,0.291067821067821,0.04,7.276695526695525,1.0,0.04,25.0,0
2788,3042,0.5,0.04,12.5,1.0,0.06,16.666666666666668,0
2789,3043,0.5,0.02,25.0,1.0,0.04,25.0,0
2790,3044,0.2130357142857141,0.015,14.20238095238094,1.0,0.02,50.0,0
2791,3046,0.20633272283272266,0.03,6.877757427757422,0.99,0.04,24.75,0
2792,3047,0.2189957819957819,0.04833333333333333,4.530947213705833,1.0,0.06,16.666666666666668,0
2793,3048,0.2065361860361859,0.0075,27.53815813815812,1.0,0.02,50.0,0
2794,3049,0.19260689310689302,0.03,6.420229770229768,1.0,0.03,33.333333333333336,0
2795,3050,0.27572655122655115,0.013333333333333332,20.679491341991337,1.0,0.02,50.0,0
2796,3051,0.17689693639693627,0.01,17.689693639693626,0.99,0.01,99.0,0
2797,3052,0.17689693639693627,0.01,17.689693639693626,0.99,0.01,99.0,0
2798,3053,0.2773459595959594,0.03,9.244865319865314,1.0,0.03,33.333333333333336,0
2799,3054,0.17689693639693627,0.0,,0.99,0.0,,0
2800,3055,0.20815873015872996,0.035,5.947392290249427,0.99,0.04,24.75,0
2801,3056,0.22480555555555543,0.0,,0.99,0.0,,0
2802,3057,0.20943650793650778,0.005,41.88730158730156,0.99,0.01,99.0,0
2803,3059,0.2507582972582971,0.035,7.164522778808489,1.0,0.04,25.0,0
2804,3060,0.24202752802752792,0.03,8.067584267584264,0.99,0.04,24.75,0
2805,3061,0.1867302697302696,0.015,12.44868464868464,0.96,0.02,48.0,0
2806,3062,0.22443759018759007,0.013333333333333332,16.832819264069258,1.0,0.02,50.0,0
2807,3063,0.14851021201021194,0.056666666666666664,2.6207684472390342,0.9,0.08,11.25,0
2808,3066,0.16567615717615708,0.0225,7.36338476338476,1.0,0.05,20.0,0
2809,3068,0.18441305916305897,0.04,4.610326479076474,1.0,0.05,20.0,0
2810,3070,0.17488131313131305,0.05833333333333334,2.9979653679653664,0.95,0.09,10.555555555555555,0
2811,3071,0.18677777777777765,0.025333333333333333,7.372807017543855,0.99,0.04,24.75,0
2812,3072,0.23303607503607487,0.0275,8.474039092220904,1.0,0.04,25.0,0
2813,3073,0.2760476190476189,0.0,,1.0,0.0,,0
2814,3074,0.18677777777777765,0.015333333333333332,12.181159420289848,0.99,0.03,33.0,0
2815,3075,0.18258369408369401,0.028333333333333335,6.444130379424494,0.97,0.05,19.4,0
2816,3076,0.18677777777777765,0.035333333333333335,5.286163522012575,0.99,0.05,19.799999999999997,0
2817,3077,0.3454484126984127,0.035,9.869954648526075,0.99,0.05,19.799999999999997,0
2818,3078,0.5,0.0175,28.57142857142857,1.0,0.03,33.333333333333336,0
2819,3080,0.35517099567099564,0.015,23.678066378066376,1.0,0.02,50.0,0
2820,3081,0.27180627705627686,0.01,27.180627705627685,1.0,0.01,100.0,0
2821,3082,0.16499614274614263,0.025,6.599845709845705,0.99,0.03,33.0,0
2822,3083,0.19046439671439663,0.05833333333333333,3.265103943675371,0.99,0.08,12.375,0
2823,3084,0.259031746031746,0.05,5.18063492063492,1.0,0.05,20.0,0
2824,3085,0.2092301587301586,0.03333333333333333,6.276904761904758,1.0,0.05,20.0,0
2825,3086,0.24204365079365064,0.03,8.068121693121688,1.0,0.03,33.333333333333336,0
2826,3087,0.22207142857142842,0.045,4.934920634920632,1.0,0.05,20.0,0
2827,3088,0.2454285714285713,0.015,16.361904761904754,1.0,0.02,50.0,0
2828,3089,1.0,0.025,40.0,1.0,0.03,33.333333333333336,1
2829,3090,0.24594444444444424,0.015,16.396296296296285,0.98,0.02,49.0,0
2830,3091,0.2092301587301586,0.04333333333333333,4.828388278388276,1.0,0.06,16.666666666666668,0
2831,3092,0.28806349206349197,0.01,28.806349206349196,1.0,0.01,100.0,0
2832,3093,0.16583730158730148,0.013333333333333332,12.437797619047611,0.96,0.02,48.0,0
2833,3094,0.31426587301587283,0.01,31.426587301587283,0.97,0.01,97.0,0
2834,3095,0.20577777777777762,0.035,5.8793650793650745,1.0,0.04,25.0,0
2835,3096,0.18445274170274162,0.03,6.1484247234247205,1.0,0.03,33.333333333333336,0
2836,3097,0.16583730158730148,0.003333333333333333,49.751190476190445,0.96,0.01,96.0,0
2837,3098,0.2297582972582972,0.01,22.97582972582972,1.0,0.01,100.0,0
2838,3099,0.2082656232656232,0.005,41.65312465312464,0.96,0.01,96.0,0
2839,3101,0.3163791208791208,0.035,9.039403453689165,1.0,0.05,20.0,0
2840,3102,0.18030674880674877,0.015,12.020449920449918,1.0,0.02,50.0,0
2841,3103,0.32780158730158726,0.015,21.85343915343915,1.0,0.02,50.0,0
2842,3104,0.2299848484848484,0.01,22.99848484848484,1.0,0.01,100.0,0
2843,3105,0.5,0.05,10.0,1.0,0.06,16.666666666666668,0
2844,3106,0.3154527417027417,0.0,,0.99,0.0,,0
2845,3107,0.30195634920634906,0.04,7.548908730158726,0.99,0.06,16.5,0
2846,3108,0.226642857142857,0.01,22.6642857142857,1.0,0.01,100.0,0
2847,3109,0.19750468975468966,0.011666666666666665,16.92897340754483,0.96,0.03,32.0,0
2848,3110,0.27746536796536775,0.04,6.936634199134193,1.0,0.04,25.0,0
2849,3111,0.1958427128427128,0.04,4.8960678210678195,1.0,0.04,25.0,0
2850,3112,0.19638997113997103,0.035,5.6111420325706005,1.0,0.05,20.0,0
2851,3113,0.19638997113997103,0.035,5.6111420325706005,1.0,0.05,20.0,0
2852,3114,0.3972106782106783,0.01,39.72106782106783,1.0,0.01,100.0,0
2853,3115,0.3972900432900433,0.01,39.72900432900433,1.0,0.01,100.0,0
2854,3117,0.2591435786435786,0.03,8.638119288119288,1.0,0.03,33.333333333333336,0
2855,3118,0.32808669108669114,0.03333333333333333,9.842600732600735,1.0,0.05,20.0,0
2856,3119,0.28355097680097674,0.02,14.177548840048837,1.0,0.03,33.333333333333336,0
2857,3120,0.2026664169164169,0.025,8.106656676656675,1.0,0.03,33.333333333333336,0
2858,3123,0.18818127705627696,0.0,,1.0,0.0,,0
2859,3124,0.332613455988456,0.05,6.6522691197691195,1.0,0.06,16.666666666666668,0
2860,3125,0.27905555555555545,0.025,11.162222222222217,0.98,0.03,32.666666666666664,0
2861,3126,0.26379773004772994,0.01,26.379773004772993,0.99,0.01,99.0,0
2862,3127,0.2887384559884558,0.03,9.624615199615194,1.0,0.03,33.333333333333336,0
2863,3128,0.17918066655566645,0.055,3.2578303010121172,1.0,0.06,16.666666666666668,0
2864,3129,0.34434559884559873,0.035,9.83844568130282,1.0,0.04,25.0,0
2865,3130,0.22796897546897538,0.01,22.796897546897537,1.0,0.01,100.0,0
2866,3131,0.17573398823398814,0.02,8.786699411699407,1.0,0.03,33.333333333333336,0
2867,3132,0.2571194083694083,0.035,7.3462688105545215,1.0,0.04,25.0,0
2868,3133,0.17573398823398814,0.04,4.393349705849704,1.0,0.05,20.0,0
2869,3134,0.17573398823398814,0.03,5.857799607799605,1.0,0.04,25.0,0
2870,3135,0.17573398823398814,0.01,17.573398823398815,1.0,0.02,50.0,0
2871,3136,0.2277034632034631,0.02,11.385173160173155,1.0,0.02,50.0,0
2872,3137,0.26173881673881655,0.03,8.724627224627218,0.97,0.03,32.333333333333336,0
2873,3138,0.2875797258297257,0.02,14.378986291486283,0.97,0.02,48.5,0
2874,3140,0.29577380952380944,0.005,59.154761904761884,1.0,0.01,100.0,0
2875,3142,0.16803968253968243,0.03,5.601322751322748,1.0,0.03,33.333333333333336,0
2876,3143,0.19336940836940827,0.02,9.668470418470413,1.0,0.03,33.333333333333336,0
2877,3144,0.2818888888888887,0.03,9.39629629629629,1.0,0.03,33.333333333333336,0
2878,3145,0.2649880952380952,0.0,,1.0,0.0,,0
2879,3146,0.19531024531024518,0.02,9.765512265512259,1.0,0.03,33.333333333333336,0
2880,3147,0.2344404761904761,0.03333333333333333,7.0332142857142825,1.0,0.04,25.0,0
2881,3148,0.2826511544011544,0.005,56.53023088023088,1.0,0.01,100.0,0
2882,3149,0.21923448773448753,0.05333333333333333,4.1106466450216415,1.0,0.08,12.5,0
2883,3150,0.29738095238095236,0.045,6.608465608465608,1.0,0.05,20.0,0
2884,3151,0.16329051504051495,0.003333333333333333,48.98715451215449,0.99,0.01,99.0,0
2885,3152,0.16329051504051495,0.03333333333333333,4.898715451215448,0.99,0.04,24.75,0
2886,3153,0.19657659007659004,0.06333333333333334,3.103840895946158,0.98,0.09,10.88888888888889,0
2887,3154,0.19657659007659004,0.06333333333333334,3.103840895946158,0.98,0.09,10.88888888888889,0
2888,3155,0.2412781385281384,0.04,6.03195346320346,1.0,0.04,25.0,0
2889,3156,0.2002342379842378,0.04583333333333333,4.368747010565189,1.0,0.07,14.285714285714285,0
2890,3158,0.17867929292929283,0.03,5.955976430976428,0.95,0.04,23.75,0
2891,3159,0.26124278499278497,0.0,,1.0,0.0,,0
2892,3160,0.3419484126984127,0.04,8.548710317460317,0.97,0.04,24.25,0
2893,3162,0.28051623376623375,0.04,7.012905844155844,1.0,0.05,20.0,0
2894,3163,0.17867929292929283,0.02,8.933964646464641,0.95,0.03,31.666666666666668,0
2895,3164,0.23360786435786418,0.02,11.680393217893208,0.95,0.02,47.5,0
2896,3165,0.1843095238095237,0.06,3.0718253968253952,0.98,0.08,12.25,0
2897,3166,0.1843095238095237,0.07333333333333333,2.5133116883116866,0.98,0.1,9.799999999999999,0
2898,3167,0.1843095238095237,0.04833333333333333,3.813300492610835,0.98,0.08,12.25,0
2899,3168,0.2603531746031744,0.025,10.414126984126977,1.0,0.03,33.333333333333336,0
2900,3169,0.5,0.02,25.0,1.0,0.02,50.0,0
2901,3171,0.1979567099567098,0.04,4.948917748917745,0.99,0.04,24.75,0
2902,3172,0.22089718614718604,0.01,22.089718614718603,0.98,0.01,98.0,0
2903,3173,0.29300829725829713,0.02,14.650414862914856,0.98,0.02,49.0,0
2904,3174,0.1838344155844155,0.05833333333333333,3.1514471243042657,0.99,0.07,14.14285714285714,0
2905,3175,0.23130988455988447,0.035,6.608853844568127,1.0,0.04,25.0,0
2906,3176,0.28097222222222207,0.035,8.027777777777773,0.98,0.04,24.5,0
2907,3180,0.26756385281385275,0.018333333333333333,14.594391971664695,0.99,0.03,33.0,0
2908,3181,0.2723181818181817,0.0275,9.902479338842971,0.99,0.05,19.799999999999997,0
2909,3182,0.5,0.0275,18.181818181818183,1.0,0.05,20.0,0
2910,3183,0.5,0.0525,9.523809523809524,1.0,0.07,14.285714285714285,0
2911,3184,0.5,0.0275,18.181818181818183,1.0,0.05,20.0,0
2912,3185,0.37250396825396825,0.04,9.312599206349207,0.99,0.05,19.799999999999997,0
2913,3186,0.5,0.0475,10.526315789473685,1.0,0.07,14.285714285714285,0
2914,3187,0.5,0.0575,8.695652173913043,1.0,0.08,12.5,0
2915,3188,0.24922619047619038,0.0,,0.99,0.0,,0
2916,3189,0.31446403596403577,0.02333333333333333,13.47703011274439,1.0,0.03,33.333333333333336,0
2917,3190,0.31742893217893203,0.005,63.48578643578641,1.0,0.01,100.0,0
2918,3191,0.2515396825396824,0.0,,1.0,0.0,,0
2919,3192,0.22647258297258294,0.045,5.032724066057399,0.96,0.05,19.2,0
2920,3193,0.19713492063492052,0.02,9.856746031746026,0.99,0.02,49.5,0
2921,3194,0.0,0.03,0.0,0.0,0.04,0.0,0
2922,3195,0.0,0.03,0.0,0.0,0.04,0.0,0
2923,3196,0.22336111111111095,0.01,22.336111111111094,1.0,0.01,100.0,0
2924,3197,0.18293290043290042,0.05,3.658658008658008,1.0,0.05,20.0,0
2925,3198,0.17917374292374283,0.0225,7.96327746327746,1.0,0.04,25.0,0
2926,3199,0.3059761904761903,0.025,12.23904761904761,1.0,0.03,33.333333333333336,0
2927,3200,0.27485714285714274,0.06,4.580952380952379,1.0,0.06,16.666666666666668,0
2928,3201,0.18258441558441543,0.01,18.258441558441543,1.0,0.01,100.0,0
2929,3202,0.31166702741702723,0.005,62.33340548340544,1.0,0.01,100.0,0
2930,3203,0.2079891774891774,0.02,10.399458874458869,0.99,0.03,33.0,0
2931,3204,0.2079891774891774,0.05,4.159783549783548,0.99,0.06,16.5,0
2932,3205,0.17163911088911094,0.035,4.90397459683174,0.96,0.05,19.2,0
2933,3206,0.17705663780663766,0.03333333333333333,5.31169913419913,0.99,0.05,19.799999999999997,0
2934,3207,0.17705663780663766,0.02333333333333333,7.588141620284472,0.99,0.04,24.75,0
2935,3208,0.22701327838827834,0.055,4.127514152514151,0.99,0.06,16.5,0
2936,3209,0.24407478632478616,0.025,9.762991452991447,1.0,0.03,33.333333333333336,0
2937,3210,0.41729761904761903,0.02033333333333333,20.522833723653395,1.0,0.04,25.0,0
2938,3211,0.3585952380952381,0.01,35.85952380952381,1.0,0.01,100.0,0
2939,3212,0.5,0.015,33.333333333333336,1.0,0.02,50.0,0
2940,3213,0.5,0.025,20.0,1.0,0.03,33.333333333333336,0
2941,3214,0.5,0.025,20.0,1.0,0.03,33.333333333333336,0
2942,3215,0.5,0.035,14.285714285714285,1.0,0.04,25.0,0
2943,3216,0.36326587301587326,0.003333333333333333,108.97976190476199,0.95,0.01,95.0,0
2944,3217,0.5,0.015,33.333333333333336,1.0,0.02,50.0,0
2945,3218,0.5,0.055,9.090909090909092,1.0,0.06,16.666666666666668,0
2946,3219,0.5,0.005,100.0,1.0,0.01,100.0,0
2947,3220,0.5,0.035,14.285714285714285,1.0,0.04,25.0,0
2948,3221,0.5,0.015,33.333333333333336,1.0,0.02,50.0,0
2949,3222,0.5,0.045,11.11111111111111,1.0,0.05,20.0,0
2950,3223,0.5,0.015,33.333333333333336,1.0,0.02,50.0,0
2951,3224,0.5,0.005,100.0,1.0,0.01,100.0,0
2952,3225,0.23432936507936497,0.025,9.373174603174599,1.0,0.03,33.333333333333336,0
2953,3226,0.1657987012987012,0.035,4.7371057513914625,1.0,0.04,25.0,0
2954,3227,0.27369047619047615,0.0425,6.439775910364144,0.99,0.05,19.799999999999997,0
2955,3228,0.1657987012987012,0.025,6.631948051948047,1.0,0.03,33.333333333333336,0
2956,3229,0.14116317016317007,0.02,7.058158508158503,0.83,0.03,27.666666666666668,0
2957,3230,0.14116317016317007,0.04,3.5290792540792517,0.83,0.05,16.599999999999998,0
2958,3231,0.14116317016317007,0.03,4.705439005439002,0.83,0.04,20.75,0
2959,3232,0.14116317016317007,0.03,4.705439005439002,0.83,0.04,20.75,0
2960,3233,0.14923532023532013,0.015,9.949021349021342,0.87,0.03,29.0,0
2961,3234,0.14116317016317007,0.04,3.5290792540792517,0.83,0.05,16.599999999999998,0
2962,3235,0.17800072150072146,0.02,8.900036075036073,0.83,0.02,41.5,0
2963,3237,0.42996067821067824,0.04833333333333333,8.895738169876102,1.0,0.06,16.666666666666668,0
2964,3238,0.22787932900432903,0.0,,0.96,0.0,,0
2965,3239,0.19996464646464635,0.03333333333333333,5.9989393939393905,1.0,0.05,20.0,0
2966,3240,0.18099603174603157,0.003333333333333333,54.298809523809474,0.96,0.01,96.0,0
2967,3241,0.18099603174603157,0.013333333333333332,13.574702380952369,0.96,0.02,48.0,0
2968,3242,0.33900793650793637,0.01,33.90079365079364,1.0,0.01,100.0,0
2969,3243,0.23413095238095236,0.005,46.82619047619047,0.96,0.01,96.0,0
2970,3244,0.0,0.025,0.0,0.0,0.04,0.0,0
2971,3245,0.0,0.035,0.0,0.0,0.04,0.0,0
2972,3246,0.2005073260073259,0.025,8.020293040293035,0.98,0.04,24.5,0
2973,3247,0.1800717893217893,0.01,18.00717893217893,1.0,0.01,100.0,0
2974,3248,0.17807575757575755,0.02,8.903787878787877,1.0,0.03,33.333333333333336,0
2975,3249,0.19208802308802295,0.01,19.208802308802294,1.0,0.01,100.0,0
2976,3250,0.42460317460317465,0.025,16.984126984126984,1.0,0.03,33.333333333333336,0
2977,3251,0.2757896825396825,0.01,27.57896825396825,1.0,0.01,100.0,0
2978,3252,0.2772539682539682,0.02,13.862698412698409,1.0,0.02,50.0,0
2979,3253,0.2529206349206348,0.04333333333333333,5.836630036630035,1.0,0.06,16.666666666666668,0
2980,3255,0.40543290043290037,0.015,27.028860028860027,1.0,0.02,50.0,0
2981,3256,0.3024279609279608,0.013333333333333332,22.682097069597063,1.0,0.02,50.0,0
2982,3257,0.20695238095238086,0.005,41.39047619047617,1.0,0.01,100.0,0
2983,3258,0.2874325396825395,0.025,11.49730158730158,1.0,0.03,33.333333333333336,0
2984,3259,0.3418333333333332,0.018333333333333333,18.645454545454538,1.0,0.03,33.333333333333336,0
2985,3260,0.2696428571428571,0.016666666666666666,16.178571428571423,1.0,0.03,33.333333333333336,0
2986,3261,0.18551587301587286,0.035,5.300453514739224,1.0,0.05,20.0,0
2987,3262,0.34649603174603166,0.04166666666666667,8.31590476190476,1.0,0.06,16.666666666666668,0
2988,3263,0.18551587301587286,0.045,4.122574955908286,1.0,0.06,16.666666666666668,0
2989,3264,0.18551587301587286,0.025,7.420634920634914,1.0,0.04,25.0,0
2990,3265,0.2372619047619047,0.03,7.908730158730157,1.0,0.03,33.333333333333336,0
2991,3266,0.33675072150072155,0.04,8.418768037518038,1.0,0.06,16.666666666666668,0
2992,3267,0.21186580086580076,0.03333333333333333,6.355974025974023,1.0,0.05,20.0,0
2993,3268,0.5,0.018333333333333333,27.272727272727273,1.0,0.03,33.333333333333336,0
2994,3269,0.5,0.035,14.285714285714285,1.0,0.04,25.0,0
2995,3270,0.5,0.025,20.0,1.0,0.04,25.0,0
2996,3271,0.42347222222222236,0.03,14.115740740740746,1.0,0.04,25.0,0
2997,3272,0.33918650793650795,0.01,33.9186507936508,0.99,0.02,49.5,0
2998,3273,0.5,0.03,16.666666666666668,1.0,0.04,25.0,0
2999,3274,0.2687543290043289,0.005,53.750865800865775,1.0,0.01,100.0,0
3000,3275,0.24390945165945155,0.05,4.878189033189031,1.0,0.05,20.0,0
3001,3276,0.27529761904761896,0.035,7.865646258503398,1.0,0.04,25.0,0
3002,3277,0.5,0.06,8.333333333333334,1.0,0.07,14.285714285714285,0
3003,3278,0.3548614718614719,0.025,14.194458874458874,1.0,0.03,33.333333333333336,0
3004,3279,0.3502063492063492,0.055,6.367388167388167,0.99,0.06,16.5,0
3005,3280,0.25123520923520903,0.05083333333333334,4.942331984954931,0.98,0.08,12.25,0
3006,3281,0.5,0.01,50.0,1.0,0.02,50.0,0
3007,3282,0.3327103174603173,0.02,16.635515873015866,1.0,0.02,50.0,0
3008,3284,0.28186976911976896,0.005,56.37395382395379,0.99,0.01,99.0,0
3009,3285,0.27065512265512265,0.03833333333333333,7.060568417090157,1.0,0.05,20.0,0
3010,3288,0.1947705627705627,0.035,5.564873222016077,0.99,0.05,19.799999999999997,0
3011,3290,0.2563009768009767,0.02,12.815048840048835,1.0,0.02,50.0,0
3012,3291,0.2920357142857141,0.03,9.734523809523804,1.0,0.04,25.0,0
3013,3292,0.23251587301587284,0.01,23.251587301587282,1.0,0.01,100.0,0
3014,3293,0.21311219336219342,0.0,,1.0,0.0,,0
3015,3294,0.21465945165945158,0.028333333333333335,7.57621594092182,0.99,0.04,24.75,0
3016,3296,0.36044419469419464,0.0175,20.596811125382548,0.99,0.03,33.0,0
3017,3297,0.19333705183705172,0.03,6.444568394568391,0.99,0.04,24.75,0
3018,3298,0.1907699522699521,0.0425,4.4887047592929905,0.93,0.07,13.285714285714285,0
3019,3299,0.1907699522699521,0.0425,4.4887047592929905,0.93,0.07,13.285714285714285,0
3020,3300,0.19574711399711384,0.05,3.9149422799422764,1.0,0.05,20.0,0
3021,3301,0.26715674603174594,0.01,26.715674603174595,1.0,0.01,100.0,0
3022,3302,0.1907699522699521,0.0225,8.478664545331204,0.93,0.05,18.6,0
3023,3303,0.1907699522699521,0.0525,3.6337133765705163,0.93,0.08,11.625,0
3024,3304,0.23615476190476187,0.0075,31.487301587301584,0.99,0.02,49.5,0
3025,3305,0.23433441558441537,0.0,,0.99,0.0,,0
3026,3306,0.28726526251526235,0.035,8.207578929007495,1.0,0.04,25.0,0
3027,3307,0.25290476190476185,0.04333333333333333,5.836263736263736,0.93,0.05,18.6,0
3028,3309,0.3414999999999999,0.005,68.29999999999998,1.0,0.01,100.0,0
3029,3310,0.24672619047619043,0.02,12.336309523809522,1.0,0.02,50.0,0
3030,3311,0.16892676767676762,0.02,8.44633838383838,0.97,0.02,48.5,0
3031,3312,0.5,0.04666666666666666,10.714285714285715,1.0,0.06,16.666666666666668,0
3032,3313,0.3771230158730159,0.01,37.71230158730159,0.98,0.01,98.0,0
3033,3314,0.5,0.016666666666666666,30.0,1.0,0.03,33.333333333333336,0
3034,3315,0.2697777777777776,0.05,5.395555555555552,1.0,0.05,20.0,0
3035,3316,0.4236352813852814,0.0125,33.89082251082251,1.0,0.02,50.0,0
3036,3317,0.3204642857142856,0.02,16.02321428571428,1.0,0.02,50.0,0
3037,3318,0.5,0.016666666666666666,30.0,1.0,0.03,33.333333333333336,0
3038,3319,0.26768650793650783,0.006999999999999999,38.24092970521541,1.0,0.02,50.0,0
3039,3320,0.22977777777777764,0.025,9.191111111111105,1.0,0.03,33.333333333333336,0
3040,3321,0.25247161172161153,0.01,25.247161172161153,0.98,0.01,98.0,0
3041,3322,0.20383964646464633,0.03,6.7946548821548785,1.0,0.04,25.0,0
3042,3323,0.18902453102453098,0.02333333333333333,8.101051329622758,0.97,0.04,24.25,0
3043,3324,0.34142099567099565,0.02,17.071049783549782,1.0,0.02,50.0,0
3044,3325,0.28542460317460305,0.035,8.154988662131515,1.0,0.04,25.0,0
3045,3326,0.22994841269841257,0.016666666666666666,13.796904761904754,1.0,0.03,33.333333333333336,0
3046,3331,0.18922222222222204,0.01,18.922222222222203,0.99,0.01,99.0,0
3047,3332,0.18922222222222204,0.01,18.922222222222203,0.99,0.01,99.0,0
3048,3333,0.22977777777777764,0.016666666666666666,13.786666666666658,1.0,0.04,25.0,0
3049,3334,1.0,0.03,33.333333333333336,1.0,0.03,33.333333333333336,1
3050,3335,0.18922222222222204,0.06,3.153703703703701,0.99,0.06,16.5,0
3051,3338,0.2847103174603174,0.045,6.326895943562609,1.0,0.05,20.0,0
3052,3339,0.18428751803751794,0.03833333333333333,4.807500470543947,1.0,0.05,20.0,0
3053,3340,0.34371825396825395,0.055,6.249422799422799,0.98,0.06,16.333333333333332,0
3054,3341,0.18428751803751794,0.028333333333333332,6.504265342500633,1.0,0.04,25.0,0
3055,3342,0.18428751803751794,0.04833333333333333,3.8128452007762332,1.0,0.06,16.666666666666668,0
3056,3343,0.23539285714285707,0.02,11.769642857142854,0.99,0.02,49.5,0
3057,3344,0.18428751803751794,0.018333333333333333,10.05204643841007,1.0,0.03,33.333333333333336,0
3058,3345,0.24907142857142842,0.04,6.22678571428571,0.99,0.04,24.75,0
3059,3346,0.2593618326118325,0.01,25.93618326118325,1.0,0.01,100.0,0
3060,3348,0.20302886002885998,0.03,6.767628667628666,0.97,0.04,24.25,0
3061,3349,0.21207178932178913,0.015,14.138119288119276,1.0,0.02,50.0,0
3062,3350,0.2486154401154399,0.03,8.28718133718133,1.0,0.04,25.0,0
3063,3351,0.266313492063492,0.014499999999999999,18.36644772851669,0.98,0.03,32.666666666666664,0
3064,3352,1.0,0.0,,1.0,0.0,,1
3065,3353,0.5,0.018333333333333333,27.272727272727273,1.0,0.03,33.333333333333336,0
3066,3354,0.253988095238095,0.012,21.165674603174583,0.98,0.02,49.0,0
3067,3355,0.16817135642135628,0.04499999999999999,3.737141253807918,0.98,0.07,13.999999999999998,0
3068,3356,0.16248484848484834,0.05666666666666667,2.867379679144382,0.97,0.08,12.125,0
3069,3357,0.20146861471861452,0.021666666666666664,9.298551448551441,0.98,0.04,24.5,0
3070,3358,0.16248484848484834,0.016666666666666666,9.749090909090901,0.97,0.04,24.25,0
3071,3359,0.16248484848484834,0.016666666666666666,9.749090909090901,0.97,0.04,24.25,0
3072,3360,0.16248484848484834,0.051666666666666666,3.1448680351906133,0.97,0.07,13.857142857142856,0
3073,3361,0.19076623376623364,0.03833333333333334,4.976510446075659,0.99,0.05,19.799999999999997,0
3074,3362,0.16248484848484834,0.02666666666666667,6.0931818181818125,0.97,0.05,19.4,0
3075,3363,0.1947705627705627,0.045,4.328234728234727,0.99,0.06,16.5,0
3076,3366,0.25052380952380937,0.04,6.263095238095234,0.99,0.04,24.75,0
3077,3367,0.20082972582972572,0.0425,4.7254053136406045,0.95,0.05,18.999999999999996,0
3078,3368,0.20080566655566645,0.032,6.2751770798645765,0.97,0.04,24.25,0
3079,3369,0.20080566655566645,0.022000000000000002,9.127530297984837,0.97,0.03,32.333333333333336,0
3080,3370,0.20080566655566645,0.042,4.781087298944439,0.97,0.05,19.4,0
3081,3371,0.2700238095238095,0.0025,108.0095238095238,0.97,0.01,97.0,0
3082,3373,0.2632860750360749,0.015,17.552405002404992,0.99,0.02,49.5,0
3083,3374,0.22836580086580072,0.0275,8.304210940574572,1.0,0.04,25.0,0
3084,3375,0.24667460317460296,0.04,6.166865079365074,1.0,0.04,25.0,0
3085,3376,0.3195281385281385,0.015,21.3018759018759,1.0,0.02,50.0,0
3086,3377,0.36785256410256406,0.025,14.714102564102562,1.0,0.03,33.333333333333336,0
3087,3378,0.2625238095238094,0.02,13.12619047619047,0.98,0.02,49.0,0
3088,3379,0.24889285714285705,0.06333333333333332,3.929887218045112,0.99,0.07,14.14285714285714,0
3089,3380,0.2814517704517703,0.005,56.29035409035406,0.99,0.01,99.0,0
3090,3381,1.0,0.02,50.0,1.0,0.02,50.0,1
3091,3382,0.5,0.051666666666666666,9.67741935483871,1.0,0.07,14.285714285714285,0
3092,3383,0.5,0.02,25.0,1.0,0.03,33.333333333333336,0
3093,3384,0.4255515873015874,0.015,28.370105820105827,1.0,0.02,50.0,0
3094,3385,0.5,0.021666666666666664,23.07692307692308,1.0,0.04,25.0,0
3095,3386,0.3550277777777778,0.03666666666666667,9.682575757575757,1.0,0.06,16.666666666666668,0
3096,3388,0.34764285714285714,0.0,,1.0,0.0,,0
3097,3389,0.18226136363636347,0.035,5.207467532467527,0.99,0.05,19.799999999999997,0
3098,3390,0.22824938949938925,0.045,5.072208655541983,1.0,0.05,20.0,0
3099,3391,0.26135750360750354,0.005,52.27150072150071,0.99,0.01,99.0,0
3100,3392,0.2415039682539681,0.04,6.037599206349203,0.99,0.04,24.75,0
3101,3393,0.2830972222222221,0.055,5.14722222222222,1.0,0.06,16.666666666666668,0
3102,3394,1.0,0.015,66.66666666666667,1.0,0.02,50.0,1
3103,3395,0.18178318903318888,0.0,,0.97,0.0,,0
3104,3396,0.19163997113997103,0.03666666666666667,5.226544667453755,0.97,0.05,19.4,0
3105,3397,0.2824166666666666,0.035,8.069047619047616,1.0,0.05,20.0,0
3106,3398,0.18178318903318888,0.01,18.17831890331889,0.97,0.01,97.0,0
3107,3399,0.20935317460317446,0.035,5.981519274376413,1.0,0.04,25.0,0
3108,3400,0.18178318903318888,0.03,6.05943963443963,0.97,0.03,32.333333333333336,0
3109,3401,0.18178318903318888,0.02,9.089159451659444,0.97,0.02,48.5,0
3110,3402,0.23149242424242406,0.013333333333333332,17.361931818181805,1.0,0.02,50.0,0
3111,3403,0.26035786435786423,0.0,,0.98,0.0,,0
3112,3404,0.23744480519480515,0.01,23.744480519480515,0.99,0.01,99.0,0
3113,3405,0.20681349206349198,0.005,41.36269841269839,1.0,0.01,100.0,0
3114,3406,0.24890054390054378,0.015,16.593369593369587,0.99,0.02,49.5,0
3115,3407,0.20681349206349198,0.015,13.787566137566133,1.0,0.02,50.0,0
3116,3408,0.2754606782106783,0.01,27.546067821067833,1.0,0.01,100.0,0
3117,3409,0.34794444444444445,0.02,17.397222222222222,1.0,0.02,50.0,0
3118,3410,0.31973412698412684,0.0,,0.99,0.0,,0
3119,3411,0.20298412698412693,0.016666666666666666,12.179047619047616,1.0,0.04,25.0,0
3120,3412,0.20298412698412693,0.04666666666666666,4.349659863945577,1.0,0.07,14.285714285714285,0
3121,3416,0.1779009046509045,0.013333333333333332,13.342567848817838,0.93,0.02,46.5,0
3122,3417,0.3022499999999999,0.0,,0.99,0.0,,0
3123,3418,0.1779009046509045,0.02333333333333333,7.624324485038765,0.93,0.03,31.000000000000004,0
3124,3422,0.4204170274170275,0.015,28.027801827801834,0.99,0.02,49.5,0
3125,3423,0.1779009046509045,0.003333333333333333,53.37027139527135,0.93,0.01,93.0,0
3126,3424,0.1779009046509045,0.013333333333333332,13.342567848817838,0.93,0.02,46.5,0
3127,3425,0.16826176601176596,0.017,9.897750941868585,0.89,0.03,29.666666666666668,0
3128,3426,0.1779009046509045,0.03333333333333333,5.337027139527135,0.93,0.04,23.25,0
3129,3427,0.1779009046509045,0.02333333333333333,7.624324485038765,0.93,0.03,31.000000000000004,0
3130,3429,0.1890907703407703,0.01,18.90907703407703,0.99,0.02,49.5,0
3131,3433,0.2865007215007214,0.055,5.209104027285844,0.97,0.06,16.166666666666668,0
3132,3434,0.2216792929292928,0.03333333333333333,6.650378787878784,0.99,0.04,24.75,0
3133,3435,0.3010436507936507,0.01,30.10436507936507,1.0,0.01,100.0,0
3134,3436,0.5,0.025,20.0,1.0,0.03,33.333333333333336,0
3135,3437,0.5,0.035,14.285714285714285,1.0,0.04,25.0,0
3136,3438,0.5,0.035,14.285714285714285,1.0,0.04,25.0,0
3137,3439,0.2606230158730158,0.02,13.03115079365079,0.99,0.02,49.5,0
3138,3440,0.5,0.015,33.333333333333336,1.0,0.02,50.0,0
3139,3441,0.340702380952381,0.055,6.194588744588745,0.99,0.07,14.14285714285714,0
3140,3443,0.29315151515151494,0.02,14.657575757575747,1.0,0.02,50.0,0
3141,3444,0.3757582972582973,0.045,8.350184383517718,1.0,0.05,20.0,0
3142,3445,0.3198452380952379,0.015,21.323015873015862,1.0,0.02,50.0,0
3143,3446,0.40186147186147186,0.04,10.046536796536797,1.0,0.04,25.0,0
3144,3447,1.0,0.03,33.333333333333336,1.0,0.03,33.333333333333336,1
3145,3448,0.2111068931068931,0.03166666666666667,6.6665334665334655,0.99,0.06,16.5,0
3146,3449,1.0,0.015,66.66666666666667,1.0,0.02,50.0,1
3147,3450,0.2411746031746031,0.035,6.890702947845802,1.0,0.04,25.0,0
3148,3451,0.22045274170274154,0.01,22.045274170274155,0.99,0.01,99.0,0
3149,3452,0.2664444444444444,0.005,53.28888888888887,1.0,0.01,100.0,0
3150,3453,1.0,0.0,,1.0,0.0,,1
3151,3454,1.0,0.025,40.0,1.0,0.03,33.333333333333336,1
3152,3455,0.2585912698412698,0.025,10.343650793650792,1.0,0.03,33.333333333333336,0
3153,3456,1.0,0.04166666666666666,24.000000000000007,1.0,0.06,16.666666666666668,1
3154,3457,0.21945634920634902,0.04,5.486408730158725,1.0,0.04,25.0,0
3155,3458,0.2742301587301586,0.03,9.141005291005287,1.0,0.04,25.0,0
3156,3459,1.0,0.03,33.333333333333336,1.0,0.04,25.0,1
3157,3460,0.2262341269841269,0.03,7.5411375661375635,0.99,0.04,24.75,0
3158,3461,0.24614285714285708,0.0,,1.0,0.0,,0
3159,3462,0.24864224664224652,0.01,24.86422466422465,1.0,0.01,100.0,0
3160,3463,0.2214484126984126,0.01,22.14484126984126,0.99,0.01,99.0,0
3161,3464,0.27165873015873004,0.01,27.165873015873004,1.0,0.01,100.0,0
3162,3465,0.20929797979797976,0.015,13.953198653198651,1.0,0.02,50.0,0
3163,3466,0.30901190476190454,0.01,30.901190476190454,1.0,0.01,100.0,0
3164,3467,0.2258089133089132,0.035,6.4516832373975195,0.99,0.05,19.799999999999997,0
3165,3468,0.227913059163059,0.0425,5.362660215601388,0.99,0.06,16.5,0
3166,3469,0.2952698412698411,0.025,11.810793650793645,1.0,0.03,33.333333333333336,0
3167,3470,0.2509448051948051,0.035,7.169851576994431,1.0,0.04,25.0,0
3168,3471,0.3961309523809524,0.03,13.20436507936508,0.99,0.05,19.799999999999997,0
3169,3472,0.2793095238095236,0.018333333333333333,15.235064935064925,1.0,0.03,33.333333333333336,0
3170,3473,0.3081230158730158,0.03,10.270767195767194,0.99,0.03,33.0,0
3171,3475,0.5,0.03,16.666666666666668,1.0,0.04,25.0,0
3172,3477,0.23925432900432891,0.03,7.975144300144297,1.0,0.04,25.0,0
3173,3478,0.2716190476190475,0.055,4.938528138528136,1.0,0.06,16.666666666666668,0
3174,3479,0.2892424242424241,0.02333333333333333,12.39610389610389,1.0,0.03,33.333333333333336,0
3175,3480,0.2673336940836939,0.03333333333333333,8.020010822510818,0.98,0.04,24.5,0
3176,3481,0.24905158730158714,0.0175,14.231519274376407,1.0,0.03,33.333333333333336,0
3177,3482,0.29726984126984113,0.003333333333333333,89.18095238095235,1.0,0.01,100.0,0
3178,3483,0.28475396825396826,0.0225,12.655731922398589,0.99,0.03,33.0,0
3179,3486,0.45766666666666667,0.025,18.306666666666665,1.0,0.03,33.333333333333336,0
3180,3487,0.23654773004772994,0.01,23.654773004772995,1.0,0.03,33.333333333333336,0
3181,3488,0.22187698412698398,0.005,44.37539682539679,1.0,0.01,100.0,0
3182,3489,0.3272420634920635,0.016666666666666666,19.63452380952381,1.0,0.03,33.333333333333336,0
3183,3490,0.18028943278943266,0.03,6.0096477596477555,0.95,0.03,31.666666666666668,0
3184,3491,0.15027031302031296,0.022000000000000002,6.830468773650589,0.84,0.04,21.0,0
3185,3492,0.24425768675768667,0.05,4.885153735153733,0.94,0.05,18.799999999999997,0
3186,3493,0.1779009046509045,0.003333333333333333,53.37027139527135,0.93,0.01,93.0,0
3187,3494,0.1779009046509045,0.013333333333333332,13.342567848817838,0.93,0.02,46.5,0
3188,3495,0.14706926406926396,0.04533333333333333,3.2441749427043525,0.9,0.07,12.857142857142856,0
3189,3496,0.21899603174603158,0.028333333333333332,7.729271708683468,0.99,0.04,24.75,0
3190,3497,0.1779009046509045,0.003333333333333333,53.37027139527135,0.93,0.01,93.0,0
3191,3498,0.24617063492063473,0.03,8.205687830687825,1.0,0.03,33.333333333333336,0
3192,3499,0.1484687257187256,0.0,,0.92,0.0,,0
3193,3500,0.1779009046509045,0.013333333333333332,13.342567848817838,0.93,0.02,46.5,0
3194,3504,0.18072258297258284,0.005,36.14451659451657,1.0,0.01,100.0,0
3195,3506,0.38632539682539674,0.025,15.453015873015868,1.0,0.03,33.333333333333336,0
3196,3508,0.40258333333333324,0.02,20.129166666666663,1.0,0.02,50.0,0
3197,3509,0.19119816294816286,0.0125,15.295853035853028,0.99,0.02,49.5,0
3198,3510,0.18508838383838377,0.012,15.42403198653198,1.0,0.03,33.333333333333336,0
3199,3511,0.18508838383838377,0.047,3.938050719965612,1.0,0.06,16.666666666666668,0
3200,3512,0.28546825396825387,0.025,11.418730158730154,1.0,0.04,25.0,0
3201,3513,0.23597763347763334,0.045,5.243947410614075,1.0,0.06,16.666666666666668,0
3202,3514,0.18508838383838377,0.042,4.4068662818662805,1.0,0.06,16.666666666666668,0
3203,3515,0.22048683261183244,0.02,11.024341630591621,0.99,0.03,33.0,0
3204,3516,0.23707178932178918,0.0225,10.536523969857297,1.0,0.03,33.333333333333336,0
3205,3518,0.2974325396825396,0.005,59.48650793650791,1.0,0.01,100.0,0
3206,3519,0.32189682539682524,0.05,6.437936507936504,1.0,0.05,20.0,0
3207,3520,0.3073809523809523,0.01,30.73809523809523,1.0,0.01,100.0,0
3208,3521,0.2759999999999998,0.065,4.246153846153843,1.0,0.07,14.285714285714285,0
3209,3522,0.25618253968253957,0.02,12.809126984126978,1.0,0.02,50.0,0
3210,3523,0.2635436507936506,0.015,17.56957671957671,1.0,0.02,50.0,0
3211,3524,0.22723448773448754,0.029500000000000002,7.702863990999577,1.0,0.06,16.666666666666668,0
3212,3525,0.21578210678210663,0.03333333333333333,6.473463203463199,1.0,0.04,25.0,0
3213,3526,0.35172222222222227,0.035,10.049206349206349,1.0,0.04,25.0,0
3214,3527,0.22367460317460305,0.025,8.946984126984121,1.0,0.03,33.333333333333336,0
3215,3528,0.32184920634920616,0.025,12.873968253968245,1.0,0.03,33.333333333333336,0
3216,3529,0.3087067099567099,0.035833333333333335,8.61507097553609,1.0,0.05,20.0,0
3217,3530,0.2543734876234875,0.018333333333333333,13.874917506735681,0.99,0.03,33.0,0
3218,3531,0.1856554834054834,0.035,5.304442383013811,1.0,0.04,25.0,0
3219,3532,0.19255555555555534,0.028333333333333332,6.796078431372542,1.0,0.04,25.0,0
3220,3535,0.25809126984126973,0.005,51.618253968253946,0.98,0.01,98.0,0
3221,3536,0.2405753968253967,0.035,6.873582766439905,1.0,0.06,16.666666666666668,0
3222,3537,0.29617099567099564,0.02,14.808549783549783,0.98,0.02,49.0,0
3223,3538,0.3142619047619047,0.02,15.713095238095233,1.0,0.02,50.0,0
3224,3539,0.3294365079365079,0.028333333333333335,11.627170868347337,1.0,0.04,25.0,0
3225,3540,0.2522658730158729,0.045,5.60590828924162,0.99,0.05,19.799999999999997,0
3226,3541,0.2446190476190475,0.03,8.153968253968252,0.99,0.03,33.0,0
3227,3542,0.40738492063492066,0.015,27.15899470899471,1.0,0.02,50.0,0
3228,3543,0.2759126984126983,0.005,55.182539682539655,1.0,0.01,100.0,0
3229,3544,0.2575714285714285,0.01,25.75714285714285,1.0,0.01,100.0,0
3230,3545,0.3198629148629148,0.01,31.986291486291478,0.98,0.02,49.0,0
3231,3547,0.3618769841269841,0.015,24.125132275132273,1.0,0.02,50.0,0
3232,3548,0.2850396825396825,0.02,14.251984126984123,1.0,0.02,50.0,0
3233,3549,0.2942301587301586,0.01,29.42301587301586,0.99,0.02,49.5,0
3234,3550,0.20381660006659996,0.0225,9.058515558515554,0.99,0.06,16.5,0
3235,3551,0.20381660006659996,0.0425,4.795684707449411,0.99,0.08,12.375,0
3236,3552,0.20381660006659996,0.0425,4.795684707449411,0.99,0.08,12.375,0
3237,3553,0.2835559163059161,0.025,11.342236652236643,1.0,0.04,25.0,0
3238,3554,0.27291305916305914,0.02,13.645652958152956,0.99,0.02,49.5,0
3239,3555,0.28148412698412684,0.005,56.29682539682537,1.0,0.01,100.0,0
3240,3556,0.20967496392496382,0.03,6.989165464165461,1.0,0.04,25.0,0
3241,3557,0.28342460317460305,0.005,56.68492063492061,1.0,0.01,100.0,0
3242,3558,0.20132117882117878,0.02333333333333333,8.628050520907664,0.99,0.04,24.75,0
3243,3560,0.24155530580530574,0.03333333333333333,7.246659174159173,0.98,0.04,24.5,0
3244,3561,0.1924217171717171,0.055,3.4985766758494017,0.99,0.06,16.5,0
3245,3562,0.23796031746031737,0.035,6.798866213151924,1.0,0.04,25.0,0
3246,3563,0.18363131313131315,0.055,3.338751147842057,0.99,0.08,12.375,0
3247,3564,0.1950515873015872,0.028333333333333335,6.884173669467783,1.0,0.05,20.0,0
3248,3565,0.18830627705627706,0.018333333333333333,10.27125147579693,1.0,0.03,33.333333333333336,0
3249,3566,0.18830627705627706,0.04833333333333333,3.8959919390953877,1.0,0.06,16.666666666666668,0
3250,3567,0.28943253968253946,0.015,19.29550264550263,1.0,0.02,50.0,0
3251,3568,1.0,0.01,100.0,1.0,0.01,100.0,1
3252,3569,0.2657341269841268,0.015,17.715608465608454,0.99,0.02,49.5,0
3253,3571,0.24360653235653223,0.028333333333333335,8.59787761258349,1.0,0.04,25.0,0
3254,3576,0.3159484126984127,0.02,15.797420634920634,1.0,0.02,50.0,0
3255,3577,0.21233441558441546,0.012,17.69453463203462,1.0,0.03,33.333333333333336,0
3256,3578,0.10576984126984126,0.04,2.6442460317460315,0.49,0.05,9.799999999999999,0
3257,3579,0.2264603174603174,0.03166666666666666,7.151378446115287,0.97,0.06,16.166666666666668,0
3258,3580,0.3113730158730157,0.045,6.919400352733683,1.0,0.05,20.0,0
3259,3581,0.2099368686868686,0.045,4.66526374859708,0.97,0.06,16.166666666666668,0
3260,3582,0.2099368686868686,0.045,4.66526374859708,0.97,0.06,16.166666666666668,0
3261,3583,0.21134595959595942,0.01,21.13459595959594,1.0,0.01,100.0,0
3262,3584,0.2099368686868686,0.035,5.998196248196245,0.97,0.05,19.4,0
3263,3585,0.21261904761904749,0.01,21.26190476190475,0.98,0.02,49.0,0
3264,3586,1.0,0.03,33.333333333333336,1.0,0.03,33.333333333333336,1
3265,3587,0.28273088023088017,0.03,9.424362674362673,0.97,0.03,32.333333333333336,0
3266,3589,0.21245670995670987,0.015,14.163780663780658,1.0,0.02,50.0,0
3267,3590,0.225645965145965,0.03833333333333333,5.886416482068652,0.97,0.06,16.166666666666668,0
3268,3591,0.30926526251526226,0.035,8.836150357578921,0.97,0.04,24.25,0
3269,3592,0.20587409812409807,0.024999999999999994,8.234963924963925,0.92,0.05,18.4,0
3270,3593,0.2398174603174602,0.02,11.99087301587301,0.99,0.02,49.5,0
3271,3594,0.18647168109668105,0.05,3.729433621933621,0.98,0.06,16.333333333333332,0
3272,3595,0.21741774891774873,0.035,6.211935683364249,0.98,0.05,19.599999999999998,0
3273,3596,0.21761616161616146,0.02,10.880808080808073,0.98,0.03,32.666666666666664,0
3274,3597,0.32369047619047614,0.015,21.579365079365076,1.0,0.02,50.0,0
3275,3598,0.2583888888888888,0.02,12.919444444444439,0.98,0.02,49.0,0
3276,3599,0.21761616161616146,0.04,5.440404040404037,0.98,0.05,19.599999999999998,0
3277,3600,0.19184956709956696,0.04833333333333333,3.969301388266903,1.0,0.06,16.666666666666668,0
3278,3601,0.254635642135642,0.0,,1.0,0.0,,0
3279,3602,0.5,0.032,15.625,1.0,0.06,16.666666666666668,0
3280,3603,0.30867460317460305,0.017,18.15732959850606,1.0,0.03,33.333333333333336,0
3281,3604,0.19447619047619027,0.04,4.861904761904757,1.0,0.05,20.0,0
3282,3605,0.2086670274170273,0.04333333333333334,4.815392940392937,1.0,0.05,20.0,0
3283,3606,0.2086670274170273,0.013333333333333332,15.650027056277048,1.0,0.02,50.0,0
3284,3607,0.3432777777777777,0.015,22.88518518518518,1.0,0.02,50.0,0
3285,3609,0.4315916305916306,0.02,21.579581529581528,1.0,0.02,50.0,0
3286,3610,0.18726526251526227,0.028333333333333332,6.609362206421022,0.99,0.04,24.75,0
3287,3611,0.25905988455988427,0.03,8.635329485329477,1.0,0.03,33.333333333333336,0
3288,3613,0.27743625818625783,0.075,3.6991501091501044,0.93,0.12,7.750000000000001,0
3289,3614,1.0,0.05,20.0,1.0,0.05,20.0,1
3290,3615,1.0,0.09,11.11111111111111,1.0,0.09,11.11111111111111,1
3291,3616,0.40748412698412706,0.065,6.26898656898657,0.93,0.08,11.625,0
3292,3617,0.19042002442002431,0.01,19.04200244200243,1.0,0.02,50.0,0
3293,3618,0.21043759018758998,0.03333333333333333,6.313127705627699,1.0,0.04,25.0,0
3294,3619,0.21043759018758998,0.013333333333333332,15.78281926406925,1.0,0.02,50.0,0
3295,3620,0.20558741258741256,0.03333333333333333,6.167622377622377,0.96,0.04,24.0,0
3296,3621,0.20558741258741256,0.03333333333333333,6.167622377622377,0.96,0.04,24.0,0
3297,3622,0.25184559884559876,0.01,25.184559884559874,1.0,0.01,100.0,0
3298,3623,0.18142471417471406,0.015,12.094980944980938,0.98,0.02,49.0,0
3299,3624,0.23190476190476175,0.035,6.62585034013605,0.99,0.04,24.75,0
3300,3625,0.21833333333333318,0.003333333333333333,65.49999999999996,0.98,0.01,98.0,0
3301,3628,0.18249206349206337,0.018333333333333333,9.954112554112548,1.0,0.03,33.333333333333336,0
3302,3629,0.23426659451659446,0.015,15.617772967772964,1.0,0.02,50.0,0
3303,3630,0.2077380952380951,0.065,3.195970695970694,1.0,0.08,12.5,0
3304,3631,0.28366208791208775,0.025,11.34648351648351,0.99,0.03,33.0,0
3305,3632,0.19517965367965354,0.008333333333333333,23.421558441558425,0.99,0.02,49.5,0
3306,3633,0.23713528138528128,0.025,9.48541125541125,1.0,0.03,33.333333333333336,0
3307,3634,0.22949206349206341,0.02,11.474603174603171,1.0,0.02,50.0,0
3308,3635,0.2709444444444443,0.045,6.020987654320985,1.0,0.06,16.666666666666668,0
3309,3636,0.2537777777777776,0.03333333333333333,7.613333333333328,1.0,0.05,20.0,0
3310,3637,0.19786219336219318,0.05833333333333333,3.391923314780455,1.0,0.08,12.5,0
3311,3638,0.19517965367965354,0.03833333333333333,5.091643139469223,0.99,0.05,19.799999999999997,0
3312,3639,0.26048412698412676,0.01,26.048412698412676,0.98,0.02,49.0,0
3313,3640,0.19517965367965354,0.018333333333333333,10.646162927981102,0.99,0.03,33.0,0
3314,3641,1.0,0.02,50.0,1.0,0.02,50.0,1
3315,3642,1.0,0.04,25.0,1.0,0.04,25.0,1
3316,3643,0.27895634920634904,0.02,13.947817460317452,0.99,0.02,49.5,0
3317,3645,0.2601035353535353,0.03,8.670117845117844,1.0,0.03,33.333333333333336,0
3318,3646,0.28258333333333324,0.055,5.137878787878786,1.0,0.06,16.666666666666668,0
3319,3647,0.24931746031746016,0.0,,1.0,0.0,,0
3320,3648,0.2295476190476189,0.01,22.954761904761888,1.0,0.01,100.0,0
3321,3649,0.19517965367965354,0.008333333333333333,23.421558441558425,0.99,0.02,49.5,0
3322,3650,0.2547380952380952,0.015,16.98253968253968,0.99,0.02,49.5,0
3323,3651,0.21890945165945147,0.03,7.296981721981716,0.98,0.04,24.5,0
3324,3652,0.21890945165945147,0.01,21.890945165945148,0.98,0.02,49.0,0
3325,3653,0.374083694083694,0.025,14.96334776334776,1.0,0.04,25.0,0
3326,3654,0.2312860750360749,0.03,7.7095358345358305,1.0,0.03,33.333333333333336,0
3327,3655,0.2612222222222221,0.01,26.122222222222206,1.0,0.01,100.0,0
3328,3656,0.3019960317460317,0.04,7.549900793650792,1.0,0.05,20.0,0
3329,3657,0.5,0.04,12.5,1.0,0.06,16.666666666666668,0
3330,3658,0.2692460317460316,0.04,6.731150793650791,0.99,0.04,24.75,0
3331,3659,0.24083369408369393,0.0,,1.0,0.0,,0
3332,3660,0.24228174603174593,0.03,8.076058201058197,1.0,0.03,33.333333333333336,0
3333,3661,0.28091269841269834,0.03,9.363756613756612,0.99,0.03,33.0,0
3334,3662,0.20467099567099556,0.02,10.233549783549778,1.0,0.02,50.0,0
3335,3663,0.5,0.02,25.0,1.0,0.02,50.0,0
3336,3664,0.3013769841269841,0.01,30.13769841269841,1.0,0.02,50.0,0
3337,3665,0.27163924963924946,0.015,18.1092833092833,0.99,0.02,49.5,0
3338,3666,0.24661904761904754,0.015,16.441269841269836,1.0,0.02,50.0,0
3339,3667,0.26386904761904745,0.005,52.77380952380949,0.99,0.01,99.0,0
3340,3668,0.14120321345321338,0.035833333333333335,3.9405547940431638,0.81,0.05,16.2,0
3341,3669,0.18238936063936062,0.013333333333333332,13.679202047952048,0.81,0.03,27.000000000000004,0
3342,3670,0.3687261904761905,0.015,24.581746031746032,1.0,0.02,50.0,0
3343,3671,0.21097258297258287,0.01,21.097258297258286,1.0,0.01,100.0,0
3344,3673,0.26002813852813833,0.03,8.667604617604612,1.0,0.03,33.333333333333336,0
3345,3674,0.1988134920634919,0.02,9.940674603174594,1.0,0.02,50.0,0
3346,3675,0.19683766233766217,0.02,9.841883116883109,0.99,0.04,24.75,0
3347,3676,0.19683766233766217,0.03,6.561255411255406,0.99,0.05,19.799999999999997,0
3348,3677,0.3380079365079365,0.03,11.266931216931216,0.99,0.04,24.75,0
3349,3678,0.21649999999999991,0.022000000000000002,9.840909090909086,1.0,0.03,33.333333333333336,0
3350,3679,0.21000036075036063,0.057,3.6842168552694847,0.99,0.08,12.375,0
3351,3680,0.27234523809523803,0.025,10.893809523809521,1.0,0.03,33.333333333333336,0
3352,3681,0.34461940836940835,0.005,68.92388167388167,1.0,0.01,100.0,0
3353,3682,0.22932936507936486,0.0175,13.104535147392276,0.98,0.03,32.666666666666664,0
3354,3683,0.36081782106782123,0.03,12.027260702260708,1.0,0.04,25.0,0
3355,3684,0.5,0.0475,10.526315789473685,1.0,0.07,14.285714285714285,0
3356,3685,0.5,0.02,25.0,1.0,0.03,33.333333333333336,0
3357,3686,0.29764953102453096,0.01,29.764953102453095,1.0,0.02,50.0,0
3358,3687,0.5,0.0275,18.181818181818183,1.0,0.05,20.0,0
3359,3688,0.3547976190476189,0.03,11.826587301587297,0.99,0.03,33.0,0
3360,3689,0.5,0.0325,15.384615384615383,1.0,0.04,25.0,0
3361,3690,0.5,0.0375,13.333333333333334,1.0,0.06,16.666666666666668,0
3362,3691,0.254710678210678,0.04,6.36776695526695,0.99,0.04,24.75,0
3363,3692,0.3044451659451658,0.02,15.22225829725829,1.0,0.02,50.0,0
3364,3693,0.5,0.0375,13.333333333333334,1.0,0.06,16.666666666666668,0
3365,3694,0.5,0.0575,8.695652173913043,1.0,0.08,12.5,0
3366,3695,0.5,0.0375,13.333333333333334,1.0,0.06,16.666666666666668,0
3367,3696,0.5,0.0475,10.526315789473685,1.0,0.07,14.285714285714285,0
3368,3697,0.5,0.0375,13.333333333333334,1.0,0.06,16.666666666666668,0
3369,3698,0.5,0.0375,13.333333333333334,1.0,0.06,16.666666666666668,0
3370,3700,0.14946764346764335,0.03166666666666666,4.720030846346633,0.78,0.05,15.6,0
3371,3701,0.14834065934065926,0.045,3.296459096459095,0.78,0.06,13.000000000000002,0
3372,3702,0.18894022644022626,0.0225,8.39734339734339,0.98,0.03,32.666666666666664,0
3373,3703,0.18894022644022626,0.0225,8.39734339734339,0.98,0.03,32.666666666666664,0
3374,3704,0.18894022644022626,0.02,9.447011322011313,0.98,0.02,49.0,0
3375,3705,0.27398088023087996,0.023333333333333334,11.74203772418057,1.0,0.05,20.0,0
3376,3706,0.18894022644022626,0.0125,15.1152181152181,0.98,0.02,49.0,0
3377,3707,0.18894022644022626,0.0525,3.5988614560043097,0.98,0.06,16.333333333333332,0
3378,3708,0.08496969696969697,0.021666666666666664,3.921678321678322,0.49,0.05,9.799999999999999,0
3379,3709,0.26557178932178915,0.055,4.8285779876688935,1.0,0.06,16.666666666666668,0
3380,3711,0.24310714285714266,0.024999999999999994,9.724285714285708,0.83,0.06,13.833333333333334,0
3381,3712,0.24310714285714266,0.045,5.402380952380948,0.83,0.08,10.375,0
3382,3713,0.3569761904761905,0.047,7.595238095238096,0.83,0.06,13.833333333333334,0
3383,3714,0.24977813852813838,0.01,24.97781385281384,0.99,0.01,99.0,0
3384,3715,0.2003614718614718,0.055,3.64293585202676,0.99,0.07,14.14285714285714,0
3385,3717,0.2734642857142856,0.023333333333333334,11.719897959183669,0.99,0.03,33.0,0
3386,3718,0.20438131313131297,0.03166666666666666,6.454146730462516,1.0,0.05,20.0,0
3387,3719,0.26653968253968235,0.02333333333333333,11.423129251700674,1.0,0.03,33.333333333333336,0
3388,3720,0.2709444444444443,0.0,,1.0,0.0,,0
3389,3722,0.3281865079365079,0.01,32.81865079365079,1.0,0.02,50.0,0
3390,3723,0.3739761904761906,0.01,37.39761904761906,1.0,0.01,100.0,0
3391,3724,0.23383730158730143,0.015,15.58915343915343,0.99,0.02,49.5,0
3392,3725,0.36161507936507925,0.0225,16.071781305114634,0.99,0.04,24.75,0
3393,3726,0.2684880952380951,0.04,6.712202380952377,1.0,0.04,25.0,0
3394,3727,0.5,0.04,12.5,1.0,0.05,20.0,0
3395,3728,0.27036904761904745,0.01,27.036904761904744,1.0,0.02,50.0,0
3396,3729,0.35182539682539676,0.02,17.59126984126984,1.0,0.02,50.0,0
3397,3730,0.5,0.04,12.5,1.0,0.05,20.0,0
3398,3731,0.22296825396825393,0.04,5.574206349206348,1.0,0.04,25.0,0
3399,3733,0.5,0.02,25.0,1.0,0.03,33.333333333333336,0
3400,3735,0.4223253968253969,0.035,12.066439909297053,1.0,0.04,25.0,0
3401,3737,0.2888019480519479,0.04,7.220048701298698,1.0,0.04,25.0,0
3402,3742,0.3109438339438338,0.0,,1.0,0.0,,0
3403,3743,0.23707972582972572,0.015,15.805315055315049,1.0,0.02,50.0,0
3404,3744,0.20893290043290025,0.025,8.357316017316009,0.98,0.03,32.666666666666664,0
3405,3745,0.3083618326118324,0.015,20.557455507455497,0.98,0.02,49.0,0
3406,3746,0.5,0.037000000000000005,13.513513513513512,1.0,0.06,16.666666666666668,0
3407,3747,0.3220715395715395,0.025,12.88286158286158,0.98,0.03,32.666666666666664,0
3408,3748,0.2308531746031745,0.04,5.771329365079363,0.99,0.04,24.75,0
3409,3749,0.5,0.04833333333333334,10.344827586206895,1.0,0.06,16.666666666666668,0
3410,3750,0.3836829004329004,0.013333333333333332,28.77621753246753,1.0,0.03,33.333333333333336,0
3411,3751,0.2922460317460316,0.01,29.224603174603157,1.0,0.01,100.0,0
3412,3752,0.2667162698412698,0.02,13.335813492063489,1.0,0.02,50.0,0
3413,3753,0.5,0.017,29.41176470588235,1.0,0.04,25.0,0
3414,3754,0.36368650793650786,0.02,18.184325396825393,1.0,0.02,50.0,0
3415,3755,0.21589657564657552,0.02,10.794828782328777,0.96,0.02,48.0,0
3416,3757,0.1867662337662336,0.07833333333333332,2.3842497927604294,1.0,0.11,9.090909090909092,0
3417,3758,0.1867662337662336,0.03833333333333333,4.872162619988703,1.0,0.07,14.285714285714285,0
3418,3759,0.1867662337662336,0.028333333333333332,6.591749427043539,1.0,0.06,16.666666666666668,0
3419,3760,0.1867662337662336,0.05833333333333333,3.201706864564005,1.0,0.09,11.11111111111111,0
3420,3761,0.33108369408369404,0.03833333333333334,8.636965932618104,1.0,0.06,16.666666666666668,0
3421,3762,0.20747619047619031,0.03,6.915873015873011,0.99,0.04,24.75,0
3422,3763,0.18531421356421343,0.0,,1.0,0.0,,0
3423,3764,0.21757936507936493,0.015,14.505291005290996,1.0,0.02,50.0,0
3424,3765,0.5,0.0275,18.181818181818183,1.0,0.04,25.0,0
3425,3766,0.3657738095238095,0.015,24.384920634920633,1.0,0.02,50.0,0
3426,3767,0.2580595238095237,0.015,17.203968253968245,1.0,0.03,33.333333333333336,0
3427,3769,0.3075916305916305,0.02,15.379581529581525,0.99,0.02,49.5,0
3428,3770,0.2517067099567098,0.018333333333333333,13.729456906729625,0.98,0.03,32.666666666666664,0
3429,3771,0.2024224386724385,0.0025,80.9689754689754,1.0,0.01,100.0,0
3430,3772,0.2818142135642135,0.018333333333333333,15.371684376229826,1.0,0.03,33.333333333333336,0
3431,3774,0.22134570984570978,0.02,11.067285492285489,0.96,0.04,24.0,0
3432,3775,0.2021666666666665,0.05,4.0433333333333294,0.97,0.05,19.4,0
3433,3776,0.30600793650793645,0.04,7.650198412698411,0.96,0.04,24.0,0
3434,3777,0.20563888888888882,0.035,5.875396825396823,0.97,0.04,24.25,0
3435,3779,0.19099639249639241,0.015,12.733092833092828,1.0,0.02,50.0,0
3436,3780,0.2025797258297257,0.045,4.501771685105015,0.99,0.05,19.799999999999997,0
3437,3781,0.20196897546897535,0.0375,5.385839345839343,0.98,0.06,16.333333333333332,0
3438,3782,0.328738095238095,0.0275,11.954112554112545,0.99,0.04,24.75,0
3439,3783,0.20196897546897535,0.0375,5.385839345839343,0.98,0.06,16.333333333333332,0
3440,3784,0.20196897546897535,0.0375,5.385839345839343,0.98,0.06,16.333333333333332,0
3441,3785,0.30108333333333315,0.035,8.602380952380946,1.0,0.04,25.0,0
3442,3786,0.2431154401154401,0.03,8.103848003848004,0.97,0.03,32.333333333333336,0
3443,3787,1.0,0.055,18.181818181818183,1.0,0.06,16.666666666666668,1
3444,3788,0.19709163059163048,0.01,19.70916305916305,1.0,0.02,50.0,0
3445,3791,0.1897497502497501,0.015,12.64998334998334,0.99,0.02,49.5,0
3446,3792,0.2740430402930401,0.055,4.982600732600729,1.0,0.06,16.666666666666668,0
3447,3794,0.2497658730158729,0.045,5.550352733686065,0.99,0.05,19.799999999999997,0
3448,3795,0.15919841269841262,0.025,6.367936507936505,0.75,0.03,25.0,0
3449,3796,1.0,0.028333333333333335,35.29411764705882,1.0,0.04,25.0,1
3450,3797,0.21431782106782102,0.01,21.4317821067821,0.75,0.01,75.0,0
3451,3798,0.2825555555555554,0.0325,8.694017094017088,0.99,0.04,24.75,0
3452,3799,0.25638034188034176,0.06333333333333332,4.048110661268555,1.0,0.07,14.285714285714285,0
3453,3800,0.342734126984127,0.015,22.848941798941798,1.0,0.02,50.0,0
3454,3801,0.21648015873015872,0.05833333333333333,3.71108843537415,0.98,0.08,12.25,0
3455,3802,0.2001836219336218,0.055,3.639702216974942,1.0,0.07,14.285714285714285,0
3456,3803,0.2916388888888887,0.035,8.332539682539677,0.98,0.04,24.5,0
3457,3804,0.2849960317460316,0.028333333333333332,10.058683473389351,1.0,0.04,25.0,0
3458,3805,0.23138888888888876,0.015,15.425925925925917,0.99,0.03,33.0,0
3459,3806,0.2768214285714284,0.015,18.45476190476189,0.99,0.02,49.5,0
3460,3807,0.3192023809523808,0.03,10.64007936507936,0.99,0.03,33.0,0
3461,3808,0.26577813852813853,0.05,5.31556277056277,0.99,0.05,19.799999999999997,0
3462,3809,0.25890873015873006,0.03,8.630291005291003,0.99,0.03,33.0,0
3463,3810,0.20679401154401153,0.04666666666666666,4.431300247371676,0.96,0.08,12.0,0
3464,3811,0.27932936507936496,0.02666666666666667,10.474851190476185,0.96,0.05,19.2,0
3465,3812,0.2714285714285714,0.01,27.14285714285714,1.0,0.01,100.0,0
3466,3813,0.2717539682539681,0.02,13.587698412698403,1.0,0.02,50.0,0
3467,3814,0.24946031746031727,0.02,12.473015873015862,1.0,0.03,33.333333333333336,0
3468,3815,0.20103174603174595,0.0,,1.0,0.0,,0
3469,3816,0.3028098845598845,0.025,12.112395382395379,1.0,0.03,33.333333333333336,0
3470,3817,0.20748845598845592,0.03,6.916281866281864,1.0,0.06,16.666666666666668,0
3471,3819,0.2576984126984127,0.06,4.294973544973545,1.0,0.06,16.666666666666668,0
3472,3821,0.23313167388167383,0.016666666666666666,13.98790043290043,0.99,0.03,33.0,0
3473,3822,0.2903730158730158,0.045,6.452733686067018,1.0,0.05,20.0,0
3474,3823,0.17648051948051932,0.065,2.7150849150849123,0.98,0.08,12.25,0
3475,3824,0.19037337662337656,0.035,5.439239332096473,0.99,0.05,19.799999999999997,0
3476,3825,0.5,0.028333333333333332,17.647058823529413,1.0,0.04,25.0,0
3477,3827,0.17879797979797973,0.04,4.469949494949494,0.98,0.05,19.599999999999998,0
3478,3829,0.21915909090909078,0.03833333333333334,5.717193675889324,0.99,0.05,19.799999999999997,0
3479,3830,0.29881746031746015,0.01,29.881746031746015,1.0,0.01,100.0,0
3480,3832,0.20383730158730148,0.035,5.823922902494328,0.98,0.05,19.599999999999998,0
3481,3833,0.19306024531024518,0.025,7.722409812409807,1.0,0.04,25.0,0
3482,3834,0.19169383394383388,0.003333333333333333,57.50815018315017,0.98,0.01,98.0,0
3483,3835,0.2512499999999998,0.01,25.12499999999998,0.99,0.01,99.0,0
3484,3836,0.19169383394383388,0.02333333333333333,8.21545002616431,0.98,0.03,32.666666666666664,0
3485,3837,0.19169383394383388,0.05333333333333333,3.5942593864468857,0.98,0.06,16.333333333333332,0
3486,3839,0.23436111111111088,0.025,9.374444444444435,1.0,0.04,25.0,0
3487,3840,0.20990079365079342,0.03,6.996693121693114,1.0,0.04,25.0,0
3488,3841,0.20990079365079342,0.06,3.498346560846557,1.0,0.07,14.285714285714285,0
3489,3842,0.2780797258297258,0.025,11.12318903318903,0.99,0.03,33.0,0
3490,3843,0.3153095238095237,0.03,10.510317460317458,1.0,0.03,33.333333333333336,0
3491,3844,0.22728607503607484,0.008333333333333333,27.27432900432898,1.0,0.02,50.0,0
3492,3845,0.2519725829725829,0.045,5.599390732724065,1.0,0.05,20.0,0
3493,3847,0.3116626984126983,0.015,20.777513227513218,1.0,0.02,50.0,0
3494,3848,0.24324675324675304,0.055,4.422668240850055,0.97,0.07,13.857142857142856,0
3495,3849,0.3429011544011545,0.03,11.430038480038483,0.97,0.03,32.333333333333336,0
3496,3850,0.3526789321789321,0.016666666666666666,21.160735930735925,1.0,0.04,25.0,0
3497,3851,0.34264682539682534,0.025,13.705873015873014,1.0,0.03,33.333333333333336,0
3498,3854,0.28864682539682524,0.008333333333333333,34.637619047619026,1.0,0.02,50.0,0
3499,3855,0.30130952380952375,0.02,15.065476190476188,1.0,0.03,33.333333333333336,0
3500,3856,0.30315873015873,0.03333333333333333,9.094761904761901,0.99,0.04,24.75,0
3501,3858,0.1928293650793649,0.03833333333333334,5.030331262939954,1.0,0.06,16.666666666666668,0
3502,3862,0.18967063492063482,0.021666666666666664,8.7540293040293,1.0,0.04,25.0,0
3503,3863,0.2346349206349205,0.018333333333333333,12.798268398268391,0.98,0.03,32.666666666666664,0
3504,3864,0.1928293650793649,0.06833333333333334,2.8218931475029008,1.0,0.09,11.11111111111111,0
3505,3865,0.19446428571428565,0.055,3.5357142857142843,1.0,0.07,14.285714285714285,0
3506,3867,0.3135800865800865,0.01,31.35800865800865,1.0,0.01,100.0,0
3507,3869,0.26620833333333316,0.03,8.873611111111106,0.99,0.04,24.75,0
3508,3870,0.19823015873015862,0.04333333333333333,4.5745421245421225,0.95,0.06,15.833333333333334,0
3509,3871,0.2793023088023087,0.025,11.172092352092347,0.99,0.03,33.0,0
3510,3872,0.22872222222222202,0.04,5.718055555555551,1.0,0.04,25.0,0
3511,3873,0.2804642857142855,0.01,28.04642857142855,1.0,0.01,100.0,0
3512,3875,0.32259895659895643,0.03,10.753298553298547,1.0,0.03,33.333333333333336,0
3513,3876,0.2656507936507935,0.008333333333333333,31.878095238095224,1.0,0.02,50.0,0
3514,3877,0.2610400432900432,0.025,10.441601731601727,1.0,0.03,33.333333333333336,0
3515,3878,0.19638997113997103,0.035,5.6111420325706005,1.0,0.05,20.0,0
3516,3880,0.5,0.05833333333333333,8.571428571428573,1.0,0.07,14.285714285714285,0
3517,3881,0.5,0.015,33.333333333333336,1.0,0.02,50.0,0
3518,3882,0.21246428571428566,0.04166666666666666,5.099142857142857,1.0,0.08,12.5,0
3519,3883,0.21370743145743132,0.032,6.6783572330447285,0.99,0.05,19.799999999999997,0
3520,3885,0.23238131313131313,0.03,7.746043771043771,0.98,0.03,32.666666666666664,0
3521,3886,0.21633008658008648,0.0275,7.866548602912236,0.99,0.05,19.799999999999997,0
3522,3887,0.2922777777777777,0.03333333333333333,8.76833333333333,0.99,0.04,24.75,0
3523,3888,0.23928174603174596,0.01,23.928174603174597,0.94,0.01,93.99999999999999,0
3524,3889,0.19723748473748465,0.03,6.574582824582822,1.0,0.05,20.0,0
3525,3890,0.19301298701298694,0.025,7.720519480519477,0.99,0.03,33.0,0
3526,3891,0.19465945165945162,0.045,4.325765592432258,0.99,0.06,16.5,0
3527,3892,0.25417460317460305,0.03,8.47248677248677,0.99,0.03,33.0,0
3528,3893,0.44038492063492063,0.02,22.019246031746032,1.0,0.02,50.0,0
3529,3894,0.23100468975468957,0.02,11.550234487734478,1.0,0.03,33.333333333333336,0
3530,3895,0.24791305916305906,0.02,12.395652958152953,0.99,0.03,33.0,0
3531,3896,0.24791305916305906,0.02,12.395652958152953,0.99,0.03,33.0,0
3532,3897,0.27337637362637357,0.02,13.668818681318678,0.99,0.02,49.5,0
3533,3898,0.31906385281385263,0.03,10.635461760461755,0.99,0.03,33.0,0
3534,3900,0.20397619047619042,0.04,5.09940476190476,0.99,0.05,19.799999999999997,0
3535,3901,0.2346190476190475,0.03833333333333334,6.120496894409935,1.0,0.05,20.0,0
3536,3902,0.27109126984126974,0.06,4.518187830687829,1.0,0.06,16.666666666666668,0
3537,3903,0.3236230158730158,0.015,21.57486772486772,1.0,0.02,50.0,0
3538,3904,0.24266269841269833,0.03,8.088756613756612,0.96,0.05,19.2,0
3539,3905,0.22685714285714265,0.04,5.671428571428566,0.96,0.06,16.0,0
3540,3906,0.24266269841269833,0.04,6.066567460317458,0.96,0.06,16.0,0
3541,3907,0.24266269841269833,0.06,4.044378306878306,0.96,0.08,12.0,0
3542,3908,0.36835714285714277,0.055,6.697402597402596,1.0,0.06,16.666666666666668,0
3543,3909,0.20492002442002433,0.013333333333333332,15.369001831501826,1.0,0.03,33.333333333333336,0
3544,3910,0.2678531746031745,0.05,5.35706349206349,0.99,0.05,19.799999999999997,0
3545,3911,0.3360119047619047,0.01,33.60119047619047,1.0,0.01,100.0,0
3546,3912,0.25665018315018295,0.075,3.4220024420024395,1.0,0.09,11.11111111111111,0
3547,3914,0.3144206349206349,0.01,31.442063492063486,1.0,0.01,100.0,0
3548,3916,0.24758766233766225,0.01,24.758766233766224,0.99,0.01,99.0,0
3549,3917,0.24638492063492048,0.03,8.212830687830683,1.0,0.03,33.333333333333336,0
3550,3918,0.25709523809523804,0.013333333333333332,19.282142857142855,0.98,0.02,49.0,0
3551,3919,0.2894725829725829,0.03666666666666667,7.8947068083431695,0.98,0.05,19.599999999999998,0
3552,3920,0.2681150793650793,0.025,10.724603174603171,0.99,0.04,24.75,0
3553,3921,0.46407936507936526,0.025,18.56317460317461,1.0,0.03,33.333333333333336,0
3554,3922,0.28564682539682534,0.055,5.193578643578642,1.0,0.06,16.666666666666668,0
3555,3923,0.20155169830169822,0.04,5.038792457542455,1.0,0.05,20.0,0
3556,3924,0.18511544011544,0.02666666666666667,6.941829004329,1.0,0.04,25.0,0
3557,3925,0.23349242424242408,0.035,6.6712121212121165,0.98,0.04,24.5,0
3558,3926,0.35335353535353525,0.015,23.556902356902352,1.0,0.02,50.0,0
3559,3927,0.178155844155844,0.02,8.9077922077922,0.99,0.02,49.5,0
3560,3928,0.32080194805194795,0.01,32.08019480519479,1.0,0.01,100.0,0
3561,3929,0.1684094516594515,0.015,11.227296777296768,0.96,0.02,48.0,0
3562,3930,0.31972619047619033,0.018333333333333333,17.439610389610383,0.99,0.03,33.0,0
3563,3931,0.178155844155844,0.01,17.8155844155844,0.99,0.01,99.0,0
3564,3932,0.20224975024975012,0.04333333333333334,4.667301928840386,0.99,0.06,16.5,0
3565,3933,0.25492832167832163,0.01,25.492832167832162,1.0,0.01,100.0,0
3566,3935,0.22341666666666654,0.018333333333333333,12.18636363636363,0.99,0.03,33.0,0
3567,3936,0.22341666666666654,0.028333333333333332,7.885294117647055,0.99,0.04,24.75,0
3568,3937,0.303861111111111,0.015,20.257407407407403,0.99,0.02,49.5,0
3569,3939,0.29471825396825385,0.02,14.735912698412692,1.0,0.02,50.0,0
3570,3941,0.17305555555555546,0.015,11.537037037037031,0.96,0.03,32.0,0
3571,3942,0.22012637362637363,0.03,7.337545787545788,0.96,0.03,32.0,0
3572,3943,0.21211050061050052,0.025,8.48442002442002,1.0,0.03,33.333333333333336,0
3573,3944,0.21211050061050052,0.015,14.140700040700034,1.0,0.02,50.0,0
3574,3945,0.1926785714285713,0.03,6.422619047619044,0.97,0.03,32.333333333333336,0
3575,3946,0.24248326673326662,0.04,6.062081668331666,0.99,0.04,24.75,0
3576,3947,0.1887741702741701,0.0275,6.864515282697094,1.0,0.06,16.666666666666668,0
3577,3948,0.20696825396825386,0.0,,1.0,0.0,,0
3578,3949,0.2529523809523808,0.03,8.431746031746028,1.0,0.04,25.0,0
3579,3952,0.1849368686868685,0.025,7.39747474747474,1.0,0.03,33.333333333333336,0
3580,3953,0.1849368686868685,0.035,5.283910533910529,1.0,0.04,25.0,0
3581,3954,0.18602380952380937,0.0175,10.629931972789105,1.0,0.03,33.333333333333336,0
3582,3955,0.20801587301587288,0.015,13.867724867724858,0.99,0.02,49.5,0
3583,3956,0.2610277777777776,0.03,8.700925925925919,0.99,0.03,33.0,0
3584,3957,0.20229437229437228,0.03,6.743145743145742,0.98,0.04,24.5,0
3585,3958,0.3017023809523809,0.01,30.170238095238087,0.98,0.02,49.0,0
3586,3959,0.36307539682539686,0.03833333333333333,9.47153209109731,1.0,0.06,16.666666666666668,0
3587,3960,0.2840800865800864,0.005,56.81601731601727,1.0,0.01,100.0,0
3588,3961,0.2391626984126983,0.045,5.314726631393296,1.0,0.05,20.0,0
3589,3962,0.1959170274170273,0.015,13.061135161135153,0.98,0.02,49.0,0
3590,3963,0.20329797979797967,0.01,20.329797979797966,1.0,0.03,33.333333333333336,0
3591,3964,0.20329797979797967,0.03,6.776599326599323,1.0,0.05,20.0,0
3592,3965,0.24641269841269828,0.023333333333333334,10.560544217687069,1.0,0.03,33.333333333333336,0
3593,3966,0.21196464646464638,0.02,10.598232323232319,1.0,0.03,33.333333333333336,0
3594,3967,0.285095238095238,0.02,14.254761904761901,1.0,0.02,50.0,0
3595,3968,0.20229437229437228,0.075,2.6972582972582972,0.98,0.09,10.88888888888889,0
3596,3969,0.27008730158730154,0.03,9.002910052910051,1.0,0.03,33.333333333333336,0
3597,3970,0.27022954822954814,0.03,9.007651607651605,0.98,0.03,32.666666666666664,0
3598,3971,0.23065945165945162,0.023333333333333334,9.885405071119354,1.0,0.03,33.333333333333336,0
3599,3973,0.261019841269841,0.01,26.1019841269841,1.0,0.01,100.0,0
3600,3974,0.22690476190476175,0.013333333333333332,17.01785714285713,0.99,0.02,49.5,0
3601,3976,1.0,0.015,66.66666666666667,1.0,0.02,50.0,1
3602,3977,0.32823015873015854,0.015,21.88201058201057,1.0,0.03,33.333333333333336,0
3603,3978,0.21543625818625814,0.06499999999999999,3.3144039720962795,0.97,0.09,10.777777777777779,0
3604,3979,0.3154206349206348,0.003333333333333333,94.62619047619046,1.0,0.01,100.0,0
3605,3980,0.34714718614718615,0.025,13.885887445887445,1.0,0.03,33.333333333333336,0
3606,3981,0.5,0.013333333333333332,37.5,1.0,0.03,33.333333333333336,0
3607,3982,0.3983095238095239,0.03,13.27698412698413,1.0,0.03,33.333333333333336,0
3608,3983,0.27819083694083674,0.02333333333333333,11.922464440321576,1.0,0.03,33.333333333333336,0
3609,3984,0.5,0.008333333333333333,60.0,1.0,0.02,50.0,0
3610,3985,0.25627777777777766,0.01,25.627777777777766,1.0,0.01,100.0,0
3611,3986,0.5,0.04333333333333334,11.538461538461537,1.0,0.06,16.666666666666668,0
3612,3987,0.5,0.02333333333333333,21.42857142857143,1.0,0.04,25.0,0
3613,3989,0.3448019480519481,0.03,11.49339826839827,1.0,0.04,25.0,0
3614,3990,0.5,0.04333333333333333,11.53846153846154,1.0,0.06,16.666666666666668,0
3615,3991,0.20325072150072138,0.02,10.16253607503607,1.0,0.02,50.0,0
3616,3992,0.3456872294372294,0.05333333333333334,6.481635551948051,0.98,0.07,13.999999999999998,0
3617,3995,0.2498333333333332,0.03,8.327777777777774,1.0,0.03,33.333333333333336,0
3618,3997,0.1980122655122654,0.0225,8.800545133878462,1.0,0.03,33.333333333333336,0
3619,3998,0.21817496392496377,0.04666666666666667,4.675177798392081,1.0,0.06,16.666666666666668,0
3620,3999,0.23744552669552657,0.015,15.829701779701772,0.98,0.02,49.0,0
3621,4000,0.2070952380952379,0.03333333333333333,6.212857142857136,0.99,0.04,24.75,0
3622,4001,0.29138095238095213,0.03,9.712698412698405,1.0,0.03,33.333333333333336,0
3623,4005,0.1959733044733044,0.035,5.5992372706658395,0.99,0.04,24.75,0
3624,4006,0.19807936507936502,0.03833333333333333,5.167287784679088,1.0,0.05,20.0,0
3625,4007,0.241535714285714,0.015,16.102380952380933,1.0,0.02,50.0,0
3626,4008,0.3010876623376621,0.035,8.602504638218916,1.0,0.04,25.0,0
3627,4009,0.2044166666666665,0.035,5.840476190476185,0.98,0.04,24.5,0
3628,4010,0.2158174603174602,0.045,4.795943562610227,1.0,0.05,20.0,0
3629,4011,0.2880753968253967,0.01,28.807539682539666,1.0,0.01,100.0,0
3630,4012,0.3508650793650794,0.045,7.797001763668431,1.0,0.05,20.0,0
3631,4013,0.3218968253968253,0.005,64.37936507936506,1.0,0.01,100.0,0
3632,4014,0.1824920634920634,0.04,4.562301587301585,1.0,0.05,20.0,0
3633,4015,0.34321067821067813,0.018333333333333333,18.720582447855172,1.0,0.03,33.333333333333336,0
3634,4016,0.19035948773448766,0.04166666666666666,4.568627705627705,1.0,0.06,16.666666666666668,0
3635,4019,0.19536544011544002,0.06,3.256090668590667,0.98,0.07,13.999999999999998,0
3636,4020,0.2593095238095237,0.025,10.372380952380947,0.99,0.03,33.0,0
3637,4021,0.2348849206349206,0.035,6.710997732426303,0.99,0.04,24.75,0
3638,4023,0.18629365079365062,0.03,6.209788359788354,1.0,0.03,33.333333333333336,0
3639,4024,0.2656666666666666,0.04,6.641666666666665,0.99,0.04,24.75,0
3640,4025,0.1779009046509045,0.013333333333333332,13.342567848817838,0.93,0.02,46.5,0
3641,4026,0.1989485236985236,0.01,19.89485236985236,0.95,0.01,95.0,0
3642,4027,0.18981782106782089,0.01,18.981782106782088,0.99,0.02,49.5,0
3643,4028,0.1779009046509045,0.02333333333333333,7.624324485038765,0.93,0.03,31.000000000000004,0
3644,4030,0.41536904761904764,0.055,7.552164502164502,1.0,0.06,16.666666666666668,0
3645,4031,0.32534559884559877,0.03,10.844853294853293,1.0,0.03,33.333333333333336,0
3646,4034,0.2039365079365078,0.01,20.39365079365078,1.0,0.02,50.0,0
3647,4035,0.20619083694083684,0.03,6.873027898027895,0.99,0.04,24.75,0
3648,4036,0.22566666666666646,0.025,9.026666666666658,1.0,0.03,33.333333333333336,0
3649,4037,1.0,0.01,100.0,1.0,0.01,100.0,1
3650,4038,0.23028607503607484,0.015,15.352405002404991,1.0,0.02,50.0,0
3651,4039,0.26212698412698393,0.04,6.5531746031745985,0.99,0.04,24.75,0
3652,4040,0.25473412698412684,0.0,,0.99,0.0,,0
3653,4041,0.2607341269841269,0.003333333333333333,78.22023809523807,0.96,0.01,96.0,0
3654,4042,0.2772741702741701,0.02,13.863708513708506,1.0,0.02,50.0,0
3655,4043,0.3178217893217892,0.01,31.782178932178923,1.0,0.01,100.0,0
3656,4044,0.2564527417027417,0.025,10.258109668109666,1.0,0.03,33.333333333333336,0
3657,4045,1.0,0.055,18.181818181818183,1.0,0.06,16.666666666666668,1
3658,4046,0.21847222222222215,0.04,5.461805555555554,1.0,0.04,25.0,0
3659,4047,0.4720833333333334,0.025,18.883333333333336,1.0,0.03,33.333333333333336,0
3660,4048,0.2004769119769119,0.03,6.68256373256373,0.96,0.04,24.0,0
3661,4049,0.26854870129870123,0.02,13.427435064935061,0.96,0.02,48.0,0
3662,4050,0.24288564213564193,0.01,24.288564213564193,0.99,0.02,49.5,0
3663,4051,0.3374999999999999,0.02,16.874999999999996,0.99,0.02,49.5,0
3664,4053,0.2133158369408368,0.05,4.266316738816736,0.99,0.07,14.14285714285714,0
3665,4055,0.30834163059163044,0.02,15.417081529581521,1.0,0.03,33.333333333333336,0
3666,4056,0.21802380952380943,0.07333333333333333,2.9730519480519466,1.0,0.08,12.5,0
3667,4057,0.19583802308802298,0.04333333333333333,4.519338994338993,0.99,0.08,12.375,0
3668,4058,0.3827261904761906,0.04,9.568154761904765,1.0,0.04,25.0,0
3669,4059,0.2434682539682538,0.015,16.23121693121692,1.0,0.02,50.0,0
3670,4061,0.18656746031746013,0.05833333333333333,3.198299319727888,1.0,0.08,12.5,0
3671,4062,0.21266269841269836,0.03,7.088756613756612,1.0,0.05,20.0,0
3672,4063,0.3342216117216117,0.02,16.711080586080584,1.0,0.02,50.0,0
3673,4064,0.18656746031746013,0.03833333333333333,4.866977225672874,1.0,0.06,16.666666666666668,0
3674,4065,0.2673769841269841,0.035,7.639342403628116,1.0,0.04,25.0,0
3675,4066,0.2841511544011543,0.05,5.683023088023085,0.99,0.05,19.799999999999997,0
3676,4067,0.18656746031746013,0.04833333333333333,3.8600164203612444,1.0,0.07,14.285714285714285,0
3677,4068,0.2920674603174601,0.02,14.603373015873006,0.98,0.02,49.0,0
3678,4069,0.18656746031746013,0.03833333333333333,4.866977225672874,1.0,0.06,16.666666666666668,0
3679,4070,0.23638095238095222,0.025,9.455238095238089,1.0,0.03,33.333333333333336,0
3680,4071,0.24423015873015858,0.01,24.423015873015856,1.0,0.01,100.0,0
3681,4072,0.2917110389610388,0.01,29.171103896103876,1.0,0.01,100.0,0
3682,4073,0.2469765512265511,0.0,,0.98,0.0,,0
3683,4074,0.252440476190476,0.02,12.6220238095238,1.0,0.02,50.0,0
3684,4075,0.18656746031746013,0.028333333333333332,6.5847338935574165,1.0,0.05,20.0,0
3685,4076,0.2597420634920633,0.07,3.7106009070294754,1.0,0.07,14.285714285714285,0
3686,4077,0.25484102009101994,0.0,,0.99,0.0,,0
3687,4078,0.25779870129870125,0.035,7.365677179962892,1.0,0.04,25.0,0
3688,4079,0.19612734487734482,0.02,9.806367243867241,0.99,0.02,49.5,0
3689,4080,0.20488924963924948,0.04,5.122231240981237,1.0,0.04,25.0,0
3690,4082,0.2236547619047618,0.03,7.455158730158727,1.0,0.03,33.333333333333336,0
3691,4083,0.21485714285714275,0.03833333333333334,5.604968944099375,0.98,0.05,19.599999999999998,0
3692,4085,0.1333333333333334,0.0175,7.619047619047621,0.4,0.03,13.333333333333334,0
3693,4086,0.2,0.013333333333333332,15.000000000000002,0.4,0.02,20.0,0
3694,4088,0.3262142857142857,0.04833333333333333,6.749261083743842,1.0,0.06,16.666666666666668,0
3695,4089,0.30478968253968236,0.04333333333333333,7.033608058608055,1.0,0.05,20.0,0
3696,4090,0.19015512265512263,0.010833333333333332,17.552780552780554,0.97,0.03,32.333333333333336,0
3697,4091,0.19015512265512263,0.030833333333333334,6.167193167193166,0.97,0.05,19.4,0
3698,4092,0.19015512265512263,0.02083333333333333,9.127445887445889,0.97,0.04,24.25,0
3699,4093,0.2047619047619046,0.02033333333333333,10.07025761124121,0.97,0.04,24.25,0
3700,4095,0.3342023809523809,0.05,6.684047619047618,0.99,0.06,16.5,0
3701,4096,0.5,0.03,16.666666666666668,1.0,0.04,25.0,0
3702,4097,0.5,0.03,16.666666666666668,1.0,0.04,25.0,0
3703,4098,0.29343253968253963,0.01,29.34325396825396,1.0,0.01,100.0,0
3704,4099,1.0,0.013333333333333332,75.0,1.0,0.02,50.0,1
3705,4100,0.5,0.02,25.0,1.0,0.03,33.333333333333336,0
3706,4103,0.35768253968253966,0.04,8.942063492063491,1.0,0.04,25.0,0
3707,4104,0.2816785714285713,0.005,56.33571428571425,0.99,0.01,99.0,0
3708,4105,0.18031782106782102,0.055,3.2785058375967457,0.98,0.07,13.999999999999998,0
3709,4106,0.18031782106782102,0.055,3.2785058375967457,0.98,0.07,13.999999999999998,0
3710,4107,0.18031782106782102,0.035,5.1519377447948855,0.98,0.05,19.599999999999998,0
3711,4108,0.18031782106782102,0.025,7.212712842712841,0.98,0.04,24.5,0
3712,4109,0.18031782106782102,0.025,7.212712842712841,0.98,0.04,24.5,0
3713,4110,0.23299603174603165,0.03,7.766534391534388,0.98,0.03,32.666666666666664,0
3714,4111,0.30072619047619037,0.015,20.048412698412694,1.0,0.02,50.0,0
3715,4116,0.22407611832611818,0.035,6.402174809317661,1.0,0.04,25.0,0
3716,4117,0.29415115440115436,0.005,58.83023088023087,1.0,0.01,100.0,0
3717,4119,0.2511554834054832,0.01,25.115548340548322,0.99,0.01,99.0,0
3718,4120,0.2759880952380951,0.025,11.039523809523804,1.0,0.03,33.333333333333336,0
3719,4121,0.3132914862914863,0.0575,5.448547587678022,0.98,0.07,13.999999999999998,0
3720,4122,0.5,0.0475,10.526315789473685,1.0,0.06,16.666666666666668,0
3721,4123,0.237611111111111,0.015,15.840740740740733,1.0,0.02,50.0,0
3722,4124,0.30345310245310236,0.02,15.172655122655119,0.99,0.02,49.5,0
3723,4125,0.37781746031746033,0.008333333333333333,45.33809523809524,1.0,0.02,50.0,0
3724,4126,0.32226129426129424,0.0375,8.593634513634514,1.0,0.06,16.666666666666668,0
3725,4127,0.2804365079365078,0.03,9.347883597883595,1.0,0.03,33.333333333333336,0
3726,4128,0.24165909090909074,0.04,6.041477272727269,0.93,0.04,23.25,0
3727,4129,0.34167568542568544,0.005,68.33513708513709,0.98,0.01,98.0,0
3728,4130,0.3397698412698413,0.03916666666666667,8.674974670719351,0.99,0.06,16.5,0
3729,4131,0.5,0.0375,13.333333333333334,1.0,0.05,20.0,0
3730,4132,0.5,0.0275,18.181818181818183,1.0,0.04,25.0,0
3731,4133,0.31830158730158725,0.0125,25.464126984126978,0.99,0.03,33.0,0
3732,4134,0.31214718614718606,0.02,15.607359307359303,0.99,0.02,49.5,0
3733,4135,0.35186507936507927,0.0525,6.702191987906272,1.0,0.07,14.285714285714285,0
3734,4136,0.24456349206349184,0.01,24.456349206349184,1.0,0.01,100.0,0
3735,4137,0.24972222222222207,0.015,16.648148148148138,1.0,0.02,50.0,0
3736,4138,0.24667496392496382,0.04,6.1668740981240955,1.0,0.04,25.0,0
3737,4139,0.5,0.0175,28.57142857142857,1.0,0.03,33.333333333333336,0
3738,4140,0.1864166666666665,0.013333333333333332,13.981249999999989,0.99,0.02,49.5,0
3739,4141,0.3154206349206348,0.03333333333333333,9.462619047619045,1.0,0.05,20.0,0
3740,4142,0.2186746031746031,0.0225,9.718871252204583,1.0,0.03,33.333333333333336,0
3741,4143,0.5,0.0075,66.66666666666667,1.0,0.02,50.0,0
3742,4144,0.2537777777777777,0.015,16.918518518518514,1.0,0.02,50.0,0
3743,4145,0.3723492063492065,0.02083333333333333,17.872761904761916,1.0,0.05,20.0,0
3744,4146,0.5,0.0075,66.66666666666667,1.0,0.02,50.0,0
3745,4147,0.34997258297258294,0.04333333333333334,8.076290376290373,0.98,0.06,16.333333333333332,0
3746,4148,0.2322970085470084,0.02,11.61485042735042,0.99,0.03,33.0,0
3747,4149,0.5,0.04333333333333334,11.538461538461537,1.0,0.06,16.666666666666668,0
3748,4150,0.26144047619047606,0.03,8.714682539682535,1.0,0.03,33.333333333333336,0
3749,4151,0.23494841269841266,0.03,7.831613756613756,1.0,0.03,33.333333333333336,0
3750,4152,0.27473809523809517,0.05,5.494761904761903,1.0,0.06,16.666666666666668,0
3751,4153,0.5,0.0275,18.181818181818183,1.0,0.04,25.0,0
3752,4154,0.5,0.0275,18.181818181818183,1.0,0.04,25.0,0
3753,4155,0.31636507936507924,0.03,10.545502645502642,0.99,0.04,24.75,0
3754,4159,0.32356421356421355,0.035,9.244691816120387,0.96,0.04,24.0,0
3755,4162,0.2827579365079363,0.02,14.137896825396814,0.99,0.02,49.5,0
3756,4163,0.2230436507936506,0.03,7.434788359788354,0.99,0.04,24.75,0
3757,4164,0.276250111000111,0.035,7.8928603142888845,1.0,0.04,25.0,0
3758,4165,0.2254765512265511,0.021666666666666664,10.406610056610052,1.0,0.04,25.0,0
3759,4166,0.2254765512265511,0.04166666666666666,5.411437229437228,1.0,0.06,16.666666666666668,0
3760,4167,0.0,0.035,0.0,0.0,0.06,0.0,0
3761,4168,0.0,0.055,0.0,0.0,0.06,0.0,0
3762,4169,0.16576226551226544,0.03333333333333333,4.972867965367963,0.97,0.04,24.25,0
3763,4170,0.2872182539682536,0.01,28.721825396825363,0.93,0.02,46.5,0
3764,4171,0.4251190476190476,0.02,21.25595238095238,0.93,0.02,46.5,0
3765,4173,0.31871031746031736,0.025,12.748412698412693,1.0,0.03,33.333333333333336,0
3766,4174,0.18644047619047607,0.0525,3.5512471655328777,0.96,0.08,12.0,0
3767,4175,0.24021464646464644,0.03,8.007154882154882,0.97,0.03,32.333333333333336,0
3768,4176,0.18644047619047607,0.0425,4.386834733893554,0.96,0.07,13.714285714285712,0
3769,4177,0.18644047619047607,0.0325,5.736630036630033,0.96,0.06,16.0,0
3770,4178,0.2759880952380952,0.02,13.799404761904759,0.96,0.02,48.0,0
3771,4179,0.2425037185037184,0.04333333333333334,5.596239657778116,0.96,0.05,19.2,0
3772,4180,0.2278174603174602,0.028333333333333335,8.040616246498594,0.97,0.04,24.25,0
3773,4181,0.3130634920634919,0.015,20.87089947089946,0.97,0.02,48.5,0
3774,4183,0.3538253968253967,0.04666666666666667,7.581972789115643,0.99,0.06,16.5,0
3775,4184,0.5,0.03,16.666666666666668,1.0,0.04,25.0,0
3776,4185,0.5,0.04,12.5,1.0,0.05,20.0,0
3777,4186,0.3637063492063492,0.015,24.247089947089947,1.0,0.02,50.0,0
3778,4187,0.2827896825396824,0.015,18.852645502645494,0.99,0.03,33.0,0
3779,4188,0.4762619047619048,0.028333333333333332,16.809243697478994,1.0,0.04,25.0,0
3780,4189,0.27521933621933614,0.005,55.043867243867226,0.98,0.01,98.0,0
3781,4190,0.5,0.02333333333333333,21.42857142857143,1.0,0.04,25.0,0
3782,4191,1.0,0.01,100.0,1.0,0.01,100.0,1
3783,4192,0.2278614718614717,0.015,15.190764790764781,1.0,0.03,33.333333333333336,0
3784,4194,0.356226911976912,0.01,35.622691197691196,1.0,0.02,50.0,0
3785,4195,0.5,0.055,9.090909090909092,1.0,0.07,14.285714285714285,0
3786,4197,0.30169444444444427,0.0,,1.0,0.0,,0
3787,4198,0.2314841269841269,0.025,9.259365079365075,0.99,0.04,24.75,0
3788,4199,0.22590079365079355,0.005,45.18015873015871,0.99,0.01,99.0,0
3789,4200,0.18623423798423783,0.0325,5.730284245668856,0.99,0.04,24.75,0
3790,4201,0.22292857142857142,0.018333333333333333,12.159740259740259,0.93,0.03,31.000000000000004,0
3791,4202,0.17309559884559877,0.02083333333333333,8.308588744588743,0.93,0.04,23.25,0
3792,4203,0.17309559884559877,0.04083333333333333,4.239075890096297,0.93,0.06,15.500000000000002,0
3793,4204,0.19198448773448765,0.028333333333333332,6.775923096511329,0.96,0.04,24.0,0
3794,4205,0.3105598845598844,0.005,62.11197691197688,0.99,0.01,99.0,0
3795,4206,0.17309559884559877,0.02083333333333333,8.308588744588743,0.93,0.04,23.25,0
3796,4207,0.17309559884559877,0.05083333333333333,3.4051593215527634,0.93,0.07,13.285714285714285,0
3797,4208,0.1774927849927849,0.0325,5.461316461316458,0.95,0.05,18.999999999999996,0
3798,4209,0.17309559884559877,0.04083333333333333,4.239075890096297,0.93,0.06,15.500000000000002,0
3799,4210,0.17309559884559877,0.0175,9.891177076891358,0.93,0.03,31.000000000000004,0
3800,4211,0.22548809523809513,0.0,,1.0,0.0,,0
3801,4212,0.2658892496392495,0.02,13.294462481962475,1.0,0.02,50.0,0
3802,4213,0.2765443722943722,0.01,27.654437229437217,0.99,0.01,99.0,0
3803,4214,0.21573051948051936,0.01,21.573051948051933,1.0,0.01,100.0,0
3804,4215,0.21215223665223656,0.03,7.071741221741219,0.99,0.03,33.0,0
3805,4216,0.20682972582972567,0.04833333333333333,4.27923570682191,1.0,0.06,16.666666666666668,0
3806,4217,0.19557514707514695,0.035,5.587861345004198,0.98,0.07,13.999999999999998,0
3807,4218,0.2585321067821067,0.045,5.74515792849126,0.98,0.06,16.333333333333332,0
3808,4219,0.2623214285714285,0.013333333333333332,19.67410714285714,1.0,0.02,50.0,0
3809,4220,0.24055158730158716,0.02,12.027579365079358,0.96,0.03,32.0,0
3810,4221,0.2637705627705627,0.02,13.188528138528135,1.0,0.03,33.333333333333336,0
3811,4222,0.259329365079365,0.015,17.288624338624334,1.0,0.02,50.0,0
3812,4223,0.2876507936507936,0.045,6.392239858906525,0.99,0.05,19.799999999999997,0
3813,4224,0.24288095238095228,0.005,48.576190476190455,1.0,0.01,100.0,0
3814,4225,0.1811114718614718,0.02333333333333333,7.761920222634507,0.97,0.04,24.25,0
3815,4228,0.3089285714285713,0.03333333333333333,9.267857142857139,0.99,0.05,19.799999999999997,0
3816,4229,0.20685750360750343,0.0325,6.36484626484626,1.0,0.04,25.0,0
3817,4231,0.33899999999999997,0.03,11.299999999999999,0.99,0.04,24.75,0
3818,4232,0.19702813852813847,0.03,6.567604617604616,0.9,0.03,30.000000000000004,0
3819,4233,0.2981670274170273,0.02,14.908351370851364,0.99,0.02,49.5,0
3820,4234,0.22109992784992769,0.04,5.527498196248192,0.99,0.04,24.75,0
3821,4235,0.27618290043290034,0.0175,15.781880024737161,0.97,0.03,32.333333333333336,0
3822,4236,0.08383333333333337,0.03,2.7944444444444456,0.52,0.06,8.666666666666668,0
3823,4237,0.10143650793650794,0.035,2.8981859410430837,0.52,0.05,10.4,0
3824,4238,0.2112189754689754,0.02333333333333333,9.052241805813232,0.99,0.04,24.75,0
3825,4240,0.19263672438672427,0.015,12.842448292448285,0.98,0.02,49.0,0
3826,4241,0.19263672438672427,0.025,7.70546897546897,0.98,0.03,32.666666666666664,0
3827,4242,0.19263672438672427,0.035,5.503906411049265,0.98,0.04,24.5,0
3828,4243,0.19263672438672427,0.025,7.70546897546897,0.98,0.03,32.666666666666664,0
3829,4244,0.19263672438672427,0.035,5.503906411049265,0.98,0.04,24.5,0
3830,4245,0.2010367965367964,0.05,4.020735930735928,0.99,0.06,16.5,0
3831,4246,0.19263672438672427,0.035,5.503906411049265,0.98,0.04,24.5,0
3832,4247,0.2538888888888888,0.01,25.38888888888888,0.98,0.01,98.0,0
3833,4248,0.21930158730158716,0.026666666666666665,8.22380952380952,1.0,0.05,20.0,0
3834,4249,0.20434199134199119,0.0275,7.430617866981498,0.99,0.05,19.799999999999997,0
3835,4250,0.21639718614718595,0.02,10.819859307359296,0.99,0.04,24.75,0
3836,4251,0.20434199134199119,0.0375,5.449119769119765,0.99,0.06,16.5,0
3837,4252,0.22024639249639236,0.015,14.683092833092825,0.99,0.02,49.5,0
3838,4254,0.23062301587301579,0.015,15.37486772486772,0.99,0.02,49.5,0
3839,4255,0.22555158730158711,0.03833333333333334,5.88395445134575,1.0,0.05,20.0,0
3840,4256,0.32420970695970686,0.0,,0.99,0.0,,0
3841,4257,0.187924603174603,0.04,4.698115079365075,0.99,0.05,19.799999999999997,0
3842,4259,0.22432081807081786,0.0125,17.945665445665426,0.99,0.02,49.5,0
3843,4260,0.22432081807081786,0.0125,17.945665445665426,0.99,0.02,49.5,0
3844,4261,0.22506324231324218,0.025,9.002529692529686,0.91,0.03,30.333333333333336,0
3845,4263,0.30655158730158716,0.003333333333333333,91.96547619047615,0.99,0.01,99.0,0
3846,4264,0.18557814407814402,0.04833333333333333,3.839547808513325,1.0,0.07,14.285714285714285,0
3847,4265,0.2613373015873016,0.03666666666666667,7.127380952380953,0.98,0.06,16.333333333333332,0
3848,4266,0.2733253968253967,0.025,10.933015873015867,0.98,0.03,32.666666666666664,0
3849,4267,0.2136352813852812,0.03833333333333334,5.573094297007335,1.0,0.05,20.0,0
3850,4269,0.28536111111111107,0.015,19.024074074074072,1.0,0.02,50.0,0
3851,4272,0.22830194805194798,0.02,11.415097402597398,1.0,0.03,33.333333333333336,0
3852,4273,0.22694552669552656,0.025,9.077821067821063,1.0,0.03,33.333333333333336,0
3853,4274,0.17715945165945152,0.04333333333333334,4.088295038295034,0.96,0.07,13.714285714285712,0
3854,4275,0.19736183261183246,0.03333333333333333,5.920854978354974,1.0,0.06,16.666666666666668,0
3855,4276,0.2458849206349205,0.0325,7.565689865689862,0.98,0.04,24.5,0
3856,4277,0.17715945165945152,0.03833333333333333,4.621550912855257,0.96,0.06,16.0,0
3857,4278,0.17715945165945152,0.05333333333333333,3.321739718614716,0.96,0.08,12.0,0
3858,4279,0.17715945165945152,0.04333333333333334,4.088295038295034,0.96,0.07,13.714285714285712,0
3859,4280,0.17715945165945152,0.04333333333333333,4.088295038295035,0.96,0.07,13.714285714285712,0
3860,4282,0.368015873015873,0.03,12.267195767195767,1.0,0.03,33.333333333333336,0
3861,4283,0.23571825396825394,0.02,11.785912698412696,0.99,0.02,49.5,0
3862,4284,0.23571825396825394,0.02,11.785912698412696,0.99,0.02,49.5,0
3863,4285,0.23801984126984121,0.01,23.80198412698412,1.0,0.01,100.0,0
3864,4289,0.31611843711843696,0.02,15.805921855921847,1.0,0.02,50.0,0
3865,4290,0.3673928571428571,0.035,10.496938775510202,1.0,0.04,25.0,0
3866,4291,0.2752301587301585,0.05,5.50460317460317,0.98,0.05,19.599999999999998,0
3867,4292,0.4684285714285714,0.015,31.228571428571428,1.0,0.02,50.0,0
3868,4295,0.28999639249639225,0.005,57.99927849927845,0.99,0.01,99.0,0
3869,4296,0.23215018315018296,0.0275,8.441824841824834,1.0,0.05,20.0,0
3870,4297,0.2986349206349206,0.025,11.945396825396823,1.0,0.03,33.333333333333336,0
3871,4298,0.32837301587301576,0.005,65.67460317460315,1.0,0.01,100.0,0
3872,4299,0.31804365079365077,0.03333333333333333,9.541309523809524,1.0,0.04,25.0,0
3873,4303,0.3989597069597069,0.02,19.947985347985345,1.0,0.03,33.333333333333336,0
3874,4304,0.20558741258741256,0.02333333333333333,8.81088911088911,0.96,0.03,32.0,0
3875,4305,0.20558741258741256,0.02333333333333333,8.81088911088911,0.96,0.03,32.0,0
3876,4306,0.20558741258741256,0.03333333333333333,6.167622377622377,0.96,0.04,24.0,0
3877,4307,0.18564296814296813,0.035,5.304084804084803,0.98,0.04,24.5,0
3878,4308,0.2611386391386391,0.025,10.445545565545563,0.99,0.04,24.75,0
3879,4310,1.0,0.03,33.333333333333336,1.0,0.03,33.333333333333336,1
3880,4311,0.3734523809523811,0.025,14.938095238095244,1.0,0.03,33.333333333333336,0
3881,4312,0.3223809523809521,0.025,12.895238095238083,0.97,0.04,24.25,0
3882,4313,0.24212734487734472,0.02,12.106367243867236,1.0,0.02,50.0,0
3883,4314,0.38838095238095244,0.05,7.767619047619048,0.99,0.05,19.799999999999997,0
3884,4315,0.32714285714285707,0.01,32.71428571428571,1.0,0.01,100.0,0
3885,4316,0.3808452380952382,0.055,6.924458874458876,1.0,0.06,16.666666666666668,0
3886,4317,0.41726984126984124,0.03,13.908994708994708,0.98,0.04,24.5,0
3887,4318,0.3925122655122656,0.01,39.25122655122656,1.0,0.01,100.0,0
3888,4319,0.4595357142857142,0.035,13.12959183673469,1.0,0.04,25.0,0
3889,4320,0.3740598845598847,0.045,8.31244187910855,0.99,0.06,16.5,0
3890,4321,0.5,0.025,20.0,1.0,0.03,33.333333333333336,0
3891,4322,0.17058369408369395,0.065,2.6243645243645224,0.94,0.08,11.749999999999998,0
3892,4323,0.29589682539682527,0.005,59.179365079365056,1.0,0.01,100.0,0
3893,4324,0.20909523809523797,0.023333333333333334,8.961224489795912,0.97,0.03,32.333333333333336,0
3894,4325,0.2852130647130647,0.03333333333333333,8.55639194139194,0.99,0.05,19.799999999999997,0
3895,4326,0.27370634920634906,0.028333333333333332,9.66022408963585,1.0,0.04,25.0,0
3896,4327,0.3524325396825397,0.028333333333333332,12.438795518207284,1.0,0.05,20.0,0
3897,4328,0.5,0.028333333333333335,17.64705882352941,1.0,0.04,25.0,0
3898,4329,0.30355194805194796,0.03,10.118398268398266,1.0,0.03,33.333333333333336,0
3899,4331,0.3240717893217893,0.01,32.40717893217893,1.0,0.01,100.0,0
3900,4332,0.22996825396825385,0.028333333333333332,8.116526610644254,1.0,0.04,25.0,0
3901,4333,0.5,0.045,11.11111111111111,1.0,0.05,20.0,0
3902,4334,0.5,0.015,33.333333333333336,1.0,0.02,50.0,0
3903,4335,1.0,0.0,,1.0,0.0,,1
3904,4336,0.5,0.045,11.11111111111111,1.0,0.05,20.0,0
3905,4337,0.5,0.015,33.333333333333336,1.0,0.02,50.0,0
3906,4338,0.29141702741702735,0.01,29.141702741702733,1.0,0.01,100.0,0
3907,4340,0.17563838938838927,0.07,2.5091198484055606,0.99,0.09,11.0,0
3908,4341,0.2287582972582972,0.05,4.575165945165944,1.0,0.05,20.0,0
3909,4342,0.2181700244200243,0.02,10.908501221001215,1.0,0.02,50.0,0
3910,4343,0.23696031746031734,0.02,11.848015873015868,1.0,0.02,50.0,0
3911,4344,0.1842425352425351,0.025,7.3697014097014035,0.97,0.03,32.333333333333336,0
3912,4345,0.17450310800310784,0.065,2.684663200047813,0.98,0.09,10.88888888888889,0
3913,4346,0.17563838938838927,0.02,8.781919469419464,0.99,0.04,24.75,0
3914,4347,0.1585351037851036,0.025,6.341404151404144,0.98,0.03,32.666666666666664,0
3915,4348,0.17563838938838927,0.04,4.390959734709732,0.99,0.06,16.5,0
3916,4349,0.22344119769119758,0.04,5.586029942279939,0.99,0.04,24.75,0
3917,4351,0.23836111111111094,0.013333333333333332,17.87708333333332,0.98,0.02,49.0,0
3918,4352,0.2089319291819292,0.03166666666666666,6.597850395218818,1.0,0.05,20.0,0
3919,4353,0.2244051226551225,0.028333333333333332,7.9201807995925595,1.0,0.04,25.0,0
3920,4354,0.24878607503607492,0.01,24.87860750360749,1.0,0.01,100.0,0
3921,4355,0.27799206349206323,0.01,27.799206349206322,1.0,0.01,100.0,0
3922,4357,0.2105112942612941,0.055,3.827478077478075,0.99,0.07,14.14285714285714,0
3923,4358,0.22932611832611816,0.003333333333333333,68.79783549783545,0.99,0.01,99.0,0
3924,4359,0.21370238095238078,0.04,5.34255952380952,1.0,0.05,20.0,0
3925,4360,0.17879004329004325,0.04083333333333334,4.378531672409221,0.95,0.07,13.57142857142857,0
3926,4361,0.21273015873015858,0.02,10.636507936507929,0.98,0.02,49.0,0
3927,4362,0.17879004329004325,0.030833333333333334,5.798595998595997,0.95,0.06,15.833333333333334,0
3928,4363,0.28988492063492055,0.0,,0.99,0.0,,0
3929,4364,0.20145238095238086,0.0425,4.740056022408961,1.0,0.05,20.0,0
3930,4365,0.2311316738816737,0.03833333333333333,6.02952192734801,0.95,0.05,18.999999999999996,0
3931,4366,0.19508766233766223,0.028333333333333332,6.8854469060351375,0.98,0.04,24.5,0
3932,4368,0.1899878454878453,0.008333333333333333,22.798541458541436,0.97,0.02,48.5,0
3933,4369,0.3400995670995671,0.01,34.00995670995671,0.97,0.01,97.0,0
3934,4370,0.1899878454878453,0.04833333333333334,3.9307830100933505,0.97,0.06,16.166666666666668,0
3935,4371,0.2354325396825396,0.04,5.88581349206349,1.0,0.04,25.0,0
3936,4372,0.1899878454878453,0.03833333333333333,4.956204664900313,0.97,0.05,19.4,0
3937,4373,0.24907514707514694,0.015,16.605009805009797,0.97,0.02,48.5,0
3938,4375,0.27697594072594056,0.03833333333333333,7.225459323285406,0.99,0.06,16.5,0
3939,4377,0.2598214285714284,0.04166666666666667,6.235714285714281,1.0,0.07,14.285714285714285,0
3940,4378,0.201055056055056,0.026666666666666665,7.5395646020646,0.98,0.05,19.599999999999998,0
3941,4379,0.24082215007214988,0.026666666666666665,9.03083062770562,1.0,0.05,20.0,0
3942,4380,0.201055056055056,0.016666666666666666,12.06330336330336,0.98,0.04,24.5,0
3943,4381,0.201055056055056,0.03666666666666667,5.483319710592436,0.98,0.06,16.333333333333332,0
3944,4382,0.201055056055056,0.026666666666666665,7.5395646020646,0.98,0.05,19.599999999999998,0
3945,4383,0.17495743145743137,0.02,8.747871572871569,1.0,0.02,50.0,0
3946,4384,0.26769877344877335,0.03,8.923292448292445,0.98,0.04,24.5,0
3947,4385,0.2726984126984126,0.02,13.634920634920631,1.0,0.02,50.0,0
3948,4386,0.32563095238095224,0.05,6.512619047619045,0.99,0.06,16.5,0
3949,4389,0.178330808080808,0.015,11.888720538720534,1.0,0.02,50.0,0
3950,4393,0.17058369408369395,0.055,3.101521710612617,0.94,0.07,13.428571428571427,0
3951,4394,0.17058369408369395,0.025,6.8233477633477575,0.94,0.04,23.499999999999996,0
3952,4395,0.15359595959595942,0.045,3.4132435465768762,0.98,0.06,16.333333333333332,0
3953,4396,0.17058369408369395,0.055,3.101521710612617,0.94,0.07,13.428571428571427,0
3954,4397,0.17058369408369395,0.025,6.8233477633477575,0.94,0.04,23.499999999999996,0
3955,4398,0.2012420634920634,0.0,,0.98,0.0,,0
3956,4399,0.17058369408369395,0.015,11.372246272246263,0.94,0.03,31.333333333333332,0
3957,4400,0.28185714285714275,0.03833333333333334,7.352795031055897,0.98,0.05,19.599999999999998,0
3958,4401,0.19690090465090457,0.03,6.5633634883634855,0.99,0.03,33.0,0
3959,4402,0.21807215007215003,0.03,7.269071669071668,0.94,0.03,31.333333333333332,0
3960,4403,0.2503247863247863,0.01,25.032478632478625,1.0,0.01,100.0,0
3961,4404,0.19122655122655108,0.0575,3.3256791517661055,0.98,0.08,12.25,0
3962,4405,0.18202525252525242,0.035,5.200721500721498,0.96,0.04,24.0,0
3963,4406,0.5,0.03333333333333333,15.0,1.0,0.05,20.0,0
3964,4407,0.18202525252525242,0.035,5.200721500721498,0.96,0.04,24.0,0
3965,4408,0.18202525252525242,0.035,5.200721500721498,0.96,0.04,24.0,0
3966,4409,0.16574278499278491,0.02,8.287139249639246,0.98,0.03,32.666666666666664,0
3967,4411,0.2910833333333333,0.02,14.554166666666665,0.99,0.02,49.5,0
3968,4412,0.3813095238095237,0.02,19.065476190476186,1.0,0.02,50.0,0
3969,4413,0.16568795093795077,0.04833333333333333,3.428026571130016,0.97,0.07,13.857142857142856,0
3970,4414,0.24233766233766219,0.01,24.233766233766218,0.98,0.02,49.0,0
3971,4415,0.3262738095238094,0.025,13.050952380952376,1.0,0.03,33.333333333333336,0
3972,4416,0.3501042568542569,0.035,10.002978767264482,0.99,0.04,24.75,0
3973,4417,0.3380198412698412,0.02,16.90099206349206,0.98,0.02,49.0,0
3974,4418,0.19746572871572862,0.005,39.493145743145725,0.98,0.01,98.0,0
3975,4422,0.27177380952380953,0.01,27.177380952380954,0.99,0.01,99.0,0
3976,4423,0.2022539682539681,0.05083333333333334,3.9787665886026504,0.98,0.08,12.25,0
3977,4424,0.26645238095238083,0.03833333333333334,6.950931677018629,0.98,0.05,19.599999999999998,0
3978,4425,0.21147533022533008,0.02333333333333333,9.063228438228434,0.97,0.04,24.25,0
3979,4426,0.3180039682539681,0.05,6.360079365079361,1.0,0.05,20.0,0
3980,4427,0.5,0.03,16.666666666666668,1.0,0.06,16.666666666666668,0
3981,4428,0.24969047619047616,0.025,9.987619047619045,0.99,0.03,33.0,0
3982,4429,0.23163528138528125,0.02,11.581764069264063,1.0,0.03,33.333333333333336,0
3983,4430,0.27049206349206334,0.02,13.524603174603167,0.99,0.02,49.5,0
3984,4431,0.25372258297258293,0.03666666666666667,6.919706808343171,0.99,0.06,16.5,0
3985,4432,0.2105891053391053,0.0,,0.99,0.0,,0
3986,4433,0.22218650793650785,0.0,,1.0,0.0,,0
3987,4434,0.353968253968254,0.04166666666666666,8.495238095238097,1.0,0.07,14.285714285714285,0
3988,4435,0.2725357142857142,0.03,9.084523809523807,0.97,0.03,32.333333333333336,0
3989,4436,0.35511904761904767,0.04333333333333333,8.195054945054947,0.99,0.07,14.14285714285714,0
3990,4437,0.20269480519480507,0.05333333333333334,3.8005275974025947,0.99,0.06,16.5,0
3991,4438,0.30465873015872985,0.01,30.465873015872983,0.97,0.01,97.0,0
3992,4439,0.5,0.07,7.142857142857142,1.0,0.1,10.0,0
3993,4440,0.2528888888888888,0.04,6.322222222222219,1.0,0.04,25.0,0
3994,4441,1.0,0.003333333333333333,300.0,1.0,0.01,100.0,1
3995,4442,0.22359920634920627,0.025,8.94396825396825,0.99,0.03,33.0,0
3996,4443,0.3303888888888888,0.015,22.02592592592592,1.0,0.02,50.0,0
3997,4444,0.5,0.06,8.333333333333334,1.0,0.09,11.11111111111111,0
3998,4445,0.5,0.05,10.0,1.0,0.08,12.5,0
3999,4446,0.34381746031746035,0.035,9.823356009070295,0.99,0.07,14.14285714285714,0
4000,4447,0.22434523809523807,0.02,11.217261904761903,0.98,0.02,49.0,0
4001,4448,0.28963095238095227,0.01,28.963095238095224,0.99,0.01,99.0,0
4002,4449,0.1813810633810633,0.035,5.1823160966018085,0.96,0.05,19.2,0
4003,4450,0.1813810633810633,0.035,5.1823160966018085,0.96,0.05,19.2,0
4004,4451,0.24443650793650779,0.005,48.88730158730156,1.0,0.01,100.0,0
4005,4452,0.1813810633810633,0.035,5.1823160966018085,0.96,0.05,19.2,0
4006,4453,0.2341468253968253,0.03,7.804894179894177,0.96,0.03,32.0,0
4007,4454,0.1996065323565322,0.045,4.435700719034049,1.0,0.06,16.666666666666668,0
4008,4455,0.26117099567099566,0.03,8.705699855699855,0.97,0.03,32.333333333333336,0
4009,4456,0.17926923076923063,0.03,5.975641025641021,0.99,0.04,24.75,0
4010,4457,0.1996065323565322,0.045,4.435700719034049,1.0,0.06,16.666666666666668,0
4011,4458,0.20215584415584412,0.05166666666666666,3.912693757855048,0.96,0.08,12.0,0
4012,4459,0.1902344877344876,0.03,6.341149591149587,0.99,0.05,19.799999999999997,0
4013,4460,0.2034126984126984,0.035,5.811791383219954,0.99,0.06,16.5,0
4014,4461,0.18640151515151504,0.04833333333333333,3.856583072100311,0.99,0.06,16.5,0
4015,4462,0.20698088023088024,0.03333333333333333,6.209426406926407,0.97,0.05,19.4,0
4016,4463,0.2770277777777776,0.025,11.081111111111102,0.97,0.03,32.333333333333336,0
4017,4464,0.20501623376623368,0.015,13.667748917748913,0.99,0.02,49.5,0
4018,4465,0.20522222222222214,0.03,6.840740740740738,1.0,0.04,25.0,0
4019,4466,0.24770634920634918,0.013333333333333332,18.57797619047619,1.0,0.02,50.0,0
4020,4467,0.17595609945609933,0.06,2.932601657601656,0.99,0.08,12.375,0
4021,4468,0.24600036075036055,0.025,9.840014430014422,0.99,0.04,24.75,0
4022,4469,0.21321031746031735,0.025,8.528412698412694,1.0,0.04,25.0,0
4023,4470,0.2693531746031744,0.04583333333333333,5.876796536796532,0.96,0.08,12.0,0
4024,4471,0.38936507936507936,0.04833333333333333,8.055829228243022,0.96,0.06,16.0,0
4025,4473,0.16251237651237638,0.045,3.611386144719475,0.94,0.05,18.799999999999997,0
4026,4474,0.33352417027417025,0.035,9.529262007833434,0.96,0.04,24.0,0
4027,4475,0.16251237651237638,0.045,3.611386144719475,0.94,0.05,18.799999999999997,0
4028,4476,0.18069516594516594,0.045,4.015448132114798,0.99,0.05,19.799999999999997,0
4029,4477,0.16939357864357857,0.035,4.839816532673673,0.92,0.04,23.0,0
4030,4478,0.16251237651237638,0.035,4.643210757496467,0.94,0.04,23.499999999999996,0
4031,4479,0.16251237651237638,0.025,6.500495060495055,0.94,0.03,31.333333333333332,0
4032,4480,0.2041307026307026,0.01,20.41307026307026,0.94,0.01,93.99999999999999,0
4033,4481,0.18670274170274162,0.0275,6.789190607372422,0.97,0.05,19.4,0
4034,4482,0.34896031746031747,0.04,8.724007936507936,1.0,0.04,25.0,0
4035,4483,1.0,0.018333333333333333,54.54545454545455,1.0,0.03,33.333333333333336,1
4036,4485,0.29752380952380936,0.025,11.900952380952374,1.0,0.03,33.333333333333336,0
4037,4486,0.28934126984126973,0.035,8.266893424036278,0.97,0.04,24.25,0
4038,4487,0.2374404761904761,0.02,11.872023809523805,0.99,0.02,49.5,0
4039,4488,0.26695238095238083,0.0175,15.254421768707475,1.0,0.03,33.333333333333336,0
4040,4489,0.41155591630591637,0.02,20.57779581529582,1.0,0.02,50.0,0
4041,4490,0.5,0.05,10.0,1.0,0.05,20.0,0
4042,4491,0.5,0.01,50.0,1.0,0.01,100.0,0
4043,4492,0.21548484848484847,0.015,14.365656565656565,0.99,0.02,49.5,0
4044,4493,0.5,0.0,,1.0,0.0,,0
4045,4494,0.5,0.03,16.666666666666668,1.0,0.03,33.333333333333336,0
4046,4495,0.5,0.05,10.0,1.0,0.05,20.0,0
4047,4496,0.2612027417027416,0.02,13.06013708513708,1.0,0.03,33.333333333333336,0
4048,4497,0.5,0.04,12.5,1.0,0.04,25.0,0
4049,4498,0.18315945165945158,0.008333333333333333,21.97913419913419,0.99,0.02,49.5,0
4050,4500,0.32065115440115427,0.005,64.13023088023085,0.99,0.01,99.0,0
4051,4502,0.2252499999999998,0.03333333333333333,6.757499999999994,0.99,0.05,19.799999999999997,0
4052,4503,0.21031349206349195,0.04333333333333333,4.853388278388277,0.98,0.06,16.333333333333332,0
4053,4504,0.21255555555555547,0.025,8.502222222222219,0.99,0.04,24.75,0
4054,4507,0.2371554834054833,0.03,7.905182780182777,1.0,0.03,33.333333333333336,0
4055,4508,0.20883008658008656,0.018333333333333333,11.390731995277449,0.99,0.03,33.0,0
4056,4509,0.21619047619047616,0.02,10.809523809523807,1.0,0.02,50.0,0
4057,4510,0.31190476190476174,0.02,15.595238095238086,1.0,0.02,50.0,0
4058,4511,0.23667063492063478,0.02,11.833531746031738,1.0,0.02,50.0,0
4059,4516,0.17826659451659435,0.013333333333333332,13.369994588744577,0.99,0.02,49.5,0
4060,4521,0.5,0.028333333333333332,17.647058823529413,1.0,0.06,16.666666666666668,0
4061,4523,0.21933369408369388,0.01583333333333333,13.852654363180669,1.0,0.04,25.0,0
4062,4524,0.2459999999999999,0.01,24.59999999999999,1.0,0.01,100.0,0
4063,4526,0.20632142857142843,0.04333333333333334,4.761263736263732,1.0,0.05,20.0,0
4064,4527,0.2937546897546896,0.045,6.527881994548658,1.0,0.05,20.0,0
4065,4528,0.31122619047619027,0.045,6.916137566137562,0.99,0.05,19.799999999999997,0
4066,4529,0.29965079365079356,0.02,14.982539682539677,1.0,0.02,50.0,0
4067,4530,0.31637373737373725,0.03,10.545791245791243,1.0,0.04,25.0,0
4068,4531,0.2801190476190475,0.035,8.003401360544213,1.0,0.04,25.0,0
4069,4532,0.1854729437229436,0.045,4.121620971620969,0.99,0.05,19.799999999999997,0
4070,4533,0.20374242424242406,0.04,5.093560606060602,1.0,0.05,20.0,0
4071,4534,0.3478333333333333,0.02333333333333333,14.907142857142858,1.0,0.03,33.333333333333336,0
4072,4535,0.21410750360750352,0.02,10.705375180375176,0.99,0.03,33.0,0
4073,4536,1.0,0.01,100.0,1.0,0.01,100.0,1
4074,4538,0.2046551226551226,0.005,40.93102453102452,1.0,0.01,100.0,0
4075,4539,0.19727128427128413,0.025,7.890851370851364,0.97,0.04,24.25,0
4076,4540,0.0,0.02,0.0,0.0,0.03,0.0,0
4077,4541,0.0,0.025,0.0,0.0,0.03,0.0,0
4078,4542,0.17858802308802296,0.03,5.9529341029340985,0.94,0.04,23.499999999999996,0
4079,4543,0.26648484848484844,0.02,13.32424242424242,0.69,0.02,34.5,0
4080,4544,0.136262987012987,0.013333333333333332,10.219724025974026,0.64,0.02,32.0,0
4081,4545,0.1993142135642135,0.034166666666666665,5.833586738464786,1.0,0.07,14.285714285714285,0
4082,4547,0.2727626262626261,0.0,,1.0,0.0,,0
4083,4550,0.2322023809523808,0.0,,0.99,0.0,,0
4084,4551,0.338563492063492,0.015,22.57089947089947,1.0,0.02,50.0,0
4085,4552,0.2926587301587302,0.03,9.755291005291006,1.0,0.03,33.333333333333336,0
4086,4553,0.29152020202020185,0.06,4.858670033670031,0.98,0.07,13.999999999999998,0
4087,4554,0.19439718614718607,0.015,12.959812409812406,0.96,0.03,32.0,0
4088,4555,0.19439718614718607,0.015,12.959812409812406,0.96,0.03,32.0,0
4089,4556,0.19439718614718607,0.045,4.319937469937468,0.96,0.06,16.0,0
4090,4557,0.2565470085470084,0.03,8.551566951566947,0.96,0.03,32.0,0
4091,4558,0.3249801587301587,0.01,32.498015873015866,1.0,0.01,100.0,0
4092,4560,0.2564682539682539,0.04,6.411706349206347,0.89,0.05,17.8,0
4093,4561,0.23009595959595952,0.028333333333333332,8.12103386809269,0.83,0.04,20.75,0
4094,4562,0.2790158730158729,0.025,11.160634920634914,1.0,0.03,33.333333333333336,0
4095,4563,0.25799181374181357,0.02,12.899590687090678,1.0,0.02,50.0,0
4096,4564,0.3406666666666665,0.03,11.35555555555555,1.0,0.03,33.333333333333336,0
4097,4565,0.33021933621933613,0.03833333333333333,8.614417466591378,0.98,0.06,16.333333333333332,0
4098,4566,0.2883015873015872,0.07,4.1185941043083885,0.99,0.08,12.375,0
4099,4567,0.5,0.06333333333333332,7.894736842105265,1.0,0.08,12.5,0
4100,4568,0.5,0.04333333333333333,11.53846153846154,1.0,0.06,16.666666666666668,0
4101,4569,0.21871764346764327,0.013333333333333332,16.403823260073246,1.0,0.02,50.0,0
4102,4574,0.32749242424242425,0.01,32.749242424242425,1.0,0.01,100.0,0
4103,4575,0.2084451659451659,0.06333333333333332,3.2912394622920935,0.97,0.08,12.125,0
4104,4576,0.29690079365079347,0.01,29.690079365079345,1.0,0.01,100.0,0
4105,4577,0.2310674603174603,0.01,23.10674603174603,1.0,0.02,50.0,0
4106,4578,0.31847619047619036,0.06,5.307936507936506,0.98,0.07,13.999999999999998,0
4107,4580,0.18032251082251075,0.0425,4.242882607588488,0.98,0.06,16.333333333333332,0
4108,4581,0.20840476190476181,0.02,10.42023809523809,0.99,0.03,33.0,0
4109,4582,0.24732539682539667,0.013333333333333332,18.54940476190475,0.98,0.02,49.0,0
4110,4583,0.29579761904761914,0.0,,1.0,0.0,,0
4111,4584,0.31945238095238093,0.018333333333333333,17.424675324675324,0.99,0.03,33.0,0
4112,4586,0.3004603174603173,0.02,15.023015873015865,0.98,0.02,49.0,0
4113,4587,0.26825396825396813,0.02,13.412698412698406,1.0,0.02,50.0,0
4114,4588,0.3261825396825395,0.02,16.309126984126976,1.0,0.02,50.0,0
4115,4591,0.33550432900432897,0.11,3.050039354584809,0.99,0.13,7.615384615384615,0
4116,4592,0.24776984126984114,0.013333333333333332,18.58273809523809,1.0,0.02,50.0,0
4117,4593,0.2014285714285713,0.035,5.755102040816322,0.98,0.04,24.5,0
4118,4594,0.23102056277056263,0.055,4.200373868555684,1.0,0.07,14.285714285714285,0
4119,4595,0.30325829725829717,0.015,20.217219817219814,1.0,0.02,50.0,0
4120,4596,0.23102056277056263,0.03,7.700685425685421,1.0,0.05,20.0,0
4121,4597,0.23102056277056263,0.04,5.775514069264066,1.0,0.06,16.666666666666668,0
4122,4598,0.21055158730158718,0.03,7.01838624338624,0.98,0.03,32.666666666666664,0
4123,4599,0.200861111111111,0.015,13.390740740740734,0.99,0.03,33.0,0
4124,4600,0.2437463924963925,0.035,6.9641826427540705,0.98,0.04,24.5,0
4125,4601,0.2419170274170272,0.015,16.127801827801814,1.0,0.03,33.333333333333336,0
4126,4602,0.22061940836940813,0.05,4.412388167388162,0.99,0.07,14.14285714285714,0
4127,4603,0.16861580086580072,0.03333333333333333,5.0584740259740215,0.97,0.05,19.4,0
4128,4604,0.28369083694083685,0.03,9.456361231361228,1.0,0.03,33.333333333333336,0
4129,4605,0.21345634920634915,0.025,8.538253968253965,0.97,0.03,32.333333333333336,0
4130,4607,0.22130952380952362,0.016666666666666666,13.278571428571418,0.98,0.03,32.666666666666664,0
4131,4608,0.22130952380952362,0.016666666666666666,13.278571428571418,0.98,0.03,32.666666666666664,0
4132,4609,0.21899999999999983,0.09833333333333334,2.2271186440677946,0.99,0.11,9.0,0
4133,4611,0.5,0.01,50.0,1.0,0.01,100.0,0
4134,4612,0.2322342379842378,0.05,4.644684759684756,0.99,0.06,16.5,0
4135,4613,0.32079761904761894,0.02,16.039880952380948,0.99,0.02,49.5,0
4136,4615,0.22744480519480512,0.03,7.581493506493504,1.0,0.04,25.0,0
4137,4616,0.27059956709956695,0.02,13.529978354978347,1.0,0.02,50.0,0
4138,4617,0.22744480519480512,0.02,11.372240259740256,1.0,0.03,33.333333333333336,0
4139,4618,0.26779401154401145,0.015,17.852934102934096,1.0,0.02,50.0,0
4140,4619,0.2624523809523807,0.035,7.498639455782305,0.98,0.05,19.599999999999998,0
4141,4620,0.37426623376623375,0.03,12.475541125541126,0.98,0.03,32.666666666666664,0
4142,4621,0.43755158730158733,0.0,,1.0,0.0,,0
4143,4622,0.21850396825396817,0.02,10.925198412698409,1.0,0.03,33.333333333333336,0
4144,4623,0.3672460317460318,0.025,14.689841269841272,1.0,0.03,33.333333333333336,0
4145,4624,0.34382936507936507,0.035,9.823696145124716,1.0,0.05,20.0,0
4146,4625,0.2883492063492063,0.045,6.4077601410934735,0.99,0.05,19.799999999999997,0
4147,4626,0.3196587301587301,0.018333333333333333,17.435930735930732,1.0,0.03,33.333333333333336,0
4148,4627,0.21850396825396817,0.02,10.925198412698409,1.0,0.03,33.333333333333336,0
4149,4629,0.21850396825396817,0.03,7.283465608465606,1.0,0.04,25.0,0
4150,4630,0.5,0.02,25.0,1.0,0.02,50.0,0
4151,4631,0.32993650793650786,0.03833333333333333,8.607039337474118,1.0,0.05,20.0,0
4152,4632,1.0,0.0,,1.0,0.0,,1
4153,4633,0.20261507936507922,0.04833333333333333,4.192036124794742,1.0,0.07,14.285714285714285,0
4154,4635,0.18602056277056264,0.03166666666666666,5.874333561175663,0.96,0.05,19.2,0
4155,4636,0.1910595238095237,0.04166666666666667,4.585428571428569,0.99,0.06,16.5,0
4156,4638,0.15655278055278044,0.03,5.2184260184260145,0.95,0.04,23.75,0
4157,4639,0.19557972582972577,0.02,9.778986291486289,0.95,0.02,47.5,0
4158,4640,0.21655891330891314,0.035,6.1873975231118035,1.0,0.04,25.0,0
4159,4641,0.2303532856032854,0.05,4.607065712065708,1.0,0.07,14.285714285714285,0
4160,4644,0.2092301587301586,0.06333333333333332,3.303634085213031,1.0,0.08,12.5,0
4161,4645,0.23609126984126977,0.02,11.804563492063489,0.99,0.02,49.5,0
4162,4646,0.294845238095238,0.015,19.6563492063492,1.0,0.02,50.0,0
4163,4647,0.4533015873015874,0.035,12.951473922902498,1.0,0.04,25.0,0
4164,4648,0.30339682539682533,0.0425,7.138748832866478,1.0,0.05,20.0,0
4165,4649,0.24492099567099548,0.04333333333333333,5.652022977022973,1.0,0.05,20.0,0
4166,4650,0.44394444444444453,0.035,12.684126984126985,1.0,0.04,25.0,0
4167,4651,0.36955158730158727,0.025,14.78206349206349,1.0,0.03,33.333333333333336,0
4168,4652,0.33172655122655104,0.045,7.3717011383678015,1.0,0.05,20.0,0
4169,4653,0.21651984126984114,0.04666666666666666,4.63971088435374,0.99,0.06,16.5,0
4170,4654,0.22982683982683969,0.03,7.660894660894656,0.95,0.04,23.75,0
4171,4655,0.3614761904761905,0.03,12.04920634920635,0.99,0.03,33.0,0
4172,4658,0.34631349206349205,0.013333333333333332,25.973511904761907,1.0,0.02,50.0,0
4173,4659,0.29380555555555543,0.02,14.690277777777771,0.97,0.03,32.333333333333336,0
4174,4660,0.19345238095238088,0.045,4.298941798941797,0.98,0.05,19.599999999999998,0
4175,4661,0.26063095238095224,0.045,5.791798941798939,0.99,0.05,19.799999999999997,0
4176,4662,0.24800829725829707,0.015,16.533886483886473,0.99,0.02,49.5,0
4177,4663,0.32117496392496375,0.005,64.23499278499276,1.0,0.01,100.0,0
4178,4664,0.26899999999999985,0.015,17.933333333333323,0.99,0.03,33.0,0
4179,4665,0.26445634920634903,0.05,5.28912698412698,1.0,0.05,20.0,0
4180,4666,0.22957936507936508,0.03,7.652645502645503,0.99,0.03,33.0,0
4181,4667,0.18036122211122202,0.025,7.21444888444888,0.99,0.04,24.75,0
4182,4668,0.18036122211122202,0.025,7.21444888444888,0.99,0.04,24.75,0
4183,4669,0.2683968253968253,0.03,8.946560846560844,1.0,0.03,33.333333333333336,0
4184,4670,0.18036122211122202,0.075,2.404816294816294,0.99,0.09,11.0,0
4185,4671,0.22998015873015862,0.03,7.666005291005288,1.0,0.03,33.333333333333336,0
4186,4672,0.16755555555555537,0.055,3.046464646464643,0.94,0.07,13.428571428571427,0
4187,4673,0.21213924963924952,0.013333333333333332,15.910443722943715,1.0,0.02,50.0,0
4188,4674,0.1759772727272726,0.03,5.865909090909087,1.0,0.04,25.0,0
4189,4675,0.170626984126984,0.0,,0.98,0.0,,0
4190,4677,0.39975396825396836,0.055,7.26825396825397,1.0,0.06,16.666666666666668,0
4191,4678,0.33234523809523814,0.035,9.495578231292518,1.0,0.04,25.0,0
4192,4681,0.250150183150183,0.03,8.338339438339434,1.0,0.03,33.333333333333336,0
4193,4682,0.22966666666666655,0.03,7.6555555555555515,1.0,0.03,33.333333333333336,0
4194,4683,0.1786868686868686,0.03666666666666667,4.873278236914598,0.99,0.06,16.5,0
4195,4684,0.4149801587301588,0.028333333333333335,14.646358543417369,0.99,0.05,19.799999999999997,0
4196,4686,0.24226984126984116,0.025,9.690793650793646,1.0,0.03,33.333333333333336,0
4197,4687,0.24377777777777773,0.04,6.094444444444443,0.97,0.04,24.25,0
4198,4688,0.23879761904761895,0.015,15.919841269841264,1.0,0.02,50.0,0
4199,4689,0.314861111111111,0.02,15.743055555555548,0.99,0.02,49.5,0
4200,4692,0.1741749639249639,0.02333333333333333,7.464641311069882,0.91,0.04,22.75,0
4201,4693,0.1849687257187257,0.028333333333333335,6.5283079665432595,0.95,0.05,18.999999999999996,0
4202,4694,0.1741749639249639,0.02333333333333333,7.464641311069882,0.91,0.04,22.75,0
4203,4695,0.1741749639249639,0.013333333333333332,13.063122294372294,0.91,0.03,30.333333333333336,0
4204,4696,0.1741749639249639,0.013333333333333332,13.063122294372294,0.91,0.03,30.333333333333336,0
4205,4697,0.1741749639249639,0.02333333333333333,7.464641311069882,0.91,0.04,22.75,0
4206,4698,0.1741749639249639,0.02333333333333333,7.464641311069882,0.91,0.04,22.75,0
4207,4699,0.1741749639249639,0.03333333333333333,5.225248917748917,0.91,0.05,18.2,0
4208,4700,0.1741749639249639,0.04333333333333333,4.019422244422245,0.91,0.06,15.166666666666668,0
4209,4701,0.1741749639249639,0.03333333333333333,5.225248917748917,0.91,0.05,18.2,0
4210,4702,0.1741749639249639,0.05333333333333334,3.265780573593073,0.91,0.07,13.0,0
4211,4703,0.1741749639249639,0.013333333333333332,13.063122294372294,0.91,0.03,30.333333333333336,0
4212,4704,0.1741749639249639,0.05333333333333334,3.265780573593073,0.91,0.07,13.0,0
4213,4705,0.2406352813852813,0.02,12.031764069264065,0.95,0.03,31.666666666666668,0
4214,4706,0.2631746031746031,0.01,26.317460317460313,0.98,0.01,98.0,0
4215,4707,0.1741749639249639,0.02333333333333333,7.464641311069882,0.91,0.04,22.75,0
4216,4708,0.1741749639249639,0.03333333333333333,5.225248917748917,0.91,0.05,18.2,0
4217,4709,0.25696067821067814,0.01,25.696067821067814,0.99,0.02,49.5,0
4218,4710,0.2021352813852813,0.015,13.475685425685421,1.0,0.02,50.0,0
4219,4711,0.1741749639249639,0.04333333333333333,4.019422244422245,0.91,0.06,15.166666666666668,0
4220,4712,1.0,0.035,28.57142857142857,1.0,0.04,25.0,1
4221,4713,0.32767063492063486,0.03,10.922354497354496,0.98,0.03,32.666666666666664,0
4222,4714,0.2988333333333332,0.02,14.941666666666658,1.0,0.02,50.0,0
4223,4715,0.2950916305916305,0.015,19.67277537277537,1.0,0.02,50.0,0
4224,4716,0.2370238095238093,0.018333333333333333,12.928571428571416,0.99,0.03,33.0,0
4225,4717,0.26922619047619045,0.03,8.974206349206348,1.0,0.03,33.333333333333336,0
4226,4718,0.21284163059163042,0.028333333333333332,7.512057550292838,1.0,0.04,25.0,0
4227,4719,0.32589718614718605,0.015,21.72647907647907,0.99,0.02,49.5,0
4228,4720,0.5,0.02,25.0,1.0,0.03,33.333333333333336,0
4229,4721,0.348126984126984,0.02,17.4063492063492,1.0,0.03,33.333333333333336,0
4230,4723,0.20712734487734477,0.05499999999999999,3.765951725042633,1.0,0.09,11.11111111111111,0
4231,4725,0.21862337662337647,0.02,10.931168831168824,1.0,0.02,50.0,0
4232,4726,0.23026587301587287,0.0125,18.42126984126983,1.0,0.02,50.0,0
4233,4727,0.18245670995670984,0.015,12.163780663780656,0.96,0.02,48.0,0
4234,4728,0.2366190476190476,0.01,23.661904761904758,0.96,0.01,96.0,0
4235,4733,0.24548412698412686,0.04,6.137103174603172,0.99,0.05,19.799999999999997,0
4236,4735,0.2143095238095238,0.0,,0.98,0.0,,0
4237,4736,0.170626984126984,0.01,17.0626984126984,0.98,0.01,98.0,0
4238,4737,0.15588564213564202,0.02333333333333333,6.680813234384659,0.89,0.03,29.666666666666668,0
4239,4738,0.170626984126984,0.0,,0.98,0.0,,0
4240,4739,0.23159523809523797,0.03,7.7198412698412655,1.0,0.04,25.0,0
4241,4740,0.170626984126984,0.01,17.0626984126984,0.98,0.01,98.0,0
4242,4741,0.2858214285714284,0.055,5.196753246753244,1.0,0.06,16.666666666666668,0
4243,4742,0.3542261904761904,0.02,17.711309523809522,1.0,0.02,50.0,0
4244,4743,0.16662770562770543,0.03,5.554256854256848,0.99,0.05,19.799999999999997,0
4245,4744,0.3504246031746032,0.0,,1.0,0.0,,0
4246,4745,0.34042857142857147,0.018333333333333333,18.56883116883117,0.98,0.03,32.666666666666664,0
4247,4746,0.1954448051948051,0.035,5.584137291280145,0.99,0.04,24.75,0
4248,4748,0.24505952380952362,0.04,6.1264880952380905,1.0,0.04,25.0,0
4249,4749,0.19624278499278489,0.01,19.62427849927849,0.98,0.02,49.0,0
4250,4750,0.21290873015873008,0.03,7.09695767195767,1.0,0.04,25.0,0
4251,4751,0.2627384559884559,0.025,10.509538239538236,1.0,0.03,33.333333333333336,0
4252,4752,0.18092038517038503,0.05,3.6184077034077005,0.99,0.07,14.14285714285714,0
4253,4753,0.18092038517038503,0.03,6.030679505679501,0.99,0.05,19.799999999999997,0
4254,4754,0.18092038517038503,0.04,4.523009629259626,0.99,0.06,16.5,0
4255,4755,0.20501984126984113,0.04333333333333333,4.731227106227103,0.98,0.06,16.333333333333332,0
4256,4756,0.25910317460317456,0.012,21.59193121693121,1.0,0.02,50.0,0
4257,4757,0.20008730158730154,0.04333333333333334,4.617399267399265,0.99,0.06,16.5,0
4258,4759,0.19401587301587286,0.015,12.934391534391525,0.99,0.02,49.5,0
4259,4760,0.284086691086691,0.01,28.4086691086691,1.0,0.01,100.0,0
4260,4761,0.5,0.0,,1.0,0.0,,0
4261,4762,0.5,0.06,8.333333333333334,1.0,0.06,16.666666666666668,0
4262,4763,0.5,0.03,16.666666666666668,1.0,0.03,33.333333333333336,0
4263,4764,0.3023333333333332,0.04,7.558333333333329,0.98,0.04,24.5,0
4264,4765,0.2545252525252524,0.03,8.48417508417508,0.99,0.04,24.75,0
4265,4766,0.5,0.02,25.0,1.0,0.02,50.0,0
4266,4767,0.3291709956709955,0.04,8.229274891774887,1.0,0.04,25.0,0
4267,4771,0.2589689754689754,0.01,25.89689754689754,0.99,0.01,99.0,0
4268,4773,0.20450036075036068,0.047,4.351071505326823,0.98,0.06,16.333333333333332,0
4269,4774,0.22682850482850486,0.003333333333333333,68.04855144855146,0.99,0.01,99.0,0
4270,4776,0.2722344877344877,0.0125,21.778759018759015,0.98,0.02,49.0,0
4271,4777,0.2741388888888888,0.03333333333333333,8.224166666666665,0.98,0.04,24.5,0
4272,4778,0.3232106782106781,0.01,32.321067821067814,1.0,0.01,100.0,0
4273,4779,0.23322557997557983,0.03,7.7741859991859945,0.98,0.04,24.5,0
4274,4780,0.3458849206349206,0.01,34.58849206349206,1.0,0.01,100.0,0
4275,4781,0.27844480519480513,0.0,,1.0,0.0,,0
4276,4782,0.2151230158730157,0.03833333333333334,5.611904761904756,0.99,0.06,16.5,0
4277,4783,0.4706785714285715,0.02,23.533928571428575,1.0,0.03,33.333333333333336,0
4278,4785,0.1913459595959595,0.045,4.252132435465767,0.96,0.06,16.0,0
4279,4786,0.2081670274170273,0.05833333333333334,3.568577612863325,1.0,0.07,14.285714285714285,0
4280,4787,0.1913459595959595,0.035,5.467027417027414,0.96,0.05,19.2,0
4281,4788,0.1699808802308801,0.01,16.99808802308801,0.99,0.01,99.0,0
4282,4789,0.200297619047619,0.018333333333333333,10.925324675324672,0.99,0.03,33.0,0
4283,4790,0.1913459595959595,0.015,12.756397306397302,0.96,0.03,32.0,0
4284,4791,0.24856782106782102,0.035,7.101937744794886,0.93,0.04,23.25,0
4285,4792,0.2454408369408367,0.0275,8.925121343303154,1.0,0.04,25.0,0
4286,4793,0.20114718614718602,0.028333333333333332,7.099312452253624,0.99,0.04,24.75,0
4287,4794,0.1913459595959595,0.055,3.479017447199264,0.96,0.07,13.714285714285712,0
4288,4795,0.24980158730158716,0.02,12.490079365079358,0.99,0.02,49.5,0
4289,4796,0.25137734487734487,0.03,8.37924482924483,0.96,0.03,32.0,0
4290,4797,0.2884920634920634,0.005,57.69841269841268,0.99,0.01,99.0,0
4291,4798,0.31841341991341987,0.01,31.841341991341988,1.0,0.01,100.0,0
4292,4799,0.2180357142857142,0.01,21.80357142857142,1.0,0.01,100.0,0
4293,4800,0.1953015873015872,0.04,4.88253968253968,0.99,0.04,24.75,0
4294,4801,0.16363600288600272,0.04833333333333334,3.385572473503504,0.95,0.08,11.875,0
4295,4803,0.2019722222222221,0.05333333333333334,3.786979166666664,0.97,0.07,13.857142857142856,0
4296,4804,0.2019722222222221,0.06333333333333332,3.189035087719297,0.97,0.08,12.125,0
4297,4805,0.20019047619047609,0.035,5.719727891156459,0.99,0.05,19.799999999999997,0
4298,4806,0.2019722222222221,0.07333333333333333,2.754166666666665,0.97,0.09,10.777777777777779,0
4299,4807,0.2019722222222221,0.02333333333333333,8.655952380952376,0.97,0.04,24.25,0
4300,4808,0.26961086136086126,0.025,10.78443445443445,0.97,0.03,32.333333333333336,0
4301,4809,0.2297741702741702,0.03,7.659139009139007,1.0,0.03,33.333333333333336,0
4302,4810,0.24586050061050047,0.05333333333333333,4.609884386446884,1.0,0.08,12.5,0
4303,4811,0.34357936507936515,0.05,6.871587301587303,1.0,0.06,16.666666666666668,0
4304,4813,0.23214718614718602,0.0425,5.462286732874965,1.0,0.06,16.666666666666668,0
4305,4814,0.2748452380952379,0.03333333333333333,8.245357142857138,0.99,0.04,24.75,0
4306,4815,0.2340198412698411,0.02,11.700992063492055,1.0,0.02,50.0,0
4307,4816,0.2242940115440115,0.03,7.47646705146705,0.99,0.03,33.0,0
4308,4817,0.2242940115440115,0.01,22.42940115440115,0.99,0.01,99.0,0
4309,4818,0.279047619047619,0.0,,1.0,0.0,,0
4310,4819,0.20435750360750354,0.03,6.811916786916785,1.0,0.05,20.0,0
4311,4820,0.26971428571428563,0.04,6.74285714285714,1.0,0.04,25.0,0
4312,4821,0.16892243867243856,0.025,6.756897546897542,0.95,0.04,23.75,0
4313,4822,0.41548809523809527,0.01,41.548809523809524,0.99,0.01,99.0,0
4314,4823,0.19911544011544,0.05,3.9823088023087996,0.98,0.05,19.599999999999998,0
4315,4824,0.26017063492063464,0.03,8.672354497354489,1.0,0.03,33.333333333333336,0
4316,4825,0.20378571428571415,0.02,10.189285714285708,0.99,0.02,49.5,0
4317,4826,0.24137698412698402,0.0425,5.679458450046683,1.0,0.06,16.666666666666668,0
4318,4827,0.3335793650793649,0.02333333333333333,14.296258503401356,1.0,0.03,33.333333333333336,0
4319,4828,1.0,0.015,66.66666666666667,1.0,0.02,50.0,1
4320,4829,0.2256547619047618,0.0,,0.99,0.0,,0
4321,4830,0.2328888888888887,0.03,7.762962962962957,0.98,0.04,24.5,0
4322,4831,0.3226507936507935,0.02,16.132539682539676,0.98,0.02,49.0,0
4323,4832,0.2712067099567098,0.04,6.780167748917745,1.0,0.04,25.0,0
4324,4833,0.31007539682539664,0.02,15.503769841269833,1.0,0.03,33.333333333333336,0
4325,4834,0.5,0.025,20.0,1.0,0.03,33.333333333333336,0
4326,4835,0.5,0.015,33.333333333333336,1.0,0.02,50.0,0
4327,4836,0.5,0.045,11.11111111111111,1.0,0.05,20.0,0
4328,4837,0.3534999999999999,0.04,8.837499999999999,1.0,0.05,20.0,0
4329,4838,0.3606237373737374,0.01,36.06237373737374,0.98,0.02,49.0,0
4330,4839,0.5,0.035,14.285714285714285,1.0,0.04,25.0,0
4331,4840,0.21305266955266938,0.01,21.305266955266937,0.98,0.02,49.0,0
4332,4841,0.5,0.045,11.11111111111111,1.0,0.05,20.0,0
4333,4842,0.37109126984126983,0.03333333333333333,11.132738095238095,0.99,0.05,19.799999999999997,0
4334,4843,0.26592460317460304,0.025,10.636984126984121,1.0,0.03,33.333333333333336,0
4335,4844,0.3341739926739926,0.028333333333333332,11.79437621202327,0.98,0.05,19.599999999999998,0
4336,4845,0.5,0.015,33.333333333333336,1.0,0.02,50.0,0
4337,4846,0.30115115440115436,0.0,,0.99,0.0,,0
4338,4847,0.5,0.025,20.0,1.0,0.03,33.333333333333336,0
4339,4848,0.5,0.005,100.0,1.0,0.01,100.0,0
4340,4849,0.3570079365079365,0.018333333333333333,19.47316017316017,1.0,0.03,33.333333333333336,0
4341,4850,0.293397186147186,0.09333333333333334,3.1435412801484213,0.99,0.11,9.0,0
4342,4851,0.28937301587301567,0.02333333333333333,12.401700680272102,1.0,0.03,33.333333333333336,0
4343,4852,0.25234920634920627,0.025,10.09396825396825,1.0,0.03,33.333333333333336,0
4344,4853,0.32702453102453094,0.03333333333333333,9.810735930735929,0.99,0.04,24.75,0
4345,4854,0.3254441946941946,0.03833333333333333,8.48984855723986,0.98,0.06,16.333333333333332,0
4346,4855,0.5,0.03,16.666666666666668,1.0,0.04,25.0,0
4347,4856,0.2922976190476189,0.03,9.743253968253963,0.99,0.03,33.0,0
4348,4857,0.5,0.035,14.285714285714285,1.0,0.04,25.0,0
4349,4858,0.5,0.025,20.0,1.0,0.03,33.333333333333336,0
4350,4859,0.24456746031746018,0.03,8.152248677248673,1.0,0.03,33.333333333333336,0
4351,4860,0.35480591630591635,0.05333333333333334,6.652610930735931,0.98,0.07,13.999999999999998,0
4352,4861,0.5,0.035,14.285714285714285,1.0,0.04,25.0,0
4353,4862,0.3676650432900432,0.02,18.38325216450216,0.99,0.03,33.0,0
4354,4863,0.5,0.025,20.0,1.0,0.03,33.333333333333336,0
4355,4864,0.248095238095238,0.04,6.20238095238095,1.0,0.04,25.0,0
4356,4866,0.28421428571428553,0.0125,22.737142857142842,0.99,0.02,49.5,0
4357,4867,0.16363600288600272,0.05833333333333334,2.8051886209029036,0.95,0.09,10.555555555555555,0
4358,4868,0.16363600288600272,0.028333333333333332,5.7753883371530375,0.95,0.06,15.833333333333334,0
4359,4869,0.16363600288600272,0.028333333333333332,5.7753883371530375,0.95,0.06,15.833333333333334,0
4360,4870,0.176628427128427,0.04333333333333334,4.076040626040622,0.95,0.06,15.833333333333334,0
4361,4871,0.16363600288600272,0.04833333333333334,3.385572473503504,0.95,0.08,11.875,0
4362,4872,0.16363600288600272,0.05,3.272720057720054,0.95,0.07,13.57142857142857,0
4363,4873,0.16363600288600272,0.03833333333333334,4.2687652926783315,0.95,0.07,13.57142857142857,0
4364,4874,0.16895707070707056,0.03166666666666666,5.335486443381176,0.97,0.06,16.166666666666668,0
4365,4875,0.2058730158730158,0.055,3.7431457431457416,0.95,0.06,15.833333333333334,0
4366,4876,0.2100562770562769,0.0575,3.6531526444569895,1.0,0.07,14.285714285714285,0
4367,4879,0.22306385281385274,0.02,11.153192640692637,0.98,0.02,49.0,0
4368,4880,0.5,0.01,50.0,1.0,0.01,100.0,0
4369,4881,0.2632857142857141,0.003333333333333333,78.98571428571424,1.0,0.01,100.0,0
4370,4882,0.4374206349206349,0.02,21.871031746031743,1.0,0.02,50.0,0
4371,4883,0.24108369408369396,0.035,6.888105545248398,0.99,0.04,24.75,0
4372,4884,0.20068759018759014,0.015,13.379172679172676,0.96,0.02,48.0,0
4373,4885,0.37425371850371847,0.015,24.9502479002479,1.0,0.02,50.0,0
4374,4886,0.1582060994560993,0.008333333333333333,18.984731934731915,0.98,0.02,49.0,0
4375,4887,0.26854870129870123,0.04833333333333334,5.55618002686968,0.98,0.08,12.25,0
4376,4889,0.2015959595959594,0.045,4.479910213243542,1.0,0.06,16.666666666666668,0
4377,4890,0.23714357864357846,0.04,5.928589466089462,1.0,0.05,20.0,0
4378,4891,0.35248748473748465,0.02,17.62437423687423,0.99,0.02,49.5,0
4379,4893,0.24411111111111108,0.008333333333333333,29.29333333333333,0.99,0.02,49.5,0
4380,4894,0.21631746031746021,0.018333333333333333,11.799134199134194,0.99,0.03,33.0,0
4381,4896,0.5,0.02,25.0,1.0,0.03,33.333333333333336,0
4382,4897,0.20803174603174596,0.026666666666666665,7.801190476190474,1.0,0.05,20.0,0
4383,4898,0.2290753968253966,0.03833333333333334,5.975879917184258,1.0,0.05,20.0,0
4384,4899,0.22070238095238082,0.01,22.070238095238082,0.98,0.01,98.0,0
4385,4900,0.1968615828615828,0.008333333333333333,23.623389943389938,0.98,0.02,49.0,0
4386,4901,0.21467471417471404,0.023333333333333334,9.200344893202029,1.0,0.03,33.333333333333336,0
4387,4903,0.5,0.04833333333333333,10.344827586206897,1.0,0.06,16.666666666666668,0
4388,4904,0.5,0.02,25.0,1.0,0.03,33.333333333333336,0
4389,4905,0.5,0.025,20.0,1.0,0.03,33.333333333333336,0
4390,4906,0.5,0.03333333333333333,15.0,1.0,0.04,25.0,0
4391,4908,0.5,0.035,14.285714285714285,1.0,0.04,25.0,0
4392,4909,0.3802335164835165,0.045,8.4496336996337,1.0,0.05,20.0,0
4393,4910,0.32490277777777776,0.035,9.282936507936506,0.97,0.04,24.25,0
4394,4911,0.5,0.045,11.11111111111111,1.0,0.05,20.0,0
4395,4912,0.5,0.03,16.666666666666668,1.0,0.04,25.0,0
4396,4913,0.5,0.025,20.0,1.0,0.03,33.333333333333336,0
4397,4914,0.5,0.01,50.0,1.0,0.02,50.0,0
4398,4915,0.2180443722943722,0.0,,1.0,0.0,,0
4399,4916,0.5,0.035,14.285714285714285,1.0,0.04,25.0,0
4400,4917,0.5,0.045,11.11111111111111,1.0,0.05,20.0,0
4401,4918,0.5,0.005,100.0,1.0,0.01,100.0,0
4402,4919,0.5,0.015,33.333333333333336,1.0,0.02,50.0,0
4403,4920,0.3631269841269841,0.015,24.208465608465605,1.0,0.02,50.0,0
4404,4921,0.5,0.005,100.0,1.0,0.01,100.0,0
4405,4922,0.5,0.035,14.285714285714285,1.0,0.04,25.0,0
4406,4923,0.27750335775335755,0.0,,0.99,0.0,,0
4407,4924,0.25676190476190464,0.01,25.676190476190463,0.99,0.01,99.0,0
4408,4925,0.3128499278499277,0.015,20.856661856661848,0.99,0.02,49.5,0
4409,4926,0.18283766233766222,0.015,12.189177489177482,0.98,0.02,49.0,0
4410,4927,0.5,0.008333333333333333,60.0,1.0,0.02,50.0,0
4411,4929,0.31792063492063477,0.01,31.792063492063477,1.0,0.01,100.0,0
4412,4931,0.21271367521367504,0.05833333333333334,3.646520146520143,0.97,0.09,10.777777777777779,0
4413,4932,0.34153571428571416,0.04166666666666666,8.196857142857143,0.97,0.08,12.125,0
4414,4933,0.2994285714285712,0.05166666666666666,5.795391705069121,0.98,0.07,13.999999999999998,0
4415,4934,0.3160912698412698,0.025,12.64365079365079,0.99,0.03,33.0,0
4416,4935,0.5,0.03,16.666666666666668,1.0,0.03,33.333333333333336,0
4417,4936,0.36067496392496395,0.025,14.426998556998557,0.98,0.03,32.666666666666664,0
4418,4937,0.2564047619047618,0.05,5.128095238095236,1.0,0.05,20.0,0
4419,4938,0.2917380952380952,0.03,9.724603174603173,0.99,0.04,24.75,0
4420,4940,0.16011266511266498,0.03,5.3370888370888325,0.98,0.03,32.666666666666664,0
4421,4942,0.34359523809523806,0.015,22.906349206349205,0.99,0.02,49.5,0
4422,4943,0.1989963924963924,0.05,3.9799278499278476,1.0,0.05,20.0,0
4423,4944,0.29592063492063486,0.04,7.398015873015871,1.0,0.04,25.0,0
4424,4945,0.19743362193362177,0.013333333333333332,14.807521645021634,1.0,0.03,33.333333333333336,0
4425,4946,0.3706071428571429,0.055,6.738311688311689,0.99,0.06,16.5,0
4426,4947,0.22790909090909076,0.01,22.790909090909075,1.0,0.01,100.0,0
4427,4948,1.0,0.03,33.333333333333336,1.0,0.03,33.333333333333336,1
4428,4950,0.18219588744588738,0.015,12.146392496392492,0.95,0.02,47.5,0
4429,4951,0.18219588744588738,0.05,3.6439177489177474,0.95,0.05,18.999999999999996,0
4430,4952,0.21913034188034164,0.04333333333333334,5.056854043392498,0.99,0.06,16.5,0
4431,4953,0.3399007936507937,0.02,16.995039682539684,1.0,0.03,33.333333333333336,0
4432,4954,0.4776190476190476,0.035,13.64625850340136,1.0,0.04,25.0,0
4433,4957,0.20658369408369384,0.013333333333333332,15.49377705627704,0.98,0.02,49.0,0
4434,4960,0.23229761904761898,0.02,11.614880952380949,1.0,0.03,33.333333333333336,0
4435,4962,0.3044725829725829,0.02,15.223629148629145,1.0,0.02,50.0,0
4436,4963,0.2045555555555554,0.03,6.8185185185185135,0.99,0.03,33.0,0
4437,4964,0.27009956709956695,0.025,10.803982683982678,0.98,0.03,32.666666666666664,0
4438,4965,0.21676984126984122,0.04583333333333333,4.729523809523809,1.0,0.06,16.666666666666668,0
4439,4966,0.25944780219780206,0.01,25.944780219780206,1.0,0.01,100.0,0
4440,4967,1.0,0.04,25.0,1.0,0.04,25.0,1
4441,4969,0.20098051948051934,0.028333333333333332,7.093430099312448,0.98,0.05,19.599999999999998,0
4442,4970,0.2255873015873015,0.03833333333333333,5.884886128364387,1.0,0.06,16.666666666666668,0
4443,4971,0.20098051948051934,0.05833333333333334,3.4453803339517597,0.98,0.08,12.25,0
4444,4972,0.22133369408369394,0.04333333333333334,5.107700632700628,0.98,0.06,16.333333333333332,0
4445,4973,0.20209126984126974,0.04,5.052281746031744,0.99,0.05,19.799999999999997,0
4446,4974,0.23657539682539666,0.035,6.7592970521541895,1.0,0.04,25.0,0
4447,4975,0.18491269841269833,0.04166666666666666,4.437904761904761,1.0,0.07,14.285714285714285,0
4448,4976,0.2771547619047618,0.0325,8.527838827838824,1.0,0.04,25.0,0
4449,4977,0.28418253968253954,0.005,56.83650793650791,1.0,0.01,100.0,0
4450,4978,0.2382622655122653,0.04033333333333333,5.907328896998313,1.0,0.07,14.285714285714285,0
4451,4979,0.2382622655122653,0.02033333333333333,11.717816336668786,1.0,0.05,20.0,0
4452,4980,0.3140595238095238,0.015,20.937301587301587,1.0,0.02,50.0,0
4453,4981,0.2281269841269841,0.05,4.562539682539682,1.0,0.05,20.0,0
4454,4982,0.23841702741702736,0.04,5.960425685425684,0.99,0.04,24.75,0
4455,4983,0.24320634920634915,0.01,24.320634920634916,0.98,0.02,49.0,0
4456,4985,0.2314841269841269,0.025,9.259365079365075,0.99,0.04,24.75,0
4457,4986,0.31881349206349197,0.03,10.6271164021164,1.0,0.03,33.333333333333336,0
4458,4987,0.2832460317460315,0.01,28.32460317460315,1.0,0.01,100.0,0
4459,4988,0.26029365079365063,0.02,13.014682539682532,1.0,0.02,50.0,0
4460,4989,0.2877103174603174,0.02,14.38551587301587,1.0,0.02,50.0,0
4461,4991,0.1926749639249638,0.03,6.422498797498794,1.0,0.04,25.0,0
4462,4992,0.23488961038961023,0.03166666666666666,7.417566643882429,1.0,0.05,20.0,0
4463,4993,0.2840317460317459,0.025,11.361269841269836,0.99,0.03,33.0,0
4464,4994,0.23954809079809064,0.005,47.90961815961813,0.99,0.01,99.0,0
4465,4995,0.5,0.025,20.0,1.0,0.03,33.333333333333336,0
4466,4996,0.5,0.025,20.0,1.0,0.03,33.333333333333336,0
4467,4999,0.2985714285714284,0.025,11.942857142857134,0.98,0.03,32.666666666666664,0
4468,5000,0.19023809523809515,0.04533333333333333,4.196428571428569,1.0,0.07,14.285714285714285,0
4469,5001,0.19023809523809515,0.035333333333333335,5.384097035040429,1.0,0.06,16.666666666666668,0
4470,5002,1.0,0.02,50.0,1.0,0.02,50.0,1
4471,5003,0.22790873015873,0.018333333333333333,12.431385281385273,1.0,0.04,25.0,0
4472,5005,0.24556385281385257,0.008333333333333333,29.467662337662308,1.0,0.02,50.0,0
4473,5006,0.283992424242424,0.02333333333333333,12.171103896103887,1.0,0.03,33.333333333333336,0
4474,5008,0.26634102009101995,0.01,26.634102009101994,0.99,0.01,99.0,0
4475,5009,0.26208730158730137,0.025,10.483492063492054,1.0,0.04,25.0,0
4476,5010,0.4494914529914531,0.015,29.966096866096873,0.99,0.02,49.5,0
4477,5011,0.3460515873015872,0.045,7.690035273368604,1.0,0.05,20.0,0
4478,5012,0.2511031746031745,0.03,8.370105820105817,0.99,0.03,33.0,0
4479,5013,0.22842135642135628,0.035,6.526324469181607,0.99,0.04,24.75,0
4480,5015,0.1968340548340546,0.015,13.122270322270309,0.99,0.02,49.5,0
4481,5016,0.21229401154401142,0.003333333333333333,63.68820346320343,0.99,0.01,99.0,0
4482,5017,0.4028174603174603,0.02,20.140873015873016,1.0,0.02,50.0,0
4483,5018,0.20666702741702728,0.06,3.4444504569504546,1.0,0.07,14.285714285714285,0
4484,5019,0.5,0.045,11.11111111111111,1.0,0.07,14.285714285714285,0
4485,5020,1.0,0.02,50.0,1.0,0.02,50.0,1
4486,5022,1.0,0.05,20.0,1.0,0.05,20.0,1
4487,5024,0.2623968253968252,0.035,7.497052154195004,0.98,0.05,19.599999999999998,0
4488,5026,0.329047619047619,0.03,10.968253968253967,1.0,0.04,25.0,0
4489,5028,0.2318888888888887,0.03,7.729629629629623,0.98,0.03,32.666666666666664,0
4490,5029,0.23556349206349197,0.0275,8.565945165945163,1.0,0.04,25.0,0
4491,5031,0.18661219336219317,0.04666666666666667,3.998832714904139,0.98,0.06,16.333333333333332,0
4492,5032,0.3145844155844155,0.04333333333333333,7.259640359640359,0.98,0.06,16.333333333333332,0
4493,5033,0.42976190476190473,0.03,14.325396825396824,1.0,0.03,33.333333333333336,0
4494,5035,0.23553907203907185,0.06,3.9256512006511977,0.98,0.07,13.999999999999998,0
4495,5036,0.216099567099567,0.02333333333333333,9.261410018552873,0.97,0.03,32.333333333333336,0
4496,5037,0.3189844877344877,0.015,21.26563251563251,1.0,0.02,50.0,0
4497,5038,0.19549603174603158,0.04333333333333333,4.511446886446883,0.99,0.06,16.5,0
4498,5039,0.21488528138528123,0.01,21.488528138528125,1.0,0.01,100.0,0
4499,5040,0.19875829725829722,0.03833333333333333,5.184999058912101,1.0,0.05,20.0,0
4500,5043,0.38281349206349213,0.03,12.760449735449738,1.0,0.04,25.0,0
4501,5044,0.3992420634920636,0.03333333333333333,11.977261904761908,1.0,0.04,25.0,0
4502,5045,0.40799206349206363,0.045,9.066490299823636,1.0,0.05,20.0,0
4503,5046,0.3680992063492063,0.015,24.539947089947088,1.0,0.02,50.0,0
4504,5047,0.2235479797979797,0.05,4.470959595959593,0.99,0.06,16.5,0
4505,5048,0.2412860750360749,0.03833333333333333,6.294419348767172,1.0,0.06,16.666666666666668,0
4506,5050,0.21442929292929275,0.01,21.442929292929275,0.98,0.01,98.0,0
4507,5051,0.18166774891774878,0.05,3.6333549783549755,1.0,0.06,16.666666666666668,0
4508,5052,0.23005158730158712,0.055,4.182756132756129,1.0,0.08,12.5,0
4509,5053,0.2016554834054833,0.018333333333333333,10.999390003935453,1.0,0.03,33.333333333333336,0
4510,5054,0.21626659451659436,0.065,3.3271783771783747,1.0,0.08,12.5,0
4511,5055,0.31461111111111106,0.05,6.292222222222221,1.0,0.05,20.0,0
4512,5057,0.25465512265512247,0.012,21.221260221260206,0.99,0.03,33.0,0
4513,5058,0.3580793650793651,0.0225,15.914638447971782,0.99,0.03,33.0,0
4514,5059,0.17056349206349192,0.04,4.264087301587298,0.99,0.04,24.75,0
4515,5060,0.17988095238095222,0.01,17.988095238095223,0.97,0.02,48.5,0
4516,5061,0.3513492063492062,0.03833333333333333,9.165631469979292,1.0,0.05,20.0,0
4517,5062,0.21890945165945147,0.03,7.296981721981716,0.98,0.04,24.5,0
4518,5063,0.21890945165945147,0.02,10.945472582972574,0.98,0.03,32.666666666666664,0
4519,5064,0.16913600288600278,0.01,16.91360028860028,0.96,0.01,96.0,0
4520,5065,0.177836691086691,0.03666666666666667,4.8500915750915725,0.95,0.06,15.833333333333334,0
4521,5067,0.22958333333333325,0.05,4.591666666666665,1.0,0.07,14.285714285714285,0
4522,5068,0.22154076479076465,0.005,44.30815295815293,1.0,0.01,100.0,0
4523,5069,0.33754761904761893,0.01,33.75476190476189,1.0,0.01,100.0,0
4524,5070,0.19621103896103892,0.03,6.540367965367964,1.0,0.04,25.0,0
4525,5071,0.22012301587301572,0.03333333333333333,6.603690476190471,1.0,0.05,20.0,0
4526,5072,0.28338095238095234,0.019166666666666665,14.785093167701863,0.96,0.04,24.0,0
4527,5073,0.31107539682539675,0.011666666666666665,26.663605442176866,1.0,0.03,33.333333333333336,0
4528,5075,0.424357142857143,0.025,16.974285714285717,1.0,0.04,25.0,0
4529,5077,0.21114682539682533,0.03333333333333333,6.33440476190476,0.99,0.04,24.75,0
4530,5078,0.20120634920634906,0.04,5.0301587301587265,0.98,0.05,19.599999999999998,0
4531,5079,1.0,0.03,33.333333333333336,1.0,0.03,33.333333333333336,1
4532,5080,0.2004365079365078,0.03333333333333333,6.013095238095234,1.0,0.04,25.0,0
4533,5081,0.2403142135642135,0.02,12.015710678210676,0.99,0.02,49.5,0
4534,5083,0.26487337662337646,0.04,6.621834415584411,1.0,0.04,25.0,0
4535,5084,0.20189718614718605,0.05,4.03794372294372,1.0,0.07,14.285714285714285,0
4536,5085,0.23776659451659438,0.03166666666666667,7.508418774208243,0.98,0.05,19.599999999999998,0
4537,5086,0.20593686868686845,0.025,8.237474747474737,0.99,0.03,33.0,0
4538,5087,0.20593686868686845,0.025,8.237474747474737,0.99,0.03,33.0,0
4539,5088,0.20593686868686845,0.015,13.729124579124564,0.99,0.02,49.5,0
4540,5089,0.22329004329004318,0.025,8.931601731601727,1.0,0.03,33.333333333333336,0
4541,5090,0.1740443722943722,0.006999999999999999,24.86348175633889,0.96,0.02,48.0,0
4542,5091,0.20593686868686845,0.025,8.237474747474737,0.99,0.03,33.0,0
4543,5092,0.2736858974358974,0.01,27.368589743589737,0.99,0.01,99.0,0
4544,5093,0.1675566378066377,0.02,8.377831890331885,0.96,0.03,32.0,0
4545,5095,0.20671861471861466,0.013333333333333332,15.5038961038961,1.0,0.03,33.333333333333336,0
4546,5096,0.2534200244200243,0.03,8.447334147334145,0.99,0.03,33.0,0
4547,5097,0.23389718614718602,0.005,46.7794372294372,1.0,0.01,100.0,0
4548,5098,0.19209956709956702,0.06333333333333334,3.0331510594668476,0.98,0.08,12.25,0
4549,5099,0.311829365079365,0.02,15.591468253968248,1.0,0.02,50.0,0
4550,5100,0.322797619047619,0.01,32.2797619047619,1.0,0.01,100.0,0
4551,5102,0.21524314574314563,0.02,10.762157287157281,0.99,0.02,49.5,0
4552,5103,0.20660317460317457,0.03333333333333333,6.198095238095237,1.0,0.05,20.0,0
4553,5104,0.19029834054834044,0.02,9.514917027417022,1.0,0.02,50.0,0
4554,5105,0.2036388888888888,0.03,6.78796296296296,1.0,0.04,25.0,0
4555,5106,0.2687698412698412,0.02,13.43849206349206,1.0,0.02,50.0,0
4556,5109,0.20857550782550774,0.02,10.428775391275387,0.99,0.03,33.0,0
4557,5110,0.21879365079365062,0.04,5.4698412698412655,1.0,0.04,25.0,0
4558,5111,0.3362142857142856,0.02,16.81071428571428,0.98,0.02,49.0,0
4559,5112,0.20857550782550774,0.03,6.952516927516925,0.99,0.04,24.75,0
4560,5114,0.15202849927849915,0.02,7.601424963924957,0.98,0.02,49.0,0
4561,5115,0.20850829725829712,0.018333333333333333,11.37317985045257,1.0,0.03,33.333333333333336,0
4562,5116,0.5,0.03833333333333334,13.043478260869565,1.0,0.05,20.0,0
4563,5117,0.3398055555555555,0.03,11.32685185185185,1.0,0.03,33.333333333333336,0
4564,5118,0.26394841269841257,0.02,13.19742063492063,1.0,0.02,50.0,0
4565,5119,0.22661507936507927,0.02,11.330753968253964,1.0,0.02,50.0,0
4566,5120,0.27066269841269824,0.01,27.066269841269825,1.0,0.02,50.0,0
4567,5121,0.3212738095238094,0.015,21.41825396825396,0.99,0.02,49.5,0
4568,5122,0.21726623376623366,0.025,8.690649350649347,0.96,0.04,24.0,0
4569,5123,0.25876587301587295,0.02,12.938293650793646,1.0,0.02,50.0,0
4570,5124,0.21726623376623366,0.055,3.9502951593860667,0.96,0.07,13.714285714285712,0
4571,5125,0.22628607503607487,0.015,15.085738335738325,1.0,0.02,50.0,0
4572,5126,0.21163131313131303,0.02,10.581565656565651,0.99,0.03,33.0,0
4573,5127,0.21726623376623366,0.025,8.690649350649347,0.96,0.04,24.0,0
4574,5128,0.21726623376623366,0.045,4.828138528138526,0.96,0.06,16.0,0
4575,5129,0.21726623376623366,0.015,14.484415584415578,0.96,0.03,32.0,0
4576,5130,0.29573412698412693,0.03,9.85780423280423,0.96,0.03,32.0,0
4577,5132,0.34897258297258305,0.0225,15.509892576559247,1.0,0.03,33.333333333333336,0
4578,5133,0.2322777777777777,0.005,46.455555555555534,1.0,0.01,100.0,0
4579,5135,0.21559163059163047,0.015,14.372775372775365,1.0,0.02,50.0,0
4580,5136,0.5,0.055,9.090909090909092,1.0,0.06,16.666666666666668,0
4581,5138,0.20090115440115425,0.013333333333333332,15.06758658008657,0.98,0.03,32.666666666666664,0
4582,5139,0.21455591630591622,0.03333333333333333,6.4366774891774865,0.99,0.04,24.75,0
4583,5140,0.22734325396825386,0.03333333333333333,6.820297619047616,0.99,0.05,19.799999999999997,0
4584,5141,0.26915873015873,0.02,13.457936507936498,0.99,0.02,49.5,0
4585,5142,0.19474603174603164,0.02,9.737301587301582,0.98,0.02,49.0,0
4586,5143,0.1770515873015872,0.045,3.934479717813049,0.99,0.05,19.799999999999997,0
4587,5144,0.266174603174603,0.025,10.646984126984119,0.98,0.03,32.666666666666664,0
4588,5145,0.5,0.055,9.090909090909092,1.0,0.07,14.285714285714285,0
4589,5146,0.3080079365079364,0.01,30.80079365079364,0.99,0.01,99.0,0
4590,5148,0.2921316738816738,0.0,,0.99,0.0,,0
4591,5150,0.32660317460317445,0.0325,10.049328449328444,1.0,0.04,25.0,0
4592,5151,0.28458730158730144,0.015,18.972486772486764,0.99,0.02,49.5,0
4593,5152,0.2802579365079364,0.025,11.210317460317455,1.0,0.04,25.0,0
4594,5153,0.2557063492063491,0.013333333333333332,19.177976190476183,0.99,0.03,33.0,0
4595,5154,0.19566305916305912,0.02333333333333333,8.38555967841682,0.98,0.04,24.5,0
4596,5155,0.2683095238095238,0.035,7.665986394557821,0.99,0.04,24.75,0
4597,5158,0.17107659007658996,0.035,4.887902573616856,0.92,0.05,18.4,0
4598,5159,0.17107659007658996,0.035,4.887902573616856,0.92,0.05,18.4,0
4599,5160,0.1837579365079364,0.065,2.8270451770451754,0.98,0.07,13.999999999999998,0
4600,5161,0.17107659007658996,0.045,3.801702001701999,0.92,0.06,15.333333333333334,0
4601,5162,0.22430555555555554,0.03,7.476851851851851,0.92,0.03,30.666666666666668,0
4602,5163,0.17107659007658996,0.045,3.801702001701999,0.92,0.06,15.333333333333334,0
4603,5164,0.16827788877788857,0.06,2.8046314796314764,0.96,0.09,10.666666666666666,0
4604,5166,0.256051948051948,0.05,5.121038961038959,1.0,0.05,20.0,0
4605,5167,0.17107659007658996,0.015,11.405106005105997,0.92,0.03,30.666666666666668,0
4606,5171,0.2823015873015871,0.02,14.115079365079355,1.0,0.02,50.0,0
4607,5172,0.2568538961038961,0.02,12.842694805194803,1.0,0.02,50.0,0
4608,5173,0.17226695526695512,0.02,8.613347763347756,1.0,0.02,50.0,0
4609,5174,0.3633333333333333,0.0225,16.148148148148145,1.0,0.03,33.333333333333336,0
4610,5175,0.25759126984126973,0.025,10.303650793650789,1.0,0.03,33.333333333333336,0
4611,5176,0.22575396825396815,0.02,11.287698412698408,1.0,0.02,50.0,0
4612,5177,0.2475039682539681,0.04,6.187599206349202,1.0,0.04,25.0,0
4613,5178,0.24810714285714275,0.01,24.810714285714273,0.99,0.01,99.0,0
4614,5179,1.0,0.04,25.0,1.0,0.04,25.0,1
4615,5180,0.23673015873015862,0.03,7.891005291005288,0.99,0.03,33.0,0
4616,5181,0.24154761904761884,0.01,24.154761904761884,1.0,0.01,100.0,0
4617,5182,0.2891904761904761,0.01,28.91904761904761,0.99,0.01,99.0,0
4618,5183,0.5,0.02583333333333333,19.354838709677423,1.0,0.05,20.0,0
4619,5184,0.22955952380952369,0.005,45.91190476190474,1.0,0.01,100.0,0
4620,5185,0.19615079365079352,0.03333333333333333,5.884523809523806,0.98,0.04,24.5,0
4621,5186,0.3794166666666667,0.05833333333333333,6.504285714285715,1.0,0.08,12.5,0
4622,5187,0.22004401154401143,0.02,11.002200577200572,1.0,0.02,50.0,0
4623,5188,1.0,0.015,66.66666666666667,1.0,0.02,50.0,1
4624,5189,1.0,0.04,25.0,1.0,0.04,25.0,1
4625,5190,0.23911507936507917,0.01,23.911507936507917,1.0,0.01,100.0,0
4626,5191,0.27438492063492037,0.025,10.975396825396814,0.99,0.03,33.0,0
4627,5192,0.5,0.03583333333333333,13.953488372093025,1.0,0.06,16.666666666666668,0
4628,5193,0.2299527417027417,0.035,6.570078334364047,1.0,0.04,25.0,0
4629,5194,0.1984487734487734,0.05,3.9689754689754677,0.99,0.06,16.5,0
4630,5195,0.2095364357864356,0.03333333333333333,6.286093073593068,1.0,0.04,25.0,0
4631,5196,0.23436904761904756,0.035,6.696258503401358,1.0,0.04,25.0,0
4632,5197,0.198876984126984,0.035,5.682199546485257,0.98,0.04,24.5,0
4633,5198,0.30174603174603165,0.005,60.34920634920633,1.0,0.01,100.0,0
4634,5199,0.24051587301587293,0.015,16.034391534391528,0.99,0.02,49.5,0
4635,5200,0.28088095238095223,0.035,8.025170068027206,1.0,0.05,20.0,0
4636,5201,0.23897655122655112,0.025,9.559062049062044,1.0,0.03,33.333333333333336,0
4637,5202,0.19839682539682527,0.04833333333333333,4.104761904761902,0.98,0.07,13.999999999999998,0
4638,5203,0.24704365079365057,0.04083333333333334,6.050048590864911,1.0,0.06,16.666666666666668,0
4639,5204,0.28103174603174597,0.03,9.367724867724865,0.99,0.03,33.0,0
4640,5207,0.25555494505494486,0.02,12.777747252747243,1.0,0.03,33.333333333333336,0
4641,5208,0.36064718614718605,0.03,12.021572871572868,1.0,0.04,25.0,0
4642,5209,0.1798778166278165,0.065,2.7673510250433306,0.97,0.08,12.125,0
4643,5210,0.23393192918192912,0.03,7.797730972730971,0.97,0.03,32.333333333333336,0
4644,5213,0.19359523809523801,0.03333333333333333,5.807857142857141,0.98,0.05,19.599999999999998,0
4645,5214,0.19359523809523801,0.018333333333333333,10.559740259740256,0.98,0.04,24.5,0
4646,5215,0.2538376623376622,0.035,7.2525046382189196,0.98,0.04,24.5,0
4647,5216,0.20398448773448763,0.04,5.099612193362191,0.99,0.05,19.799999999999997,0
4648,5217,0.2694484126984126,0.035,7.698526077097501,0.99,0.04,24.75,0
4649,5218,0.20994022644022636,0.04,5.248505661005659,0.97,0.05,19.4,0
4650,5219,0.20994022644022636,0.05,4.198804528804527,0.97,0.06,16.166666666666668,0
4651,5220,0.20994022644022636,0.03,6.998007548007545,0.97,0.04,24.25,0
4652,5221,0.20994022644022636,0.03,6.998007548007545,0.97,0.04,24.25,0
4653,5222,0.2825238095238094,0.02,14.12619047619047,0.97,0.02,48.5,0
4654,5224,0.08758741258741257,0.015,5.839160839160838,0.52,0.02,26.0,0
4655,5225,0.08758741258741257,0.02,4.379370629370628,0.52,0.02,26.0,0
4656,5226,0.30783333333333324,0.0,,0.99,0.0,,0
4657,5227,0.08758741258741257,0.025,3.5034965034965024,0.52,0.03,17.333333333333336,0
4658,5228,0.08758741258741257,0.035,2.502497502497502,0.52,0.04,13.0,0
4659,5229,0.08758741258741257,0.015,5.839160839160838,0.52,0.02,26.0,0
4660,5230,0.08758741258741257,0.035,2.502497502497502,0.52,0.04,13.0,0
4661,5231,0.10965079365079364,0.01,10.965079365079363,0.52,0.01,52.0,0
4662,5232,0.21562409812409797,0.045,4.791646624979955,0.98,0.06,16.333333333333332,0
4663,5233,0.23132142857142846,0.05,4.626428571428569,0.99,0.05,19.799999999999997,0
4664,5238,0.31733405483405464,0.005,63.466810966810925,0.99,0.01,99.0,0
4665,5239,0.3444603174603174,0.0,,1.0,0.0,,0
4666,5240,0.2641471861471861,0.018333333333333333,14.408028335301058,1.0,0.03,33.333333333333336,0
4667,5241,0.1725836940836939,0.028333333333333332,6.0911892029539025,0.97,0.04,24.25,0
4668,5242,0.20032215007214993,0.023333333333333334,8.585235003092139,0.98,0.03,32.666666666666664,0
4669,5243,0.2067857142857141,0.0,,0.99,0.0,,0
4670,5244,0.20032215007214993,0.03333333333333333,6.009664502164498,0.98,0.04,24.5,0
4671,5245,0.26690548340548337,0.005,53.38109668109667,0.98,0.01,98.0,0
4672,5246,0.23937301587301577,0.05,4.787460317460315,1.0,0.05,20.0,0
4673,5247,0.19761194361194348,0.03333333333333333,5.9283583083583045,0.99,0.04,24.75,0
4674,5248,0.2072424242424241,0.045,4.605387205387202,0.98,0.06,16.333333333333332,0
4675,5249,0.22965873015872998,0.01,22.965873015872997,0.99,0.01,99.0,0
4676,5250,0.2797857142857142,0.02,13.989285714285709,0.99,0.02,49.5,0
4677,5251,0.1146116522366522,0.02,5.73058261183261,0.81,0.02,40.5,0
4678,5252,0.1146116522366522,0.02333333333333333,4.911927952999381,0.81,0.03,27.000000000000004,0
4679,5253,0.13641341991341985,0.005,27.28268398268397,0.81,0.01,81.0,0
4680,5254,1.0,0.01,100.0,1.0,0.01,100.0,1
4681,5255,0.25909126984126973,0.005,51.81825396825395,0.99,0.01,99.0,0
4682,5260,0.27241702741702734,0.04,6.810425685425683,1.0,0.06,16.666666666666668,0
4683,5261,0.18730566655566644,0.045,4.162348145681476,0.96,0.06,16.0,0
4684,5262,0.2462503607503606,0.005,49.25007215007212,0.97,0.01,97.0,0
4685,5263,0.24042063492063473,0.03333333333333333,7.212619047619042,0.99,0.04,24.75,0
4686,5264,0.2292979797979796,0.02333333333333333,9.82705627705627,0.99,0.04,24.75,0
4687,5265,0.18202525252525242,0.025,7.2810101010100965,0.96,0.03,32.0,0
4688,5267,0.3524722222222223,0.02,17.623611111111114,1.0,0.02,50.0,0
4689,5269,0.2124451659451659,0.0425,4.99870978694508,1.0,0.07,14.285714285714285,0
4690,5271,0.30518650793650776,0.04333333333333333,7.0427655677655645,1.0,0.05,20.0,0
4691,5273,0.3222341269841269,0.005,64.44682539682537,1.0,0.01,100.0,0
4692,5274,0.24757178932178925,0.02,12.378589466089462,0.97,0.02,48.5,0
4693,5275,0.20894588744588724,0.01,20.894588744588724,0.99,0.02,49.5,0
4694,5276,0.2000209235209234,0.02,10.00104617604617,0.99,0.02,49.5,0
4695,5277,0.23821464646464627,0.005,47.64292929292925,1.0,0.01,100.0,0
4696,5278,0.23821464646464627,0.005,47.64292929292925,1.0,0.01,100.0,0
4697,5280,0.20320707070707056,0.055,3.6946740128558284,0.99,0.07,14.14285714285714,0
4698,5281,0.20320707070707056,0.035,5.805916305916301,0.99,0.05,19.799999999999997,0
4699,5282,0.26495634920634903,0.02,13.247817460317451,0.99,0.02,49.5,0
4700,5283,0.367083694083694,0.02,18.3541847041847,1.0,0.03,33.333333333333336,0
4701,5284,0.3559682539682538,0.05,7.1193650793650765,1.0,0.06,16.666666666666668,0
4702,5285,0.25815873015873003,0.025,10.326349206349201,1.0,0.03,33.333333333333336,0
4703,5286,0.19779004329004318,0.035,5.651144094001233,0.98,0.04,24.5,0
4704,5287,0.20320707070707056,0.035,5.805916305916301,0.99,0.05,19.799999999999997,0
4705,5288,0.2711511544011542,0.03,9.038371813371809,0.99,0.03,33.0,0
4706,5289,0.2204895382395381,0.04,5.512238455988452,1.0,0.05,20.0,0
4707,5290,0.2004206349206349,0.025,8.016825396825395,1.0,0.04,25.0,0
4708,5291,0.2004206349206349,0.035,5.726303854875282,1.0,0.05,20.0,0
4709,5294,0.22334163059163042,0.01,22.334163059163043,0.99,0.01,99.0,0
4710,5295,0.23629797979797973,0.028333333333333332,8.339928698752226,1.0,0.04,25.0,0
4711,5296,0.27804365079365057,0.0,,1.0,0.0,,0
4712,5298,0.21062337662337652,0.0,,0.99,0.0,,0
4713,5299,0.20306721056721053,0.03,6.768907018907018,1.0,0.04,25.0,0
4714,5300,0.20306721056721053,0.03,6.768907018907018,1.0,0.04,25.0,0
4715,5301,0.22928210678210664,0.02,11.464105339105332,0.99,0.02,49.5,0
4716,5303,0.412674963924964,0.02,20.6337481962482,0.99,0.02,49.5,0
4717,5305,0.3200753968253968,0.03,10.669179894179894,0.96,0.03,32.0,0
4718,5306,0.38465873015873014,0.003333333333333333,115.39761904761905,1.0,0.01,100.0,0
4719,5308,0.3059325396825396,0.01,30.593253968253958,1.0,0.01,100.0,0
4720,5309,0.22705555555555548,0.035,6.487301587301585,0.99,0.04,24.75,0
4721,5310,0.3556309523809524,0.07,5.080442176870748,1.0,0.09,11.11111111111111,0
4722,5311,0.28348351648351644,0.02,14.174175824175821,1.0,0.02,50.0,0
4723,5312,0.33495670995671,0.025,13.3982683982684,1.0,0.03,33.333333333333336,0
4724,5313,0.2548535353535352,0.02,12.74267676767676,0.99,0.02,49.5,0
4725,5314,0.215797619047619,0.015,14.386507936507932,0.99,0.02,49.5,0
4726,5315,0.215797619047619,0.005,43.1595238095238,0.99,0.01,99.0,0
4727,5316,0.2365833333333332,0.01,23.65833333333332,0.98,0.01,98.0,0
4728,5317,0.27759920634920615,0.0,,1.0,0.0,,0
4729,5320,0.22457215007214992,0.025,8.982886002885996,0.99,0.03,33.0,0
4730,5321,0.24781385281385268,0.015,16.520923520923514,0.99,0.02,49.5,0
4731,5322,0.22151129426129412,0.07200000000000001,3.076545753629085,1.0,0.09,11.11111111111111,0
4732,5323,0.32939285714285704,0.04,8.234821428571426,0.99,0.05,19.799999999999997,0
4733,5324,0.21235353535353518,0.01,21.235353535353518,0.99,0.01,99.0,0
4734,5326,0.2843015873015873,0.04333333333333333,6.5608058608058615,1.0,0.05,20.0,0
4735,5327,0.3345797258297258,0.028333333333333332,11.808696205755028,1.0,0.04,25.0,0
4736,5328,0.24008730158730135,0.0725,3.3115489874110535,1.0,0.09,11.11111111111111,0
4737,5329,0.2361507936507935,0.04,5.903769841269837,0.99,0.05,19.799999999999997,0
4738,5330,0.24008730158730135,0.03583333333333333,6.700110741971201,1.0,0.06,16.666666666666668,0
4739,5332,0.2348333333333332,0.035,6.709523809523805,1.0,0.04,25.0,0
4740,5333,0.19931024531024522,0.015,13.287349687349682,0.99,0.02,49.5,0
4741,5334,0.19892857142857132,0.01,19.89285714285713,1.0,0.02,50.0,0
4742,5335,0.30790115440115434,0.04,7.697528860028858,0.99,0.04,24.75,0
4743,5336,0.2894921744921744,0.04,7.23730436230436,0.97,0.05,19.4,0
4744,5337,0.1956065323565322,0.04,4.890163308913305,0.99,0.06,16.5,0
4745,5339,0.2922976190476189,0.035,8.351360544217682,1.0,0.04,25.0,0
4746,5341,0.25592099567099547,0.04,6.398024891774886,0.99,0.04,24.75,0
4747,5342,0.22590909090909073,0.045,5.020202020202016,0.99,0.05,19.799999999999997,0
4748,5343,0.33356385281385265,0.02,16.678192640692632,1.0,0.04,25.0,0
4749,5344,0.18594877344877328,0.025,7.437950937950931,1.0,0.03,33.333333333333336,0
4750,5345,0.20981024531024517,0.025,8.392409812409806,1.0,0.04,25.0,0
4751,5346,0.20981024531024517,0.045,4.662449895783226,1.0,0.06,16.666666666666668,0
4752,5347,0.21010353535353524,0.02,10.505176767676762,0.99,0.04,24.75,0
4753,5348,0.20981024531024517,0.045,4.662449895783226,1.0,0.06,16.666666666666668,0
4754,5350,0.3563009768009768,0.03,11.876699226699227,1.0,0.03,33.333333333333336,0
4755,5351,0.3591984126984128,0.0325,11.052258852258856,1.0,0.04,25.0,0
4756,5352,0.2579682539682539,0.025,10.318730158730155,1.0,0.04,25.0,0
4757,5353,0.1786868686868686,0.026666666666666665,6.700757575757573,0.99,0.05,19.799999999999997,0
4758,5354,0.18618650793650782,0.0175,10.639229024943303,0.93,0.03,31.000000000000004,0
4759,5355,0.15079040404040392,0.030333333333333337,4.971112221112216,0.93,0.05,18.6,0
4760,5356,0.2015645743145742,0.035,5.758987837559262,0.99,0.06,16.5,0
4761,5357,0.2015645743145742,0.025,8.062582972582968,0.99,0.05,19.799999999999997,0
4762,5358,0.2015645743145742,0.045,4.479212762546093,0.99,0.07,14.14285714285714,0
4763,5360,0.28628571428571403,0.02333333333333333,12.26938775510203,1.0,0.03,33.333333333333336,0
4764,5361,0.17998448773448764,0.0,,0.98,0.0,,0
4765,5362,0.20257575757575752,0.03,6.752525252525251,1.0,0.04,25.0,0
4766,5363,0.2828531746031745,0.013333333333333332,21.21398809523809,0.99,0.03,33.0,0
4767,5364,0.423809523809524,0.05,8.47619047619048,1.0,0.05,20.0,0
4768,5365,0.2051382783882783,0.04,5.128456959706957,0.99,0.07,14.14285714285714,0
4769,5366,0.19024614274614265,0.04,4.756153568653566,0.98,0.07,13.999999999999998,0
4770,5367,0.2051382783882783,0.04,5.128456959706957,0.99,0.07,14.14285714285714,0
4771,5368,0.4780952380952382,0.01,47.80952380952382,1.0,0.02,50.0,0
4772,5370,0.13978593628593625,0.027000000000000003,5.1772568994791195,0.82,0.04,20.5,0
4773,5371,0.13978593628593625,0.037000000000000005,3.7779982779982766,0.82,0.05,16.4,0
4774,5372,0.13978593628593625,0.027000000000000003,5.1772568994791195,0.82,0.04,20.5,0
4775,5373,0.13978593628593625,0.017,8.222702134466838,0.82,0.03,27.333333333333332,0
4776,5374,0.13978593628593625,0.037000000000000005,3.7779982779982766,0.82,0.05,16.4,0
4777,5375,0.1779007936507936,0.0125,14.232063492063487,0.82,0.02,41.0,0
4778,5376,0.19320707070707058,0.04333333333333334,4.458624708624705,0.99,0.06,16.5,0
4779,5377,0.19320707070707058,0.03333333333333333,5.796212121212117,0.99,0.05,19.799999999999997,0
4780,5378,0.1862444083694082,0.03,6.2081469456469405,0.97,0.03,32.333333333333336,0
4781,5380,0.19799206349206336,0.03333333333333333,5.939761904761901,0.98,0.05,19.599999999999998,0
4782,5381,0.19092460317460308,0.0325,5.8746031746031715,0.97,0.06,16.166666666666668,0
4783,5382,0.24419083694083682,0.04,6.10477092352092,0.99,0.05,19.799999999999997,0
4784,5384,0.26196500721500715,0.03,8.732166907166905,0.96,0.03,32.0,0
4785,5385,0.21106746031746013,0.04083333333333334,5.1689990281826965,0.98,0.07,13.999999999999998,0
4786,5386,0.19015945165945156,0.02583333333333333,7.361011031978771,0.99,0.04,24.75,0
4787,5387,0.2747182539682539,0.015,18.31455026455026,1.0,0.02,50.0,0
4788,5388,0.4210436507936508,0.028333333333333335,14.860364145658263,1.0,0.04,25.0,0
4789,5390,0.1960277777777776,0.03666666666666667,5.346212121212116,0.98,0.06,16.333333333333332,0
4790,5391,0.2181590909090908,0.02,10.90795454545454,1.0,0.02,50.0,0
4791,5392,0.2544404761904761,0.04,6.361011904761902,0.98,0.05,19.599999999999998,0
4792,5393,0.26200804750804746,0.0,,0.99,0.0,,0
4793,5395,0.2376237373737373,0.018333333333333333,12.961294765840217,1.0,0.03,33.333333333333336,0
4794,5396,0.21476190476190463,0.02,10.738095238095232,0.99,0.02,49.5,0
4795,5397,0.5,0.01,50.0,1.0,0.01,100.0,0
4796,5398,0.3373737373737372,0.03333333333333333,10.121212121212116,0.98,0.04,24.5,0
4797,5399,0.3607698412698413,0.04,9.019246031746032,0.99,0.04,24.75,0
4798,5400,0.22070310245310232,0.02,11.035155122655116,1.0,0.02,50.0,0
4799,5401,0.23164357864357854,0.01,23.164357864357854,0.99,0.01,99.0,0
4800,5404,0.25703113553113544,0.015,17.13540903540903,1.0,0.02,50.0,0
4801,5405,0.3653492063492063,0.01,36.53492063492063,1.0,0.01,100.0,0
4802,5406,0.2634723332223332,0.01,26.347233322233322,1.0,0.01,100.0,0
4803,5410,0.18459523809523798,0.03583333333333333,5.151495016611293,1.0,0.06,16.666666666666668,0
4804,5412,1.0,0.0,,1.0,0.0,,1
4805,5413,0.0,0.01,0.0,0.0,0.01,0.0,0
4806,5414,0.0,0.005,0.0,0.0,0.01,0.0,0
4807,5415,0.3203015873015872,0.04,8.00753968253968,0.98,0.04,24.5,0
4808,5416,0.30235714285714255,0.04,7.558928571428564,0.98,0.06,16.333333333333332,0
4809,5417,0.44513492063492066,0.015,29.675661375661377,0.98,0.03,32.666666666666664,0
4810,5418,0.19838034188034168,0.045,4.40845204178537,0.98,0.06,16.333333333333332,0
4811,5419,0.20360653235653228,0.0125,16.288522588522582,1.0,0.02,50.0,0
4812,5421,0.2022940115440114,0.0325,6.22443112443112,1.0,0.04,25.0,0
4813,5422,0.19838034188034168,0.045,4.40845204178537,0.98,0.06,16.333333333333332,0
4814,5423,0.259257326007326,0.03,8.641910866910866,0.98,0.03,32.666666666666664,0
4815,5424,0.3537658730158731,0.01,35.37658730158731,0.99,0.02,49.5,0
4816,5426,0.3747976190476191,0.015,24.98650793650794,1.0,0.02,50.0,0
4817,5427,0.2674606782106781,0.003333333333333333,80.23820346320343,0.99,0.01,99.0,0
4818,5428,0.29891305916305894,0.025,11.956522366522357,1.0,0.03,33.333333333333336,0
4819,5429,0.22918290043290035,0.02666666666666667,8.594358766233762,1.0,0.04,25.0,0
4820,5430,0.31247222222222215,0.012,26.039351851851844,1.0,0.02,50.0,0
4821,5431,0.20542532467532454,0.05833333333333334,3.5215769944341346,0.99,0.08,12.375,0
4822,5432,0.1999494949494949,0.02,9.997474747474746,0.97,0.02,48.5,0
4823,5434,0.2313055555555555,0.02,11.565277777777775,1.0,0.02,50.0,0
4824,5435,0.20609992784992773,0.03,6.869997594997591,0.99,0.04,24.75,0
4825,5436,0.20147691197691187,0.03166666666666666,6.362428799270901,1.0,0.05,20.0,0
4826,5437,0.3090396825396824,0.03833333333333333,8.061904761904758,0.98,0.05,19.599999999999998,0
4827,5438,0.20147691197691187,0.03166666666666666,6.362428799270901,1.0,0.05,20.0,0
4828,5439,0.22546428571428564,0.0,,0.98,0.0,,0
4829,5440,0.2087781385281384,0.013333333333333332,15.658360389610381,0.99,0.02,49.5,0
4830,5442,0.2554880952380952,0.045,5.677513227513226,0.98,0.05,19.599999999999998,0
4831,5445,0.24194877344877322,0.02,12.097438672438662,0.99,0.02,49.5,0
4832,5446,0.17383730158730135,0.01,17.383730158730135,1.0,0.01,100.0,0
4833,5447,0.19983730158730148,0.025,7.9934920634920585,0.95,0.03,31.666666666666668,0
4834,5448,0.19233134920634906,0.06,3.2055224867724843,0.99,0.08,12.375,0
4835,5449,0.26384126984126977,0.01,26.384126984126976,1.0,0.01,100.0,0
4836,5452,0.2575876623376622,0.015,17.172510822510816,1.0,0.02,50.0,0
4837,5454,0.2933412698412696,0.04,7.33353174603174,1.0,0.04,25.0,0
4838,5455,0.30980158730158724,0.045,6.884479717813051,1.0,0.06,16.666666666666668,0
4839,5456,0.3439693362193362,0.065,5.291835941835941,0.99,0.09,11.0,0
4840,5457,0.2382031024531023,0.015,15.880206830206822,1.0,0.02,50.0,0
4841,5459,0.23145670995670983,0.0125,18.516536796536787,0.99,0.02,49.5,0
4842,5460,0.22363492063492058,0.07833333333333332,2.8549138804457947,0.98,0.11,8.909090909090908,0
4843,5461,0.22363492063492058,0.05833333333333333,3.833741496598639,0.98,0.09,10.88888888888889,0
4844,5462,0.23210317460317456,0.025,9.284126984126981,1.0,0.03,33.333333333333336,0
4845,5463,0.3026825396825396,0.055,5.503318903318902,0.98,0.06,16.333333333333332,0
4846,5465,0.24430158730158724,0.04,6.107539682539681,1.0,0.04,25.0,0
4847,5466,0.26748051948051943,0.032,8.358766233766232,1.0,0.05,20.0,0
4848,5467,0.37278174603174613,0.02,18.639087301587306,1.0,0.02,50.0,0
4849,5468,0.25308333333333327,0.01,25.308333333333326,1.0,0.01,100.0,0
4850,5469,0.1798214285714285,0.015,11.988095238095234,1.0,0.02,50.0,0
4851,5470,0.3596987734487735,0.025,14.387950937950938,1.0,0.04,25.0,0
4852,5471,0.5,0.0,,1.0,0.0,,0
4853,5472,0.18330158730158716,0.018333333333333333,9.99826839826839,1.0,0.03,33.333333333333336,0
4854,5473,0.20336940836940826,0.028333333333333332,7.177743824802644,0.99,0.05,19.799999999999997,0
4855,5474,0.2213055555555555,0.005,44.2611111111111,1.0,0.01,100.0,0
4856,5475,0.20576984126984116,0.030833333333333334,6.67361647361647,0.99,0.05,19.799999999999997,0
4857,5476,0.21211050061050052,0.035,6.060300017442871,1.0,0.04,25.0,0
4858,5477,0.2318098845598845,0.035,6.623139558853842,1.0,0.04,25.0,0
4859,5478,0.2482857142857141,0.02,12.414285714285706,0.97,0.03,32.333333333333336,0
4860,5479,0.24438924963924946,0.01,24.438924963924947,0.99,0.01,99.0,0
4861,5480,0.2083777056277056,0.03333333333333333,6.251331168831168,0.99,0.04,24.75,0
4862,5481,0.3957344877344878,0.04666666666666667,8.480024737167597,1.0,0.08,12.5,0
4863,5482,0.21875036075036067,0.02,10.937518037518034,0.98,0.02,49.0,0
4864,5483,0.1884366189366188,0.03833333333333333,4.9157378853031,0.98,0.06,16.333333333333332,0
4865,5484,0.24971861471861462,0.0,,1.0,0.0,,0
4866,5485,0.22861904761904742,0.015,15.241269841269828,0.99,0.02,49.5,0
4867,5486,0.1884366189366188,0.028333333333333332,6.650704197763017,0.98,0.05,19.599999999999998,0
4868,5487,0.23604004329004324,0.03,7.868001443001441,1.0,0.03,33.333333333333336,0
4869,5488,0.1884366189366188,0.03833333333333333,4.9157378853031,0.98,0.06,16.333333333333332,0
4870,5489,0.19210317460317447,0.025,7.684126984126978,1.0,0.03,33.333333333333336,0
4871,5490,0.1884366189366188,0.028333333333333332,6.650704197763017,0.98,0.05,19.599999999999998,0
4872,5491,0.1884366189366188,0.04833333333333334,3.8986886676541816,0.98,0.07,13.999999999999998,0
4873,5494,0.2126670274170273,0.03333333333333333,6.380010822510819,1.0,0.04,25.0,0
4874,5495,0.2574209956709956,0.02,12.871049783549779,0.99,0.02,49.5,0
4875,5496,0.2126670274170273,0.013333333333333332,15.95002705627705,1.0,0.02,50.0,0
4876,5497,0.2126670274170273,0.003333333333333333,63.8001082251082,1.0,0.01,100.0,0
4877,5499,0.2744170274170273,0.023333333333333334,11.760729746444026,1.0,0.03,33.333333333333336,0
4878,5500,0.2161865079365079,0.01,21.61865079365079,0.98,0.01,98.0,0
4879,5501,0.1782586580086579,0.02,8.912932900432894,0.96,0.02,48.0,0
4880,5503,0.18500432900432892,0.01,18.50043290043289,0.99,0.01,99.0,0
4881,5504,0.20077020202020202,0.013333333333333332,15.057765151515152,0.99,0.02,49.5,0
4882,5505,0.2372146464646463,0.03,7.9071548821548765,1.0,0.05,20.0,0
4883,5506,0.3294484126984127,0.015,21.963227513227512,1.0,0.03,33.333333333333336,0
4884,5507,0.24530591630591603,0.03333333333333333,7.359177489177481,0.99,0.05,19.799999999999997,0
4885,5508,0.24530591630591603,0.013333333333333332,18.397943722943705,0.99,0.03,33.0,0
4886,5509,0.3441269841269841,0.025,13.765079365079364,0.99,0.03,33.0,0
4887,5510,0.20476190476190467,0.05,4.095238095238093,1.0,0.06,16.666666666666668,0
4888,5511,0.268345238095238,0.02,13.4172619047619,1.0,0.02,50.0,0
4889,5512,0.33932142857142855,0.025,13.572857142857142,1.0,0.05,20.0,0
4890,5513,0.3233730158730158,0.03,10.779100529100527,1.0,0.03,33.333333333333336,0
4891,5514,0.2673932178932178,0.03,8.91310726310726,1.0,0.03,33.333333333333336,0
4892,5515,0.400567821067821,0.015,26.7045214045214,1.0,0.02,50.0,0
4893,5516,0.3622539682539683,0.028333333333333332,12.785434173669469,1.0,0.04,25.0,0
4894,5517,0.5,0.025,20.0,1.0,0.03,33.333333333333336,0
4895,5518,0.5,0.025,20.0,1.0,0.03,33.333333333333336,0
4896,5519,0.5,0.035,14.285714285714285,1.0,0.04,25.0,0
4897,5520,0.3649011544011545,0.02,18.245057720057726,0.99,0.03,33.0,0
4898,5521,0.5,0.035,14.285714285714285,1.0,0.04,25.0,0
4899,5522,0.5,0.035,14.285714285714285,1.0,0.04,25.0,0
4900,5523,0.5,0.025,20.0,1.0,0.03,33.333333333333336,0
4901,5524,1.0,0.0025,400.0,1.0,0.01,100.0,1
4902,5525,0.5,0.045,11.11111111111111,1.0,0.05,20.0,0
4903,5526,0.48625,0.025,19.45,1.0,0.03,33.333333333333336,0
4904,5527,0.2803217893217892,0.01,28.03217893217892,1.0,0.01,100.0,0
4905,5528,0.344845238095238,0.04,8.62113095238095,0.99,0.05,19.799999999999997,0
4906,5529,0.2443261183261182,0.03,8.144203944203941,1.0,0.03,33.333333333333336,0
4907,5530,0.5,0.015,33.333333333333336,1.0,0.02,50.0,0
4908,5531,1.0,0.035,28.57142857142857,1.0,0.04,25.0,1
4909,5532,0.2835404040404039,0.01,28.354040404040393,0.97,0.01,97.0,0
4910,5533,0.18035317460317454,0.035,5.152947845804986,0.98,0.05,19.599999999999998,0
4911,5534,0.23079761904761892,0.035,6.594217687074826,1.0,0.04,25.0,0
4912,5535,0.21383369408369393,0.045,4.751859868526532,0.99,0.06,16.5,0
4913,5536,0.4370476190476191,0.005,87.40952380952382,1.0,0.01,100.0,0
4914,5537,0.21383369408369393,0.055,3.8878853469762533,0.99,0.07,14.14285714285714,0
4915,5539,0.2864682539682539,0.01,28.646825396825392,1.0,0.01,100.0,0
4916,5540,0.18047233322233314,0.035,5.156352377780946,0.98,0.04,24.5,0
4917,5541,0.185632756132756,0.04333333333333334,4.28383283383283,0.98,0.06,16.333333333333332,0
4918,5542,0.5,0.02333333333333333,21.42857142857143,1.0,0.06,16.666666666666668,0
4919,5543,1.0,0.05,20.0,1.0,0.06,16.666666666666668,1
4920,5544,0.27287337662337646,0.02666666666666667,10.232751623376616,0.97,0.04,24.25,0
4921,5545,0.30192063492063476,0.03,10.06402116402116,0.98,0.04,24.5,0
4922,5548,0.19229797979797972,0.03,6.409932659932657,1.0,0.03,33.333333333333336,0
4923,5549,0.25544877344877326,0.04,6.386219336219331,1.0,0.06,16.666666666666668,0
4924,5550,0.22610714285714273,0.04,5.652678571428568,1.0,0.04,25.0,0
4925,5551,0.1745916305916305,0.0,,1.0,0.0,,0
4926,5552,0.1887543290043289,0.035,5.39298082869511,0.99,0.04,24.75,0
4927,5553,0.20427020202020185,0.05,4.085404040404037,1.0,0.05,20.0,0
4928,5554,0.19229797979797972,0.02,9.614898989898986,1.0,0.02,50.0,0
4929,5555,0.19229797979797972,0.02,9.614898989898986,1.0,0.02,50.0,0
4930,5558,0.21559523809523792,0.016666666666666666,12.935714285714276,0.98,0.03,32.666666666666664,0
4931,5559,0.30880952380952364,0.015,20.587301587301578,0.97,0.02,48.5,0
4932,5561,0.22323881673881663,0.02333333333333333,9.567377860234998,1.0,0.03,33.333333333333336,0
4933,5562,0.2439722222222221,0.03,8.132407407407403,0.99,0.04,24.75,0
4934,5563,0.30093650793650784,0.005,60.18730158730157,1.0,0.01,100.0,0
4935,5564,0.33218650793650795,0.04,8.304662698412699,1.0,0.04,25.0,0
4936,5565,0.5,0.04833333333333334,10.344827586206895,1.0,0.06,16.666666666666668,0
4937,5566,0.5,0.05,10.0,1.0,0.07,14.285714285714285,0
4938,5567,0.220392857142857,0.01,22.0392857142857,0.99,0.01,99.0,0
4939,5568,0.29727777777777764,0.0,,0.99,0.0,,0
4940,5569,0.21208730158730152,0.03,7.069576719576718,0.99,0.03,33.0,0
4941,5570,0.2524725829725829,0.025,10.098903318903316,0.99,0.03,33.0,0
4942,5571,0.18036122211122202,0.025,7.21444888444888,0.99,0.04,24.75,0
4943,5572,0.18036122211122202,0.025,7.21444888444888,0.99,0.04,24.75,0
4944,5573,0.18036122211122202,0.075,2.404816294816294,0.99,0.09,11.0,0
4945,5576,0.22273809523809507,0.01,22.273809523809508,0.99,0.01,99.0,0
4946,5577,0.2546666666666664,0.01,25.466666666666637,1.0,0.01,100.0,0
4947,5578,0.1901634199134198,0.025,7.606536796536792,0.98,0.03,32.666666666666664,0
4948,5579,0.19336904761904758,0.01,19.33690476190476,0.99,0.01,99.0,0
4949,5580,0.17792110667110658,0.0675,2.6358682469793564,0.96,0.09,10.666666666666666,0
4950,5581,0.19148520923520918,0.03,6.382840307840306,0.99,0.03,33.0,0
4951,5582,0.22456349206349194,0.026666666666666665,8.421130952380949,0.99,0.04,24.75,0
4952,5583,0.18633874458874453,0.05333333333333334,3.4938514610389597,0.98,0.07,13.999999999999998,0
4953,5584,0.28720573870573857,0.03,9.57352462352462,1.0,0.03,33.333333333333336,0
4954,5587,0.22307539682539662,0.0,,0.92,0.0,,0
4955,5588,0.311392857142857,0.0,,0.92,0.0,,0
4956,5589,0.23338095238095227,0.022000000000000002,10.608225108225103,1.0,0.03,33.333333333333336,0
4957,5590,0.3178373015873015,0.035,9.081065759637186,1.0,0.04,25.0,0
4958,5591,0.24866666666666654,0.01,24.866666666666653,1.0,0.01,100.0,0
4959,5592,0.2622539682539682,0.01,26.225396825396817,1.0,0.01,100.0,0
4960,5594,0.218111111111111,0.045,4.846913580246912,1.0,0.05,20.0,0
4961,5595,0.218111111111111,0.035,6.231746031746028,1.0,0.04,25.0,0
4962,5596,0.2680992063492063,0.01,26.80992063492063,0.98,0.01,98.0,0
4963,5598,0.19263672438672427,0.015,12.842448292448285,0.98,0.02,49.0,0
4964,5599,0.19263672438672427,0.045,4.280816097482762,0.98,0.05,19.599999999999998,0
4965,5600,0.2649613997113995,0.035,7.570325706039984,1.0,0.04,25.0,0
4966,5601,0.35464718614718616,0.025,14.185887445887445,0.99,0.03,33.0,0
4967,5602,0.19263672438672427,0.055,3.502485897940441,0.98,0.06,16.333333333333332,0
4968,5603,0.20316666666666652,0.028333333333333332,7.170588235294113,0.99,0.04,24.75,0
4969,5604,0.28296825396825387,0.018333333333333333,15.43463203463203,0.99,0.03,33.0,0
4970,5605,0.2675757575757576,0.018333333333333333,14.59504132231405,1.0,0.03,33.333333333333336,0
4971,5606,0.2285559163059162,0.015,15.23706108706108,0.99,0.02,49.5,0
4972,5607,0.5,0.04,12.5,1.0,0.04,25.0,0
4973,5608,0.2535873015873014,0.01,25.35873015873014,0.99,0.01,99.0,0
4974,5609,0.5,0.04,12.5,1.0,0.04,25.0,0
4975,5610,0.5,0.03833333333333333,13.043478260869566,1.0,0.05,20.0,0
4976,5611,0.5,0.0,,1.0,0.0,,0
4977,5612,0.26073412698412674,0.005,52.14682539682535,1.0,0.01,100.0,0
4978,5613,0.5,0.0,,1.0,0.0,,0
4979,5614,0.24315512265512265,0.01,24.315512265512265,1.0,0.01,100.0,0
4980,5615,0.4036435786435787,0.01,40.36435786435787,0.99,0.01,99.0,0
4981,5616,0.24905555555555547,0.02,12.452777777777774,0.99,0.02,49.5,0
4982,5617,0.3214484126984127,0.01,32.144841269841265,0.99,0.01,99.0,0
4983,5620,0.2705086580086579,0.035,7.728818800247368,1.0,0.04,25.0,0
4984,5622,0.21609523809523798,0.025,8.64380952380952,0.93,0.03,31.000000000000004,0
4985,5623,0.31146861471861464,0.01,31.146861471861463,0.94,0.01,93.99999999999999,0
4986,5624,0.252531746031746,0.0,,0.98,0.0,,0
4987,5625,0.1916313131313129,0.028333333333333332,6.763458110516926,0.99,0.04,24.75,0
4988,5626,0.2826746031746031,0.02,14.133730158730154,0.99,0.02,49.5,0
4989,5627,0.20773917748917728,0.04333333333333333,4.793981018981015,1.0,0.07,14.285714285714285,0
4990,5628,0.1916313131313129,0.03833333333333333,4.999077733860337,0.99,0.05,19.799999999999997,0
4991,5629,0.1916313131313129,0.04833333333333333,3.9647857889237152,0.99,0.06,16.5,0
4992,5630,0.2510873015873015,0.04,6.277182539682538,0.99,0.05,19.799999999999997,0
4993,5631,0.236004329004329,0.035,6.742980828695114,0.98,0.04,24.5,0
4994,5633,0.21154458450046676,0.028333333333333332,7.466279452957651,1.0,0.06,16.666666666666668,0
4995,5635,0.3097936507936508,0.04,7.744841269841269,1.0,0.04,25.0,0
4996,5636,0.20606457431457414,0.0375,5.4950553150553105,0.98,0.06,16.333333333333332,0
4997,5637,0.3013769841269841,0.005833333333333333,51.66462585034014,1.0,0.02,50.0,0
4998,5638,0.36604437229437214,0.03,12.201479076479073,1.0,0.03,33.333333333333336,0
4999,5639,0.3009325396825395,0.045,6.687389770723101,0.99,0.05,19.799999999999997,0
5000,5640,0.33001190476190456,0.01,33.00119047619046,1.0,0.01,100.0,0
5001,5643,0.16075901875901866,0.018333333333333333,8.768673750491926,0.99,0.03,33.0,0
5002,5644,0.27978968253968234,0.04,6.994742063492058,1.0,0.04,25.0,0
5003,5645,0.20606457431457414,0.0275,7.493257247802696,0.98,0.05,19.599999999999998,0
5004,5646,0.22033333333333316,0.025,8.813333333333325,0.99,0.05,19.799999999999997,0
5005,5647,0.3130555555555554,0.01,31.305555555555543,1.0,0.01,100.0,0
5006,5648,0.21400072150072147,0.025,8.560028860028858,0.98,0.05,19.599999999999998,0
5007,5649,0.20084992784992775,0.035,5.7385693671407925,0.98,0.06,16.333333333333332,0
5008,5650,0.2875992063492062,0.05,5.751984126984124,0.98,0.05,19.599999999999998,0
5009,5651,0.27607178932178933,0.0,,1.0,0.0,,0
5010,5652,0.2328412698412697,0.03333333333333333,6.985238095238091,0.99,0.04,24.75,0
5011,5653,0.2328412698412697,0.023333333333333334,9.978911564625845,0.99,0.03,33.0,0
5012,5655,0.19422990897990877,0.055,3.531452890543796,0.99,0.06,16.5,0
5013,5656,0.1612857142857142,0.015,10.752380952380946,0.89,0.02,44.5,0
5014,5657,0.364873015873016,0.025,14.59492063492064,1.0,0.05,20.0,0
5015,5658,0.1959007936507936,0.025,7.836031746031744,0.98,0.03,32.666666666666664,0
5016,5659,0.17275829725829708,0.075,2.303443963443961,0.99,0.11,9.0,0
5017,5660,0.19155591630591623,0.0425,4.50719803072744,1.0,0.07,14.285714285714285,0
5018,5661,0.19438564213564205,0.028333333333333335,6.860669722434425,1.0,0.06,16.666666666666668,0
5019,5662,0.21702777777777757,0.052000000000000005,4.173611111111107,0.99,0.07,14.14285714285714,0
5020,5663,0.3903809523809524,0.05,7.807619047619047,0.99,0.05,19.799999999999997,0
5021,5664,0.3748492063492063,0.015,24.98994708994709,0.99,0.03,33.0,0
5022,5665,0.5,0.03833333333333334,13.043478260869565,1.0,0.05,20.0,0
5023,5666,0.3762103174603175,0.03,12.540343915343918,1.0,0.03,33.333333333333336,0
5024,5667,0.23786940836940818,0.02,11.89347041847041,0.99,0.02,49.5,0
5025,5668,0.23052380952380944,0.03833333333333334,6.013664596273289,1.0,0.06,16.666666666666668,0
5026,5669,0.5,0.03,16.666666666666668,1.0,0.03,33.333333333333336,0
5027,5670,0.5,0.015,33.333333333333336,1.0,0.02,50.0,0
5028,5671,0.24408477633477632,0.02,12.204238816738815,0.99,0.02,49.5,0
5029,5673,0.3452027417027416,0.01,34.52027417027416,1.0,0.02,50.0,0
5030,5674,0.23168326118326102,0.025,9.26733044733044,1.0,0.04,25.0,0
5031,5675,0.23809126984126971,0.013333333333333332,17.85684523809523,1.0,0.02,50.0,0
5032,5676,0.1687669552669552,0.02,8.43834776334776,0.96,0.03,32.0,0
5033,5678,0.0,0.025,0.0,0.0,0.04,0.0,0
5034,5679,0.0,0.035,0.0,0.0,0.04,0.0,0
5035,5680,0.2522222222222222,0.0,,0.99,0.0,,0
5036,5682,0.19573088023088014,0.01,19.573088023088015,0.99,0.02,49.5,0
5037,5683,0.2554931457431456,0.02,12.774657287157279,0.99,0.02,49.5,0
5038,5684,0.289329365079365,0.025,11.5731746031746,1.0,0.04,25.0,0
5039,5685,0.5,0.0275,18.181818181818183,1.0,0.04,25.0,0
5040,5686,0.2511479076479076,0.035,7.175654504225931,0.99,0.04,24.75,0
5041,5687,0.5,0.0175,28.57142857142857,1.0,0.03,33.333333333333336,0
5042,5688,0.5,0.0175,28.57142857142857,1.0,0.03,33.333333333333336,0
5043,5689,0.220003968253968,0.028333333333333332,7.764845938375342,1.0,0.04,25.0,0
5044,5690,0.220003968253968,0.008333333333333333,26.400476190476162,1.0,0.02,50.0,0
5045,5691,0.24834126984126978,0.005,49.66825396825396,1.0,0.01,100.0,0
5046,5692,0.20913131313131303,0.01,20.913131313131302,0.98,0.01,98.0,0
5047,5693,0.2964130591630591,0.015,19.760870610870608,1.0,0.02,50.0,0
5048,5694,0.3682182539682539,0.025,14.728730158730157,1.0,0.03,33.333333333333336,0
5049,5695,0.5,0.04,12.5,1.0,0.04,25.0,0
5050,5696,0.23178607503607487,0.025,9.271443001442995,0.99,0.03,33.0,0
5051,5697,1.0,0.01,100.0,1.0,0.01,100.0,1
5052,5698,0.5,0.0,,1.0,0.0,,0
5053,5702,0.1759918137418136,0.015,11.732787582787575,1.0,0.02,50.0,0
5054,5703,0.21775036075036056,0.05,4.355007215007211,1.0,0.07,14.285714285714285,0
5055,5704,0.3788849206349207,0.01,37.888492063492066,0.99,0.01,99.0,0
5056,5705,0.24506349206349196,0.003333333333333333,73.5190476190476,1.0,0.01,100.0,0
5057,5706,0.27374145299145286,0.01,27.374145299145287,1.0,0.01,100.0,0
5058,5707,0.19692460317460303,0.01,19.692460317460302,1.0,0.01,100.0,0
5059,5708,0.35351984126984115,0.01,35.351984126984114,1.0,0.01,100.0,0
5060,5709,0.2105638528138528,0.005,42.11277056277056,0.98,0.01,98.0,0
5061,5710,0.18096500721500713,0.047,3.85031930244696,0.99,0.06,16.5,0
5062,5711,0.18096500721500713,0.006999999999999999,25.852143887858166,0.99,0.02,49.5,0
5063,5712,0.18096500721500713,0.027000000000000003,6.702407674629893,0.99,0.04,24.75,0
5064,5713,0.22720670995670988,0.02,11.360335497835495,0.99,0.02,49.5,0
5065,5714,0.2743452380952379,0.015,18.289682539682527,0.98,0.02,49.0,0
5066,5717,0.5,0.005,100.0,1.0,0.01,100.0,0
5067,5718,0.20434992784992775,0.013333333333333332,15.326244588744583,1.0,0.02,50.0,0
5068,5720,0.22586904761904752,0.0125,18.0695238095238,1.0,0.03,33.333333333333336,0
5069,5721,0.2905079365079364,0.035,8.300226757369611,1.0,0.05,20.0,0
5070,5722,0.2085436507936507,0.03,6.951455026455023,1.0,0.03,33.333333333333336,0
5071,5726,0.21539321789321778,0.028333333333333332,7.602113572701804,0.97,0.05,19.4,0
5072,5729,0.22535822510822498,0.02333333333333333,9.658209647495358,1.0,0.04,25.0,0
5073,5730,0.22535822510822498,0.04333333333333334,5.2005744255744215,1.0,0.06,16.666666666666668,0
5074,5731,0.23537012987012973,0.005,47.07402597402594,1.0,0.01,100.0,0
5075,5732,0.3089051226551226,0.025,12.356204906204903,1.0,0.03,33.333333333333336,0
5076,5733,0.19519913419913412,0.015,13.013275613275608,0.99,0.03,33.0,0
5077,5735,0.23213888888888876,0.01,23.213888888888874,1.0,0.01,100.0,0
5078,5737,0.3170757575757575,0.0,,1.0,0.0,,0
5079,5738,0.22893722943722938,0.02,11.44686147186147,1.0,0.02,50.0,0
5080,5739,0.2988492063492062,0.052000000000000005,5.747100122100119,1.0,0.06,16.666666666666668,0
5081,5740,0.4258809523809523,0.035,12.16802721088435,1.0,0.05,20.0,0
5082,5741,0.25576190476190463,0.03,8.525396825396822,0.99,0.03,33.0,0
5083,5743,0.2864090909090908,0.02,14.320454545454538,1.0,0.02,50.0,0
5084,5744,0.19746572871572862,0.025,7.898629148629144,0.98,0.03,32.666666666666664,0
5085,5745,0.26305627705627704,0.01,26.305627705627703,0.98,0.01,98.0,0
5086,5746,0.2169292929292929,0.015,14.46195286195286,1.0,0.02,50.0,0
5087,5747,0.21844841269841264,0.04333333333333333,5.0411172161172155,1.0,0.06,16.666666666666668,0
5088,5748,0.2169292929292929,0.015,14.46195286195286,1.0,0.02,50.0,0
5089,5749,0.20797222222222214,0.05833333333333333,3.565238095238094,1.0,0.07,14.285714285714285,0
5090,5750,0.2739920634920634,0.02333333333333333,11.742517006802718,0.97,0.04,24.25,0
5091,5751,0.20957972582972562,0.029500000000000002,7.1043974857534105,0.96,0.05,19.2,0
5092,5752,0.20957972582972562,0.062,3.3803181585439614,0.96,0.09,10.666666666666666,0
5093,5753,0.3491706349206348,0.013333333333333332,26.187797619047615,1.0,0.02,50.0,0
5094,5754,0.34369047619047616,0.04,8.592261904761903,0.97,0.05,19.4,0
5095,5755,0.21451262626262613,0.013333333333333332,16.08844696969696,0.99,0.02,49.5,0
5096,5756,0.2907738095238095,0.005,58.1547619047619,0.99,0.01,99.0,0
5097,5757,0.2551829004329005,0.03,8.506096681096682,1.0,0.03,33.333333333333336,0
5098,5760,0.24552417027417023,0.03,8.184139009139008,0.98,0.03,32.666666666666664,0
5099,5761,0.24690873015873013,0.03,8.230291005291004,0.99,0.04,24.75,0
5100,5763,0.2059325396825396,0.025,8.237301587301584,1.0,0.03,33.333333333333336,0
5101,5764,0.18192171717171707,0.02,9.096085858585854,0.99,0.03,33.0,0
5102,5765,0.18192171717171707,0.03,6.064057239057236,0.99,0.04,24.75,0
5103,5766,0.0,0.02,0.0,0.0,0.03,0.0,0
5104,5767,0.0,0.025,0.0,0.0,0.03,0.0,0
5105,5768,0.20496031746031732,0.01,20.496031746031733,0.97,0.01,97.0,0
5106,5769,0.1945003607503606,0.03,6.483345358345353,1.0,0.03,33.333333333333336,0
5107,5770,0.21996428571428553,0.01,21.996428571428552,0.99,0.02,49.5,0
5108,5771,0.20642496392496384,0.03,6.880832130832128,0.99,0.03,33.0,0
5109,5772,0.24457117882117868,0.015,16.304745254745246,0.99,0.02,49.5,0
5110,5773,0.22348351648351636,0.0,,0.99,0.0,,0
5111,5774,0.19849999999999987,0.03,6.616666666666663,1.0,0.04,25.0,0
5112,5775,0.26138528138528133,0.02,13.069264069264067,1.0,0.02,50.0,0
5113,5776,0.27792857142857125,0.04,6.948214285714281,1.0,0.05,20.0,0
5114,5778,0.2591031746031745,0.0,,0.99,0.0,,0
5115,5780,0.3067936507936508,0.0,,1.0,0.0,,0
5116,5781,0.18749242424242418,0.03,6.249747474747473,0.99,0.04,24.75,0
5117,5782,0.19380952380952368,0.01,19.38095238095237,0.98,0.01,98.0,0
5118,5783,0.22651587301587284,0.0075,30.202116402116378,1.0,0.02,50.0,0
5119,5784,0.24004761904761895,0.02,12.002380952380948,0.99,0.02,49.5,0
5120,5785,0.22248051948051933,0.04333333333333333,5.134165834165832,1.0,0.05,20.0,0
5121,5786,0.20666702741702728,0.03,6.888900913900909,1.0,0.04,25.0,0
5122,5787,0.24760714285714275,0.03,8.253571428571425,1.0,0.03,33.333333333333336,0
5123,5788,0.22620634920634913,0.04,5.655158730158728,1.0,0.04,25.0,0
5124,5789,0.1916626984126983,0.0,,0.97,0.0,,0
5125,5790,0.25057539682539676,0.0,,0.97,0.0,,0
5126,5792,0.4254523809523809,0.018333333333333333,23.206493506493505,1.0,0.03,33.333333333333336,0
5127,5793,0.17526262626262618,0.04,4.381565656565654,0.99,0.05,19.799999999999997,0
5128,5794,0.21403210678210668,0.023333333333333334,9.172804576376,0.99,0.05,19.799999999999997,0
5129,5796,0.22854437229437216,0.03,7.618145743145739,0.99,0.03,33.0,0
5130,5797,0.20628174603174593,0.02,10.314087301587296,1.0,0.03,33.333333333333336,0
5131,5798,0.2985436507936507,0.01,29.85436507936507,1.0,0.01,100.0,0
5132,5799,0.28239285714285695,0.05,5.647857142857139,1.0,0.07,14.285714285714285,0
5133,5800,1.0,0.03,33.333333333333336,1.0,0.03,33.333333333333336,1
5134,5801,0.24541341991341983,0.02,12.270670995670992,0.97,0.02,48.5,0
5135,5802,1.0,0.0,,1.0,0.0,,1
5136,5803,0.19706818181818164,0.01,19.706818181818164,1.0,0.02,50.0,0
5137,5804,0.2718174603174603,0.02333333333333333,11.649319727891157,0.99,0.03,33.0,0
5138,5805,0.22252417027417018,0.05333333333333333,4.172328192640691,1.0,0.06,16.666666666666668,0
5139,5806,0.2039963924963924,0.02,10.19981962481962,1.0,0.02,50.0,0
5140,5807,0.2839368686868686,0.01,28.393686868686864,1.0,0.01,100.0,0
5141,5808,0.2072341269841268,0.04166666666666666,4.973619047619044,1.0,0.06,16.666666666666668,0
5142,5809,0.24865909090909066,0.03,8.288636363636355,0.99,0.03,33.0,0
5143,5810,0.25849639249639234,0.02,12.924819624819616,1.0,0.02,50.0,0
5144,5811,0.21786507936507932,0.01,21.78650793650793,0.99,0.01,99.0,0
5145,5812,0.22168290043290034,0.015,14.778860028860024,0.98,0.02,49.0,0
5146,5813,0.20034956709956694,0.035,5.724273345701912,0.98,0.04,24.5,0
5147,5814,1.0,0.01,100.0,1.0,0.01,100.0,1
5148,5815,0.15687914862914862,0.0,,0.88,0.0,,0
5149,5816,0.22465512265512244,0.01,22.465512265512242,1.0,0.01,100.0,0
5150,5817,0.2722738095238094,0.01,27.22738095238094,1.0,0.01,100.0,0
5151,5818,0.22219444444444433,0.035,6.3484126984126945,0.97,0.05,19.4,0
5152,5819,0.19853246753246745,0.05,3.970649350649349,0.99,0.05,19.799999999999997,0
5153,5820,0.17201190476190464,0.02,8.600595238095233,1.0,0.02,50.0,0
5154,5821,0.2000436507936507,0.003333333333333333,60.01309523809521,0.98,0.01,98.0,0
5155,5822,0.20511111111111105,0.04333333333333334,4.733333333333331,1.0,0.05,20.0,0
5156,5823,0.21617568542568538,0.015,14.41171236171236,1.0,0.02,50.0,0
5157,5824,0.26963492063492045,0.02,13.481746031746022,0.98,0.02,49.0,0
5158,5827,0.3276230158730158,0.03,10.920767195767194,1.0,0.03,33.333333333333336,0
5159,5828,0.2580595238095238,0.06,4.300992063492063,0.99,0.06,16.5,0
5160,5829,0.2411865079365079,0.02,12.059325396825395,0.97,0.02,48.5,0
5161,5830,0.2846313131313129,0.003333333333333333,85.38939393939387,0.99,0.01,99.0,0
5162,5832,0.21950793650793637,0.005,43.90158730158728,0.97,0.01,97.0,0
5163,5833,0.25037301587301564,0.03333333333333333,7.511190476190469,1.0,0.05,20.0,0
5164,5834,0.21099242424242404,0.035,6.0283549783549715,0.98,0.05,19.599999999999998,0
5165,5835,0.26111940836940833,0.01,26.111940836940832,0.98,0.01,98.0,0
5166,5836,0.27735714285714275,0.023333333333333334,11.886734693877546,1.0,0.03,33.333333333333336,0
5167,5837,0.35040873015873003,0.025,14.0163492063492,1.0,0.03,33.333333333333336,0
5168,5838,0.1361951659451658,0.01,13.61951659451658,0.86,0.02,43.0,0
5169,5839,0.22164718614718606,0.018333333333333333,12.08984651711924,1.0,0.03,33.333333333333336,0
5170,5840,0.22988131313131302,0.035,6.568037518037515,0.96,0.05,19.2,0
5171,5841,0.22988131313131302,0.045,5.10847362514029,0.96,0.06,16.0,0
5172,5842,0.22988131313131302,0.055,4.179660238751146,0.96,0.07,13.714285714285712,0
5173,5844,0.31727813852813846,0.04,7.931953463203461,0.99,0.04,24.75,0
5174,5846,0.19760714285714276,0.015,13.173809523809517,0.98,0.02,49.0,0
5175,5848,0.31471031746031725,0.005,62.94206349206345,1.0,0.01,100.0,0
5176,5850,0.23753174603174584,0.035,6.786621315192738,0.98,0.04,24.5,0
5177,5852,0.19344913419913404,0.02,9.672456709956702,0.99,0.02,49.5,0
5178,5853,0.19344913419913404,0.02,9.672456709956702,0.99,0.02,49.5,0
5179,5854,0.19344913419913404,0.01,19.344913419913404,0.99,0.01,99.0,0
5180,5855,0.25660714285714276,0.025,10.264285714285709,1.0,0.03,33.333333333333336,0
5181,5856,0.23835317460317448,0.025,9.53412698412698,1.0,0.03,33.333333333333336,0
5182,5857,0.24619444444444433,0.03,8.206481481481477,0.98,0.03,32.666666666666664,0
5183,5859,0.16253282828282817,0.015,10.835521885521878,1.0,0.02,50.0,0
5184,5860,0.37559163059163064,0.015,25.039442039442044,0.99,0.02,49.5,0
5185,5861,0.18801659451659436,0.047,4.000353074821157,0.99,0.09,11.0,0
5186,5862,0.31571428571428545,0.022000000000000002,14.350649350649338,1.0,0.03,33.333333333333336,0
5187,5863,0.29681349206349195,0.0475,6.248705096073515,1.0,0.07,14.285714285714285,0
5188,5864,0.17600011100011098,0.03833333333333334,4.591307243481156,0.98,0.05,19.599999999999998,0
5189,5866,0.17600011100011098,0.03833333333333334,4.591307243481156,0.98,0.05,19.599999999999998,0
5190,5868,0.1770873015873014,0.035,5.059637188208611,0.98,0.05,19.599999999999998,0
5191,5871,0.2473650793650792,0.02,12.36825396825396,0.98,0.02,49.0,0
5192,5872,0.20277777777777764,0.07833333333333332,2.5886524822695023,1.0,0.09,11.11111111111111,0
5193,5873,0.1956475468975467,0.05,3.912950937950934,1.0,0.05,20.0,0
5194,5874,0.1717276334776333,0.07,2.4532519068233327,0.98,0.08,12.25,0
5195,5875,0.1717276334776333,0.01,17.172763347763333,0.98,0.02,49.0,0
5196,5876,0.1717276334776333,0.03,5.724254449254444,0.98,0.04,24.5,0
5197,5877,0.19092496392496383,0.055,3.471362980453888,1.0,0.06,16.666666666666668,0
5198,5878,0.1717276334776333,0.03,5.724254449254444,0.98,0.04,24.5,0
5199,5880,0.2542979797979798,0.04,6.357449494949495,0.97,0.06,16.166666666666668,0
5200,5882,0.2596666666666667,0.06,4.327777777777778,1.0,0.07,14.285714285714285,0
5201,5883,0.3710595238095238,0.035,10.601700680272106,0.98,0.05,19.599999999999998,0
5202,5884,0.2137460317460316,0.022000000000000002,9.715728715728709,0.99,0.04,24.75,0
5203,5885,0.188647186147186,0.017,11.096893302775646,1.0,0.03,33.333333333333336,0
5204,5886,0.2690396825396826,0.0225,11.957319223985893,0.97,0.03,32.333333333333336,0
5205,5887,0.26261904761904753,0.02,13.130952380952376,1.0,0.02,50.0,0
5206,5888,0.209917388167388,0.005,41.9834776334776,0.98,0.01,98.0,0
5207,5889,0.209917388167388,0.045,4.664830848164178,0.98,0.05,19.599999999999998,0
5208,5890,0.2939058441558441,0.04,7.347646103896102,0.99,0.05,19.799999999999997,0
5209,5891,0.2804246031746031,0.01,28.04246031746031,0.98,0.01,98.0,0
5210,5892,0.33849999999999997,0.025,13.539999999999997,1.0,0.03,33.333333333333336,0
5211,5895,0.19249206349206333,0.03,6.416402116402111,1.0,0.03,33.333333333333336,0
5212,5896,0.1994011544011543,0.04,4.985028860028858,0.99,0.05,19.799999999999997,0
5213,5897,0.320103896103896,0.015,21.340259740259736,1.0,0.02,50.0,0
5214,5899,0.18961843711843696,0.04833333333333333,3.923140078312489,1.0,0.06,16.666666666666668,0
5215,5902,0.25816269841269834,0.01,25.816269841269833,1.0,0.01,100.0,0
5216,5903,0.19920573870573857,0.02,9.960286935286929,1.0,0.03,33.333333333333336,0
5217,5907,0.1802023809523809,0.04,4.505059523809522,0.99,0.05,19.799999999999997,0
5218,5908,0.21794155844155835,0.015,14.529437229437224,0.99,0.02,49.5,0
5219,5909,0.20925829725829723,0.023333333333333334,8.96821273964131,1.0,0.04,25.0,0
5220,5910,0.5,0.028333333333333332,17.647058823529413,1.0,0.04,25.0,0
5221,5911,0.19669444444444437,0.055,3.5762626262626247,0.98,0.07,13.999999999999998,0
5222,5913,0.38852417027417036,0.02333333333333333,16.65103586889302,0.98,0.03,32.666666666666664,0
5223,5914,0.357345238095238,0.015,23.823015873015866,0.99,0.02,49.5,0
5224,5915,0.18277020202020192,0.01,18.277020202020193,0.98,0.01,98.0,0
5225,5916,0.24974603174603172,0.02,12.487301587301586,0.99,0.03,33.0,0
5226,5917,0.5,0.028333333333333335,17.64705882352941,1.0,0.04,25.0,0
5227,5919,0.3910714285714286,0.01,39.10714285714286,1.0,0.02,50.0,0
5228,5920,0.1712814962814962,0.03,5.709383209383207,0.98,0.03,32.666666666666664,0
5229,5921,0.3136700244200243,0.035,8.962000697714979,1.0,0.04,25.0,0
5230,5922,0.24476984126984117,0.023333333333333334,10.490136054421765,1.0,0.03,33.333333333333336,0
5231,5923,0.28320238095238076,0.03,9.44007936507936,0.99,0.04,24.75,0
5232,5924,0.1989722222222221,0.03,6.6324074074074035,0.98,0.04,24.5,0
5233,5925,0.26288095238095227,0.02,13.144047619047614,0.98,0.02,49.0,0
5234,5926,0.2957146464646463,0.04333333333333333,6.824184149184146,1.0,0.05,20.0,0
5235,5927,0.18636111111111098,0.02,9.31805555555555,1.0,0.02,50.0,0
5236,5928,0.2871114718614718,0.04,7.177786796536795,0.99,0.05,19.799999999999997,0
5237,5930,0.2564404761904761,0.015,17.09603174603174,0.97,0.02,48.5,0
5238,5931,0.2353015873015872,0.04,5.88253968253968,0.97,0.05,19.4,0
5239,5932,0.30568650793650776,0.025,12.22746031746031,1.0,0.03,33.333333333333336,0
5240,5933,0.28476262626262616,0.025,11.390505050505046,0.99,0.03,33.0,0
5241,5934,0.24125036075036055,0.013333333333333332,18.09377705627704,1.0,0.02,50.0,0
5242,5935,0.27210714285714277,0.03,9.070238095238093,0.98,0.04,24.5,0
5243,5936,0.25251226551226547,0.035,7.214636157493298,0.98,0.04,24.5,0
5244,5937,0.5,0.013333333333333332,37.5,1.0,0.03,33.333333333333336,0
5245,5938,0.3519170274170274,0.04833333333333334,7.281041946559187,1.0,0.07,14.285714285714285,0
5246,5939,0.29342038517038505,0.01,29.342038517038503,1.0,0.01,100.0,0
5247,5940,0.190874098124098,0.03,6.362469937469934,1.0,0.03,33.333333333333336,0
5248,5941,0.5,0.013333333333333332,37.5,1.0,0.03,33.333333333333336,0
5249,5942,0.23503968253968252,0.05833333333333333,4.029251700680272,1.0,0.08,12.5,0
5250,5943,0.15131071706071697,0.042,3.602636120493261,0.99,0.07,14.14285714285714,0
5251,5944,0.21566702741702726,0.04333333333333334,4.976931401931397,0.99,0.08,12.375,0
5252,5945,0.2177582972582972,0.0225,9.67814654481321,1.0,0.03,33.333333333333336,0
5253,5946,0.175361222111222,0.055,3.1883858565676726,0.97,0.07,13.857142857142856,0
5254,5947,0.28929797979797967,0.04166666666666666,6.943151515151514,0.99,0.06,16.5,0
5255,5949,0.16597005772005766,0.0425,3.9051778287072385,0.99,0.06,16.5,0
5256,5950,0.25706782106782095,0.03,8.568927368927366,1.0,0.04,25.0,0
5257,5952,0.19048448773448765,0.03,6.349482924482921,0.99,0.04,24.75,0
5258,5955,0.4300079365079366,0.03333333333333333,12.900238095238098,1.0,0.05,20.0,0
5259,5956,0.19115945165945153,0.0325,5.881829281829278,1.0,0.05,20.0,0
5260,5958,0.1864729437229435,0.015,12.431529581529569,0.99,0.03,33.0,0
5261,5959,0.1675566378066377,0.075,2.234088504088503,0.96,0.09,10.666666666666666,0
5262,5960,0.19161507936507924,0.04,4.790376984126981,0.99,0.05,19.799999999999997,0
5263,5961,0.3602182539682539,0.02,18.010912698412696,1.0,0.02,50.0,0
5264,5962,0.1907460317460317,0.055,3.4681096681096673,0.98,0.06,16.333333333333332,0
5265,5963,0.21126984126984116,0.03,7.042328042328039,0.96,0.03,32.0,0
5266,5964,0.1675566378066377,0.035,4.787332508761077,0.96,0.05,19.2,0
5267,5965,0.4403015873015873,0.065,6.773870573870574,1.0,0.07,14.285714285714285,0
5268,5966,0.1724884559884559,0.03333333333333333,5.1746536796536775,1.0,0.05,20.0,0
5269,5967,0.19121800421800406,0.02,9.560900210900202,1.0,0.03,33.333333333333336,0
5270,5969,0.21258730158730146,0.01,21.258730158730145,0.99,0.01,99.0,0
5271,5970,0.0,0.03,0.0,0.0,0.04,0.0,0
5272,5971,0.0,0.03,0.0,0.0,0.04,0.0,0
5273,5972,0.2471309523809523,0.015,16.47539682539682,1.0,0.02,50.0,0
5274,5973,0.2743416305916305,0.02333333333333333,11.757498453927024,1.0,0.03,33.333333333333336,0
5275,5977,0.43719047619047613,0.02,21.859523809523807,0.99,0.02,49.5,0
5276,5978,0.1973968253968253,0.0325,6.07374847374847,0.96,0.04,24.0,0
5277,5980,0.26341702741702727,0.005,52.68340548340545,1.0,0.01,100.0,0
5278,5981,0.35293253968253974,0.028333333333333332,12.456442577030815,1.0,0.04,25.0,0
5279,5982,0.21861255411255398,0.035,6.246072974644399,0.99,0.04,24.75,0
5280,5983,0.5,0.045,11.11111111111111,1.0,0.06,16.666666666666668,0
5281,5984,0.3220873015873015,0.0,,1.0,0.0,,0
5282,5985,0.5,0.045,11.11111111111111,1.0,0.06,16.666666666666668,0
5283,5986,0.5,0.025,20.0,1.0,0.04,25.0,0
5284,5987,0.5,0.035,14.285714285714285,1.0,0.05,20.0,0
5285,5988,0.21682287157287153,0.025,8.67291486291486,0.98,0.03,32.666666666666664,0
5286,5989,0.5,0.015,33.333333333333336,1.0,0.03,33.333333333333336,0
5287,5990,0.5,0.045,11.11111111111111,1.0,0.06,16.666666666666668,0
5288,5991,0.315047619047619,0.05,6.30095238095238,1.0,0.07,14.285714285714285,0
5289,5992,0.1986230158730158,0.045,4.413844797178129,0.98,0.05,19.599999999999998,0
5290,5993,0.4234007936507938,0.03,14.113359788359794,0.99,0.03,33.0,0
5291,5994,0.26227380952380946,0.01,26.227380952380948,0.98,0.01,98.0,0
5292,5995,0.34326388888888887,0.03333333333333333,10.297916666666666,0.99,0.05,19.799999999999997,0
5293,5997,0.09245970695970698,0.045,2.054660154660155,0.49,0.06,8.166666666666666,0
5294,5998,0.22281746031746022,0.03,7.4272486772486745,1.0,0.03,33.333333333333336,0
5295,5999,0.23291641691641674,0.02,11.645820845820836,1.0,0.02,50.0,0
5296,6000,0.23334210234210215,0.015,15.556140156140144,0.99,0.03,33.0,0
5297,6001,0.29822222222222217,0.02,14.911111111111108,1.0,0.02,50.0,0
5298,6002,0.0,0.02,0.0,0.0,0.02,0.0,0
5299,6003,0.22863095238095216,0.03,7.621031746031739,0.99,0.04,24.75,0
5300,6004,0.23903571428571424,0.03,7.967857142857142,0.98,0.03,32.666666666666664,0
5301,6005,0.22863095238095216,0.03,7.621031746031739,0.99,0.04,24.75,0
5302,6006,0.2438446275946275,0.045,5.418769502102833,0.99,0.05,19.799999999999997,0
5303,6007,0.19517857142857126,0.005,39.03571428571425,1.0,0.01,100.0,0
5304,6009,0.3262106782106781,0.025,13.048427128427123,0.98,0.03,32.666666666666664,0
5305,6010,0.2899880952380951,0.03,9.666269841269838,0.99,0.03,33.0,0
5306,6013,0.16985533910533904,0.0,,0.97,0.0,,0
5307,6014,0.18342868242868227,0.035,5.24081949796235,0.97,0.05,19.4,0
5308,6015,0.17221608946608938,0.015,11.481072631072626,0.98,0.02,49.0,0
5309,6016,0.19402716727716707,0.015,12.935144485144471,0.99,0.02,49.5,0
5310,6017,0.18663203463203457,0.03333333333333333,5.598961038961037,0.98,0.05,19.599999999999998,0
5311,6018,0.18342868242868227,0.025,7.337147297147291,0.97,0.04,24.25,0
5312,6019,0.18342868242868227,0.025,7.337147297147291,0.97,0.04,24.25,0
5313,6020,0.23076190476190464,0.01,23.076190476190465,1.0,0.01,100.0,0
5314,6021,0.3282222222222221,0.045,7.293827160493825,1.0,0.05,20.0,0
5315,6022,0.1922543290043289,0.028333333333333332,6.785446906035138,0.98,0.05,19.599999999999998,0
5316,6023,0.2210198412698411,0.03,7.367328042328037,0.99,0.03,33.0,0
5317,6024,0.3128095238095236,0.023333333333333334,13.406122448979582,1.0,0.04,25.0,0
5318,6025,0.0,0.01,0.0,0.0,0.02,0.0,0
5319,6026,0.26698809523809514,0.025,10.679523809523804,0.98,0.04,24.5,0
5320,6027,0.3164963924963924,0.025,12.659855699855695,1.0,0.03,33.333333333333336,0
5321,6028,0.2102741702741702,0.06,3.5045695045695036,0.99,0.07,14.14285714285714,0
5322,6029,0.29543253968253963,0.05,5.908650793650792,0.98,0.05,19.599999999999998,0
5323,6030,0.1973968253968253,0.0125,15.791746031746023,0.96,0.02,48.0,0
5324,6031,0.18091738816738803,0.015,12.061159211159202,0.95,0.03,31.666666666666668,0
5325,6032,0.2183733766233766,0.05,4.367467532467532,1.0,0.05,20.0,0
5326,6033,0.1973968253968253,0.0325,6.07374847374847,0.96,0.04,24.0,0
5327,6034,0.1973968253968253,0.0325,6.07374847374847,0.96,0.04,24.0,0
5328,6035,0.1973968253968253,0.0125,15.791746031746023,0.96,0.02,48.0,0
5329,6036,0.1973968253968253,0.0425,4.644631185807653,0.96,0.05,19.2,0
5330,6037,0.1973968253968253,0.0325,6.07374847374847,0.96,0.04,24.0,0
5331,6038,0.22438095238095224,0.04,5.609523809523806,0.99,0.05,19.799999999999997,0
5332,6039,0.21768686868686846,0.055,3.957943067033972,0.98,0.08,12.25,0
5333,6041,0.37029437229437223,0.003333333333333333,111.08831168831168,1.0,0.01,100.0,0
5334,6042,0.20904797979797973,0.045,4.645510662177328,1.0,0.06,16.666666666666668,0
5335,6043,0.22894480519480515,0.04,5.723620129870128,1.0,0.04,25.0,0
5336,6044,0.2536148296148295,0.028333333333333335,8.95111163346457,0.98,0.04,24.5,0
5337,6045,0.23790873015873015,0.04,5.947718253968254,0.99,0.04,24.75,0
5338,6046,0.33153149628149614,0.04583333333333334,7.233414464323552,0.99,0.07,14.14285714285714,0
5339,6047,0.4415119047619047,0.015,29.434126984126983,0.99,0.02,49.5,0
5340,6048,0.5,0.035,14.285714285714285,1.0,0.05,20.0,0
5341,6049,0.2655284992784992,0.035,7.586528550814262,0.99,0.04,24.75,0
5342,6050,0.5,0.05,10.0,1.0,0.06,16.666666666666668,0
5343,6051,0.5,0.025,20.0,1.0,0.04,25.0,0
5344,6052,0.5,0.055,9.090909090909092,1.0,0.07,14.285714285714285,0
5345,6053,0.5,0.03,16.666666666666668,1.0,0.04,25.0,0
5346,6054,0.5,0.018333333333333333,27.272727272727273,1.0,0.03,33.333333333333336,0
5347,6055,0.16664321789321787,0.003333333333333333,49.99296536796536,0.99,0.01,99.0,0
5348,6056,0.18472630147630142,0.02,9.23631507381507,0.84,0.03,28.0,0
5349,6057,0.18472630147630142,0.03,6.157543382543381,0.84,0.04,21.0,0
5350,6058,0.18472630147630142,0.03,6.157543382543381,0.84,0.04,21.0,0
5351,6059,0.25218290043290037,0.02,12.609145021645018,0.84,0.02,42.0,0
5352,6060,0.5,0.06666666666666667,7.5,1.0,0.1,10.0,0
5353,6061,0.5,0.04666666666666666,10.714285714285715,1.0,0.08,12.5,0
5354,6062,0.3414643967143966,0.04666666666666666,7.317094215308499,1.0,0.06,16.666666666666668,0
5355,6063,0.5,0.04666666666666666,10.714285714285715,1.0,0.08,12.5,0
5356,6064,0.2506785714285713,0.04416666666666666,5.675741239892181,0.97,0.08,12.125,0
5357,6066,0.5,0.022000000000000002,22.727272727272727,1.0,0.03,33.333333333333336,0
5358,6067,0.5,0.022000000000000002,22.727272727272727,1.0,0.03,33.333333333333336,0
5359,6068,0.22677020202020198,0.01,22.6770202020202,0.99,0.01,99.0,0
5360,6069,0.24329004329004314,0.025,9.731601731601724,0.99,0.03,33.0,0
5361,6070,0.42840548340548346,0.012,35.70045695045695,1.0,0.02,50.0,0
5362,6071,0.242131424131424,0.02,12.1065712065712,0.99,0.02,49.5,0
5363,6072,0.18038167388167378,0.01,18.038167388167377,1.0,0.01,100.0,0
5364,6073,0.1671753246753246,0.03916666666666666,4.2683061619231815,1.0,0.07,14.285714285714285,0
5365,6074,0.1671753246753246,0.03916666666666666,4.2683061619231815,1.0,0.07,14.285714285714285,0
5366,6075,0.2159047619047617,0.025,8.636190476190468,1.0,0.03,33.333333333333336,0
5367,6077,0.2550238095238093,0.04,6.375595238095233,0.97,0.05,19.4,0
5368,6078,0.3637860750360751,0.03,12.126202501202503,0.97,0.03,32.333333333333336,0
5369,6079,0.20594047619047606,0.018333333333333333,11.233116883116876,0.95,0.03,31.666666666666668,0
5370,6080,0.27876623376623366,0.015,18.584415584415577,0.95,0.02,47.5,0
5371,6081,0.3102225829725828,0.035,8.863502370645222,0.99,0.05,19.799999999999997,0
5372,6082,0.25027319902319894,0.01,25.027319902319896,1.0,0.01,100.0,0
5373,6083,0.3694365079365079,0.06,6.157275132275132,0.99,0.06,16.5,0
5374,6088,0.22161255411255407,0.01,22.161255411255407,1.0,0.01,100.0,0
5375,6089,0.0,0.005,0.0,0.0,0.01,0.0,0
5376,6090,0.0,0.01,0.0,0.0,0.01,0.0,0
5377,6091,0.5,0.03833333333333334,13.043478260869565,1.0,0.05,20.0,0
5378,6092,0.5,0.018333333333333333,27.272727272727273,1.0,0.03,33.333333333333336,0
5379,6093,0.3287702020202019,0.045,7.306004489337821,1.0,0.05,20.0,0
5380,6094,0.22624639249639242,0.04,5.65615981240981,0.97,0.04,24.25,0
5381,6096,0.3108293650793651,0.025,12.433174603174603,1.0,0.03,33.333333333333336,0
5382,6097,0.26392460317460315,0.01,26.392460317460316,0.99,0.01,99.0,0
5383,6098,0.27135317460317454,0.0175,15.505895691609972,1.0,0.03,33.333333333333336,0
5384,6100,0.0,0.03,0.0,0.0,0.05,0.0,0
5385,6101,0.0,0.045,0.0,0.0,0.05,0.0,0
5386,6105,0.3087896825396825,0.0,,1.0,0.0,,0
5387,6106,0.5,0.02,25.0,1.0,0.02,50.0,0
5388,6107,0.5,0.03,16.666666666666668,1.0,0.04,25.0,0
5389,6108,0.22707178932178917,0.03,7.56905964405964,1.0,0.03,33.333333333333336,0
5390,6109,0.3979408369408369,0.035,11.369738198309625,1.0,0.04,25.0,0
5391,6110,0.28272619047619046,0.04,7.068154761904761,0.99,0.04,24.75,0
5392,6111,0.36225829725829717,0.01,36.22582972582972,1.0,0.01,100.0,0
5393,6112,0.16363600288600272,0.04833333333333334,3.385572473503504,0.95,0.08,11.875,0
5394,6113,0.16363600288600272,0.03833333333333333,4.268765292678332,0.95,0.07,13.57142857142857,0
5395,6114,0.17282983682983666,0.02333333333333333,7.406993006993001,0.98,0.04,24.5,0
5396,6116,0.17577020202020194,0.045,3.906004489337821,0.98,0.08,12.25,0
5397,6118,0.1936396103896103,0.01,19.36396103896103,0.99,0.01,99.0,0
5398,6119,0.27968253968253953,0.0,,0.99,0.0,,0
5399,6120,0.21096825396825383,0.01,21.096825396825384,1.0,0.01,100.0,0
5400,6121,0.3550238095238095,0.025,14.20095238095238,1.0,0.03,33.333333333333336,0
5401,6123,0.1906509046509045,0.035,5.447168704311557,0.97,0.04,24.25,0
5402,6124,0.30083333333333323,0.02,15.04166666666666,1.0,0.02,50.0,0
5403,6126,0.19212301587301572,0.045,4.269400352733683,0.99,0.05,19.799999999999997,0
5404,6127,0.17523953823953814,0.015,11.682635882635877,0.97,0.02,48.5,0
5405,6128,0.17640115440115423,0.025,7.056046176046169,0.97,0.04,24.25,0
5406,6129,0.17657972582972573,0.03,5.885990860990858,0.97,0.05,19.4,0
5407,6130,0.3662864357864359,0.03,12.209547859547863,1.0,0.03,33.333333333333336,0
5408,6132,0.21014790764790756,0.034999999999999996,6.004225932797359,0.96,0.06,16.0,0
5409,6133,0.2286349206349205,0.025,9.14539682539682,0.98,0.03,32.666666666666664,0
5410,6134,0.2776197691197688,0.01,27.76197691197688,1.0,0.01,100.0,0
5411,6135,0.22154773004772982,0.015,14.769848669848654,1.0,0.02,50.0,0
5412,6139,0.1656099594849594,0.026666666666666665,6.210373480685978,0.92,0.05,18.4,0
5413,6141,0.18647691197691188,0.03,6.215897065897063,0.95,0.05,18.999999999999996,0
5414,6142,0.18647691197691188,0.04,4.661922799422797,0.95,0.06,15.833333333333334,0
5415,6143,0.18647691197691188,0.04,4.661922799422797,0.95,0.06,15.833333333333334,0
5416,6144,0.18647691197691188,0.04,4.661922799422797,0.95,0.06,15.833333333333334,0
5417,6145,0.18647691197691188,0.05,3.7295382395382375,0.95,0.07,13.57142857142857,0
5418,6146,0.25029761904761894,0.045,5.56216931216931,0.98,0.05,19.599999999999998,0
5419,6147,0.18647691197691188,0.055,3.390489308671125,0.95,0.07,13.57142857142857,0
5420,6148,0.2430277777777777,0.04,6.0756944444444425,0.95,0.04,23.75,0
5421,6149,0.2757236652236652,0.02333333333333333,11.816728509585653,1.0,0.03,33.333333333333336,0
5422,6150,0.20117532467532456,0.0,,1.0,0.0,,0
5423,6151,0.2673174603174603,0.0,,1.0,0.0,,0
5424,6152,0.22672954822954813,0.02083333333333333,10.883018315018314,0.98,0.05,19.599999999999998,0
5425,6153,0.22672954822954813,0.030833333333333334,7.35339075339075,0.98,0.06,16.333333333333332,0
5426,6155,0.19532215007214992,0.028333333333333335,6.893722943722938,1.0,0.04,25.0,0
5427,6156,0.24434126984126983,0.025,9.773650793650793,0.99,0.03,33.0,0
5428,6157,0.28453607503607503,0.035,8.129602143887857,1.0,0.04,25.0,0
5429,6158,0.19532215007214992,0.05833333333333333,3.3483797155225705,1.0,0.07,14.285714285714285,0
5430,6160,0.4189801587301588,0.07,5.985430839002269,1.0,0.07,14.285714285714285,0
5431,6161,0.2575714285714285,0.02,12.878571428571425,1.0,0.03,33.333333333333336,0
5432,6162,0.44303571428571425,0.01,44.30357142857142,1.0,0.01,100.0,0
5433,6164,0.29362337662337656,0.045,6.524963924963924,1.0,0.05,20.0,0
5434,6165,0.24797619047619038,0.015,16.531746031746025,1.0,0.02,50.0,0
5435,6166,0.36582936507936514,0.025,14.633174603174606,1.0,0.03,33.333333333333336,0
5436,6168,0.19380952380952368,0.02,9.690476190476184,0.98,0.02,49.0,0
5437,6169,0.21090512265512246,0.028333333333333335,7.443710211357263,1.0,0.04,25.0,0
5438,6170,0.30620238095238084,0.05,6.124047619047617,0.99,0.05,19.799999999999997,0
5439,6174,0.2530717893217892,0.005,50.614357864357835,1.0,0.01,100.0,0
5440,6175,0.19215873015873006,0.035,5.490249433106572,1.0,0.05,20.0,0
5441,6176,0.2181825396825396,0.05,4.363650793650791,0.99,0.07,14.14285714285714,0
5442,6177,0.18279365079365067,0.018333333333333333,9.970562770562765,1.0,0.03,33.333333333333336,0
5443,6178,0.5,0.03833333333333333,13.043478260869566,1.0,0.05,20.0,0
5444,6179,0.23069841269841246,0.03,7.689947089947082,1.0,0.04,25.0,0
5445,6180,0.43742460317460313,0.045,9.720546737213404,1.0,0.05,20.0,0
5446,6181,0.5,0.018333333333333333,27.272727272727273,1.0,0.03,33.333333333333336,0
5447,6182,0.2633975468975468,0.04333333333333333,6.078404928404927,0.99,0.07,14.14285714285714,0
5448,6183,0.5,0.018333333333333333,27.272727272727273,1.0,0.03,33.333333333333336,0
5449,6184,0.3129491341991341,0.02333333333333333,13.412105751391463,1.0,0.05,20.0,0
5450,6185,0.5,0.04833333333333333,10.344827586206897,1.0,0.06,16.666666666666668,0
5451,6186,0.5,0.028333333333333332,17.647058823529413,1.0,0.04,25.0,0
5452,6187,0.5,0.04833333333333333,10.344827586206897,1.0,0.06,16.666666666666668,0
5453,6188,0.5,0.008333333333333333,60.0,1.0,0.02,50.0,0
5454,6190,0.41275036075036087,0.02,20.637518037518042,1.0,0.03,33.333333333333336,0
5455,6191,0.5,0.018333333333333333,27.272727272727273,1.0,0.03,33.333333333333336,0
5456,6192,0.36802020202020197,0.02333333333333333,15.772294372294372,0.99,0.04,24.75,0
5457,6193,0.5,0.03833333333333333,13.043478260869566,1.0,0.05,20.0,0
5458,6196,0.5,0.018333333333333333,27.272727272727273,1.0,0.03,33.333333333333336,0
5459,6197,0.37218326118326117,0.018333333333333333,20.30090515545061,1.0,0.03,33.333333333333336,0
5460,6198,0.2335955988455987,0.04,5.839889971139967,0.98,0.04,24.5,0
5461,6199,0.5,0.03333333333333333,15.0,1.0,0.04,25.0,0
5462,6200,0.2698214285714284,0.015,17.988095238095227,0.99,0.02,49.5,0
5463,6201,0.5,0.008333333333333333,60.0,1.0,0.02,50.0,0
5464,6202,0.3875209235209237,0.045,8.611576078242749,0.98,0.05,19.599999999999998,0
5465,6203,0.5,0.028333333333333332,17.647058823529413,1.0,0.04,25.0,0
5466,6204,0.326329365079365,0.0,,0.98,0.0,,0
5467,6205,0.5,0.018333333333333333,27.272727272727273,1.0,0.03,33.333333333333336,0
5468,6206,0.5,0.008333333333333333,60.0,1.0,0.02,50.0,0
5469,6207,0.4598968253968254,0.04333333333333333,10.613003663003665,0.99,0.06,16.5,0
5470,6208,0.41423448773448784,0.02333333333333333,17.752906617192338,1.0,0.04,25.0,0
5471,6212,0.19452886002885997,0.025,7.7811544011543985,0.98,0.03,32.666666666666664,0
5472,6213,0.19386507936507924,0.02,9.693253968253963,0.99,0.02,49.5,0
5473,6214,0.22156349206349193,0.04666666666666666,4.747789115646256,0.98,0.07,13.999999999999998,0
5474,6215,0.22156349206349193,0.026666666666666665,8.308630952380948,0.98,0.05,19.599999999999998,0
5475,6216,0.24961507936507918,0.04,6.240376984126979,0.99,0.05,19.799999999999997,0
5476,6217,0.23632972582972575,0.01,23.632972582972574,1.0,0.01,100.0,0
5477,6218,0.2304404761904761,0.01,23.04404761904761,1.0,0.01,100.0,0
5478,6219,0.18953246753246739,0.03333333333333333,5.685974025974022,0.96,0.05,19.2,0
5479,6220,0.20813095238095222,0.01,20.813095238095222,1.0,0.02,50.0,0
5480,6221,0.2788300865800865,0.005,55.766017316017304,0.99,0.01,99.0,0
5481,6222,0.19061183261183254,0.03333333333333333,5.718354978354976,0.97,0.04,24.25,0
5482,6223,0.20919119769119748,0.015,13.946079846079833,0.98,0.02,49.0,0
5483,6224,0.19061183261183254,0.003333333333333333,57.183549783549765,0.97,0.01,97.0,0
5484,6225,0.4560440115440116,0.04,11.40110028860029,1.0,0.05,20.0,0
5485,6226,0.3810039682539682,0.02,19.05019841269841,0.99,0.02,49.5,0
5486,6227,0.2835476190476191,0.02,14.177380952380956,1.0,0.02,50.0,0
5487,6228,0.19238997113997097,0.03333333333333333,5.771699134199129,0.99,0.04,24.75,0
5488,6229,0.25213492063492055,0.005,50.42698412698411,0.99,0.01,99.0,0
5489,6230,0.19499242424242402,0.04833333333333333,4.034326018808773,1.0,0.06,16.666666666666668,0
5490,6232,0.18918326118326115,0.02,9.459163059163057,0.99,0.03,33.0,0
5491,6235,0.36024639249639273,0.016666666666666666,21.614783549783564,0.99,0.03,33.0,0
5492,6236,0.2315992063492062,0.03,7.7199735449735405,0.98,0.05,19.599999999999998,0
5493,6239,0.2108809523809522,0.025,8.435238095238088,0.99,0.04,24.75,0
5494,6240,0.21030627705627697,0.025,8.412251082251078,1.0,0.03,33.333333333333336,0
5495,6241,0.18965476190476177,0.04,4.741369047619044,1.0,0.04,25.0,0
5496,6242,0.23839321789321777,0.028333333333333335,8.413878278584155,1.0,0.04,25.0,0
5497,6243,0.2359682539682539,0.025,9.438730158730156,0.98,0.03,32.666666666666664,0
5498,6244,0.22227380952380937,0.0375,5.927301587301583,0.99,0.05,19.799999999999997,0
5499,6245,0.19357575757575746,0.03,6.452525252525249,0.99,0.04,24.75,0
5500,6246,0.3013777056277055,0.013333333333333332,22.603327922077913,0.99,0.02,49.5,0
5501,6247,0.19219047619047608,0.015,12.812698412698406,0.99,0.02,49.5,0
5502,6248,0.2631071428571427,0.03,8.77023809523809,1.0,0.04,25.0,0
5503,6251,0.3186904761904762,0.03833333333333333,8.313664596273293,0.99,0.05,19.799999999999997,0
5504,6252,0.20648953823953817,0.028333333333333332,7.2878660555131125,0.98,0.04,24.5,0
5505,6253,0.20843722943722934,0.05833333333333333,3.5732096474953603,0.98,0.08,12.25,0
5506,6254,0.20843722943722934,0.06833333333333333,3.0503009185936003,0.98,0.09,10.88888888888889,0
5507,6255,0.28105555555555556,0.035,8.03015873015873,0.98,0.04,24.5,0
5508,6257,0.43844047619047627,0.04,10.961011904761907,0.97,0.05,19.4,0
5509,6258,0.0,0.06,0.0,0.0,0.07,0.0,0
5510,6259,0.0,0.05,0.0,0.0,0.07,0.0,0
5511,6261,0.3499769119769119,0.025,13.999076479076475,1.0,0.03,33.333333333333336,0
5512,6262,0.3102695915195915,0.028333333333333335,10.950691465397346,0.99,0.04,24.75,0
5513,6263,0.2100116550116549,0.015,14.000777000776994,0.99,0.02,49.5,0
5514,6264,0.2255364357864357,0.06583333333333334,3.4258699106800354,0.99,0.09,11.0,0
5515,6265,0.2255364357864357,0.01583333333333333,14.244406470722257,0.99,0.04,24.75,0
5516,6266,0.0,0.045,0.0,0.0,0.05,0.0,0
5517,6267,0.0,0.03,0.0,0.0,0.05,0.0,0
5518,6269,0.386079365079365,0.005,77.215873015873,1.0,0.01,100.0,0
5519,6270,0.2262301587301586,0.02,11.31150793650793,1.0,0.02,50.0,0
5520,6271,0.2088095238095237,0.03333333333333333,6.264285714285711,0.98,0.04,24.5,0
5521,6272,0.2640079365079364,0.01,26.40079365079364,1.0,0.01,100.0,0
5522,6273,0.19946428571428554,0.0,,1.0,0.0,,0
5523,6274,0.19727056277056268,0.015,13.151370851370846,1.0,0.02,50.0,0
5524,6275,0.19946428571428554,0.02,9.973214285714278,1.0,0.02,50.0,0
5525,6276,0.19946428571428554,0.01,19.946428571428555,1.0,0.01,100.0,0
5526,6278,0.39861507936507934,0.0,,0.99,0.0,,0
5527,6279,0.18072258297258284,0.025,7.228903318903313,1.0,0.03,33.333333333333336,0
5528,6280,0.17896031746031738,0.02,8.94801587301587,0.98,0.03,32.666666666666664,0
5529,6281,0.22533730158730148,0.03,7.5112433862433825,0.99,0.05,19.799999999999997,0
5530,6282,0.22533730158730148,0.02,11.266865079365074,0.99,0.04,24.75,0
5531,6286,0.42696428571428585,0.026666666666666665,16.01116071428572,0.99,0.04,24.75,0
5532,6287,0.19838034188034168,0.025,7.935213675213666,0.98,0.04,24.5,0
5533,6288,0.19838034188034168,0.055,3.6069153069153033,0.98,0.07,13.999999999999998,0
5534,6291,0.21425335775335758,0.03,7.1417785917785865,0.96,0.05,19.2,0
5535,6292,0.21425335775335758,0.02333333333333333,9.182286760858183,0.96,0.05,19.2,0
5536,6293,0.21425335775335758,0.02333333333333333,9.182286760858183,0.96,0.05,19.2,0
5537,6294,0.21425335775335758,0.03333333333333333,6.427600732600728,0.96,0.06,16.0,0
5538,6295,0.43834859584859587,0.04,10.958714896214897,1.0,0.04,25.0,0
5539,6296,0.2908690476190475,0.045,6.463756613756612,0.96,0.05,19.2,0
5540,6297,0.21425335775335758,0.08333333333333331,2.5710402930402916,0.96,0.11,8.727272727272727,0
5541,6298,0.22826226551226533,0.01,22.826226551226533,0.98,0.01,98.0,0
5542,6299,0.20975468975468967,0.01,20.975468975468967,1.0,0.01,100.0,0
5543,6301,0.2018387445887446,0.04333333333333334,4.657817182817182,0.99,0.06,16.5,0
5544,6302,0.26888492063492053,0.025,10.75539682539682,0.99,0.03,33.0,0
5545,6304,0.22659559884559877,0.04,5.664889971139969,0.99,0.05,19.799999999999997,0
5546,6305,1.0,0.02,50.0,1.0,0.03,33.333333333333336,1
5547,6306,0.3103485958485958,0.02,15.517429792429791,0.99,0.02,49.5,0
5548,6307,0.15927922077922066,0.04666666666666666,3.4131261595547286,0.98,0.07,13.999999999999998,0
5549,6311,0.36950396825396825,0.025,14.78015873015873,1.0,0.03,33.333333333333336,0
5550,6312,0.19656721056721047,0.03,6.552240352240349,1.0,0.04,25.0,0
5551,6313,0.17736616161616148,0.04,4.434154040404037,0.99,0.07,14.14285714285714,0
5552,6314,0.18741702741702723,0.04833333333333333,3.8775936706971152,1.0,0.06,16.666666666666668,0
5553,6315,0.18030699855699847,0.045,4.006822190155522,0.99,0.07,14.14285714285714,0
5554,6316,0.25121825396825387,0.045,5.582627865961197,1.0,0.05,20.0,0
5555,6317,0.2216075036075036,0.0275,8.058454676636494,1.0,0.04,25.0,0
5556,6319,0.17921933621933614,0.04333333333333333,4.135830835830834,0.96,0.07,13.714285714285712,0
5557,6320,0.2400281385281384,0.02,12.00140692640692,1.0,0.02,50.0,0
5558,6321,0.21668650793650784,0.003333333333333333,65.00595238095235,1.0,0.01,100.0,0
5559,6323,0.2692896825396823,0.0,,0.99,0.0,,0
5560,6324,0.3003178210678209,0.035,8.58050917336631,1.0,0.04,25.0,0
5561,6325,0.3024769119769119,0.04,7.561922799422797,0.99,0.05,19.799999999999997,0
5562,6326,0.3463062770562771,0.035833333333333335,9.664361220175174,1.0,0.07,14.285714285714285,0
5563,6327,1.0,0.02,50.0,1.0,0.02,50.0,1
5564,6328,0.28690909090909084,0.03,9.56363636363636,1.0,0.03,33.333333333333336,0
5565,6330,0.29265873015873006,0.02,14.632936507936503,0.98,0.02,49.0,0
5566,6331,0.18362745587745574,0.02,9.181372793872788,0.98,0.03,32.666666666666664,0
5567,6332,0.20937648462648448,0.025,8.375059385059378,0.97,0.04,24.25,0
5568,6333,0.20959607059607052,0.028333333333333332,7.39750837397896,0.97,0.04,24.25,0
5569,6334,0.28432178932178925,0.03,9.477392977392975,0.97,0.03,32.333333333333336,0
5570,6337,0.30923881673881665,0.035,8.835394763966189,0.97,0.04,24.25,0
5571,6339,0.18863503163503148,0.0225,8.383779183779177,0.98,0.03,32.666666666666664,0
5572,6340,0.24687337662337658,0.05333333333333333,4.628875811688311,0.98,0.06,16.333333333333332,0
5573,6344,0.2778571428571427,0.03,9.261904761904757,1.0,0.04,25.0,0
5574,6346,0.22127813852813843,0.025,8.851125541125537,1.0,0.03,33.333333333333336,0
5575,6347,0.2854444444444444,0.04333333333333334,6.587179487179484,1.0,0.05,20.0,0
5576,6348,0.19599278499278494,0.028333333333333332,6.917392411510057,0.99,0.04,24.75,0
5577,6349,0.19599278499278494,0.018333333333333333,10.690515545060997,0.99,0.03,33.0,0
5578,6350,0.19599278499278494,0.04333333333333334,4.522910422910421,0.99,0.05,19.799999999999997,0
5579,6351,0.18025901875901865,0.015,12.01726791726791,1.0,0.02,50.0,0
5580,6355,0.5,0.02333333333333333,21.42857142857143,1.0,0.04,25.0,0
5581,6356,0.35963131313131297,0.03833333333333333,9.381686429512513,0.99,0.05,19.799999999999997,0
5582,6359,0.22545310245310232,0.02,11.272655122655117,1.0,0.02,50.0,0
5583,6360,0.23269383394383386,0.02,11.634691697191693,1.0,0.02,50.0,0
5584,6366,0.2133336940836939,0.015,14.222246272246261,1.0,0.03,33.333333333333336,0
5585,6367,0.16670851370851358,0.015,11.113900913900906,0.95,0.03,31.666666666666668,0
5586,6371,0.18025901875901865,0.01,18.025901875901866,1.0,0.01,100.0,0
5587,6374,0.204631313131313,0.0425,4.814854426619129,0.99,0.06,16.5,0
5588,6375,0.204631313131313,0.0225,9.094725028058356,0.99,0.04,24.75,0
5589,6376,0.3484722222222221,0.01,34.847222222222214,1.0,0.01,100.0,0
5590,6377,0.19848051948051937,0.005,39.69610389610387,0.99,0.01,99.0,0
5591,6378,0.20802813852813845,0.018333333333333333,11.346989374262098,0.99,0.03,33.0,0
5592,6379,0.23242063492063475,0.025,9.296825396825389,1.0,0.03,33.333333333333336,0
5593,6380,0.18317135642135632,0.005,36.634271284271264,0.99,0.01,99.0,0
5594,6381,0.21675829725829704,0.03083333333333333,7.029998829998823,1.0,0.05,20.0,0
5595,6383,0.27308874458874455,0.013333333333333332,20.481655844155842,0.99,0.02,49.5,0
5596,6387,0.1875714285714285,0.055,3.410389610389609,1.0,0.07,14.285714285714285,0
5597,6388,0.24236904761904757,0.03,8.078968253968252,1.0,0.03,33.333333333333336,0
5598,6389,0.22598412698412682,0.03833333333333334,5.89523809523809,0.97,0.06,16.166666666666668,0
5599,6391,0.19529040404040401,0.03083333333333333,6.333742833742834,0.96,0.06,16.0,0
5600,6392,0.19529040404040401,0.04083333333333334,4.782622139764996,0.96,0.07,13.714285714285712,0
5601,6393,0.19529040404040401,0.06083333333333333,3.2102532171025318,0.96,0.09,10.666666666666666,0
5602,6394,0.21068253968253958,0.008333333333333333,25.28190476190475,0.99,0.02,49.5,0
5603,6395,0.19529040404040401,0.04083333333333334,4.782622139764996,0.96,0.07,13.714285714285712,0
5604,6396,0.19529040404040401,0.03083333333333333,6.333742833742834,0.96,0.06,16.0,0
5605,6397,0.19529040404040401,0.03833333333333333,5.094532279314888,0.96,0.06,16.0,0
5606,6398,0.17818650793650778,0.01,17.81865079365078,0.98,0.01,98.0,0
5607,6399,0.19529040404040401,0.09083333333333332,2.149986099527384,0.96,0.12,8.0,0
5608,6400,0.26162215562215557,0.03833333333333333,6.824925798838842,0.96,0.05,19.2,0
5609,6406,0.19634956709956697,0.03333333333333333,5.890487012987009,0.96,0.05,19.2,0
5610,6407,0.27671067821067813,0.015,18.44737854737854,1.0,0.02,50.0,0
5611,6408,0.22084595959595948,0.026666666666666665,8.28172348484848,0.97,0.04,24.25,0
5612,6409,0.31620238095238096,0.01,31.620238095238093,1.0,0.01,100.0,0
5613,6410,0.1879583333333332,0.03,6.265277777777774,0.97,0.05,19.4,0
5614,6411,0.1879583333333332,0.02,9.39791666666666,0.97,0.04,24.25,0
5615,6412,0.1879583333333332,0.06,3.132638888888887,0.97,0.08,12.125,0
5616,6413,0.1879583333333332,0.02,9.39791666666666,0.97,0.04,24.25,0
5617,6414,0.26055952380952363,0.008333333333333333,31.267142857142836,0.98,0.02,49.0,0
5618,6415,0.17169985569985563,0.03,5.723328523328521,0.99,0.03,33.0,0
5619,6416,0.3634325396825398,0.03,12.114417989417994,0.99,0.04,24.75,0
5620,6417,0.25038924963924947,0.02,12.519462481962472,0.98,0.02,49.0,0
5621,6421,0.1854963924963924,0.0425,4.3646209999151155,0.99,0.05,19.799999999999997,0
5622,6422,0.17273412698412688,0.015,11.515608465608459,0.95,0.02,47.5,0
5623,6423,0.1781085858585858,0.02,8.90542929292929,1.0,0.03,33.333333333333336,0
5624,6424,0.2005519480519479,0.0225,8.913419913419906,0.97,0.03,32.333333333333336,0
5625,6426,0.2363412698412697,0.08333333333333334,2.8360952380952362,0.9,0.11,8.181818181818182,0
5626,6427,0.3361785714285714,0.045,7.47063492063492,0.9,0.05,18.0,0
5627,6428,0.292536075036075,0.03833333333333333,7.631375870506305,1.0,0.05,20.0,0
5628,6429,0.1774700577200576,0.0,,0.98,0.0,,0
5629,6430,0.23646428571428554,0.06333333333333332,3.733646616541351,0.99,0.1,9.899999999999999,0
5630,6431,0.23646428571428554,0.06666666666666667,3.5469642857142833,0.99,0.11,9.0,0
5631,6432,0.3292222222222222,0.07,4.7031746031746025,0.99,0.08,12.375,0
5632,6435,0.29598809523809516,0.03833333333333333,7.72142857142857,1.0,0.05,20.0,0
5633,6436,0.2147741702741702,0.04,5.369354256854255,0.98,0.05,19.599999999999998,0
5634,6437,0.33115848040848045,0.02,16.55792402042402,0.99,0.02,49.5,0
5635,6439,0.20802417027417022,0.025,8.320966810966809,1.0,0.04,25.0,0
5636,6440,0.4175476190476191,0.015,27.836507936507942,1.0,0.02,50.0,0
5637,6441,0.27888095238095223,0.03,9.29603174603174,1.0,0.03,33.333333333333336,0
5638,6442,0.21786147186147187,0.015,14.524098124098124,0.97,0.02,48.5,0
5639,6443,0.18929797979797963,0.015,12.61986531986531,0.99,0.02,49.5,0
5640,6444,0.18872258297258285,0.04333333333333333,4.3551365301365275,0.99,0.07,14.14285714285714,0
5641,6445,0.21517135642135635,0.016666666666666666,12.910281385281381,1.0,0.03,33.333333333333336,0
5642,6446,0.18872258297258285,0.03333333333333333,5.661677489177485,0.99,0.06,16.5,0
5643,6447,0.26425,0.015,17.616666666666667,1.0,0.02,50.0,0
5644,6448,0.18872258297258285,0.04333333333333333,4.3551365301365275,0.99,0.07,14.14285714285714,0
5645,6450,0.17765884115884112,0.045,3.9479742479742472,0.97,0.07,13.857142857142856,0
5646,6451,0.17765884115884112,0.025,7.106353646353645,0.97,0.05,19.4,0
5647,6452,0.19744516594516587,0.0375,5.265204425204423,1.0,0.05,20.0,0
5648,6453,0.17765884115884112,0.035,5.0759668902526025,0.97,0.06,16.166666666666668,0
5649,6454,0.17765884115884112,0.055,3.230160748342566,0.97,0.08,12.125,0
5650,6455,0.17765884115884112,0.025,7.106353646353645,0.97,0.05,19.4,0
5651,6456,0.19871500721500715,0.04,4.967875180375179,1.0,0.06,16.666666666666668,0
5652,6457,0.17327799977799974,0.055,3.1505090868727224,0.96,0.08,12.0,0
5653,6458,0.22964285714285712,0.05,4.5928571428571425,0.97,0.05,19.4,0
5654,6459,0.17683369408369398,0.047,3.7624190230573187,0.96,0.09,10.666666666666666,0
5655,6460,0.18773015873015864,0.0525,3.575812547241117,0.97,0.06,16.166666666666668,0
5656,6461,0.26048845598845594,0.035,7.442527313955883,0.99,0.05,19.799999999999997,0
5657,6462,0.2997344877344877,0.0,,0.99,0.0,,0
5658,6464,0.35994047619047626,0.01,35.99404761904763,0.99,0.01,99.0,0
5659,6466,0.15969275169275157,0.012,13.307729307729298,0.97,0.03,32.333333333333336,0
5660,6467,0.2535876623376622,0.02,12.67938311688311,1.0,0.02,50.0,0
5661,6468,0.15969275169275157,0.03,5.32309172309172,0.97,0.04,24.25,0
5662,6469,0.1652670662670662,0.008333333333333333,19.832047952047944,0.98,0.02,49.0,0
5663,6470,0.19350407925407911,0.025,7.740163170163164,0.96,0.03,32.0,0
5664,6471,0.18994841269841264,0.0,,0.99,0.0,,0
5665,6472,0.2576273448773448,0.01,25.762734487734477,0.96,0.01,96.0,0
5666,6474,0.3245634920634921,0.07,4.636621315192744,1.0,0.07,14.285714285714285,0
5667,6475,0.5,0.028333333333333332,17.647058823529413,1.0,0.04,25.0,0
5668,6477,0.5,0.0375,13.333333333333334,1.0,0.05,20.0,0
5669,6478,0.5,0.0175,28.57142857142857,1.0,0.03,33.333333333333336,0
5670,6479,0.2919007936507935,0.015,19.4600529100529,1.0,0.02,50.0,0
5671,6480,0.2373373015873014,0.04,5.933432539682535,1.0,0.06,16.666666666666668,0
5672,6481,0.3276428571428572,0.04,8.19107142857143,1.0,0.04,25.0,0
5673,6483,0.2284051226551225,0.02,11.420256132756125,0.98,0.03,32.666666666666664,0
5674,6484,0.17311147186147172,0.02,8.655573593073585,0.99,0.03,33.0,0
5675,6485,0.18323748473748455,0.03,6.107916157916152,0.99,0.04,24.75,0
5676,6486,0.19252319902319892,0.028333333333333335,6.794936436112903,1.0,0.04,25.0,0
5677,6487,0.23805988455988442,0.03,7.935329485329481,1.0,0.03,33.333333333333336,0
5678,6488,0.27458928571428554,0.03,9.152976190476185,1.0,0.03,33.333333333333336,0
5679,6489,0.2039590964590963,0.025,8.15836385836385,0.99,0.03,33.0,0
5680,6490,0.18908705183705163,0.03,6.302901727901721,0.98,0.04,24.5,0
5681,6491,0.2743852813852813,0.035,7.839579468150893,0.99,0.04,24.75,0
5682,6492,0.3453373015873015,0.06,5.755621693121692,0.99,0.07,14.14285714285714,0
5683,6493,0.18323748473748455,0.03,6.107916157916152,0.99,0.04,24.75,0
5684,6494,0.20936122211122205,0.025,8.374448884448881,1.0,0.03,33.333333333333336,0
5685,6495,0.1474260461760461,0.0175,8.424345495774062,0.89,0.03,29.666666666666668,0
5686,6496,0.236353896103896,0.02,11.817694805194801,0.99,0.02,49.5,0
5687,6497,0.19555952380952368,0.02333333333333333,8.381122448979587,0.99,0.04,24.75,0
5688,6498,0.2562182539682539,0.025,10.248730158730154,0.99,0.03,33.0,0
5689,6500,0.19808730158730145,0.015,13.205820105820097,1.0,0.02,50.0,0
5690,6501,0.32770634920634917,0.03,10.923544973544972,1.0,0.03,33.333333333333336,0
5691,6502,0.19009235209235198,0.01,19.009235209235197,0.99,0.02,49.5,0
5692,6503,0.22140512265512258,0.0,,0.99,0.0,,0
5693,6504,0.22677380952380935,0.005,45.35476190476187,1.0,0.01,100.0,0
5694,6505,0.28822655122655116,0.02,14.411327561327559,0.99,0.02,49.5,0
5695,6506,0.17929494525082737,0.05916666666666666,3.0303371028308854,0.99,0.09,11.0,0
5696,6507,0.17929494525082737,0.05333333333333333,3.3617802234530134,0.99,0.07,14.14285714285714,0
5697,6508,0.17929494525082737,0.05916666666666666,3.0303371028308854,0.99,0.09,11.0,0
5698,6509,0.17929494525082737,0.07916666666666666,2.264778255799925,0.99,0.11,9.0,0
5699,6510,0.1968015873015872,0.013333333333333332,14.76011904761904,1.0,0.02,50.0,0
5700,6511,0.29031684981684974,0.02,14.515842490842488,1.0,0.03,33.333333333333336,0
5701,6513,0.18438961038961033,0.07333333333333333,2.514403778040141,0.99,0.08,12.375,0
5702,6514,0.18438961038961033,0.023333333333333334,7.9024118738404425,0.99,0.03,33.0,0
5703,6515,0.18438961038961033,0.03333333333333333,5.53168831168831,0.99,0.04,24.75,0
5704,6516,0.18971428571428559,0.015,12.64761904761904,0.99,0.02,49.5,0
5705,6517,0.37092261904761914,0.035,10.59778911564626,0.99,0.05,19.799999999999997,0
5706,6518,0.1975198412698411,0.02,9.875992063492054,1.0,0.02,50.0,0
5707,6519,0.21933369408369388,0.05583333333333334,3.928364670155711,1.0,0.08,12.5,0
5708,6520,0.1865165945165943,0.03083333333333333,6.049186849186842,1.0,0.06,16.666666666666668,0
5709,6521,0.21933369408369388,0.04583333333333334,4.7854624163715025,1.0,0.07,14.285714285714285,0
5710,6522,0.2127543290043289,0.01,21.27543290043289,0.99,0.01,99.0,0
5711,6523,0.26088131313131313,0.03,8.69604377104377,0.97,0.03,32.333333333333336,0
5712,6524,0.171647186147186,0.04333333333333333,3.961088911088908,0.99,0.06,16.5,0
5713,6525,0.24428210678210668,0.035,6.9794887652030475,1.0,0.04,25.0,0
5714,6526,0.19963095238095221,0.04,4.990773809523805,0.99,0.05,19.799999999999997,0
5715,6527,0.2583968253968252,0.02,12.919841269841259,1.0,0.02,50.0,0
5716,6528,0.36576984126984136,0.0,,1.0,0.0,,0
5717,6529,0.25514682539682526,0.005,51.02936507936505,1.0,0.01,100.0,0
5718,6530,0.19425432900432887,0.05333333333333334,3.642268668831166,0.98,0.07,13.999999999999998,0
5719,6532,0.3472106782106782,0.03333333333333333,10.416320346320346,1.0,0.04,25.0,0
5720,6533,0.1877305194805194,0.028333333333333332,6.62578304048892,0.93,0.05,18.6,0
5721,6534,0.1877305194805194,0.025,7.509220779220775,0.93,0.04,23.25,0
5722,6535,0.1877305194805194,0.03833333333333333,4.89731789949181,0.93,0.06,15.500000000000002,0
5723,6536,0.18593326118326112,0.03833333333333333,4.850432900432899,0.92,0.05,18.4,0
5724,6537,0.2100912698412697,0.022000000000000002,9.549603174603167,1.0,0.04,25.0,0
5725,6538,0.19212337662337645,0.045,4.2694083694083655,0.98,0.05,19.599999999999998,0
5726,6539,0.1877305194805194,0.028333333333333332,6.62578304048892,0.93,0.05,18.6,0
5727,6541,0.182388639138639,0.035,5.211103975389685,1.0,0.05,20.0,0
5728,6542,0.182388639138639,0.045,4.053080869747534,1.0,0.06,16.666666666666668,0
5729,6543,0.35021861471861454,0.018333333333333333,19.10283353010625,1.0,0.03,33.333333333333336,0
5730,6544,0.18208405483405474,0.05,3.6416810966810944,1.0,0.06,16.666666666666668,0
5731,6545,0.19232539682539668,0.025,7.693015873015867,0.98,0.03,32.666666666666664,0
5732,6546,0.1936432178932177,0.015,12.909547859547848,0.99,0.02,49.5,0
5733,6547,0.18208405483405474,0.04,4.552101370851369,1.0,0.05,20.0,0
5734,6548,0.19229761904761894,0.0025,76.91904761904757,0.99,0.01,99.0,0
5735,6550,0.18271933621933617,0.025,7.308773448773446,0.98,0.03,32.666666666666664,0
5736,6551,0.3294362581862581,0.018666666666666665,17.64837097426383,1.0,0.04,25.0,0
5737,6552,0.25638131313131296,0.02,12.819065656565648,1.0,0.02,50.0,0
5738,6553,0.2927106782106781,0.01,29.27106782106781,1.0,0.01,100.0,0
5739,6554,0.31607142857142845,0.0,,1.0,0.0,,0
5740,6555,0.21465079365079365,0.02,10.732539682539683,0.99,0.02,49.5,0
5741,6560,0.21547619047619038,0.01,21.547619047619037,0.99,0.01,99.0,0
5742,6561,0.18852489177489162,0.04833333333333334,3.9005150022391364,1.0,0.07,14.285714285714285,0
5743,6563,0.2124963924963924,0.02,10.62481962481962,0.99,0.02,49.5,0
5744,6565,0.24666666666666648,0.005,49.33333333333329,0.99,0.01,99.0,0
5745,6566,0.3452698412698411,0.01,34.52698412698411,0.99,0.01,99.0,0
5746,6567,0.28529040404040407,0.03,9.509680134680137,1.0,0.03,33.333333333333336,0
5747,6568,0.31605988455988454,0.04833333333333333,6.539170025376921,0.97,0.07,13.857142857142856,0
5748,6570,0.3064296536796537,0.025,12.257186147186147,1.0,0.03,33.333333333333336,0
5749,6571,0.2734993894993894,0.028333333333333332,9.652919629390215,0.99,0.04,24.75,0
5750,6572,0.22929040404040396,0.02,11.464520202020198,0.99,0.03,33.0,0
5751,6573,0.22929040404040396,0.02,11.464520202020198,0.99,0.03,33.0,0
5752,6574,0.2482261904761903,0.02333333333333333,10.638265306122442,1.0,0.04,25.0,0
5753,6575,0.2482261904761903,0.02333333333333333,10.638265306122442,1.0,0.04,25.0,0
5754,6576,0.348202380952381,0.025,13.928095238095239,1.0,0.03,33.333333333333336,0
5755,6577,0.2605277777777777,0.025,10.421111111111108,1.0,0.03,33.333333333333336,0
5756,6578,0.1381637806637806,0.012,11.513648388648383,0.79,0.03,26.333333333333336,0
5757,6579,0.1381637806637806,0.027000000000000003,5.117177061621503,0.79,0.04,19.75,0
5758,6580,0.1381637806637806,0.032,4.317618145743143,0.79,0.05,15.8,0
5759,6581,0.1381637806637806,0.012,11.513648388648383,0.79,0.03,26.333333333333336,0
5760,6582,0.1381637806637806,0.012,11.513648388648383,0.79,0.03,26.333333333333336,0
5761,6583,0.1381637806637806,0.032,4.317618145743143,0.79,0.05,15.8,0
5762,6584,0.1381637806637806,0.042,3.2896138253281095,0.79,0.06,13.166666666666668,0
5763,6585,0.1381637806637806,0.022000000000000002,6.280171848353663,0.79,0.04,19.75,0
5764,6586,0.1381637806637806,0.052000000000000005,2.6569957819957803,0.79,0.07,11.285714285714285,0
5765,6587,0.1381637806637806,0.08199999999999999,1.684924154436349,0.79,0.1,7.9,0
5766,6588,0.1381637806637806,0.012,11.513648388648383,0.79,0.03,26.333333333333336,0
5767,6589,0.4306309523809523,0.0275,15.659307359307356,1.0,0.04,25.0,0
5768,6590,0.32405158730158723,0.01,32.405158730158725,1.0,0.01,100.0,0
5769,6592,0.3052113997113996,0.04333333333333334,7.043339993339989,0.99,0.05,19.799999999999997,0
5770,6594,0.3748968253968254,0.02,18.74484126984127,0.99,0.02,49.5,0
5771,6595,0.29898015873015865,0.01,29.898015873015865,0.98,0.01,98.0,0
5772,6596,0.1792382062382061,0.03833333333333333,4.675779293170595,1.0,0.06,16.666666666666668,0
5773,6598,0.28569480519480495,0.015,19.046320346320332,1.0,0.02,50.0,0
5774,6599,0.26384920634920633,0.01,26.384920634920633,1.0,0.01,100.0,0
5775,6600,0.2746038961038961,0.065,4.224675324675324,0.98,0.07,13.999999999999998,0
5776,6601,0.20530952380952366,0.04333333333333334,4.7379120879120835,0.98,0.08,12.25,0
5777,6602,0.20530952380952366,0.05833333333333333,3.519591836734692,0.98,0.09,10.88888888888889,0
5778,6603,0.20530952380952366,0.03333333333333333,6.15928571428571,0.98,0.07,13.999999999999998,0
5779,6604,0.20530952380952366,0.05833333333333333,3.519591836734692,0.98,0.09,10.88888888888889,0
5780,6605,0.21314989177489171,0.04,5.328747294372293,1.0,0.05,20.0,0
5781,6606,0.34720634920634924,0.03,11.573544973544974,1.0,0.03,33.333333333333336,0
5782,6607,0.29993253968253947,0.005,59.98650793650789,0.99,0.01,99.0,0
5783,6608,0.2309329004329003,0.01,23.09329004329003,0.99,0.01,99.0,0
5784,6609,0.3205844155844154,0.03,10.686147186147181,0.99,0.03,33.0,0
5785,6611,0.2842027417027417,0.013333333333333332,21.315205627705627,1.0,0.02,50.0,0
5786,6612,0.2220126262626261,0.025,8.880505050505043,0.98,0.03,32.666666666666664,0
5787,6613,0.29326190476190467,0.028333333333333335,10.350420168067222,0.99,0.05,19.799999999999997,0
5788,6614,0.5,0.02,25.0,1.0,0.03,33.333333333333336,0
5789,6615,0.18596367521367507,0.02,9.298183760683754,0.99,0.03,33.0,0
5790,6616,0.25048015873015855,0.02,12.524007936507928,1.0,0.02,50.0,0
5791,6617,0.5,0.011666666666666665,42.85714285714286,1.0,0.03,33.333333333333336,0
5792,6618,0.1745555555555554,0.03,5.8185185185185135,0.98,0.04,24.5,0
5793,6619,0.1824523809523809,0.02,9.122619047619045,0.99,0.02,49.5,0
5794,6620,0.2073731268731267,0.023333333333333334,8.887419723134,0.99,0.03,33.0,0
5795,6621,0.1847110389610388,0.03333333333333333,5.541331168831164,0.98,0.05,19.599999999999998,0
5796,6622,0.14132178932178924,0.03333333333333333,4.239653679653677,0.86,0.05,17.2,0
5797,6623,0.11924758574758566,0.049166666666666664,2.425374625374624,0.86,0.08,10.75,0
5798,6624,0.2075396825396824,0.03,6.917989417989414,1.0,0.03,33.333333333333336,0
5799,6625,0.18195559995559982,0.03,6.065186665186661,1.0,0.04,25.0,0
5800,6626,0.22510822510822495,0.01,22.510822510822496,0.99,0.01,99.0,0
5801,6627,0.20772619047619037,0.04,5.1931547619047596,1.0,0.04,25.0,0
5802,6628,0.35665512265512267,0.03166666666666666,11.262793347003875,1.0,0.05,20.0,0
5803,6630,0.21427056277056267,0.04476190476190476,4.786895551257252,0.98,0.07,13.999999999999998,0
5804,6632,0.3661789321789321,0.03,12.205964405964403,1.0,0.04,25.0,0
5805,6633,0.16737612387612388,0.025,6.695044955044955,0.98,0.04,24.5,0
5806,6634,0.21301226551226546,0.03,7.100408850408849,0.98,0.03,32.666666666666664,0
5807,6635,0.24793253968253956,0.04333333333333334,5.721520146520143,1.0,0.06,16.666666666666668,0
5808,6636,0.34278968253968245,0.05,6.8557936507936486,0.99,0.06,16.5,0
5809,6638,0.16871248196248192,0.01,16.871248196248192,0.99,0.02,49.5,0
5810,6639,0.06961147186147187,0.05166666666666666,1.3473188102220364,0.45,0.08,5.625,0
5811,6641,0.08397258297258298,0.055,1.526774235865145,0.45,0.08,5.625,0
5812,6643,0.5,0.025,20.0,1.0,0.03,33.333333333333336,0
5813,6644,0.5,0.015,33.333333333333336,1.0,0.02,50.0,0
5814,6645,0.3489051226551227,0.04,8.722628066378068,0.99,0.05,19.799999999999997,0
5815,6646,0.2898459595959595,0.04,7.2461489898989875,0.96,0.04,24.0,0
5816,6647,0.5,0.015,33.333333333333336,1.0,0.02,50.0,0
5817,6648,0.25220418470418454,0.01,25.220418470418455,1.0,0.01,100.0,0
5818,6649,0.23747222222222214,0.02,11.873611111111106,1.0,0.02,50.0,0
5819,6650,0.5,0.025,20.0,1.0,0.03,33.333333333333336,0
5820,6651,0.5,0.005,100.0,1.0,0.01,100.0,0
5821,6652,0.5,0.025,20.0,1.0,0.03,33.333333333333336,0
5822,6653,0.5,0.015,33.333333333333336,1.0,0.02,50.0,0
5823,6654,0.5,0.065,7.692307692307692,1.0,0.07,14.285714285714285,0
5824,6655,0.1956908369408368,0.01,19.56908369408368,0.99,0.01,99.0,0
5825,6656,0.20017460317460312,0.03333333333333333,6.005238095238093,0.99,0.04,24.75,0
5826,6657,0.17593759018759006,0.005,35.18751803751801,0.99,0.01,99.0,0
5827,6658,0.21349639249639246,0.03833333333333334,5.569471108601542,0.97,0.05,19.4,0
5828,6660,0.1583546176046175,0.02333333333333333,6.786626468769322,0.9,0.04,22.5,0
5829,6661,0.20238961038961026,0.025,8.09558441558441,0.9,0.03,30.000000000000004,0
5830,6663,0.30921428571428555,0.02,15.460714285714277,1.0,0.02,50.0,0
5831,6665,0.23265151515151508,0.055,4.230027548209365,1.0,0.06,16.666666666666668,0
5832,6666,0.19315873015872997,0.0,,1.0,0.0,,0
5833,6668,0.4148178210678212,0.04,10.37044552669553,1.0,0.05,20.0,0
5834,6670,0.31984992784992783,0.005,63.96998556998557,1.0,0.01,100.0,0
5835,6671,0.16796464646464634,0.0125,13.437171717171706,0.99,0.02,49.5,0
5836,6672,0.18811778499278486,0.03333333333333333,5.643533549783546,0.99,0.05,19.799999999999997,0
5837,6673,0.18811778499278486,0.023333333333333334,8.062190785405065,0.99,0.04,24.75,0
5838,6674,0.18811778499278486,0.02333333333333333,8.062190785405067,0.99,0.04,24.75,0
5839,6675,0.18811778499278486,0.013333333333333332,14.108833874458865,0.99,0.03,33.0,0
5840,6676,0.3307196969696969,0.035,9.449134199134196,1.0,0.04,25.0,0
5841,6677,0.18811778499278486,0.03333333333333333,5.643533549783546,0.99,0.05,19.799999999999997,0
5842,6678,0.18811778499278486,0.013333333333333332,14.108833874458865,0.99,0.03,33.0,0
5843,6679,0.18811778499278486,0.03333333333333333,5.643533549783546,0.99,0.05,19.799999999999997,0
5844,6680,0.5,0.055,9.090909090909092,1.0,0.07,14.285714285714285,0
5845,6681,0.1517620157620156,0.015,10.117467717467706,0.99,0.02,49.5,0
5846,6682,0.2357431457431457,0.0375,6.286483886483886,0.92,0.05,18.4,0
5847,6683,0.16650407925407912,0.055,3.0273468955287113,0.91,0.07,13.0,0
5848,6684,0.17104315129315123,0.03833333333333334,4.461995251125684,0.89,0.07,12.714285714285714,0
5849,6685,0.22613106338106334,0.055,4.111473879655697,0.89,0.06,14.833333333333334,0
5850,6686,0.23828571428571427,0.04333333333333333,5.498901098901099,0.99,0.05,19.799999999999997,0
5851,6687,0.00944877344877345,0.06499999999999999,0.1453657453657454,0.08,0.09,0.888888888888889,0
5852,6688,0.00944877344877345,0.021666666666666664,0.43609723609723616,0.08,0.04,2.0,0
5853,6689,0.00944877344877345,0.051666666666666666,0.18287948610529256,0.08,0.07,1.1428571428571428,0
5854,6690,0.00944877344877345,0.03166666666666666,0.2983823194349511,0.08,0.05,1.5999999999999999,0
5855,6691,0.011088383838383837,0.025,0.44353535353535345,0.08,0.04,2.0,0
5856,6692,0.25657611832611826,0.055,4.6650203332021505,0.99,0.06,16.5,0
5857,6695,0.22033044733044718,0.015,14.688696488696479,1.0,0.02,50.0,0
5858,6696,0.225131313131313,0.015,15.0087542087542,0.97,0.03,32.333333333333336,0
5859,6697,0.20815079365079348,0.028333333333333335,7.346498599439769,0.98,0.04,24.5,0
5860,6698,0.20815079365079348,0.051666666666666666,4.028725038402454,0.98,0.07,13.999999999999998,0
5861,6699,0.27867893217893214,0.02,13.933946608946606,0.98,0.03,32.666666666666664,0
5862,6700,0.2559765512265511,0.025,10.239062049062044,0.98,0.03,32.666666666666664,0
5863,6701,0.19483802308802306,0.02333333333333333,8.350200989486703,0.98,0.04,24.5,0
5864,6702,0.21817893217893217,0.03,7.272631072631072,1.0,0.04,25.0,0
5865,6703,0.20940187590187587,0.03333333333333333,6.2820562770562764,0.99,0.04,24.75,0
5866,6705,0.2040357142857142,0.03,6.801190476190474,0.98,0.04,24.5,0
5867,6706,0.29940476190476173,0.0125,23.95238095238094,0.99,0.02,49.5,0
5868,6707,0.209317821067821,0.02,10.46589105339105,0.99,0.02,49.5,0
5869,6709,0.09594257131757132,0.05,1.9188514263514262,0.63,0.06,10.5,0
5870,6710,0.36125,0.025,14.45,1.0,0.03,33.333333333333336,0
5871,6711,0.1895010822510822,0.02,9.47505411255411,1.0,0.02,50.0,0
5872,6712,0.2058214285714285,0.02,10.291071428571424,1.0,0.02,50.0,0
5873,6713,0.22654834054834044,0.03,7.551611351611348,1.0,0.03,33.333333333333336,0
5874,6714,0.2098059163059161,0.02,10.490295815295806,0.99,0.02,49.5,0
5875,6715,0.29988095238095225,0.01,29.988095238095223,1.0,0.01,100.0,0
5876,6717,0.20518661893661883,0.03833333333333334,5.35269440704223,1.0,0.05,20.0,0
5877,6718,0.22886976911976903,0.018333333333333333,12.483805588351037,1.0,0.04,25.0,0
5878,6719,0.17876984126984108,0.04,4.469246031746027,0.98,0.05,19.599999999999998,0
5879,6720,0.3149560994560995,0.035,8.998745698745699,1.0,0.04,25.0,0
5880,6721,0.41142063492063513,0.015,27.42804232804234,0.99,0.03,33.0,0
5881,6723,0.20498448773448769,0.04,5.124612193362192,0.96,0.04,24.0,0
5882,6724,0.4747619047619049,0.02,23.738095238095244,1.0,0.03,33.333333333333336,0
5883,6725,0.3645241702741702,0.0,,1.0,0.0,,0
5884,6726,0.21373412698412686,0.02,10.686706349206343,1.0,0.02,50.0,0
5885,6727,0.5,0.04,12.5,1.0,0.05,20.0,0
5886,6728,0.5,0.03,16.666666666666668,1.0,0.04,25.0,0
5887,6729,0.1809898989898988,0.075,2.413198653198651,1.0,0.1,10.0,0
5888,6730,0.1809898989898988,0.06833333333333333,2.648632668144861,1.0,0.1,10.0,0
5889,6731,0.1809898989898988,0.06833333333333333,2.648632668144861,1.0,0.1,10.0,0
5890,6732,0.1809898989898988,0.05833333333333333,3.10268398268398,1.0,0.09,11.11111111111111,0
5891,6734,0.3522348484848486,0.03,11.74116161616162,1.0,0.03,33.333333333333336,0
5892,6735,0.2002745310245309,0.028333333333333332,7.068512859689327,0.98,0.04,24.5,0
5893,6736,0.2038376623376622,0.03,6.79458874458874,1.0,0.03,33.333333333333336,0
5894,6737,0.17945454545454534,0.045,3.9878787878787856,0.96,0.05,19.2,0
5895,6738,0.2002745310245309,0.008333333333333333,24.03294372294371,0.98,0.02,49.0,0
5896,6739,0.2652864357864357,0.015,17.68576238576238,0.98,0.02,49.0,0
5897,6744,0.21490054390054383,0.035833333333333335,5.997224480945409,0.99,0.05,19.799999999999997,0
5898,6745,0.22470670995670985,0.05333333333333333,4.21325081168831,0.99,0.06,16.5,0
5899,6746,0.19323412698412692,0.0075,25.76455026455026,0.99,0.02,49.5,0
5900,6747,0.2587658730158729,0.0525,4.928873771730912,0.99,0.06,16.5,0
5901,6749,0.20490115440115428,0.04833333333333333,4.239334228989399,0.99,0.07,14.14285714285714,0
5902,6751,0.08076226551226555,0.035,2.307493300350444,0.44,0.05,8.799999999999999,0
5903,6752,0.23175396825396813,0.035,6.621541950113374,1.0,0.04,25.0,0
5904,6753,0.19586544011544008,0.028333333333333335,6.912897886427296,1.0,0.04,25.0,0
5905,6755,0.192849567099567,0.03,6.4283189033189,0.99,0.03,33.0,0
5906,6756,0.16277525252525238,0.03,5.425841750841746,1.0,0.04,25.0,0
5907,6757,0.06662373737373739,0.06,1.1103956228956233,0.44,0.07,6.285714285714286,0
5908,6758,0.17177056277056266,0.005,34.35411255411253,1.0,0.01,100.0,0
5909,6759,0.22115873015873003,0.005,44.231746031746006,1.0,0.01,100.0,0
5910,6760,0.17276508214008202,0.026666666666666665,6.478690580253076,0.99,0.04,24.75,0
5911,6761,0.22146031746031736,0.015,14.764021164021157,1.0,0.02,50.0,0
5912,6762,0.167853896103896,0.04,4.1963474025974,0.99,0.04,24.75,0
5913,6764,0.19573412698412684,0.016666666666666666,11.744047619047612,0.99,0.03,33.0,0
5914,6765,0.26346067821067803,0.025,10.53842712842712,1.0,0.03,33.333333333333336,0
5915,6766,0.16535786435786423,0.013333333333333332,12.401839826839819,0.99,0.02,49.5,0
5916,6767,0.1886309523809523,0.055,3.429653679653678,0.99,0.07,14.14285714285714,0
5917,6768,0.21714790764790748,0.045,4.825509058842389,0.99,0.07,14.14285714285714,0
5918,6769,0.2663174603174602,0.005,53.26349206349203,1.0,0.01,100.0,0
5919,6770,0.26357178932178926,0.03,8.785726310726309,0.95,0.03,31.666666666666668,0
5920,6771,0.177314935064935,0.025,7.0925974025974,0.99,0.04,24.75,0
5921,6772,0.17058730158730143,0.02,8.529365079365071,1.0,0.02,50.0,0
5922,6773,0.19112337662337653,0.02,9.556168831168826,0.98,0.03,32.666666666666664,0
5923,6774,0.1982662337662337,0.025,7.930649350649348,0.87,0.03,29.0,0
5924,6775,0.1826121933621932,0.015,12.174146224146213,0.98,0.02,49.0,0
5925,6776,0.28956024531024516,0.04,7.239006132756129,1.0,0.05,20.0,0
5926,6777,0.2986187978687978,0.013333333333333332,22.396409840159837,1.0,0.02,50.0,0
5927,6778,0.2653611111111111,0.015,17.69074074074074,1.0,0.02,50.0,0
5928,6779,0.1656756854256853,0.05,3.313513708513706,0.97,0.05,19.4,0
5929,6780,0.20371933621933608,0.05,4.074386724386721,0.97,0.05,19.4,0
5930,6781,0.21355988455988448,0.01,21.35598845598845,1.0,0.02,50.0,0
5931,6782,0.18338131313131303,0.025,7.335252525252521,0.98,0.04,24.5,0
5932,6783,0.3343095238095238,0.02,16.71547619047619,1.0,0.02,50.0,0
5933,6784,0.22165512265512258,0.025,8.866204906204903,0.98,0.03,32.666666666666664,0
5934,6787,0.14396464646464635,0.05,2.879292929292927,0.97,0.09,10.777777777777779,0
5935,6788,0.17349181374181363,0.08,2.1686476717726704,0.97,0.08,12.125,0
5936,6789,0.25191305916305906,0.0125,20.153044733044723,1.0,0.02,50.0,0
5937,6790,0.26423051948051945,0.02,13.211525974025973,0.99,0.02,49.5,0
5938,6791,0.07630339105339107,0.06833333333333333,1.1166349910252351,0.49,0.09,5.444444444444445,0
5939,6793,0.20732850482850482,0.03333333333333333,6.219855144855145,1.0,0.05,20.0,0
5940,6794,0.20732850482850482,0.03333333333333333,6.219855144855145,1.0,0.05,20.0,0
5941,6795,0.19859845709845708,0.018333333333333333,10.832643114461295,1.0,0.03,33.333333333333336,0
5942,6797,0.20611616161616148,0.018333333333333333,11.242699724517898,0.98,0.03,32.666666666666664,0
5943,6798,0.20611616161616148,0.013333333333333332,15.45871212121211,0.98,0.02,49.0,0
5944,6800,0.20611616161616148,0.028333333333333332,7.2746880570409935,0.98,0.04,24.5,0
5945,6801,0.174787008742891,0.035,4.993914535511171,1.0,0.04,25.0,0
5946,6802,0.17528246753246746,0.02,8.764123376623372,0.98,0.03,32.666666666666664,0
5947,6803,0.3461468253968254,0.005,69.22936507936508,1.0,0.01,100.0,0
5948,6804,0.21042399267399253,0.037000000000000005,5.687134937134933,0.99,0.05,19.799999999999997,0
5949,6805,0.2720515873015872,0.03,9.06838624338624,1.0,0.03,33.333333333333336,0
5950,6806,0.3817344877344878,0.03333333333333333,11.452034632034634,1.0,0.04,25.0,0
5951,6807,0.15194491619491607,0.04166666666666666,3.6466779886779865,0.96,0.06,16.0,0
5952,6808,0.15194491619491607,0.05166666666666666,2.9408693457080535,0.96,0.07,13.714285714285712,0
5953,6809,0.1878261183261182,0.02,9.39130591630591,0.96,0.03,32.0,0
5954,6810,0.19674711399711392,0.025,7.869884559884556,0.95,0.04,23.75,0
5955,6811,0.19674711399711392,0.03,6.558237133237131,0.95,0.04,23.75,0
5956,6812,0.19128246753246747,0.011666666666666665,16.3956400742115,0.98,0.03,32.666666666666664,0
5957,6813,0.22584163059163045,0.04,5.646040764790762,0.98,0.05,19.599999999999998,0
5958,6815,0.19582575757575743,0.02,9.791287878787871,0.99,0.02,49.5,0
5959,6816,0.1916313131313129,0.03833333333333334,4.999077733860336,0.99,0.05,19.799999999999997,0
5960,6818,0.2037308802308801,0.015,13.582058682058674,1.0,0.02,50.0,0
5961,6819,0.2124451659451659,0.0425,4.99870978694508,1.0,0.07,14.285714285714285,0
5962,6821,0.1868892496392495,0.03,6.22964165464165,0.97,0.04,24.25,0
5963,6822,0.18064718614718608,0.04,4.516179653679652,0.97,0.06,16.166666666666668,0
5964,6824,0.1868892496392495,0.04,4.672231240981238,0.97,0.05,19.4,0
5965,6826,0.3107378454878455,0.028333333333333332,10.967218076041606,0.91,0.04,22.75,0
5966,6828,0.23617658730158714,0.045,5.248368606701937,0.98,0.06,16.333333333333332,0
5967,6829,0.24319949494949483,0.02,12.159974747474742,1.0,0.02,50.0,0
5968,6832,0.18687179487179473,0.02,9.343589743589737,0.96,0.03,32.0,0
5969,6833,0.22438131313131304,0.03,7.479377104377102,0.99,0.03,33.0,0
5970,6834,0.37272005772005784,0.025,14.908802308802313,0.99,0.04,24.75,0
5971,6835,0.17649062049062036,0.015,11.766041366041359,0.99,0.03,33.0,0
5972,6836,0.17649062049062036,0.025,7.059624819624815,0.99,0.04,24.75,0
5973,6837,0.22125804750804742,0.03,7.375268250268248,0.98,0.05,19.599999999999998,0
5974,6840,0.21493253968253956,0.0,,1.0,0.0,,0
5975,6841,0.18202031302031282,0.065,2.800312508004813,0.97,0.07,13.857142857142856,0
5976,6842,0.2019733044733043,0.045,4.488295654962318,0.98,0.05,19.599999999999998,0
5977,6843,0.2019733044733043,0.005,40.39466089466086,0.98,0.01,98.0,0
5978,6844,0.2019733044733043,0.015,13.464886964886954,0.98,0.02,49.0,0
5979,6845,0.16531962481962467,0.028333333333333335,5.834810287751458,0.95,0.04,23.75,0
5980,6846,0.22200793650793635,0.0,,1.0,0.0,,0
5981,6847,0.191905844155844,0.035333333333333335,5.431297476108792,0.98,0.06,16.333333333333332,0
5982,6848,0.24571464646464636,0.015,16.380976430976425,1.0,0.02,50.0,0
5983,6850,0.25134920634920627,0.0275,9.139971139971136,0.98,0.04,24.5,0
5984,6852,0.1875714285714285,0.015,12.504761904761901,1.0,0.03,33.333333333333336,0
5985,6854,0.22461147186147165,0.01,22.461147186147166,1.0,0.02,50.0,0
5986,6855,0.3066031746031745,0.02,15.330158730158724,1.0,0.02,50.0,0
5987,6856,0.17993192918192905,0.05,3.598638583638581,0.99,0.05,19.799999999999997,0
5988,6858,0.1877831890331889,0.04,4.694579725829723,1.0,0.06,16.666666666666668,0
5989,6859,0.26297655122655106,0.02,13.148827561327552,1.0,0.02,50.0,0
5990,6860,0.3424527417027416,0.01,34.24527417027416,1.0,0.01,100.0,0
5991,6861,0.20604797979797973,0.035,5.887085137085134,0.99,0.05,19.799999999999997,0
5992,6862,0.2066832611832611,0.05833333333333333,3.5431416202844765,1.0,0.09,11.11111111111111,0
5993,6863,0.36126226551226553,0.03333333333333333,10.837867965367966,1.0,0.06,16.666666666666668,0
5994,6864,0.3747979797979798,0.03833333333333334,9.777338603425559,1.0,0.06,16.666666666666668,0
5995,6865,0.21604401154401137,0.03,7.201467051467046,1.0,0.03,33.333333333333336,0
5996,6866,0.17454834054834045,0.015,11.63655603655603,0.97,0.02,48.5,0
5997,6867,0.3349841269841269,0.022000000000000002,15.226551226551221,1.0,0.03,33.333333333333336,0
5998,6869,0.2749999999999999,0.015,18.33333333333333,1.0,0.02,50.0,0
5999,6870,0.28336976911976886,0.06,4.722829485329481,1.0,0.07,14.285714285714285,0
6000,6871,0.13014466089466087,0.04,3.2536165223665217,0.88,0.04,22.0,0
6001,6873,0.33642857142857147,0.01,33.642857142857146,0.99,0.01,99.0,0
6002,6875,0.21357178932178922,0.025,8.542871572871569,1.0,0.03,33.333333333333336,0
6003,6876,0.17523015873015868,0.03,5.841005291005289,0.97,0.06,16.166666666666668,0
6004,6877,0.17523015873015868,0.04999999999999999,3.5046031746031745,0.97,0.08,12.125,0
6005,6878,0.17523015873015868,0.019999999999999997,8.761507936507936,0.97,0.05,19.4,0
6006,6880,0.33176598401598395,0.015,22.117732267732265,1.0,0.02,50.0,0
6007,6881,0.1709882062382061,0.025,6.839528249528244,0.99,0.03,33.0,0
6008,6883,0.27078607503607477,0.018333333333333333,14.77014954742226,1.0,0.03,33.333333333333336,0
6009,6884,0.2206872294372292,0.04,5.51718073593073,1.0,0.05,20.0,0
6010,6885,0.18638095238095229,0.003333333333333333,55.91428571428569,0.98,0.01,98.0,0
6011,6886,0.25051984126984106,0.02333333333333333,10.736564625850333,1.0,0.03,33.333333333333336,0
6012,6889,0.15992532467532455,0.0,,0.99,0.0,,0
6013,6890,0.2866323953823953,0.04333333333333333,6.614593739593739,0.98,0.05,19.599999999999998,0
6014,6892,0.23988131313131308,0.015,15.992087542087539,0.99,0.02,49.5,0
6015,6895,0.1883059163059161,0.02,9.415295815295805,0.99,0.02,49.5,0
6016,6896,0.2544920634920633,0.03833333333333334,6.638923395445129,0.99,0.05,19.799999999999997,0
6017,6897,0.3175844155844155,0.01,31.75844155844155,1.0,0.01,100.0,0
6018,6899,0.3594200244200245,0.04,8.985500610500614,0.97,0.06,16.166666666666668,0
6019,6900,0.2766388888888887,0.015,18.442592592592582,0.99,0.02,49.5,0
6020,6901,0.3313257575757575,0.03,11.044191919191917,0.99,0.03,33.0,0
6021,6902,0.19683044733044724,0.015,13.122029822029816,1.0,0.03,33.333333333333336,0
6022,6903,0.06562395937395936,0.013333333333333332,4.921796953046952,0.5,0.02,25.0,0
6023,6904,0.07727417027417026,0.005,15.454834054834052,0.5,0.01,50.0,0
6024,6905,0.19229797979797972,0.05,3.8459595959595942,1.0,0.05,20.0,0
6025,6906,0.18775829725829712,0.025,7.5103318903318845,1.0,0.03,33.333333333333336,0
6026,6907,1.0,0.0025,400.0,1.0,0.01,100.0,1
6027,6908,0.19229797979797972,0.0,,1.0,0.0,,0
6028,6909,0.19229797979797972,0.03,6.409932659932657,1.0,0.03,33.333333333333336,0
6029,6910,0.19229797979797972,0.01,19.229797979797972,1.0,0.01,100.0,0
6030,6911,0.16235353535353525,0.005,32.47070707070705,0.97,0.01,97.0,0
6031,6912,0.25759523809523793,0.02,12.879761904761896,0.99,0.02,49.5,0
6032,6913,0.20374999999999996,0.015,13.58333333333333,0.99,0.02,49.5,0
6033,6914,0.1790999278499278,0.03,5.969997594997593,0.99,0.04,24.75,0
6034,6915,0.19257972582972577,0.025,7.70318903318903,0.97,0.03,32.333333333333336,0
6035,6916,0.17483741258741245,0.015,11.655827505827498,0.99,0.02,49.5,0
6036,6917,0.2797301587301586,0.0,,1.0,0.0,,0
6037,6918,0.24680097680097668,0.015,16.453398453398446,1.0,0.02,50.0,0
6038,6920,0.28010389610389597,0.025,11.204155844155839,0.99,0.03,33.0,0
6039,6921,0.5,0.06666666666666667,7.5,1.0,0.1,10.0,0
6040,6922,0.5,0.08166666666666667,6.122448979591836,1.0,0.11,9.090909090909092,0
6041,6923,0.16833369408369392,0.06333333333333332,2.6579004329004308,0.99,0.08,12.375,0
6042,6924,0.19908008658008644,0.03333333333333333,5.972402597402593,0.93,0.04,23.25,0
6043,6926,0.2112385669885668,0.04,5.28096417471417,1.0,0.05,20.0,0
6044,6927,0.2112385669885668,0.01,21.12385669885668,1.0,0.02,50.0,0
6045,6928,0.22323881673881663,0.05333333333333334,4.185727813852812,1.0,0.06,16.666666666666668,0
6046,6929,0.21475072150072144,0.08,2.684384018759018,0.99,0.09,11.0,0
6047,6930,0.29132539682539677,0.02,14.566269841269838,0.99,0.02,49.5,0
6048,6933,0.4041349206349206,0.025,16.165396825396822,1.0,0.03,33.333333333333336,0
6049,6934,0.2202301587301586,0.01,22.02301587301586,1.0,0.02,50.0,0
6050,6935,0.3491031746031745,0.01,34.91031746031745,1.0,0.01,100.0,0
6051,6936,0.5,0.012,41.666666666666664,1.0,0.02,50.0,0
6052,6938,0.2567261904761904,0.013333333333333332,19.25446428571428,0.99,0.03,33.0,0
6053,6940,0.22806421356421347,0.03,7.602140452140449,0.99,0.04,24.75,0
6054,6941,0.17801695526695518,0.02,8.900847763347759,0.99,0.02,49.5,0
6055,6942,0.4017662337662338,0.065,6.1810189810189815,1.0,0.07,14.285714285714285,0
6056,6943,0.5,0.02,25.0,1.0,0.03,33.333333333333336,0
6057,6945,0.27715476190476185,0.005,55.43095238095237,0.99,0.01,99.0,0
6058,6946,0.18938203463203443,0.025,7.575281385281377,1.0,0.03,33.333333333333336,0
6059,6947,0.19932539682539674,0.04333333333333334,4.599816849816847,1.0,0.06,16.666666666666668,0
6060,6948,0.36065873015873023,0.06,6.010978835978838,1.0,0.07,14.285714285714285,0
6061,6949,0.19500432900432887,0.005,39.000865800865775,1.0,0.01,100.0,0
6062,6950,0.29457539682539674,0.037000000000000005,7.961497211497208,0.96,0.05,19.2,0
6063,6951,0.19169552669552656,0.0175,10.95403009688723,1.0,0.03,33.333333333333336,0
6064,6953,0.29595310245310236,0.03,9.865103415103412,1.0,0.03,33.333333333333336,0
6065,6954,0.23454797979797967,0.015,15.63653198653198,0.99,0.02,49.5,0
6066,6955,0.32645238095238094,0.025,13.058095238095238,0.99,0.03,33.0,0
6067,6958,0.3473470418470416,0.005,69.46940836940833,0.97,0.01,97.0,0
6068,6959,0.32874242424242417,0.05333333333333333,6.163920454545454,1.0,0.06,16.666666666666668,0
6069,6960,0.5,0.035,14.285714285714285,1.0,0.04,25.0,0
6070,6961,0.3191626984126984,0.02333333333333333,13.678401360544218,1.0,0.04,25.0,0
6071,6962,0.5,0.055,9.090909090909092,1.0,0.06,16.666666666666668,0
6072,6963,0.5,0.025,20.0,1.0,0.03,33.333333333333336,0
6073,6965,0.3505371572871574,0.055,6.3734028597664985,0.99,0.07,14.14285714285714,0
6074,6967,0.4466746031746031,0.01,44.66746031746031,1.0,0.01,100.0,0
6075,6968,0.1960963203463203,0.025,7.843852813852812,0.97,0.04,24.25,0
6076,6969,0.1960963203463203,0.035,5.602752009894865,0.97,0.05,19.4,0
6077,6971,0.21776190476190468,0.03,7.258730158730156,0.98,0.03,32.666666666666664,0
6078,6972,0.5,0.04666666666666666,10.714285714285715,1.0,0.07,14.285714285714285,0
6079,6974,0.3576462148962147,0.018333333333333333,19.507975357975347,1.0,0.04,25.0,0
6080,6975,0.26213492063492055,0.01,26.213492063492055,0.99,0.01,99.0,0
6081,6976,0.2151031746031746,0.01,21.51031746031746,1.0,0.01,100.0,0
6082,6978,0.1944181096681095,0.02,9.720905483405474,0.99,0.03,33.0,0
6083,6979,0.2556915584415583,0.02,12.784577922077913,0.99,0.02,49.5,0
6084,6980,0.22036976911976908,0.02,11.018488455988454,0.99,0.02,49.5,0
6085,6981,0.2507027417027415,0.025,10.028109668109659,0.98,0.03,32.666666666666664,0
6086,6982,0.3545198412698412,0.01,35.45198412698412,0.98,0.01,98.0,0
6087,6983,0.14226875901875888,0.028333333333333332,5.0212503183091375,0.95,0.04,23.75,0
6088,6984,0.22171464646464634,0.03,7.390488215488212,1.0,0.03,33.333333333333336,0
6089,6985,0.21591605616605603,0.02,10.7958028083028,0.98,0.03,32.666666666666664,0
6090,6986,0.20918795093795078,0.035,5.976798598227164,0.99,0.04,24.75,0
6091,6987,0.5,0.015,33.333333333333336,1.0,0.02,50.0,0
6092,6990,0.17989826839826822,0.0225,7.995478595478588,0.99,0.04,24.75,0
6093,6991,0.1858499278499278,0.02,9.292496392496389,0.99,0.02,49.5,0
6094,6993,0.1890632423132422,0.025,7.562529692529687,0.99,0.03,33.0,0
6095,6994,0.2786554834054833,0.02333333333333333,11.942377860235,1.0,0.03,33.333333333333336,0
6096,6995,0.19901623376623362,0.02,9.950811688311681,0.99,0.03,33.0,0
6097,6996,0.22327306027306013,0.035,6.379230293516003,0.9,0.04,22.5,0
6098,6997,0.31942013542013536,0.015,21.294675694675693,0.9,0.02,45.0,0
6099,6998,0.15444022644022637,0.02333333333333333,6.618866847438274,0.87,0.04,21.75,0
6100,6999,0.15444022644022637,0.013333333333333332,11.583016983016979,0.87,0.03,29.0,0
6101,7000,0.15444022644022637,0.013333333333333332,11.583016983016979,0.87,0.03,29.0,0
6102,7001,0.15444022644022637,0.05333333333333333,2.8957542457542447,0.87,0.07,12.428571428571427,0
6103,7002,0.1537121212121211,0.028333333333333335,5.425133689839568,0.93,0.04,23.25,0
6104,7003,0.15444022644022637,0.04333333333333333,3.564005225543686,0.87,0.06,14.5,0
6105,7004,0.15444022644022637,0.02333333333333333,6.618866847438274,0.87,0.04,21.75,0
6106,7005,0.2276392496392495,0.04,5.6909812409812375,0.99,0.04,24.75,0
6107,7006,0.15444022644022637,0.04333333333333333,3.564005225543686,0.87,0.06,14.5,0
6108,7007,0.15444022644022637,0.04333333333333333,3.564005225543686,0.87,0.06,14.5,0
6109,7008,0.15444022644022637,0.03333333333333333,4.633206793206791,0.87,0.05,17.4,0
6110,7009,0.15444022644022637,0.03333333333333333,4.633206793206791,0.87,0.05,17.4,0
6111,7010,0.15444022644022637,0.04333333333333334,3.564005225543685,0.87,0.06,14.5,0
6112,7011,0.4167374847374849,0.02333333333333333,17.860177917320783,0.95,0.03,31.666666666666668,0
6113,7012,0.2442817460317459,0.023333333333333334,10.469217687074824,0.96,0.03,32.0,0
6114,7013,0.15444022644022637,0.03333333333333333,4.633206793206791,0.87,0.05,17.4,0
6115,7014,0.16111555111555106,0.013333333333333332,12.083666333666331,0.95,0.03,31.666666666666668,0
6116,7015,0.15444022644022637,0.02333333333333333,6.618866847438274,0.87,0.04,21.75,0
6117,7016,0.15444022644022637,0.03333333333333333,4.633206793206791,0.87,0.05,17.4,0
6118,7017,0.15444022644022637,0.03333333333333333,4.633206793206791,0.87,0.05,17.4,0
6119,7018,0.15444022644022637,0.03333333333333333,4.633206793206791,0.87,0.05,17.4,0
6120,7019,0.15807550782550772,0.018333333333333333,8.622300426845875,0.96,0.03,32.0,0
6121,7020,0.15629545454545452,0.04833333333333334,3.2336990595611277,0.95,0.07,13.57142857142857,0
6122,7021,0.2134398656898657,0.025,8.537594627594627,0.99,0.03,33.0,0
6123,7022,0.15444022644022637,0.03833333333333334,4.028875472353731,0.87,0.05,17.4,0
6124,7023,0.17071897546897538,0.02,8.53594877344877,0.94,0.02,46.99999999999999,0
6125,7024,0.25635786435786423,0.005,51.27157287157284,0.98,0.01,98.0,0
6126,7025,0.15444022644022637,0.04333333333333333,3.564005225543686,0.87,0.06,14.5,0
6127,7026,0.1943912337662336,0.013333333333333332,14.579342532467521,0.99,0.02,49.5,0
6128,7027,0.15444022644022637,0.05333333333333333,2.8957542457542447,0.87,0.07,12.428571428571427,0
6129,7028,0.15444022644022637,0.013333333333333332,11.583016983016979,0.87,0.03,29.0,0
6130,7029,0.3482854645354646,0.015,23.219030969030975,0.97,0.02,48.5,0
6131,7030,0.34474278499278505,0.015,22.98285233285234,1.0,0.02,50.0,0
6132,7031,0.0,0.02,0.0,0.0,0.03,0.0,0
6133,7032,0.0,0.01,0.0,0.0,0.02,0.0,0
6134,7033,0.0,0.02,0.0,0.0,0.02,0.0,0
6135,7034,0.5,0.015,33.333333333333336,1.0,0.02,50.0,0
6136,7035,0.3487338772338772,0.0,,1.0,0.0,,0
6137,7036,0.3427070707070706,0.03,11.423569023569021,1.0,0.04,25.0,0
6138,7037,0.5,0.005,100.0,1.0,0.01,100.0,0
6139,7038,0.22707972582972577,0.02,11.353986291486288,1.0,0.02,50.0,0
6140,7040,0.26045634920634914,0.01,26.045634920634914,1.0,0.01,100.0,0
6141,7041,0.09694859307359308,0.026666666666666665,3.635572240259741,0.7,0.05,13.999999999999998,0
6142,7042,0.11467099567099559,0.03,3.82236652236652,0.7,0.04,17.5,0
6143,7043,0.1365668498168497,0.03833333333333333,3.5626134734830357,0.95,0.05,18.999999999999996,0
6144,7044,0.1405008325008324,0.0175,8.028619000047565,0.95,0.03,31.666666666666668,0
6145,7045,0.17308369408369398,0.06,2.8847282347282333,1.0,0.06,16.666666666666668,0
6146,7046,0.18953715728715725,0.04,4.738428932178931,0.99,0.05,19.799999999999997,0
6147,7047,1.0,0.015,66.66666666666667,1.0,0.02,50.0,1
6148,7048,0.17489754689754683,0.06416666666666666,2.7256760555461845,0.94,0.1,9.399999999999999,0
6149,7049,0.174631313131313,0.055,3.175114784205691,1.0,0.06,16.666666666666668,0
6150,7050,0.21085425685425677,0.04,5.271356421356419,0.96,0.04,24.0,0
6151,7051,0.17489754689754683,0.045,3.8866121532788185,0.94,0.08,11.749999999999998,0
6152,7052,0.19925793650793633,0.03,6.641931216931211,0.99,0.04,24.75,0
6153,7053,0.14958766233766219,0.01,14.958766233766218,0.98,0.01,98.0,0
6154,7054,0.1936068555627378,0.02583333333333333,7.494458925009206,1.0,0.04,25.0,0
6155,7055,0.19091713841713834,0.025,7.636685536685533,0.99,0.03,33.0,0
6156,7056,0.18719480519480508,0.025,7.487792207792203,1.0,0.03,33.333333333333336,0
6157,7057,0.17406396381396372,0.02,8.703198190698187,0.99,0.02,49.5,0
6158,7059,0.22909956709956703,0.04833333333333333,4.739991043439318,0.94,0.07,13.428571428571427,0
6159,7060,0.32352849927849925,0.02,16.176424963924962,0.97,0.02,48.5,0
6160,7061,0.14963564213564198,0.0175,8.550608122036683,0.98,0.03,32.666666666666664,0
6161,7062,0.1661634199134198,0.013333333333333332,12.462256493506485,1.0,0.02,50.0,0
6162,7063,0.2430638528138527,0.02,12.153192640692636,0.99,0.03,33.0,0
6163,7064,0.2537457819957819,0.003333333333333333,76.12373459873457,0.99,0.01,99.0,0
6164,7065,0.5,0.028333333333333332,17.647058823529413,1.0,0.04,25.0,0
6165,7070,0.18971103896103889,0.015,12.647402597402593,0.98,0.02,49.0,0
6166,7071,0.24537373737373724,0.03,8.179124579124576,1.0,0.05,20.0,0
6167,7072,0.1838406593406593,0.015,12.256043956043953,0.98,0.02,49.0,0
6168,7073,0.23893795093795078,0.01,23.893795093795077,0.98,0.01,98.0,0
6169,7074,0.25955555555555543,0.02,12.97777777777777,0.99,0.02,49.5,0
6170,7079,0.18036122211122202,0.055,3.279294947476764,0.99,0.07,14.14285714285714,0
6171,7080,0.1811746031746031,0.025,7.246984126984124,0.99,0.03,33.0,0
6172,7082,0.21747330447330437,0.04,5.436832611832609,1.0,0.06,16.666666666666668,0
6173,7084,0.1533205683205682,0.03333333333333333,4.599617049617046,1.0,0.05,20.0,0
6174,7085,0.1533205683205682,0.02333333333333333,6.570881499452923,1.0,0.04,25.0,0
6175,7086,0.16582575757575743,0.05333333333333333,3.109232954545452,1.0,0.07,14.285714285714285,0
6176,7087,0.15791147741147726,0.018333333333333333,8.613353313353306,0.98,0.03,32.666666666666664,0
6177,7088,0.24309163059163053,0.01,24.30916305916305,0.97,0.01,97.0,0
6178,7089,0.15752355977355964,0.025,6.300942390942385,0.97,0.04,24.25,0
6179,7090,0.25371500721500717,0.01,25.371500721500716,1.0,0.02,50.0,0
6180,7092,1.0,0.02,50.0,1.0,0.02,50.0,1
6181,7094,0.31712698412698404,0.035,9.060770975056686,1.0,0.05,20.0,0
6182,7095,0.16737612387612388,0.055,3.0432022522931614,0.98,0.07,13.999999999999998,0
6183,7096,0.18851923076923063,0.01583333333333333,11.906477732793515,0.99,0.04,24.75,0
6184,7098,0.21282178932178922,0.01,21.282178932178923,0.99,0.02,49.5,0
6185,7099,0.19361507936507927,0.014499999999999999,13.3527640941434,0.99,0.03,33.0,0
6186,7100,0.22280952380952374,0.023333333333333334,9.548979591836732,1.0,0.03,33.333333333333336,0
6187,7101,0.28705555555555545,0.02,14.352777777777773,0.99,0.02,49.5,0
6188,7103,0.186381313131313,0.032,5.824416035353531,0.98,0.06,16.333333333333332,0
6189,7104,0.19558044733044716,0.03833333333333333,5.102098626011665,1.0,0.05,20.0,0
6190,7106,0.1815959595959595,0.035,5.188455988455986,0.99,0.04,24.75,0
6191,7107,0.16359534909534904,0.0045000000000000005,36.35452202118867,0.93,0.02,46.5,0
6192,7108,0.24526634476634473,0.0425,5.77097281803164,0.98,0.05,19.599999999999998,0
6193,7109,0.1908056665556665,0.035,5.451590473019042,0.98,0.05,19.599999999999998,0
6194,7110,0.3252539682539682,0.01,32.52539682539682,0.98,0.01,98.0,0
6195,7111,0.20100407925407926,0.04,5.025101981351981,0.99,0.06,16.5,0
6196,7112,0.20100407925407926,0.02,10.050203962703963,0.99,0.04,24.75,0
6197,7113,0.19317929292929276,0.015,12.878619528619518,0.99,0.02,49.5,0
6198,7114,0.20100407925407926,0.05,4.020081585081585,0.99,0.07,14.14285714285714,0
6199,7115,0.2686233766233766,0.04,6.715584415584415,0.99,0.04,24.75,0
6200,7116,0.24862734487734478,0.06,4.143789081289079,1.0,0.07,14.285714285714285,0
6201,7117,0.34840873015873003,0.035,9.954535147392285,1.0,0.04,25.0,0
6202,7118,0.20419119769119756,0.05,4.083823953823951,1.0,0.06,16.666666666666668,0
6203,7119,0.2716706349206348,0.02,13.58353174603174,1.0,0.02,50.0,0
6204,7120,0.2352106782106782,0.05,4.704213564213564,0.98,0.05,19.599999999999998,0
6205,7121,0.19318326118326112,0.023333333333333334,8.279282622139762,1.0,0.03,33.333333333333336,0
6206,7122,0.1968499278499278,0.025,7.873997113997111,0.96,0.04,24.0,0
6207,7123,0.1968499278499278,0.015,13.12332852332852,0.96,0.03,32.0,0
6208,7124,0.5,0.015,33.333333333333336,1.0,0.02,50.0,0
6209,7125,0.5,0.015,33.333333333333336,1.0,0.02,50.0,0
6210,7126,0.2528055555555554,0.0,,0.99,0.0,,0
6211,7127,0.3343737373737374,0.03833333333333334,8.722793148880104,0.97,0.05,19.4,0
6212,7128,0.3368333333333333,0.01,33.68333333333333,1.0,0.02,50.0,0
6213,7129,0.17736580086580075,0.07,2.533797155225725,1.0,0.07,14.285714285714285,0
6214,7130,0.35916341991341993,0.01,35.916341991341994,0.99,0.01,99.0,0
6215,7131,0.16657575757575743,0.04333333333333334,3.84405594405594,0.94,0.05,18.799999999999997,0
6216,7132,0.16080169830169821,0.035,4.594334237191378,0.97,0.05,19.4,0
6217,7133,0.5,0.005,100.0,1.0,0.01,100.0,0
6218,7134,0.2921154401154399,0.015,19.47436267436266,1.0,0.02,50.0,0
6219,7135,0.5,0.035,14.285714285714285,1.0,0.04,25.0,0
6220,7136,0.3605711788211788,0.02333333333333333,15.453050520907663,0.98,0.03,32.666666666666664,0
6221,7137,0.5,0.045,11.11111111111111,1.0,0.05,20.0,0
6222,7138,0.33886147186147175,0.015,22.590764790764783,1.0,0.02,50.0,0
6223,7139,0.2812021312021311,0.03666666666666667,7.669149032785394,1.0,0.05,20.0,0
6224,7140,0.5,0.005,100.0,1.0,0.01,100.0,0
6225,7142,0.1951664169164168,0.03,6.5055472305472275,0.99,0.04,24.75,0
6226,7143,0.28108333333333335,0.01,28.108333333333334,0.99,0.01,99.0,0
6227,7144,0.34198015873015875,0.035,9.770861678004534,0.99,0.04,24.75,0
6228,7145,0.24318326118326103,0.028333333333333335,8.582938629997447,0.99,0.05,19.799999999999997,0
6229,7146,0.1757622655122654,0.045,3.905828122494787,0.98,0.06,16.333333333333332,0
6230,7149,0.21495238095238087,0.04,5.373809523809522,0.98,0.05,19.599999999999998,0
6231,7150,0.16131757131757118,0.01,16.13175713175712,1.0,0.02,50.0,0
6232,7151,0.19662698412698407,0.025833333333333333,7.611367127496157,0.98,0.04,24.5,0
6233,7153,0.25667857142857126,0.03333333333333333,7.700357142857138,0.97,0.04,24.25,0
6234,7154,0.5,0.01,50.0,1.0,0.02,50.0,0
6235,7155,0.5,0.03,16.666666666666668,1.0,0.04,25.0,0
6236,7156,0.5,0.04,12.5,1.0,0.05,20.0,0
6237,7157,0.5,0.01,50.0,1.0,0.02,50.0,0
6238,7158,0.5,0.04,12.5,1.0,0.05,20.0,0
6239,7159,0.5,0.03,16.666666666666668,1.0,0.04,25.0,0
6240,7160,0.5,0.02,25.0,1.0,0.03,33.333333333333336,0
6241,7161,0.2149398656898655,0.04,5.3734966422466375,1.0,0.05,20.0,0
6242,7162,0.31920743145743136,0.0025,127.68297258297254,0.97,0.01,97.0,0
6243,7163,0.17915451215451214,0.015,11.943634143634144,0.95,0.02,47.5,0
6244,7164,0.22949975024975014,0.022000000000000002,10.431806829534096,1.0,0.03,33.333333333333336,0
6245,7165,0.17516479353979342,0.03,5.838826451326447,0.99,0.04,24.75,0
6246,7166,0.2159670329670328,0.05333333333333334,4.0493818681318645,0.98,0.08,12.25,0
6247,7167,0.2159670329670328,0.04333333333333334,4.983854606931525,0.98,0.07,13.999999999999998,0
6248,7168,0.29538863913863905,0.022000000000000002,13.426756324483591,0.98,0.04,24.5,0
6249,7170,0.15447330447330435,0.028333333333333335,5.451998981410741,0.97,0.05,19.4,0
6250,7171,0.24283044733044726,0.03,8.094348244348243,1.0,0.03,33.333333333333336,0
6251,7172,0.1695996780996779,0.013666666666666666,12.409732543878873,0.99,0.04,24.75,0
6252,7173,0.16263961038961028,0.09333333333333332,1.742567254174396,0.98,0.13,7.538461538461538,0
6253,7174,0.1755761183261183,0.0,,0.99,0.0,,0
6254,7175,0.15783658008658003,0.015,10.52243867243867,0.98,0.02,49.0,0
6255,7176,0.17540512265512262,0.025,7.016204906204904,1.0,0.03,33.333333333333336,0
6256,7177,0.1755761183261183,0.04,4.3894029581529574,0.99,0.04,24.75,0
6257,7178,0.16850108225108215,0.035,4.814316635745204,1.0,0.05,20.0,0
6258,7179,0.16052092352092345,0.0475,3.3793878635983883,0.97,0.07,13.857142857142856,0
6259,7180,0.20938636363636362,0.010833333333333332,19.327972027972027,0.98,0.03,32.666666666666664,0
6260,7181,0.30371645021645016,0.0425,7.14626941685765,0.97,0.07,13.857142857142856,0
6261,7183,0.20532875457875444,0.0,,1.0,0.0,,0
6262,7184,0.19815584415584414,0.05333333333333334,3.7154220779220775,0.98,0.07,13.999999999999998,0
6263,7185,0.24703210678210674,0.02,12.351605339105337,0.99,0.02,49.5,0
6264,7186,0.31620573870573865,0.04,7.905143467643466,1.0,0.04,25.0,0
6265,7187,0.2112189754689754,0.03333333333333333,6.3365692640692615,0.99,0.05,19.799999999999997,0
6266,7188,0.17031421356421345,0.06,2.838570226070224,0.99,0.06,16.5,0
6267,7189,0.18730194805194794,0.03,6.243398268398265,0.98,0.05,19.599999999999998,0
6268,7190,0.0,0.02,0.0,0.0,0.02,0.0,0
6269,7191,0.0,0.01,0.0,0.0,0.02,0.0,0
6270,7192,0.20320707070707056,0.035,5.805916305916301,0.99,0.05,19.799999999999997,0
6271,7193,0.20320707070707056,0.035,5.805916305916301,0.99,0.05,19.799999999999997,0
6272,7194,0.0,0.05,0.0,0.0,0.06,0.0,0
6273,7195,0.0,0.04,0.0,0.0,0.06,0.0,0
6274,7197,0.19320707070707058,0.04333333333333333,4.458624708624706,0.99,0.06,16.5,0
6275,7198,0.18384992784992776,0.025,7.35399711399711,0.99,0.03,33.0,0
6276,7199,0.17828751803751788,0.025,7.131500721500715,1.0,0.03,33.333333333333336,0
6277,7201,0.35337698412698415,0.015,23.55846560846561,1.0,0.02,50.0,0
6278,7203,0.17817207792207784,0.01,17.817207792207785,1.0,0.02,50.0,0
6279,7204,0.186163059163059,0.04583333333333333,4.0617394726485605,0.97,0.08,12.125,0
6280,7205,0.1412680375180374,0.03,4.70893458393458,0.94,0.04,23.499999999999996,0
6281,7206,0.1412680375180374,0.04,3.531700937950935,0.94,0.05,18.799999999999997,0
6282,7210,0.1997822177822177,0.03,6.659407259407256,1.0,0.04,25.0,0
6283,7211,0.1997822177822177,0.02,9.989110889110885,1.0,0.03,33.333333333333336,0
6284,7212,0.1997822177822177,0.04,4.994555444555442,1.0,0.05,20.0,0
6285,7214,0.2648813131313131,0.02,13.244065656565654,1.0,0.02,50.0,0
6286,7215,0.2764451659451658,0.0275,10.052551488915121,0.98,0.04,24.5,0
6287,7217,0.20800011100011087,0.0125,16.640008880008867,1.0,0.03,33.333333333333336,0
6288,7218,0.5,0.03333333333333333,15.0,1.0,0.06,16.666666666666668,0
6289,7219,0.5,0.03333333333333333,15.0,1.0,0.06,16.666666666666668,0
6290,7220,0.19532215007214992,0.018333333333333333,10.653935458480905,1.0,0.03,33.333333333333336,0
6291,7221,0.19532215007214992,0.03833333333333334,5.09536043666478,1.0,0.05,20.0,0
6292,7222,0.1929105339105338,0.025,7.716421356421352,0.98,0.03,32.666666666666664,0
6293,7223,0.1809898989898988,0.028333333333333332,6.3878787878787815,1.0,0.06,16.666666666666668,0
6294,7225,0.21136940836940832,0.03,7.045646945646944,1.0,0.03,33.333333333333336,0
6295,7226,0.1609898989898989,0.04,4.024747474747473,0.96,0.06,16.0,0
6296,7227,0.14397557997557983,0.025,5.759023199023193,0.99,0.03,33.0,0
6297,7228,0.1834498556998556,0.03,6.114995189995187,1.0,0.04,25.0,0
6298,7229,0.16968686868686864,0.0225,7.541638608305273,0.97,0.03,32.333333333333336,0
6299,7230,0.16626659451659434,0.0,,0.99,0.0,,0
6300,7231,0.18098051948051933,0.035,5.170871985157694,1.0,0.04,25.0,0
6301,7232,0.5,0.042,11.904761904761903,1.0,0.05,20.0,0
6302,7233,0.20822619047619031,0.01,20.822619047619032,0.98,0.01,98.0,0
6303,7234,0.5,0.012,41.666666666666664,1.0,0.02,50.0,0
6304,7235,0.5,0.062,8.064516129032258,1.0,0.07,14.285714285714285,0
6305,7236,0.21303571428571424,0.01,21.303571428571423,0.99,0.01,99.0,0
6306,7237,0.21360750360750352,0.03,7.120250120250118,1.0,0.03,33.333333333333336,0
6307,7238,0.17889862914862914,0.03,5.963287638287638,0.92,0.04,23.0,0
6308,7239,0.17921067821067813,0.025,7.168427128427124,1.0,0.03,33.333333333333336,0
6309,7240,0.18228318903318894,0.03,6.076106301106298,0.96,0.04,24.0,0
6310,7241,0.15862806637806623,0.02,7.931403318903311,1.0,0.02,50.0,0
6311,7243,0.16557215007214995,0.03,5.519071669071665,0.97,0.03,32.333333333333336,0
6312,7245,0.1643773448773448,0.055,2.988678997769905,1.0,0.07,14.285714285714285,0
6313,7246,0.20923784548784544,0.005,41.847569097569085,0.99,0.01,99.0,0
6314,7250,0.34073063048063046,0.06,5.678843841343841,1.0,0.08,12.5,0
6315,7251,0.1714888167388167,0.09166666666666666,1.8707870916961822,0.99,0.11,9.0,0
6316,7252,0.1714888167388167,0.03166666666666666,5.415436318067896,0.99,0.05,19.799999999999997,0
6317,7253,0.2148459595959595,0.055,3.906290174471991,1.0,0.08,12.5,0
6318,7254,0.1730959595959595,0.0525,3.2970658970658953,0.97,0.06,16.166666666666668,0
6319,7255,0.1879610389610388,0.02,9.39805194805194,0.97,0.03,32.333333333333336,0
6320,7257,0.1684848484848484,0.03,5.616161616161613,1.0,0.04,25.0,0
6321,7260,0.1495122655122654,0.03333333333333333,4.485367965367963,0.97,0.04,24.25,0
6322,7262,0.2022113997113996,0.015,13.480759980759974,0.98,0.02,49.0,0
6323,7265,0.1738376623376622,0.013333333333333332,13.037824675324666,0.98,0.03,32.666666666666664,0
6324,7266,0.16316749916749904,0.0175,9.323857095285659,1.0,0.03,33.333333333333336,0
6325,7267,0.1738376623376622,0.02333333333333333,7.450185528756952,0.98,0.04,24.5,0
6326,7268,0.1738376623376622,0.02333333333333333,7.450185528756952,0.98,0.04,24.5,0
6327,7269,0.1738376623376622,0.02333333333333333,7.450185528756952,0.98,0.04,24.5,0
6328,7270,0.181056277056277,0.03666666666666667,4.937898465171191,0.97,0.05,19.4,0
6329,7271,0.2511071428571428,0.01,25.11071428571428,0.98,0.02,49.0,0
6330,7273,0.14238131313131303,0.018333333333333333,7.766253443526165,0.94,0.04,23.499999999999996,0
6331,7276,0.1460681818181817,0.026666666666666665,5.477556818181815,0.99,0.04,24.75,0
6332,7277,0.2176944444444444,0.02,10.884722222222221,0.98,0.02,49.0,0
6333,7278,0.16723051948051929,0.04333333333333334,3.859165834165829,0.98,0.06,16.333333333333332,0
6334,7279,0.2084610389610388,0.01,20.84610389610388,1.0,0.01,100.0,0
6335,7280,0.19571500721500704,0.023333333333333334,8.3877860235003,0.99,0.03,33.0,0
6336,7281,0.16965115440115425,0.0,,1.0,0.0,,0
6337,7282,0.14914898989898975,0.015,9.943265993265983,0.98,0.02,49.0,0
6338,7283,0.15884776334776324,0.03,5.2949254449254415,0.97,0.04,24.25,0
6339,7284,0.14967171717171707,0.005,29.93434343434341,0.97,0.01,97.0,0
6340,7285,0.15884776334776324,0.04,3.9711940836940807,0.97,0.05,19.4,0
6341,7286,0.15884776334776324,0.03,5.2949254449254415,0.97,0.04,24.25,0
6342,7287,0.15884776334776324,0.04,3.9711940836940807,0.97,0.05,19.4,0
6343,7289,0.26871031746031737,0.015,17.914021164021158,0.98,0.02,49.0,0
6344,7290,0.20642135642135628,0.06,3.4403559403559383,1.0,0.07,14.285714285714285,0
6345,7291,0.09420238095238095,0.04,2.355059523809524,0.52,0.05,10.4,0
6346,7292,0.11718686868686869,0.03,3.9062289562289565,0.52,0.04,13.0,0
6347,7293,0.16076659451659442,0.035,4.593331271902697,0.99,0.04,24.75,0
6348,7294,0.20172294372294364,0.025,8.068917748917745,1.0,0.03,33.333333333333336,0
6349,7295,0.22296861471861454,0.005,44.59372294372291,1.0,0.01,100.0,0
6350,7296,0.17022402597402583,0.045,3.7827561327561297,1.0,0.05,20.0,0
6351,7297,0.2036388888888888,0.02,10.18194444444444,1.0,0.03,33.333333333333336,0
6352,7298,0.31528174603174597,0.04333333333333334,7.2757326007325975,0.97,0.07,13.857142857142856,0
6353,7299,0.14933008658008645,0.02333333333333333,6.399860853432277,0.96,0.04,24.0,0
6354,7300,0.14933008658008645,0.04333333333333334,3.4460789210789176,0.96,0.06,16.0,0
6355,7301,0.1820598845598844,0.025,7.282395382395375,0.96,0.03,32.0,0
6356,7302,0.3199484126984127,0.05833333333333333,5.484829931972789,0.97,0.07,13.857142857142856,0
6357,7304,0.25494877344877337,0.025,10.197950937950933,1.0,0.03,33.333333333333336,0
6358,7305,0.16839357864357854,0.03,5.613119288119285,0.99,0.04,24.75,0
6359,7306,0.1709011544011543,0.01,17.09011544011543,1.0,0.02,50.0,0
6360,7309,0.1699300144300143,0.005,33.98600288600286,0.99,0.01,99.0,0
6361,7310,0.1699300144300143,0.015,11.32866762866762,0.99,0.02,49.5,0
6362,7315,0.17443326118326102,0.01,17.4433261183261,1.0,0.01,100.0,0
6363,7316,0.13021645021645017,0.018333333333333333,7.102715466351827,0.88,0.03,29.333333333333336,0
6364,7317,0.16350865800865788,0.02,8.175432900432893,0.97,0.03,32.333333333333336,0
6365,7318,0.13835141247641236,0.018333333333333333,7.546440680531584,0.97,0.03,32.333333333333336,0
6366,7319,0.2597384559884559,0.015,17.31589706589706,0.91,0.02,45.5,0
6367,7320,0.1914170274170273,0.028333333333333335,6.755895085306845,0.91,0.04,22.75,0
6368,7321,0.16803751803751793,0.0575,2.92239161804379,0.98,0.07,13.999999999999998,0
6369,7323,0.2803882783882783,0.015,18.692551892551887,0.99,0.02,49.5,0
6370,7326,0.1849689754689753,0.008333333333333333,22.196277056277037,0.99,0.02,49.5,0
6371,7327,0.15717532467532458,0.02,7.858766233766229,0.99,0.02,49.5,0
6372,7329,0.16318867243867236,0.018333333333333333,8.901200314836673,0.97,0.03,32.333333333333336,0
6373,7330,0.1645212842712841,0.056666666666666664,2.903316781257955,1.0,0.08,12.5,0
6374,7332,0.16648989898989897,0.045,3.699775533108866,1.0,0.05,20.0,0
6375,7333,0.173715367965368,0.003333333333333333,52.1146103896104,1.0,0.01,100.0,0
6376,7335,0.1586389998889997,0.035,4.53254285397142,0.99,0.04,24.75,0
6377,7336,0.16648989898989897,0.015,11.099326599326599,1.0,0.02,50.0,0
6378,7337,0.16648989898989897,0.015,11.099326599326599,1.0,0.02,50.0,0
6379,7341,0.2967738095238095,0.055,5.395887445887445,1.0,0.06,16.666666666666668,0
6380,7342,0.16941738816738805,0.08,2.1177173520923507,0.98,0.09,10.88888888888889,0
6381,7343,0.16161616161616152,0.01,16.161616161616152,0.99,0.01,99.0,0
6382,7344,0.16546536796536793,0.08333333333333331,1.9855844155844156,0.98,0.1,9.799999999999999,0
6383,7345,0.16941738816738805,0.04,4.235434704184701,0.98,0.05,19.599999999999998,0
6384,7347,0.15084343434343422,0.011666666666666665,12.929437229437221,0.96,0.03,32.0,0
6385,7348,0.15873459873459866,0.03833333333333334,4.140902575685182,0.96,0.05,19.2,0
6386,7349,0.15084343434343422,0.04166666666666666,3.6202424242424223,0.96,0.06,16.0,0
6387,7350,0.1700010822510821,0.008333333333333333,20.400129870129852,0.99,0.02,49.5,0
6388,7351,0.23078571428571423,0.01,23.078571428571422,1.0,0.01,100.0,0
6389,7352,0.2317261904761904,0.0125,18.53809523809523,1.0,0.02,50.0,0
6390,7353,0.15084343434343422,0.03166666666666666,4.763476874003187,0.96,0.05,19.2,0
6391,7354,0.2123849206349205,0.03,7.0794973544973505,0.98,0.04,24.5,0
6392,7355,0.15084343434343422,0.011666666666666665,12.929437229437221,0.96,0.03,32.0,0
6393,7357,0.15743722943722926,0.02,7.871861471861463,1.0,0.02,50.0,0
6394,7359,0.18007683982683967,0.0,,0.95,0.0,,0
6395,7360,0.1796641414141413,0.045,3.992536475869807,1.0,0.05,20.0,0
6396,7362,0.19144083694083677,0.020833333333333336,9.189160173160165,1.0,0.04,25.0,0
6397,7363,0.1924466089466089,0.027000000000000003,7.1276521832077355,1.0,0.04,25.0,0
6398,7365,0.16765187590187577,0.018333333333333333,9.144647776465952,1.0,0.03,33.333333333333336,0
6399,7371,0.21511519036519025,0.0225,9.560675127341788,0.95,0.04,23.75,0
6400,7372,0.1475943362193361,0.026666666666666665,5.534787608225104,0.99,0.05,19.799999999999997,0
6401,7373,0.37408730158730163,0.02,18.704365079365083,1.0,0.02,50.0,0
6402,7374,0.18777417027417015,0.065,2.888833388833387,0.98,0.08,12.25,0
6403,7376,0.24394155844155832,0.03333333333333333,7.31824675324675,1.0,0.05,20.0,0
6404,7377,0.18777417027417015,0.015,12.51827801827801,0.98,0.03,32.666666666666664,0
6405,7378,0.2521541514041513,0.0,,0.97,0.0,,0
6406,7379,0.20513275613275594,0.02,10.256637806637798,1.0,0.03,33.333333333333336,0
6407,7380,0.15929401154401138,0.04333333333333333,3.6760156510156476,0.99,0.07,14.14285714285714,0
6408,7381,0.23872294372294361,0.035,6.820655534941245,1.0,0.04,25.0,0
6409,7382,0.18030699855699847,0.035,5.151628530199956,0.99,0.06,16.5,0
6410,7383,0.1833492063492062,0.04,4.583730158730155,0.99,0.07,14.14285714285714,0
6411,7386,0.17616244866244857,0.018333333333333333,9.608860836133559,0.97,0.03,32.333333333333336,0
6412,7387,0.15221103896103877,0.055,2.7674734356552504,0.99,0.06,16.5,0
6413,7389,0.1972186147186146,0.035,5.634817563388988,0.97,0.04,24.25,0
6414,7390,0.19878607503607498,0.04,4.969651875901874,1.0,0.04,25.0,0
6415,7391,0.1735241702741702,0.01,17.35241702741702,0.99,0.01,99.0,0
6416,7392,0.18010028860028854,0.035,5.145722531436815,1.0,0.06,16.666666666666668,0
6417,7393,0.19329365079365066,0.005,38.65873015873013,0.99,0.01,99.0,0
6418,7394,0.15537518037518025,0.01,15.537518037518025,0.99,0.01,99.0,0
6419,7397,0.22066774891774885,0.01,22.066774891774884,0.99,0.01,99.0,0
6420,7400,0.23563095238095233,0.01,23.563095238095233,0.98,0.01,98.0,0
6421,7401,0.16303679653679634,0.05333333333333334,3.056939935064931,1.0,0.08,12.5,0
6422,7402,0.21465620490620485,0.02,10.732810245310242,1.0,0.03,33.333333333333336,0
6423,7403,0.15447330447330435,0.028333333333333332,5.451998981410742,0.97,0.05,19.4,0
6424,7404,0.15447330447330435,0.018333333333333333,8.425816607634783,0.97,0.04,24.25,0
6425,7405,0.17921933621933622,0.04,4.4804834054834055,1.0,0.05,20.0,0
6426,7407,0.14681024531024522,0.01,14.681024531024523,0.99,0.01,99.0,0
6427,7409,0.213135642135642,0.01,21.313564213564202,1.0,0.01,100.0,0
6428,7413,0.17913827838827825,0.03,5.971275946275942,1.0,0.04,25.0,0
6429,7414,0.21454365079365068,0.04,5.363591269841267,1.0,0.04,25.0,0
6430,7415,0.1950447330447329,0.035,5.57270665842094,0.99,0.04,24.75,0
6431,7416,0.19024675324675308,0.04,4.756168831168827,0.98,0.05,19.599999999999998,0
6432,7417,0.17680194805194802,0.03833333333333334,4.612224731789948,0.98,0.05,19.599999999999998,0
6433,7418,0.17260689310689303,0.055,3.1383071473980553,0.97,0.08,12.125,0
6434,7419,0.17053246753246745,0.04833333333333333,3.5282579489476027,0.97,0.06,16.166666666666668,0
6435,7420,0.17053246753246745,0.008333333333333333,20.463896103896094,0.97,0.02,48.5,0
6436,7421,0.18511652236652232,0.029166666666666664,6.346852195423623,0.98,0.06,16.333333333333332,0
6437,7422,0.26517460317460306,0.01,26.517460317460305,0.99,0.01,99.0,0
6438,7423,0.16479809079809069,0.027000000000000003,6.103632992521876,0.99,0.04,24.75,0
6439,7424,0.3717305194805195,0.0375,9.912813852813853,1.0,0.05,20.0,0
6440,7425,0.2127709235209234,0.008333333333333333,25.532510822510808,1.0,0.02,50.0,0
6441,7426,0.3584170274170274,0.055,6.516673225764134,1.0,0.06,16.666666666666668,0
6442,7427,0.5,0.025,20.0,1.0,0.04,25.0,0
6443,7428,0.5,0.03833333333333333,13.043478260869566,1.0,0.06,16.666666666666668,0
6444,7429,0.5,0.025,20.0,1.0,0.04,25.0,0
6445,7430,0.5,0.015,33.333333333333336,1.0,0.03,33.333333333333336,0
6446,7431,0.5,0.035,14.285714285714285,1.0,0.05,20.0,0
6447,7434,0.18963997113997094,0.07333333333333333,2.5859996064541493,0.99,0.08,12.375,0
6448,7436,0.25717002442002435,0.03333333333333333,7.715100732600731,0.99,0.04,24.75,0
6449,7439,0.15715079365079349,0.015,10.476719576719566,0.99,0.02,49.5,0
6450,7440,0.1620082972582971,0.015,10.80055315055314,0.99,0.02,49.5,0
6451,7441,0.18293398268398264,0.015,12.195598845598843,1.0,0.02,50.0,0
6452,7442,0.21815079365079348,0.03,7.271693121693116,1.0,0.04,25.0,0
6453,7443,0.22628210678210678,0.02,11.314105339105339,1.0,0.02,50.0,0
6454,7444,0.162624098124098,0.026666666666666665,6.098403679653676,0.96,0.04,24.0,0
6455,7445,0.1656099594849594,0.04666666666666666,3.5487848461062734,0.92,0.07,13.142857142857142,0
6456,7446,0.1656099594849594,0.04166666666666666,3.9746390276390264,0.92,0.06,15.333333333333334,0
6457,7447,0.1656099594849594,0.016666666666666666,9.936597569097565,0.92,0.04,23.0,0
6458,7448,0.1656099594849594,0.016666666666666666,9.936597569097565,0.92,0.04,23.0,0
6459,7449,0.17365848040848025,0.03,5.788616013616009,1.0,0.03,33.333333333333336,0
6460,7450,0.21532215007214997,0.03,7.177405002404999,0.92,0.04,23.0,0
6461,7451,0.13696789321789316,0.0325,4.214396714396712,0.94,0.06,15.666666666666666,0
6462,7452,0.2305836940836941,0.016666666666666666,13.835021645021646,0.99,0.04,24.75,0
6463,7453,0.13696789321789316,0.0525,2.6089122517693935,0.94,0.08,11.749999999999998,0
6464,7454,0.13696789321789316,0.0525,2.6089122517693935,0.94,0.08,11.749999999999998,0
6465,7455,0.1652867965367964,0.0175,9.44495980210265,0.99,0.03,33.0,0
6466,7456,0.13696789321789316,0.0525,2.6089122517693935,0.94,0.08,11.749999999999998,0
6467,7457,0.13696789321789316,0.0325,4.214396714396712,0.94,0.06,15.666666666666666,0
6468,7458,0.13696789321789316,0.0325,4.214396714396712,0.94,0.06,15.666666666666666,0
6469,7459,0.13696789321789316,0.0225,6.087461920795252,0.94,0.05,18.799999999999997,0
6470,7461,0.13696789321789316,0.0525,2.6089122517693935,0.94,0.08,11.749999999999998,0
6471,7462,0.13696789321789316,0.0425,3.222773958068074,0.94,0.07,13.428571428571427,0
6472,7465,0.0,0.06333333333333332,0.0,0.0,0.09,0.0,0
6473,7466,0.0,0.07333333333333333,0.0,0.0,0.1,0.0,0
6474,7467,0.0,0.055,0.0,0.0,0.07,0.0,0
6475,7468,0.16247366522366516,0.03,5.415788840788839,0.95,0.04,23.75,0
6476,7469,0.16247366522366516,0.03,5.415788840788839,0.95,0.04,23.75,0
6477,7470,0.16247366522366516,0.03,5.415788840788839,0.95,0.04,23.75,0
6478,7471,0.19035786435786423,0.032,5.948683261183257,1.0,0.04,25.0,0
6479,7472,0.14528737928737923,0.03833333333333333,3.7901055466272844,0.95,0.06,15.833333333333334,0
6480,7473,0.16247366522366516,0.02,8.123683261183258,0.95,0.03,31.666666666666668,0
6481,7474,0.16247366522366516,0.04,4.061841630591629,0.95,0.05,18.999999999999996,0
6482,7476,0.17369155844155837,0.015,11.579437229437225,0.97,0.02,48.5,0
6483,7477,0.16247366522366516,0.03,5.415788840788839,0.95,0.04,23.75,0
6484,7478,0.20721800421800418,0.02,10.360900210900208,0.95,0.02,47.5,0
6485,7480,0.1660992063492062,0.035,4.745691609977319,1.0,0.04,25.0,0
6486,7481,0.1660992063492062,0.015,11.073280423280414,1.0,0.02,50.0,0
6487,7482,0.18239393939393928,0.03833333333333334,4.758102766798415,0.98,0.05,19.599999999999998,0
6488,7483,0.18239393939393928,0.04333333333333334,4.209090909090905,0.98,0.06,16.333333333333332,0
6489,7484,0.1684844877344876,0.013333333333333332,12.63633658008657,1.0,0.03,33.333333333333336,0
6490,7485,0.1806987734487734,0.03,6.023292448292446,0.99,0.05,19.799999999999997,0
6491,7486,0.1806987734487734,0.04,4.517469336219334,0.99,0.06,16.5,0
6492,7487,0.1806987734487734,0.019999999999999997,9.03493867243867,0.99,0.04,24.75,0
6493,7490,0.17807117882117873,0.015,11.871411921411916,0.99,0.02,49.5,0
6494,7491,0.2716987734487734,0.015,18.113251563251563,1.0,0.02,50.0,0
6495,7492,0.18848124098124092,0.035,5.38517831374974,0.98,0.04,24.5,0
6496,7493,0.24466774891774878,0.045,5.4370610870610845,1.0,0.05,20.0,0
6497,7494,0.0,0.02,0.0,0.0,0.04,0.0,0
6498,7495,0.0,0.04,0.0,0.0,0.04,0.0,0
6499,7497,0.23022557997557982,0.0,,0.99,0.0,,0
6500,7498,0.18227788877788864,0.055,3.314143432325248,1.0,0.07,14.285714285714285,0
6501,7501,0.17314718614718605,0.04166666666666667,4.155532467532464,1.0,0.07,14.285714285714285,0
6502,7502,0.16845346320346305,0.03333333333333333,5.053603896103891,0.98,0.05,19.599999999999998,0
6503,7503,0.17314718614718605,0.04166666666666666,4.155532467532466,1.0,0.07,14.285714285714285,0
6504,7505,0.19628210678210667,0.025,7.851284271284267,1.0,0.03,33.333333333333336,0
6505,7506,0.16306854256854236,0.04583333333333333,3.5578591105863793,1.0,0.09,11.11111111111111,0
6506,7508,0.18521764346764344,0.015,12.347842897842897,1.0,0.02,50.0,0
6507,7509,0.1936439393939393,0.015,12.909595959595954,0.98,0.02,49.0,0
6508,7510,0.25833441558441556,0.01,25.833441558441557,0.98,0.01,98.0,0
6509,7511,0.1743578643578643,0.05,3.487157287157286,0.98,0.05,19.599999999999998,0
6510,7512,0.22351334776334775,0.0,,0.99,0.0,,0
6511,7513,0.18397666222666215,0.015,12.26511081511081,0.97,0.02,48.5,0
6512,7514,0.17143037518037507,0.028333333333333332,6.050483829895591,0.96,0.04,24.0,0
6513,7515,0.18397666222666215,0.005,36.79533244533243,0.97,0.01,97.0,0
6514,7517,0.21145743145743137,0.05833333333333333,3.6249845392702524,0.96,0.07,13.714285714285712,0
6515,7518,0.4139927849927851,0.035,11.828365285508143,0.99,0.04,24.75,0
6516,7520,0.1864801587301587,0.04,4.662003968253967,1.0,0.05,20.0,0
6517,7522,0.5,0.015,33.333333333333336,1.0,0.02,50.0,0
6518,7523,0.5,0.005,100.0,1.0,0.01,100.0,0
6519,7524,0.5,0.025,20.0,1.0,0.03,33.333333333333336,0
6520,7525,0.5,0.035,14.285714285714285,1.0,0.04,25.0,0
6521,7527,0.14844191919191907,0.0475,3.125093035619349,0.99,0.08,12.375,0
6522,7528,0.14844191919191907,0.0275,5.397887970615239,0.99,0.06,16.5,0
6523,7529,0.18271739371739357,0.05333333333333334,3.425951132201129,0.99,0.06,16.5,0
6524,7531,0.1566873404373403,0.0345,4.541662041662038,1.0,0.06,16.666666666666668,0
6525,7533,0.15051201576201564,0.025,6.020480630480625,0.99,0.03,33.0,0
6526,7534,0.189148629148629,0.04,4.728715728715725,1.0,0.05,20.0,0
6527,7535,0.1902867965367965,0.01,19.02867965367965,0.97,0.01,97.0,0
6528,7536,0.1902867965367965,0.02,9.514339826839825,0.97,0.02,48.5,0
6529,7537,0.1902867965367965,0.01,19.02867965367965,0.97,0.01,97.0,0
6530,7538,0.1902867965367965,0.02,9.514339826839825,0.97,0.02,48.5,0
6531,7540,0.1902867965367965,0.02,9.514339826839825,0.97,0.02,48.5,0
6532,7544,0.2376392496392496,0.005,47.52784992784992,0.99,0.01,99.0,0
6533,7545,0.16209668109668096,0.01,16.209668109668097,0.97,0.02,48.5,0
6534,7546,0.1531078643578642,0.02,7.655393217893209,0.98,0.03,32.666666666666664,0
6535,7549,0.3566313131313132,0.026666666666666665,13.373674242424245,0.99,0.05,19.799999999999997,0
6536,7550,0.16209668109668096,0.05,3.2419336219336192,0.97,0.06,16.166666666666668,0
6537,7553,0.2028257575757574,0.02,10.141287878787871,0.97,0.02,48.5,0
6538,7554,0.2995519480519479,0.06166666666666667,4.857599157599155,1.0,0.08,12.5,0
6539,7557,0.19311616161616144,0.02333333333333333,8.276406926406919,0.96,0.03,32.0,0
6540,7561,0.20988095238095236,0.025,8.395238095238094,0.99,0.03,33.0,0
6541,7563,0.17782731157731152,0.025,7.11309246309246,1.0,0.05,20.0,0
6542,7564,0.20001587301587295,0.017,11.765639589168996,1.0,0.03,33.333333333333336,0
6543,7565,0.17158441558441553,0.035,4.902411873840443,0.99,0.04,24.75,0
6544,7567,0.21176659451659444,0.018333333333333333,11.550905155450605,0.93,0.03,31.000000000000004,0
6545,7569,0.24503282828282824,0.03166666666666666,7.737878787878787,1.0,0.05,20.0,0
6546,7570,0.17797763347763346,0.005,35.595526695526694,0.99,0.01,99.0,0
6547,7571,0.14934379509379503,0.03666666666666667,4.073012593467137,0.96,0.05,19.2,0
6548,7572,0.14934379509379503,0.026666666666666665,5.600392316017314,0.96,0.04,24.0,0
6549,7574,0.2019563492063491,0.01,20.195634920634912,0.99,0.01,99.0,0
6550,7576,0.1777097763347763,0.0375,4.738927368927368,1.0,0.05,20.0,0
6551,7577,0.1777097763347763,0.0575,3.0906048058221964,1.0,0.07,14.285714285714285,0
6552,7578,0.22555627705627695,0.02,11.277813852813848,1.0,0.02,50.0,0
6553,7579,0.17202417027417016,0.03,5.734139009139006,0.99,0.03,33.0,0
6554,7580,0.18262409812409802,0.013333333333333332,13.696807359307353,1.0,0.02,50.0,0
6555,7581,0.1777097763347763,0.0075,23.69463684463684,1.0,0.02,50.0,0
6556,7583,0.21193326118326108,0.01,21.19332611832611,1.0,0.01,100.0,0
6557,7585,0.16443362193362185,0.018333333333333333,8.969106650924829,1.0,0.04,25.0,0
6558,7586,0.16879401154401144,0.01,16.879401154401144,0.98,0.01,98.0,0
6559,7587,0.20632936507936506,0.035,5.895124716553287,1.0,0.04,25.0,0
6560,7588,0.20082575757575757,0.018333333333333333,10.954132231404959,0.98,0.03,32.666666666666664,0
6561,7590,0.14873088023088013,0.02333333333333333,6.374180581323435,0.99,0.04,24.75,0
6562,7593,0.24689285714285705,0.01,24.689285714285706,1.0,0.01,100.0,0
6563,7594,0.16930278055278042,0.03,5.643426018426014,0.99,0.04,24.75,0
6564,7595,0.16621475746475733,0.055,3.0220864993592245,1.0,0.07,14.285714285714285,0
6565,7597,0.20737373737373727,0.035,5.924963924963921,0.99,0.04,24.75,0
6566,7598,0.16920403615991833,0.03,5.640134538663944,0.98,0.03,32.666666666666664,0
6567,7599,0.16621475746475733,0.045,3.693661276994608,1.0,0.06,16.666666666666668,0
6568,7600,0.16621475746475733,0.025,6.648590298590293,1.0,0.04,25.0,0
6569,7601,0.2547629870129869,0.015,16.984199134199127,0.98,0.02,49.0,0
6570,7602,0.1674776334776334,0.045,3.7217251883918534,0.98,0.05,19.599999999999998,0
6571,7604,0.1780473692973692,0.025,7.121894771894768,1.0,0.03,33.333333333333336,0
6572,7605,0.25443398268398254,0.01,25.443398268398255,0.99,0.01,99.0,0
6573,7608,0.17609199134199116,0.04,4.402299783549779,0.95,0.05,18.999999999999996,0
6574,7609,0.15145670995670987,0.01,15.145670995670987,0.98,0.02,49.0,0
6575,7610,0.1590048007548006,0.028333333333333332,5.611934144287081,0.96,0.04,24.0,0
6576,7611,0.1590048007548006,0.028333333333333335,5.61193414428708,0.96,0.04,24.0,0
6577,7613,0.1590048007548006,0.018333333333333333,8.672989132080033,0.96,0.03,32.0,0
6578,7614,0.20555988455988447,0.015,13.7039923039923,1.0,0.02,50.0,0
6579,7615,0.15237590187590178,0.03333333333333333,4.5712770562770535,0.97,0.04,24.25,0
6580,7616,0.15237590187590178,0.02333333333333333,6.530395794681505,0.97,0.03,32.333333333333336,0
6581,7617,0.15237590187590178,0.03333333333333333,4.5712770562770535,0.97,0.04,24.25,0
6582,7618,0.2457665945165944,0.03333333333333333,7.3729978354978325,1.0,0.05,20.0,0
6583,7619,0.15237590187590178,0.013333333333333332,11.428192640692634,0.97,0.02,48.5,0
6584,7620,0.1889844877344876,0.005,37.79689754689752,0.97,0.01,97.0,0
6585,7623,0.17965523365523353,0.055,3.266458793731519,1.0,0.06,16.666666666666668,0
6586,7624,0.2502507215007215,0.05,5.0050144300144295,1.0,0.06,16.666666666666668,0
6587,7625,0.1638932178932177,0.025,6.555728715728708,1.0,0.03,33.333333333333336,0
6588,7626,0.1803860028860028,0.055,3.2797455070182324,0.98,0.07,13.999999999999998,0
6589,7629,0.1827867965367964,0.015,12.185786435786426,1.0,0.02,50.0,0
6590,7630,0.1827867965367964,0.015,12.185786435786426,1.0,0.02,50.0,0
6591,7632,0.23342857142857146,0.01,23.342857142857145,1.0,0.01,100.0,0
6592,7634,0.3256554834054832,0.02,16.282774170274163,1.0,0.03,33.333333333333336,0
6593,7636,0.15489466089466083,0.02033333333333333,7.61777020793414,1.0,0.04,25.0,0
6594,7637,0.1603311688311688,0.03,5.3443722943722936,0.97,0.06,16.166666666666668,0
6595,7638,0.14767243867243854,0.04166666666666667,3.5441385281385247,0.98,0.06,16.333333333333332,0
6596,7639,0.14767243867243854,0.018333333333333333,8.054860291223921,0.98,0.03,32.666666666666664,0
6597,7642,0.18415945165945152,0.035,5.261698618841471,1.0,0.04,25.0,0
6598,7644,0.20171212121212106,0.0425,4.74616755793226,0.98,0.06,16.333333333333332,0
6599,7645,0.20171212121212106,0.0425,4.74616755793226,0.98,0.06,16.333333333333332,0
6600,7646,0.2720761183261183,0.023333333333333334,11.660405071119355,0.98,0.03,32.666666666666664,0
6601,7647,0.2144880952380952,0.045,4.766402116402116,1.0,0.05,20.0,0
6602,7648,0.20351226551226534,0.008333333333333333,24.42147186147184,1.0,0.02,50.0,0
6603,7649,0.2447186147186147,0.0175,13.983920841063696,1.0,0.03,33.333333333333336,0
6604,7650,0.17263167388167375,0.0,,0.98,0.0,,0
6605,7651,0.27841702741702734,0.035,7.954772211915066,0.99,0.04,24.75,0
6606,7652,0.28896500721500723,0.02,14.448250360750361,1.0,0.02,50.0,0
6607,7653,0.16986111111111096,0.03,5.662037037037032,0.94,0.04,23.499999999999996,0
6608,7658,0.23045743145743128,0.01,23.045743145743128,1.0,0.01,100.0,0
6609,7659,0.1595271672771671,0.035,4.557919065061917,0.99,0.04,24.75,0
6610,7660,0.17108838383838376,0.026666666666666665,6.4158143939393915,0.98,0.04,24.5,0
6611,7661,0.23129365079365077,0.025833333333333333,8.953302611367127,0.99,0.04,24.75,0
6612,7662,0.21961580086580088,0.01,21.96158008658009,0.98,0.02,49.0,0
6613,7663,0.17616074611662835,0.02,8.808037305831418,0.96,0.02,48.0,0
6614,7664,0.17616074611662835,0.01,17.616074611662835,0.96,0.01,96.0,0
6615,7665,0.21415909090909085,0.0,,0.97,0.0,,0
6616,7666,0.19162770562770556,0.04,4.790692640692639,0.98,0.04,24.5,0
6617,7668,0.19861976911976906,0.01,19.861976911976907,0.99,0.02,49.5,0
6618,7669,0.19100468975468965,0.01,19.100468975468964,0.99,0.01,99.0,0
6619,7670,0.16384307359307348,0.02,8.192153679653675,1.0,0.03,33.333333333333336,0
6620,7672,0.14934379509379503,0.016666666666666666,8.960627705627703,0.96,0.03,32.0,0
6621,7673,0.31792532467532464,0.03,10.597510822510822,0.98,0.04,24.5,0
6622,7675,0.22119877344877337,0.01,22.119877344877334,0.99,0.01,99.0,0
6623,7676,0.18366522366522356,0.013333333333333332,13.774891774891767,0.97,0.03,32.333333333333336,0
6624,7677,0.20212121212121203,0.03,6.737373737373734,0.98,0.04,24.5,0
6625,7678,0.33102417027417025,0.03333333333333333,9.930725108225108,0.99,0.04,24.75,0
6626,7679,0.1810073260073259,0.03,6.033577533577531,0.99,0.03,33.0,0
6627,7682,0.16778654678654661,0.03,5.5928848928848875,1.0,0.03,33.333333333333336,0
6628,7683,0.21141107503607492,0.003333333333333333,63.42332251082248,0.98,0.01,98.0,0
6629,7684,0.17116179653679647,0.025,6.8464718614718585,0.96,0.04,24.0,0
6630,7685,0.17692868242868232,0.03,5.897622747622744,1.0,0.03,33.333333333333336,0
6631,7686,0.1645326479076478,0.0475,3.4638452191083746,0.97,0.07,13.857142857142856,0
6632,7687,0.16176399988899973,0.01,16.176399988899973,1.0,0.02,50.0,0
6633,7688,0.1754844877344876,0.04083333333333334,4.297579291456839,0.98,0.06,16.333333333333332,0
6634,7690,0.16533802308802298,0.0325,5.0873237873237835,1.0,0.06,16.666666666666668,0
6635,7691,0.19604365079365066,0.035,5.601247165532875,1.0,0.05,20.0,0
6636,7694,0.28699603174603167,0.015,19.13306878306878,1.0,0.02,50.0,0
6637,7695,0.22563095238095232,0.028333333333333332,7.963445378151259,0.97,0.04,24.25,0
6638,7696,0.14837806637806625,0.005,29.675613275613248,0.95,0.01,95.0,0
6639,7697,0.17705591630591613,0.03,5.901863876863871,0.97,0.03,32.333333333333336,0
6640,7698,0.18598051948051936,0.028333333333333332,6.5640183346065655,0.98,0.04,24.5,0
6641,7699,0.24263095238095225,0.015,16.175396825396817,0.98,0.02,49.0,0
6642,7701,0.19566702741702727,0.04,4.891675685425682,0.99,0.04,24.75,0
6643,7703,0.33115548340548345,0.02,16.557774170274172,1.0,0.03,33.333333333333336,0
6644,7704,0.17934992784992773,0.03,5.978330928330925,1.0,0.04,25.0,0
6645,7705,0.17934992784992773,0.03,5.978330928330925,1.0,0.04,25.0,0
6646,7706,0.18811580086580076,0.02,9.405790043290038,1.0,0.03,33.333333333333336,0
6647,7707,0.23141738816738802,0.02,11.5708694083694,1.0,0.02,50.0,0
6648,7708,0.2099368686868686,0.015,13.99579124579124,0.97,0.03,32.333333333333336,0
6649,7715,0.1960963203463203,0.045,4.357696007696007,0.97,0.06,16.166666666666668,0
6650,7716,0.1857233044733044,0.02,9.28616522366522,0.98,0.03,32.666666666666664,0
6651,7717,0.17963528138528134,0.04833333333333333,3.7165920286609935,0.98,0.07,13.999999999999998,0
6652,7719,0.16490187590187586,0.01,16.490187590187585,0.99,0.01,99.0,0
6653,7720,0.15631432456432448,0.0275,5.684157256884527,0.93,0.05,18.6,0
6654,7721,0.17385606060606051,0.05333333333333334,3.2598011363636346,0.96,0.07,13.714285714285712,0
6655,7724,0.1819613997113996,0.028333333333333335,6.4221670486376325,0.96,0.04,24.0,0
6656,7726,0.34668650793650796,0.025,13.867460317460317,1.0,0.03,33.333333333333336,0
6657,7727,0.1942265512265511,0.025,7.769062049062044,1.0,0.03,33.333333333333336,0
6658,7728,0.20654365079365072,0.05166666666666666,3.9976190476190467,0.97,0.07,13.857142857142856,0
6659,7729,0.12420815295815288,0.028333333333333335,4.383817163228925,0.88,0.05,17.599999999999998,0
6660,7730,0.15048593073593058,0.035,4.299598021026588,0.88,0.04,22.0,0
6661,7732,0.1339907314907314,0.05666666666666667,2.364542320424672,0.93,0.08,11.625,0
6662,7733,0.16251659451659436,0.035,4.643331271902696,1.0,0.04,25.0,0
6663,7734,0.16405169830169813,0.03,5.468389943389938,0.93,0.04,23.25,0
6664,7735,0.1256762681762681,0.06,2.094604469604468,0.92,0.08,11.5,0
6665,7736,0.1577454906204905,0.037000000000000005,4.263391638391635,0.97,0.07,13.857142857142856,0
6666,7737,0.1851360028860028,0.05,3.7027200577200556,0.99,0.06,16.5,0
6667,7738,0.1973896103896103,0.015,13.159307359307354,1.0,0.02,50.0,0
6668,7740,0.15363492063492049,0.015,10.242328042328033,0.99,0.02,49.5,0
6669,7741,0.17534235209235213,0.03,5.844745069745072,0.98,0.03,32.666666666666664,0
6670,7742,0.1731984126984126,0.04,4.329960317460315,0.99,0.05,19.799999999999997,0
6671,7743,0.16879401154401147,0.015,11.252934102934098,1.0,0.02,50.0,0
6672,7744,0.18665548340548327,0.02,9.332774170274163,0.99,0.02,49.5,0
6673,7745,0.21396969696969687,0.04,5.349242424242422,0.99,0.04,24.75,0
6674,7747,0.20167496392496387,0.015,13.444997594997592,1.0,0.02,50.0,0
6675,7750,0.16114718614718612,0.005,32.229437229437224,0.98,0.01,98.0,0
6676,7751,0.16652056277056274,0.017,9.795327221797807,0.99,0.03,33.0,0
6677,7752,0.1726036463536463,0.055,3.1382481155208417,0.98,0.07,13.999999999999998,0
6678,7753,0.17942435342435334,0.037000000000000005,4.8493068493068465,1.0,0.06,16.666666666666668,0
6679,7754,0.17681360306360305,0.04,4.420340076590076,0.99,0.06,16.5,0
6680,7755,0.17061580086580075,0.02,8.530790043290038,1.0,0.02,50.0,0
6681,7756,0.16920707070707067,0.05,3.3841414141414132,0.98,0.06,16.333333333333332,0
6682,7757,0.21312806637806633,0.0125,17.050245310245305,0.99,0.02,49.5,0
6683,7758,0.16487409812409803,0.035,4.710688517831372,0.95,0.06,15.833333333333334,0
6684,7759,0.1691955266955265,0.01,16.91955266955265,0.99,0.01,99.0,0
6685,7760,0.16487409812409803,0.014999999999999998,10.991606541606536,0.95,0.04,23.75,0
6686,7761,0.16487409812409803,0.014999999999999998,10.991606541606536,0.95,0.04,23.75,0
6687,7762,0.16487409812409803,0.045,3.6638688472021785,0.95,0.07,13.57142857142857,0
6688,7763,0.2127983405483405,0.025,8.511933621933618,0.95,0.04,23.75,0
6689,7765,0.1432172133422133,0.030333333333333337,4.721446593699339,0.95,0.06,15.833333333333334,0
6690,7766,0.16959992784992772,0.015,11.306661856661849,0.98,0.02,49.0,0
6691,7767,0.161410173160173,0.0225,7.173785473785467,0.97,0.04,24.25,0
6692,7768,0.1704954212454211,0.0325,5.246012961397573,0.99,0.04,24.75,0
6693,7769,0.17111544011543994,0.01,17.111544011543995,1.0,0.01,100.0,0
6694,7770,0.19780591630591626,0.02333333333333333,8.477396413110698,0.99,0.03,33.0,0
6695,7771,0.2483134920634919,0.035,7.094671201814053,0.99,0.04,24.75,0
6696,7772,0.14919913419913408,0.0,,0.99,0.0,,0
6697,7773,0.1881231268731268,0.03833333333333333,4.907559831472874,0.99,0.05,19.799999999999997,0
6698,7774,0.18582081807081793,0.0,,0.99,0.0,,0
6699,7775,0.20576298701298693,0.045,4.572510822510821,0.98,0.05,19.599999999999998,0
6700,7777,0.1881231268731268,0.028333333333333335,6.63963977199271,0.99,0.04,24.75,0
6701,7778,0.24746836496836494,0.015,16.497890997890998,0.99,0.02,49.5,0
6702,7779,0.17311663336663333,0.035,4.9461895247609515,0.99,0.05,19.799999999999997,0
6703,7780,0.15662215562215548,0.025,6.264886224886219,0.95,0.03,31.666666666666668,0
6704,7781,0.1709882062382061,0.005,34.19764124764122,0.99,0.01,99.0,0
6705,7782,0.1709882062382061,0.025,6.839528249528244,0.99,0.03,33.0,0
6706,7783,0.1709882062382061,0.025,6.839528249528244,0.99,0.03,33.0,0
6707,7788,0.25760689310689305,0.01,25.760689310689305,0.98,0.01,98.0,0
6708,7789,0.1692792207792207,0.03,5.64264069264069,0.98,0.04,24.5,0
6709,7790,0.21221536796536783,0.025,8.488614718614713,0.99,0.03,33.0,0
6710,7791,0.1697186147186146,0.01,16.97186147186146,0.99,0.01,99.0,0
6711,7792,0.16021933621933612,0.03833333333333333,4.179634857895725,0.98,0.05,19.599999999999998,0
6712,7795,0.32109163059163054,0.035,9.1740465883323,1.0,0.04,25.0,0
6713,7796,0.23117868242868225,0.04333333333333333,5.334892671431129,1.0,0.06,16.666666666666668,0
6714,7797,0.14959271284271272,0.03333333333333333,4.487781385281382,0.99,0.05,19.799999999999997,0
6715,7799,0.2926872294372294,0.045,6.504160654160654,1.0,0.05,20.0,0
6716,7800,0.1340365467865467,0.03,4.46788489288489,0.93,0.03,31.000000000000004,0
6717,7801,0.1340365467865467,0.0325,4.124201439586052,0.93,0.04,23.25,0
6718,7802,0.1340365467865467,0.0225,5.957179857179853,0.93,0.03,31.000000000000004,0
6719,7803,0.16392110667110657,0.003333333333333333,49.17633200133197,0.93,0.01,93.0,0
6720,7804,0.1340365467865467,0.0225,5.957179857179853,0.93,0.03,31.000000000000004,0
6721,7805,0.1340365467865467,0.0025,53.61461871461868,0.93,0.01,93.0,0
6722,7806,0.1917388167388167,0.02083333333333333,9.203463203463205,1.0,0.04,25.0,0
6723,7808,0.21825865800865799,0.028333333333333332,7.703246753246753,0.99,0.05,19.799999999999997,0
6724,7809,0.21463863913863906,0.035,6.1325325468182585,1.0,0.04,25.0,0
6725,7810,0.21546212121212108,0.03,7.182070707070703,0.98,0.03,32.666666666666664,0
6726,7812,0.1900566378066377,0.05,3.8011327561327537,0.97,0.05,19.4,0
6727,7813,0.27796464646464636,0.0,,1.0,0.0,,0
6728,7814,0.14444264069264057,0.02083333333333333,6.933246753246749,0.97,0.04,24.25,0
6729,7815,0.141590909090909,0.01,14.1590909090909,0.97,0.01,97.0,0
6730,7818,0.1801595626595626,0.035,5.147416075987502,0.98,0.04,24.5,0
6731,7819,0.27903210678210666,0.023333333333333334,11.958518862090285,1.0,0.03,33.333333333333336,0
6732,7821,0.18780663780663773,0.06033333333333333,3.11281720121499,1.0,0.08,12.5,0
6733,7822,0.18780663780663773,0.010333333333333332,18.174835916771396,1.0,0.03,33.333333333333336,0
6734,7826,0.08166854387442622,0.056666666666666664,1.4412095977839923,0.63,0.09,7.0,0
6735,7827,0.08166854387442622,0.06333333333333332,1.2895033243330458,0.63,0.09,7.0,0
6736,7828,0.08166854387442622,0.04666666666666666,1.750040225880562,0.63,0.08,7.875,0
6737,7829,0.22843759018759005,0.04,5.710939754689751,0.99,0.04,24.75,0
6738,7830,0.5,0.05,10.0,1.0,0.06,16.666666666666668,0
6739,7831,0.32772666222666225,0.028333333333333332,11.566823372705727,0.99,0.04,24.75,0
6740,7832,0.5,0.03,16.666666666666668,1.0,0.04,25.0,0
6741,7833,0.20362179487179474,0.035,5.817765567765563,0.97,0.05,19.4,0
6742,7834,0.5,0.01,50.0,1.0,0.02,50.0,0
6743,7835,0.2420515873015873,0.055,4.4009379509379505,1.0,0.06,16.666666666666668,0
6744,7836,0.5,0.04,12.5,1.0,0.05,20.0,0
6745,7837,0.34106060606060595,0.035,9.744588744588741,1.0,0.04,25.0,0
6746,7839,0.2195602453102452,0.03833333333333334,5.727658573310744,0.98,0.05,19.599999999999998,0
6747,7840,0.14393012543012532,0.0,,0.97,0.0,,0
6748,7841,0.1744213564213563,0.010833333333333332,16.100432900432892,1.0,0.03,33.333333333333336,0
6749,7842,0.35211544011544016,0.05,7.042308802308803,1.0,0.07,14.285714285714285,0
6750,7843,0.34462373737373736,0.03,11.487457912457913,0.98,0.03,32.666666666666664,0
6751,7844,0.5,0.045,11.11111111111111,1.0,0.06,16.666666666666668,0
6752,7845,0.3222748917748918,0.03,10.742496392496395,1.0,0.04,25.0,0
6753,7848,0.5,0.025,20.0,1.0,0.04,25.0,0
6754,7849,0.16871248196248192,0.02,8.435624098124096,0.99,0.03,33.0,0
6755,7850,0.16871248196248192,0.03,5.623749398749398,0.99,0.04,24.75,0
6756,7851,0.16871248196248192,0.03,5.623749398749398,0.99,0.04,24.75,0
6757,7852,0.16871248196248192,0.03,5.623749398749398,0.99,0.04,24.75,0
6758,7853,0.1578182928182927,0.035,4.509094080522648,0.97,0.05,19.4,0
6759,7854,0.1899560994560993,0.025,7.598243978243971,0.99,0.03,33.0,0
6760,7855,0.24986976911976902,0.01,24.986976911976903,0.99,0.01,99.0,0
6761,7856,0.1790966810966811,0.02,8.954834054834054,1.0,0.02,50.0,0
6762,7857,0.23773784548784538,0.02,11.886892274392268,0.99,0.02,49.5,0
6763,7860,0.3028571428571428,0.04,7.57142857142857,0.97,0.04,24.25,0
6764,7861,0.16976262626262617,0.05,3.3952525252525234,0.98,0.06,16.333333333333332,0
6765,7862,0.20923051948051946,0.0225,9.2991341991342,0.99,0.03,33.0,0
6766,7863,0.17767868242868232,0.065,2.733518191210497,1.0,0.09,11.11111111111111,0
6767,7864,0.18518265068265052,0.028333333333333335,6.535858259387665,1.0,0.04,25.0,0
6768,7865,0.1848492063492062,0.04333333333333333,4.265750915750913,1.0,0.05,20.0,0
6769,7866,0.17119696969696968,0.04833333333333334,3.5420062695924757,0.99,0.06,16.5,0
6770,7867,0.16605735930735924,0.03166666666666666,5.243916609706082,0.99,0.05,19.799999999999997,0
6771,7868,0.16605735930735924,0.04166666666666667,3.9853766233766215,0.99,0.06,16.5,0
6772,7869,0.18415620490620482,0.02333333333333333,7.892408781694494,0.99,0.03,33.0,0
6773,7870,0.16605735930735924,0.04166666666666666,3.9853766233766224,0.99,0.06,16.5,0
6774,7871,0.2100562770562771,0.02,10.502813852813855,0.99,0.03,33.0,0
6775,7873,0.19375036075036067,0.01,19.375036075036068,0.99,0.01,99.0,0
6776,7874,0.32572222222222225,0.02,16.28611111111111,1.0,0.02,50.0,0
6777,7875,0.179994769119769,0.015,11.999651274651267,0.97,0.02,48.5,0
6778,7877,0.1840598845598844,0.045,4.09021965688632,1.0,0.05,20.0,0
6779,7878,0.1825400432900432,0.008333333333333333,21.904805194805185,0.98,0.02,49.0,0
6780,7879,0.23857611832611825,0.015,15.90507455507455,0.98,0.02,49.0,0
6781,7881,0.13983993783993778,0.015,9.322662522662519,1.0,0.02,50.0,0
6782,7882,0.2435162337662337,0.03333333333333333,7.305487012987011,0.98,0.04,24.5,0
6783,7883,0.18605627705627692,0.0275,6.765682802046434,0.98,0.05,19.599999999999998,0
6784,7884,0.16446572871572862,0.02333333333333333,7.048531230674085,0.99,0.03,33.0,0
6785,7885,0.2055205627705627,0.0325,6.323709623709621,0.99,0.04,24.75,0
6786,7886,0.16388780663780664,0.035,4.682508761080189,0.97,0.04,24.25,0
6787,7887,0.16388780663780664,0.035,4.682508761080189,0.97,0.04,24.25,0
6788,7888,0.16388780663780664,0.045,3.6419512586179255,0.97,0.05,19.4,0
6789,7889,0.16388780663780664,0.035,4.682508761080189,0.97,0.04,24.25,0
6790,7890,0.21095238095238095,0.01,21.095238095238095,0.97,0.01,97.0,0
6791,7891,0.1475943362193361,0.056666666666666664,2.604605933282402,0.99,0.08,12.375,0
6792,7892,0.1475943362193361,0.03666666666666667,4.025300078709166,0.99,0.06,16.5,0
6793,7893,0.15306655844155828,0.028333333333333335,5.402349121466762,0.99,0.04,24.75,0
6794,7894,0.1475943362193361,0.026666666666666665,5.534787608225104,0.99,0.05,19.799999999999997,0
6795,7899,0.34199242424242426,0.01,34.19924242424243,0.99,0.01,99.0,0
6796,7900,0.1783968253968253,0.045,3.964373897707229,0.99,0.05,19.799999999999997,0
6797,7901,0.17791468253968243,0.03333333333333333,5.337440476190473,1.0,0.04,25.0,0
6798,7902,0.16298088023088014,0.02,8.149044011544007,1.0,0.02,50.0,0
6799,7903,0.334786075036075,0.03,11.159535834535834,0.96,0.04,24.0,0
6800,7904,0.1796075036075035,0.027000000000000003,6.652129763240869,0.97,0.04,24.25,0
6801,7905,0.16226334776334767,0.028333333333333335,5.726941685765211,0.98,0.04,24.5,0
6802,7906,0.19045707070707066,0.015,12.697138047138044,0.99,0.02,49.5,0
6803,7907,0.19350432900432893,0.023333333333333334,8.293042671614096,1.0,0.03,33.333333333333336,0
6804,7908,0.2030753968253968,0.015,13.538359788359786,0.98,0.02,49.0,0
6805,7909,0.16221500721500712,0.017,9.542059247941594,0.99,0.03,33.0,0
6806,7910,0.21354401154401148,0.045,4.745422478755811,0.97,0.05,19.4,0
6807,7911,0.18415620490620482,0.02333333333333333,7.892408781694494,0.99,0.03,33.0,0
6808,7912,0.2385714285714284,0.005,47.71428571428568,0.99,0.01,99.0,0
6809,7913,0.2980198412698412,0.008333333333333333,35.762380952380944,1.0,0.02,50.0,0
6810,7914,0.2090555555555554,0.03333333333333333,6.271666666666662,0.99,0.05,19.799999999999997,0
6811,7915,0.1582060994560993,0.04833333333333334,3.2732296439192954,0.98,0.06,16.333333333333332,0
6812,7916,0.17188762626262613,0.05833333333333333,2.9466450216450197,0.97,0.07,13.857142857142856,0
6813,7919,0.13977157564657558,0.03833333333333334,3.6462150168671887,0.95,0.05,18.999999999999996,0
6814,7920,0.13971608946608935,0.03333333333333333,4.191482683982681,0.98,0.05,19.599999999999998,0
6815,7921,0.16937348762348747,0.025,6.774939504939499,0.98,0.03,32.666666666666664,0
6816,7922,0.16368073593073584,0.035,4.676592455163881,0.98,0.06,16.333333333333332,0
6817,7923,0.16368073593073584,0.065,2.518165168165167,0.98,0.09,10.88888888888889,0
6818,7924,0.20215873015873,0.0,,0.98,0.0,,0
6819,7925,0.16368073593073584,0.025,6.547229437229434,0.98,0.05,19.599999999999998,0
6820,7927,0.20753113553113545,0.05,4.1506227106227085,0.98,0.05,19.599999999999998,0
6821,7928,0.1787027417027416,0.021666666666666664,8.247818847818845,0.99,0.04,24.75,0
6822,7929,0.34747222222222207,0.01,34.747222222222206,0.98,0.01,98.0,0
6823,7930,0.5,0.02,25.0,1.0,0.04,25.0,0
6824,7931,0.3682503607503607,0.075,4.91000481000481,0.99,0.09,11.0,0
6825,7932,0.33530303030303016,0.067,5.004522840343734,0.99,0.1,9.899999999999999,0
6826,7933,0.33835364635364634,0.01,33.835364635364634,0.99,0.01,99.0,0
6827,7934,0.5,0.04,12.5,1.0,0.06,16.666666666666668,0
6828,7935,0.5,0.04,12.5,1.0,0.06,16.666666666666668,0
6829,7937,0.1678030303030303,0.03333333333333333,5.034090909090908,0.99,0.05,19.799999999999997,0
6830,7938,0.1600292207792207,0.04,4.000730519480517,0.99,0.06,16.5,0
6831,7939,0.1678030303030303,0.07333333333333333,2.2882231404958677,0.99,0.09,11.0,0
6832,7940,0.1678030303030303,0.02333333333333333,7.191558441558442,0.99,0.04,24.75,0
6833,7941,0.1678030303030303,0.028333333333333332,5.922459893048128,0.99,0.04,24.75,0
6834,7942,0.1678030303030303,0.04333333333333333,3.8723776223776225,0.99,0.06,16.5,0
6835,7944,0.18414098401598392,0.0225,8.18404373404373,0.96,0.04,24.0,0
6836,7945,0.22775865800865794,0.03666666666666667,6.211599763872489,1.0,0.06,16.666666666666668,0
6837,7946,0.22166749916749906,0.05583333333333334,3.9701641641940126,1.0,0.07,14.285714285714285,0
6838,7948,0.185494227994228,0.023333333333333334,7.949752628324056,0.97,0.05,19.4,0
6839,7949,0.16712853812853803,0.03333333333333333,5.013856143856141,0.97,0.06,16.166666666666668,0
6840,7950,0.16712853812853803,0.03333333333333333,5.013856143856141,0.97,0.06,16.166666666666668,0
6841,7952,0.16865909090909073,0.03833333333333334,4.3998023715414964,1.0,0.05,20.0,0
6842,7953,0.1998906926406925,0.04833333333333333,4.135669502910879,1.0,0.08,12.5,0
6843,7954,0.18448171273171274,0.05833333333333333,3.1625436468293615,1.0,0.09,11.11111111111111,0
6844,7955,0.18448171273171274,0.028333333333333332,6.511119272883979,1.0,0.06,16.666666666666668,0
6845,7956,0.18448171273171274,0.04833333333333333,3.8168630220354363,1.0,0.08,12.5,0
6846,7957,0.5,0.035,14.285714285714285,1.0,0.04,25.0,0
6847,7959,0.18155555555555541,0.01,18.15555555555554,1.0,0.02,50.0,0
6848,7960,0.18155555555555541,0.06,3.025925925925924,1.0,0.07,14.285714285714285,0
6849,7961,0.23373063048063042,0.02,11.68653152403152,1.0,0.02,50.0,0
6850,7964,0.20867893217893208,0.0,,0.99,0.0,,0
6851,7965,0.2677222222222221,0.03,8.92407407407407,0.98,0.04,24.5,0
6852,7966,0.14226875901875888,0.018333333333333333,7.760114128295939,0.95,0.03,31.666666666666668,0
6853,7967,0.14683116883116867,0.01,14.683116883116867,0.99,0.01,99.0,0
6854,7968,0.15587012987012983,0.03,5.195670995670994,0.98,0.04,24.5,0
6855,7969,0.14445093795093789,0.015,9.630062530062526,0.96,0.02,48.0,0
6856,7970,0.14226875901875888,0.018333333333333333,7.760114128295939,0.95,0.03,31.666666666666668,0
6857,7972,0.0,0.03,0.0,0.0,0.04,0.0,0
6858,7973,0.0,0.03,0.0,0.0,0.04,0.0,0
6859,7974,0.19255205905205897,0.035,5.501487401487399,0.99,0.05,19.799999999999997,0
6860,7975,0.19255205905205897,0.045,4.278934645601311,0.99,0.06,16.5,0
6861,7976,0.19255205905205897,0.02,9.627602952602949,0.99,0.03,33.0,0
6862,7978,0.18841810966810957,0.015,12.561207311207305,0.98,0.02,49.0,0
6863,7979,0.2479011544011543,0.01,24.79011544011543,0.98,0.01,98.0,0
6864,7980,0.19177020202020192,0.03333333333333333,5.753106060606058,1.0,0.04,25.0,0
6865,7981,0.0,0.02,0.0,0.0,0.03,0.0,0
6866,7982,0.0,0.025,0.0,0.0,0.03,0.0,0
6867,7985,0.5,0.032,15.625,1.0,0.05,20.0,0
6868,7986,0.1395413475413474,0.016666666666666666,8.372480852480845,0.94,0.04,23.499999999999996,0
6869,7991,0.3208820346320346,0.015,21.39213564213564,1.0,0.02,50.0,0
6870,7992,0.22769949494949493,0.01,22.769949494949493,1.0,0.01,100.0,0
6871,7993,0.34719780219780216,0.045,7.715506715506715,1.0,0.05,20.0,0
6872,7994,0.24013528138528137,0.045,5.336339586339586,1.0,0.05,20.0,0
6873,7995,0.16504448329448318,0.03333333333333333,4.951334498834496,0.98,0.05,19.599999999999998,0
6874,7996,0.20994480519480505,0.028333333333333332,7.409816653934296,0.98,0.04,24.5,0
6875,7998,0.16294336219336217,0.028333333333333335,5.7509421950598405,0.94,0.04,23.499999999999996,0
6876,7999,0.16294336219336217,0.008333333333333333,19.55320346320346,0.94,0.02,46.99999999999999,0
6877,8000,0.16294336219336217,0.028333333333333335,5.7509421950598405,0.94,0.04,23.499999999999996,0
6878,8001,0.16294336219336217,0.03833333333333334,4.25069640504423,0.94,0.05,18.799999999999997,0
6879,8002,0.21081385281385281,0.015,14.054256854256854,0.94,0.02,46.99999999999999,0
6880,8005,0.1633059163059162,0.035,4.6658833230261765,1.0,0.04,25.0,0
6881,8006,0.09766988566988564,0.05666666666666667,1.723586217703864,0.88,0.08,11.0,0
6882,8007,0.1108874458874458,0.032,3.465232683982681,0.88,0.04,22.0,0
6883,8009,0.1919131701631701,0.04583333333333334,4.187196439923711,0.98,0.07,13.999999999999998,0
6884,8010,0.1780385725385725,0.018333333333333333,9.711194865740318,0.98,0.04,24.5,0
6885,8011,0.1919131701631701,0.04583333333333333,4.187196439923712,0.98,0.07,13.999999999999998,0
6886,8012,0.20928968253968244,0.03333333333333333,6.278690476190473,1.0,0.04,25.0,0
6887,8013,0.1919131701631701,0.01583333333333333,12.120831799779166,0.98,0.04,24.5,0
6888,8014,0.0,0.02,0.0,0.0,0.03,0.0,0
6889,8015,0.0,0.025,0.0,0.0,0.03,0.0,0
6890,8019,0.14861147186147178,0.028333333333333332,5.245110771581357,0.96,0.04,24.0,0
6891,8020,0.08936129148629149,0.05,1.7872258297258297,0.74,0.06,12.333333333333334,0
6892,8021,0.10350876900876899,0.03,3.4502923002922996,0.74,0.04,18.5,0
6893,8023,0.1609372294372294,0.04,4.023430735930735,0.97,0.06,16.166666666666668,0
6894,8024,0.27833838383838383,0.025,11.133535353535352,0.98,0.03,32.666666666666664,0
6895,8025,0.14848917748917737,0.04,3.712229437229434,0.99,0.04,24.75,0
6896,8027,0.13211988011988002,0.0125,10.5695904095904,0.87,0.02,43.5,0
6897,8028,0.16085894660894656,0.003333333333333333,48.25768398268397,0.87,0.01,87.0,0
6898,8033,0.28329834054834047,0.0425,6.665843307019776,0.99,0.06,16.5,0
6899,8035,0.1533205683205682,0.03333333333333333,4.599617049617046,1.0,0.05,20.0,0
6900,8036,0.16249542124542113,0.015,10.833028083028076,1.0,0.02,50.0,0
6901,8037,0.2820840548340547,0.013333333333333332,21.156304112554103,0.99,0.02,49.5,0
6902,8038,0.1706078643578643,0.03,5.6869288119288095,0.99,0.04,24.75,0
6903,8040,0.16964668664668658,0.04,4.241167166167164,0.98,0.05,19.599999999999998,0
6904,8041,0.159812049062049,0.03333333333333333,4.794361471861469,0.99,0.05,19.799999999999997,0
6905,8042,0.21656385281385268,0.02,10.828192640692635,0.98,0.02,49.0,0
6906,8043,0.19601623376623364,0.005,39.20324675324673,0.98,0.01,98.0,0
6907,8044,0.24344047619047604,0.03,8.114682539682535,0.99,0.04,24.75,0
6908,8045,0.15425912975912964,0.025,6.170365190365185,0.95,0.03,31.666666666666668,0
6909,8046,0.14008189033189022,0.005,28.016378066378046,0.99,0.01,99.0,0
6910,8047,0.14449650349650334,0.03833333333333333,3.769474004256609,1.0,0.05,20.0,0
6911,8048,0.13938708513708506,0.0,,0.94,0.0,,0
6912,8049,0.173897186147186,0.018333333333333333,9.485301062573782,0.98,0.03,32.666666666666664,0
6913,8050,0.18352572427572422,0.025,7.341028971028969,1.0,0.03,33.333333333333336,0
6914,8051,0.18541702741702726,0.01,18.541702741702725,0.99,0.01,99.0,0
6915,8052,0.173897186147186,0.018333333333333333,9.485301062573782,0.98,0.03,32.666666666666664,0
6916,8053,0.14857251082251072,0.01,14.857251082251071,0.97,0.01,97.0,0
6917,8054,0.16613131313131305,0.018333333333333333,9.06170798898071,0.98,0.04,24.5,0
6918,8055,0.21922763347763335,0.04,5.480690836940834,0.97,0.06,16.166666666666668,0
6919,8056,0.21922763347763335,0.05,4.384552669552667,0.97,0.07,13.857142857142856,0
6920,8057,0.21922763347763335,0.02,10.961381673881668,0.97,0.04,24.25,0
6921,8058,0.36240811965811964,0.02,18.120405982905982,1.0,0.02,50.0,0
6922,8060,0.16387914862914857,0.035,4.682261389404244,0.98,0.04,24.5,0
6923,8061,0.2943650793650794,0.01,29.436507936507937,0.99,0.02,49.5,0
6924,8062,0.1798778166278165,0.035,5.139366189366185,0.97,0.05,19.4,0
6925,8063,0.16616280941280925,0.055,3.0211419893238047,0.98,0.08,12.25,0
6926,8064,0.1798778166278165,0.015,11.991854441854432,0.97,0.03,32.333333333333336,0
6927,8065,0.1798778166278165,0.035,5.139366189366185,0.97,0.05,19.4,0
6928,8066,0.43265512265512274,0.02,21.632756132756136,1.0,0.02,50.0,0
6929,8068,0.31852417027417024,0.035,9.100690579262006,1.0,0.05,20.0,0
6930,8069,0.15021933621933614,0.025,6.008773448773446,0.98,0.03,32.666666666666664,0
6931,8070,0.1598109668109667,0.025,6.392438672438668,0.99,0.05,19.799999999999997,0
6932,8071,0.1598109668109667,0.035,4.566027623170477,0.99,0.06,16.5,0
6933,8072,0.1598109668109667,0.035,4.566027623170477,0.99,0.06,16.5,0
6934,8073,0.20777849927849926,0.01,20.777849927849925,1.0,0.01,100.0,0
6935,8074,0.0,0.028333333333333332,0.0,0.0,0.05,0.0,0
6936,8075,0.0,0.025,0.0,0.0,0.04,0.0,0
6937,8076,0.0,0.035,0.0,0.0,0.04,0.0,0
6938,8077,0.16602398989898987,0.014166666666666668,11.719340463458106,0.97,0.04,24.25,0
6939,8079,0.15959956709956694,0.015333333333333332,10.408667419536975,0.97,0.03,32.333333333333336,0
6940,8080,0.1944763014763014,0.05,3.889526029526028,0.99,0.06,16.5,0
6941,8081,0.1944763014763014,0.04333333333333333,4.48791464945311,0.99,0.06,16.5,0
6942,8083,0.2594289321789321,0.025,10.377157287157283,0.99,0.03,33.0,0
6943,8084,0.1609372294372294,0.025,6.437489177489176,0.97,0.05,19.4,0
6944,8085,0.18237806637806636,0.0,,0.99,0.0,,0
6945,8086,0.1609372294372294,0.035,4.598206555349411,0.97,0.06,16.166666666666668,0
6946,8087,0.1609372294372294,0.035,4.598206555349411,0.97,0.06,16.166666666666668,0
6947,8088,0.09978282828282829,0.045,2.217396184062851,0.56,0.06,9.333333333333334,0
6948,8089,0.08270815295815297,0.03166666666666666,2.6118364092048307,0.56,0.06,9.333333333333334,0
6949,8090,0.25550829725829716,0.032,7.984634289321786,1.0,0.05,20.0,0
6950,8091,0.5,0.04,12.5,1.0,0.06,16.666666666666668,0
6951,8092,0.30189754689754683,0.05833333333333334,5.175386518243659,1.0,0.07,14.285714285714285,0
6952,8093,0.5,0.055,9.090909090909092,1.0,0.08,12.5,0
6953,8094,0.1812040459540459,0.02283333333333333,7.9359436184253696,0.96,0.05,19.2,0
6954,8095,0.5,0.055,9.090909090909092,1.0,0.08,12.5,0
6955,8096,0.5,0.035,14.285714285714285,1.0,0.06,16.666666666666668,0
6956,8097,0.15170992895992888,0.01,15.170992895992887,0.95,0.01,95.0,0
6957,8098,0.5,0.005,100.0,1.0,0.01,100.0,0
6958,8099,0.5,0.005,100.0,1.0,0.01,100.0,0
6959,8100,0.5,0.015,33.333333333333336,1.0,0.02,50.0,0
6960,8101,0.5,0.015,33.333333333333336,1.0,0.02,50.0,0
6961,8102,0.5,0.055,9.090909090909092,1.0,0.06,16.666666666666668,0
6962,8103,0.5,0.025,20.0,1.0,0.03,33.333333333333336,0
6963,8104,0.5,0.065,7.692307692307692,1.0,0.07,14.285714285714285,0
6964,8105,0.5,0.015,33.333333333333336,1.0,0.02,50.0,0
6965,8106,0.5,0.025,20.0,1.0,0.03,33.333333333333336,0
6966,8107,0.1512344877344876,0.02,7.56172438672438,0.96,0.02,48.0,0
6967,8108,0.5,0.035,14.285714285714285,1.0,0.04,25.0,0
6968,8109,0.5,0.055,9.090909090909092,1.0,0.06,16.666666666666668,0
6969,8110,0.5,0.005,100.0,1.0,0.01,100.0,0
6970,8111,0.321540404040404,0.018333333333333333,17.538567493112946,0.98,0.03,32.666666666666664,0
6971,8112,0.338698162948163,0.003333333333333333,101.60944888444891,0.95,0.01,95.0,0
6972,8114,0.5,0.025,20.0,1.0,0.03,33.333333333333336,0
6973,8115,0.5,0.035,14.285714285714285,1.0,0.04,25.0,0
6974,8118,0.15662889887889875,0.03,5.2209632959632915,1.0,0.05,20.0,0
6975,8119,0.15662889887889875,0.03,5.2209632959632915,1.0,0.05,20.0,0
6976,8120,0.15662889887889875,0.02,7.831444943944938,1.0,0.04,25.0,0
6977,8121,0.19596042846042838,0.04,4.8990107115107095,1.0,0.04,25.0,0
6978,8122,0.322515873015873,0.0,,1.0,0.0,,0
6979,8124,0.285790404040404,0.025833333333333333,11.062854349951124,0.99,0.04,24.75,0
6980,8126,0.182388639138639,0.025,7.29554556554556,1.0,0.04,25.0,0
6981,8128,0.2586785714285713,0.005,51.73571428571426,1.0,0.01,100.0,0
6982,8130,0.20633080808080795,0.028333333333333335,7.28226381461675,0.99,0.04,24.75,0
6983,8131,0.16650252525252518,0.03833333333333334,4.343544137022396,0.97,0.05,19.4,0
6984,8132,0.23983080808080795,0.01,23.983080808080796,1.0,0.02,50.0,0
6985,8133,0.16522330447330438,0.05083333333333334,3.2502945142289383,0.96,0.09,10.666666666666666,0
6986,8134,0.1939920634920634,0.01,19.39920634920634,0.93,0.01,93.0,0
6987,8135,0.15407464757464748,0.045,3.4238810572143885,0.93,0.05,18.6,0
6988,8136,0.15407464757464748,0.025,6.162985902985898,0.93,0.03,31.000000000000004,0
6989,8137,0.15407464757464748,0.015,10.271643171643166,0.93,0.02,46.5,0
6990,8138,0.15407464757464748,0.025,6.162985902985898,0.93,0.03,31.000000000000004,0
6991,8139,0.33282575757575755,0.03,11.09419191919192,0.99,0.03,33.0,0
6992,8140,0.16295321345321334,0.028333333333333335,5.751289886584,0.94,0.04,23.499999999999996,0
6993,8141,0.2103816738816738,0.015,14.025444925444921,0.94,0.02,46.99999999999999,0
6994,8142,0.16295321345321334,0.023333333333333334,6.983709147994857,0.94,0.03,31.333333333333332,0
6995,8144,0.16295321345321334,0.028333333333333335,5.751289886584,0.94,0.04,23.499999999999996,0
6996,8145,0.15418156843156836,0.0225,6.852514152514149,0.96,0.04,24.0,0
6997,8146,0.15871980796980786,0.035,4.534851656280225,0.94,0.05,18.799999999999997,0
6998,8147,0.14252608502608496,0.013333333333333332,10.689456376956374,0.94,0.03,31.333333333333332,0
6999,8148,0.17599386724386723,0.025,7.039754689754689,0.94,0.03,31.333333333333332,0
7000,8149,0.2007503607503606,0.055,3.6500065590974655,0.99,0.07,14.14285714285714,0
7001,8150,0.1190063547563547,0.030333333333333334,3.9232864205391658,0.89,0.05,17.8,0
7002,8152,0.17306168831168814,0.04,4.326542207792204,1.0,0.04,25.0,0
7003,8153,0.20211183261183252,0.020833333333333336,9.70136796536796,1.0,0.04,25.0,0
7004,8155,0.15237590187590178,0.003333333333333333,45.71277056277054,0.97,0.01,97.0,0
7005,8156,0.14689116439116431,0.02,7.344558219558215,0.99,0.02,49.5,0
7006,8157,0.16214368964368958,0.05833333333333334,2.779606108177535,0.96,0.07,13.714285714285712,0
7007,8158,0.15237590187590178,0.02333333333333333,6.530395794681505,0.97,0.03,32.333333333333336,0
7008,8159,0.15237590187590178,0.02333333333333333,6.530395794681505,0.97,0.03,32.333333333333336,0
7009,8161,0.19539718614718604,0.03666666666666667,5.329014167650528,0.99,0.07,14.14285714285714,0
7010,8162,0.1546879509379508,0.025,6.187518037518031,1.0,0.03,33.333333333333336,0
7011,8163,0.26192135642135633,0.05,5.238427128427126,0.99,0.06,16.5,0
7012,8165,0.17612878787878775,0.01,17.612878787878774,1.0,0.02,50.0,0
7013,8166,0.1686472971472971,0.05333333333333333,3.1621368215118206,1.0,0.07,14.285714285714285,0
7014,8167,0.1686472971472971,0.03333333333333333,5.059418914418913,1.0,0.05,20.0,0
7015,8168,0.24844444444444444,0.0225,11.041975308641975,0.99,0.03,33.0,0
7016,8169,0.20028048340548324,0.02333333333333333,8.583449288806426,1.0,0.03,33.333333333333336,0
7017,8170,0.14554845154845142,0.006999999999999999,20.792635935493063,0.98,0.02,49.0,0
7018,8171,0.14541713841713827,0.0,,0.96,0.0,,0
7019,8172,0.14554845154845142,0.027000000000000003,5.390683390683385,0.98,0.04,24.5,0
7020,8173,0.14800072150072138,0.02,7.400036075036069,1.0,0.02,50.0,0
7021,8174,0.1770955988455987,0.0125,14.167647907647895,0.98,0.02,49.0,0
7022,8175,0.18132178932178922,0.06,3.0220298220298205,1.0,0.09,11.11111111111111,0
7023,8177,0.14528737928737923,0.028333333333333332,5.12778985720162,0.95,0.05,18.999999999999996,0
7024,8178,0.1806231268731268,0.035,5.160660767803622,0.95,0.04,23.75,0
7025,8179,0.14528737928737923,0.028333333333333332,5.12778985720162,0.95,0.05,18.999999999999996,0
7026,8180,0.14528737928737923,0.04833333333333333,3.00594577835957,0.95,0.07,13.57142857142857,0
7027,8181,0.14528737928737923,0.03833333333333333,3.7901055466272844,0.95,0.06,15.833333333333334,0
7028,8182,0.14528737928737923,0.03833333333333333,3.7901055466272844,0.95,0.06,15.833333333333334,0
7029,8183,0.14528737928737923,0.04833333333333333,3.00594577835957,0.95,0.07,13.57142857142857,0
7030,8184,0.14528737928737923,0.03833333333333333,3.7901055466272844,0.95,0.06,15.833333333333334,0
7031,8186,0.18660725385725374,0.0,,0.99,0.0,,0
7032,8187,0.1440870518370517,0.025,5.763482073482067,0.99,0.03,33.0,0
7033,8189,0.14690859140859133,0.01,14.690859140859134,0.94,0.01,93.99999999999999,0
7034,8190,0.14623520923520913,0.01,14.623520923520914,0.96,0.01,96.0,0
7035,8192,0.19780591630591626,0.02,9.890295815295813,0.97,0.03,32.333333333333336,0
7036,8193,0.16478282828282823,0.015,10.985521885521882,0.96,0.02,48.0,0
7037,8194,0.15760533910533903,0.03166666666666666,4.977010708589654,0.97,0.05,19.4,0
7038,8195,0.15760533910533903,0.03166666666666666,4.977010708589654,0.97,0.05,19.4,0
7039,8196,0.16510173160173147,0.01,16.510173160173146,1.0,0.02,50.0,0
7040,8197,0.16510173160173147,0.04,4.1275432900432865,1.0,0.05,20.0,0
7041,8198,0.20821103896103885,0.02,10.410551948051943,1.0,0.02,50.0,0
7042,8199,0.13890000277500267,0.015,9.260000185000179,0.96,0.02,48.0,0
7043,8202,0.1632544400044399,0.005,32.65088800088798,0.98,0.01,98.0,0
7044,8203,0.1632544400044399,0.005,32.65088800088798,0.98,0.01,98.0,0
7045,8204,0.20467568542568543,0.022000000000000002,9.303440246622063,0.99,0.03,33.0,0
7046,8205,0.1632544400044399,0.035,4.664412571555425,0.98,0.04,24.5,0
7047,8206,0.1632544400044399,0.035,4.664412571555425,0.98,0.04,24.5,0
7048,8209,0.30421500721500716,0.03,10.14050024050024,1.0,0.03,33.333333333333336,0
7049,8211,0.14373928848928835,0.01,14.373928848928834,0.99,0.01,99.0,0
7050,8212,0.2159924242424241,0.005,43.19848484848482,1.0,0.01,100.0,0
7051,8213,0.17989826839826822,0.0325,5.53533133533133,0.99,0.05,19.799999999999997,0
7052,8214,0.16209668109668096,0.03,5.403222703222699,0.97,0.04,24.25,0
7053,8215,0.15050407925407916,0.015,10.033605283605278,0.99,0.02,49.5,0
7054,8216,0.15050407925407916,0.045,3.3445350945350927,0.99,0.05,19.799999999999997,0
7055,8219,0.2538816738816738,0.03,8.46272246272246,0.98,0.03,32.666666666666664,0
7056,8221,0.1913629148629148,0.025,7.654516594516592,0.98,0.04,24.5,0
7057,8222,0.15006096681096662,0.045,3.334688151354814,0.99,0.05,19.799999999999997,0
7058,8224,0.20784235209235205,0.035,5.938352916924344,0.99,0.04,24.75,0
7059,8225,0.23471536796536788,0.05,4.694307359307357,1.0,0.06,16.666666666666668,0
7060,8226,0.18114466089466078,0.01,18.114466089466077,0.98,0.01,98.0,0
7061,8227,0.15860425685425678,0.04583333333333334,3.460456513183784,0.97,0.07,13.857142857142856,0
7062,8229,0.1435009018759018,0.03142857142857143,4.565937786960512,0.99,0.05,19.799999999999997,0
7063,8231,0.14924480095068318,0.035,4.264137170019519,0.97,0.05,19.4,0
7064,8232,0.14924480095068318,0.045,3.316551132237404,0.97,0.06,16.166666666666668,0
7065,8233,0.14924480095068318,0.045,3.316551132237404,0.97,0.06,16.166666666666668,0
7066,8235,0.14595032745032732,0.04,3.648758186258183,0.95,0.05,18.999999999999996,0
7067,8236,0.16006331168831156,0.02,8.003165584415578,0.99,0.03,33.0,0
7068,8237,0.20232178932178932,0.02,10.116089466089466,0.99,0.02,49.5,0
7069,8238,0.16209668109668096,0.03,5.403222703222699,0.97,0.04,24.25,0
7070,8241,0.143823593073593,0.025,5.752943722943719,0.99,0.03,33.0,0
7071,8242,0.16390440115440114,0.01,16.390440115440114,0.99,0.01,99.0,0
7072,8243,0.15160003885003875,0.035,4.331429681429678,0.97,0.04,24.25,0
7073,8244,0.16459704184704177,0.03,5.486568061568059,0.96,0.05,19.2,0
7074,8245,0.16459704184704177,0.06,2.7432840307840296,0.96,0.08,12.0,0
7075,8246,0.25295260295260297,0.0,,1.0,0.0,,0
7076,8248,0.1435009018759018,0.02142857142857143,6.696708754208751,0.99,0.04,24.75,0
7077,8249,0.17735822510822502,0.021666666666666664,8.185764235764232,0.99,0.03,33.0,0
7078,8251,0.14470170107670097,0.06333333333333334,2.2847637012110678,0.98,0.08,12.25,0
7079,8252,0.16737612387612388,0.025,6.695044955044955,0.98,0.04,24.5,0
7080,8253,0.16737612387612388,0.025,6.695044955044955,0.98,0.04,24.5,0
7081,8254,0.16737612387612388,0.035,4.782174967889254,0.98,0.05,19.599999999999998,0
7082,8255,0.16737612387612388,0.02,8.368806193806194,0.98,0.03,32.666666666666664,0
7083,8256,0.16737612387612388,0.035,4.782174967889254,0.98,0.05,19.599999999999998,0
7084,8260,0.1444815739815739,0.03833333333333333,3.7690845386497545,0.96,0.06,16.0,0
7085,8261,0.1444815739815739,0.03333333333333333,4.334447219447218,0.96,0.06,16.0,0
7086,8262,0.15582395382395375,0.03833333333333333,4.064972708450968,0.97,0.06,16.166666666666668,0
7087,8263,0.16123640248640242,0.05,3.224728049728048,0.99,0.05,19.799999999999997,0
7088,8264,0.1422129537129537,0.03666666666666667,3.8785351012623734,0.92,0.06,15.333333333333334,0
7089,8265,0.1422129537129537,0.03666666666666667,3.8785351012623734,0.92,0.06,15.333333333333334,0
7090,8266,0.1422129537129537,0.04666666666666666,3.047420436706151,0.92,0.07,13.142857142857142,0
7091,8270,0.148017316017316,0.02333333333333333,6.343599257884971,0.97,0.03,32.333333333333336,0
7092,8271,0.21450083250083235,0.013333333333333332,16.08756243756243,0.95,0.03,31.666666666666668,0
7093,8272,0.1341323953823953,0.025,5.365295815295812,0.98,0.04,24.5,0
7094,8273,0.1341323953823953,0.025,5.365295815295812,0.98,0.04,24.5,0
7095,8274,0.12871101121101114,0.0395,3.2585066129369906,0.92,0.06,15.333333333333334,0
7096,8275,0.15740209790209783,0.01583333333333333,9.941185130658813,0.92,0.03,30.666666666666668,0
7097,8276,0.14524253524253516,0.015,9.682835682835679,0.95,0.02,47.5,0
7098,8277,0.4558376623376623,0.0575,7.9276115189158665,1.0,0.07,14.285714285714285,0
7099,8282,0.1924488566988567,0.0,,1.0,0.0,,0
7100,8283,0.10256253468753468,0.01,10.256253468753467,0.96,0.01,96.0,0
7101,8284,0.15583169608169606,0.05833333333333333,2.671400504257647,0.96,0.07,13.714285714285712,0
7102,8285,0.13596606171606168,0.02,6.7983030858030835,0.97,0.03,32.333333333333336,0
7103,8286,0.18621090021090014,0.02,9.310545010545008,0.73,0.03,24.333333333333332,0
7104,8287,0.11347219855308084,0.015,7.564813236872056,0.94,0.02,46.99999999999999,0
7105,8288,0.15889152514152508,0.02333333333333333,6.8096367917796465,0.96,0.03,32.0,0
7106,8289,0.12434322621822609,0.02,6.217161310911305,1.0,0.02,50.0,0
7107,8290,0.24098250360750356,0.005,48.19650072150071,0.98,0.01,98.0,0
7108,8291,0.20831854256854243,0.03,6.943951418951414,0.99,0.03,33.0,0
7109,8292,0.25364718614718595,0.0,,0.97,0.0,,0
7110,8293,0.23351623376623368,0.005,46.70324675324674,0.93,0.01,93.0,0
7111,8294,0.2906075036075035,0.015,19.373833573833565,0.98,0.02,49.0,0
7112,8295,0.25950396825396815,0.0,,1.0,0.0,,0
7113,8296,0.2599963924963924,0.04,6.499909812409809,1.0,0.04,25.0,0
7114,8297,0.30735353535353527,0.008333333333333333,36.882424242424236,0.99,0.02,49.5,0
