nodeID,iter_1,iter_2,iter_3,iter_4,iter_5,iter_6,iter_7,iter_8,iter_9,iter_10,iter_11,iter_12,iter_13,iter_14,iter_15,iter_16,iter_17,iter_18,iter_19,iter_20,iter_21,iter_22,iter_23,iter_24,iter_25,iter_26,iter_27,iter_28,iter_29,iter_30,iter_31,iter_32,iter_33,iter_34,iter_35,iter_36,iter_37,iter_38,iter_39,iter_40,iter_41,iter_42,iter_43,iter_44,iter_45,iter_46,iter_47,iter_48,iter_49,iter_50,iter_51,iter_52,iter_53,iter_54,iter_55,iter_56,iter_57,iter_58,iter_59,iter_60,iter_61,iter_62,iter_63,iter_64,iter_65,iter_66,iter_67,iter_68,iter_69,iter_70,iter_71,iter_72,iter_73,iter_74,iter_75,iter_76,iter_77,iter_78,iter_79,iter_80,iter_81,iter_82,iter_83,iter_84,iter_85,iter_86,iter_87,iter_88,iter_89,iter_90,iter_91,iter_92,iter_93,iter_94,iter_95,iter_96,iter_97,iter_98,iter_99,iter_100
0,0,0,0,0,0,0,0,0,0,0,0,0,0,0,0,0,0,0,0,0,0,0,0,0,0,0,0,0,0,0,0,0,0,0,0,0,0,0,0,0,0,0,0,0,0,0,0,0,0,0,0,0,0,0,0,0,0,0,0,0,0,0,0,0,0,0,0,0,0,0,0,0,0,0,0,0,0,0,0,0,0,0,0,0,0,0,0,0,0,0,0,0,0,0,0,0,0,0,0,0
1,,,1,,,,,,5,,,8,4,,,,,,,12,12,,,4,,,,,,,8,,6,,,,,2,3,2,16,,4,2,,,,,33,,,,11,,1,,,,,,,,10,7,,,,,6,17,4,,5,1,,2,,2,9,14,,6,,6,15,,12,3,,6,,,,,4,,11,,,
2,5,5,14,,,6,3,,,3,5,,1,,6,13,,5,,6,22,9,6,,10,1,2,4,,,4,1,,5,3,,,,,,7,,,8,4,,1,1,,,12,8,,,,3,8,,6,,12,5,,3,4,7,5,5,5,8,2,1,,24,1,,,,8,6,,,,,5,,8,3,5,5,4,,,,,1,,1,,
3,,,4,2,,1,,,,,1,,10,,5,,,,,,12,,,2,1,,2,,,,24,,,,,,3,,1,,11,,,9,1,,,,36,,,,13,,12,,,3,,,,,,24,2,,,2,8,7,6,,,9,,,,,8,11,,28,,21,9,,12,,,6,,,,,3,,16,,,
4,,,2,,5,,,,,,,,,,,5,1,,3,4,,,3,,,4,,4,4,,7,4,,,,,3,,,,,,,4,2,1,,,,,4,,,,,,,1,,,,2,2,5,2,1,3,,2,,,,,,3,,,,,,,,4,4,,2,,1,1,,2,,2,2,,4,1,,2,
5,,,8,,,,2,,1,,,2,11,,16,,,1,,2,10,,,2,,,,,,,12,,,,,,,,2,,18,,3,2,,,,,28,,,,7,,4,,,,2,,2,,,19,3,2,,,8,2,,2,2,3,,2,2,,7,12,,3,,8,9,,15,,,9,,,,,,,5,,,
6,1,,,8,,3,6,,,3,,2,3,,1,4,1,5,,2,3,4,1,2,1,3,3,4,,,,,,1,,,4,,,1,,3,,,1,,,,,,3,,3,,,,4,1,2,,3,,,1,,3,5,,,1,1,1,,23,,4,,,1,3,,,3,1,7,5,4,1,,,1,4,,4,,,,3,4,
7,,,8,2,1,,,,,,,,4,,8,,,,,,8,,,,,11,,,,,23,,,,3,,4,,20,,14,4,9,10,,,,,34,,,4,9,,8,,,,5,,,,,17,8,,,,2,17,,,,11,,,,,11,11,,17,,12,11,,15,,,7,,1,,,3,,15,,,
8,3,,3,,3,1,3,,,,2,1,2,,,,2,1,5,,1,,2,3,,8,2,4,4,3,1,,,2,,,,,,2,,4,,4,,1,8,3,4,3,2,6,7,4,,,6,2,,,2,4,1,3,5,4,,3,2,,2,,3,2,,2,5,4,,,,2,3,,4,1,3,1,,1,3,,,,3,,,3,2,4
9,,,7,,,,,,,,,,14,,,,,,,,13,,,,,,,,,,23,,,3,,,,,15,,12,,7,4,,,,,33,,,,10,,10,,,,,,,,,26,,,1,2,13,14,,,,12,,,2,,9,13,,23,,18,1,,11,,,1,,7,2,,,,16,,,
10,,,6,,,1,,,,,,,5,,,,,,,,15,,,,,,,,1,,24,,,,,,,,1,,18,,4,14,1,,,,32,,,,6,,5,1,,,2,,,,,1,,1,,,4,12,,,,14,,,,,9,13,,16,,22,11,,13,,,4,,,1,,,,16,,,
11,1,1,1,1,1,1,1,1,1,1,1,1,1,1,1,1,1,1,1,1,1,1,1,1,1,1,1,1,1,1,1,1,1,1,1,1,1,1,1,1,1,1,1,1,1,1,1,1,1,1,1,1,1,1,1,1,1,1,1,1,1,1,1,1,1,1,1,1,1,1,1,1,1,1,1,1,1,1,1,1,1,1,1,1,1,1,1,1,1,1,1,1,1,1,1,1,1,1,1,1
12,1,1,1,1,1,1,1,1,1,1,1,1,1,1,1,1,1,1,1,1,1,1,1,1,1,1,1,1,1,1,1,1,1,1,1,1,1,1,1,1,1,1,1,1,1,1,1,1,1,1,1,1,1,1,1,1,1,1,1,1,1,1,1,1,1,1,1,1,1,1,1,1,1,1,1,1,1,1,1,1,1,1,1,1,1,1,1,1,1,1,1,1,1,1,1,1,1,1,1,1
13,,,8,,,,,,,,,,12,,,,,,,,15,1,5,,,,,,,,22,,,,,,,,20,,17,,10,15,,,,,33,,,,8,,12,4,,,,,,,,26,,,,,10,15,,,,9,,,,,5,4,,28,,21,9,,13,,,4,,,,,,,16,,,
14,3,6,12,,,4,1,,,4,4,,6,,2,11,,1,,4,23,3,4,,10,6,,7,,,6,2,,5,8,,,,,,8,,,8,8,,9,5,,,12,8,,,,8,7,,6,,7,4,4,,6,7,5,9,3,5,5,7,,19,3,,,,5,6,,,,,5,,9,3,8,2,5,,,2,,3,,1,,
15,1,1,1,1,1,1,1,1,1,1,1,1,1,1,1,1,1,1,1,1,1,1,1,1,1,1,1,1,1,1,1,1,1,1,1,1,1,1,1,1,1,1,1,1,1,1,1,1,1,1,1,1,1,1,1,1,1,1,1,1,1,1,1,1,1,1,1,1,1,1,1,1,1,1,1,1,1,1,1,1,1,1,1,1,1,1,1,1,1,1,1,1,1,1,1,1,1,1,1,1
16,,,7,,,,,,,,,,10,,,,,,1,4,14,,1,8,,1,,,,,26,1,,,,,,,15,,14,,10,12,,4,,,2,,,,1,,13,2,,18,,,,,,3,,,4,,9,10,,,,12,,,,1,9,13,4,8,,27,12,,10,,,5,,,4,,,,12,,,
17,5,4,4,,,5,2,,,4,7,,9,,1,9,,3,,2,26,7,6,,4,5,,4,,,8,2,,1,,,,,,,7,,,1,11,,7,3,,,9,9,1,,,8,6,,3,,9,7,,,4,3,2,7,7,3,4,9,,1,3,,,,6,5,,,,,2,,6,5,7,4,1,,2,,,6,,6,,
18,1,1,1,1,1,1,1,1,1,1,1,1,1,1,1,1,1,1,1,1,1,1,1,1,1,1,1,1,1,1,1,1,1,1,1,1,1,1,1,1,1,1,1,1,1,1,1,1,1,1,1,1,1,1,1,1,1,1,1,1,1,1,1,1,1,1,1,1,1,1,1,1,1,1,1,1,1,1,1,1,1,1,1,1,1,1,1,1,1,1,1,1,1,1,1,1,1,1,1,1
19,2,5,,5,,2,4,,4,3,7,3,5,,2,12,3,3,,6,,5,3,,2,4,,2,,1,9,2,,3,2,,,2,,,8,3,,7,2,,11,4,,2,12,2,3,6,4,,2,,2,,5,6,3,,5,3,2,4,7,2,5,9,,21,3,1,,,2,5,,,2,,5,3,,5,,4,4,,,2,,4,4,5,,
20,5,6,15,,,6,2,,,1,1,,1,,6,12,3,3,,6,26,9,6,,11,2,2,4,,,4,3,,4,2,,,,,,7,,,9,9,,11,2,,,9,9,,,,5,7,,8,,13,1,,,2,6,4,1,4,7,4,5,,23,1,,,,1,1,,1,,,1,,11,4,10,4,3,,1,,,4,,2,,
21,,,5,,,,,,,,,,1,,,,,3,,,14,,,,,,,,,,21,2,,,,,,,23,,18,,8,14,,,,,33,,,,12,,10,,,,6,,,,,27,,,,,11,14,,,,11,,,,,2,12,,27,,2,12,,13,,,11,,,,,,,12,,,
22,,,5,,,,,,,,,,5,,,,2,,,,12,,,,,,,,,2,23,,,,,,,,20,,15,6,8,11,,,,1,1,,,,10,,6,,,,3,,1,,,18,9,3,,,14,18,8,,,12,,,,,10,10,,16,,1,13,,17,,,8,,4,,,,4,16,,,
23,4,2,2,5,,,,,,5,3,,5,2,,,,3,2,,18,10,2,4,,5,2,,,4,3,2,,,,,,,2,3,4,2,11,,,,3,3,30,,4,4,3,6,2,,4,2,,,3,6,,1,2,2,7,2,3,2,4,,5,16,6,4,1,2,3,4,2,29,2,1,4,7,,2,,1,2,,,1,8,1,2,7,,
24,16,,3,,,,2,,6,,1,5,12,,,,,,,11,3,,,4,,,,,1,,11,,,,,1,,,25,,5,,4,14,,,,,,,,,11,,15,,,,1,,,,12,6,,,,6,4,18,,,,10,,,,10,2,17,,30,,3,,,14,,,8,1,,,,,,6,,,
25,,,8,,,,,,,,,,13,,,,,,,9,14,,,,,,,,,,20,,,,,5,5,,20,,11,,10,17,,,,,29,,,,11,,12,,,,,,,,,21,,,,,7,10,7,,,12,,,,,6,2,,28,,17,9,,15,,,4,,,,,,,14,,,
26,,,7,,,,,,,,,,13,,,,,,,,13,,,,,,,,,,18,,,,,,,,23,,19,,9,9,,,,,27,,,,9,,11,,,,,,,,,26,,,,,9,15,,,,5,,,,,9,11,,30,,22,13,,15,,,9,,,,,,,12,,,
27,,,5,2,,,,,,,,,1,,,3,,4,4,,16,1,,,15,,,1,,,1,,,,,2,,,5,,8,,10,2,,,3,,28,,3,2,11,,14,,,1,3,,,,8,27,1,,,,12,2,,1,,12,,,1,,9,14,,8,,20,11,,1,,,8,,1,,4,14,2,1,,,1
28,7,7,13,,,5,5,,,5,2,,7,,1,5,3,3,,3,25,8,2,,6,6,1,6,,,8,3,,5,9,,,,,,3,,,7,11,,5,4,,,11,8,,,,7,8,,7,,11,6,6,6,4,9,2,9,8,7,7,8,,18,2,,,,5,7,,,,,3,,9,3,5,4,5,,,,,4,,7,,
29,,,8,1,,,15,,,2,,,14,,,,,,,,16,,2,2,,4,,,,,3,,,1,,,,,23,,16,,7,12,,3,3,,2,,,,9,,3,1,,,,,,,,2,,,4,3,9,11,,,,10,,,,3,10,6,3,7,,26,10,,15,,,6,,2,,,,,14,,,
30,,,7,5,,,,,,,,,8,,,,,,,,8,,,,,,,,,,18,,,,,1,,,1,,11,,5,16,,,,,28,,,,5,,9,,,,9,,,,,24,,,,,1,13,,,5,10,,,,,9,13,,28,,22,11,,1,,1,4,,,3,,,,12,,,1
31,,,3,3,3,,,,,,,,7,1,,,,,,,11,,,,,,,,,,22,,,3,,,,,1,,13,,8,11,,,,,34,,,3,13,,12,,,,,,,,,18,,,9,,10,2,,,,14,,,,,8,12,,27,,13,9,,14,,,7,5,,,,11,,15,,,
32,9,7,11,,,5,2,,,6,7,,2,,5,11,2,2,5,2,5,2,,,7,8,2,7,,1,1,2,,2,8,,,,,,8,,,1,6,1,11,6,,,10,1,,,,2,1,,8,,1,10,,1,6,7,5,9,,10,8,11,,26,2,,,,8,8,,,2,,6,,4,3,11,8,5,,4,,,7,1,2,,3
33,,2,2,,,1,,1,2,2,2,2,1,1,,2,1,2,1,2,1,1,1,1,1,1,1,1,2,1,1,1,,,1,2,1,1,,1,2,1,1,1,2,,2,2,1,2,1,1,1,2,2,2,1,1,1,2,1,2,,1,,1,,1,1,2,2,1,1,1,1,1,1,1,1,2,2,1,2,1,1,1,1,2,1,1,1,2,,1,1,,2,1,1,2
34,1,,9,3,26,13,35,1,1,1,2,1,1,2,1,1,,10,1,1,14,1,1,32,3,1,1,1,1,1,16,1,1,,18,33,1,1,1,,2,,1,2,1,20,14,1,1,1,1,1,34,2,21,27,1,3,21,34,1,3,2,1,1,21,23,,3,22,1,24,,1,1,1,1,3,11,1,1,,21,,1,1,13,1,5,1,28,2,24,19,3,25,12,1,15,1
35,1,1,,4,1,1,1,1,5,1,,1,10,,1,1,,1,1,1,,1,,1,1,4,2,,1,1,1,5,1,1,1,,1,1,1,1,1,5,1,1,1,9,5,,,1,1,1,1,1,6,1,1,4,1,1,,3,1,1,1,,4,1,1,,1,1,1,1,1,1,1,,1,1,,,1,1,1,1,,1,1,,7,1,1,2,1,,3,2,1,
36,2,,3,,,6,,,,1,,4,1,,,,,,,12,15,,,,,,,,,,3,3,,,4,,,,29,,6,,11,,,2,,,,,,,15,4,17,,,,4,,,,4,,,,,2,6,,,,2,13,,,,,13,19,,32,,6,3,,15,,,3,,,4,3,,,11,,,
37,1,1,1,1,1,1,1,1,1,1,1,1,1,1,1,1,1,1,1,1,1,1,1,1,1,1,1,1,1,1,1,1,1,1,1,1,1,1,1,1,1,1,1,1,1,1,1,1,1,1,1,1,1,1,1,1,1,1,1,1,1,1,1,1,1,1,1,1,1,1,1,1,1,1,1,1,1,1,1,1,1,1,1,1,1,1,1,1,1,1,1,1,1,1,1,1,1,1,1,1
38,,,8,1,2,,,,8,,,5,7,,4,,,,,,10,,,,,,,,,,23,1,,,,,,5,15,,19,2,8,6,,,,,33,1,,8,8,,3,,2,3,,,,,,,9,,,,9,15,,,,12,,,,,9,8,2,3,,1,14,,16,,,6,,1,,,,,17,,,
39,,,6,,1,,,,,,,,8,,,,,1,,,13,,,,,,,,,,23,,,,,,,1,22,,18,,2,1,,,,,1,,,,12,,4,,,,6,,,,,24,,,5,,12,11,,,,9,,,,1,4,12,,20,,19,3,,14,,,2,,,,,,,13,,,2
40,,,6,,,,,,,,,,8,,,,,,,,8,,,1,,,,,,,3,,,,,,,,18,,17,,1,12,,,,,27,,,2,5,,11,,,,,,,,,22,,,,,12,2,,,,11,,,,2,3,4,,5,,25,11,,14,2,,3,,,,,,,14,,,
41,3,6,12,,,3,4,,,4,1,,6,,3,8,,4,,5,26,7,8,,7,2,,4,,,5,5,,4,,,,,,,5,,,6,8,,9,3,,,6,5,,,,6,3,,8,,3,8,,,4,8,3,12,2,4,6,10,,24,3,,,,7,9,,,,,4,,2,5,10,3,5,,,,,5,,5,,
42,,1,1,,,2,,2,1,1,1,1,1,2,,1,2,1,2,1,2,1,1,1,1,2,1,2,1,1,2,2,,,1,1,2,1,,1,1,2,2,2,1,,1,1,1,1,1,1,2,1,1,1,1,2,1,1,2,1,,2,,1,,1,1,1,1,2,2,2,1,2,1,2,1,1,1,1,1,2,1,1,2,1,1,1,1,1,,1,1,,1,2,1,1
43,1,1,1,1,1,1,1,1,1,1,1,1,1,1,1,1,1,1,1,1,1,1,1,1,1,1,1,1,1,1,1,1,1,1,1,1,1,1,1,1,1,1,1,1,1,1,1,1,1,1,1,1,1,1,1,1,1,1,1,1,1,1,1,1,1,1,1,1,1,1,1,1,1,1,1,1,1,1,1,1,1,1,1,1,1,1,1,1,1,1,1,1,1,1,1,1,1,1,1,1
44,1,6,14,,,4,5,,1,3,2,,7,,7,9,,5,,6,27,1,8,,10,8,,1,1,,1,5,1,5,5,,,,,,6,,,1,9,,10,4,,,7,6,,,,1,1,,6,,4,2,,,3,6,3,,1,8,6,6,,21,4,,,,2,8,,1,,,5,,3,5,11,3,8,1,2,,3,5,,5,,
45,,,1,,1,,,,,,,,3,,,,,,,6,10,,,,,,,,,,25,,,,,,,1,6,,14,,2,16,,,,,32,,,,12,,1,,,,,,,,,25,,,4,,13,13,,,,14,,,,,3,9,,27,,23,11,,6,1,,8,,,,,,,11,,,
46,5,10,,5,,2,,,4,4,,1,1,,,1,1,5,,,,4,,,2,4,3,1,,4,,5,3,,,,,3,5,,8,5,,,,2,3,,,1,,2,1,1,6,4,4,4,3,,,4,,1,,,1,2,5,,,,3,,3,2,5,1,3,,2,,3,,,3,,,,,6,,,2,4,,4,5,3,1
47,1,,6,1,1,1,1,1,2,,1,1,1,1,,1,1,1,1,1,1,1,1,1,1,,,,1,,1,1,1,2,1,2,1,2,1,1,2,1,1,1,,1,2,1,,1,1,1,1,1,1,,,18,1,1,,2,,1,1,1,1,2,2,18,,,1,2,,1,2,1,2,2,1,1,1,21,1,1,1,1,1,1,1,8,,2,1,,1,2,1,1
48,,,3,,,,,,,,,7,7,,,,,1,,12,10,,,4,,,,,,,8,,,1,,,,,2,,8,,9,17,,,,,,,5,,9,,16,,,,12,,,,14,7,,,,,2,14,5,,8,4,,,,13,6,15,,28,,7,,,16,,,8,,,,,,,3,,,
49,3,1,1,2,1,1,3,2,2,2,,2,2,2,,1,2,1,,1,1,2,2,2,2,2,1,3,2,2,2,2,1,3,2,2,,1,2,2,2,2,,2,2,1,2,3,2,2,13,2,3,3,2,3,2,,2,,1,2,2,,3,2,2,2,2,2,2,2,3,2,2,2,1,1,2,1,1,1,1,,2,2,,2,2,1,1,1,2,,,2,,7,2,2
50,3,,9,,,,,,3,,,,13,,,,2,,,4,16,,2,6,,,,,,,25,,,,,,,,23,,8,,9,14,,,,,31,,,,13,,8,,,,5,,2,,17,26,3,,,,8,5,,,,1,,,,1,10,6,,29,,24,12,,14,,,9,,,,,,2,1,,,
51,7,,10,,1,1,,,,6,,2,1,2,,,,2,,10,1,11,,,,,,,,,22,,,1,,,6,,3,5,13,,9,13,,1,4,4,31,,6,1,6,7,13,,6,3,,,,,,19,1,,8,2,11,3,5,,,14,7,1,2,3,6,2,,29,1,2,1,,15,3,,1,3,,,,11,2,18,8,,1
52,3,1,,1,1,1,3,1,1,1,8,1,1,1,1,1,2,1,1,8,1,1,1,4,3,1,1,3,1,1,1,4,1,1,4,1,1,1,3,1,1,4,1,1,5,3,4,1,,1,13,1,1,1,1,1,1,,,3,1,1,1,1,1,2,1,1,1,1,1,1,3,1,1,1,,1,1,1,1,1,3,,1,1,1,1,4,1,1,1,,1,1,2,1,7,1,1
53,15,,6,,15,,,,4,,4,,11,,,,,,,10,10,,,3,,,,,,,6,,,,,,1,,18,,5,,3,16,,,,,,,,,8,,14,1,,2,,,,,12,5,,,,,1,16,,,,8,,,,8,8,18,,5,,5,,,11,,,3,,,,,,,7,,,
54,,,2,1,,,,,,,,8,1,,,,,3,5,1,13,,,5,,,,,,,7,,,1,,1,,,4,,6,,2,1,,,4,,33,,4,1,10,,14,2,,,13,,,,9,4,2,,,,3,15,,2,9,11,,,,,7,13,,9,,12,11,,2,4,,6,,,,,5,,3,,,1
55,,,6,,,,,,,,,,14,,7,,,,,,15,,,,,,,,,,23,,,,,,,,22,,13,,5,15,,,,,33,,2,,12,,11,,,,,,1,,19,26,,,,,8,16,,,,13,,,,1,7,12,,28,,18,9,,14,,,9,,,,,,,10,,,
56,,,8,,,,,,,,,,13,,14,,,,,,14,,,,,,,,,,22,,,,,,,,21,,10,,4,17,,,,2,27,,,,11,,10,,,,,,,,,24,,,,,5,16,,,,13,,,,,4,12,,28,,20,11,,15,,,5,,,,,,,9,,,
57,17,1,2,,,,,,,,,6,6,,,,,,,11,12,,,4,,,,,,,13,,,,2,,,,21,,5,,1,15,,,,,,,1,,10,4,17,,,,,,,,13,,,1,,3,6,14,,,9,3,,,,7,5,16,,29,,5,,,15,,,6,,,,,,,7,,,
58,20,,4,3,2,2,14,4,6,,1,2,1,2,1,8,1,1,1,2,1,1,2,1,16,,2,1,14,2,1,,4,1,12,3,9,1,3,1,3,5,1,2,1,1,1,2,2,2,2,,20,6,2,3,1,2,12,,1,1,1,,1,1,2,1,2,4,3,,,1,6,2,1,1,1,1,1,15,4,,4,4,3,2,3,42,2,1,1,1,,,3,,1,1
59,,,9,,,,,,,,,,12,,,,,,,,14,,,,,,,,,,19,,,,,,,1,21,,15,,6,16,,,,,24,,,,12,,11,,,,,,,,,27,,,,,14,7,,,,13,,,,,10,5,,28,,23,10,,15,,,8,,,,,,,11,,2,
60,,,2,,,,,,,,,,4,,1,,,,,5,10,,,,1,,1,1,,,19,,,,,,,,19,,18,,2,1,,,,,28,1,,,1,,6,3,,,,,,,,8,,4,,,14,14,,,,8,,,,,8,1,,27,1,14,11,,16,,,6,,,,,,,14,,,
61,5,1,3,,1,2,4,,,,4,,4,2,1,,1,4,2,,19,2,3,3,,6,3,4,,3,2,3,,1,,1,,,1,4,5,1,12,1,,,4,2,1,1,1,5,4,7,1,1,1,3,,,,1,5,4,2,1,8,1,4,,1,,1,2,7,1,2,3,1,2,3,3,1,2,6,3,,1,,1,3,1,1,1,1,2,3,8,2,1
62,,,4,,,,,,,,,,12,,,,,,,,15,,,,,,,,,,19,,,,,,,1,13,,13,,9,16,,,,,31,,,,10,,2,,,,,,,,,28,,,,,11,16,,,,12,,,,,6,10,,19,,19,13,,10,,,3,,,,,,,13,,,
63,1,,8,,,,,,,,,,1,,1,1,,5,,1,14,,6,1,,5,,,,,19,,,1,,,,,22,,11,,1,16,,,,1,28,,,,1,,11,,,,,,,,1,25,,16,,,13,7,,,,12,,,,,5,11,,29,,21,11,,1,1,,8,,,,,,,1,,,
64,24,,4,,5,5,,2,5,,,2,1,,3,,,,1,,16,,18,1,15,,1,,13,,24,,3,,15,,,3,3,3,1,4,9,1,4,1,6,,33,,4,,,,13,,4,5,5,,15,7,1,3,3,5,11,5,1,4,7,12,1,4,2,4,4,,8,5,3,12,,3,4,5,3,3,,8,5,4,2,6,15,,1,,1,3
65,,,7,,,,,,,,,,13,,16,,,,,,16,,6,1,,6,,,,,23,,1,,,,,,21,,18,,12,12,,,,,33,,,,10,,13,,,,,,,,,22,,,,,14,12,,,,12,,,,,7,3,,26,,22,13,,10,,,8,,,,,2,,15,,2,
66,,,6,,,,,,,1,,5,1,,,,,1,,,12,,,,,,1,,,,24,,,,,,,,19,,13,,7,5,,,,,1,,,,13,,9,,,,,,,,,30,,,,,12,14,,,,1,,,,,3,7,,28,,10,12,,16,,,5,,,,,1,,1,2,,
67,,,3,,,,,,,,,,14,,,,,,,2,11,,,,,,,,,,23,,,,,,,,21,,12,,9,7,,,,,35,,,,13,,11,,,,,,,,,28,,,,,9,5,,,,13,,,,,8,13,,27,,24,12,,14,,,8,,,,,,,15,,,
68,4,3,,5,,3,,,4,3,,4,7,,,3,,4,,,,1,,,,2,4,,,8,3,2,,,,4,,3,3,,2,5,,1,,4,3,,,,,6,5,1,4,,7,1,1,,,1,,5,,,3,4,4,,,,3,,4,6,5,,7,,,,3,,,3,,,,,5,,1,3,6,,1,1,1,
69,,,4,,,,,,,,,,2,,,,,,,,14,,,,,,,,,,24,,,,,,6,4,22,,13,,8,5,,,1,,29,,,,8,,2,,1,,4,,,,,25,,,1,,10,12,,,,10,1,1,1,,1,14,,29,,18,3,,16,,,3,,,,,1,,15,,,1
70,3,4,1,1,1,3,1,1,1,1,,3,3,,1,5,1,1,4,1,1,4,4,1,1,1,1,3,1,1,1,3,,4,,1,1,,,3,,,1,1,10,1,1,5,1,3,3,1,1,,,3,1,3,1,1,3,1,1,1,,1,1,1,1,1,,12,1,3,2,1,1,1,1,1,4,1,1,1,1,,1,1,1,1,1,3,1,1,10,2,1,,1,1
71,3,1,6,1,,1,1,,,6,,1,2,,1,1,,2,1,,1,1,4,6,15,4,1,3,1,1,3,3,,5,,2,2,1,1,1,,1,1,1,10,,1,5,1,1,3,1,2,,1,1,4,1,1,1,1,8,1,2,,1,1,,1,4,,1,2,1,1,3,1,1,3,2,5,1,1,1,3,,1,5,3,3,,1,,1,10,2,1,,4,3
72,,,2,,,,,,,,,,11,,,,,,,,10,,,,,,,,,,2,,,,,,,,23,,18,,9,8,,,,,32,,,,7,,12,,,,,,,,,27,,,,,12,2,,,,7,,,,16,7,4,,29,,20,10,,15,,,5,,,,4,,,13,,,
73,9,,2,4,,,,,,,6,9,12,,,,,2,,13,13,,,5,,,,,,,9,,4,,,6,,1,2,,12,,7,17,,,,,30,,,,10,,6,,,,12,,2,,14,8,,,,,6,10,7,,,2,,,,13,8,13,,29,,6,15,,3,,,7,2,,,,3,,11,,1,
74,1,1,1,1,1,1,1,1,1,1,1,1,1,1,1,1,1,1,1,1,1,1,1,1,1,1,1,1,1,1,1,1,1,1,1,1,1,1,1,1,1,1,1,1,1,1,1,1,1,1,1,1,1,1,1,1,1,1,1,1,1,1,1,1,1,1,1,1,1,1,1,1,1,1,1,1,1,1,1,1,1,1,1,1,1,1,1,1,1,1,1,1,1,1,1,1,1,1,1,1
75,,,9,,,,,,,,,,3,,1,,,,,,10,,,,,,,,,,24,,,,,,1,,16,,1,,5,1,,,,,29,,1,,7,,11,,,,,,,,19,29,,,,,10,16,,,5,13,,,,,8,8,,29,,22,8,,12,,2,5,,,,,,,6,,,
76,2,,9,,,1,2,1,1,,1,,14,2,,,,2,,11,15,1,,1,1,,,,,1,22,1,,5,,6,6,,1,,13,,1,1,,2,1,,1,,,2,1,,13,,,,,1,1,1,,22,,,,1,1,1,1,1,,1,,,,,1,1,,1,,1,15,1,2,1,,6,2,2,1,,,2,2,1,1,1
77,1,1,7,3,,,,,,,,,9,,4,1,2,,,1,1,,,,2,,,,,,2,,,,,,,8,15,,18,,2,16,1,1,,,27,,,1,6,,5,,1,1,,,,,,23,1,,,,11,1,1,2,,2,,,,,2,5,2,5,,15,12,,13,1,,4,,2,2,,2,,2,1,,
78,,,4,,6,,,,,,,,,,,5,3,,2,2,,,2,,,3,,2,5,,4,4,,,,,1,,,,,,,5,4,3,,,,,3,,,1,,,,,,,,4,3,3,1,,4,,3,,,,,,3,,,,,1,,,5,3,,2,,3,5,,3,,1,4,,5,,,1,
79,,,6,,,,,,,,,,1,,,,,,,10,14,,,,,,,,,,23,,,,,,7,,1,,10,,10,11,,,,,33,,,,3,,10,,,,,,,,,24,,,4,,12,12,,,,13,1,,,,8,13,,29,,17,12,,12,,,4,,,,,,,14,1,,
80,12,,8,,,,,,,,3,6,13,,9,,,,,1,6,,,5,,,,1,,,14,,7,,1,1,,,22,,5,,5,16,,,,,,,,,7,,16,,,,,,1,,14,6,,,,4,1,2,2,2,7,5,,,,3,4,16,,35,,3,2,,16,,,5,,,,,,,7,,,
81,,,1,2,2,,,,6,2,2,1,,2,2,,2,2,3,2,1,,,1,1,1,1,1,1,1,1,,2,,2,2,1,,5,2,2,1,2,2,1,2,3,1,1,1,1,2,22,2,2,2,2,1,2,2,1,2,2,5,1,2,1,,1,2,1,1,1,6,1,2,1,2,1,2,,1,2,,1,2,2,2,1,1,2,1,2,2,1,1,1,,1,1
82,,,4,,,,,,,,,,14,,,,,,,,15,,,,,1,,,,,14,,,,,,,,22,,16,,10,12,,,,,1,,,,9,,4,,,,,,,,,21,,,3,,12,8,,,,8,,,,,10,13,1,26,,23,12,,3,,,6,,,,,,,17,,,
83,5,,9,6,1,,,,,2,,1,2,2,,,,4,,,12,12,,,,,,,,,21,,,2,,2,2,,23,6,12,,1,12,,,5,,30,1,6,1,6,,13,1,5,3,,1,,,,2,2,,10,,4,1,1,,,15,7,2,3,1,5,3,,30,4,15,5,,16,3,,5,4,,,,10,,17,9,,
84,8,,10,,4,,,,,11,,,5,3,,,,,,,15,,,,,,,,,,21,,,,,2,1,,22,,12,,9,16,,,,,29,2,,2,5,,11,,1,4,,,,,,19,,,11,,11,15,,,,13,,,,,4,1,,29,,14,6,,15,,,6,,,,,11,,18,,,
85,,,8,,1,,,,,,,,11,,4,,,,,,1,,,,,,,,,1,23,,,,,,2,,16,,15,,8,14,,,1,,33,,,,5,,13,,,,,,,,,26,,2,,,13,15,7,,6,13,,,,,9,10,,28,,14,14,,1,,3,5,,8,,,,,4,,,
86,1,8,,3,,5,,,4,1,,4,9,,,1,,3,,3,,1,,,,4,4,,,2,,6,,,,,,2,3,,7,6,,,,2,2,,,,,3,1,4,5,4,1,5,1,1,,3,,4,,,3,4,5,,,,2,,1,5,7,,4,,1,,1,,,2,,,,,5,,,1,6,,2,5,2,
87,,,8,,4,,13,,,,,,10,,18,,1,,,,9,,17,,,1,,,,1,24,,,,,,4,,18,,18,2,6,3,,,,15,29,,,,10,,7,,,,3,,2,,,19,4,4,,1,1,9,,,,2,,,,,10,10,,17,,18,13,,16,,,4,,,,,,3,12,,,
88,,,4,3,,,,,6,,,7,5,,,,,3,,13,11,,,6,,1,,,,,7,,,1,,,,,20,,18,2,8,17,,,,2,31,,,,8,,13,,,,11,,2,,15,9,,,,,12,14,6,,6,10,,,,14,10,4,,4,,5,14,,17,,,7,,,,,,,10,1,,
89,,6,,8,,2,5,,,2,,4,4,,3,13,2,4,,1,2,4,2,2,3,5,1,3,,2,,,,3,,3,3,,2,2,,2,,2,,,,,,,1,,4,,,,4,2,2,,3,,,4,,3,3,,,1,5,,,22,,2,,,3,5,,,4,2,6,4,3,3,,,3,5,,3,,,,4,,
90,3,3,3,1,1,1,2,,2,1,1,1,1,1,1,3,,1,1,1,1,1,1,1,3,1,1,1,1,1,2,1,1,1,1,2,,,1,2,1,3,3,,1,1,1,1,1,1,2,,1,1,1,,2,,3,1,1,1,1,1,1,2,1,1,2,1,1,3,1,3,1,1,1,2,3,1,1,,1,1,,1,1,,1,1,,1,2,1,1,1,2,1,1,
91,3,,1,,2,1,2,,,,2,2,2,,,,1,,4,,2,,3,2,,8,2,2,2,2,2,,,3,,,,,,3,,2,,3,,,6,4,2,2,3,7,5,2,,,4,1,,,,2,3,1,4,2,,,1,,3,,2,3,,1,2,1,,,,2,1,,2,3,2,4,,1,1,,,,2,,,,2,3
92,11,,6,,,,,,4,,6,7,12,,,,,,,9,7,,,5,,,,,2,,13,,7,,,,,,21,,4,,5,19,,,,,,,,,12,,14,,,,,,,,14,8,,,,5,7,16,,,,8,,,,8,6,17,,33,,3,,,14,,,7,,,,,,,5,,,
93,8,7,3,,,5,3,,,5,7,,3,,4,11,3,3,4,3,4,5,,,6,7,,6,,,6,3,,3,7,,,,,,7,,1,4,5,,10,5,2,,9,2,,,,5,2,,6,,9,8,,2,6,1,3,9,,10,6,12,,25,2,,,,7,8,,,,,5,,3,1,13,7,4,,3,,,6,,3,,2
94,6,,8,,18,,,,7,,4,7,13,,,,,,,8,2,,,,,,,,,,3,,8,,,,,,21,,2,,4,19,2,,,,,,,,12,,14,,,,,,,,1,9,,,,,5,18,,,,9,,,,4,6,16,,34,,4,,,1,,,8,,,,,,,7,,,
95,,,,9,2,1,6,,,2,,2,3,,2,14,4,6,,2,2,1,2,3,1,2,2,2,,,,,,2,,1,2,,,3,,3,,,3,,,,,,2,,5,,,,5,2,3,,3,1,,3,,1,4,1,,2,2,,,23,,3,,,6,4,,,3,3,2,6,4,2,,1,2,2,,3,,,,2,5,
96,,,6,6,,,,,,,,,13,,,,1,,,3,16,,,8,,2,1,,,,25,,,,,1,4,,1,,17,4,3,15,,,,,32,,,,7,,2,,,,,,,,,28,,1,,3,2,17,,,,7,,,3,,1,13,1,20,,20,13,,11,,,7,,,,,10,,13,,,
97,1,3,,1,,1,3,1,,6,1,1,3,1,1,3,3,1,1,2,28,2,4,1,2,2,1,1,2,2,1,3,,2,,1,,1,2,1,2,,,1,1,,3,1,32,5,1,1,2,1,3,1,1,1,1,3,1,8,3,,,1,3,,2,6,1,12,3,1,1,1,2,1,1,1,4,,2,1,3,1,4,1,2,1,,3,2,1,3,1,3,1,2,1
98,,,7,,,,,,,1,,,12,,,,,,,,14,,,,,,,,,,20,,,,,,,,1,,11,,7,13,,,,,31,,,,10,,12,,,,,,,,,24,6,,,,14,14,1,,,10,,,,,10,11,,14,,12,8,,13,,,7,,,,,,,17,,,
99,1,9,,6,1,5,,,1,4,,5,7,,,5,,5,,1,,5,,,3,2,4,,,5,2,6,,,,,,3,3,,5,3,,,,2,4,,,,,3,6,4,3,,7,3,5,,4,3,,4,,4,1,3,5,,,,2,,5,6,5,,2,,,,1,,,5,,,,,7,,,3,9,,3,3,5,
100,26,,9,,1,6,,2,4,,,3,3,,1,,,,3,,2,,,2,,,,1,14,,26,,4,,14,1,,5,1,1,3,,9,44,5,,3,,1,,6,,,,12,,5,2,,,4,5,5,1,,7,12,,1,3,8,12,2,1,1,4,,,8,3,2,29,,2,15,7,1,,,7,,3,1,4,14,,4,,2,2
101,17,,7,,17,,,,6,,4,4,10,,,,,,,11,2,,,1,,,,,,,10,,9,,,,,,24,,7,,3,17,,,,,,,,,9,,15,,,,,,,,11,7,,,,,4,18,,,,6,,,,4,5,15,,36,,3,,,16,,,6,,,,,,,1,,,
102,5,1,,5,,4,,,2,5,,4,7,,,5,,6,4,,,7,2,,,3,1,1,,6,1,5,,,,1,,1,4,,4,3,,1,,5,5,,,,,6,5,6,4,,8,4,1,,1,5,,4,,2,2,5,3,,1,,2,,4,7,2,,7,,,,1,,,4,,,1,,4,,,4,8,,5,4,6,
103,,,9,,,,,,,,,,10,,,,,,,3,14,1,,,,6,,,,,22,,,,,,7,,23,,13,,7,15,,,,,24,,,1,11,,12,,,,6,10,,1,18,22,,,,,13,2,11,,,1,14,,,,7,12,,30,,19,10,,12,18,,8,,2,,,,1,18,,,
104,1,,6,,,,,,,,,,12,,,,,,3,5,1,,,,,,,,,,24,,,,,,,,2,,13,,10,15,,,,,32,,,,11,,8,,,,,,,,,24,,,,2,12,10,,,,12,,,,,6,8,,26,,24,10,,3,,,3,,,,,,,14,,,
105,,,6,,,,,,,,,,14,,,,,,,,13,,,,,,,,,,21,3,,,,,,,22,,19,,7,17,,,,,31,,,,7,,1,,2,,5,,,,,25,,,,2,13,12,7,,,12,,,3,,10,13,,19,,18,2,,14,,,4,,,,,,,12,,,
106,4,,5,,1,,,,,,,,6,,16,,,,,,5,,,,,,,,,,21,,1,1,,,,,23,,16,1,8,16,,,4,1,1,,,,8,,1,4,,,,,,,,2,,,,4,12,15,,,7,10,,,,,9,5,4,8,,1,11,,15,,,3,,,,,,,15,,,2
107,0,0,0,0,0,0,0,0,0,0,0,0,0,0,0,0,0,0,0,0,0,0,0,0,0,0,0,0,0,0,0,0,0,0,0,0,0,0,0,0,0,0,0,0,0,0,0,0,0,0,0,0,0,0,0,0,0,0,0,0,0,0,0,0,0,0,0,0,0,0,0,0,0,0,0,0,0,0,0,0,0,0,0,0,0,0,0,0,0,0,0,0,0,0,0,0,0,0,0,0
108,3,,1,,1,,,,,,,13,2,,,,,,,,15,,,,,,,,,,14,4,,,3,,,,27,,6,,2,,,1,,,,,,,5,4,17,,,,8,,,,9,,,,,4,13,13,,,10,14,1,,,8,6,19,,30,,5,6,,13,,,1,,,2,1,,,10,,,
109,,,7,,,,,,,,,,10,,,,,,,,15,,,,,,,,,,19,,,,,,,,22,,17,,10,13,,,1,,28,,,,13,,3,,,,4,,,,,28,3,1,,,10,4,,,,8,,,,,10,7,,30,,25,11,,14,,,8,,,,,,,17,,,
110,3,,3,,3,2,1,,,,3,1,1,,,,1,1,5,,4,1,2,2,,9,3,1,5,2,3,,1,2,1,1,,,,1,,3,,5,,,7,1,1,3,3,8,8,1,,,5,2,1,,1,3,2,2,6,5,,1,3,,1,1,4,3,,1,4,5,,,,2,4,,1,4,1,2,,2,4,,,,3,,2,,1,3
111,6,6,3,,,4,3,,,5,5,,8,,6,2,2,2,,5,23,9,7,,10,8,,5,,,5,4,1,5,3,,,,,,6,,,5,9,,8,4,1,,8,10,,,,4,2,,7,,9,1,,,2,5,2,,5,3,5,6,,22,3,,,,2,7,,2,,,3,,7,1,11,5,7,,1,,2,6,,6,,2
112,,2,1,1,,3,1,,3,4,8,1,1,,3,1,1,1,1,1,,2,5,,1,5,,2,1,1,2,3,1,1,1,1,1,1,,3,9,1,1,1,1,,12,1,1,1,13,1,2,1,5,1,1,,2,,6,2,1,,3,3,1,1,1,3,6,1,,3,4,1,,3,1,1,,1,3,1,6,1,,6,,3,1,,,1,1,5,1,1,,3
113,2,,4,,,,,,,,,4,2,,,,,,,,3,,,,,,2,,,,21,,,,,,,,17,,1,,8,16,,,,,28,,,,13,,11,,,,,,,,,25,,,,,11,11,,,,10,,,,,9,3,,24,,23,5,,14,,,3,,,,,,,16,,,
114,1,1,1,1,1,1,1,1,1,1,1,1,1,1,1,1,1,1,1,1,1,1,1,1,1,1,1,1,1,1,1,1,1,1,1,1,1,1,1,1,1,1,1,1,1,1,1,1,1,1,1,1,1,1,1,1,1,1,1,1,1,1,1,1,1,1,1,1,1,1,1,1,1,1,1,1,1,1,1,1,1,1,1,1,1,1,1,1,1,1,1,1,1,1,1,1,1,1,1,1
115,4,5,6,,,3,3,,,3,6,,5,,5,3,,5,,6,26,7,7,,2,5,,3,,,8,3,,3,,3,,,,,1,,,7,3,,6,4,,,11,8,,,,9,6,,6,,6,7,,4,3,2,4,6,9,4,3,8,,22,2,,,,6,6,,,,,4,,7,5,4,3,4,,,,,2,,5,,
116,1,6,13,,,4,4,,,1,7,,7,,4,10,,1,,4,19,9,4,,9,4,,4,,,7,3,,7,,1,,,,,1,,,7,12,,4,4,,,12,9,,,,6,4,,8,,11,4,,2,5,2,6,3,7,5,6,8,,17,2,,,,4,5,,,,,3,,10,4,9,5,5,,,,1,5,,7,,
117,,2,8,2,,,1,,1,,,1,10,,5,,,,1,,3,,,,,,,,,,1,2,,,,,1,6,15,,19,,1,15,,,,,28,2,,9,7,,3,6,1,2,,,,,,,2,,,,7,14,2,3,,1,1,,,,10,6,1,4,,16,15,,1,2,,5,,1,,,1,,1,1,1,
118,,,8,,,,,,,,4,,14,,,,,,,2,14,,,,,2,,,,,16,,,,,,,,22,,13,,5,14,,,4,,32,,,,7,,13,,,,,,,,,22,,,,,6,14,,,,10,,,,,10,10,,27,,20,7,,15,,,7,,,,,1,,16,,,
119,,,3,,,,,,,,,,12,,,,,,3,,15,,,,,,,,,,22,,,,,,,,14,,7,,9,12,,,2,,32,,,,8,,10,,,,,,,,7,26,2,,,,7,3,,,,4,,,,,7,12,,11,,11,10,,11,,,7,,,,,13,,2,,,
120,1,,1,2,1,2,13,,,2,,,13,,14,1,13,1,,2,15,,16,7,14,2,,1,1,,20,,23,3,5,,1,23,22,1,1,2,5,16,,1,1,,20,,1,2,3,1,1,,1,16,1,10,9,2,16,2,8,,1,1,1,14,7,,,1,14,,1,2,10,14,1,9,2,2,2,1,17,1,1,1,,2,,,,3,16,,2,
121,,,2,,,,,,,,,,1,,,,,,,,14,,,,,,,,,,22,,,,,,,3,23,,3,,4,17,,,,,31,2,,,13,,3,,,,1,3,,,,26,2,,4,,11,1,,,,2,,,,,3,13,2,21,,18,4,,8,,,4,,,,,13,1,11,1,,1
122,,,8,,,,,,,,,,13,,6,,,,,,14,,,3,,,,,,,24,,,,,3,,,12,3,10,,9,14,,,,,,,,,13,,11,,,,,,,,,27,,,,,13,13,,,,12,,,,,9,11,,1,,24,8,,15,,,4,,,,,,,15,,,
123,,,8,,,,,,,2,,,15,,,,,,,,13,,,,,1,,,,,24,,,,,,,,1,,19,,9,8,,,,,2,,,,10,,10,,,,,,,,,25,,,,,10,13,,,,14,,,,,8,13,,2,,24,11,,7,,,8,,,,,,,16,,,
124,3,,2,8,,1,1,3,1,8,1,1,1,3,2,3,3,,5,,21,11,3,5,,2,3,,,,4,3,,,2,,2,2,3,2,1,1,1,,,3,4,1,1,3,1,1,2,1,3,,3,2,,,4,7,3,2,3,1,8,,11,3,5,,1,1,2,5,,3,4,1,1,32,,2,13,2,3,,,1,,,2,2,2,2,1,8,,1
125,16,1,4,,,,1,1,,10,,,,,14,,13,,,,5,,16,,1,1,1,20,1,1,21,,1,,1,,1,23,12,,16,,10,1,,,3,15,20,1,1,1,11,15,11,,19,,1,10,,,1,17,3,1,13,1,8,18,15,1,11,10,14,,,,1,1,,10,16,12,13,,15,,13,1,,18,1,,1,,17,1,,
126,,,3,4,1,,2,,1,2,,8,13,,4,1,,,,13,12,,,5,,,,,1,,1,1,3,2,,,1,1,1,1,13,,1,1,,,,,31,,,,8,,7,,,1,13,,1,,15,8,,,,,13,11,3,,1,1,,,,14,9,1,,27,,6,13,,17,,,5,1,,,2,2,,16,,,
127,1,,1,,,3,,,,,,14,5,,,,,,,11,14,,,,,,,,,,5,4,,,,,,,25,,6,,8,17,,4,,,,,,,14,3,16,,,1,7,,,,9,,,,,6,4,,,,14,14,3,,,,11,20,,32,,5,4,,15,,,4,,,4,3,,,11,,,
128,,,8,,,,,,,,,5,2,,,,,,,,14,,,,2,,,,,,17,,,,,,,,16,,,,6,11,,,6,,1,,,,7,,11,,,,,,,,,25,,,,,13,13,,,,11,,,,,8,8,,26,,21,1,,15,,,9,,,,,,,16,,,
129,,,3,,1,,,1,,,,,7,,,,2,,,,9,,1,,,12,1,,,,22,,,,,,,1,1,,16,5,8,12,,,,,35,,,6,10,,14,,,,6,,4,,,19,,4,10,,5,16,11,,,9,1,,,,11,4,,17,,11,10,1,15,,,8,,2,,,1,1,2,,,
130,8,,3,2,,,,,,,,,11,,,,,2,,8,8,,,4,,,,,,,3,,,,,,,,1,,9,,8,11,,,,,,,,,11,,16,,,,13,,,,1,6,,,,,7,17,,,11,3,,,,12,7,3,,29,,2,14,,16,,,5,,,,,,,2,,,
131,2,8,,1,,2,,,2,1,,2,8,,,5,,2,,3,,4,,,2,1,3,,1,4,3,4,,,,,,4,3,,6,1,,,1,2,4,,,,,2,7,4,6,2,7,6,3,,,1,,1,,,4,1,1,,,,3,,5,3,7,,3,,,,1,,,5,,,,,6,,,2,5,,1,4,2,
132,17,,4,,19,,,,,,,,6,,,,,,,,14,,3,,,,,,,,23,,,,,,,,20,,4,,5,19,,,,,35,,,,7,,2,,,,,,,,,1,,1,,,12,17,,,,2,,,,,8,13,,17,,24,12,,16,,,6,,,,,,,10,,,
133,,,6,,,,,,,,,2,5,,,,,,,2,13,,,9,,,,,,,18,,,,,,,,20,,16,,4,17,,,,,30,,,,11,,1,,,,,,,,,26,,,,2,10,16,,,,6,,,,,6,11,,4,,8,2,,10,,,8,,,1,,,,12,,,
134,,,5,,,,,,,,,,3,,,,,,,,14,,,,,1,,,,,23,,,,,,,,22,,17,,9,14,,,,,34,,,,12,,9,,,,,,1,3,,27,,,,,7,15,,,,12,,,,,9,1,,27,,1,14,,16,,,6,,,,,,,16,2,,
135,3,,5,1,,4,,,,,,11,6,,,,,,,1,17,,,,,,,,,,3,4,,,1,,,,27,,3,,10,,,3,,,,,,,14,4,16,,,,3,,,,2,,,,,6,7,5,,,1,1,,,,,13,20,,29,,4,3,,14,,1,3,,,4,3,,,12,,1,
136,15,13,9,4,13,,12,2,,9,,,,,13,13,12,19,,2,6,10,15,6,13,10,22,19,,,,,22,,4,,5,22,11,,,5,4,,,,9,14,19,,,10,12,14,16,,18,15,2,9,8,25,15,16,7,13,12,,,16,14,5,10,11,13,,,,10,13,,9,15,17,17,,21,17,12,,,17,,,,2,17,,,
137,7,6,2,,,4,1,,,6,7,,9,,5,10,,1,,5,25,8,5,,7,6,,1,,,7,4,,4,9,,,,,,1,,,2,4,,7,4,,,9,4,,,,1,7,,5,,7,7,,4,6,10,2,8,,12,7,10,,25,1,,,,9,7,,,,,2,,4,3,9,6,3,,2,,,5,,3,,1
138,3,1,1,1,1,1,5,,1,1,8,1,1,1,1,1,1,1,,1,,1,1,1,1,5,,3,1,1,1,1,,1,3,1,,1,,,1,1,1,1,3,1,1,5,1,1,1,1,1,1,5,1,1,,1,1,1,7,1,1,1,4,3,1,8,3,1,1,1,1,4,1,1,1,1,1,1,,3,,1,1,,6,,5,1,1,,1,,1,5,1,1,1
139,3,,5,,,1,,,,,,2,1,,,1,,,,,15,,,,1,,,,,,4,1,,,,,,,27,1,6,,12,,,4,,1,,,,,12,4,15,,,,9,,,,7,,,,,,13,,,,13,14,,1,,,11,21,,31,,4,1,,15,,,4,,,3,2,,,10,,,
140,7,1,5,,,6,5,,,5,2,,9,,2,10,,2,,5,25,7,6,,3,5,,5,,,8,5,,5,,1,,,,,2,,,2,11,,5,2,,,10,9,,,,8,8,,1,,10,8,,5,2,9,4,7,8,4,4,10,,25,2,,,,5,1,,,,,1,,5,4,8,4,6,,,,2,6,,4,,
141,,,7,,,,,,,,,,9,,,,,,,,12,,,,,,,,,,19,,,,,,,,21,,17,,8,6,,1,,,32,,,,11,,12,,,,,,,,,26,,,,,8,13,,,,6,,,,15,5,12,,2,,22,13,,14,,,3,,,,,,,15,,,
142,,,5,,,,,,,,,,2,,,,,,,,13,,,,,,,,,,23,,,,,,2,2,20,,18,,7,13,,,,,36,,,,11,,6,,,,,,,,,23,,,2,,13,6,,,,8,,,,,5,13,,26,,23,12,,14,,,7,,,,,,,12,1,,
143,4,4,,3,,4,,,4,3,,2,9,,,6,,6,,3,,4,,,1,3,1,,,5,,4,2,,,,1,2,4,,2,4,,,2,8,4,,,,,1,6,2,5,2,6,3,2,,,2,,4,,,3,3,2,,,,2,,4,5,1,,1,,,,4,,,2,,,,,6,,,1,5,,2,1,2,
144,2,3,14,,,5,5,,,3,3,,8,,6,11,,3,,3,23,6,8,,10,6,,5,,,4,4,,6,5,,,,,,6,4,,5,10,,10,1,,,5,6,,,,9,5,,2,,8,5,6,,5,9,4,8,7,7,5,9,,18,1,,,,7,9,,,,,2,,9,3,6,5,5,,,,1,4,,6,,
145,1,1,1,3,1,1,1,,1,,1,2,3,3,1,1,,1,1,1,1,1,1,1,1,1,1,1,3,3,1,1,3,3,,2,,,1,1,2,1,1,,3,1,1,2,3,3,1,,1,2,1,,1,,1,3,1,1,1,1,,1,1,2,1,3,3,1,2,1,2,1,1,2,1,1,3,,3,3,,3,1,,1,1,,1,2,1,1,1,1,1,1,
146,,,5,,14,,,,,,5,,8,1,14,,1,20,,1,7,,1,5,,11,4,,,,19,,,,,,,,19,,7,,2,15,,,3,,32,,,,7,,12,,,,,,1,,16,26,4,14,,,8,7,15,,,4,,,,10,9,14,,12,,25,15,,13,,,9,,,,,,3,10,,,
147,1,1,,7,,2,6,,,2,,3,2,,4,3,3,5,,3,3,3,3,3,2,1,3,1,,,,,,3,,2,4,,,2,,2,,,2,,,,,,4,,6,,,,3,3,1,,4,,,1,,1,4,,,2,1,,,1,,3,,,5,4,,,3,3,3,5,2,2,,,3,4,,2,,,,4,3,
148,,,8,,,,,,,,,,5,,,,,,,,14,,2,,2,,,,,,18,,,,,1,,,15,,12,,7,16,,,,,30,,,,11,,9,,,,,,,,,25,5,,,3,13,6,,,,11,,,,,10,8,,13,,24,1,,10,,,7,,,,,,,9,,,
149,6,6,14,,,7,6,,,4,5,,4,,7,4,,4,,6,25,9,5,,11,5,1,6,,,3,3,,6,9,,,,,,8,3,,6,10,,11,3,,,13,9,,,,5,10,,9,,14,6,3,,4,8,6,9,7,6,1,4,,24,2,,,,1,8,,,,,3,,10,3,7,1,5,,,,,5,,5,,
150,25,,5,,4,3,,,1,,,2,4,,4,,,,3,,15,,,5,,,,5,,,26,,3,,15,,,1,2,3,10,,5,,3,,5,,33,,6,,,,12,,3,4,5,,,4,2,3,,5,,4,12,17,7,12,,3,1,3,3,,9,7,,14,4,12,2,4,3,,,8,4,3,3,6,15,,2,,3,1
151,7,4,11,,,6,2,,,5,3,,7,,5,6,2,4,,2,2,5,1,,8,1,,6,,,5,1,,5,8,,,,,,4,,,4,9,,1,4,,,6,4,,,,1,5,,9,,9,5,5,,5,10,4,9,7,8,4,10,,19,2,,,,8,10,,,,,3,,8,1,1,4,6,,,,2,4,,3,,
152,,1,,,4,,1,,1,1,,1,,,1,8,4,,3,5,11,,,,,4,,5,5,,8,4,1,,,,3,,,,19,,,13,3,1,,,35,,5,,,,12,,,2,1,,3,1,1,6,3,2,3,,2,1,,,,9,3,1,,,,,,1,4,11,1,3,1,3,1,,3,,7,4,,5,15,1,1,1
153,,1,1,1,1,1,1,1,1,1,1,3,1,,1,1,1,1,,,1,,1,1,1,,1,1,,,1,1,1,1,,1,1,,23,1,16,1,9,15,1,,,,1,,1,1,1,,1,1,1,1,1,1,1,1,1,5,1,,1,1,11,1,6,1,,1,1,1,,1,11,13,,4,1,1,1,1,1,,1,1,1,1,,1,1,,1,,1,
154,,8,1,1,1,1,8,,1,3,,1,1,1,6,1,1,7,1,1,2,4,1,1,2,1,1,1,,4,1,1,1,1,1,1,1,1,1,2,1,1,,1,1,1,1,1,1,1,1,,1,1,,,1,1,1,1,1,1,1,1,,1,1,1,1,1,1,,,25,1,1,1,,1,1,,1,1,4,1,6,1,1,,,1,1,1,1,1,,1,5,1,1
155,1,2,1,6,,2,,1,1,6,1,2,3,3,2,,1,2,2,,19,11,3,2,,2,3,,,5,2,1,,,1,,2,1,1,2,3,1,12,,,1,1,2,3,1,3,3,2,7,3,,1,2,2,1,2,7,1,2,1,3,8,1,1,3,5,,6,17,2,7,1,1,1,2,1,1,1,1,1,2,1,3,1,1,1,,1,2,1,2,1,1,,2
156,,,9,,,,,3,,,,16,12,,5,,,,1,3,10,,16,,14,,,,,,3,,,,,,,,12,,12,,8,2,,,,,31,,,,8,,11,,,,,,,,,20,2,4,,,13,13,,3,7,13,,,1,,10,12,,22,2,1,12,,16,18,,10,,9,,,,,17,,,
157,2,1,1,7,,1,1,2,2,7,2,1,2,4,1,,2,1,1,,20,12,4,1,,1,4,,,6,1,1,,,1,1,1,1,2,1,2,2,1,,,2,1,1,2,2,2,2,1,8,4,,2,1,1,1,1,8,2,3,2,2,9,,12,4,6,,7,2,1,6,,2,2,1,2,2,,1,14,1,1,4,,2,1,,1,1,1,3,2,1,,1
158,,,6,,,,,,6,,,,9,,,,,,,,11,,,,2,,,,,,13,,,,,,,,19,,17,5,4,15,,,,,27,,,,12,,5,2,,,,,,,,7,2,,,,13,5,,,,9,,,1,,6,10,,25,,9,13,,13,,,5,,,,,,,13,,,
159,4,,4,,,,,2,1,,,1,3,,,1,,,,,12,,,,,,,,,,3,4,,,,,,,24,,5,,7,,,,,,,,,,13,5,14,1,,,1,,,,,22,,1,,,13,,,,14,13,,,,,10,13,,29,,4,7,,14,,,3,,,6,1,,,9,,,
160,17,,1,1,2,1,2,,1,1,1,1,5,1,1,1,1,1,,1,11,1,1,1,,1,1,1,,1,1,,1,,1,1,1,5,1,,1,6,1,7,1,1,1,1,1,,1,1,1,1,14,1,1,,1,1,,,1,1,1,1,1,,1,18,1,,1,1,1,,,,1,1,,7,1,1,1,1,1,1,1,5,1,1,1,1,1,1,16,1,1,1
161,,,6,,,,,,,,,,14,,,,,,,,8,,,,,,,,,,1,,,,,,,6,19,,19,,5,11,,,,,32,,,,11,,8,,,,1,1,,,,24,,,,,12,15,,,,3,,,,,3,11,,18,,22,10,,15,,,3,,,,,,,14,,,
162,6,6,4,,,7,1,,,2,6,1,2,,7,1,,5,,6,20,9,1,,10,8,,7,,,4,4,,2,1,,,,,,8,2,,7,11,1,3,1,,,11,10,,,,4,5,,6,,12,2,2,,2,7,5,11,6,6,2,3,,24,3,,,,2,6,,,,,3,,11,5,11,2,4,,,,,6,,5,,
163,4,,6,,2,3,,,3,,,3,4,,1,1,1,12,3,,12,,,3,1,1,,4,1,,27,,5,,16,2,,2,3,2,2,,4,43,6,,4,4,34,1,,,,,11,,1,3,,,3,5,6,2,,6,,,7,1,,26,3,1,2,5,,7,10,2,,15,,12,1,3,2,,,8,3,2,1,3,14,,4,,1,3
164,,1,5,1,,,1,,1,1,,8,6,1,,,1,4,,1,12,1,3,1,1,2,1,,,,8,,,2,,1,1,,15,1,1,1,7,18,,,,,32,1,,1,9,,5,,,,1,,3,,17,1,,,,,7,1,7,1,7,1,1,,,,11,9,,5,1,1,15,1,13,,1,7,,,1,,1,,11,2,,
165,4,,1,,,,,,,,,,12,,,,,5,,,3,,,,1,,,,,,1,,,1,,,,2,20,,2,,3,2,,,,,30,,,1,11,,13,1,,,,,,,,25,,,,,12,15,,,,1,,1,,1,7,12,,28,,3,3,,16,,,1,,,,,,,14,,,
166,2,,9,5,29,3,2,1,,1,2,4,5,6,3,1,2,1,3,4,14,4,17,,1,1,2,2,1,2,2,,1,,19,2,,2,1,1,3,2,6,43,2,1,1,1,,2,2,15,10,1,15,,19,3,1,1,1,3,1,6,,23,,6,1,3,2,26,,2,,,,1,10,4,,9,2,,3,1,15,2,,5,1,2,25,1,3,,1,1,15,
167,9,7,10,,,5,3,,,7,8,,4,,5,13,,2,3,6,5,1,,1,8,9,1,8,,,7,2,,3,6,,,,,,8,,,3,6,,11,5,,,1,2,,,,3,3,,8,,9,9,,1,7,7,4,1,,11,7,12,,26,2,,,,9,9,,,,,3,,4,3,10,7,5,,4,,,7,,1,,4
168,,,2,4,2,,,,,,,,8,,,,3,,,,10,,,,,,,,,,14,,,,,,,6,22,,1,5,7,12,,,,,35,,,4,12,,13,1,,,1,,,,,19,9,2,,,14,15,7,,,10,,,,,10,11,,16,,14,12,,15,1,,6,,,,,2,,16,,,
169,3,,9,,,,,,,,,,11,,15,,,,,,4,,,,,,,,,,20,,,,,,,,22,,15,,9,15,,,,,32,,,,10,,12,,,,,,,,,18,,,,,11,17,,,,9,,,,,10,12,,25,,21,12,,14,,,2,,,,,,,16,,,
170,,,9,,,,,,,,,,12,,3,2,,,4,,12,,,,,,,,,,23,,,,,,3,,17,,20,,9,13,,,,,28,,,,13,,12,,,,,,,,18,27,,,,3,10,15,5,,,11,,,,,7,11,,31,,13,12,,2,,1,5,,,,,,,16,,,
171,23,,2,2,2,2,12,2,11,,,3,5,,2,17,,,2,15,17,3,16,2,14,,2,1,12,1,19,,2,4,11,1,8,12,1,2,,3,7,1,2,8,6,1,36,1,3,,18,6,12,,2,5,10,,14,3,3,,2,3,9,3,,1,6,10,,3,4,2,3,,1,6,2,13,2,2,3,2,2,2,4,8,3,3,4,4,13,2,1,,3,3
172,,,8,,,,,,,,,,16,,,,,,,,13,,,,,,,,,,16,,,,,,,,22,,18,,7,11,,,,,25,,,,11,,12,,,,,,,1,,21,,,,,8,15,,,,12,,,,1,9,1,,29,,22,9,,13,,,4,,,,,,,10,,,
173,3,,9,2,27,2,36,1,40,23,1,5,2,1,1,9,,11,2,3,13,7,16,31,2,1,,3,2,12,15,,2,,17,1,,3,2,1,1,,5,42,5,3,3,3,,2,9,14,8,1,17,31,18,2,20,5,2,2,1,5,1,22,,,2,23,1,25,,5,2,6,,2,10,3,,9,1,,2,2,14,1,1,3,2,1,24,2,2,34,3,2,14,2
174,,1,,6,,3,2,,2,5,1,1,1,,4,13,2,2,2,8,,1,4,,1,5,,1,2,2,1,3,1,2,1,1,,2,,2,9,2,2,2,2,,12,2,2,2,14,1,1,2,1,,1,,1,,6,1,2,,2,2,1,2,8,4,6,1,,2,4,2,,2,2,1,,2,2,2,6,2,,6,1,2,5,,,2,,1,2,2,,2
175,3,6,,4,,5,,,3,2,,5,6,,,2,,4,,,,6,,,,4,3,,,3,,4,,,,2,,2,4,,7,4,,,,6,2,,,,,5,6,5,3,,3,4,7,,,,,3,,,3,4,5,,,,4,22,2,1,4,,4,,1,,2,,,5,,,,,6,,,5,2,,3,5,4,
176,,,6,,,,,1,,,,,14,,,,,,,,15,,,,1,,,,,,21,,,,,,4,,18,,20,,9,15,,1,,,32,,,,6,1,13,,,,,,,,,26,,1,,,14,7,6,,,14,,,,,7,9,,27,,12,7,,2,,2,2,,,3,,,,3,,,
177,6,7,,6,,4,,,3,4,,3,8,,,2,,6,,2,,3,,,,3,4,,,5,,5,,,,,,3,1,,7,6,,,,1,2,,,,,2,7,3,5,3,2,5,4,,,3,,2,1,,2,1,3,,,,3,,6,4,6,,2,,,,3,,,4,,,,,4,,,3,3,,2,2,4,
178,,,7,,,,,,,,,,6,,1,,,,,,11,,,7,,,,,,,3,,,,,,,4,3,,14,1,1,10,,,,1,28,,,,6,,1,,,,10,,,,,18,,,,,13,13,5,,,10,,,,15,10,13,,29,1,1,14,,16,,,8,,,,,,,12,2,,
179,2,2,2,2,2,2,1,,1,,1,1,2,2,2,2,,2,1,1,2,1,2,2,2,2,1,2,2,2,1,2,2,2,,1,,,2,1,1,2,2,,2,1,2,1,2,2,1,,2,1,1,,1,,2,2,1,1,1,2,,1,2,1,1,2,2,2,1,2,1,1,2,1,2,2,2,,2,2,,2,2,,2,2,,1,1,2,2,1,1,1,2,
180,13,,7,,,,,,4,,5,6,13,,,,,,,11,7,,,4,,,,,,,11,,,,,,,,23,,4,,4,19,,,,,,,,,9,,3,,,,,,,,13,7,,,,,4,17,,,,5,,,,11,7,17,,2,,2,10,,15,,,8,,,,,,,4,,,
181,,2,,,6,,,,,,,,,,1,7,2,,3,2,,,,,,3,,3,4,,5,2,,,,,2,,,,,,,4,3,2,,,,,4,,1,,,,1,,,,,2,2,3,2,,2,,1,,,,,,4,,,,,,,,6,3,,1,,2,3,,1,,6,3,,4,,,2,
182,1,2,,2,,1,4,2,,1,1,2,,,2,2,2,2,5,1,1,1,1,1,1,1,2,1,1,1,2,4,,1,,1,,2,1,2,1,,,2,2,,4,2,1,4,4,1,1,,2,1,1,4,2,2,2,9,2,,,1,2,,1,5,2,13,2,2,2,2,1,1,2,1,1,,1,2,1,1,1,1,1,1,,4,1,2,2,2,4,2,1,1
183,1,,1,,1,,1,,1,1,1,1,1,1,,1,1,,1,1,1,,1,1,,,1,1,1,1,1,,1,,,,,,21,1,1,1,5,18,,,1,,1,1,1,,1,,2,,1,,1,1,1,1,1,1,1,1,,3,1,1,,1,1,7,1,,1,1,1,12,1,1,1,1,1,,1,1,1,1,1,1,1,,1,,13,1,,
184,3,2,3,,,7,,,,,,3,4,,,,,,,,15,,,,,,,,,,22,3,,,,,,,26,,6,,9,,,7,,,,,,,11,3,16,,,,8,,,,1,,,,,6,12,4,,,12,12,2,,,,10,17,1,31,,5,5,,13,,,6,,,5,2,,,8,,,
185,,,7,,,,,,,,,,13,,,,,,,3,14,,,,,,,,,,22,,,,,,6,,19,,12,,7,16,,,,,34,,,,11,,10,,,,,,,,17,27,,,,,12,16,,,,2,,,,,9,11,,27,,17,13,,11,,1,13,,,,,,,8,,,
186,,,9,,,,,,,,,,12,,,,,,,4,17,,,,,,,,,,22,,,,,1,,5,23,,19,,3,16,,,,,1,,1,,5,,12,,,,,,,,,28,,,,,11,15,,,,14,,,,,7,14,,3,,22,14,,5,,,7,,,,,,,10,,,
187,15,,9,,,,1,,1,,3,3,10,,,,,,,10,4,,,3,,,,,,,12,,,,,,,,20,,6,,4,17,,,,,,,,,10,,1,,,,,,2,,13,2,,,,,7,18,,1,,8,,,,5,5,15,,33,,4,,,13,,,1,,,,,,,3,,,
188,,,6,,,,,,,,,3,13,,,,,,,,8,,,,,,,,,,21,,,,,3,1,,19,,17,,9,8,,,,,29,,,,2,,11,,,,,,,,,25,,,,,12,11,,,,14,,,,,8,9,,27,,21,7,,16,,,3,,,,,,,7,,,
189,27,,1,,1,5,,1,1,,,3,2,,2,,,,3,,16,,17,3,1,,,,13,,25,,2,,12,1,,4,2,1,8,2,8,2,,9,1,,35,,1,,,,11,,5,1,4,,1,6,5,2,,4,10,,2,4,8,11,,3,3,4,1,1,8,4,,13,3,12,3,6,4,3,,1,,4,3,5,14,,3,,2,3
190,5,1,5,7,,,,,,,4,,6,1,,1,2,,1,2,17,11,,1,4,1,1,,,,2,1,,,,2,1,,2,4,1,3,1,16,,1,4,4,30,,,1,4,1,1,,1,3,,,,1,,1,1,3,1,1,1,3,5,1,6,6,1,1,2,,2,5,1,21,,2,14,1,12,,,2,3,9,,2,9,1,1,8,,
191,1,,1,1,1,1,,1,1,,1,1,12,1,1,,,1,,1,1,1,,1,1,1,,,1,1,4,,,,,,1,1,2,,1,,1,12,1,,,,1,,,,9,,17,2,,1,1,,,1,13,6,,1,,1,2,17,,,,9,,,,1,8,1,,1,,1,,1,12,,,4,,1,,,1,,1,1,,
192,2,6,,,2,2,2,3,2,2,7,1,1,3,6,2,1,6,,7,2,2,1,3,2,2,,2,2,2,3,3,2,2,3,4,1,2,2,2,3,3,,2,4,2,3,2,,2,12,1,2,2,2,2,2,,,2,1,1,2,5,2,1,2,2,3,2,3,3,2,23,3,2,,2,2,2,,2,2,,1,,2,2,3,1,2,2,,,,1,1,6,1,2
193,1,3,3,,3,1,3,,,,2,3,3,1,2,,3,,1,,3,1,1,2,,7,3,3,3,2,1,2,,3,,,,,,3,6,1,13,5,,,5,1,2,2,4,7,6,5,,1,2,3,,,,5,4,3,1,3,,2,3,,1,,2,1,,2,1,2,,1,,2,2,,5,2,,3,,2,4,,2,,2,,,,1,2
194,1,,9,,,,3,,5,,2,6,11,,,,,,,11,5,,1,2,,,,,,,9,,7,,,,,,19,,3,,1,19,1,,,,,,,,12,,2,,,,,,,,14,7,,,,,3,19,,,,7,,,,1,3,16,,32,,1,,,12,,,7,,,,,,,4,,,
195,,,1,,6,,,,,,,,,,,7,3,,3,3,,,1,,,3,,3,2,,6,3,,,,,2,,,,,,,3,1,4,,,,,2,,,,,,,,,,,4,2,1,1,,1,,3,,,,,,4,,,,,,,,1,3,,1,,2,1,,4,,5,3,,4,,,3,
196,15,,8,,,,,,5,1,4,,12,,9,,,,,5,10,,,1,,,,,2,,22,,,,,,,,22,1,4,,5,20,2,,,1,,,,,12,,5,,,3,,,,,14,8,,,,,2,17,,,,6,,,,7,9,17,,35,1,2,1,,15,,,7,,,,,,,4,,,
197,4,,3,,,2,,1,,,,12,4,,,,,,,,15,,,,,,,,,,2,5,,,6,,,,28,,1,,9,,,3,,,,,,,14,2,17,,,,2,,,,3,,,,,5,12,,,,12,13,,,,,13,18,,28,,5,5,,14,,,2,,,4,2,,,10,,,
198,1,5,,4,1,4,,2,,,4,3,6,5,,,1,,,,15,3,,,2,3,,1,3,5,1,,3,4,,,3,1,2,3,,3,,2,3,2,,1,,1,13,3,35,3,4,,20,3,,5,1,2,2,7,,,,5,1,4,1,,,1,3,,,3,,,3,3,3,,4,2,,6,,3,1,,,19,3,,5,1,,17
199,,,9,,,,,,,,,,12,,,,,,,,15,,,,,2,4,,,,15,,,5,,,,,17,,17,,9,10,,,,,33,,,,8,,10,,,,,,,,,22,,,,,12,15,,,,11,,,,,10,16,,27,,21,9,,15,,,7,,8,,,,,15,,,
200,,,5,,,,,,,,,,9,,,,,,,,2,,,,,,,,,,23,,,,,,,,22,,9,,4,15,,,,,31,,,,12,,5,,,,5,,,,,23,,,3,,9,15,,,,13,,,,,8,11,,31,,20,11,,13,,,8,,,,,,,1,,,
201,1,1,3,,3,1,2,,,,2,2,3,,,,1,,6,,2,,2,3,,9,1,3,1,3,2,,,1,,,,1,,3,,3,,1,,,7,3,3,1,1,8,1,3,,,4,1,2,1,,3,2,1,5,1,,4,1,,4,,1,1,,2,1,5,1,,,2,2,,6,2,3,3,,2,4,,1,,1,,,2,3,2
202,1,,8,6,28,1,1,2,,1,1,,4,1,2,10,3,12,3,4,13,1,17,,1,2,1,3,3,1,3,,2,,18,1,,3,3,2,2,1,1,44,1,2,2,2,1,3,1,15,9,2,14,,1,1,21,1,2,1,1,4,,1,,1,1,2,2,26,,3,,,,3,9,4,,8,3,,3,2,16,2,,4,2,1,25,4,1,2,2,3,,
203,,,8,,,,,,,,,,13,,,,,,,,17,,,,,,,,,,24,,,3,,,,,21,2,15,,10,13,,2,,,32,,,,12,,7,,,,6,,,,,28,,,,1,7,13,,,,12,,,,,8,11,,29,,24,13,,14,,,8,,,,,,,15,,,
204,18,,8,,,,,,7,,6,1,10,,,,,,,7,1,,,3,,,,2,,,7,,,,,,,,20,,10,2,2,19,,,,,,,,,11,,15,,,,,,,,1,7,,,,,4,15,,,4,7,,,,12,8,18,,3,,3,,1,15,,,7,,,,,,,3,,,
205,1,7,,,1,1,1,1,1,1,1,2,2,4,1,1,1,7,1,8,1,1,1,4,1,1,1,1,3,1,1,1,1,3,4,5,1,1,1,1,4,4,,1,5,1,1,1,1,1,13,1,1,1,1,1,1,1,,1,2,2,1,6,1,2,1,1,1,1,4,4,1,1,4,1,,1,1,3,,3,1,1,1,1,1,3,4,2,3,1,,1,1,1,1,1,1,3
206,,,2,,1,,2,,,2,,,5,1,2,,,,,3,15,,,,,7,1,,,,4,,2,,,,5,1,2,,15,2,2,7,,1,1,,1,1,,1,8,,4,,2,,2,2,,,3,1,1,,,,12,1,1,,,3,,,,1,11,2,,7,1,2,13,,1,,3,5,,1,,2,2,,12,1,,
207,1,1,1,,1,1,,,,,,,4,,15,1,1,,1,,1,1,1,,,,,,1,1,23,,1,,,,,1,19,1,11,,1,6,,1,,1,1,1,1,,7,1,1,,1,,1,,,1,,25,,,,1,6,1,1,,1,1,1,,,,5,8,,27,,21,12,,1,,,1,1,1,,1,,,10,1,,
208,,,9,1,,,,,,,,1,10,,,,,,,,15,,,,,,,,,,21,,,,,4,2,,15,,18,,5,9,,,,,1,1,,,3,1,8,,,,2,,,,,21,3,,,,5,4,,,,1,,,,,10,3,4,16,,15,11,,12,1,,4,,1,,,14,,8,,,
209,1,1,1,1,1,1,1,1,1,1,1,1,1,1,1,1,1,1,1,1,1,1,1,1,1,1,1,1,1,1,1,1,1,1,1,1,1,1,1,1,1,1,1,1,1,1,1,1,1,1,1,1,1,1,1,1,1,1,1,1,1,1,1,1,1,1,1,1,1,1,1,1,1,1,1,1,1,1,1,1,1,1,1,1,1,1,1,1,1,1,1,1,1,1,1,1,1,1,1,1
210,1,1,1,1,1,1,1,1,1,1,1,1,1,1,1,1,1,1,1,1,1,1,1,1,1,1,1,1,1,1,1,1,1,1,1,1,1,1,1,1,1,1,1,1,1,1,1,1,1,1,1,1,1,1,1,1,1,1,1,1,1,1,1,1,1,1,1,1,1,1,1,1,1,1,1,1,1,1,1,1,1,1,1,1,1,1,1,1,1,1,1,1,1,1,1,1,1,1,1,1
211,,,9,,,,,,,,,,13,,,,,1,,,16,,4,8,,,3,,,,2,,,2,,,,,15,,15,,7,17,,,6,,23,,,,12,,9,1,,,,,,,,27,,,,,13,1,,,,11,,,,,10,10,,28,,15,8,,5,,,9,,,,,,,15,,,
212,,,7,,,,,,,,,,2,,,,,,,6,14,,,,,,,,,,23,,,1,,,,,22,,17,,7,13,,,,1,26,,,,12,,12,,,,,,,,,23,,,,,12,15,,,,8,,,,,10,2,,26,,20,10,,2,,,5,,9,,,,,13,,,
213,,,7,5,,,,,,,,,9,,7,,,,2,9,7,,,,,,,,,,23,,,,,,,,17,,,1,3,8,,,,,34,,,,6,,8,,,,,,,,,17,,,,,13,13,,,3,2,,,,13,10,9,,28,,8,12,,10,,,6,,,,,,,13,,,
214,5,4,4,,,5,3,,,4,6,,7,,5,11,,2,,6,24,2,5,,13,3,,2,,3,8,1,,1,,,,,,,6,,,4,10,,8,3,,,12,9,,,,9,8,,4,,8,5,1,3,5,4,4,9,3,2,6,7,,23,3,3,,,9,4,,,,,1,,5,5,9,4,2,,,1,,4,,4,,
215,1,1,1,1,1,1,1,1,1,1,1,1,1,1,1,1,1,1,1,1,1,1,1,1,1,1,1,1,1,1,1,1,1,1,1,1,1,1,1,1,1,1,1,1,1,1,1,1,1,1,1,1,1,1,1,1,1,1,1,1,1,1,1,1,1,1,1,1,1,1,1,1,1,1,1,1,1,1,1,1,1,1,1,1,1,1,1,1,1,1,1,1,1,1,1,1,1,1,1,1
216,9,1,1,1,1,1,6,1,,1,9,,1,1,7,1,1,1,1,7,1,3,10,1,1,1,,1,,,9,4,2,1,1,1,1,1,1,1,1,,,5,1,1,11,1,,1,1,1,1,,,1,5,1,9,1,10,1,1,2,1,1,1,1,1,6,9,1,1,1,1,,1,2,1,1,1,,1,2,2,,1,6,1,1,5,1,,,1,7,,1,1,5
217,24,,4,,3,4,,3,5,,,1,2,,3,,1,1,2,,13,,,4,15,,,,,1,23,,1,,16,2,1,2,2,2,9,1,8,2,,,7,,34,,5,1,,,11,,4,6,3,,,8,4,1,,6,10,,13,2,7,13,,2,4,3,2,,9,12,1,14,,1,11,,3,,,8,,5,2,5,14,,5,,2,2
218,,,5,,7,,,,,,,,,,,4,3,,4,4,,,,,,4,,2,3,,3,1,1,,,,3,,,,,,,2,2,3,,,,,2,,,,,,,,,,,3,4,4,3,,3,1,2,,,,,,2,,,,,,,,5,4,,2,,3,4,,4,,4,4,,3,,,3,
219,,7,,7,2,4,7,,,2,,1,1,,5,2,3,6,,1,1,3,2,1,1,2,2,4,,3,,,,2,,3,4,,,1,,3,,,,1,,,2,,2,,2,,,,2,4,1,,2,,,3,,2,4,,,2,6,,,24,,3,,,4,2,,,1,3,7,5,2,2,,,4,4,,2,2,,,4,4,
220,1,7,7,1,1,2,1,,,4,2,,6,1,1,1,,6,,7,23,8,8,,10,6,1,2,,,4,1,,4,2,1,1,,1,1,2,,1,4,1,2,7,4,,,9,1,,,1,2,7,,1,,7,8,,5,1,9,4,8,7,5,1,1,,23,1,,,,1,8,,2,,2,2,,8,5,1,1,7,1,,,,1,1,2,,
221,,,9,,1,1,,,,,,,14,1,,,,,,5,15,,,,,,,,,,23,,,,,1,6,6,5,,16,,1,17,,,,3,28,3,,,1,,3,,,,,1,,,1,26,,,,,7,13,9,,,8,,,,,5,9,,27,,21,10,,6,2,,6,,,,,,,10,,,
222,,,9,,,,,,,,,,14,,,,,,,1,16,,,,,,2,,,,1,,,1,,,1,,23,,18,,2,15,,,1,,28,1,1,,6,,5,2,,,,,,,,25,,,1,,12,15,1,,,12,,,3,,10,13,,27,,14,13,,4,,,8,,1,1,,10,,10,9,,
223,,,8,,,,,,,,,,1,,,,,,,,13,,,,,,,,,,16,,,,,,,,20,,14,,5,17,,,,,22,,,,12,1,11,,,,,,,,,27,,,,,10,14,,,,6,,,,,10,11,,29,,21,9,,13,,,9,,,,,,,1,,,
224,,,6,7,,,,,,,,1,4,,,,,,,,15,,,7,,,,,,,17,,3,,,2,,,21,,11,,1,15,1,,,,29,,,,6,,11,,,,8,,,,,27,,,,,1,16,,,,10,,1,,,5,10,4,14,,21,8,,16,,,2,,,2,,,,15,,,
225,5,10,,2,,2,,,4,1,,1,8,,,3,,3,,4,,2,,,,2,4,,,4,,5,,,,5,2,2,2,,6,5,,,,3,1,,,,,1,6,3,4,3,2,2,4,,,2,,2,,,4,5,4,,,,3,,5,5,6,,1,,2,,4,,,5,,,,,6,,,4,4,,1,4,4,
226,2,6,13,,,5,2,,,2,4,,5,,6,9,,2,,4,26,8,3,,8,5,,6,,,7,2,,2,6,,,,,,4,3,,9,9,,12,5,,,12,7,,,,4,7,,9,,12,8,,,5,10,5,5,6,6,2,3,,24,2,,,,7,6,,,,,4,,9,4,7,5,4,,2,,,5,,6,,
227,5,2,,6,,3,,,3,2,,3,8,,,4,,1,2,5,,5,,,,1,3,,,3,4,3,,,,,,1,3,,3,2,,,,4,5,,,,,5,4,5,4,,6,,3,,,5,,4,,,1,3,2,,,,1,,7,2,4,,5,,,,5,,,1,,,,,3,,,1,7,,1,5,1,
228,,,1,4,1,2,1,1,2,,2,,11,,1,,,,,11,1,,1,1,,1,1,1,2,1,18,,,,,,1,1,2,,1,,,10,3,2,1,,1,1,1,,14,,1,,1,2,,,,,1,1,1,,,2,8,8,7,,2,10,,,,1,1,2,1,29,1,2,10,1,1,1,1,7,1,,1,,1,1,16,,1,1
229,,1,4,1,,,1,,1,,5,,7,2,,,,,1,1,16,,,,3,2,2,,,,1,,,,,,,,1,1,8,,9,1,,1,2,,29,,,,14,,2,,2,,,,,1,8,2,2,4,1,1,14,5,6,2,7,5,,,1,,3,6,,14,,3,1,1,11,,,8,,8,,1,14,2,3,,,
230,2,3,5,2,,2,2,,,5,,2,2,,4,4,,3,3,,27,3,3,5,14,3,2,2,1,2,2,2,,3,,2,1,,,2,,,12,,9,,2,4,31,2,2,6,2,,,2,3,2,2,2,2,7,,2,,2,3,,1,3,,11,6,2,1,2,3,1,2,3,3,,2,2,2,,3,3,2,2,,2,,2,9,1,2,,3,2
231,,,8,1,,,,,,,,,10,,,,,,,,2,,,,,,,,,,1,,,,,,,7,18,,18,,6,16,,,,,26,,,,8,,2,5,,,,,,,,22,,,,5,10,15,,,,9,,,,,10,13,5,6,,19,11,,16,,,3,,5,,,,,16,,,
232,,,5,,,,,,,,,,10,,,,,,,,1,,,2,,,1,,,,4,,,,,,,,21,,16,,8,15,,,,,27,,,,12,,12,,,,,,,,,27,,,,,11,14,,,,6,,,,,5,6,,25,,21,11,,16,,,5,,,,,,,15,,,
233,1,1,1,1,1,1,1,1,1,1,2,1,2,2,1,1,2,1,2,1,1,,1,2,2,1,1,1,1,1,,1,,1,,,2,1,2,1,1,1,2,1,1,1,1,1,1,1,,1,2,1,1,1,1,1,1,,1,1,2,2,1,2,1,,2,1,2,2,1,1,,2,1,1,1,1,2,1,1,2,2,1,2,1,2,1,1,1,1,1,2,1,1,1,,2
234,,1,1,7,1,1,,,1,,1,,1,1,,,1,,1,1,1,,1,1,,1,1,1,,,1,1,1,1,,1,1,,24,1,15,,8,16,1,1,1,1,1,1,,1,1,1,1,1,,1,,1,1,1,1,1,1,1,,1,14,14,1,1,1,2,,1,1,,12,7,1,21,1,1,1,,7,,,8,1,,,1,1,,1,1,,1
235,,1,9,1,,,,,,1,,3,12,1,7,,,2,,1,11,,17,3,15,,1,,,,13,,,,,,,,13,1,11,,1,1,,,,,29,,,,13,,5,,,,7,,1,1,,28,1,1,,,12,14,,,1,4,,1,2,,3,1,,2,1,9,1,,14,19,,10,,1,,,1,1,1,,1,
236,,,6,4,,,,,,,,,13,,,,,,,,14,,,,,,,,,,16,,,,,,,,19,,20,,9,16,,,,,30,,,,4,,10,,,,7,,,,,28,,,,,10,13,,,,9,,1,,14,10,11,,27,,17,13,1,9,2,,5,,,,,,,11,,2,
237,6,,3,,4,,,1,,1,,1,6,1,1,,,1,,,13,13,1,,,,,,,,21,,,2,,1,1,,1,4,14,,10,17,,2,,5,30,,5,2,1,,13,,2,1,,2,1,,,3,,,11,1,11,3,5,,,15,,,1,4,6,5,,28,3,3,10,,16,4,,2,1,,,,9,,16,1,,2
238,,,8,,,,,,,,,,15,,,,,,,,15,,,,,,4,,,,22,,,,,,,,23,,16,,3,15,,,,,25,,,,11,,8,3,,17,,,,2,,1,,,,,14,14,,,,2,,,,,10,6,,26,,13,11,,16,,,9,,,,,,,14,,,1
239,,,4,6,,,,,,,,,11,,,,,,,,16,,,,,,4,,,,22,,,,,,,,23,,14,,7,15,,,,,26,,,,13,,12,,,,,,,,,26,,,,,13,13,,,,1,,,,,11,6,,20,,19,6,,6,,,7,,,,2,,,13,,,
240,5,1,3,6,,,,,,1,4,,6,3,,1,1,,1,1,17,11,1,1,,6,1,1,1,5,2,1,1,2,,,2,1,24,4,1,1,1,16,,,2,4,29,,2,1,1,1,1,,1,1,,,,7,1,26,1,3,8,3,4,1,2,1,1,13,7,1,2,1,4,5,,28,3,1,1,,1,1,,2,1,2,1,,9,2,3,8,1,
241,4,1,1,1,1,1,4,1,1,3,,1,1,1,,1,1,1,,2,1,1,3,1,1,1,1,1,1,1,3,1,1,4,1,1,,2,1,1,1,1,,1,1,2,1,1,1,1,1,1,4,1,1,1,1,1,1,,1,1,1,,4,1,1,1,3,1,1,1,1,1,3,1,1,2,1,2,1,2,1,,1,1,,3,1,2,2,2,3,,1,1,,1,1,3
242,14,,5,,,,,,5,,6,,10,,,,,,,11,8,,2,4,,,,,,,24,,,,,,,,25,,3,,4,18,,,,,,,,,11,,3,,,,,,,,14,6,,,,,7,18,,,,8,,,,7,1,18,,30,,4,,,14,,,3,,,,,,,8,,,
243,8,5,9,,,4,5,,,7,8,,9,1,6,12,,5,2,6,2,2,9,2,6,7,,9,,,8,3,1,5,5,,1,,,,2,,,4,7,,10,4,,,2,4,,,,6,4,2,8,,9,8,,1,2,9,3,2,,5,8,12,,26,2,,,1,10,8,1,,,1,1,,3,5,9,2,4,,,,,6,,6,1,4
244,1,2,1,1,2,2,1,1,1,2,2,1,1,,1,1,2,1,2,1,1,1,1,1,1,1,1,,2,1,1,1,1,,2,1,1,1,2,1,1,1,1,1,1,1,2,1,,2,1,,1,1,1,1,1,1,1,1,1,,1,1,2,1,1,2,2,2,2,1,1,1,2,1,1,1,2,1,1,1,1,2,1,1,2,1,1,1,2,2,,1,1,,2,1,1,2
245,3,,2,,3,3,1,,,1,2,1,1,,,,3,,3,,2,,3,3,,1,1,3,5,5,1,2,,3,,,,,,1,,1,1,1,,,7,4,3,1,6,5,4,5,3,,5,1,,,3,1,4,2,3,3,,3,1,3,3,,3,3,,3,2,3,,,,1,3,,3,6,1,3,,2,2,,,,2,,1,2,3,5
246,,,5,3,,,,,,,,,4,,17,,,,,,10,,16,,,,23,,,,22,,,,1,,4,,19,,16,3,5,5,,,,,21,,,,10,,1,,,,4,10,,,,22,,,,2,13,11,,,1,9,,,,,11,10,,15,,8,10,,17,,,5,,,,,,,11,,,
247,2,,1,1,1,1,14,,,1,1,,14,1,15,1,1,2,,1,16,,1,1,15,3,,1,1,,4,,,2,1,,1,24,24,,2,1,1,17,1,1,2,,21,,1,1,4,2,1,,1,1,1,11,10,1,17,1,9,,2,2,2,15,8,,,1,15,,2,1,11,1,2,8,1,1,1,,16,1,1,7,,1,,,,4,15,,1,1
248,,,7,,,,,,7,,,,15,,,,,,,,14,,,,,,,,,,17,,,,,,,,20,,8,,7,16,,,,,35,,,,9,,11,,,,,2,,,,8,,,,,8,16,,,,11,,,,,9,2,,26,,10,13,,14,1,,6,,,,1,,,12,,,
249,15,,6,,16,,,,2,,7,2,11,,8,,,,,10,11,,,4,,,,,1,,12,,6,,,,,,20,,4,,3,13,,,,,,,,,11,,12,,,,,,,,12,8,,,,,6,14,,,,7,,,,6,3,1,,31,,3,,,15,,,7,,,,,,,6,,,
250,,1,6,,,,,,,,,,1,,4,1,,1,5,,1,1,,1,,,,1,,,20,,,,,,,1,18,1,19,,7,11,,1,,,1,1,1,,4,,1,,,1,,,,,1,28,,,,1,11,1,6,,5,6,1,,,,3,6,,29,,22,9,,15,,2,1,,,1,,,,1,,1,
251,5,,4,2,,,,,,,,13,5,,,,,,,,14,,,1,,,,,,,3,3,,,7,4,,,28,1,5,,11,,,3,,,,,,,13,1,16,,,,8,,,,8,,,,,7,13,,,,12,14,,,,,12,19,,34,,5,5,,1,,,4,,,1,1,,,11,,,
252,,,8,,,,,,,,,,13,,,,,,,,12,,,,,,,,,,22,,,,,,,,18,,18,,6,10,,,,,27,,,,3,,9,,,,,,,,,20,,,,,12,16,,,,5,,,,,4,12,,28,1,21,8,,14,,,7,,6,,,,,13,,,
253,2,1,6,1,,1,1,1,,2,,3,,,3,1,1,1,4,1,2,1,1,2,15,4,3,1,2,3,1,3,,1,,1,2,1,2,1,,1,,3,10,,3,3,32,3,3,2,2,,1,2,2,3,3,1,1,8,1,1,,3,1,,2,4,1,12,1,3,2,1,2,2,3,1,2,,2,3,3,,2,2,1,2,,1,2,1,1,2,3,3,2,1
254,7,,8,,,,3,,3,,1,6,9,,,,,,,9,9,1,,5,,,,,,,12,,,,,,,,21,,1,,4,20,,,,,,,,,11,,14,,,,,,,,1,8,,,,,6,15,,,,8,,,,10,7,19,,32,,4,,,2,,,5,,,,,,,2,,,
255,1,1,1,3,2,1,1,3,1,1,,3,1,1,,1,3,1,,1,1,1,3,1,1,1,2,4,1,1,1,1,2,4,1,3,,1,1,3,1,1,,1,1,1,3,4,1,1,14,3,1,4,1,4,1,,1,1,1,1,1,,4,1,1,3,1,1,1,3,4,3,1,3,2,2,1,1,1,1,2,1,1,1,,1,1,1,1,1,1,1,1,3,,8,3,1
256,1,1,1,1,1,2,2,1,2,1,1,1,1,1,1,2,1,1,1,2,1,,2,1,1,1,2,1,1,1,,1,,1,,,1,2,1,2,1,1,1,2,2,1,1,2,2,2,,2,1,1,1,2,1,1,1,,2,2,1,1,2,1,1,,1,2,1,1,1,2,,1,2,1,1,1,1,2,1,1,1,1,1,1,1,1,1,1,2,1,1,1,2,1,,1
257,,,7,,,,,,,,,16,10,,,,,,,,9,,,,,,,,,,4,,,,,,,,1,,16,,8,10,,,,,1,,,,2,,11,,1,,,,,,,25,,,,,13,12,,,,8,,,,,4,8,,20,,23,13,,8,,,5,,,,,,,11,,,
258,,,8,,,,,,,,,,9,,,,,,,,9,,,,,,,,,,2,,,,,,,,17,,14,,8,5,,,,,30,,,,1,,12,,,,,,,,,25,,3,1,,13,15,,,,13,,,,,8,11,,15,,13,14,,15,,,4,,,,,,,17,,,1
259,2,2,2,,2,2,1,,,,1,2,2,,,,2,,6,,3,,1,1,,9,2,4,4,1,2,1,,1,,,,,,3,,2,,2,,,8,2,3,3,5,8,7,5,,,3,2,1,,3,6,4,2,5,5,,,2,,4,2,1,2,,2,3,4,,,,1,2,,5,5,2,2,,3,3,,,,1,,,1,1,1
260,16,,1,,1,,1,,,1,,1,4,,3,,,,,2,10,,,4,,6,,,,,5,,1,,,,4,4,1,,14,5,3,6,,,,,29,,,,7,,13,,1,,3,1,,,2,2,2,2,,,13,17,2,,,4,,,,,10,1,,6,,6,12,,3,,2,4,,2,,1,1,,15,2,,
261,,,6,,,,,,,,,,13,,,,,,,,15,,5,9,,4,,,,,25,,,1,,,,,21,,14,,8,11,,,,,33,,,,12,,12,,,,,,,,,24,,,,,13,8,,,,12,,,,,11,9,,25,,22,11,,9,,,6,,,3,,,,14,,,
262,5,6,9,,1,1,1,,,5,1,,1,2,2,1,,6,,6,23,9,8,,1,6,,1,,,3,4,,5,1,2,1,,2,,2,,,4,2,1,3,4,,1,9,9,,,1,1,7,,1,,7,8,,6,2,9,4,7,8,5,2,7,,23,3,,1,,1,8,,1,,1,1,,8,5,1,1,7,,,,,1,1,1,,
263,4,2,,6,,1,,,4,4,,5,8,,,3,,5,3,,,7,1,,,3,2,,,7,2,2,2,,,2,1,4,5,,6,4,,,,5,6,,,,,6,6,5,5,,7,1,6,,,4,,5,,1,2,4,4,,,,4,,5,9,1,,6,,,,1,,,2,,,,,6,,2,5,7,,2,1,5,
264,3,,2,,1,2,2,,,,2,1,2,,,,2,2,6,,4,,1,3,,9,1,3,3,1,2,,,3,,,,,,4,,3,,3,,,8,4,2,3,4,7,6,5,,,6,3,,,4,1,3,3,5,5,,,2,,1,2,3,3,,3,5,5,,,,1,3,1,5,4,2,5,,4,2,,1,,4,,1,,2,2
265,,,9,,,,,,,,,,12,,,,,,,,16,,,,,,,,,,17,,,,,,,,22,,,,8,16,,,,,24,1,,1,4,,10,,,,,,,,,28,,,,,11,15,,,,10,,,,,9,11,,29,,15,11,,7,,,8,,,,,,,14,,1,
266,14,,7,,,,4,,5,,3,7,13,,,,,,,2,9,,,2,,,,,,,13,,,,,,,,21,,5,,3,20,1,,,,,,,,1,,4,,,,,,,,11,8,,,,,2,20,,,,8,,,,8,9,18,,35,,2,,,15,,,7,,,,,,,5,,,
267,1,1,1,1,1,,,1,1,6,1,1,6,1,1,1,1,1,1,,1,11,1,5,,1,3,1,1,5,4,1,,1,,1,1,1,3,1,1,1,1,,1,1,1,4,1,,5,1,1,7,3,1,1,1,,,1,7,1,1,3,3,1,3,1,1,1,,6,1,1,5,1,1,4,1,3,1,1,2,1,1,1,1,,1,1,1,1,1,1,1,1,1,1,
268,,,6,,,,,,,,,,13,,,1,,,,3,15,,,,,3,4,,,,15,,,,,,,,23,,19,,9,13,,,5,,32,,,,13,,8,,,,,,,,,1,,,,1,11,15,,,,13,,,,2,9,11,,27,,23,13,,1,,,7,,,,,2,,1,,1,
269,21,,8,4,2,,,,5,,,2,2,3,2,,3,1,2,3,1,,,,2,,2,,,,27,,3,1,13,3,10,,4,2,3,1,2,1,2,3,2,,2,,1,,21,7,3,,6,3,13,,5,2,3,4,,3,13,,3,2,2,13,2,5,2,,,3,9,3,,8,,20,11,5,2,,2,6,,2,2,2,14,,3,,1,3
270,1,,9,,1,1,1,1,2,,,,14,1,,,,1,,10,16,2,,,,,,,,2,21,2,,4,1,1,6,,2,1,12,,2,14,,1,2,,1,,,1,13,1,13,,,,,1,2,1,,1,,,,2,2,2,8,2,,2,,,,,1,2,,2,,2,14,1,1,1,,5,1,1,2,,,1,1,2,2,
271,,,5,,,,,,,,,,11,,,,,,,,13,,,,,,,,,,18,,,,,,,,23,,17,,8,15,,,,,31,,,,12,,11,,,,,,,,,26,,,,,11,6,,,,7,,,,,6,10,,30,,22,10,,4,,,8,,,,,,,5,,,
272,,,9,,,,,,,,,15,2,,,,,,,,11,,,,,,,,,,1,,,,,,,,17,,16,,6,16,,,,,,,,,4,,12,,,,,,,,,25,,,,,11,12,,,,12,,,,,9,10,,31,,16,11,,12,,,6,,,,,,,16,,,
273,,,3,,7,,,,,,,,1,,2,6,2,1,2,1,,,3,,,5,,3,3,,2,4,,,,,3,,,,,,,2,1,3,,,,,1,,,,,,,,,1,,3,1,4,3,,4,,1,,,,,,4,,,,,,,,6,4,,2,,1,4,,2,,6,1,,1,,,3,
274,,,7,1,,,,,,,,,2,,4,,,,,,13,,,3,,,1,,,,25,,,,,,3,,17,,12,,2,9,,,,,34,,,,6,,12,,,,,,,,20,28,3,,,,12,17,,,,13,,,,,8,10,,21,,21,13,,12,,,6,,9,,,,,6,,,
275,,2,,,7,,,,2,,,1,,,,1,3,,2,4,,,1,,,1,,1,3,,1,3,,,,,3,,,,,,,4,4,2,,,,,3,,,,,,,,,,,3,4,2,3,2,1,,4,,,,,,2,,,,,,,,3,2,,1,,2,3,,1,,5,4,,2,,,1,
276,,,6,1,,,,,,,,3,6,,,,,,,,14,,,,,,,,,,21,,,,,,,,20,,12,,10,16,,,,,30,,,,5,,2,,,,,,,,,20,,,,3,11,15,5,,,7,,,,,10,12,,24,,18,7,,15,,,7,,,,,,,13,,,
277,,,5,,,,,,,,,,12,,,,,,,,14,,,,,1,,,2,,19,,,,,,,,21,,16,,4,15,,,,,35,,,,2,,7,,,,,,,,,20,,,,,9,13,6,,,11,,,,,9,2,,15,,25,9,,17,,,2,,,,,,,15,,,
278,6,9,,4,,1,,,2,3,,3,7,,,6,,2,,2,,5,,,,2,2,,,1,,6,,,,,,3,4,,6,5,,,,2,3,,,,,4,5,4,5,1,5,5,2,,,4,,3,,,2,2,4,,,,2,,6,2,6,,3,,,,2,,,4,,,,,5,,,4,5,,3,4,3,
279,7,1,4,1,1,5,1,1,1,6,1,,1,1,7,1,1,1,1,6,1,10,8,1,1,1,1,6,1,1,6,5,1,6,1,1,1,,1,,1,1,1,1,1,,9,1,1,1,1,11,1,1,1,5,3,,1,1,1,1,,,1,1,1,,1,1,1,1,,23,1,,1,,1,1,,1,,,1,1,1,2,1,1,1,1,1,1,1,7,1,1,1,1
280,,,6,,,,,,,,,2,5,,,,,,,,12,,,3,,,,,,,19,,,,,,,,22,,15,,8,14,,,,,33,,,,14,,9,,,,,,,,,4,,,,1,10,13,5,,,8,,,,,10,12,,3,,20,3,,7,,,2,,,,,12,,13,,,
281,2,,2,,,2,,,,,,14,5,,,,,,,,16,,,,,,,,,,22,2,,,,,,1,29,,5,,9,,,2,,,,,,,15,4,13,,,,5,,,,8,,,,,,12,,,,11,13,,,,,13,12,,30,,6,2,,15,,,3,,,1,4,,,9,,,
282,1,1,1,1,1,1,2,1,1,1,1,2,2,,2,2,1,1,1,1,1,2,1,1,1,2,1,,1,2,2,1,1,,1,1,2,1,1,1,2,1,1,2,1,1,1,1,,1,2,,2,1,1,2,2,1,2,2,2,,2,2,1,1,1,1,1,1,1,2,1,1,1,1,2,1,1,1,2,1,2,1,2,2,1,1,1,2,1,1,,2,1,,1,1,2,1
283,,,2,3,,1,,2,1,,3,,12,,6,,,,,10,1,,,2,,,3,,1,,17,,,,,,2,,1,,12,,,11,2,1,2,,2,,,,8,,1,,2,1,,,,,,2,2,,,1,7,8,8,,1,10,,,,,1,1,,29,,1,11,1,13,2,2,7,,,2,,2,1,15,,1,2
284,4,,4,,,,,2,,,,11,4,,,,,,,,13,,,2,,,,,,,3,4,,,5,,,,28,,2,,11,,,4,,,,1,,,13,2,14,,,,1,,,,6,,,,,5,12,4,,,11,14,,,,,12,20,,31,,3,5,,14,,,1,,,2,2,,,9,,,
285,,,8,,,,,,,,,,11,,,,,,,4,15,,2,,,,,,,,21,,,3,,,,,14,,17,,6,16,,,,,20,2,,,10,,4,2,,,1,,,,16,27,,,,,6,11,8,,,14,,,,,11,8,,13,,21,14,,12,,,6,,,,,,,9,,,
286,,,1,1,1,1,,1,1,1,1,1,,1,1,,1,1,1,1,2,,1,2,1,2,1,1,2,1,1,,1,,1,1,1,,1,1,1,1,1,1,2,1,1,1,1,1,1,1,23,1,1,1,1,1,1,1,2,1,1,6,1,1,1,,1,1,2,1,1,1,1,1,1,1,1,1,1,1,1,,2,1,1,1,2,1,1,1,1,1,1,2,1,,1,1
287,1,1,1,1,1,1,1,1,1,1,1,1,1,1,1,1,1,1,1,1,1,1,1,1,1,1,1,1,1,1,1,1,1,1,1,1,1,1,1,1,1,1,1,1,1,1,1,1,1,1,1,1,1,1,1,1,1,1,1,1,1,1,1,1,1,1,1,1,1,1,1,1,1,1,1,1,1,1,1,1,1,1,1,1,1,1,1,1,1,1,1,1,1,1,1,1,1,1,1,1
288,,,9,1,,1,,,,1,,,6,,,,,,,,15,,,,,1,1,1,1,1,16,,,6,,,,,21,,1,,1,18,,1,,1,1,,,,9,,12,,,,1,1,1,,1,23,,,1,,8,16,1,1,,1,,1,,,11,14,,19,,1,,,1,,,5,,,,,1,,11,,1,
289,3,5,5,6,,1,1,,,5,8,1,6,,3,11,4,2,1,7,26,1,4,,1,4,,1,,4,8,5,,1,1,,,,,,7,4,,3,3,,12,1,,1,10,3,4,7,,2,9,,3,1,6,1,2,5,6,1,3,1,1,1,6,11,1,24,4,4,1,1,10,6,1,,3,,1,4,,4,10,5,3,,3,3,,6,1,4,,2
290,,,7,,,,,,,,,,6,,,,,,,,15,,,,,,,,,,20,,,,,,5,,20,,21,,10,9,1,,,,3,2,,,12,,14,,,,,,,,,28,,,,,10,13,5,,,12,,,,,8,8,,29,,18,10,,1,,1,1,,,,,,,8,,,
291,,,6,,,,,,,,,,12,,2,,,,,,14,,,,,,,,,,20,,,,,4,,,22,,17,,7,16,,,,16,31,,,,5,,12,,,,,,,,,22,,3,,,4,16,,,,11,,,,,7,3,,26,,13,10,,15,,,4,,,,,,,8,,,
292,1,1,1,1,1,1,1,1,1,1,1,1,1,1,1,1,1,1,1,1,1,1,1,1,1,1,1,1,1,1,1,1,1,1,1,1,1,1,1,1,1,1,1,1,1,1,1,1,1,1,1,1,1,1,1,1,1,1,1,1,1,1,1,1,1,1,1,1,1,1,1,1,1,1,1,1,1,1,1,1,1,1,1,1,1,1,1,1,1,1,1,1,1,1,1,1,1,1,1,1
293,1,2,,6,,1,3,,1,4,2,2,1,,3,13,3,3,1,7,,1,5,,3,6,,2,1,2,1,4,1,3,1,,1,3,,1,9,1,3,1,1,,12,1,1,1,15,2,2,3,1,,3,1,3,,7,2,1,,1,1,1,1,8,1,6,1,,1,4,3,,1,1,2,,3,1,,1,1,,1,2,1,5,,,3,,5,3,1,,1
294,2,2,1,,,,,,,,,1,10,,5,,1,,,1,1,,1,,1,,1,,3,,3,,1,,,,,,1,1,17,,3,16,1,2,,,28,,,,1,1,1,,2,1,,,,,,1,1,1,1,,1,2,2,1,,12,,,,,1,3,1,6,,1,13,1,14,1,,5,,1,1,,,,3,1,,
295,,,5,,,,,,,1,,,11,,,,,,2,7,10,,,,,,,,,,20,,,,,,,,2,,13,,9,3,,,,2,27,1,,,9,,4,,,,,,,,,26,,,,3,13,11,,,,9,,,,,11,12,,21,,23,13,,9,,,1,,8,,,,,12,,,
296,6,1,,5,,2,,,1,4,,4,7,,,4,,2,1,,,1,3,,,3,4,,,7,2,1,1,,,3,,5,1,,1,1,,,,5,5,,,,,6,7,6,1,,8,4,2,,5,4,,5,,3,3,4,5,,,,5,,3,8,3,,6,,,,2,,1,3,,,,,5,,,2,8,,4,2,6,
297,,,6,,,,,,,,,,12,,,,,,,,14,,,,,,,,,,22,,,,,,,,21,,13,,1,15,,,,,32,,,,14,,1,,,,,,,1,,27,,2,,,12,11,,,,13,,,1,,7,12,,29,,18,12,,12,,,12,,,,,,,13,2,1,
298,,,9,,,,,,,,,,9,,,,,,,,9,,,,,,,,,,18,,1,,,,,,23,1,18,,5,12,,,,,26,,,,6,,11,,,,,,,,,27,,,,,12,3,,,,11,,,,1,10,5,,28,,21,12,1,1,,,6,,,,,,,13,,1,
299,10,,3,,,,2,,5,,5,8,12,,,,,,,12,1,,,2,,,,,,,10,,5,,,,,,23,,6,,1,18,,,,,,,,,11,,14,,,,13,,,,13,1,,,,,5,1,,,,9,,,,9,7,14,,1,,3,,,16,,,4,,,,,,,2,,,
300,7,,4,3,,,1,,,,6,9,12,,,,,,,9,3,,1,5,,1,,2,,,1,,6,1,,2,,,22,,6,,5,20,1,7,,,,,,,12,,15,,,,1,,2,,2,7,,,,,6,2,,,10,6,,,,5,5,15,,36,,2,1,1,2,,,6,,,,,1,,4,,,
301,2,,5,2,2,2,1,,1,,1,1,2,1,,1,2,1,2,2,13,,2,1,2,,,,1,,2,2,2,1,2,1,2,1,24,2,1,2,7,2,,1,1,1,,2,1,,1,1,2,,,17,1,2,,1,,2,1,1,2,1,1,17,,,2,1,,2,1,2,1,1,1,2,,20,1,1,2,2,1,2,1,7,,1,2,,2,1,1,3
302,18,,8,,19,,,,3,,1,5,9,,,,,,,12,10,,,1,,,,,,,13,,,,,,,,22,,6,,2,18,,,,,,,,,12,,5,,,,,,,,11,9,,,,,5,20,,,,9,,,,6,6,19,,35,,2,,,14,,,7,,,,,,,6,,,
303,,,6,1,,,,,,,,,11,,,,,,,,16,,,,,,,,,,23,,,,,,,,4,,15,,9,16,,,,,21,,,,6,,4,,,,8,,,,,29,,,,,14,12,,,,1,,,,,4,12,,28,,22,12,,2,,,7,,,,,,,10,,,
304,,,9,,,,,,,10,,,6,,,,,,,,7,,,,,,,,,,22,,,,,,,,18,,16,,6,12,,,,,28,,,,11,,8,,,,3,,,,,29,,,,,11,14,,,,9,,,,,3,3,,29,,16,7,,16,,,6,,,3,,,,16,,,
305,7,1,9,1,1,1,1,1,,5,1,,9,1,1,1,1,5,1,1,1,1,1,,1,8,1,8,1,,1,1,1,1,5,1,,1,1,1,5,,1,1,1,1,1,4,,,1,1,,,,1,1,,1,,1,8,,1,2,1,4,9,7,1,4,7,1,1,5,1,1,1,1,8,,1,1,1,1,,1,1,1,1,7,,1,1,1,1,,1,1,
306,,,3,,1,,,,1,,,,,,,2,2,,1,3,,,2,,,5,,3,2,,2,3,,,,,3,,,1,,,,3,2,1,,,,,3,,,,,,,,,,,4,3,2,4,,2,,3,,,,,,3,,,,,,,,7,5,,3,,3,4,,1,,3,4,,5,,,2,
307,3,2,6,2,1,2,1,1,,6,,1,1,,5,2,,1,2,1,2,4,4,2,15,5,3,3,2,3,3,3,,4,,1,,,2,,,1,1,,10,,2,5,32,3,1,2,1,,1,1,4,2,1,3,3,8,,1,,3,2,,1,5,,12,1,2,2,3,,1,1,1,4,,1,3,12,,4,4,4,4,,2,,3,10,2,2,,5,1
308,,,7,,,,,,,,,,3,,,,,,,3,2,,,,14,,,,,,23,,,,2,,3,,20,,17,,4,4,,,,,28,,,,10,,8,,,,7,,,,,18,,,,,12,15,,,,12,,,,,10,8,,29,,9,13,,16,,,4,6,5,,,,,12,,,
309,4,,4,,,5,,,,,,13,5,,,,,,,,14,,,,,,,,,,4,3,,,5,,,,27,,4,,10,,,5,,,,,,,1,3,17,,1,,8,,,,5,,,,,1,5,,,,1,14,,,,1,14,19,,33,,5,1,,15,,,5,,,3,2,,,10,,2,
310,7,7,10,,,5,3,,,5,6,,2,,4,7,1,3,3,1,1,4,,,5,7,,5,,,7,1,,1,7,,,,,,7,,,3,7,,10,5,,,7,3,,,,5,4,,9,,8,7,,3,5,7,1,8,,9,6,10,1,25,1,,,,6,9,,,,,6,,1,2,12,5,2,,3,,,1,,2,,
311,,,8,1,,,,,8,1,1,1,7,,,,,1,1,,15,,,,,,,,,,18,,,1,,,,,21,,9,,6,17,,,1,,25,1,,,1,,1,,,,,1,,,,1,,2,,4,12,15,7,,,11,,,,,10,1,,16,,1,11,,15,,,9,2,,,,,,3,,1,1
312,6,4,8,,,5,4,,,4,4,,8,,5,11,,4,,5,22,8,7,,9,7,,7,,,2,5,,4,4,,,,,,4,,,3,9,,2,3,,,8,9,,,,2,6,,3,,8,7,,,1,8,3,8,6,4,3,6,,23,4,,,,9,7,,,,,2,,7,4,8,2,6,,,,,5,,4,,
313,,,1,,,,,,,,,,7,,,,,2,,,15,,,,,,3,,,,18,,,4,,,,,23,,17,,1,11,1,,,,30,,,,9,,13,3,,,,,,,,28,,15,2,,14,15,,,,10,,,,,11,4,,29,,20,10,,12,,,8,,,,,,,16,,,
314,,,5,7,,,,,,,,,14,,,,,3,,,15,,,10,,1,,,,,19,,,1,,,,,20,,18,,11,12,,,,,33,,,,14,,11,,,,6,,,,,27,,,,,13,6,,,,4,,,,,11,5,,28,,23,12,,16,,,8,,,,,3,,16,,,
315,,,8,,,,,,,,,,5,,,,,,,,13,,,,,,,,,,15,,,,,,,,22,,16,3,5,17,,,,,32,,,,6,,11,,,,,,,,,27,,,,,9,17,,3,,1,,,,,9,13,,18,,7,,,14,,,7,,,,,,,10,,,
316,1,1,1,,,,1,1,1,1,,3,1,,1,,,2,,1,1,1,1,1,,1,1,,1,,13,,1,1,,1,,,1,,1,,4,1,,,1,1,1,,1,,1,,1,,,1,1,1,1,1,1,1,1,1,,,1,1,1,1,3,1,1,1,3,,1,13,,1,,1,1,1,1,1,,1,,1,1,,1,,6,,1,
317,16,,6,,18,,,,5,1,6,1,9,,,,,,,,11,1,2,4,3,,5,,1,,7,,,,,,1,,19,,6,,3,16,,,,,33,,,,6,,13,,,,,,,,13,6,,,,,13,8,,,,3,,,,9,7,1,,6,,10,14,,15,,,4,,,,,,,11,,,
318,,,5,,,,,,,,,,12,,,,,,,,2,,,,,,,,,1,26,,,,,,1,,20,,16,,9,17,,,,,31,,,1,11,,9,,,,,,,,,19,,,,,12,9,,,,8,,,1,,11,9,,12,,15,12,,8,,,4,,1,,1,,,6,,,
319,,8,,6,,3,5,,,1,,4,5,,5,5,2,5,,3,3,2,2,2,2,2,2,4,,,,,,3,,,4,,,1,,1,,,3,,,,,,3,3,4,,,,,5,2,,1,,,2,,2,3,,,3,4,,,23,,2,,,5,3,,,2,2,6,5,1,4,,,5,3,,1,,,,1,2,
320,5,1,5,,,,,,,,,10,5,,,,,,,,16,,,6,,,,,,,2,5,,,,,,,26,,4,,7,,,6,,,,,,,13,3,15,,,,9,,,,6,,,,,2,7,3,,,9,6,,,,,7,17,,32,,4,4,,14,,,2,,,,1,,,8,,,
321,4,5,1,4,1,1,,,1,4,,3,7,,,3,,1,,,,5,,,1,4,1,,,1,,1,1,,1,,1,1,5,,1,5,,,1,7,3,1,,1,,2,7,3,4,1,7,1,1,,,3,1,1,,,4,4,1,,,,1,,1,2,2,,1,1,1,1,3,,1,1,,1,1,1,1,,1,6,1,,4,1,1,1
322,,,5,,,,,,,,,4,3,,,,,,,,9,,,,,,,,,,22,,2,,,,,3,18,,17,,9,5,,,,,33,,,,6,,2,,,,,,,,,28,,,,,12,12,4,,4,7,,,,,2,7,,26,,22,13,,15,,,2,,,,,,,15,,,
323,,,8,,,,,,,,,,4,,,,,,1,,14,,,,,,,,,,24,,,,,,4,,13,,16,,3,14,,,,,2,1,,,7,,1,,,,,,,,,27,,,,,3,15,,,,13,,,,,7,12,,28,,18,14,,8,,,3,,,,,,,5,,,
324,,,4,,,,,,,,,,11,,,2,,,4,1,12,,,6,14,,,,,,23,,,,3,,2,,23,,8,,6,1,,,6,,33,,4,,12,,6,,,16,2,,,,,19,,7,,,13,16,,,,2,,,,,8,11,,3,,19,10,,22,,,8,,6,,,15,,15,,,2
325,,,8,,,,,,,,,,16,,,,,,,,12,,,,,,3,,,,21,1,,,,,,,23,,18,,10,14,,,,,26,,,,12,,6,,,,,,,,,23,1,,,,10,14,,,,9,,,,,9,12,,26,,23,10,,15,,,8,,,,,,,2,,,
326,4,7,3,,,4,2,,,4,5,,3,,8,12,,3,,4,24,8,6,,8,6,,3,,,9,1,,6,,,,,,,6,,,6,12,,6,4,,,10,9,,,,7,7,,5,,11,6,,,4,8,1,4,5,7,5,9,,23,2,,,,8,6,,,,,2,,6,2,8,5,4,,,,,5,,6,,
327,,7,,7,1,1,6,,,1,,1,5,,4,14,1,7,,3,1,1,1,4,4,1,3,4,,,,,,3,,1,1,1,1,2,,3,,1,4,,,,,,3,4,5,,,,,1,3,,2,,1,4,1,4,4,,,3,3,,,1,,3,,,1,4,1,,4,1,1,5,4,3,1,,4,1,,2,1,,,1,1,
328,,,3,,1,,,,,,,,,,3,3,2,,4,3,,,3,,,2,,4,1,,6,4,,,,,1,,,,,,,1,4,4,,,,,1,,,,,,,,,,,1,3,5,1,,4,,3,1,,,,1,1,,,,,,,,2,1,,3,,1,2,,3,,4,2,,1,,,3,
329,,,7,,,,,,,,,,3,,,,,,,,12,,,,,,,,,,2,,,,,3,,,15,,17,,9,,,,,,27,,2,,12,,13,,,,,,,,,3,,,,6,11,1,,,,11,,,,,8,14,,7,,19,10,,15,,,5,,4,,3,,1,13,,,
330,15,,7,,20,,,,6,,5,7,8,,,,,,,6,11,,,5,,,,,,,13,,,2,,,,,23,,5,,5,19,,,,,,,,,10,,13,,,,,,,,2,9,,,,,1,18,,,,1,,,,9,8,18,,36,,4,,,17,,,6,,,,,,,7,,,
331,,,8,,,,,,,,,,11,,,,,,,3,16,,3,7,,,,,,,15,,,,,,,,23,,11,,6,14,,,,1,29,,,,12,,5,,,,1,,,,,23,,,,,2,9,,,,14,,,,,10,12,,29,,23,11,,2,,,7,,,,,2,1,11,,2,
332,,,8,,,,,,,,,,9,,3,,,,,,11,,,,,,,,,,22,,,,,,,,14,,17,,7,15,,,,,26,,,,7,,4,,,17,,,,,,23,,,,,3,14,,,,13,,,,,8,12,3,26,,14,12,,12,,,4,,,,,,,16,,,
333,6,5,14,,,6,1,,,3,2,,3,,7,10,1,4,,7,21,9,4,,11,4,1,5,,,5,2,,1,7,,,,1,,7,1,,9,10,2,9,2,,,13,8,,,,4,9,,7,,13,6,1,,1,9,5,10,5,7,7,4,,25,2,,1,,2,5,,,,,5,,10,1,8,1,1,,,,,5,,1,,
334,,,9,,,,,,2,,,,7,,,,,,,,12,,,,,,,,,,23,,,,,,,6,19,,16,,8,16,,1,,,29,,,,13,,12,,,,,,,,,24,,,,,15,15,,,,12,,,,,8,5,,28,,14,2,,17,,,7,,7,,,,,17,,,
335,1,1,1,1,1,1,1,1,1,1,1,1,1,1,1,1,1,1,1,1,1,1,1,1,1,1,1,1,1,1,1,1,1,1,1,1,1,1,1,1,1,1,1,1,1,1,1,1,1,1,1,1,1,1,1,1,1,1,1,1,1,1,1,1,1,1,1,1,1,1,1,1,1,1,1,1,1,1,1,1,1,1,1,1,1,1,1,1,1,1,1,1,1,1,1,1,1,1,1,1
336,,1,5,1,,,1,1,1,1,1,8,6,1,,1,,,,10,12,,,1,,2,1,1,1,1,8,,,2,1,,1,1,21,,12,,9,18,,,1,1,30,,,,9,1,1,1,1,,1,,3,,16,10,1,,,,8,1,7,1,1,1,1,,,,7,1,,5,,6,1,,1,,,5,,,1,,1,1,1,1,,1
337,9,6,1,,,1,4,,1,6,2,,1,,6,12,,1,1,1,3,9,,,7,8,,9,,,6,5,,2,6,,,,,,8,,,4,6,,11,5,,,8,3,,,,3,4,,7,,8,10,,2,5,6,4,2,,11,7,11,,25,3,,,,8,1,2,,1,,6,,4,2,12,6,3,,2,,,7,,4,,3
338,,,1,,,,,,,,,,8,1,,,,,,,1,,1,1,,,,,,,23,,,4,,1,,,19,,16,,1,5,,,1,,29,,,1,13,,8,,,,8,,,,,1,,1,10,4,10,12,,,,13,,,1,,9,1,,28,,20,9,,15,,,5,1,7,,,,,14,,1,
339,,,4,,3,,,,,,,,6,,15,,,,,,10,,,,,5,,,,,21,,,,,,,5,20,,18,4,9,12,,,,,34,,,7,9,,11,,,,,,2,,,23,,5,,,14,8,10,,,8,,,,,,9,,14,,10,11,,14,,,5,,,,,,,14,1,,
340,,,6,,2,,,,,,,,5,1,16,,,,1,,11,,,,15,12,1,,,,24,,,,4,1,1,,18,,15,2,1,9,,,1,,35,,,5,7,,7,,,17,3,1,3,1,,20,9,,,1,14,1,,,2,3,,,,1,,10,,16,,11,11,,15,,,7,,1,,,,1,14,,,3
341,,,5,,,,,,,,,4,1,,,,,,1,,14,,,,,,,,,1,23,,,,,1,2,6,20,,11,,10,17,,,,3,1,,,,6,,3,,,,,,,,,26,1,,,2,12,16,,1,,13,,,3,,5,13,,29,1,19,12,,16,,,6,,8,,,,,1,,,1
342,,,7,,,,,,,,,,12,,,,,4,,,14,,,,,,,,,,2,,,2,,,,,16,,18,,9,12,,,,,29,,,,11,,11,2,,,,,,,,26,,,,,12,12,,,,11,,,,,6,12,,29,,23,12,,15,,,7,,,,,,,16,,,
343,7,5,13,,,6,4,,,2,6,,7,,6,11,,4,,6,21,10,5,,12,7,1,6,,,8,4,,5,4,,,,,,5,2,,8,11,,10,4,,,12,7,,,,3,8,,5,,4,3,,,3,1,2,11,6,7,6,2,,20,2,,,,1,5,,,,,4,,10,5,11,4,5,,,,,3,,5,,
344,,,4,,,,,,,,,,14,,,,,,,,10,,,,,,,,,,23,,,,1,,,,20,,13,,8,16,,,,,26,,1,,12,,11,,,,1,,,,,24,,,,3,14,11,,,,2,,,,,10,12,,27,,25,9,,9,,,6,1,,1,,,,12,,,
345,,,6,,,,,,,,,,10,,,,,,,,16,,,,,,,,,,22,,,,,,,,19,,13,,4,9,,,,,28,,,,13,,9,,,,9,,,,,28,,,,,14,12,,,1,15,,,,,1,14,,28,,5,13,,13,,,5,,,,,,,11,,,
346,15,,9,,,,2,,6,,2,,11,,,,,,,10,12,,2,4,,,,,,,6,,,,,,,,22,,6,,2,19,,,,,,,,,12,,15,,,,,,,,10,6,,,,,3,17,,,,10,,,,11,2,15,,34,,1,,,13,,,6,,,,,,,3,,,
347,,,1,1,,,,,,,,,6,,,,1,,,,9,,,,,,1,1,,,23,,,,,,,2,21,,15,5,10,11,,,,,35,,,5,11,,1,,,,6,,3,,,20,,1,,,15,18,9,,,11,,,1,,11,4,,17,,12,12,,16,,,7,,3,,,2,1,1,,,
348,0,0,0,0,0,0,0,0,0,0,0,0,0,0,0,0,0,0,0,0,0,0,0,0,0,0,0,0,0,0,0,0,0,0,0,0,0,0,0,0,0,0,0,0,0,0,0,0,0,0,0,0,0,0,0,0,0,0,0,0,0,0,0,0,0,0,0,0,0,0,0,0,0,0,0,0,0,0,0,0,0,0,0,0,0,0,0,0,0,0,0,0,0,0,0,0,0,0,0,0
349,,1,1,2,27,12,2,1,2,20,2,26,,20,,1,1,2,,24,1,1,14,30,2,1,9,,25,14,,1,13,5,24,30,,14,,2,7,1,5,44,14,1,19,28,1,28,1,5,33,1,1,30,18,13,23,,3,,9,25,32,9,25,,17,29,1,25,,13,1,17,,,2,,2,1,21,3,1,18,1,20,7,35,28,1,1,1,37,2,,47,16,9
350,2,,6,16,31,11,31,19,1,21,,25,,20,,6,,10,,21,,,12,32,,1,6,,25,13,,25,9,,24,20,5,17,,14,5,,,46,11,16,21,25,,18,12,9,35,27,13,38,21,11,3,,13,,17,25,27,19,19,,2,28,,27,,10,,1,,,,,3,,20,40,,19,17,28,19,35,32,20,23,19,28,29,22,48,13,26
351,2,1,2,3,2,2,2,2,4,,2,2,7,2,,,2,,,,19,4,,1,1,2,,4,7,2,2,,4,2,,,3,2,4,1,,5,,3,2,2,,3,,3,1,2,39,2,5,,1,3,,6,1,4,3,1,,,,2,4,1,2,2,,1,2,,,2,,2,4,6,4,,8,3,,1,,2,6,,,20,4,2,6,1,1,18
352,,1,19,8,30,12,32,14,36,20,,22,,12,,15,,8,5,18,,,2,28,,15,12,,28,8,,23,8,,16,29,,17,,15,7,,,46,12,17,7,8,,4,9,12,31,29,8,32,17,11,23,5,11,,17,26,34,18,24,6,14,31,,8,,12,12,20,,,,,,,25,46,,16,3,14,7,34,36,24,25,11,18,23,11,48,12,2
353,,,23,14,23,10,29,13,35,11,,5,,10,,20,,7,,2,,,13,26,,19,11,,17,13,16,,11,,18,26,3,10,18,15,11,18,,41,10,12,15,22,,24,9,10,21,25,17,25,17,6,14,28,12,,15,20,28,18,17,,16,27,,22,,1,10,18,,,,9,,,23,3,,8,15,20,12,25,28,16,7,20,26,25,9,43,17,17
354,,,21,17,30,14,31,3,33,22,,24,,21,,26,,10,3,25,,,15,32,1,20,14,,30,18,,,6,,24,25,1,19,,17,4,,,44,15,17,19,23,,28,12,8,35,29,8,40,14,11,20,,16,,13,24,27,19,14,,4,5,,7,,7,,21,,,,,,,16,38,,16,17,27,21,38,32,24,22,16,33,25,19,51,16,23
355,,,23,17,26,15,30,2,40,22,,24,,20,,24,,10,,23,,,15,32,,17,12,,29,17,,,11,,22,26,,20,,19,3,,,46,13,17,19,25,,28,15,10,34,26,15,35,13,11,4,28,,,15,24,29,15,13,,4,27,,24,,10,,19,,,,,,,14,37,,17,15,27,17,29,32,23,24,17,35,27,18,50,13,27
356,2,1,2,19,1,1,1,14,1,,6,3,,1,1,3,4,2,2,2,2,,1,1,2,7,15,1,1,8,1,2,2,19,28,24,,,3,,1,1,,46,4,17,1,27,5,5,6,2,33,3,1,1,2,1,2,1,14,1,2,2,5,21,21,13,7,1,2,1,1,1,1,2,2,,1,1,1,,2,5,2,1,1,25,19,1,18,1,27,1,7,1,1,1,1,26
357,,15,9,26,33,7,33,4,2,28,,20,,15,,7,3,14,,18,,,,36,,21,3,,30,15,,10,8,16,18,30,1,5,17,2,2,,,45,,3,3,6,,25,5,4,35,26,1,42,18,10,3,,,,7,1,24,20,21,2,5,34,,9,5,6,,3,,3,,6,,,28,2,3,19,16,26,12,37,27,25,18,4,,29,20,1,15,28
358,1,1,1,1,1,1,1,1,1,1,1,1,1,1,1,1,1,1,1,1,1,1,1,1,1,1,1,1,1,1,1,1,1,1,1,1,1,1,1,1,1,1,1,1,1,1,1,1,1,1,1,1,1,1,1,1,1,1,1,1,1,1,1,1,1,1,1,1,1,1,1,1,1,1,1,1,1,1,1,1,1,1,1,1,1,1,1,1,1,1,1,1,1,1,1,1,1,1,1,1
359,,,16,19,31,14,3,4,41,22,,23,,22,,25,,12,5,27,,,13,33,,20,14,,30,16,,,8,,26,27,,19,,18,10,,,14,15,17,21,23,,28,15,11,34,1,15,38,18,4,1,,17,,13,24,34,7,12,,1,27,,25,,10,,21,,,1,,,1,18,4,,15,15,29,21,36,33,24,26,20,35,20,20,51,15,27
360,,,17,17,31,13,34,6,34,22,,21,,19,,26,,8,,25,,,16,31,,18,15,,30,17,,,9,14,23,27,,18,,16,10,,,45,10,12,19,25,,27,14,3,31,28,13,36,15,9,21,31,11,,13,22,34,18,23,,10,26,,27,,11,,19,,,,,,,23,6,,14,15,24,15,36,30,22,25,13,34,29,16,47,18,27
361,,,22,19,33,16,2,1,40,22,,25,,21,,27,,9,,27,,,15,32,,19,14,,27,16,,,9,,23,1,,20,,17,6,,,45,14,19,22,23,,29,14,9,33,3,10,39,17,12,20,,17,,15,26,32,18,21,,3,3,,20,,1,,22,,,,,,13,18,35,,16,17,28,20,40,32,24,24,19,35,22,21,51,19,27
362,,,18,19,29,15,35,16,31,22,,2,,22,,24,,10,,23,,,17,30,,16,7,,29,16,1,,7,,24,29,,18,,,9,,,43,13,12,2,23,,26,12,7,1,24,9,29,18,12,20,,9,,15,24,32,19,24,,17,1,,1,1,10,,18,,,,,,,27,47,,15,10,1,20,37,17,23,24,20,35,29,15,2,16,27
363,14,,19,5,26,12,28,15,35,21,,9,,17,,17,,5,,5,,,9,22,,19,10,,7,3,,21,11,,13,18,,12,14,12,3,14,,41,14,17,12,19,,14,5,2,24,29,16,17,8,11,10,,11,,10,17,29,19,21,,14,27,,21,,7,,19,,,,,,9,18,17,,16,10,28,11,35,17,16,16,17,9,28,13,42,13,26
364,1,2,,1,3,1,,3,3,,2,3,8,1,,,4,,,,18,5,,,3,1,,3,5,3,3,,3,1,,,4,3,3,2,,4,,1,4,2,,4,,4,2,3,38,1,1,,,2,,2,,3,3,10,,,,6,3,2,1,,,,5,,,3,,,1,4,4,,5,,,2,,3,4,,,24,2,,7,2,,19
365,,,18,4,30,1,33,21,36,23,,19,,13,,24,,6,,22,,,17,29,,17,1,,28,16,,,10,1,22,28,,18,1,1,9,,1,44,1,11,22,8,,15,1,12,29,27,11,36,17,7,18,,12,1,1,1,31,17,1,,11,27,,24,,3,,21,,,1,,,,1,45,,17,3,25,20,26,1,1,26,17,32,1,16,48,20,24
366,9,,2,17,27,11,26,18,28,7,,5,,10,,18,,8,,20,,,15,14,,10,15,,21,13,20,13,6,9,19,21,,9,6,15,9,13,,42,12,15,12,26,,24,9,4,29,19,14,28,8,11,8,28,7,,15,22,29,20,16,,20,29,,25,,11,,9,,,,10,,9,16,46,31,18,14,16,18,33,32,19,19,20,12,17,1,48,16,4
367,1,4,21,18,30,4,29,1,41,20,,25,,19,,25,,10,,19,,,12,32,,17,1,,28,15,,,11,,24,24,,19,12,17,9,,,45,15,16,22,24,,26,16,1,28,21,10,33,13,11,19,35,14,,1,25,32,16,20,,7,3,,25,,10,,18,,,,,,,17,18,3,14,17,29,18,36,34,22,25,19,33,25,19,49,14,26
368,,,15,13,29,14,27,18,33,16,2,10,,14,,1,,10,,20,,,17,32,,17,15,,27,4,,26,7,,21,29,,15,,13,2,,,42,13,7,6,9,,25,12,12,29,30,10,1,16,8,21,,11,,16,23,27,16,23,4,12,4,,7,,13,,3,,,,,,,26,45,,17,5,19,20,29,35,24,24,4,17,29,16,3,18,24
369,,9,9,25,33,10,27,6,4,24,,24,,15,,6,,14,10,23,,,,34,1,21,8,,31,14,,6,9,15,1,28,3,5,17,13,2,,,42,14,18,17,8,,26,7,13,34,25,11,39,16,10,3,,16,,18,23,26,18,21,1,1,25,,25,,4,,13,,1,,7,,,22,3,4,19,2,27,11,36,28,23,24,2,,19,21,47,13,25
370,,,21,16,32,12,33,11,35,22,,22,,16,,21,,10,,24,,,16,31,,17,13,,32,11,,,4,,21,26,,18,19,15,10,,,46,16,13,22,24,,23,11,4,32,27,8,34,1,2,21,,12,,12,27,32,17,23,,8,27,,24,,8,,19,,,,,,10,23,39,,15,16,23,18,39,29,21,22,19,32,25,18,45,15,16
371,,,19,19,30,14,32,19,32,17,,23,,15,1,26,,11,1,2,,,18,30,,17,1,,28,1,2,,8,,1,1,1,1,,,7,1,,43,16,11,7,2,,25,1,6,2,24,11,36,17,9,21,,10,,16,24,1,17,25,5,1,5,,1,,11,,19,,,,1,,,27,46,,16,8,20,21,1,36,25,1,7,18,29,16,2,1,25
372,,,20,1,33,15,36,15,38,20,,25,,20,,27,,12,2,23,,,4,28,5,19,15,,29,15,,,10,,23,27,,16,,13,5,,,45,16,11,22,9,,27,12,9,31,25,3,37,15,9,23,,15,,19,24,30,9,17,,13,31,,26,,12,,20,,,,,,,20,31,,14,16,28,2,1,22,21,26,10,35,29,18,52,18,27
373,,,17,16,27,14,33,17,38,20,,25,,10,,20,,11,,22,,,10,31,,16,12,,28,15,,,7,,21,31,,18,,9,9,,,44,14,13,20,25,,27,13,11,33,20,16,32,15,9,21,,15,,17,23,34,15,22,,9,30,,25,,9,,13,1,,,,,,26,38,,17,14,26,20,35,15,23,23,14,34,29,19,42,21,25
374,,,19,18,30,16,32,15,31,21,,21,,19,,24,,4,5,21,,,17,28,,17,12,,28,17,21,,5,,1,19,,17,,13,11,,,44,13,11,10,22,,28,6,3,28,30,14,30,16,3,21,,12,,11,24,34,17,20,,15,28,,24,,9,,17,,,,,,,20,40,,8,12,25,12,27,32,24,13,15,33,25,13,36,17,25
375,,,23,9,30,9,34,17,36,22,,2,,9,,1,,1,,19,,,15,30,,15,14,,26,14,1,20,9,,20,30,,14,,14,8,,,45,12,14,6,19,,5,13,11,29,29,11,29,11,11,22,5,12,,16,24,35,19,23,1,13,25,10,18,,12,,1,,,5,11,,,25,47,,12,12,21,16,36,36,24,26,1,18,2,2,21,1,1
376,,,19,9,27,11,34,19,38,19,,14,,19,,24,,8,,22,,,15,31,,19,14,,22,18,,,7,,21,16,,20,,18,8,,,44,13,16,20,23,,22,2,13,26,21,16,40,19,3,19,,13,,11,22,28,6,22,,15,29,,21,,11,,17,,,,,,10,18,46,,2,15,24,15,35,33,20,17,13,33,28,15,34,17,21
377,,1,1,17,2,1,1,1,1,1,,23,2,1,,1,1,1,1,2,,1,1,1,,1,1,,2,1,1,1,1,1,1,2,1,1,1,1,1,2,1,47,2,1,,26,1,1,,1,1,1,1,1,1,1,2,1,2,,1,,32,2,1,1,1,1,1,1,1,1,1,1,1,,1,2,1,1,1,1,,1,1,2,21,,1,1,1,1,1,,16,1,1,1
378,,,14,17,32,14,34,19,33,19,,21,,17,,19,,11,,21,,,10,26,,1,9,,24,16,,,9,11,23,29,,19,,10,10,,,46,15,7,1,24,,27,7,14,25,27,15,29,17,11,15,,1,,16,23,29,19,21,,11,26,,22,,4,,19,,2,,,,,19,31,,16,10,18,17,34,31,20,19,3,30,27,16,46,15,24
379,5,1,,1,1,1,36,6,1,1,4,1,1,1,1,3,1,3,1,1,1,1,7,1,1,1,4,1,1,1,1,1,1,,1,1,,1,1,1,1,3,1,1,2,1,1,1,1,1,1,1,36,6,1,2,1,3,1,1,1,1,1,1,1,,1,1,1,2,,1,,1,1,1,1,1,1,5,5,1,3,1,1,1,1,,1,1,2,1,1,1,1,1,1,1,3,3
380,,8,9,25,34,11,33,4,1,27,,23,,15,,1,,14,10,14,,2,,35,,22,1,6,30,16,,4,9,14,1,30,7,4,18,12,1,,,46,,17,17,2,,26,1,12,35,28,11,43,1,13,4,,,,3,27,23,20,16,5,6,35,,9,3,7,,2,,3,,4,,,29,18,5,21,17,20,14,40,1,25,18,2,,29,21,46,15,27
381,,18,6,24,35,13,35,4,7,28,,23,,14,,1,1,1,,25,,,,34,3,22,3,,30,15,,1,9,14,3,29,5,4,14,12,3,,2,44,15,16,18,6,,26,1,14,36,23,1,40,18,11,4,,,,14,2,20,20,19,1,3,37,,9,4,2,,13,2,3,,3,,,28,3,2,21,15,22,18,1,26,26,19,22,1,29,21,48,2,28
382,,2,22,19,31,14,31,9,34,24,,26,,22,,29,,12,2,25,,,16,33,,19,14,,1,15,,,10,,25,20,,22,,15,7,,,45,1,18,21,22,,27,16,1,33,31,16,42,20,10,22,,17,,15,24,27,16,13,,7,3,,23,,11,,21,,,,,,,17,5,,16,17,28,20,36,31,22,25,18,26,26,20,50,9,1
383,,1,2,16,1,1,2,1,1,23,,22,1,1,,23,1,8,2,1,,,20,2,,1,2,,1,2,2,2,5,1,1,1,1,2,2,2,2,1,1,46,1,2,,25,,17,,1,2,27,2,38,2,2,1,,1,,1,,31,1,2,1,2,1,1,2,2,10,2,2,,,2,1,2,1,25,2,,2,2,1,20,,2,2,2,2,2,,15,44,1,2
384,2,1,3,15,32,12,32,2,1,25,,1,,21,,9,,13,1,2,1,2,1,34,2,2,4,,1,14,2,3,4,,1,22,6,5,1,15,6,,1,44,7,3,5,1,1,30,11,1,11,3,18,3,,1,2,1,2,,2,7,2,20,2,,3,29,1,26,,2,,2,3,4,12,2,2,,2,41,,2,3,1,15,36,4,2,24,2,4,30,23,2,15,27
385,,,19,1,3,13,36,16,1,21,2,7,,1,1,18,,1,,22,,,10,1,,8,16,,25,16,,,1,1,1,27,,14,20,1,11,,3,1,14,14,13,21,,26,9,15,32,28,15,18,9,1,1,33,13,,1,1,30,18,19,,15,28,,1,1,2,13,4,,1,,3,,12,19,33,33,1,12,16,6,34,18,17,24,18,25,25,13,34,14,24
386,1,2,,2,,1,36,2,,2,1,2,1,5,1,1,2,1,1,5,1,1,7,3,1,1,4,1,1,1,2,1,2,1,,1,2,1,3,2,2,1,1,2,1,2,1,,1,,4,6,1,6,1,1,3,2,,2,18,3,1,1,3,,2,2,2,,1,3,,,2,2,2,1,2,1,5,1,2,1,1,1,4,1,2,1,2,1,,2,1,2,2,2,1,3
387,,,21,15,26,12,35,16,33,22,,21,,17,,22,,7,,22,,,19,32,,15,11,,29,12,,,4,,1,27,,19,,16,10,13,,45,8,12,20,24,,16,13,12,31,26,9,37,15,3,21,,15,,12,27,30,18,21,,16,27,,23,,9,,18,,,,,,,24,45,,8,16,27,19,33,16,24,26,18,30,30,14,43,18,16
388,,,18,15,28,9,32,18,34,21,,19,,16,,23,,11,,23,,,15,30,,1,13,,23,13,,,4,1,20,27,,17,,18,8,,,45,15,10,13,24,1,21,11,11,32,27,10,34,14,9,20,,15,,14,24,27,18,22,,19,28,,23,,9,1,14,,,,,,,25,45,,15,14,24,16,36,32,22,23,14,27,29,15,45,14,25
389,,13,11,22,34,2,26,17,11,16,18,11,,16,,18,,11,,13,,,8,32,,23,17,,30,14,15,12,11,11,11,28,5,3,14,9,6,,,40,15,,14,13,,10,2,21,25,25,10,42,14,11,6,,,,8,12,17,21,18,6,25,33,,7,,8,,12,,,10,8,,14,28,17,12,20,15,19,11,26,24,33,11,37,,27,10,46,16,14
390,,,1,1,28,12,34,20,34,20,,15,,20,,21,,5,,1,1,,11,28,3,21,13,1,29,13,,,7,,25,17,,2,,10,9,18,,45,14,19,19,1,,21,14,11,32,27,1,33,15,10,22,,14,,11,23,29,17,12,,10,2,,22,,1,3,14,1,,,,,11,13,33,,18,1,25,5,36,32,23,18,19,33,28,1,43,1,23
391,,1,26,12,24,14,4,17,28,8,,24,,12,,22,,9,,22,,,14,26,,12,11,,28,15,,22,10,1,25,27,,17,13,16,5,13,,42,14,14,19,20,,4,1,13,22,25,14,33,14,14,21,33,7,,16,26,31,21,21,,8,29,,23,,11,,17,,,,,,,17,4,,15,14,24,3,34,28,18,22,14,31,26,14,47,17,22
392,,,18,17,31,16,33,17,38,17,,18,,16,,24,,10,,23,,,15,24,,1,11,,1,15,,22,3,,23,30,,17,,16,7,,,45,12,1,22,2,,22,1,12,27,29,13,29,15,12,18,,11,,11,25,30,18,24,,16,28,,20,,12,,19,,,,,,,23,42,,18,8,26,18,34,34,22,23,19,33,31,19,45,16,23
393,1,4,,6,4,2,,,2,,3,1,8,2,,,5,,,,17,6,,,4,4,,2,1,6,2,,4,4,,,1,4,1,4,,5,1,1,4,1,,5,,2,1,1,38,1,3,,,2,,3,,4,2,9,,,,4,2,5,2,,,,4,,,4,,,4,3,4,,6,,,1,,2,3,,,22,1,,8,2,,18
394,,,19,18,28,15,32,9,37,20,,19,,19,,21,,10,,22,,,15,25,,14,3,,27,14,,,10,7,2,29,,10,,18,10,,,43,13,12,20,9,,25,3,14,33,27,16,34,14,12,22,,13,,17,25,35,19,23,,17,1,,19,,12,,21,,,,,,,26,47,,19,17,24,6,26,35,21,25,7,33,26,12,46,16,20
395,,,20,15,30,11,34,21,36,20,,19,,20,,19,,8,,21,,,16,31,,18,14,,29,7,,,9,,19,28,,16,,3,10,,,43,1,3,20,24,,28,11,7,26,28,8,36,17,1,17,,12,,18,20,33,13,19,,18,3,,24,,10,,19,,,,,,,,29,,18,6,21,14,32,35,21,25,14,34,29,17,46,17,23
396,,,22,18,32,15,32,10,40,23,,25,,22,,28,,12,5,27,,,1,33,,19,3,,28,19,,,8,,24,24,,19,13,18,10,,,17,14,19,2,22,,25,15,1,32,28,6,38,21,11,20,,15,,15,26,33,17,13,,7,30,,27,,2,,19,,,,,,,18,34,,17,16,28,19,37,34,24,25,18,34,25,20,52,16,22
397,,16,10,23,31,1,31,1,38,23,,12,,16,,4,,9,,26,,,16,31,,20,5,,31,16,,,11,,23,28,4,16,,17,2,,,45,14,15,20,25,,26,12,13,33,27,5,43,17,9,1,,,,13,24,33,18,21,,7,32,,5,,6,,17,,3,,,,,23,38,,18,15,26,19,37,29,21,19,3,33,28,17,47,12,27
398,,1,21,8,28,12,28,17,36,21,,20,,13,,24,,3,4,19,,,14,30,,16,14,,26,7,,3,7,,23,30,,15,,17,7,,,45,12,7,1,6,1,17,8,12,32,29,9,30,17,9,22,,14,,16,22,35,18,16,7,15,3,9,2,,12,,19,,,,,,,24,43,,16,2,24,16,31,35,15,26,6,26,23,12,22,17,18
399,2,3,,5,2,3,,4,1,,3,5,7,4,1,,4,,,,1,6,,,4,1,,4,2,6,3,,1,5,,,3,3,2,3,,6,,2,5,2,,5,,3,3,2,39,3,5,,,4,,2,,3,1,9,,,,5,2,5,2,,,,4,,,5,,,3,2,5,,5,,,4,,2,3,,,20,1,,9,3,,18
400,,,19,11,29,13,33,15,37,12,,18,,11,,19,,11,,23,13,,19,28,,16,5,,25,17,,,5,,18,28,,14,,13,11,12,,41,12,11,19,23,,19,11,13,33,28,13,34,15,9,21,,13,,16,23,32,16,18,,11,28,,1,,11,,15,,,,,,,24,45,,7,14,19,17,24,28,20,27,4,32,27,10,45,16,24
401,2,1,,1,,1,1,1,,1,2,1,1,6,1,2,1,1,2,1,1,1,8,1,1,1,5,2,1,1,1,2,1,1,,2,1,1,4,1,1,1,1,1,2,1,1,1,1,,5,1,1,1,2,2,4,1,,1,1,4,1,2,4,1,1,1,1,,1,4,,,1,1,1,1,3,1,1,2,1,2,1,1,1,1,1,1,1,1,1,1,2,1,1,1,1,4
402,,,18,14,25,14,34,19,36,19,,15,,18,,22,,10,,24,,,15,31,,17,11,,28,16,,,6,,22,26,,19,21,17,13,,,44,17,4,20,22,,23,13,5,34,22,15,34,17,2,22,28,13,,11,22,33,11,21,,11,28,,25,,11,,16,,,,,,,23,42,,17,8,8,20,36,31,23,20,19,31,27,17,41,13,26
403,,,22,18,27,13,32,3,40,21,,24,1,23,,25,,11,3,26,,,17,32,,17,15,,29,3,,,9,,25,24,,20,,19,6,,,17,16,19,20,23,,26,13,6,33,27,9,39,20,11,2,,12,,15,23,31,15,19,,6,4,,23,,11,,19,,,,,,,15,2,,18,15,27,20,37,33,25,22,20,34,25,20,51,14,26
404,,,4,11,29,10,32,13,29,15,,20,,16,,5,,9,1,20,,,15,30,1,14,3,,27,13,,19,9,,19,19,,12,,16,3,,,44,12,16,22,5,,21,13,12,29,26,1,37,16,10,21,,13,,13,24,32,18,23,,19,26,8,8,,11,,19,,,,,,,26,41,,17,5,20,19,35,33,22,25,15,28,28,13,20,17,19
405,12,7,17,11,28,7,32,14,41,20,4,24,,23,,17,,10,,24,,,6,28,1,20,15,,30,15,,,7,7,9,28,,1,,11,4,,,44,13,18,22,25,,29,16,3,35,2,16,27,10,5,18,,17,,14,23,29,7,15,,8,2,,24,,11,,1,,3,1,,,,19,41,,17,16,25,10,38,1,21,25,8,35,1,16,48,14,26
406,,3,,1,,1,36,6,1,,3,1,,18,1,1,2,1,1,1,1,1,5,1,,5,4,4,1,3,,,5,,22,3,,3,3,16,2,1,,46,1,13,4,25,,,4,13,34,4,1,1,4,1,22,2,18,3,4,1,3,1,3,11,1,2,4,24,,1,5,22,,1,2,5,1,3,3,5,,4,4,4,3,3,17,3,27,,3,4,,44,19,1
407,5,,2,18,30,4,30,18,39,11,3,23,,21,,2,,9,,22,,,16,30,,20,14,,30,3,,,10,16,24,22,,4,,1,6,,,46,17,17,21,24,,28,11,12,29,29,12,36,16,1,18,33,15,,16,25,33,18,26,,4,33,,27,2,9,,18,,3,,,2,,1,2,,17,8,26,1,27,25,24,23,3,33,18,21,47,1,27
408,,,22,3,28,11,31,11,31,14,,18,1,12,,22,,11,,19,14,,16,30,,14,14,,26,15,,19,8,,22,27,,17,,8,8,,,42,13,13,16,6,,14,12,11,28,30,10,34,13,6,22,,12,,9,24,33,18,21,,14,30,,9,,12,,21,,,1,,,,25,46,,10,2,22,7,29,35,20,25,18,33,27,12,49,19,23
409,,,17,7,29,13,29,13,36,21,,21,1,13,,26,,11,,18,,,16,29,,15,15,,23,9,,20,9,,15,27,,15,,12,2,,,44,7,16,9,8,,14,9,7,30,24,5,35,16,9,21,,14,,15,19,36,17,22,,16,5,,24,,12,,1,,,,,,,25,43,,1,15,20,17,34,35,20,25,2,19,1,12,49,11,21
410,,1,23,10,32,17,32,8,35,24,,25,,1,,28,,11,,25,,,2,33,4,20,9,,27,13,,,9,,26,26,,14,,14,7,,,46,13,12,2,24,,25,15,2,32,27,17,39,13,12,22,,17,,16,23,31,17,14,,8,29,1,24,,11,,20,,,,,5,11,15,4,,16,16,26,18,37,32,23,26,20,36,26,19,47,6,26
411,1,2,1,20,1,1,2,7,1,,5,2,,1,1,2,3,1,1,1,1,,1,1,1,1,1,2,2,9,2,1,1,20,29,1,,,4,1,2,1,,2,3,1,1,28,4,4,1,1,35,2,2,1,1,2,1,1,15,2,1,1,4,22,22,12,1,2,1,2,1,4,2,3,3,,2,2,2,,29,4,1,2,1,1,20,2,17,1,28,2,6,2,1,2,2,1
412,,,23,16,31,15,28,14,38,21,,21,,15,,23,,10,,25,,,15,29,,15,4,,5,16,,,5,,20,30,,17,,15,9,,,43,16,15,21,22,,25,11,6,30,29,12,36,18,10,21,32,11,,13,28,34,18,24,,11,4,,23,,7,,16,,,,,,,24,45,,9,9,23,19,33,34,24,19,16,19,30,12,1,11,19
413,,2,20,12,28,15,34,20,1,20,,22,,23,,25,,9,,25,,,16,19,,18,13,,29,12,,,6,,23,28,,20,,14,8,,,1,15,13,2,2,,26,9,7,33,22,10,35,16,2,19,,13,,12,22,29,12,25,,18,30,,24,,11,,16,,,,1,,,26,44,,18,11,2,14,36,16,22,25,12,34,30,2,46,1,25
414,,,8,13,31,17,34,19,41,21,,22,,,,24,,,,24,,,17,,,17,,,13,18,,,10,,25,32,,1,,,4,,,1,28,21,20,24,,28,5,13,21,15,20,34,17,12,22,,,,,25,34,20,24,,17,,,23,,15,,,,,,,,,,,,,14,14,12,37,32,23,23,21,40,33,16,48,,
415,,,20,13,31,17,35,14,35,22,,18,,18,,25,,9,,23,,,18,31,,16,14,,28,18,,,8,3,23,26,,18,,15,9,,,46,16,11,21,25,,28,14,3,33,27,10,35,17,9,21,,14,,14,22,26,18,24,,15,28,,24,1,7,,15,,,,,,,28,43,,16,11,2,19,35,1,21,25,8,29,29,3,42,16,20
416,,,8,17,29,14,1,15,34,22,,23,1,17,,24,,11,,18,,,17,32,,16,7,,26,6,,,5,3,21,27,,16,,11,6,,,45,12,8,1,25,,22,11,5,31,27,9,34,17,9,2,1,13,1,12,22,31,17,1,5,12,5,,20,,13,,1,,1,,,,14,19,2,,17,2,21,17,31,34,23,23,17,18,1,13,46,15,27
417,,,22,14,26,12,32,14,36,12,,25,1,19,,25,,8,,2,,,17,28,,13,11,,25,19,,,3,,20,28,,12,,15,8,,3,43,15,14,18,22,,2,10,11,33,27,10,36,16,9,20,,16,,11,21,34,19,20,,10,30,,23,,10,,14,,,,,,,24,43,,14,15,22,18,34,34,24,22,20,30,29,16,48,3,25
418,,,18,17,31,1,31,16,39,19,,13,,23,,22,,11,,25,,,15,1,,19,10,,28,17,,,6,,21,27,,16,,18,3,,,46,1,18,20,24,,25,13,4,30,29,7,36,9,10,12,33,12,,15,24,34,16,12,,3,5,,26,,12,,17,,,,,,,13,38,,17,17,1,20,33,31,23,23,18,35,26,17,50,15,22
419,,19,5,12,30,10,6,12,32,14,,19,,12,,5,,11,7,16,,,16,28,,6,16,,27,9,,20,8,,2,29,1,8,13,11,12,,,44,13,14,2,4,,22,3,10,27,30,7,36,18,6,21,,12,,12,1,25,19,19,6,8,28,8,8,,5,,23,,,,,,,27,42,,18,13,16,13,36,29,23,16,21,32,26,18,44,1,25
420,,,11,13,31,13,28,17,32,21,,7,,15,,20,,8,,14,1,,16,31,,6,6,,27,3,,,4,14,23,29,,13,19,10,7,15,,34,14,17,22,21,,24,1,11,33,23,13,31,1,7,18,31,,,16,20,33,17,23,,9,27,,22,,11,2,16,,,,,,3,22,19,,19,17,8,18,33,34,15,17,18,9,28,13,46,18,25
421,,,19,12,31,13,34,17,37,22,1,20,,19,,6,,6,,22,,,15,31,,21,13,,27,17,,,4,,20,29,,17,,14,9,,,44,15,12,20,4,,21,12,1,33,24,2,37,18,8,22,32,14,,19,22,32,8,21,,12,27,,24,,11,,16,,,1,,,,23,45,,17,9,27,18,29,28,23,28,21,33,29,17,46,17,22
422,,,17,17,32,3,36,6,45,21,,22,,17,,27,,11,,22,,,17,32,,1,16,,28,16,,,18,,24,30,,14,,16,10,,,13,18,15,23,9,,26,20,12,22,29,14,37,17,6,21,34,15,,19,25,34,34,,,16,32,,25,,13,,20,,,,,,34,27,27,,13,15,26,,37,21,34,27,17,36,25,15,2,14,
423,,,20,15,2,10,35,17,39,21,,22,,21,,20,,7,,22,,,14,30,,1,15,,27,5,,,11,,22,27,,18,,16,10,,,47,13,17,20,23,,27,13,13,26,20,17,35,2,11,21,26,14,,17,21,31,17,23,,16,31,,25,,12,12,21,,,,,,16,20,32,,18,13,15,21,33,34,21,25,13,34,27,11,46,2,25
424,,15,8,26,32,12,2,3,2,29,,2,,13,,6,,14,8,24,,,,34,,21,2,,28,14,,2,10,12,12,30,6,5,15,10,3,,,43,,1,18,5,,26,4,11,36,27,8,41,18,12,7,,,,12,25,19,1,20,3,7,36,,8,4,5,,21,,5,,4,,,27,19,,21,16,20,13,39,27,25,12,5,,28,1,45,15,26
425,,,23,15,30,1,33,17,35,20,,21,,13,3,26,,10,5,25,,,11,32,,2,13,,28,10,,,8,,4,29,,18,,2,8,,,41,12,2,1,26,,27,10,6,34,24,15,33,16,11,22,,15,,9,23,30,18,22,,18,31,4,23,,10,,14,,,4,,,,24,8,,16,17,24,13,37,33,24,25,17,35,19,19,49,20,26
426,,,15,18,32,10,34,18,39,20,,22,,17,,24,,10,,24,,,17,33,,19,6,,26,15,,,2,17,25,21,1,13,,17,6,,,45,18,18,21,21,,28,1,11,33,22,4,35,18,5,19,32,14,,14,25,32,7,15,,9,29,,26,1,6,,20,1,,,,,,21,39,,14,13,25,18,27,2,21,24,18,27,29,23,46,12,27
427,4,7,2,13,29,3,34,2,1,18,,7,3,12,2,25,,11,3,1,,4,15,32,2,2,1,,3,11,,,4,,3,2,,2,4,11,8,,3,42,5,3,17,2,,28,10,1,32,25,16,1,17,8,2,4,3,,9,6,2,8,,,5,22,3,24,,4,,12,,1,,3,1,1,21,,5,17,1,25,13,1,28,19,26,17,22,25,17,3,12,16
428,,,19,15,25,12,34,16,37,12,,16,,11,,16,,9,4,21,13,,14,35,,17,10,,12,14,,18,10,,20,29,,17,16,10,11,,2,40,12,19,13,24,,3,9,12,33,1,8,26,13,11,21,33,7,,8,21,33,6,22,,18,21,,23,,11,,11,,,,,,,20,40,31,13,12,26,4,17,27,20,24,18,31,24,11,47,18,15
429,,,3,18,34,14,31,17,39,1,,26,,18,,25,4,1,3,22,,,16,28,6,20,16,,29,16,,4,10,,25,23,,18,,8,1,,,44,17,12,21,10,,28,18,11,35,31,16,1,4,10,22,,16,3,15,25,35,19,1,,3,7,,27,,2,,3,,,,,,,18,39,1,16,12,26,7,37,32,24,21,11,35,28,20,49,2,1
430,,,24,16,3,11,27,19,31,22,,22,,14,,22,,10,,17,,,15,31,,18,10,,28,6,,2,4,,19,31,,14,,10,12,,,47,12,15,23,26,,23,6,11,33,26,13,34,18,2,18,1,13,,13,21,31,18,15,,17,27,,22,,11,,19,,,,,,13,15,45,,8,3,26,20,30,34,12,23,14,10,24,12,47,18,23
431,,,22,13,31,12,30,12,29,19,,22,,15,,23,,9,,23,,,14,29,,16,13,,24,6,,,10,,22,22,,14,,17,11,,,45,14,15,10,26,,27,4,10,31,28,3,31,16,12,22,,12,,15,24,23,19,21,,9,32,,24,,12,11,20,,,,,,,20,45,,18,14,23,17,36,33,14,25,17,33,26,17,47,1,22
432,,,25,16,30,7,37,4,38,21,,23,,18,,23,,10,,22,,,17,30,,17,6,,21,16,,23,1,,22,29,,14,,12,10,,,42,16,16,14,24,,26,12,11,1,28,14,28,11,2,1,,12,,15,22,33,18,15,,17,29,,25,,12,,17,,,1,,,,24,38,1,3,13,27,20,36,28,13,24,16,27,28,14,44,17,26
433,1,1,3,18,32,11,31,17,40,23,,25,,13,,7,,11,,18,,,13,31,,20,7,,30,4,,7,10,16,25,21,,6,,1,3,,,47,15,17,22,9,,27,14,11,34,30,12,37,1,1,3,2,13,2,14,25,33,19,27,,6,29,,26,10,10,,20,,4,,,,,3,39,,17,1,25,19,29,33,23,26,1,35,20,21,39,9,27
434,10,,3,16,28,10,31,17,37,12,,24,,17,,19,,11,,23,,,12,29,,16,12,,23,13,,,12,11,22,29,6,19,,14,6,,,45,13,12,20,28,,21,12,14,34,28,11,34,14,12,22,,2,,8,24,29,16,23,,6,28,2,16,,16,,17,,,1,,,10,20,45,,16,13,29,20,36,1,23,24,18,22,16,,49,,5
435,2,14,10,26,33,11,27,5,3,24,,1,,16,,30,,1,9,1,,,15,33,,22,3,,28,13,,7,10,16,17,31,,4,16,13,4,,3,44,3,19,18,14,,25,13,6,35,26,11,30,18,11,4,,17,,9,23,18,19,15,5,2,36,,25,1,6,1,5,,,,1,,,26,4,,21,16,20,10,38,29,20,21,4,2,29,11,46,16,27
436,,,20,17,29,3,29,13,39,20,1,22,,20,,20,,6,,21,,,16,32,,7,12,,24,15,,,9,,7,17,,19,18,5,9,,,45,11,18,20,23,,25,9,14,30,27,17,36,18,3,16,,12,,,24,32,14,24,,15,26,,22,,1,,19,,,,2,5,,1,46,32,16,11,28,18,37,36,18,21,20,20,27,16,33,14,6
437,,3,,2,,17,2,2,2,,2,2,1,2,3,3,3,2,,6,2,,4,2,,1,3,3,30,2,4,,6,,23,3,,3,4,15,3,3,,46,2,3,3,,,,3,3,33,3,1,33,3,3,23,3,17,5,4,27,2,,24,10,8,3,3,24,,2,6,23,,,3,2,3,,27,4,,3,2,3,2,3,2,2,26,,4,3,,48,19,4
438,,,16,17,30,16,33,17,36,18,,20,,18,,20,,10,,25,,,18,27,,14,8,,27,17,,,10,,20,28,,17,,18,10,,,46,16,9,18,24,,23,12,14,34,24,9,36,14,12,19,,15,,13,26,29,19,20,,16,27,,24,,10,,16,,,,,,,,5,1,15,7,26,18,36,15,21,24,17,31,20,17,46,14,25
439,,,14,16,30,3,33,10,34,21,,18,,17,1,24,,9,,22,,,12,32,,18,5,,30,2,,,5,,22,28,,17,20,12,10,,,43,14,17,22,1,,25,12,14,1,25,11,35,14,9,20,,14,,1,23,28,19,23,,16,1,,23,,10,4,4,,,,,,12,22,41,,17,12,26,15,31,33,24,24,11,33,26,15,49,1,26
440,,18,24,8,30,6,34,14,32,7,,21,,19,,22,1,1,,18,,,17,30,,15,11,,28,2,,22,9,,22,20,,3,,17,8,,,45,12,5,17,6,,4,12,9,30,29,2,32,14,10,20,28,11,2,12,2,27,19,23,,17,27,,9,,7,4,21,,1,,,,3,21,42,,17,12,21,17,36,33,1,1,18,36,26,14,45,17,21
441,3,3,1,6,3,3,,,3,,2,4,7,4,,,3,,,,17,2,,,1,2,,3,5,5,3,,2,2,,,2,2,2,4,,5,2,1,5,2,,3,,3,2,4,37,2,2,,,2,,4,,3,2,10,1,,,6,3,6,4,,,,5,,,4,,,2,1,7,,5,,,5,,3,4,1,,21,2,,9,4,,18
442,,,15,13,34,4,29,11,33,23,,22,,20,,2,,1,,24,,,13,31,,19,11,1,31,3,,,8,,22,17,,16,,17,11,18,,44,11,16,20,23,,23,11,4,27,24,11,36,16,10,22,,13,,12,21,34,10,19,,12,1,,25,,4,3,17,,,,,,,21,46,,1,13,25,16,36,32,23,25,12,20,28,13,50,12,27
443,1,2,1,5,2,17,1,4,,1,1,3,2,1,3,5,1,1,1,1,1,,1,1,1,1,1,1,32,1,1,1,1,,1,1,1,1,1,12,5,1,,1,2,3,1,1,1,1,2,1,36,1,1,1,1,2,1,1,18,1,1,1,1,,1,12,11,1,1,1,1,1,1,1,,1,1,3,1,1,1,1,3,1,2,1,1,3,1,1,1,1,1,1,1,1,21,2
444,,,21,16,1,8,34,16,40,20,,16,,18,,27,,7,,3,,,1,31,,12,12,,28,13,,,11,,22,28,,16,,17,4,15,,46,1,11,3,22,,26,13,7,30,27,12,38,16,8,20,,14,,14,21,34,17,21,,15,30,,24,,10,2,18,,,,,,10,26,28,,16,5,26,20,37,27,23,26,14,33,28,11,40,13,25
445,,,21,17,30,14,34,15,30,21,,17,2,21,,26,,10,,22,,,17,31,,15,14,,27,18,,20,5,2,23,29,,15,,15,10,,,43,15,12,19,3,,28,13,12,2,23,2,28,17,9,20,,14,,15,23,31,18,23,1,18,27,,22,,12,,17,,,,,,,25,46,,8,12,24,18,38,1,24,24,11,35,30,18,2,15,25
446,,,17,17,28,14,30,17,36,9,,2,,21,,22,,9,5,13,,,19,26,,22,13,,29,1,,,1,,24,27,,2,1,18,7,18,,43,15,13,16,1,,21,9,11,32,20,7,30,15,7,20,1,16,,15,24,30,8,22,,16,2,,26,1,1,11,2,,,2,,,,13,4,,16,15,21,1,29,30,21,22,15,13,31,16,1,17,23
447,1,1,1,1,1,1,1,1,1,1,1,1,1,1,1,1,1,1,1,1,1,1,1,1,1,1,1,1,1,1,1,1,1,1,1,1,1,1,1,1,1,1,1,1,1,1,1,1,1,1,1,1,1,1,1,1,1,1,1,1,1,1,1,1,1,1,1,1,1,1,1,1,1,1,1,1,1,1,1,1,1,1,1,1,1,1,1,1,1,1,1,1,1,1,1,1,1,1,1,1
448,,3,1,13,1,16,1,20,2,1,,23,,1,1,26,,10,,26,,,1,1,,1,14,1,29,13,1,,7,,24,28,1,20,,15,7,,,2,1,1,1,1,1,1,1,6,34,1,1,1,1,1,1,1,13,1,13,23,1,13,22,1,19,31,,1,,12,1,17,,,1,2,1,1,27,45,,15,8,3,1,1,2,23,25,7,35,29,3,47,20,28
449,,17,17,17,32,14,33,3,41,24,,17,,18,,30,3,2,,23,,,17,30,,2,6,,25,15,,1,10,,23,29,,5,,15,2,,,3,17,17,18,23,,27,13,11,34,25,15,1,15,8,20,,12,,13,25,35,1,21,,6,31,2,10,,1,2,18,,,1,,,,22,29,,14,1,27,3,37,32,23,20,18,35,29,16,48,16,25
450,,,22,1,30,15,33,4,33,23,,24,,22,,27,,9,,26,,,11,31,,20,13,,24,16,,,9,,24,18,,20,,19,6,,,15,13,18,19,22,,21,13,10,32,29,9,30,14,10,13,,15,,13,25,28,16,19,,4,31,,23,,13,2,21,,,,,,,17,36,,16,15,26,17,36,33,23,24,18,34,23,19,50,20,24
451,,,16,16,30,9,35,1,37,18,,8,,15,,24,,7,5,22,,,17,32,,17,7,,23,12,,19,6,,22,30,,14,,13,11,1,3,44,16,17,19,23,,25,10,2,33,26,16,30,19,1,14,,13,,17,19,34,15,24,,16,29,,23,,11,1,17,,,,,,14,24,38,,18,12,8,19,31,31,19,25,17,32,28,14,47,18,24
452,,,20,18,28,15,31,3,37,20,,23,,22,,25,,11,2,24,,,14,30,,16,13,,29,18,,,8,,25,28,,18,,17,9,,,1,10,19,12,24,,26,12,8,32,29,8,37,12,12,20,,11,,11,25,30,19,20,,7,26,,24,,11,,20,,1,,,,,20,3,,17,16,22,18,34,29,23,23,19,35,21,19,50,8,22
453,2,1,19,4,1,16,2,3,,,2,2,1,2,2,4,2,2,,2,3,,2,2,,6,1,2,31,2,1,2,2,,2,2,,2,2,11,4,2,,1,1,2,4,,,2,1,2,35,2,2,2,2,1,2,3,17,2,2,2,3,,25,11,10,2,2,25,2,1,1,23,,2,2,2,2,,2,2,2,2,1,2,2,2,2,2,,,2,2,,2,20,1
454,1,2,1,3,3,1,1,1,5,,2,1,1,3,,1,3,,1,,20,5,,1,1,1,1,5,8,1,1,,5,1,1,1,1,3,1,2,,6,,3,1,1,,3,,2,1,1,39,4,3,,2,2,,5,1,1,4,1,,,,1,1,2,3,1,,1,2,,,1,1,1,5,6,1,,7,4,,2,,1,5,,1,21,5,1,1,2,2,19
455,,,22,17,29,9,29,16,38,22,,25,,16,,27,2,8,,24,,,12,31,,17,14,,27,14,,,8,,26,27,,20,,7,4,,,15,17,16,20,23,,29,13,8,33,29,15,36,3,5,2,31,13,,15,23,32,17,26,,15,32,,27,,9,,19,,,,,,,21,38,,18,11,26,17,35,33,24,22,4,34,25,19,45,15,26
456,,,22,16,25,15,33,5,36,19,,23,,16,,23,,9,,16,,,12,28,,14,13,,23,8,,22,10,,22,29,,16,,16,11,,,46,11,18,17,24,,26,10,12,34,27,11,28,14,3,22,,10,,15,23,34,19,23,,15,29,,24,,10,,18,,,,,,,25,45,,16,17,25,15,35,33,19,2,17,32,27,13,48,16,23
457,,17,1,14,35,13,37,2,3,27,,22,,14,,5,,14,,25,,,,1,,22,4,,30,16,,5,7,17,15,29,6,6,,11,4,,3,46,,2,19,3,,23,1,8,36,22,9,42,20,13,5,,,1,6,26,26,19,20,4,2,35,,4,5,7,,5,,2,,4,,,29,2,4,19,16,25,17,37,29,24,18,4,36,20,21,3,12,27
458,6,,1,17,28,13,31,11,40,20,,25,,20,,20,,11,,21,,,13,30,1,19,12,,28,2,,,11,,22,25,3,19,23,16,8,,,44,15,19,21,22,,22,13,14,28,28,13,36,15,10,21,,11,,16,26,31,18,22,,7,34,,26,,11,,1,,,,,3,,21,40,,17,16,26,20,37,32,20,21,17,32,23,17,45,18,27
459,1,1,10,13,32,9,27,4,12,26,,24,,14,1,31,4,12,,19,,,1,32,,22,4,,29,16,,6,9,3,16,30,6,4,17,12,3,,,45,,18,18,4,,24,1,3,26,26,10,1,17,12,5,,1,,7,25,25,20,16,3,3,35,,10,6,8,,2,,1,,1,,1,29,3,1,20,16,25,11,28,28,25,12,6,,29,18,6,17,28
460,,,22,15,31,16,31,19,35,19,,25,,20,,25,,9,,1,,,12,18,,16,13,,28,15,,,9,,22,27,,19,,16,6,,,45,15,10,19,3,,25,10,5,33,23,11,27,17,7,9,,12,,16,23,29,16,21,,14,30,,22,8,1,,19,,,,,,,26,45,,14,7,25,19,36,1,20,24,6,34,28,17,44,19,27
461,,,17,11,32,16,33,16,32,20,,23,,16,,20,,10,,23,,,15,29,,19,17,,1,16,,,8,4,23,29,,22,,17,10,,2,45,13,12,14,21,,23,13,14,33,,16,36,17,9,18,,14,,10,18,31,18,18,,12,30,,24,,13,,19,,,,,,11,24,30,,1,13,23,13,34,19,21,25,17,31,29,16,47,19,25
462,,,16,1,29,13,29,13,36,16,,22,,13,1,4,,10,1,17,,,15,3,,5,12,,18,8,,23,8,,20,30,,14,,14,1,,,45,7,8,8,25,,20,5,8,29,28,4,32,17,10,22,4,14,,17,25,1,18,25,9,13,4,,23,,3,11,20,,,,10,,,26,44,,17,4,21,8,36,34,22,25,1,3,29,11,47,18,19
463,,,20,16,27,15,35,7,32,21,,24,,17,,26,,5,,24,,,16,30,,20,13,,25,15,,,8,,24,25,,17,,16,1,,,45,12,11,18,24,,23,12,11,32,28,9,29,18,8,21,,16,,14,21,1,17,26,,7,28,,23,,10,,20,,,,,,,25,44,,17,12,25,17,39,3,23,23,15,35,29,18,49,18,25
464,4,1,1,14,28,3,33,2,41,24,2,1,,22,1,8,,12,2,2,14,3,1,32,1,1,2,,3,15,2,2,3,,2,23,1,4,2,12,7,,6,43,6,2,4,4,2,29,10,2,9,2,17,2,,9,1,3,1,1,1,6,1,21,1,,4,30,2,25,,1,2,3,2,3,11,2,1,,1,,1,1,2,2,14,2,3,2,25,2,3,26,25,1,13,2
465,,,20,16,29,13,34,18,38,21,,22,,16,,24,,5,,24,17,,13,31,,16,12,,29,17,,,3,,21,18,,15,17,9,12,,,41,15,16,18,25,,26,6,11,34,21,8,34,15,11,13,,7,,15,21,1,17,23,,18,31,,26,,12,,15,,,,,,,14,38,,17,13,26,18,34,33,22,24,17,27,29,2,44,18,25
466,,,1,19,34,12,31,17,40,22,,27,,22,,28,3,4,,1,,,1,28,1,19,16,,28,16,,2,9,,27,21,,15,1,8,3,,,16,18,20,2,11,,29,19,11,1,30,15,38,1,11,22,,16,1,14,24,35,18,21,,4,31,,28,,1,,1,,,,,,,21,1,,15,14,27,7,36,33,24,23,19,35,27,20,49,1,2
467,1,1,,1,,18,3,3,1,,1,1,1,3,2,3,1,1,3,1,,,5,1,,3,2,2,3,3,2,,,,23,4,1,4,3,16,4,3,,4,1,1,2,,3,,2,4,34,1,1,3,1,1,24,1,1,4,5,26,1,,3,2,1,3,2,3,,2,5,22,,1,2,3,5,3,3,3,1,1,4,1,3,3,2,3,27,,5,3,,49,3,5
468,1,2,1,5,2,17,1,1,,1,1,1,2,1,1,1,1,1,,1,4,1,1,3,1,7,1,1,1,3,1,1,3,1,1,1,1,3,1,1,1,1,,1,2,1,5,,,1,2,1,36,1,1,1,1,2,1,4,1,1,1,3,1,1,26,1,1,1,1,1,1,1,1,24,,1,1,1,1,,1,1,1,1,1,3,3,1,1,1,,1,1,1,,1,21,2
469,,19,11,24,31,1,32,3,3,24,,4,,15,,21,,13,,1,,,17,35,,20,4,1,25,11,,1,10,3,13,30,2,10,1,13,6,,,44,,17,19,2,,23,4,12,29,29,11,27,11,13,6,,17,,13,25,32,18,15,,6,33,,7,1,1,,19,2,2,,5,,,25,3,,19,14,25,12,38,30,24,18,6,,27,13,6,15,26
470,,,22,19,32,12,31,4,41,23,,25,,21,,28,,12,4,26,,,14,33,,17,14,,29,18,,,10,,25,1,,18,,18,9,,,16,16,20,22,1,,28,13,7,32,29,11,40,21,12,21,,16,,14,25,32,19,2,,7,32,,22,,8,,21,,,2,,,,19,36,,17,17,29,1,37,33,21,25,20,25,24,22,48,10,25
471,,,12,18,31,14,33,13,33,22,,23,,17,,22,,7,,23,,,17,30,,13,13,,21,13,,,8,13,22,31,,18,,5,11,,,43,16,15,21,2,,23,7,1,34,25,16,35,18,1,20,29,12,,14,20,32,19,24,,16,28,,25,,5,,19,,3,,1,,,24,43,,13,12,26,13,29,1,23,22,17,30,27,15,47,16,24
472,3,,3,18,31,4,2,13,2,1,7,4,,15,2,4,,1,3,22,3,,1,30,3,6,14,2,2,7,2,3,1,18,27,23,1,,2,,12,17,,45,13,16,11,26,6,22,5,5,32,4,1,28,1,2,2,2,13,1,10,3,24,20,20,,6,2,,2,4,11,12,1,1,,,,1,,1,46,,19,12,24,18,32,27,2,26,1,34,30,16,2,2,25
473,,,19,13,28,15,34,20,34,16,,21,,19,,24,,12,,24,,,15,29,,18,13,,26,14,,1,8,,23,29,,18,,13,2,,,42,11,10,17,25,,27,9,12,33,20,12,1,17,7,22,,14,,13,28,30,18,24,2,20,29,,25,,11,,22,,,,,,,2,44,,18,13,25,19,38,2,24,20,10,33,31,14,45,15,25
474,,,24,18,31,12,31,5,1,21,,26,,22,,27,,11,,26,,,4,32,,19,4,,30,17,,,2,,25,27,,21,,18,7,,,44,13,19,21,23,,24,15,12,33,30,10,36,1,10,13,,16,,15,23,32,19,12,,9,2,,26,,1,,20,,,,,,,16,28,,15,16,27,20,1,33,23,25,17,35,24,20,51,14,27
475,,,15,14,29,16,33,18,26,20,,25,,19,,30,,4,,23,,,2,27,,12,2,,24,12,,,6,12,15,24,,11,,16,10,17,,13,15,18,18,21,,20,8,10,26,26,10,35,8,13,12,,10,,10,22,31,16,11,,11,1,,19,,4,,20,,,,,4,12,12,36,,17,6,27,9,28,31,22,22,19,32,23,16,49,17,22
476,2,4,,5,4,4,,1,4,,1,4,8,3,,,2,,,,16,2,,,3,2,,5,4,4,4,,4,3,,,4,3,3,4,,4,,2,6,1,,5,1,4,4,4,36,4,5,,,3,,6,,1,1,8,2,,,7,2,3,3,,,,3,,,5,,,2,1,6,,5,3,,3,,2,3,,,20,3,,8,5,,19
477,,16,2,25,32,12,32,2,34,22,,23,,14,,5,,15,,26,,,,37,,19,4,1,31,16,,10,7,18,5,31,2,4,19,1,3,,,46,,4,20,27,,24,6,14,35,21,12,36,18,10,3,,,2,10,26,26,19,21,5,3,37,,10,8,5,,14,,3,,6,,,23,1,,19,16,26,12,38,26,25,21,4,35,27,22,48,13,26
478,11,1,18,2,27,11,3,16,1,21,3,25,,20,1,3,1,7,,24,,,1,33,1,5,1,,24,14,,,12,6,8,29,5,1,,1,8,,6,43,1,7,20,24,,26,2,6,32,1,15,29,16,12,17,,4,,10,24,32,15,24,,16,1,3,23,,12,2,17,,,2,,1,,20,1,3,17,2,19,11,37,27,25,22,9,36,1,,48,15,7
479,,1,22,11,31,8,30,15,36,20,,23,,19,,25,,2,,20,,,1,30,,15,13,,27,13,,20,7,,22,29,,13,,18,6,,,44,11,13,20,19,,26,10,11,29,29,10,33,16,11,21,,9,,14,24,33,14,24,7,16,25,,6,,11,,20,,,,,,,25,46,,15,12,23,14,37,34,16,26,17,33,25,15,48,2,16
480,,,7,14,32,15,33,3,40,21,1,18,,20,,6,,1,,23,,,15,30,7,3,6,,26,17,,,7,,23,28,,4,,13,7,,3,2,17,22,19,25,,28,13,12,36,24,2,30,16,8,23,,15,,14,24,36,11,26,,16,1,1,25,,4,1,19,,,,,,,23,31,,1,11,28,2,31,1,23,26,19,34,27,17,49,15,1
481,,,20,20,32,16,30,20,39,20,,26,,22,,27,,12,,25,,,16,29,,18,15,,29,17,,,7,,25,26,,20,,19,6,,,42,16,19,20,23,,23,14,10,29,30,6,40,16,11,21,,18,,12,25,34,19,19,,2,6,,29,,5,,2,,,,,,,18,35,,15,13,27,20,38,33,23,23,18,36,27,18,50,15,26
482,,,18,18,27,16,1,12,34,20,,1,,20,,22,,9,,22,,,16,25,,11,4,,27,15,,,6,,21,20,,18,22,19,6,,,44,14,13,10,22,,4,10,6,30,27,13,30,17,15,22,,12,,16,25,30,19,22,,17,28,,9,,5,,6,,,2,,,,1,41,,19,9,25,19,35,33,23,21,18,31,20,13,43,4,26
483,0,0,0,0,0,0,0,0,0,0,0,0,0,0,0,0,0,0,0,0,0,0,0,0,0,0,0,0,0,0,0,0,0,0,0,0,0,0,0,0,0,0,0,0,0,0,0,0,0,0,0,0,0,0,0,0,0,0,0,0,0,0,0,0,0,0,0,0,0,0,0,0,0,0,0,0,0,0,0,0,0,0,0,0,0,0,0,0,0,0,0,0,0,0,0,0,0,0,0,0
484,11,,3,7,26,5,27,20,29,19,,24,,16,,14,,1,,15,16,,14,16,,10,9,,21,12,,18,7,12,20,28,,8,19,16,9,16,,41,10,4,6,18,,3,10,10,23,16,12,15,1,15,6,27,6,1,11,17,26,20,10,,13,24,5,5,,7,3,5,,,,10,,10,20,47,27,13,12,6,17,34,14,10,6,17,8,8,8,46,18,5
485,,17,7,24,1,1,33,3,33,21,,22,,1,,5,,10,,27,,,17,1,,20,5,1,32,16,,9,11,19,21,1,,17,18,13,4,1,3,46,,5,1,9,,27,8,1,34,20,15,1,1,1,2,1,,,11,25,1,19,1,5,4,38,1,4,8,6,,1,,3,,7,,,24,1,1,20,15,27,10,38,25,23,20,4,34,28,1,48,13,1
486,,18,10,26,35,10,36,3,3,26,,21,,13,,2,3,15,,24,,,,36,,22,3,2,29,17,,10,8,13,13,29,6,8,16,13,5,,1,43,,17,5,1,,25,3,5,28,28,12,43,15,13,4,,,,4,26,24,20,20,4,6,34,,9,7,6,,1,1,2,,5,,,29,4,1,21,16,26,14,38,29,25,17,5,,29,19,5,16,28
487,,,20,10,31,13,33,9,29,20,,19,,18,,22,,10,1,21,,,16,23,,14,14,,27,1,,23,8,,20,23,,13,,11,6,,,44,14,16,4,3,,13,8,12,29,29,5,30,17,5,18,,15,,14,22,35,17,12,,16,3,,23,,5,,20,,,,,,11,24,1,,17,3,19,18,37,34,23,25,15,32,28,14,46,2,21
488,,1,15,17,30,15,33,12,38,18,,20,,21,,13,,5,8,20,,,16,29,,13,11,,23,16,,,7,,21,28,,18,,7,7,1,1,46,13,8,2,21,,20,11,13,28,28,16,35,13,11,22,,12,,9,24,32,18,21,,14,31,,1,,1,,1,,,,,,,20,47,,17,11,19,13,26,4,21,20,15,33,27,13,47,16,25
489,,,23,18,32,16,1,10,41,21,,26,,21,,27,,11,2,26,,,16,31,,20,15,,28,19,,,7,,25,25,2,18,,19,9,,,45,14,19,20,23,,23,15,9,27,29,11,36,16,10,20,,17,,14,27,33,18,19,,1,28,,22,,10,,19,,,,,,,15,36,,10,16,28,19,35,32,25,23,18,36,22,18,51,16,26
490,11,,24,17,25,16,31,20,39,10,,25,,20,,1,,10,,23,1,,14,31,,18,13,,29,4,,,11,17,23,23,4,20,,17,9,,,46,16,16,1,23,,21,12,12,27,28,17,35,15,12,21,34,3,,11,24,1,7,23,,3,3,,24,,2,,21,,,,,,,15,10,,15,16,27,19,29,2,23,25,18,33,17,20,44,17,24
491,,3,24,18,29,15,5,20,28,20,,1,,20,,23,1,10,,14,,,13,34,,17,11,,31,13,,23,8,,23,27,,18,,17,10,,,45,13,16,3,21,,22,9,11,32,21,16,36,14,11,21,,5,,14,25,32,7,21,,2,3,,24,,5,,14,,,,,1,2,14,8,,16,17,25,1,1,29,19,26,19,34,19,21,44,15,23
492,,20,13,17,30,14,5,16,32,20,,23,,15,,21,,10,,23,,,18,30,,6,6,,28,13,,,3,,14,28,2,9,12,17,5,,1,45,16,16,19,1,,19,9,13,29,29,6,33,16,11,19,,8,,1,23,33,7,23,,17,28,,2,,10,31,19,,,,10,,,21,46,,16,14,21,15,36,18,21,26,17,32,27,14,47,15,18
493,,,18,11,28,12,32,19,33,17,,20,1,18,,23,,10,,17,,,15,24,,15,14,,28,8,,21,8,2,20,29,,16,20,14,12,,,44,11,9,11,24,,1,12,12,32,28,13,33,17,6,19,,12,,18,24,35,17,21,,16,7,,17,,6,,20,,,4,,,,24,47,,16,1,20,17,36,34,11,17,16,32,22,16,48,14,20
494,,,7,1,31,13,1,14,30,20,,23,,11,1,24,,11,1,17,,,15,28,,1,14,,22,14,,24,9,,19,28,,17,,15,10,,,42,12,15,7,7,,20,10,9,31,25,10,11,17,10,8,,13,,14,18,31,16,23,4,14,9,6,7,,13,11,19,,,,,,,24,44,,18,3,13,6,31,30,20,16,12,19,9,1,19,15,20
495,,,18,16,31,15,33,19,33,1,,18,,19,,25,,10,,24,,,16,31,,17,13,,28,18,,,9,,20,30,,17,,18,11,,,1,2,11,18,2,,27,11,15,32,19,8,36,16,3,20,,8,,15,23,34,19,22,,18,30,,2,,9,,20,,,,,,,25,45,,15,16,26,20,35,31,23,25,5,34,28,17,2,17,28
496,,,3,17,30,16,35,13,38,17,,24,,18,,23,,5,,25,,,16,30,,2,10,,23,1,,,5,,21,30,4,2,18,2,10,,,42,14,6,16,23,,26,11,8,31,28,15,36,14,11,18,,5,,12,24,29,19,23,,16,27,,1,,8,,20,,,,,,2,,43,4,16,13,18,14,33,33,18,22,16,21,19,16,47,16,28
497,,,22,16,30,12,32,18,36,21,,21,,19,,24,,7,,20,,,14,31,,18,16,,24,8,,,10,13,20,26,,19,,16,5,,,43,12,18,18,22,,28,12,5,32,28,13,37,18,12,5,,10,,10,22,31,15,21,,5,32,,6,,11,,18,,,,,,,19,46,,18,14,27,20,35,32,19,22,20,27,23,11,44,16,24
498,3,3,18,3,28,15,34,6,39,,4,1,,1,2,1,2,2,3,3,4,,3,2,,5,2,,29,1,2,,2,,1,3,,4,5,10,1,3,,1,2,3,4,,3,3,2,3,34,1,3,3,1,4,2,2,16,3,2,24,3,23,23,11,9,3,1,3,,3,3,22,,,2,3,3,,28,3,,3,1,2,1,4,16,3,,,5,3,,1,20,2
499,,4,,1,,18,1,1,1,,1,3,1,3,2,4,2,3,1,7,1,,5,1,,1,4,4,31,1,4,,,1,22,1,,3,1,1,1,3,,1,3,1,2,,3,,4,1,1,1,2,1,4,1,24,4,1,1,1,26,3,1,3,4,4,2,4,1,,1,1,1,1,1,4,1,1,1,3,3,,1,1,,1,3,1,1,27,1,3,1,,49,3,3
500,,,21,13,28,16,31,14,32,21,,11,,21,,22,,8,,24,,,13,32,,16,3,,26,14,,,9,,22,26,,12,,17,4,,,43,13,13,20,21,2,20,11,11,31,27,11,34,12,9,20,27,13,,14,20,26,15,22,,16,30,,21,,11,,19,,,,11,,10,21,14,,14,9,24,19,35,36,24,25,17,29,28,13,49,17,21
501,2,5,,5,4,3,,,7,,2,3,9,2,,,5,,,,18,1,,,5,3,,5,3,4,4,,2,4,,,3,4,2,3,,5,,1,5,1,,6,,2,4,3,37,4,4,,,3,,1,,2,2,9,2,,,7,3,5,2,,,,2,,,3,,,3,4,6,,6,1,,5,,1,2,,,23,2,,1,3,,18
502,,2,25,14,32,15,30,19,27,21,,26,,20,,21,,10,,3,,,11,31,3,17,10,,23,14,,,10,,24,27,,19,,9,11,,,1,15,15,19,24,,5,1,12,33,21,16,36,16,11,13,,4,,12,24,31,20,22,,18,30,,25,,10,,15,2,,,,1,,15,9,,15,16,26,2,35,32,21,27,14,34,18,21,43,16,23
503,,,23,12,30,6,2,18,35,15,,22,,18,,24,,10,,21,,,16,27,,13,13,,22,7,,,3,,21,27,,14,,10,9,,,43,11,12,4,3,,22,13,11,30,30,15,34,17,8,22,,12,,15,25,34,19,22,5,17,31,,19,,12,,20,,,,,,,23,44,,17,13,20,17,30,35,23,26,16,30,29,14,45,17,22
504,,,16,17,31,12,31,16,40,21,,22,,12,,28,2,3,,21,,,13,28,,19,11,,29,16,,,11,,25,22,,14,,6,2,,,45,17,19,22,3,,27,10,10,33,30,13,38,19,4,19,,15,,16,24,33,17,25,,4,31,,26,,8,,19,,,,,,,17,40,2,14,15,28,18,37,32,23,22,19,34,26,20,48,10,26
505,,16,4,25,34,11,35,3,2,27,,3,,15,,2,,12,9,26,,,,35,,22,3,,29,16,,3,9,17,14,32,1,6,14,12,4,,,45,,4,4,3,,24,3,13,26,29,2,43,19,14,5,,,,1,25,24,20,16,5,7,34,,9,2,8,,2,,1,,5,,,28,18,3,20,18,26,12,39,28,27,21,5,,28,20,5,15,1
506,,,23,17,29,16,30,2,38,22,,23,,19,,21,,8,,25,,,18,30,,14,4,,26,17,,,8,,22,29,,18,,13,9,,,45,14,18,21,23,,24,14,5,33,24,17,30,15,6,21,,15,,12,18,32,20,21,,15,25,,24,,9,,18,,,,,,,22,40,,17,13,1,16,36,34,22,24,17,32,28,14,46,16,6
507,,,22,16,27,13,36,11,39,20,1,20,,19,,22,,10,,24,,3,15,29,,15,12,,28,15,,,5,,21,27,,15,20,14,1,,,45,16,16,18,22,,27,8,6,31,27,14,35,15,8,19,,11,,13,22,34,18,20,,17,31,,22,,8,,3,,,,,,11,25,46,,17,17,27,14,36,31,24,23,17,24,24,16,39,15,24
508,,,23,18,26,9,33,15,36,22,,24,,19,,2,,6,,25,,,18,34,,3,11,,29,15,,,11,3,23,30,,13,,3,6,2,4,44,15,5,18,23,,27,3,4,33,2,14,28,17,11,17,,14,,12,25,30,8,24,,18,29,,24,,12,,17,,,1,,,3,22,38,2,18,5,22,12,34,26,24,21,18,31,20,17,46,19,27
509,,16,2,27,33,12,32,5,3,28,,23,,14,,3,,13,,26,,1,,35,2,22,2,4,31,15,,5,1,15,15,31,5,6,16,13,2,,,42,,16,16,4,,25,2,14,35,26,6,41,19,14,2,,,,5,27,22,19,21,2,4,36,,1,5,7,,3,3,3,,3,,,26,19,3,21,17,22,15,39,28,1,18,1,,28,20,46,14,26
510,5,,2,19,29,2,30,5,39,22,,22,,20,,23,,11,,20,,,17,29,,19,11,,30,9,,,7,14,2,20,,19,,15,11,,,45,16,18,11,24,,26,14,9,32,28,16,37,18,10,18,,9,,13,23,32,1,24,2,6,31,,26,,10,,20,,,,,2,,14,39,,16,1,25,21,26,27,24,21,18,33,30,21,38,8,21
511,,,20,3,32,13,30,13,37,20,,21,,19,,25,,11,1,18,,,13,29,,14,12,,27,18,,22,9,,8,26,,16,,17,9,,,45,12,14,14,24,,18,7,13,29,29,14,35,1,10,22,,13,,17,23,33,18,20,6,18,24,,16,,12,,21,,,,,,,15,42,,17,3,25,5,18,31,21,26,16,27,26,15,45,17,19
512,,,22,2,26,14,31,14,37,16,,22,,19,,24,,9,2,19,,8,16,28,1,15,13,,1,7,,21,11,,3,29,,15,,12,10,,,43,10,16,15,25,,24,12,12,30,27,16,34,12,8,23,34,8,,16,24,35,17,23,,15,8,,25,,9,,21,,,,,,,21,2,,16,15,24,16,33,35,22,25,15,32,26,16,47,15,19
513,,,16,10,31,7,32,19,38,17,,23,,20,,23,,6,,23,,,17,27,,11,12,,22,16,,,9,18,21,25,,12,,15,5,,,44,9,15,21,25,,25,14,15,33,26,15,35,17,4,17,,8,,14,23,34,19,6,,17,32,,25,,10,,17,,,,,,,24,44,,16,1,26,19,25,26,18,24,16,33,29,15,47,13,24
514,12,,15,18,31,15,34,18,32,18,,17,,19,,20,,6,,15,,,15,17,,14,9,,28,2,,,9,,21,28,,13,,15,5,,,44,7,15,12,1,,24,13,14,32,28,12,33,14,10,21,28,9,,11,19,27,17,22,,16,30,,20,,12,,20,,,,,,,26,39,,18,1,27,19,31,33,21,25,17,29,24,16,48,3,21
515,,,21,17,26,15,32,21,30,21,,25,,18,,23,,9,4,24,,,17,27,,12,12,,25,16,,,4,,20,29,,19,,14,11,,,45,11,17,16,19,,22,5,9,1,27,17,29,2,12,20,35,11,,12,23,38,16,22,,13,27,,26,,11,,20,,,,,,,23,43,,17,15,25,18,32,29,23,21,18,34,26,9,46,17,23
516,,7,3,26,33,8,1,4,5,25,,22,,16,1,7,2,13,,27,,,2,33,,23,2,,30,17,,9,8,4,4,31,5,7,15,13,1,,,45,,15,17,7,,25,2,14,27,24,10,40,17,13,4,,,,11,2,22,19,20,4,5,34,,9,6,5,,3,,2,,5,,,29,4,4,1,14,26,13,38,25,26,17,5,,28,15,4,16,28
517,,,20,16,24,9,31,12,39,11,,12,,11,,12,,8,,12,17,,13,32,,16,13,,26,11,,,6,,18,16,,8,15,13,11,,,41,6,1,9,20,,23,10,13,27,27,16,35,15,5,20,,14,,17,15,29,1,26,,15,29,,15,,5,,1,,,,,,,26,44,,18,13,26,11,35,34,16,24,15,6,29,15,47,19,5
518,,16,10,25,34,8,32,4,2,25,,23,,13,,5,,13,,15,,3,,33,,22,2,5,26,15,,8,10,15,17,31,4,4,17,12,3,,,47,,19,19,8,,24,7,7,34,26,14,37,17,12,19,,,,8,26,24,19,20,4,5,36,,3,7,7,,20,,3,,6,,,25,1,5,20,14,23,17,37,26,24,17,3,,30,14,2,16,26
519,3,,23,18,31,14,31,19,39,24,,25,,20,,26,,6,3,26,,,16,30,,19,16,,25,1,,,10,,23,24,,19,,20,5,,,14,15,18,20,24,,29,14,8,35,28,9,37,20,9,21,,15,,14,27,28,19,20,,16,27,,24,,12,,20,,,,,,,13,1,,18,16,25,20,36,34,24,24,18,36,29,19,51,17,24
520,,,23,14,29,10,33,20,35,22,,17,,19,,25,,5,,21,,,14,28,,16,12,,27,17,,,11,,22,28,,17,,15,5,,,43,13,10,17,7,,24,12,5,34,26,13,26,16,8,16,,13,,14,22,31,19,23,,17,30,,25,,2,,16,,,,,,,23,7,,16,16,23,18,33,32,17,18,16,28,18,16,49,20,25
521,,,17,19,30,14,32,18,34,22,,21,,14,,22,,11,,19,,,14,31,,15,12,1,29,17,,27,12,,14,25,,18,,19,5,,,43,17,14,13,22,,25,10,11,32,1,11,36,18,1,10,,12,,13,24,27,20,22,,16,30,,26,,10,,18,,,1,,,,25,39,,4,2,28,19,28,32,25,25,19,10,29,14,37,17,27
522,1,,2,19,34,13,31,12,41,23,,26,,17,,28,,9,,25,,,16,26,2,19,15,,28,17,,3,8,,25,20,,2,,7,2,,,45,17,20,1,4,,30,15,10,34,31,14,38,18,11,20,34,16,2,16,25,31,1,19,,16,30,,29,1,3,,4,,,2,,,,20,1,,17,13,27,6,38,31,25,22,12,33,28,20,49,3,27
523,,,16,14,30,2,34,15,37,18,,20,,18,,25,,11,,25,,,16,30,,19,13,,29,9,,,14,,21,29,,15,,16,7,,,45,14,15,19,24,,22,11,13,34,27,17,35,9,11,22,,12,,14,24,26,18,24,,16,26,,24,,3,2,21,,,,,,,22,46,32,17,14,1,5,37,32,23,24,19,34,27,16,40,18,24
524,,,18,17,24,14,35,6,37,19,,6,,4,,22,,9,,25,,,12,31,,17,10,,8,5,,,1,,22,26,,13,19,16,15,,,45,10,13,20,20,,19,10,12,31,26,14,36,17,11,20,32,9,,15,22,31,19,19,1,13,25,,20,,13,,18,,,,,,,22,46,,18,13,26,5,32,31,22,25,18,35,28,12,48,15,23
525,,,23,13,30,12,34,17,39,13,,1,,18,,21,,7,3,22,,,16,26,,16,11,,25,2,,22,7,,21,21,,17,,11,7,,,45,13,16,19,2,1,15,11,10,28,28,9,34,16,11,19,,11,,15,18,21,17,24,8,15,2,,9,,12,5,19,,,,1,,,23,45,,11,12,27,16,35,36,24,24,12,31,2,13,48,3,20
526,5,6,6,10,5,13,5,16,30,10,,5,,8,,5,,8,5,4,5,7,4,3,1,5,2,5,6,8,,1,14,6,12,7,6,7,2,4,7,,,7,5,6,5,7,5,8,5,3,27,21,14,10,10,5,7,4,7,7,6,6,20,7,7,3,21,6,,7,,4,,2,,,6,8,,9,18,1,29,8,11,12,5,7,11,3,12,17,16,6,7,6,10,20
527,,,21,17,32,12,33,18,37,19,,24,,17,,21,,11,,21,,,15,32,,12,13,,14,16,,25,8,,23,29,,18,,8,11,,,44,10,1,21,1,,17,9,13,32,26,4,27,12,10,22,,12,,10,24,32,18,22,,15,26,,25,,13,,18,,,,,,,24,43,,1,16,24,12,27,33,19,24,5,33,28,13,47,2,24
528,,,4,17,31,5,29,14,39,20,,24,,11,,1,1,4,,18,,,15,30,,18,8,,28,10,,1,11,1,23,27,,20,,5,2,,,46,17,18,21,23,,29,12,11,33,1,15,36,14,8,19,29,14,1,16,24,33,19,25,1,5,28,,25,9,8,,20,,5,,,,,2,39,,18,16,26,18,27,33,24,20,20,20,29,1,43,14,26
529,,,2,20,34,13,33,17,40,22,,22,,18,,26,,5,,2,,,2,27,,1,15,,30,15,,1,9,,26,20,,2,2,8,3,,,44,17,16,21,11,,29,18,11,34,30,14,37,1,6,21,,15,,15,1,33,19,19,,5,31,,29,,8,,3,,,,,,,21,33,,18,1,28,5,36,30,24,23,13,34,28,20,46,12,2
530,1,1,21,1,32,15,4,1,41,23,,26,,22,,26,,10,6,24,,,16,29,6,20,15,,1,17,,1,9,1,24,2,,20,,18,11,,,46,15,18,23,24,,1,13,10,34,1,4,38,16,5,2,,16,,14,25,33,19,13,,2,4,1,1,,2,,23,1,1,2,,,2,1,5,1,1,17,29,21,1,33,1,1,20,36,30,19,52,19,28
531,,,11,18,33,11,30,17,39,23,,24,,22,,28,,9,,24,,,15,30,,18,16,,29,17,,,8,,24,19,,17,,18,5,,,44,14,21,21,22,,28,16,12,34,30,5,41,17,9,21,,14,,13,2,34,9,18,,3,31,,28,,9,,2,,,,,,,20,35,,17,16,26,20,37,31,24,20,19,34,27,19,51,15,27
532,4,2,,2,,2,35,5,1,,3,2,,4,1,2,1,2,2,4,,,6,2,,4,3,2,2,2,3,,,,21,2,,2,2,15,1,2,,3,1,1,1,,2,,3,5,35,5,2,1,2,2,24,1,17,2,3,25,2,,2,3,3,1,,2,,1,4,21,,,1,4,4,2,2,2,,2,3,,2,2,1,2,,,2,2,,48,2,2
533,4,,1,19,31,3,29,19,39,22,8,1,,16,3,1,,10,,21,4,,16,30,1,7,15,,1,4,,4,1,17,26,22,,,1,16,12,,,46,17,19,22,25,7,26,1,7,33,5,2,37,19,1,1,1,12,1,14,26,35,2,25,,5,1,,27,3,11,,17,,,,,1,,2,3,,10,1,24,20,28,26,1,24,2,34,31,22,3,2,20
534,,2,4,1,1,2,1,16,2,19,1,27,,20,,2,1,1,,25,,,13,31,3,4,8,,24,15,,,13,4,23,31,,4,,4,7,,5,45,14,1,19,27,2,27,12,3,34,28,16,34,15,13,23,,13,,9,25,31,10,23,,18,29,2,25,,13,,16,,,3,,,1,21,2,4,18,6,1,6,37,25,24,25,19,23,2,,46,19,8
535,,1,21,17,31,16,35,8,1,22,,18,,19,,25,,10,,23,1,,17,20,,17,14,,28,17,,,1,,22,20,,18,1,15,10,,,45,14,12,3,1,,27,10,8,29,22,11,1,1,10,1,,8,,15,22,30,18,22,,19,29,,25,2,1,,1,,,,,,,1,1,,9,12,2,1,28,2,23,26,9,30,29,1,1,16,26
536,,20,8,1,30,10,30,13,37,12,,23,2,14,,25,,10,6,19,,,16,1,,17,14,,24,5,,21,8,,19,30,,17,,13,12,,,43,13,8,7,9,,19,10,11,30,30,11,1,15,7,22,,13,1,16,2,36,15,22,,14,8,1,7,,13,12,21,,,,,,,23,45,,12,2,15,6,32,30,21,26,13,18,24,14,50,18,18
537,,,24,2,27,14,29,15,33,19,,18,,20,,24,,9,,1,,,16,27,,15,12,,27,4,,,4,4,23,27,,13,,16,8,,,44,15,13,22,24,,24,13,11,33,29,12,17,16,10,20,,13,,10,16,30,14,20,,15,24,7,7,,13,,19,,,,,,,24,42,,18,14,23,19,30,29,22,26,18,32,28,1,48,16,23
538,,,21,6,27,14,33,8,35,6,1,12,,10,,14,,2,,25,10,,13,3,,9,15,,27,1,5,21,2,,1,23,,11,,14,5,,,46,6,11,15,24,,16,9,12,25,28,12,33,10,9,21,,11,,18,23,26,18,22,,17,23,,18,,12,10,20,,,,,,,23,2,,6,11,12,15,26,24,7,15,10,3,24,10,18,17,17
539,,,23,12,33,15,32,18,39,21,,23,,21,,24,,10,,2,,,16,25,2,21,15,,30,14,,,4,,24,28,,1,,8,4,,,43,13,11,20,2,,1,17,11,31,30,15,37,2,12,21,,5,,14,24,30,18,20,,17,30,,26,,1,1,3,,,,,,,18,32,,17,14,25,4,37,29,22,23,20,33,27,21,48,3,3
540,1,,22,1,31,11,30,12,31,21,,5,,21,,22,,11,,22,,,14,31,,4,5,,1,10,,21,8,,22,27,2,9,20,12,8,,,45,18,13,20,5,,23,14,1,37,28,1,26,17,11,7,,16,,14,1,32,18,16,,15,1,,23,,2,11,1,,3,,,,11,24,40,,9,12,21,1,29,29,24,1,20,33,26,19,7,16,18
541,,,7,17,27,7,30,16,41,22,,22,,17,,29,,4,,1,,,14,31,,18,10,,30,15,,,5,,27,29,,15,,11,1,,3,45,18,16,1,1,,28,17,9,34,3,15,35,4,10,3,29,14,,14,20,32,18,16,,10,32,,25,,11,,18,,1,,,7,14,1,2,3,15,4,25,19,36,27,14,26,15,34,29,13,50,4,24
542,,,18,18,30,13,34,19,36,21,,22,,18,,25,,9,,21,,,18,29,,18,13,,13,17,,,7,1,24,30,,21,,11,3,,,42,15,12,1,1,,24,8,11,32,27,7,35,16,10,19,,14,,16,22,28,17,23,,17,31,,23,,11,,18,,,,,,,24,47,,16,15,23,2,33,32,24,25,19,30,28,18,1,18,24
543,,,5,15,32,14,32,2,36,19,2,25,,19,,5,,10,,2,,,14,29,6,2,14,,29,16,,,12,,23,23,,16,,12,6,,,42,16,16,22,24,,28,13,11,35,25,6,37,4,8,22,30,15,,14,23,34,10,19,,5,31,,25,8,9,,20,,,,,,,21,30,,18,10,27,1,28,31,24,26,18,32,28,18,48,14,27
544,,,19,15,32,8,33,19,35,23,,9,,11,,1,,11,,23,,,16,30,,17,10,,30,13,,,1,,19,27,,16,,17,4,,,46,15,15,19,21,,24,9,11,32,27,11,36,15,2,11,,10,,15,20,33,19,1,,12,30,,25,,11,,16,,,,,,,24,37,,15,14,24,19,32,30,23,27,19,26,27,18,47,15,26
545,,,21,10,27,9,29,14,39,18,,19,,19,,24,,9,5,18,,,3,29,,17,1,,25,14,,,10,,21,28,,15,,13,7,,,41,16,14,21,8,,27,11,13,34,29,2,35,14,7,22,34,13,,17,19,34,10,23,1,16,26,,25,,6,,20,,,,,,,25,44,,17,8,26,19,31,32,12,26,15,33,26,15,48,17,24
546,,,21,17,27,9,30,18,39,22,,26,,18,,26,,10,,25,,,11,29,,18,5,,30,17,,,8,14,26,23,,19,,19,5,,,15,18,17,19,24,,29,14,9,33,28,11,37,19,11,20,33,14,,15,26,33,16,12,,8,29,,26,,7,,19,,,,,,,14,37,,19,14,26,19,37,32,23,23,19,32,29,17,52,17,27
547,,,21,18,30,16,33,9,40,21,,25,,22,,27,,11,1,24,,,3,33,,18,13,,30,14,,,9,,25,1,,13,,18,6,,,16,15,18,1,23,,22,15,10,23,30,18,38,19,11,1,,16,,15,26,33,16,18,,6,32,,26,,13,,18,,,,,,,17,3,,11,15,28,19,37,23,21,25,19,35,29,19,50,16,27
548,10,,23,13,31,15,34,18,41,24,,24,,20,,22,,9,,25,,,3,30,,18,12,,24,18,,,10,,22,26,,20,,18,8,,,45,12,13,2,22,,24,12,11,31,31,11,35,13,10,20,,13,,13,23,31,18,24,,12,29,,25,,13,,21,,,1,,,,14,7,,16,15,25,18,34,33,22,26,15,35,30,20,46,16,22
549,2,8,7,5,30,1,33,3,39,13,,6,,16,,10,,10,1,18,14,8,15,30,3,3,1,,4,12,16,,4,3,18,30,,4,3,2,9,,4,41,4,3,18,1,1,3,12,2,34,2,1,30,19,4,19,6,3,3,10,1,3,8,25,,1,23,2,26,,4,,13,,2,,4,2,2,1,46,3,10,8,26,2,34,1,23,25,18,20,1,4,4,13,16
550,1,1,1,1,1,1,1,1,1,1,1,1,1,1,1,1,1,1,1,1,1,1,1,1,1,1,1,1,1,1,1,1,1,1,1,1,1,1,1,1,1,1,1,1,1,1,1,1,1,1,1,1,1,1,1,1,1,1,1,1,1,1,1,1,1,1,1,1,1,1,1,1,1,1,1,1,1,1,1,1,1,1,1,1,1,1,1,1,1,1,1,1,1,1,1,1,1,1,1,1
551,,14,9,23,35,11,28,2,1,30,,1,,16,,6,,12,,25,,,,33,,21,4,,31,15,,7,10,16,16,29,4,5,15,13,6,,,45,16,17,17,5,,23,7,9,36,27,9,39,16,12,4,,,,9,24,21,20,17,3,7,35,,2,3,7,,4,3,4,,2,,,29,5,2,21,15,21,17,27,28,24,19,7,,21,19,47,2,27
552,1,2,2,16,32,1,32,1,1,25,,1,,21,,7,,14,3,1,2,1,2,33,1,2,3,1,2,15,1,1,5,,2,21,2,18,1,15,6,,7,44,1,1,5,5,1,30,12,2,10,3,1,39,,10,1,2,2,2,18,8,3,20,1,,3,29,1,26,,3,1,4,1,,12,1,1,,3,41,,1,4,1,16,36,33,1,24,1,4,30,24,1,14,1
553,,,12,18,32,15,32,15,38,20,,23,,22,,24,,12,,24,,,15,30,,17,11,,26,3,,,15,,25,27,,16,15,6,1,,,48,15,14,20,24,,23,12,13,32,28,14,35,10,10,19,30,13,,2,24,33,14,23,,12,30,,28,,10,,21,,,,,,,16,47,,15,16,24,20,32,33,21,23,18,31,28,18,48,17,25
554,,17,7,24,34,11,34,1,6,29,1,22,,1,,5,,16,,28,,,,35,,23,3,3,31,15,,7,8,14,17,30,5,6,17,14,5,,,41,,3,15,7,,25,6,13,35,28,13,38,17,11,2,,,,2,27,23,19,15,3,6,37,,8,6,6,,14,,3,,6,,,27,2,2,20,15,25,16,38,25,23,20,5,,28,20,3,14,27
555,,,24,19,31,14,4,3,40,23,,12,,20,,29,,10,,25,,,16,33,,19,13,,27,12,,,10,,24,25,,18,,16,9,,,46,2,18,21,23,,27,14,2,32,28,17,41,15,11,21,,16,,12,26,29,17,13,,5,31,,25,,9,,20,,,,,,13,18,38,,18,1,28,19,38,30,24,20,17,1,30,20,47,7,
556,,,21,3,32,16,35,1,39,13,,22,,14,,26,,12,,22,,,17,31,,14,13,,28,14,,,9,,21,25,,19,,16,7,,,1,14,18,20,24,,23,7,12,27,27,16,34,16,13,21,,13,,17,27,30,16,22,,16,29,,23,,13,,20,,,3,,,,27,44,,18,13,26,14,35,3,24,27,19,31,30,15,3,16,24
557,,,21,17,30,8,31,2,39,23,,25,,19,,28,,11,,26,,2,16,31,,19,8,1,29,15,,,1,,23,26,,18,,19,6,,,45,11,17,3,23,,28,13,9,32,29,7,39,18,7,12,,14,,16,1,32,18,13,,8,28,,25,,11,,18,,,,,,,18,37,,16,14,28,16,36,32,25,22,18,34,21,15,51,14,25
558,,,19,14,32,15,35,18,37,20,,26,,20,,25,,11,,22,,,15,32,,18,14,,29,17,,19,10,,24,30,,17,18,11,8,,,42,14,11,23,25,,26,10,2,22,18,13,35,18,1,23,31,14,,18,22,33,1,23,,16,31,,27,,10,,12,,,,,,1,24,2,,16,10,25,20,37,1,23,24,9,35,29,17,1,18,26
559,,,20,13,31,14,31,15,34,18,,23,,12,,21,,9,,23,,,13,31,,2,13,,26,12,,19,6,19,23,28,,19,,16,8,,,45,13,14,19,23,,12,10,11,22,25,16,34,16,5,17,,11,,14,24,33,17,15,,14,25,,21,,12,,19,,,,,,,22,44,,15,4,24,18,28,33,22,18,20,32,15,14,48,1,5
560,,,20,15,31,15,30,17,30,20,,23,,21,,23,,11,,21,,,14,30,,15,14,,27,14,,23,8,,21,28,,16,,15,6,,,47,11,10,16,2,,23,13,13,31,28,17,16,11,10,20,,7,,16,22,31,19,23,,16,28,,27,,11,4,20,,,,,,,25,46,,18,13,21,18,1,33,21,21,18,35,28,20,45,4,24
561,,,17,4,31,15,31,16,37,19,,24,,15,,18,,6,6,22,,,16,27,,18,15,,20,16,,24,2,3,23,20,,15,,14,13,,,46,12,17,18,1,,26,9,12,1,28,1,34,17,10,20,,13,,17,24,30,18,16,,14,24,,22,,8,,20,,,,,,,22,41,,12,11,21,16,34,29,19,25,16,25,27,17,46,14,24
562,1,,17,1,32,13,32,2,41,22,1,24,,22,,28,3,1,,27,,,14,34,1,20,12,,30,17,,,10,,24,23,,19,,1,1,1,,15,15,1,22,2,,1,11,8,33,2,16,39,19,5,20,,1,,16,27,33,18,1,,1,1,,21,,2,,20,1,1,1,,,14,20,5,,16,16,29,1,38,33,22,26,21,35,1,21,49,11,28
563,,6,6,12,31,6,32,13,32,20,,21,,19,,29,,9,,17,,,17,31,,19,7,,24,14,,,6,2,20,30,,3,,4,5,13,2,45,5,17,22,25,,22,12,2,35,19,15,29,18,7,18,,14,,13,22,25,7,14,,7,31,,24,7,3,,15,,2,,,,,22,1,,18,7,24,9,36,24,22,25,7,34,28,17,45,11,26
564,2,4,,2,4,2,,,6,,1,2,1,3,,,5,,,,16,5,,2,2,3,,4,6,6,3,,5,3,,,2,3,3,2,,6,,2,3,2,,2,,1,2,3,38,3,2,,,1,,4,,3,3,8,,,,3,3,2,3,,,,1,,,2,,,5,5,2,,6,,,6,,1,4,,,23,3,,7,1,,19
565,,,21,18,31,14,32,16,32,21,,7,,20,,27,,11,,25,,,11,31,,1,15,,27,4,,,7,,22,27,,16,15,10,2,,,44,18,18,17,22,,27,13,7,32,28,15,33,16,10,3,33,12,,12,23,32,17,21,,10,27,,25,,9,,20,,,,,5,,25,39,,18,1,26,19,34,34,1,23,18,20,24,14,43,18,25
566,,,13,15,25,11,30,7,38,16,,26,,15,,20,,10,,21,18,,12,20,,18,12,,27,7,,,5,6,6,27,,10,11,15,10,,,44,16,14,21,20,,17,8,13,33,22,16,29,7,12,18,,16,,6,15,34,17,17,4,13,26,,24,,9,,20,,9,,,,,21,3,,7,6,17,18,29,33,19,21,18,23,18,13,47,17,21
567,17,,16,17,30,16,34,18,34,21,,20,,14,,26,,9,20,22,,,18,32,,5,14,,2,9,,,7,,26,30,,18,,7,2,16,,44,12,15,20,26,,21,13,4,32,24,10,27,16,7,15,26,14,,9,26,34,7,19,,11,29,,20,3,10,,22,,,,,,15,27,39,,12,11,7,19,31,28,,26,20,33,29,15,47,17,24
568,,,3,18,32,16,31,11,40,21,,25,,18,,28,,11,,26,,,5,27,3,18,15,,28,14,,,8,,24,27,,15,,1,3,,,45,15,20,21,3,,28,16,1,33,29,16,38,3,10,19,,16,,16,25,31,8,1,,9,32,,28,,10,,5,,,1,,6,12,19,33,,16,18,2,18,37,33,22,26,9,35,26,17,49,5,25
569,,,13,14,28,8,28,16,32,22,,23,,18,,24,,10,6,19,,,16,31,,16,8,,28,5,,,5,15,21,30,,14,16,11,7,,,44,17,14,11,24,,25,14,9,34,29,14,32,19,4,1,,13,,14,22,2,16,24,,16,31,,21,,13,,18,,4,,,,,25,39,,18,1,26,18,31,33,20,23,18,33,28,15,46,17,25
570,,,19,17,28,2,35,16,39,22,1,19,,20,,26,,10,,24,,1,16,32,,18,12,,30,15,,,8,,22,30,,17,,17,7,,,44,15,15,3,23,,28,14,14,32,23,9,34,17,11,20,,14,,14,23,35,19,16,,16,27,,7,,10,,17,,,,,,,26,1,,17,15,27,21,36,33,24,25,4,34,29,18,1,17,27
571,1,1,17,17,31,8,1,5,39,22,1,1,,13,,24,1,1,,1,,,1,29,,18,1,1,1,17,1,,1,1,1,1,,15,,7,11,,1,1,1,1,1,4,,27,11,12,2,1,1,29,1,3,1,,1,,16,1,34,1,16,,1,30,,26,,1,1,20,1,,,,1,,1,1,2,15,14,29,19,1,29,1,1,1,35,1,1,1,18,27
572,,2,,1,,3,4,4,2,,2,1,2,3,1,1,1,1,,5,1,,7,1,,2,1,1,3,3,1,,7,,22,3,,4,3,1,4,1,,4,2,2,2,,4,,1,4,34,2,2,2,2,2,25,2,2,3,4,26,3,,3,1,1,2,1,3,,2,1,22,,1,2,1,6,4,1,1,,1,4,1,1,4,3,1,,1,3,1,,49,1,5
573,,,28,20,34,20,37,22,53,24,,25,,,,,,,,25,,,23,,,,,,32,22,,,14,,27,,,9,,,25,,,11,25,27,,26,,,18,18,26,,23,38,25,20,28,,,,23,29,40,29,,,22,,,30,,17,,,,,,,,13,,,,,19,,,39,26,36,,26,44,38,,55,,
574,,,19,15,35,13,38,22,42,23,,32,,,,25,,,,28,,,21,,,,,,27,23,,,20,,28,,,2,,,19,2,,6,24,27,26,27,,29,20,8,24,,18,37,20,15,32,,,,22,28,35,23,,,19,,,31,,15,,,,,,,,,33,,,19,17,,,41,21,30,24,22,41,34,18,51,,
575,,,29,14,32,20,38,24,53,25,,31,,,,,,,,28,,,23,,,18,,,31,23,,,13,,28,,,9,,,26,,,12,24,24,,29,,,19,20,22,19,17,36,,20,28,,,,29,29,39,36,,,20,,,28,,16,,,,,,,,,,,,,18,,,40,35,24,,25,44,27,,54,,
576,,,,,,,37,,,,,,,,,,,,,,,,,,,18,,,,19,,,,,29,,,,,,,,,,,,26,,,,,,,,,,,,24,,,,,26,,,,,19,,,,,,,,,,,,,,,,,,,,,,,,,29,,,20,,,
577,,,,,34,,40,,,,,,,,,,,,,,,,,,,,,,,,,,,,28,,,,,,,,,,,,27,,,,6,,,,,36,,,,,,,,31,,,,,18,,,,,,,,,,,,,,,,,,,,,,,,,28,,,18,,,
578,,,,,,,35,,,,,23,,,,,,,,,,,,,,,,,,,,,,,31,,,,,,,,,,,,24,,,,,,,,,,,,,,,,,31,,,,,19,,,,,16,,,,,,,,,,,,,,,,,,,,27,,,19,,,
579,,,28,21,34,18,40,25,58,26,,31,,,,,,,,27,,12,24,,,,,,32,20,,,12,,28,,,6,,,27,,,11,20,24,,28,,,19,17,23,,16,36,,19,29,,,,24,28,35,26,,,20,,,30,,18,,,,,,,,,,,,,17,,,40,22,30,,25,45,36,,54,,
580,15,,8,17,18,9,32,20,31,9,,14,,9,,19,,5,,14,15,2,5,15,,17,11,,27,11,18,,8,10,18,16,,7,16,13,11,13,,43,10,18,14,18,,18,7,11,23,11,17,34,11,12,14,26,9,,1,18,28,17,12,,12,28,,22,2,3,11,21,,,,9,,9,15,46,17,20,10,10,14,16,14,14,17,19,23,14,12,45,16,18
581,,,9,14,32,18,36,20,42,22,,24,,,,25,,,,,,,18,,,18,,,14,20,,,11,,26,33,,2,,,5,,,2,29,,21,25,,29,,14,22,,22,35,18,13,23,,,,,26,35,21,25,,,,,,,17,,,,,,,,,,,,,15,15,13,38,33,24,24,,,34,17,49,,
582,,,,,,,37,,,,,,,,,,,,,,,,,,,,,,,,,,,,29,,,,,,,,,,,,23,,,,,,,,,35,,,,,,,,33,,,,,20,,,,,,,,,,,,,,,,,,,,,,,,,22,,,17,,,
583,,,,,,,38,,,,,,,,,,,,,,,,,,,,,,,,,,,,27,,,,,,,,,,,,25,,,,,,,,,,,,,,,,,29,,,,,18,,,,,,,,,,,,,,,,,,,,,,,,,27,,,19,,,
584,,,18,16,32,18,39,22,33,23,,23,,,,,,,,22,,,18,32,,,,,32,19,,,20,,25,,,9,,10,15,,,5,23,16,25,28,,26,21,14,23,,21,36,18,14,33,,,,21,29,36,24,25,,20,,,32,,14,,,,,,,,,24,,,,19,,,42,20,33,28,23,2,35,17,51,,
585,,,9,14,32,18,35,20,42,22,,23,,,,25,,,,25,,,18,,,18,,,14,19,,,11,,26,33,,2,,,5,,,2,29,22,21,25,,29,6,14,22,16,21,35,18,13,23,,,,,26,35,21,25,,18,,,24,,16,,,,,,,,,,,,,15,15,13,38,33,24,24,22,41,34,17,49,,
586,,,20,15,32,17,35,20,40,22,,24,,22,,25,,8,,23,,,15,34,,13,15,,4,13,,,12,,23,17,,19,,17,10,,,45,15,19,22,23,,27,15,13,22,21,17,36,3,10,18,27,,,16,25,35,18,23,,15,28,,22,,12,13,,,,,,,11,,34,,18,14,16,21,35,33,23,26,14,33,32,19,35,19,27
587,,,19,14,28,5,36,21,39,23,,23,,16,,25,,10,,23,13,,13,33,,14,15,,19,16,,,13,,24,18,,19,,19,11,,,45,14,20,22,25,,27,9,12,24,23,18,33,16,11,16,26,16,,15,23,34,21,24,,15,31,,24,,10,5,18,,,,,,,,34,,19,11,23,21,36,25,23,27,15,34,31,17,35,18,23
588,,,29,14,32,18,35,20,54,23,,26,,,,,,,,28,,,20,,,,,,32,23,,,15,,28,,,9,,,22,,,12,25,26,21,27,,,20,14,22,19,25,38,20,16,31,,17,,25,26,36,35,,,23,,,29,,18,,,,,,,,,,,,,18,,,39,34,35,26,23,39,37,,49,,
589,,,29,22,35,20,36,21,56,24,,30,,,,,,,,27,,,25,,,,,,33,23,,,16,,29,,,9,,,24,,,4,22,25,,30,,,19,15,29,18,18,37,,19,23,,,,27,30,38,36,,,21,,,27,,19,,,,,,,,17,,,,,18,,,41,34,37,,26,47,36,,55,,
590,,,19,18,32,15,34,16,56,21,,21,,,,,,,,25,,,11,,,,,,31,6,,,19,,27,30,,2,,,5,,,2,14,16,21,26,,24,14,18,32,,15,33,,14,22,,15,,10,31,39,19,,,12,,,25,,10,,23,,,,,,,27,,,,15,27,11,36,32,24,27,22,35,30,17,48,22,
591,,,18,1,30,17,30,14,38,20,,24,,13,,24,,10,,22,,,16,23,,2,16,,20,16,,,9,,24,31,,18,,16,5,,,46,14,15,20,19,,21,6,12,23,26,8,34,17,13,18,25,13,,7,25,30,17,18,,14,33,,23,,9,,18,,,,,,,21,30,18,14,10,22,10,31,27,18,24,20,33,30,1,49,18,17
592,,,25,22,37,19,41,27,46,24,,23,,,,,,,,28,,,21,,,,,,32,22,,,17,,30,,,8,,,16,,,9,25,26,,27,,,20,18,32,,25,40,,18,31,,,,24,26,37,27,,,23,,,30,,23,,,,,,,,,,,,,15,,,38,34,32,,24,45,35,,52,,
593,,,8,16,33,16,29,8,39,22,,23,,16,,21,,2,,25,,,16,21,,4,7,,14,18,,,6,,24,29,,11,,16,11,,,2,17,16,22,21,,18,12,7,31,23,13,35,18,11,22,33,16,,20,26,35,18,25,,17,33,,24,,8,,21,,10,,,,,24,32,,10,10,27,19,30,22,24,24,20,20,28,14,49,16,2
594,,,,14,,,35,20,,21,,22,,20,,,,,,,,,18,37,,,,,25,,,,,,21,,,,,,13,,,,30,18,,26,,4,,,34,,22,27,19,13,23,,,,9,26,36,8,23,,,,,,,4,,,,,,,,,,2,,,13,,10,,28,25,,,32,29,17,50,19,
595,,,,,,,38,,,,,,,,,,,,,,,,,,,,,,,,,,,,30,,,,,,,,,,,,22,,,,,,,,,,,,,,,,,35,,,25,,21,,,,,,,,,,,,,,,,,,,,,,,,,28,,,20,,,
596,,,17,16,27,19,20,7,26,19,,,3,,,25,,,,13,23,,20,,,,18,,26,4,,,19,,21,48,,9,,24,23,1,,9,22,22,27,27,,25,18,14,19,18,17,36,1,7,31,,,,21,26,37,,,,24,,,12,,5,36,,,,1,,,32,30,26,,2,,26,,39,2,28,26,19,42,30,,28,,
597,,,24,22,36,18,40,24,49,26,,26,,,,25,,,,26,,,24,,,,,,30,19,,,17,,30,,,9,,,22,,,12,24,25,,27,,,19,18,30,,24,38,,18,31,,,,25,31,39,30,,,23,,,29,,20,,,,,,,,,,,,,18,,,39,33,31,,26,45,38,,55,,
598,,,22,21,36,19,40,26,57,26,,23,,,,25,,,,28,,,24,,,,,,15,19,,,17,,30,,,2,,,26,,,10,26,25,,29,,,17,19,27,,24,37,26,18,25,37,,,28,29,40,32,25,,18,,,28,,22,,,,,,,,,,,,,19,,,41,26,34,,25,46,37,,49,,
599,,,,,32,,39,,,,,23,,,,,,,,,,,,,,,,,,,,,,,32,,,,,,,,,3,,,26,,,,,,,,,,,,,,,,,27,,,,,21,,,,,,,,,,,,,,,,,,,,,,,,,26,,,18,,,
600,,,,,,,40,,,,,23,,,,,,,,,,,,,,,,,,,,,,,26,,,,,,,,,,,,26,,,,,,,,,36,,,,,,,,32,,,,,21,,,,,,,,,,,,,,,,,,,,,,,,,25,,,21,,,
601,,,9,16,24,10,32,16,33,21,,1,,10,,17,1,7,,23,16,,18,22,,18,16,,14,9,,19,9,,16,27,,11,17,14,11,2,,37,14,9,10,13,,18,8,13,27,30,9,27,14,7,16,34,8,,16,20,29,19,5,,17,22,,4,1,12,1,,,1,,10,,10,24,28,,18,10,13,15,20,20,15,26,15,27,16,4,44,19,19
602,,,9,14,32,18,35,20,42,22,,23,,,,25,,,,25,,,18,,,18,,,14,19,,,11,,26,33,,2,,,5,,,2,29,22,21,25,,29,6,14,22,16,21,35,18,13,23,,,,,26,35,21,25,,18,,,24,,16,,,,,,,,,,,,,15,15,13,38,33,24,24,22,41,34,17,49,,
603,,,25,23,35,19,38,25,57,26,,24,,,,,,,,27,,,25,,,,,,33,24,,,11,,30,,,10,,,13,,,14,23,26,,28,,,14,14,33,,24,39,,21,26,,,,26,32,39,34,,,22,,,24,,20,,,,,,,,,,,,,18,15,,39,36,36,29,26,44,34,,53,,
604,18,,17,17,26,17,35,2,37,19,,23,,18,,31,,10,,24,1,,18,28,,15,14,,25,15,,,10,,22,30,,19,,14,9,,,46,17,14,21,25,,27,9,13,27,17,17,33,18,11,16,,13,,11,22,31,7,21,,17,26,,23,,6,,20,2,,,,,35,24,7,,10,12,25,16,38,35,22,23,20,33,21,15,48,16,24
605,,,21,15,37,13,38,24,56,27,,25,,,,,,,,29,,,23,,,,,,32,22,,,17,,31,,,10,,,25,,,14,25,25,,29,,,18,20,29,,25,37,,20,28,,,,28,26,39,33,,,21,,,29,,17,,,,,,,,,,,,,18,,,40,35,36,,24,41,36,,54,,25
606,,,17,2,22,7,34,18,28,7,,7,,1,,17,,5,,14,1,,7,,,21,12,,19,12,,,7,7,17,15,,11,19,14,8,15,,42,,18,8,13,,11,11,13,22,19,13,20,18,12,7,20,7,,1,17,27,20,11,,13,7,,19,,11,6,7,,,,,,1,23,15,,19,11,6,1,21,14,15,19,15,6,22,7,45,9,19
607,,,9,14,32,18,35,20,42,22,,23,,,,25,,,,25,,,18,,,18,,,14,19,,,11,,26,33,,2,,,5,,,2,29,22,21,25,,29,6,14,22,16,21,35,18,13,23,,,,,26,35,21,25,,18,,,24,,16,,,,,,,,,,,,,15,15,13,38,33,24,24,22,41,34,17,49,,
608,,,9,14,32,18,35,20,42,22,,23,,,,25,,,,25,,,18,,,18,,,14,19,,,11,,26,33,,2,,,5,,,2,29,22,21,25,,29,6,14,22,16,21,35,18,13,23,,,,,26,35,21,25,,18,,,24,,16,,,,,,,,,,,,,15,15,13,38,33,24,24,22,41,34,17,49,,
609,,,27,22,36,18,35,15,55,22,,24,,,,26,,,,28,,,24,,,,,,34,15,,,17,,29,,,5,,,25,,,16,23,15,14,25,,,13,18,28,,15,37,,19,24,34,14,,12,30,38,34,,,22,,,26,,14,,,,,,,,,28,,,,16,,,41,35,35,,25,28,25,17,3,,
610,,,17,11,30,17,31,19,39,22,,15,,,,25,,9,,23,,,18,32,,12,5,,23,17,,,8,,26,31,,2,,14,9,,,2,10,16,21,26,,25,14,6,33,25,16,41,16,5,16,,,,10,23,33,21,22,,12,26,,25,,12,,18,,,,,,,23,45,,18,12,8,20,32,27,21,18,22,34,29,16,47,17,25
611,,,9,21,37,20,40,24,57,22,,27,,,,,,,,27,,,19,,,,,,31,22,,,13,,31,,,7,,,25,,,2,21,24,,25,,,20,19,29,,24,39,,20,27,,,,23,26,38,28,,,23,,,30,,18,,,,,,,,15,,,,,19,,,41,36,37,28,25,45,38,,51,,
612,,,25,19,35,17,38,27,54,24,,25,,,,,,,,28,,,24,,,,,,30,23,,,18,,27,,,7,,,26,,,10,24,27,,26,,31,16,19,31,,26,35,,20,25,37,,,11,31,40,21,,,20,,,29,,19,,,,,,,,,,,,,17,,,38,34,33,,25,44,27,,54,,
613,,,9,14,32,18,35,20,42,22,,23,,,,25,,,,25,,,18,,,18,,,14,19,,,11,,26,33,,2,,,5,,,2,29,22,21,25,,29,6,14,22,16,21,35,18,13,23,,,,,26,35,21,25,,18,,,24,,16,,,,,,,,,,,,,15,15,13,38,33,24,24,22,41,34,17,49,,
614,,,20,19,29,14,34,18,40,20,,21,,20,,23,,9,,24,,,16,28,,12,13,,26,15,,,6,19,21,27,,13,19,11,8,,,44,16,14,19,24,,24,12,13,35,27,17,34,15,12,18,,9,,14,26,35,20,16,,12,28,,25,,12,31,16,,,,,,11,21,1,,16,14,23,19,33,28,16,20,4,32,1,16,35,17,26
615,,,,,,,40,,,,,,,,,,,,,,,,,,,,,,,,,,,,30,,,,,,,,,,,,27,,,,,,,,,,,,23,,,,,30,,,,,22,,,,,,,,,,,,,,,,,,,,,,,,,29,,,20,,,
616,,,24,14,35,17,39,23,43,24,,29,,,,,,,,28,,,22,,,,,,32,23,,,20,,27,,,4,,,20,,,4,27,23,,28,,30,20,14,23,,23,37,19,14,31,,,,22,29,37,23,,,18,,,30,,6,,,,,,,,,32,,,,18,,,39,34,31,,25,46,34,18,54,,
617,,,30,19,34,19,37,26,54,23,,23,,,,,,,,27,,,21,,,,,,31,22,,,17,,29,,,8,,,26,,,13,21,24,,29,,,17,18,24,17,16,37,,19,26,,17,,12,30,40,34,,,21,,,27,,19,,,,,,,,,,,,,17,,,38,34,35,,21,42,36,,53,,
618,,,24,13,37,19,39,23,49,22,,28,,,,,,,,29,,,19,,,,,,29,20,,,18,,31,,,10,,,21,,,8,25,23,28,27,,28,21,20,21,,24,37,23,15,32,,,,28,27,40,31,,,19,,,30,,19,,,,,,,,,,,,,19,,,42,34,36,27,24,37,38,,52,,
619,,,28,18,33,20,38,24,54,23,,26,,,,,,,,28,,,23,,,,,,34,23,,,18,,26,,,11,,,14,,,13,24,24,,30,,32,19,16,31,,22,35,,19,30,36,,,27,29,41,34,,,21,,,28,,21,,,,,,,,,,,,,17,,,42,33,33,,24,42,35,,55,,
620,,,27,18,32,20,37,25,46,21,,30,,,,,,,,28,25,,18,,,18,,,32,16,,,11,,30,,,9,,25,11,,,8,22,23,24,26,,,18,16,24,17,23,36,,13,23,,,,18,30,37,35,24,,21,33,,30,,13,,,,,,,,,,,,,17,,,38,34,33,,20,46,36,,53,,
621,,,20,15,37,19,38,22,43,25,,32,,,,29,,,,28,,,23,,,,,,28,22,,,20,,29,,,2,,,18,,,5,26,26,,11,,,21,15,22,,19,39,21,16,31,,,,23,27,35,27,,,19,,,25,,16,38,,,,,,,,,,,,16,,,40,23,30,,25,42,37,17,55,,
622,,,28,17,36,18,39,20,44,25,,30,,,,,,,,15,,,22,,,,,,30,23,,,19,,30,,,3,,,17,,,4,26,26,,25,,32,19,18,24,,22,38,18,16,30,,,,23,28,41,29,,,20,,,26,,16,,,,,,,,,,,,,20,,,38,27,37,,24,41,38,,53,,
623,,,29,21,35,19,35,25,42,26,,25,,,,,,,,17,,,25,,,,,,31,24,,,18,,31,,,3,,,15,,,12,26,25,,29,,33,15,19,31,,21,40,,15,23,,,,13,28,38,24,,,23,,,28,,22,,,,,,,,,,,,,19,,,40,33,37,,26,47,34,18,55,,
624,,,9,14,32,18,35,20,42,22,,23,,,,25,,,,25,,,18,,,18,,,14,19,,,11,,26,33,,2,,,5,,,2,29,22,21,25,,29,6,14,22,16,21,35,18,13,23,,,,,26,35,21,25,,18,,,24,,16,,,,,,,,,,,,,15,15,13,38,33,24,24,22,41,34,17,49,,
625,,,27,20,34,19,38,24,57,25,,26,,,,,,,,28,,,25,,,,,,14,23,,,16,,31,,,5,,,14,,,3,27,25,,25,,,16,18,25,16,22,39,,21,30,,,,27,27,41,28,,,22,,,28,,18,,,,,,,,,,,,,18,,,42,34,38,,26,46,38,,54,,
626,,,11,21,35,20,38,22,52,24,,30,,,,,,,,26,,,23,,,,,,33,22,,,17,,29,,,5,,,27,,,12,22,26,21,26,,,14,18,30,18,22,38,,14,28,36,,,28,29,38,28,,,18,,,30,,17,,,,,,,,,,,,,19,16,,39,27,34,,23,46,35,,54,,
627,,,,,,,41,,,,,,,,,,,,,,,,,,,,,,,,,,,,31,,,,,,,,,,,,27,,,,,,,,,,,,,,,,,26,,,,,21,,,,,,,,,,,,,,,,,,15,,,,,24,,26,,,21,,,
628,,,,,,18,39,,,,,,,,,25,,,,,,,,,,,,,,,,,,,29,,,,,,,,,2,,,26,,,,,,,,,,,,25,,,,,33,,,,,22,,,,,,,,,,,,,,,,,,15,,,40,,,,29,,,21,,,
629,2,,10,16,1,18,31,20,34,13,,1,,5,,18,,,,15,17,,14,23,,19,19,,15,2,,,11,9,18,22,,12,1,1,11,12,,27,24,15,16,16,,20,5,15,22,18,17,28,15,13,16,1,12,,7,14,29,21,,7,18,27,,21,2,13,11,,,,,12,2,9,21,29,6,17,9,16,21,22,17,18,24,19,10,1,,47,20,18
630,,,20,15,33,16,36,21,50,22,,31,,,,20,,,,27,,,19,,,,,,31,18,,,19,,28,,,8,2,,26,,,13,23,26,25,27,,30,21,15,20,16,23,36,,13,28,,,,28,30,35,35,,,19,,,31,,15,12,,,,,,,,,,,,18,15,,40,34,35,,24,45,34,,53,,24
631,,,25,14,37,14,39,22,42,22,,29,,,,,,,,25,,,18,,,19,,,31,20,,,19,,27,33,,11,,,20,,,2,26,22,24,26,,27,23,20,22,,24,35,20,14,33,,,,20,27,36,22,,,20,,,31,,16,,,,,,,,,,,,,19,16,,41,21,31,24,26,36,33,19,50,,
632,,,,,35,,41,,,,,,,,,,,,,,,,,,,,,,,,,,,,28,,,,,,,,,,,,25,,,,,,,,,,,,,,,,,33,,,,,20,,,,,,,,,,,,,,,,,,15,,,,,,,24,,,20,,,
633,,,25,19,35,20,34,25,48,25,,25,,,,,,,,26,,,21,,,,,,35,21,,,17,,32,,,7,,,23,,,10,26,17,22,27,,,20,17,31,,25,35,24,22,32,,16,,24,26,41,34,,,23,,,26,,17,,,,,,,,,,,,,17,,,40,34,37,28,23,37,36,,51,,
634,,7,17,,31,16,31,20,37,21,,23,,19,,19,,9,,23,,,18,32,,12,13,,28,17,,,11,,23,31,,18,19,17,11,,,45,12,20,21,26,,26,7,13,24,23,17,35,18,9,17,28,15,,17,24,34,20,17,,13,27,,25,,11,,17,,,,,,,,33,,17,14,25,20,33,27,19,26,19,32,31,18,35,19,26
635,,,,14,33,,35,,,,,,,,,,,,,,,,,,,,,,,,,,,,31,,,,,,,,,,,,26,,,,,,,,,,,,,,13,,,35,,21,,,19,,,,,,,,,,,,,,,,,,,,,,,,,25,,,21,,,
636,,,26,21,35,19,40,20,57,25,,24,,,,,,,,27,,,26,,,,,,34,17,,,19,,31,,,10,,,27,,,12,26,27,,28,,32,21,18,30,,24,39,,20,24,,,,24,29,39,22,,,22,,,27,,19,,,,,,,,,,,,,16,16,,41,33,36,,25,36,38,,50,,
637,,,7,11,22,12,29,22,31,9,,13,,13,,21,,,,21,15,10,11,31,,,16,,18,16,,,14,10,24,23,,13,17,9,14,16,,36,9,7,15,19,,16,11,14,18,,17,11,16,12,15,28,,,17,19,28,18,14,,18,26,,3,9,17,30,,,,,,,17,22,13,28,16,5,22,,22,19,17,21,16,8,31,10,47,4,18
638,,,9,14,32,18,35,20,42,22,,23,,,,25,,,,25,,,18,,,18,,,14,19,,,11,,26,33,,2,,,5,,,2,29,22,21,25,,29,6,14,22,16,21,35,18,13,23,,,,,26,35,21,25,,18,,,24,,16,,,,,,,,,,,,,15,15,13,38,33,24,24,22,41,34,17,49,,
639,,,25,15,36,18,39,24,44,22,,30,,,,,,,,14,,11,20,,1,,,,31,21,,,20,,26,,,5,,11,22,,,5,27,22,23,26,,26,20,16,24,,18,36,18,13,31,,,,22,27,35,25,,,19,,,31,,16,37,,,,,,,,,14,,,20,,,23,21,31,27,20,1,36,20,52,,
640,,,,15,,18,38,,,,,,,,,,,,,,,,,,,,,,,,,,,,26,,,,,,,,,,,,26,,,,7,,,,,,,,,,,,,35,,,,,21,,,,,,,,,,,,,,,,,,,,,,,,,27,,,20,,,
641,12,,22,10,24,13,23,19,32,10,,8,,7,,10,,6,,22,13,,9,16,,22,14,,1,1,18,20,9,8,10,31,,11,18,5,11,11,,13,16,13,17,15,,20,9,12,24,17,16,24,14,14,13,27,,,6,15,28,20,14,,16,25,,23,,14,10,19,,,16,12,,8,1,14,2,21,8,21,2,30,14,10,18,20,11,1,6,31,14,9
642,,,10,14,33,18,35,20,42,23,,23,,,,25,,,,,,,19,,,19,,,15,19,,,12,,27,34,,2,,,5,,,2,29,,21,25,,29,,15,22,,21,35,19,13,24,,,,,26,36,21,25,,,,,,,16,,,,,,,,,,,,,15,15,13,39,33,24,25,,,34,17,49,,
643,,,,,,,37,,,,,,,,,,,,,,,,,,,,,,,,,,,,30,,,,,,,,,,,,27,,,,,,,,,,,,,,,,,34,,,,,22,,,,,,,,,,,,,,,,,,,,,,,,,29,,,19,,,
644,,,26,19,34,19,40,25,55,22,,23,,,,,,,,26,,,22,,,19,,,31,16,,,16,,30,,,10,,,12,3,,15,26,25,11,28,,,19,13,31,,24,34,,17,29,,,,26,27,40,34,,,22,,,24,,16,,,,,,,,11,,,,,16,,,41,33,33,,22,37,37,,52,,
645,,,2,14,29,15,34,17,36,21,,22,,21,,21,,8,,23,,,16,32,,15,4,,30,14,,,11,,25,29,,18,,8,10,,,46,14,14,20,22,,28,8,12,33,26,17,37,18,8,17,,15,,14,26,33,16,22,,14,30,,24,,12,,16,,,,,,,23,31,,13,10,25,20,34,27,24,26,15,32,30,18,48,18,26
646,,,21,16,28,4,34,19,39,21,,23,,15,,22,,7,,23,,,15,31,,6,14,,3,12,,,12,,24,32,,19,,17,9,,,46,12,18,21,24,,26,14,5,24,22,16,35,19,5,16,27,15,,15,24,32,19,24,,12,28,,25,,12,4,19,,,,,,,,18,,16,12,24,19,32,26,22,24,20,33,31,19,46,18,22
647,,,,,,,40,,,,,,,,,,,,,,,,,33,,,,,,,,,,,30,,,,,,,,,,,,25,,,,,,25,,,,,,24,,,,,35,,,,,20,,,,,,,,,,,,,,,,,,,,,38,,,,29,,,20,,,
648,,,9,20,35,20,38,20,42,22,,24,,,,25,,,,25,,,18,,,,,,14,23,,,18,,30,33,,2,,,5,,,2,22,22,21,25,,29,6,14,22,16,17,38,18,13,23,,18,,13,26,35,35,25,,18,,,24,,20,,,,,,,,,,,,,18,15,13,38,33,24,24,22,41,37,,49,,
649,4,,10,1,28,8,7,2,4,22,1,1,1,9,,8,18,12,13,10,15,6,13,1,3,2,16,,14,1,21,,10,11,18,17,,2,3,,5,14,,1,8,4,11,16,8,1,8,15,18,14,1,32,11,3,21,6,3,7,17,1,9,23,1,,3,4,3,24,,6,1,7,,3,9,3,,9,18,1,3,1,14,3,2,38,1,1,7,1,1,34,1,22,15,3
650,,,,,,,40,,,,,24,,,,,,,,,,,,,,,,,,,,,,,32,,,,,,,,,,,,26,,,,,,23,,,,,,,,,,,28,,,,,21,,,,,,,,,,,,,,,,,,,,,,,,,28,,,18,,,
651,,,11,3,25,16,28,18,25,10,,15,,3,,18,,9,,11,12,,12,28,,21,15,,18,15,17,16,8,,7,9,,11,15,14,10,17,,42,11,19,3,27,,18,8,11,24,3,17,32,11,10,15,24,11,,8,18,22,28,16,,16,25,,21,,12,3,23,,1,,12,,7,23,17,26,19,10,13,19,23,24,6,15,19,12,26,11,32,17,18
652,,,21,10,32,4,35,2,40,20,2,15,,21,,25,,9,,23,,,18,33,,15,,,23,15,,,10,,22,17,,20,,19,8,,,2,15,22,21,25,,29,8,14,22,16,17,37,18,4,20,,14,,12,26,35,21,23,,16,30,,22,,16,,18,,,,,,,2,45,,3,12,25,13,36,4,19,22,21,41,31,16,34,18,22
653,,,25,14,33,19,36,24,48,20,,28,,,,,,,,29,24,,18,33,,,,,33,21,,,15,,30,,,10,,,26,,,10,22,22,,27,,,22,13,26,,17,38,,21,31,,15,,22,29,38,34,,,22,,,29,,18,,,,,,,,,,,,,16,,,42,34,36,,24,43,37,,50,,
654,,,28,21,34,19,37,26,56,23,,29,,,,,,,,25,,,23,,,,,,33,23,,,17,,27,,,4,,,27,,,11,20,26,,29,,,18,19,25,,23,39,,21,27,35,,,25,28,39,35,24,,21,,,29,,20,,,,,,,,,,,,,17,,,43,35,33,,26,43,37,,55,,
655,,,19,18,32,19,37,20,45,23,,23,,,,26,,,,25,,,20,,,,,,29,17,,,20,,26,31,,9,,,17,,,14,26,27,26,25,,29,21,16,22,17,26,37,21,7,29,,,,25,26,35,28,,,20,,,31,,14,,,,,,,,33,,,,,20,16,,40,22,33,,18,43,34,18,29,,
656,16,,9,18,27,13,29,21,36,22,,23,,18,,25,,,,15,16,3,10,16,,18,12,,8,4,,,11,11,19,19,,13,15,14,5,14,,42,15,18,15,19,,29,6,12,24,16,18,35,9,12,15,,12,,11,18,35,18,22,,15,29,,23,,8,12,22,,,,10,,10,19,18,18,21,11,15,13,36,33,24,17,20,10,15,17,43,,
657,,,18,16,34,18,38,21,44,22,,30,,,,25,,,,24,,,20,,,,,,31,18,,,19,,25,,,9,,,11,,,13,28,24,26,29,,28,21,16,21,17,24,38,20,15,29,,,,20,27,36,27,25,,17,,,31,,16,13,,,,,,,,,,,,19,15,,38,23,35,28,24,44,35,17,54,,
658,,,,,,,39,,,,,,,,,,,,,,,,,,,,,,,,,,,,30,,,2,,,,,,,,,27,,,,,,,,,,,,,,,,,33,,22,,,21,,,,,,,,,,,,,,,,,,,,,,,,,26,,,20,,,
659,,,,,,,36,,,,,,,,,,,,,,,,,,,,,,,,,,,,28,,,,,,,,,,,,24,,,,,,,,,,,,,,,,,36,,,,,22,,,,,,,,,,,,,,,,,,,,,,,,,27,,,18,,,
660,,,19,15,36,18,35,20,34,24,,23,,,,,,,,25,,,18,33,,18,,,33,20,,,21,,26,,,2,,,16,,,2,24,24,21,29,,29,21,15,24,16,22,37,19,15,23,,,,22,30,37,21,26,,19,,,24,,7,,,,,,,,,25,,,,15,,13,40,33,34,,22,47,35,18,49,,
661,,,,,,,35,,,,,,,,,,,,,,,,,,,,,,,,,,,,32,,,,,,,,,,,,25,,,,,,,,,,,,,,,,,34,,,,,20,,,,,,,,,,,,,,,,,,,,,,,,,23,,,20,,,
662,,,,,,,41,,,,,,,,,,,,,,,,,,,,,,,,,,,,27,,,,,,,,,,,,27,,,,,,,,,,,,,,,,,35,,,,,19,,,,,,,,,,,,,,,,,,15,,,,,,,28,,,19,,,
663,,,18,16,36,14,37,21,27,24,,31,,,,28,,,,28,,,18,,,,,,29,21,,,19,,26,,,2,,,21,2,,6,19,25,,10,,,19,16,23,19,17,37,20,13,30,,,,22,26,35,36,,,19,,,24,,7,37,,,,,,,,31,,,,21,27,,40,22,29,,23,41,37,16,54,,
664,,,10,15,34,19,37,26,51,24,,26,,,,,,,,26,,,22,,,,,,33,23,,,18,,29,,,7,,,25,,,11,20,23,22,29,,,20,20,30,,21,35,,21,26,,,,26,29,36,35,,,22,,,30,,19,,,,,,,,12,,,,,18,,,39,33,35,,25,43,26,,55,,25
665,,,,,,,39,,,,,,,,,,,,,,,,,,,,,,,,,,,,29,,,,,,,,,,,,26,,,,,,,,21,,,,,,,,,34,,,,,23,,,,,,,,,,,,,,,,,,,,,,,,,27,,,21,,,
666,,,26,14,33,19,33,26,47,25,,24,,,,27,,,,28,,,24,,,,,,34,17,,,18,,30,,,9,,,24,,,14,24,25,,29,,,19,21,27,,22,38,,13,24,,,,25,29,36,34,,,20,,,29,,17,,,,,,,,,,,,,15,17,21,39,34,36,,22,32,35,,52,,
667,,,20,15,,13,35,20,,22,,23,,21,,25,,,,25,,,18,36,,18,11,,14,15,,,11,,22,33,,2,17,,12,,,2,29,19,21,25,,29,6,,34,16,21,27,14,13,24,,,,,22,35,7,24,,19,,,24,,12,,12,,,,,,,,41,,,14,27,5,18,29,24,25,,32,25,12,49,19,16
668,,,9,14,32,18,35,20,42,22,,23,,,,25,,,,25,,,18,,,18,,,14,19,,,11,,26,33,,2,,,5,,,2,29,22,21,25,,29,6,14,22,16,21,35,18,13,23,,,,,26,35,21,25,,18,,,24,,16,,,,,,,,,,,,,15,15,13,38,33,24,24,22,41,34,17,49,,
669,,,13,16,31,13,34,16,30,21,,20,,17,,20,,1,,23,,,16,23,,15,13,,26,15,,,8,,14,29,,14,,14,11,15,,45,13,7,19,22,1,26,10,4,34,29,15,35,17,10,22,,14,,13,24,31,17,17,,16,31,,24,,11,7,14,,,,,,,20,32,,10,13,25,4,33,30,15,26,14,33,27,17,45,14,26
670,,,,,,,36,,,,,,,,,,,,,,,,,,,,,,,,,,,,31,,,,,,,,,,,,21,,,,,,22,,,,,,,,,,,35,,,,,21,,,,,,,,,,,,,,,,,,,,,,,,,26,,,21,,,
671,,,1,14,27,18,35,1,37,1,,21,,19,,22,,9,,24,,,17,29,,16,15,,27,16,,,9,,15,30,,1,,1,1,1,,1,14,15,20,23,,27,10,13,35,16,18,1,18,11,18,,14,1,12,23,32,8,18,1,18,32,,24,,7,1,15,,1,,,,,1,33,,11,1,1,5,1,31,1,24,1,1,31,16,49,15,25
672,,,27,15,34,20,38,24,35,24,,24,,,,,,,,26,,,20,,,,,,33,19,,,12,,29,,,9,,,17,,,12,24,27,26,27,,,21,17,25,,21,39,,14,29,,16,,22,29,36,30,,,20,,,30,,16,,,,,,,,,,,,,18,16,,44,26,34,,25,44,37,,53,,
673,,,9,18,32,17,30,2,42,14,2,23,,,,25,,9,,22,,,18,33,,20,14,,25,19,,,10,,8,18,,20,,19,9,,,46,14,19,21,25,,23,8,14,22,22,17,41,19,4,20,,14,,,26,31,17,23,,16,27,,22,,14,,18,,,4,3,,11,28,47,33,17,12,25,13,38,34,24,22,20,34,28,16,34,15,7
674,,,9,14,32,18,35,20,42,22,,23,,,,25,,,,25,,,18,,,18,,,14,19,,,11,,26,33,,2,,,5,,,2,29,22,21,25,,29,6,14,22,16,21,35,18,13,23,,,,,26,35,21,25,,18,,,24,,16,,,,,,,,,,,,,15,15,13,38,33,24,24,22,41,34,17,49,,
675,,,,,34,,40,,,,,,,,,,,,,,,,,,,,,,14,,,,,,30,,,,,,,,,,,,24,,,,,,,,,,,,,,,,,34,,,,,24,,,,,,,,,,,,,,,,,,,,,,,,,29,,,19,,,
676,,,21,17,27,15,33,20,38,22,,23,,,,24,,10,,24,,,14,30,,13,13,,13,18,,,7,20,22,28,,18,,10,11,,,45,17,8,21,24,,24,10,11,27,16,21,35,17,12,16,33,10,,15,27,29,18,23,,15,2,,24,,12,,20,,,,,,,19,6,,11,7,24,16,34,29,22,19,19,31,22,16,48,15,19
677,,,25,19,33,14,39,23,50,25,,26,,,,,,,,26,,,24,,,,,,32,21,,,15,,28,,,9,,,24,,,9,21,26,,27,,,16,14,28,,25,37,,20,25,,,,28,27,39,34,,,23,,,31,,20,,,,,,,,16,,,,,19,,,41,25,36,,24,44,37,,56,,
678,,,26,14,36,12,37,23,34,24,,27,,,,,,,,30,,,19,,,18,,,29,22,,,16,,31,,,4,,,27,,,7,26,24,26,26,,31,19,19,24,19,23,35,19,14,32,,,,21,28,38,21,,,20,,,30,,16,,,,,,,,,,,,,19,,,41,25,31,25,24,35,35,19,53,,
679,,,26,12,33,13,38,23,32,24,,29,,,,,,,,24,,,20,,,20,,,14,21,,,20,,26,,,13,,,21,,,3,10,17,26,20,,17,22,15,22,,21,37,21,13,33,,,,18,28,35,27,26,,18,,,31,10,20,31,,,,,,,,23,,,,20,15,,42,25,32,24,24,36,32,17,49,,
680,,,24,20,33,18,39,26,55,27,,23,,,,,,,,26,,,22,,,,,,31,18,,,16,,29,,,8,,,25,,,13,22,25,21,28,,,15,20,31,,24,39,,19,30,,15,,27,27,40,33,,,23,,,28,,20,,,,,,,,14,,,,,17,,,40,35,35,,15,45,31,,50,,
681,,,,,,,36,,,,,,,,,,,,,,,,,,,,,,,,,,,,30,,,,,,,,,,,,27,,,,,,,,,,,,,,,,,36,,,,,20,,,,,,,,,,,,,,,,,,,,,39,,,,28,,,21,,,
682,,,25,16,32,15,38,21,45,24,,28,,,,,,,,23,,,19,,,18,,,30,21,,,19,,31,,,12,,,21,,,8,27,25,22,25,,27,22,15,21,,24,36,22,16,32,,,,19,26,35,26,27,,24,,,32,,17,,,,,,,,,,,,,19,,,38,24,34,28,21,38,36,16,53,,
683,,,18,17,32,15,36,7,30,19,,21,,20,,24,,12,,24,,,16,26,,18,11,,26,15,,,8,,22,28,,19,18,17,11,,,46,15,17,21,24,,23,9,12,28,25,15,37,16,11,21,,14,,16,25,34,18,23,,10,30,,23,,12,,20,,,,,,,23,38,,20,14,24,20,33,4,22,24,18,30,29,18,46,17,25
684,,,23,21,34,20,40,24,56,25,,29,,,,,,,,16,,,25,,,,,,33,21,,,18,,29,,,7,,,25,,,12,25,27,,26,,,17,17,28,,23,38,,17,32,36,,,28,29,40,31,,,22,,,29,,19,,,,,,,,18,,,,,18,16,,43,35,35,,26,46,37,,50,,
685,,,25,15,34,21,39,23,52,25,,27,,,,,,,,26,,,23,,,,,,33,22,,,18,,28,,,10,,,27,,,12,19,22,,28,,,18,19,31,18,23,37,18,14,27,,16,,25,27,40,28,,,20,,,28,,20,,21,,,,,,,,,,,18,,,42,35,36,,16,44,36,,54,,
686,,,,,,,,,,,,,,,,,,,,,,,,,,,,,,,,,,,,,,,,,,,,,,,,,,,,,,,,,,,,,,,,,,,,,,,,,,,,,,,,,,,,,,,,,,,,,,,,,,,,
687,,,,,,,,,,,,,,,,,,,,,,,,,,,,,,,,,,,,,,,,,,,,,,,,,,,,,,,,,,,,,,,,,,,,,,,,,,,,,,,,,,,,,,,,,,,,,,,,,,,,
688,,,,,,,,,,,,,,,,,,,,,,,,,,,,,,,,,,,,,,,,,,,,,,,,,,,,,,,,,,,,,,,,,,,,,,,,,,,,,,,,,,,,,,,,,,,,,,,,,,,,
689,,,,,,,,,,,,,,,,,,,,,,,,,,,,,,,,,,,,,,,,,,,,,,,,,,,,,,,,,,,,,,,,,,,,,,,,,,,,,,,,,,,,,,,,,,,,,,,,,,,,
690,,,,,,,,,,,,,,,,,,,,,,,,,,,,,,,,,,,,,,,,,,,,,,,,,,,,,,,,,,,,,,,,,,,,,,,,,,,,,,,,,,,,,,,,,,,,,,,,,,,9,
691,,,,,,,,,,,,,,,,,,,,,,,,,,,,,,,,,,,,,,,,,,,,,,,,,,,,,,,,,,,,,,,,,,,,,,,,,,,,,,,,,,,,,,,,,,,,,,,,,,,,
692,,,,,,,,,,,,,,,,,,,,,,,,,,,,,,,,,,,,,,,,,,,,,,,,,,,,,,,,,,,,,,,,,,,,,,,,,,,,,,,,,,,,,,,,,,,,,,,,,,,,
693,,,,,,,,,,,,,,,,,,,,,,,,,,,,,,,,,,,,,,,,,,,,,,,,,,,,,,,,,,,,,,,,,,,,,,,,,,,,,,,,,,,,,,,,,,,,,,,,,,,,
694,,,,,,,,,,,,,,,,,,,,,,,,,,,,,,,,,,,,,,,,,,,,,,,,,,,,,,,,,,,,,,,,,,,,,,,,,,,,,,,,,,,,,,,,,,,,,,,,,,,,
695,,,,,,,,,,,,,,,,,,,,,,,,,,,,,,,,,,,,,,,,,,,,,,,,,,,,,,,,,,,,,,,,,,,,,,,,,,,,,,,,,,,,,,,,,,,,,,,,,,,,
696,,,,,,,,,,,,,,,,,,,,,,,,,,,,,,,,,,,,,,,,,,,,,,,,,,,,,,,,,,,,,,,,,,,,,,,,,,,,,,,,,,,,,,,,,,,,,,,,,,,,
697,,,,,,,,,,,,,,,,,,,,,,,,,,,,,,,,,,,,,,,,,,,,,,,,,,,,,,,,,,,,,,,,,,,,,,,,,,,,,,,,,,,,,,,,,,,,,,,,,,,,
698,,,,,,,,,,,,,,,,,,,,,,,,,,,,,,,,,,,,,,,,,,,,,,,,,,,,,,5,,,,,,,,,,,,,3,,,,,,,,,,,,,,,,,,,,,,,,,,,,,,,,2,
699,,,,,,,,,,,,,,,,,,,,,,,,,,,,,,,,,,,,,,,,,,,,,,,,,,,,,,,,,,,,,,,,,,,,,,,,,,,,,,,,,,,,,,,,,,,,,,,,,,,,
700,,,,,,,,,,,,,,,,,,,,,,,,,,,,,,,,,,,,,,,,,,,,,,,,,,,,,,,,,,,,,,,,,,,,,,,,,,,,,,,,,,,,,,,,,,,,,,,,,,,,
701,,,,,,,,,,,,,,,,,,,,,,,,,,,,,,,,,,,,,,,,,,,,,,,,,,,,,,,,,,,,,,,,,,,,,,,,,,,,,,,,,,,,,,,,,,,,,,,,,,,,
702,,,,,,,,,,,,,,,,,,,,,,,,,,,,,,,,,,,,,,,,,,,,,,,,,,,,,,,,,,,,,,,,,,,,,,,,,,,,,,,,,,,,,,,,,,,,,,,,,,,,
703,,,,,,,,,,,,,,,,,,,,,,,,,,,,,,,,,,,,,,,,,,,,,,,,,,,,,,,,,,,,,,,,,,,,,,,,,,,,,,,,,,,,,,,,,,,,,,,,,,,,
704,,,,,,,,,,,,,,,,,,,,,,,,,,,,,,,,,,,,,,,,,,,,,,,,,,,,,,,,,,,,,,,,,,,,,,,,,,,,,,,,,,,,,,,,,,,,,,,,,,,,
705,,,,,,,,,,,,,,,,,,,,,,,,,,,,,,,,,,,,,,,,,,,,,,,,,,,,,,,,,,,,,,,,,,,,,,,,,,,,,,,,,,,,,,,,,,,,,,,,,,,,
706,,,,,,,,,,,,,,,,,,,,,,,,,,,,,,,,,,,,,,,,,,,,,,,,,,,,,,,,,,,,,,,,,,,,,,,,,,,,,,,,,,,,,,,,,,,,,,,,,,,,
707,,,,,,,,,,,,,,,,,,,,,,,,,,,,,,,,,,,,,,,,,,,,,,,,,,,,,,,,,,,,,,,,,,,,,,,,,,,,,,,,,,,,,,,,,,,,,,,,,,,,
708,,,,,,,,,,,,,,,,,,,,,,,,,,,,,,,,,,,,,,,,,,,,,,,,,,,,,,,,,,,,,,,,,,,,,,,,,,,,,,,,,,,,,,,,,,,,,,,,,,,,
709,,,,,,,,,,,,,,,,,,,,,,,,,,,,,,,,,,,,,,,,,,,,,,,,,,,,,,,,,,,,,,,,,,,,,,,,,,,,,,,,,,,,,,,,,,,,,,,,,,,,
710,,,,,,,,,,,,,,,,,,,,,,,,,,,,,,,,,,,,,,,,,,,,,,,,,,,,,,,,,,,,,,,,,,,,,,,,,,,,,,,,,,,,,,,,,,,,,,,,,,,,
711,,,,,,,,,,,,,,,,,,,,,,,,,,,,,,,,,,,,,,,,,,,,,,,,,,,,,,,,,,,,,,,,,,,,,,,,,,,,,,,,,,,,,,,,,,,,,,,,,,,,
712,,,,,,,,,,,,,,,,,,,,,,,,,,,,,,,,,,,,,,,,,,,,,,,,,,,,,,,,,,,,,,,,,,,,,,,,,,,,,,,,,,,,,,,,,,,,,,,,,,,,
713,,,,,,,,,,,,,,,,,,,,,,,,,,,,,,,,,,,,,,,,,,,,,,,,,,,,,,,,,,,,,,,,,,,,,,,,,,,,,,,,,,,,,,,,,,,,,,,,,,,,
714,,,,,,,,,,,,,,,,,,,,,,,,,,,,,,,,,,,,,,,,,,,,,,,,,,,,,,,,,,,,,,,,,,,,,,,,,,,,,,,,,,,,,,,,,,,,,,,,,,,,
715,,,,,,,,,,,,,,,,,,,,,,,,,,,,,,,,,,,,,,,,,,,,,,,,,,,,,,,,,,,,,,,,,,,,,,,,,,,,,,,,,,,,,,,,,,,,,,,,,,,,
716,,,,,,,,,,,,,,,,,,,,,,,,,,,,,,,,,,,,,,,,,,,,,,,,,,,,,,,,,,,,,,,,,,,,,,,,,,,,,,,,,,,,,,,,,,,,,,,,,,,,
717,,,,,,,,,,,,,,,,,,,,,,,,,,,,,,,,,,,,,,,,,,,,,,,,,,,,,,,,,,,,,,,,,,,,,,,,,,,,,,,,,,,,,,,,,,,,,,,,,,,,
718,,,,,,,,,,,,,,,,,,,,,,,,,,,,,,,,,,,,,,,,,,,,,,,,,,,,,,,,,,,,,,,,,,,,,,,,,,,,,,,,,,,,,,,,,,,,,,,,,,,,
719,,,,,,,,,,,,,,,,,,,,,,,,,,,,,,,,,,,,,,,,,,,,,,,,,,,,,,,,,,,,,,,,,,,,,,,,,,,,,,,,,,,,,,,,,,,,,,,,,,,,
720,,,,,,,,,,,,,,,,,,,,,,,,,,,,,,,,,,,,,,,,,,,,,,,,,,,,,,,,,,,,,,,,,,,,,,,,,,,,,,,,,,,,,,,,,,,,,,,,,,,,
721,,,,,,,,,,,,,,,,,,,,,,,,,,,,,,,,,,,,,,,,,,,,,,,,,,,,,,,,,,,,,,,,,,,,,,,,,,,,,,,,,,,,,,,,,,,,,,,,,,,,
722,,,,,,,,,,,,,,,,,,,,,,,,,,,,,,,,,,,,,,,,,,,,,,,,,,,,,,,,,,,,,,,,,,,,,,,,,,,,,,,,,,,,,,,,,,,,,,,,,,,,
723,,,,,,,,,,,,,,,,,,,,,,,,,,,,,,,,,,,,,,,,,,,,,,,,,,,,,,,,,,,,,,,,,,,,,,,,,,,,,,,,,,,,,,,,,,,,,,,,,,,,
724,,,,,,,,,,,,,,,,,,,,,,,,,,,,,,,,,,,,,,,,,,,,,,,,,,,,,,,,,,,,,,,,,,,,,,,,,,,,,,,,,,,,,,,,,,,,,,,,,,,,
725,,,,,,,,,,,,,,,,,,,,,,,,,,,,,,,,,,,,,,,,,,,,,,,,,,,,,,,,,,,,,,,,,,,,,,,,,,,,,,,,,,,,,,,,,,,,,,,,,,,,
726,,,,,,,,,,,,,,,,,,,,,,,,,,,,,,,,,,,,,,,,,,,,,,,,,,,,,,,,,,,,,,,,,,,,,,,,,,,,,,,,,,,,,,,,,,,,,,,,,,,,
727,,,,,,,,,,,,,,,,,,,,,,,,,,,,,,,,,,,,,,,,,,,,,,,,,,,,,,,,,,,,,,,,,,,,,,,,,,,,,,,,,,,,,,,,,,,,,,,,,,,,
728,,,,,,,,,,,,,,,,,,,,,,,,,,,,,,,,,,,,,,,,,,,,,,,,,,,,,,,,,,,,,,,,,,,,,,,,,,,,,,,,,,,,,,,,,,,,,,,,,,,,
729,,,,,,,,,,,,,,,,,,,,,,,,,,,,,,,,,,,,,,,,,,,,,,,,,,,,,,,,,,,,,,,,,,,,,,,,,,,,,,,,,,,,,,,,,,,,,,,,,,,5,
730,,,,,,,,,,,,,,,,,,,,,,,,,,,,,,,,,,,,,,,,,,,,,,,,,,,,,,,,,,,,,,,,,,,,,,,,,,,,,,,,,,,,,,,,,,,,,,,,,,,,
731,,,,,,,,,,,,,,,,,,,,,,,,,,,,,,,,,,,,,,,,,,,,,,,,,,,,,,,,,,,,,,,,,,,,,,,,,,,,,,,,,,,,,,,,,,,,,,,,,,,,
732,,,,,,,,,,,,,,,,,,,,,,,,,,,,,,,,,,,,,,,,,,,,,,,,,,,,,,,,,,,,,,,,,,,,,,,,,,,,,,,,,,,,,,,,,,,,,,,,,,,,
733,,,,,,,,,,,,,,,,,,,,,,,,,,,,,,,,,,,,,,,,,,,,,,,,,,,,,,,,,,,,,,,,,,,,,,,,,,,,,,,,,,,,,,,,,,,,,,,,,,,,
734,,,,,,,,,,,,,,,,,,,,,,,,,,,,,,,,,,,,,,,,,,,,,,,,,,,,,,,,,,,,,,,,,,,,,,,,,,,,,,,,,,,,,,,,,,,,,,,,,,,,
735,,,,,,,,,,,,,,,,,,,,,,,,,,,,,,,,,,,,,,,,,,,,,,,,,,,,,,,,,,,,,,,,,,,,,,,,,,,,,,,,,,,,,,,,,,,,,,,,,,,6,
736,,,,,,,,,,,,,,,,,,,,,,,,,,,,,,,,,,,,,,,,,,,,,,,,,,,,,,,,,,,,,,,,,,,,,,,,,,,,,,,,,,,,,,,,,,,,,,,,,,,,
737,,,,,,,,,,,,,,,,,,,,,,,,,,,,,,,,,,,,,,,,,,,,,,,,,,,,,,,,,,,,,,,,,,,,,,,,,,,,,,,,,,,,,,,,,,,,,,,,,,,,
738,,,,,,,,,,,,,,,,,,,,,,,,,,,,,,,,,,,,,,,,,,,,,,,,,,,,,,,,,,,,,,,,,,,,,,,,,,,,,,,,,,,,,,,,,,,,,,,,,,,,
739,,,,,,,,,,,,,,,,,,,,,,,,,,,,,,,,,,,,,,,,,,,,,,,,,,,,,,,,,,,,,,,,,,,,,,,,,,,,,,,,,,,,,,,,,,,,,,,,,,,,
740,,,,,,,,,,,,,,,,,,,,,,,,,,,,,,,,,,,,,,,,,,,,,,,,,,,,,,,,,,,,,,,,,,,,,,,,,,,,,,,,,,,,,,,,,,,,,,,,,,,,
741,,,,,,,,,,,,,,,,,,,,,,,,,,,,,,,,,,,,,,,,,,,,,,,,,,,,,,,,,,,,,,,,,,,,,,,,,,,,,,,,,,,,,,,,,,,,,,,,,,,,
742,,,,,,,,,,,,,,,,,,,,,,,,,,,,,,,,,,,,,,,,,,,,,,,,,,,,,,,,,,,,,,,,,,,,,,,,,,,,,,,,,,,,,,,,,,,,,,,,,,,,
743,,,,,,,,,,,,,,,,,,,,,,,,,,,,,,,,,,,,,,,,,,,,,,,,,,,,,,,,,,,,,,,,,,,,,,,,,,,,,,,,,,,,,,,,,,,,,,,,,,,,
744,,,,,,,,,,,,,,,,,,,,,,,,,,,,,,,,,,,,,,,,,,,,,,,,,,,,,,,,,,,,,,,,,,,,,,,,,,,,,,,,,,,,,,,,,,,,,,,,,,,,
745,,,,,,,,,,,,,,,,,,,,,,,,,,,,,,,,,,,,,,,,,,,,,,,,,,,,,,,,,,,,,,,,,,,,,,,,,,,,,,,,,,,,,,,,,,,,,,,,,,,,
746,,,,,,,,,,,,,,,,,,,,,,,,,,,,,,,,,,,,,,,,,,,,,,,,,,,,,,,,,,,,,,,,,,,,,,,,,,,,,,,,,,,,,,,,,,,,,,,,,,,,
747,,,,,,,,,,,,,,,,,,,,,,,,,,,,,,,,,,,,,,,,,,,,,,,,,,,,,,,,,,,,,,,,,,,,,,,,,,,,,,,,,,,,,,,,,,,,,,,,,,,,
748,,,,,,,,,,,,,,,,,,,,,,,,,,,,,,,,,,,,,,,,,,,,,,,,,,,,,,,,,,,,,,,,,,,,,,,,,,,,,,,,,,,,,,,,,,,,,,,,,,,,
749,,,,,,,,,,,,,,,,,,,,,,,,,,,,,,,,,,,,,,,,,,,,,,,,,,,,,,,,,,,,,,,,,,,,,,,,,,,,,,,,,,,,,,,,,,,,,,,,,,,,
750,,,,,,,,,,,,,,,,,,,,,,,,,,,,,,,,,,,,,,,,,,,,,,,,,,,,,,,,,,,,,,,,,,,,,,,,,,,,,,,,,,,,,,,,,,,,,,,,,,,,
751,,,,,,,,,,,,,,,,,,,,,,,,,,,,,,,,,,,,,,,,,,,,,,,,,,,,,,,,,,,,,,,,,,,,,,,,,,,,,,,,,,,,,,,,,,,,,,,,,,,,
752,,,,,,,,,,,,,,,,,,,,,,,,,,,,,,,,,,,,,,,,,,,,,,,,,,,,,,,,,,,,,,,,,,,,,,,,,,,,,,,,,,,,,,,,,,,,,,,,,,,,
753,,,,,,,,,,,,,,,,,,,,,,,,,,,,,,,,,,,,,,,,,,,,,,,,,,,,,,,,,,,,,,,,,,,,,,,,,,,,,,,,,,,,,,,,,,,,,,,,,,,4,
754,,,,,,,,,,,,,,,,,,,,,,,,,,,,,,,,,,,,,,,,,,,,,,,,,,,,,,,,,,,,,,,,,,,,,,,,,,,,,,,,,,,,,,,,,,,,,,,,,,,,
755,,,,,,,,,,,,,,,,,,,,,,,,,,,,,,,,,,,,,,,,,,,,,,,,,,,,,,,,,,,,,,,,,,,,,,,,,,,,,,,,,,,,,,,,,,,,,,,,,,,,
756,,,,,,,,,,,,,,,,,,,,,,,,,,,,,,,,,,,,,,,,,,,,,,,,,,,,,,,,,,,,,,,,,,,,,,,,,,,,,,,,,,,,,,,,,,,,,,,,,,,,
757,,,,,,,,,,,,,,,,,,,,,,,,,,,,,,,,,,,,,,,,,,,,,,,,,,,,,,,,,,,,,,,,,,,,,,,,,,,,,,,,,,,,,,,,,,,,,,,,,,,,
758,,,,,,,,,,,,,,,,,,,,,,,,,,,,,,,,,,,,,,,,,,,,,,,,,,,,,,,,,,,,,,,,,,,,,,,,,,,,,,,,,,,,,,,,,,,,,,,,,,,,
759,,,,,,,,,,,,,,,,,,,,,,,,,,,,,,,,,,,,,,,,,,,,,,,,,,,,,,,,,,,,,,,,,,,,,,,,,,,,,,,,,,,,,,,,,,,,,,,,,,,,
760,,,,,,,,,,,,,,,,,,,,,,,,,,,,,,,,,,,,,,,,,,,,,,,,,,,,,,,,,,,,,,,,,,,,,,,,,,,,,,,,,,,,,,,,,,,,,,,,,,,,
761,,,,,,,,,,,,,,,,,,,,,,,,,,,,,,,,,,,,,,,,,,,,,,,,,,,,,,,,,,,,,,,,,,,,,,,,,,,,,,,,,,,,,,,,,,,,,,,,,,,,
762,,,,,,,,,,,,,,,,,,,,,,,,,,,,,,,,,,,,,,,,,,,,,,,,,,,,,,,,,,,,,,,,,,,,,,,,,,,,,,,,,,,,,,,,,,,,,,,,,,,,
763,,,,,,,,,,,,,,,,,,,,,,,,,,,,,,,,,,,,,,,,,,,,,,,,,,,,,,,,,,,,,,,,,,,,,,,,,,,,,,,,,,,,,,,,,,,,,,,,,,,,
764,,,,,,,,,,,,,,,,,,,,,,,,,,,,,,,,,,,,,,,,,,,,,,,,,,,,,,,,,,,,,,,,,,,,,,,,,,,,,,,,,,,,,,,,,,,,,,,,,,,,
765,,,,,,,,,,,,,,,,,,,,,,,,,,,,,,,,,,,,,,,,,,,,,,,,,,,,,,,,,,,,,,,,,,,,,,,,,,,,,,,,,,,,,,,,,,,,,,,,,,,6,
766,,,,,,,,,,,,,,,,,,,,,,,,,,,,,,,,,,,,,,,,,,,,,,,,,,,,,,,,,,,,,,,,,,,,,,,,,,,,,,,,,,,,,,,,,,,,,,,,,,,,
767,,,,,,,,,,,,,,,,,,,,,,,,,,,,,,,,,,,,,,,,,,,,,,,,,,,,,,,,,,,,,,,,,,,,,,,,,,,,,,,,,,,,,,,,,,,,,,,,,,,,
768,,,,,,,,,,,,,,,,,,,,,,,,,,,,,,,,,,,,,,,,,,,,,,,,,,,,,,,,,,,,,,,,,,,,,,,,,,,,,,,,,,,,,,,,,,,,,,,,,,,,
769,,,,,,,,,,,,,,,,,,,,,,,,,,,,,,,,,,,,,,,,,,,,,,,,,,,,,,,,,,,,,,,,,,,,,,,,,,,,,,,,,,,,,,,,,,,,,,,,,,,5,
770,,,,,,,,,,,,,,,,,,,,,,,,,,,,,,,,,,,,,,,,,,,,,,,,,,,,,,,,,,,,,,,,,,,,,,,,,,,,,,,,,,,,,,,,,,,,,,,,,,,,
771,,,,,,,,,,,,,,,,,,,,,,,,,,,,,,,,,,,,,,,,,,,,,,,,,,,,,,,,,,,,,,,,,,,,,,,,,,,,,,,,,,,,,,,,,,,,,,,,,,,,
772,,,,,,,,,,,,,,,,,,,,,,,,,,,,,,,,,,,,,,,,,,,,,,,,,,,,,,,,,,,,,,,,,,,,,,,,,,,,,,,,,,,,,,,,,,,,,,,,,,,,
773,,,,,,,,,,,,,,,,,,,,,,,,,,,,,,,,,,,,,,,,,,,,,,,,,,,,,,,,,,,,,,,,,,,,,,,,,,,,,,,,,,,,,,,,,,,,,,,,,,,,
774,,,,,,,,,,,,,,,,,,,,,,,,,,,,,,,,,,,,,,,,,,,,,,,,,,,,,,,,,,,,,,,,,,,,,,,,,,,,,,,,,,,,,,,,,,,,,,,,,,,,
775,,,,,,,,,,,,,,,,,,,,,,,,,,,,,,,,,,,,,,,,,,,,,,,,,,,,,,,,,,,,,,,,,,,,,,,,,,,,,,,,,,,,,,,,,,,,,,,,,,,,
776,,,,,,,,,,,,,,,,,,,,,,,,,,,,,,,,,,,,,,,,,,,,,,,,,,,,,,,,,,,,,,,,,,,4,,,,,,,,,,,,,,,,,,,,,,,,,,,,,,,,,
777,,,,,,,,,,,,,,,,,,,,,,,,,,,,,,,,,,,,,,,,,,,,,,,,,,,,,,,,,,,,,,,,,,,,,,,,,,,,,,,,,,,,,,,,,,,,,,,,,,,,
778,,,,,,,,,,,,,,,,,,,,,,,,,,,,,,,,,,,,,,,,,,,,,,,,,,,,,,,,,,,,,,,,,,,,,,,,,,,,,,,,,,,,,,,,,,,,,,,,,,,,
779,,,,,,,,,,,,,,,,,,,,,,,,,,,,,,,,,,,,,,,,,,,,,,,,,,,,,,,,,,,,,,,,,,,,,,,,,,,,,,,,,,,,,,,,,,,,,,,,,,,,
780,,,,,,,,,,,,,,,,,,,,,,,,,,,,,,,,,,,,,,,,,,,,,,,,,,,,,,,,,,,,,,,,,,,,,,,,,,,,,,,,,,,,,,,,,,,,,,,,,,,,
781,,,,,,,,,,,,,,,,,,,,,,,,,,,,,,,,,,,,,,,,,,,,,,,,,,,,,,,,,,,,,,,,,,,,,,,,,,,,,,,,,,,,,,,,,,,,,,,,,,,,
782,,,,,,,,,,,,,,,,,,,,,,,,,,,,,,,,,,,,,,,,,,,,,,,,,,,,,,,,,,,,,,,,,,,,,,,,,,,,,,,,,,,,,,,,,,,,,,,,,,,,
783,,,,,,,,,,,,,,,,,,,,,,,,,,,,,,,,,,,,,,,,,,,,,,,,,,,,,,,,,,,,,,,,,,,,,,,,,,,,,,,,,,,,,,,,,,,,,,,,,,,,
784,,,,,,,,,,,,,,,,,,,,,,,,,,,,,,,,,,,,,,,,,,,,,,,,,,,,,,,,,,,,,,,,,,,,,,,,,,,,,,,,,,,,,,,,,,,,,,,,,,,8,
785,,,,,,,,,,,,,,,,,,,,,,,,,,,,,,,,,,,,,,,,,,,,,,,,,,,,,,,,,,,,,,,,,,,,,,,,,,,,,,,,,,,,,,,,,,,,,,,,,,,,
786,,,,,,,,,,,,,,,,,,,,,,,,,,,,,,,,,,,,,,,,,,,,,,,,,,,,,,,,,,,,,,,,,,,,,,,,,,,,,,,,,,,,,,,,,,,,,,,,,,,,
787,,,,,,,,,,,,,,,,,,,,,,,,,,,,,,,,,,,,,,,,,,,,,,,,,,,,,,,,,,,,,,,,,,,,,,,,,,,,,,,,,,,,,,,,,,,,,,,,,,,,
788,,,,,,,,,,,,,,,,,,,,,,,,,,,,,,,,,,,,,,,,,,,,,,,,,,,,,,,,,,,,,,,,,,,,,,,,,,,,,,,,,,,,,,,,,,,,,,,,,,,,
789,,,,,,,,,,,,,,,,,,,,,,,,,,,,,,,,,,,,,,,,,,,,,,,,,,,,,,,,,,,,,,,,,,,,,,,,,,,,,,,,,,,,,,,,,,,,,,,,,,,,
790,,,,,,,,,,,,,,,,,,,,,,,,,,,,,,,,,,,,,,,,,,,,,,,,,,,,,,,,,,,,,,,,,,,,,,,,,,,,,,,,,,,,,,,,,,,,,,,,,,,,
791,,,,,,,,,,,,,,,,,,,,,,,,,,,,,,,,,,,,,,,,,,,,,,,,,,,,,,,,,,,,,,,,,,,,,,,,,,,,,,,,,,,,,,,,,,,,,,,,,,,,
792,,,,,,,,,,,,,,,,,,,,,,,,,,,,,,,,,,,,,,,,,,,,,,,,,,,,,,,,,,,,,,,,,,,,,,,,,,,,,,,,,,,,,,,,,,,,,,,,,,,,
793,,,,,,,,,,,,,,,,,,,,,,,,,,,,,,,,,,,,,,,,,,,,,,,,,,,,,,,,,,,,,,,,,,,,,,,,,,,,,,,,,,,,,,,,,,,,,,,,,,,,
794,,,,,,,,,,,,,,,,,,,,,,,,,,,,,,,,,,,,,,,,,,,,,,,,,,,,,,,,,,,,,,,,,,,,,,,,,,,,,,,,,,,,,,,,,,,,,,,,,,,,
795,,,,,,,,,,,,,,,,,,,,,,,,,,,,,,,,,,,,,,,,,,,,,,,,,,,,,,,,,,,,,,,,,,,,,,,,,,,,,,,,,,,,,,,,,,,,,,,,,,,,
796,,,,,,,,,,,,,,,,,,,,,,,,,,,,,,,,,,,,,,,,,,,,,,,,,,,,,,,,,,,,,,,,,,,,,,,,,,,,,,,,,,,,,,,,,,,,,,,,,,,,
797,,,,,,,,,,,,,,,,,,,,,,,,,,,,,,,,,,,,,,,,,,,,,,,,,,,,,,,,,,,,,,,,,,,,,,,,,,,,,,,,,,,,,,,,,,,,,,,,,,,,
798,,,,,,,,,,,,,,,,,,,,,,,,,,,,,,,,,,,,,,,,,,,,,,,,,,,,,,,,,,,,,,,,,,,,,,,,,,,,,,,,,,,,,,,,,,,,,,,,,,,,
799,,,,,,,,,,,,,,,,,,,,,,,,,,,,,,,,,,,,,,,,,,,,,,,,,,,,,,,,,,,,,,,,,,,,,,,,,,,,,,,,,,,,,,,,,,,,,,,,,,,,
800,,,,,,,,,,,,,,,,,,,,,,,,,,,,,,,,,,,,,,,,,,,,,,,,,,,,,,,,,,,,,,,,,,,,,,,,,,,,,,,,,,,,,,,,,,,,,,,,,,,7,
801,,,,,,,,,,,,,,,,,,,,,,,,,,,,,,,,,,,,,,,,,,,,,,,,,,,,,,,,,,,,,,,,,,,,,,,,,,,,,,,,,,,,,,,,,,,,,,,,,,,,
802,,,,,,,,,,,,,,,,,,,,,,,,,,,,,,,,,,,,,,,,,,,,,,,,,,,,,,,,,,,,,,,,,,,,,,,,,,,,,,,,,,,,,,,,,,,,,,,,,,,,
803,,,,,,,,,,,,,,,,,,,,,,,,,,,,,,,,,,,,,,,,,,,,,,,,,,,,,,,,,,,,,,,,,,,,,,,,,,,,,,,,,,,,,,,,,,,,,,,,,,,,
804,,,,,,,,,,,,,,,,,,,,,,,,,,,,,,,,,,,,,,,,,,,,,,,,,,,,,,,,,,,,,,,,,,,,,,,,,,,,,,,,,,,,,,,,,,,,,,,,,,,5,
805,,,,,,,,,,,,,,,,,,,,,,,,,,,,,,,,,,,,,,,,,,,,,,,,,,,,,,,,,,,,,,,,,,,,,,,,,,,,,,,,,,,,,,,,,,,,,,,,,,,,
806,,,,,,,,,,,,,,,,,,,,,,,,,,,,,,,,,,,,,,,,,,,,,,,,,,,,,,,,,,,,,,,,,,,,,,,,,,,,,,,,,,,,,,,,,,,,,,,,,,,,
807,,,,,,,,,,,,,,,,,,,,,,,,,,,,,,,,,,,,,,,,,,,,,,,,,,,,,,,,,,,,,,,,,,,,,,,,,,,,,,,,,,,,,,,,,,,,,,,,,,,6,
808,,,,,,,,,,,,,,,,,,,,,,,,,,,,,,,,,,,,,,,,,,,,,,,,,,,,,,,,,,,,,,,,,,,,,,,,,,,,,,,,,,,,,,,,,,,,,,,,,,,,
809,,,,,,,,,,,,,,,,,,,,,,,,,,,,,,,,,,,,,,,,,,,,,,,,,,,,,,,,,,,,,,,,,,,,,,,,,,,,,,,,,,,,,,,,,,,,,,,,,,,,
810,,,,,,,,,,,,,,,,,,,,,,,,,,,,,,,,,,,,,,,,,,,,,,,,,,,,,,,,,,,,,,,,,,,,,,,,,,,,,,,,,,,,,,,,,,,,,,,,,,,,
811,,,,,,,,,,,,,,,,,,,,,,,,,,,,,,,,,,,,,,,,,,,,,,,,,,,,,,6,,,,,,,,,,,,,5,,,,,,,,,,,,,,,,,,,,,,,,,,,,,,,,4,
812,,,,,,,,,,,,,,,,,,,,,,,,,,,,,,,,,,,,,,,,,,,,,,,,,,,,,,,,,,,,,,,,,,,,,,,,,,,,,,,,,,,,,,,,,,,,,,,,,,,,
813,,,,,,,,,,,,,,,,,,,,,,,,,,,,,,,,,,,,,,,,,,,,,,,,,,,,,,,,,,,,,,,,,,,,,,,,,,,,,,,,,,,,,,,,,,,,,,,,,,,,
814,,,,,,,,,,,,,,,,,,,,,,,,,,,,,,,,,,,,,,,,,,,,,,,,,,,,,,,,,,,,,,,,,,,,,,,,,,,,,,,,,,,,,,,,,,,,,,,,,,,,
815,,,,,,,,,,,,,,,,,,,,,,,,,,,,,,,,,,,,,,,,,,,,,,,,,,,,,,,,,,,,,,,,,,,,,,,,,,,,,,,,,,,,,,,,,,,,,,,,,,,,
816,,,,,,,,,,,,,,,,,,,,,,,,,,,,,,,,,,,,,,,,,,,,,,,,,,,,,,,,,,,,,,,,,,,,,,,,,,,,,,,,,,,,,,,,,,,,,,,,,,,,
817,,,,,,,,,,,,,,,,,,,,,,,,,,,,,,,,,,,,,,,,,,,,,,,,,,,,,,,,,,,,,,,,,,,,,,,,,,,,,,,,,,,,,,,,,,,,,,,,,,,,
818,,,,,,,,,,,,,,,,,,,,,,,,,,,,,,,,,,,,,,,,,,,,,,,,,,,,,,,,,,,,,,,,,,,,,,,,,,,,,,,,,,,,,,,,,,,,,,,,,,,,
819,,,,,,,,,,,,,,,,,,,,,,,,,,,,,,,,,,,,,,,,,,,,,,,,,,,,,,,,,,,,,,,,,,,,,,,,,,,,,,,,,,,,,,,,,,,,,,,,,,,,
820,,,,,,,,,,,,,,,,,,,,,,,,,,,,,,,,,,,,,,,,,,,,,,,,,,,,,,,,,,,,,,,,,,,,,,,,,,,,,,,,,,,,,,,,,,,,,,,,,,,,
821,,,,,,,,,,,,,,,,,,,,,,,,,,,,,,,,,,,,,,,,,,,,,,,,,,,,,,,,,,,,,,,,,,,,,,,,,,,,,,,,,,,,,,,,,,,,,,,,,,,,
822,,,,,,,,,,,,,,,,,,,,,,,,,,,,,,,,,,,,,,,,,,,,,,,,,,,,,,,,,,,,,,,,,,,,,,,,,,,,,,,,,,,,,,,,,,,,,,,,,,,,
823,,,,,,,,,,,,,,,,,,,,,,,,,,,,,,,,,,,,,,,,,,,,,,,,,,,,,,,,,,,,,,,,,,,,,,,,,,,,,,,,,,,,,,,,,,,,,,,,,,,,
824,,,,,,,,,,,,,,,,,,,,,,,,,,,,,,,,,,,,,,,,,,,,,,,,,,,,,,,,,,,,,,,,,,,,,,,,,,,,,,,,,,,,,,,,,,,,,,,,,,,,
825,,,,,,,,,,,,,,,,,,,,,,,,,,,,,,,,,,,,,,,,,,,,,,,,,,,,,,,,,,,,,,,,,,,,,,,,,,,,,,,,,,,,,,,,,,,,,,,,,,,3,
826,,,,,,,,,,,,,,,,,,,,,,,,,,,,,,,,,,,,,,,,,,,,,,,,,,,,,,,,,,,,,,,,,,,,,,,,,,,,,,,,,,,,,,,,,,,,,,,,,,,,
827,,,,,,,,,,,,,,,,,,,,,,,,,,,,,,,,,,,,,,,,,,,,,,,,,,,,,,,,,,,,,,,,,,,,,,,,,,,,,,,,,,,,,,,,,,,,,,,,,,,,
828,,,,,,,,,,,,,,,,,,,,,,,,,,,,,,,,,,,,,,,,,,,,,,,,,,,,,,,,,,,,,,,,,,,,,,,,,,,,,,,,,,,,,,,,,,,,,,,,,,,,
829,,,,,,,,,,,,,,,,,,,,,,,,,,,,,,,,,,,,,,,,,,,,,,,,,,,,,,,,,,,,,,,,,,,,,,,,,,,,,,,,,,,,,,,,,,,,,,,,,,,,
830,,,,,,,,,,,,,,,,,,,,,,,,,,,,,,,,,,,,,,,,,,,,,,,,,,,,,,,,,,,,,,,,,,,,,,,,,,,,,,,,,,,,,,,,,,,,,,,,,,,,
831,,,,,,,,,,,,,,,,,,,,,,,,,,,,,,,,,,,,,,,,,,,,,,,,,,,,,,,,,,,,,,,,,,,,,,,,,,,,,,,,,,,,,,,,,,,,,,,,,,,,
832,,,,,,,,,,,,,,,,,,,,,,,,,,,,,,,,,,,,,,,,,,,,,,,,,,,,,,,,,,,,,,,,,,,,,,,,,,,,,,,,,,,,,,,,,,,,,,,,,,,,
833,,,,,,,,,,,,,,,,,,,,,,,,,,,,,,,,,,,,,,,,,,,,,,,,,,,,,,,,,,,,,,,,,,,,,,,,,,,,,,,,,,,,,,,,,,,,,,,,,,,,
834,,,,,,,,,,,,,,,,,,,,,,,,,,,,,,,,,,,,,,,,,,,,,,,,,,,,,,,,,,,,,,,,,,,,,,,,,,,,,,,,,,,,,,,,,,,,,,,,,,,,
835,,,,,,,,,,,,,,,,,,,,,,,,,,,,,,,,,,,,,,,,,,,,,,,,,,,,,,,,,,,,,,,,,,,,,,,,,,,,,,,,,,,,,,,,,,,,,,,,,,,,
836,,,,,,,,,,,,,,,,,,,,,,,,,,,,,,,,,,,,,,,,,,,,,,,,,,,,,,,,,,,,,,,,,,,,,,,,,,,,,,,,,,,,,,,,,,,,,,,,,,,,
837,,,,,,,,,,,,,,,,,,,,,,,,,,,,,,,,,,,,,,,,,,,,,,,,,,,,,,,,,,,,,,,,,,,,,,,,,,,,,,,,,,,,,,,,,,,,,,,,,,,,
838,,,,,,,,,,,,,,,,,,,,,,,,,,,,,,,,,,,,,,,,,,,,,,,,,,,,,,,,,,,,,,,,,,,,,,,,,,,,,,,,,,,,,,,,,,,,,,,,,,,,
839,,,,,,,,,,,,,,,,,,,,,,,,,,,,,,,,,,,,,,,,,,,,,,,,,,,,,,,,,,,,,,,,,,,,,,,,,,,,,,,,,,,,,,,,,,,,,,,,,,,,
840,,,,,,,,,,,,,,,,,,,,,,,,,,,,,,,,,,,,,,,,,,,,,,,,,,,,,,,,,,,,,,,,,,,,,,,,,,,,,,,,,,,,,,,,,,,,,,,,,,,,
841,,,,,,,,,,,,,,,,,,,,,,,,,,,,,,,,,,,,,,,,,,,,,,,,,,,,,,,,,,,,,,,,,,,,,,,,,,,,,,,,,,,,,,,,,,,,,,,,,,,,
842,,,,,,,,,,,,,,,,,,,,,,,,,,,,,,,,,,,,,,,,,,,,,,,,,,,,,,,,,,,,,,,,,,,,,,,,,,,,,,,,,,,,,,,,,,,,,,,,,,,,
843,,,,,,,,,,,,,,,,,,,,,,,,,,,,,,,,,,,,,,,,,,,,,,,,,,,,,,,,,,,,,,,,,,,,,,,,,,,,,,,,,,,,,,,,,,,,,,,,,,,,
844,,,,,,,,,,,,,,,,,,,,,,,,,,,,,,,,,,,,,,,,,,,,,,,,,,,,,,,,,,,,,,,,,,,,,,,,,,,,,,,,,,,,,,,,,,,,,,,,,,,,
845,,,,,,,,,,,,,,,,,,,,,,,,,,,,,,,,,,,,,,,,,,,,,,,,,,,,,,,,,,,,,,,,,,,,,,,,,,,,,,,,,,,,,,,,,,,,,,,,,,,,
846,,,,,,,,,,,,,,,,,,,,,,,,,,,,,,,,,,,,,,,,,,,,,,,,,,,,,,,,,,,,,,,,,,,,,,,,,,,,,,,,,,,,,,,,,,,,,,,,,,,,
847,,,,,,,,,,,,,,,,,,,,,,,,,,,,,,,,,,,,,,,,,,,,,,,,,,,,,,,,,,,,,,,,,,,,,,,,,,,,,,,,,,,,,,,,,,,,,,,,,,,,
848,,,,,,,,,,,,,,,,,,,,,,,,,,,,,,,,,,,,,,,,,,,,,,,,,,,,,,,,,,,,,,,,,,,,,,,,,,,,,,,,,,,,,,,,,,,,,,,,,,,,
849,,,,,,,,,,,,,,,,,,,,,,,,,,,,,,,,,,,,,,,,,,,,,,,,,,,,,,,,,,,,,,,,,,,,,,,,,,,,,,,,,,,,,,,,,,,,,,,,,,,,
850,,,,,,,,,,,,,,,,,,,,,,,,,,,,,,,,,,,,,,,,,,,,,,,,,,,,,,,,,,,,,,,,,,,,,,,,,,,,,,,,,,,,,,,,,,,,,,,,,,,,
851,,,,,,,,,,,,,,,,,,,,,,,,,,,,,,,,,,,,,,,,,,,,,,,,,,,,,,,,,,,,,,,,,,,,,,,,,,,,,,,,,,,,,,,,,,,,,,,,,,,,
852,,,,,,,,,,,,,,,,,,,,,,,,,,,,,,,,,,,,,,,,,,,,,,,,,,,,,,,,,,,,,,,,,,,,,,,,,,,,,,,,,,,,,,,,,,,,,,,,,,,,
853,,,,,,,,,,,,,,,,,,,,,,,,,,,,,,,,,,,,,,,,,,,,,,,,,,,,,,,,,,,,,,,,,,,,,,,,,,,,,,,,,,,,,,,,,,,,,,,,,,,,
854,,,,,,,,,,,,,,,,,,,,,,,,,,,,,,,,,,,,,,,,,,,,,,,,,,,,,,,,,,,,,,,,,,,,,,,,,,,,,,,,,,,,,,,,,,,,,,,,,,,,
855,,,,,,,,,,,,,,,,,,,,,,,,,,,,,,,,,,,,,,,,,,,,,,,,,,,,,,,,,,,,,,,,,,,,,,,,,,,,,,,,,,,,,,,,,,,,,,,,,,,,
856,,,,,,,,,,,,,,,,,,,,,,,,,,,,,,,,,,,,,,,,,,,,,,,,,,,,,,,,,,,,,,,,,,,,,,,,,,,,,,,,,,,,,,,,,,,,,,,,,,,5,
857,,,1,,,,1,,,15,7,,,,,,,,,,,,,,,10,7,,1,,,,9,,,,,,,1,,10,,,,,,,,,,,,4,,,24,,,26,,,,,,25,3,,,,,,,,10,,14,,,,1,,,3,,22,,5,,,,,,,,6,14,,4,
858,,,,,,,,,,21,,,,,,,,,,,,,,,,12,,,,,,,,,,,,,,,,,,,,,,,,,,,,,,,,,,,,,,,,,5,,,,,,,,,,,,,,,,,,,,,,,,,,,,,,,,3,
859,,,,,,,,,,,,,,,,,,,,,,,,,,,,,,,,,,,,,,,,,,,,,,,,,,,,,,6,,,,,,,,,,,,,5,,,,,,,,,,,,,,,,,,,,,,,,,,,,,,,,4,
860,1,1,,1,1,1,1,1,1,1,,1,,,,1,1,1,,1,1,,1,,,1,1,1,,,1,1,,1,,1,1,1,,1,1,,1,,1,,1,1,,,,,1,1,1,,1,1,1,1,1,1,,,1,1,4,1,,,1,,1,1,1,1,,1,1,1,,,1,1,,1,,1,1,1,1,1,1,1,,,1,1,1,
861,,,,,,,,,,,,,,,,,,,,,,,,,,,,,,,,,,,,,,,,,,,,,,,,,,,,,,,,,,,,,,,,,,,,,,,,,,,,,,,,,,,,,,,,,,,,,,,,,,,4,
862,,,,,,2,,,,11,6,,,,,,,,,,,,,,,10,,,,2,,13,6,,,,,,,20,,6,,,,,20,,,,,,,,,,23,,,24,,,,,,2,2,,,,,,,,,,13,,,,10,,,4,,3,,4,,,,,,,,3,12,,8,
863,,,,,,,,,,,,,,,,,,,,,,,,,,,,,,,,,,,,,,,,,,,,,,,,,,,,,,,,,,,,,,,,,,,,,,,,,,,,,,,,,,,,,,,,,,,,,,,,,,,5,
864,,,,,,,,,,,,,,,,,,,,,,,,,,,,,,,,,,,,,,,,,,,,,,,,,,,,,,6,,,,,,,,,,,,,,,,,,,,,,,,,,,,,,,,,,,,,,,,,,,,,4,
865,,,,,,,3,,,16,8,,,,,,,,,,,,,,,11,9,,,,,,7,,,,,,,,,,,,,,,,,,,,,6,,,24,,,25,,,,,,27,4,,,,,,,,,,,,,,11,,,5,,23,,6,,,,,,,,7,,,5,
866,,,,,,,,,,19,,,,,,,,,,,,,,,,15,,,,,,,,,,,,,,,,,,,,,,,,,,,,,,,,,,,,,,,,,6,,,,,,,,,,,,,,,,,,,,,,,,,,,,,,,,4,
867,,,,,,,,,,,,,,,,,,,,,,,,,,,,,,,,,,,,,,,,,,,,,,,,,,,,,,7,,,,,,,,,,,,,5,,,,,,,,,,,,,,,,,,,,,,,,,,,,,,,,,
868,,,,,,,2,,,16,8,,,,,,,,,,,,,,,12,8,,,,,,8,,,,,,,,,11,,,,,,,,,,,,6,,,24,,,25,,,,,,26,4,,,,,,,,,,14,,,,12,,,4,,23,,7,,,,,,,,7,15,,6,
869,,,,,,,,,,,,,,,,,,,,,,,,,,,,,,,,,,,,,,,,,,,,,,,,,,,,,,7,,,,,,,,,,,,,,,,,,,,,,,,,,,,,,,,,,,,,,,,,,,,,3,
870,,,,,,,,,,17,,,,,,,,,,,,,,,,13,,,,,,,,,,,,,,,,,,,,,,,,,,,,,,,,,,,,,,,,,6,,,,,,,,,,,,,,,,,,,,,,,,,,,,,,,,4,
871,,,,,,,,,,16,,,,,,,,,,,,,,,,11,,,,,,,,,,,,,,,,,,,,,,,,,,,,,,,,,,,,,,,,,4,,,,,,,,,,,,,,,,,,,,,,,,,,,,,,,,5,
872,,,,,,,,,,,,,,,,,,,,,,,,,,,,,,,,,,,,,,,,,,,,,,,,,,,,,,,,,,,,,,,,,,,5,,,,,,,,,,,,,,,,,,,,,,,,,,,,,,,,,
873,,,,,,,,,,,,,,,,,,,,,,,,,,,,,,,,,,,,,,,,,,,,,,,,,,,,,,,,,,,,,,,,,,,6,,,,,,,,,,,,,,,,,,,,,,,,,,,,,,,,,
874,,,,,,,,,,,,,,,,,,,,,,,,,,,,,,,,,,,,,,,,,,,,,,,,,,,,,,,,,,,,,,,,,,,5,,,,,,,,,,,,,,,,,,,,,,,,,,,,,,,,,
875,,,,,,,,,,,,,,,,,,,,,,,,,,,,,,,,,,,,,,,,,,,,,,,,,,,,,,6,,,,,,,,,,,,,4,,,,,,,,,,,,,,,,,,,,,,,,,,,,,,,,3,
876,,,,,,,,,,,,,,,,,,,,,,,,,,,,,,,,,,,,,,,,,,,,,,,,,,,,,,,,,,,,,,,,,,,,,,,,,,,,,,,,,,,,,,,,,,,,,,,,,,,6,
877,,,,,,,,,,,,,,,,,,,,,,,,,,,,,,,,,,,,,,,,,,,,,,,,,,,,,,6,,,,,,,,,,,,,5,,,,,,,,,,,,,,,,,,,,,,,,,,,,,,,,3,
878,,,,,,,,,,,,,,,,,,,,,,,,,,,,,,,,,,,,,,,,,,,,,,,,,,,,,,,,,,,,,,,,,,,,,,,,,,,,,,,,,,,,,,,,,,,,,,,,,,,6,
879,,,,,,,,,,18,,,,,,,,,,,,,,,,12,,,,,,,,,,,,,,,,,,,,,,,,,,,,,,,,,,,,,,,,,5,,,,,,,,,,,,,,,,,,,,,,,,,,,,,,,,6,
880,,,,,,,,,,,,,,,,,,,,,,,,,,,,,,,,,,,,,,,,,,,,,,,,,,,,,,6,,,,,,,,,,,,,,,,,,,,,,,,,,,,,,,,,,,,,,,,,,,,,3,
881,,,,,,,,,,18,,,,,,,,,,,,,,,,14,,,,,,,,,,,,,,,,,,,,,,,,,,,,,,,,,,,,,,,,,6,,,,,,,,,,,,,,,,,,,,,,,,,,,,,,,,6,
882,,,,,,,,,,,,,,,,,,,,,,,,,,,,,,,,,,,,,,,,,,,,,,,,,,,,,,,,,,,,,,,,,,,,,,,,,,,,,,,,,,,,,,,,,,,,,,,,,,,5,
883,,,,,,,,,,,,,,,,,,,,,,,,,,,,,,,,,,,,,,,,,,,,,,,,,,,,,,6,,,,,,,,,,,,,4,,,,,,,,,,,,,,,,,,,,,,,,,,,,,,,,3,
884,,,,,,,,,,,,,,,,,,,,,,,,,,,,,,,,,,,,,,,,,,,,,,,,,,,,,,7,,,,,,,,,,,,,4,,,,,,,,,,,,,,,,,,,,,,,,,,,,,,,,4,
885,,,,,,,,,,,,,,,,,,,,,,,,,,,,,,,,,,,,,,,,,,,,,,,,,,,,,,,,,,,,,,,,,,,4,,,,,,,,,,,,,,,,,,,,,,,,,,,,,,,,3,
886,,,,,,,,,,,,,,,,,,,,,,,,,,,,,,,,,,,,,,,,,,,,,,,,,,,,,,,,,,,,,,,,,,,,,,,,,,,,,,,,,,,,,,,,,,,,,,,,,,,4,
887,,,,,,,,,,,,,,,,,,,,,,,,,,,,,,,,,,,,,,,,,,,,,,,,,,,,,,,,,,,,,,,,,,,4,,,,,,,,,,,,,,,,,,,,,,,,,,,,,,,,,
888,,,,,,,,,,,,,,,,,,,,,,,,,,,,,,,,,,,,,,,,,,,,,,,,,,,,,,,,,,,,,,,,,,,,,,,,,,,,,,,,,,,,,,,,,,,,,,,,,,,3,
889,,,,,,,,,,,,,,,,,,,,,,,,,,,,,,,,,,,,,,,,,,,,,,,,,,,,,,,,,,,,,,,,,,,,,,,,,,,,,,,,,,,,,,,,,,,,,,,,,,,3,
890,,,,,,,,,,,,,,,,,,,,,,,,,,,,,,,,,,,,,,,,,,,,,,,,,,,,,,8,,,,,,,,,,,,,4,,,,,,,,,,,,,,,,,,,,,,,,,,,,,,,,5,
891,,,,,,,,,,,,,,,,,,,,,,,,,,,,,,,,,,,,,,,,,,,,,,,,,,,,,,6,,,,,,,,,,,,,4,,,,,,,,,,,,,,,,,,,,,,,,,,,,,,,,3,
892,,,,,,,,,,,,,,,,,,,,,,,,,,,,,,,,,,,,,,,,,,,,,,,,,,,,,,6,,,,,,,,,,,,,4,,,,,,,,,,,,,,,,,,,,,,,,,,,,,,,,3,
893,,,,,,,,,,,,,,,,,,,,,,,,,,,,,,,,,,,,,,,,,,,,,,,,,,,,,,6,,,,,,,,,,,,,,,,,,,,,,,,,,,,,,,,,,,,,,,,,,,,,3,
894,,,,,,,,,,20,,,,,,,,,,,,,,,,14,,,,,,,,,,,,,,,,,,,,,,,,,,,,,,,,,,,,,,,,,4,,,,,,,,,,,,,,,,,,,,,,,,,,,,,,,,3,
895,,,,,,,,,,20,,,,,,,,,,,,,,,,14,,,,,,,,,,,,,,,,,,,,,,,,,,,,,,,,,,,,,,,,,7,,,,,,,,,,,,,,,,,,,,,,,,,,,,,,,,5,
896,,,,39,25,29,9,,,,,,,,,,,,,17,22,,36,,,,17,,,11,21,,,,6,48,,9,5,23,13,,,41,,,,,,28,20,,17,,17,47,16,,,,,,20,30,,,,1,23,,,7,,,33,,,,,,,29,23,21,,26,,24,,,20,21,25,,,30,,33,,
897,4,5,5,5,1,6,4,7,6,5,6,5,5,4,4,6,6,6,5,6,3,7,4,4,7,1,4,5,2,7,6,6,5,5,7,6,5,5,5,4,3,5,6,2,5,1,6,6,6,5,7,6,8,2,6,4,4,6,4,8,3,6,1,3,3,6,4,6,6,6,4,5,3,4,6,5,7,2,6,6,7,4,4,7,7,4,2,2,8,9,3,4,5,2,5,8,5,6,2,6
898,,,,36,14,25,23,,,,,,,,1,18,,16,1,15,19,,41,,,,17,,,7,15,,16,,26,43,15,7,6,1,19,,,28,,,21,,,19,20,,2,,8,49,10,,,,,,22,24,,14,,,30,,,15,,,30,,,,,,,23,2,29,,22,,23,,,18,28,19,,,33,,24,,
899,1,7,7,,8,5,3,6,3,8,7,5,6,5,8,1,1,2,1,5,6,5,6,1,8,,2,2,2,2,2,7,6,1,6,3,1,3,1,1,1,1,8,,5,8,1,3,6,2,1,4,9,1,1,8,2,4,1,2,1,1,5,2,5,7,6,5,1,7,2,6,7,8,1,7,1,1,2,1,8,3,6,1,6,7,2,2,4,9,5,1,2,1,7,8,1,9,3,6
900,7,9,8,12,20,12,6,16,35,4,1,9,13,,9,7,,13,11,9,29,,42,14,14,,9,,18,22,,12,13,,7,8,14,9,6,18,,13,,13,8,,1,1,8,7,17,10,9,10,14,7,5,11,11,11,16,3,13,25,4,16,,15,33,,8,14,1,,29,6,4,2,9,14,,9,18,9,3,13,11,12,13,18,2,,,1,12,11,10,,13,18
901,,,,4,42,,,,,,,,,,,2,,,9,14,,7,8,,,,,,,,,,,,,,,,4,,18,,,,,,,,,17,,,,,,47,,,,9,,7,12,,25,,,,7,,,,,,8,,,,,,,,,,,,,,,,8,,,39,9,,,,13,
902,,,,41,25,27,17,,32,,,,,,,,,,,23,22,,37,,,,16,,,18,,2,,,24,49,,5,18,1,19,,,42,,,,,,28,23,,18,,20,50,13,,,,,,18,31,,,,,25,,,11,,2,36,,,,1,,,26,32,32,,18,,28,,,25,31,25,,,32,,28,,
903,,,,6,43,,,,,,,,,,,28,,,10,16,,5,1,,,,,,,,,,,,,,,,6,,17,,,,,,,,,,,4,,,,46,,1,,8,,2,14,,23,,,,32,,,,15,,12,,,,,,,,,,,,,,,,5,,,34,8,,,,15,
904,1,2,2,2,1,3,1,3,12,1,2,2,1,,2,18,1,,1,16,2,2,1,3,15,1,2,1,13,2,1,1,3,2,2,2,2,13,2,3,1,4,8,1,2,2,1,2,2,2,2,,2,1,1,,1,1,1,1,15,1,2,,3,4,2,1,2,1,7,1,,2,2,1,2,2,2,7,2,2,1,,1,1,2,2,5,2,4,4,2,,14,1,2,1,2,2
905,16,13,14,12,25,1,17,19,32,1,,3,3,10,1,13,,4,,8,11,4,12,,,11,12,,20,12,15,6,12,3,13,14,,8,1,8,7,7,,5,7,2,2,10,,16,10,12,22,4,18,10,10,15,16,19,8,,2,10,26,6,10,,15,14,,7,,13,4,8,1,,11,10,,16,5,18,26,19,8,8,14,11,16,2,20,20,8,16,8,10,19,18
906,5,4,1,6,1,1,5,6,1,5,1,5,5,1,4,2,2,1,4,7,5,5,5,5,2,5,1,4,1,4,5,4,6,5,3,4,2,3,6,6,2,1,1,4,7,4,5,4,7,5,1,2,5,4,4,5,8,1,5,3,4,6,3,3,1,6,3,3,5,1,2,7,3,2,4,4,6,2,1,5,3,6,3,5,1,1,7,1,1,10,1,4,4,6,1,7,4,1,10,1
907,2,3,1,2,7,6,3,4,4,10,4,8,3,5,3,7,,7,6,5,3,,2,2,3,2,5,1,5,2,2,7,6,4,6,21,2,5,6,7,1,2,2,4,1,6,2,6,1,4,2,5,4,2,11,1,3,7,5,7,4,4,7,1,26,8,6,,2,2,4,2,4,6,1,3,1,4,5,7,2,11,22,6,5,2,4,1,7,7,4,5,6,4,4,6,3,2,1,13
908,6,8,9,10,10,7,7,15,7,9,3,8,,,8,5,,16,1,10,28,,10,13,14,,9,15,14,23,,6,13,,6,,13,6,5,8,,13,,16,8,10,9,2,11,4,10,14,15,14,9,11,7,8,2,9,17,,10,,12,15,3,14,,,7,,7,,,5,10,13,8,13,14,8,10,6,9,11,13,12,12,15,8,,5,10,10,12,9,,3,18
909,2,,1,,28,2,1,23,3,12,,18,10,2,2,12,8,2,,5,3,3,1,11,15,10,5,5,10,7,8,10,4,7,11,5,,,20,4,4,,2,17,12,9,13,11,8,,,8,14,11,10,7,5,7,5,,10,6,10,2,4,11,12,3,28,,4,15,11,,,12,,4,3,3,7,11,5,12,3,19,20,,4,15,7,,8,5,15,8,5,,13,6
910,,,8,3,15,15,31,22,28,3,,2,,11,1,3,1,8,,8,1,,2,17,2,3,13,2,17,17,16,1,6,3,13,9,9,7,21,13,8,,4,44,1,3,15,1,,18,15,,2,2,3,,,6,10,34,1,12,4,1,1,22,1,1,1,,,2,3,3,2,2,,,3,,,8,1,2,22,5,3,17,2,25,18,2,9,25,10,22,9,12,14,
911,1,1,1,1,1,1,1,1,1,1,1,1,1,1,1,1,1,1,1,1,1,1,1,1,1,1,1,1,1,1,1,1,1,1,1,1,1,1,1,1,1,1,1,1,1,1,1,1,1,1,1,1,1,1,1,1,1,1,1,1,1,1,1,1,1,1,1,1,1,1,1,1,1,1,1,1,1,1,1,1,1,1,1,1,1,1,1,1,1,1,1,1,1,1,1,1,1,1,1,1
912,8,,7,12,26,14,6,23,30,13,,1,1,9,4,3,1,8,,8,8,,3,18,1,1,11,4,17,14,15,3,6,2,8,8,10,12,19,11,7,14,,42,13,1,14,11,,18,13,8,18,2,1,,,1,9,32,8,11,3,1,27,23,17,2,19,,10,4,2,4,3,2,,,5,,,7,3,16,22,3,4,15,3,25,17,1,8,25,11,20,6,13,13,
913,6,3,5,31,8,1,5,7,7,11,,6,6,9,1,6,4,9,2,12,6,,8,17,8,6,6,5,24,7,8,7,,3,10,10,3,7,5,7,2,10,,4,6,18,5,6,,8,7,5,11,6,9,9,5,3,7,9,5,11,6,7,9,22,8,,5,18,7,7,3,4,3,16,2,,9,10,,1,14,24,14,12,9,9,8,8,7,2,6,17,8,9,7,11,12,4
914,6,4,4,10,8,7,9,18,31,7,,5,,6,6,14,,7,,14,9,13,7,22,10,,8,,23,8,7,8,15,7,11,15,9,11,15,7,6,9,,40,8,1,7,7,,3,1,16,11,15,18,9,4,16,6,2,1,,7,8,11,22,9,5,15,19,,12,,4,12,9,7,10,,7,,8,19,9,12,14,11,10,11,3,19,12,21,19,8,1,6,17,3,18
915,11,,12,14,8,7,26,19,32,9,,1,,5,,17,,10,,15,14,,10,15,13,2,6,,16,11,,9,13,4,18,18,,10,15,9,10,13,,39,12,18,9,13,,14,7,12,8,4,10,25,9,6,5,24,14,,4,22,23,21,15,3,19,20,,21,,11,10,17,,,,9,,11,21,13,19,20,11,10,2,3,9,11,19,24,12,3,5,1,16,2
916,3,1,6,7,6,5,1,3,6,1,2,8,5,4,1,5,1,6,4,3,4,1,2,4,5,5,3,2,5,5,3,1,2,1,5,5,4,2,2,3,5,4,5,3,3,3,5,5,5,3,5,6,6,8,5,5,2,4,3,5,2,3,2,3,4,6,1,4,5,1,5,4,5,2,4,6,7,1,3,5,1,5,2,7,2,5,2,3,7,1,6,4,1,4,8,1,4,5,8,5
917,,12,,34,39,21,24,,,17,,,,8,9,18,,,,10,20,,11,,,,8,,31,1,24,15,13,2,9,8,14,6,4,3,13,,,27,,,21,,,15,20,3,3,,16,47,14,27,32,14,,,21,22,,13,,,31,24,,14,,,31,9,,,13,,,12,16,29,13,17,12,18,,,10,29,13,32,11,20,7,9,,
918,1,1,1,1,1,1,1,1,1,1,1,1,1,1,1,1,1,1,1,1,1,1,1,1,1,1,1,1,1,1,1,1,1,1,1,1,1,1,1,1,1,1,1,1,1,1,1,1,1,1,1,1,1,1,1,1,1,1,1,1,1,1,1,1,1,1,1,1,1,1,1,1,1,1,1,1,1,1,1,1,1,1,1,1,1,1,1,1,1,1,1,1,1,1,1,1,1,1,1,1
919,,,9,13,13,24,25,,27,,,,,,,,,,,4,18,,41,,,,10,,,7,,1,14,,23,11,,5,12,1,22,,,26,,,19,,,17,18,,1,,17,50,5,,,15,,2,23,26,,,,,32,,1,14,,,28,1,,,,,,23,1,23,,25,,19,,,12,29,20,,,29,,22,,
920,6,3,6,4,1,1,5,5,4,2,3,4,1,1,3,2,4,6,6,5,1,6,3,5,1,6,3,2,5,3,6,6,2,3,7,6,1,7,3,6,6,2,3,3,4,2,2,7,3,1,7,,8,1,6,3,7,8,4,8,6,3,6,3,1,5,2,2,4,8,2,3,6,2,3,4,3,6,2,4,7,2,2,8,3,4,3,4,6,4,4,6,4,4,7,1,5,6,4,2
921,3,2,6,3,6,4,4,4,6,5,1,4,4,3,1,1,5,1,2,1,5,3,1,7,2,5,2,6,6,6,6,4,3,5,5,5,6,4,7,1,2,6,6,1,6,2,6,2,5,7,7,5,5,6,3,6,7,5,4,8,6,3,5,3,4,5,2,3,4,7,4,1,5,3,4,5,6,6,5,3,6,3,1,6,3,3,1,4,7,5,1,3,3,3,6,6,5,7,6,2
922,5,8,7,7,7,2,2,6,6,5,2,4,5,4,4,2,1,7,7,7,6,7,2,6,1,4,3,6,6,6,6,4,1,5,4,7,2,6,6,4,3,6,6,6,5,7,8,5,5,5,6,5,2,1,7,6,7,6,5,7,6,5,2,6,7,7,4,5,5,6,7,7,4,1,1,5,7,1,6,4,5,5,9,4,8,1,2,5,8,5,4,3,1,1,1,3,5,5,6,7
923,1,2,7,7,5,1,1,2,1,5,9,1,3,,3,11,5,7,8,4,25,8,14,1,5,2,3,3,3,1,7,6,3,2,9,3,1,8,9,4,,4,8,4,4,7,12,6,5,2,8,14,8,13,13,4,11,1,,6,1,5,1,13,1,5,9,4,9,10,9,8,6,,9,7,,6,2,10,1,11,6,3,7,7,8,,9,8,9,3,6,13,8,7,5,6,9,8
924,,10,,21,42,21,26,2,25,21,,16,,10,,14,,14,,16,20,,5,25,,,22,,32,10,18,19,20,2,13,31,10,9,6,6,16,,,30,1,,2,14,,13,15,17,8,20,19,45,13,24,16,19,,,10,15,22,27,13,,21,23,,18,1,15,34,15,,,12,,,16,21,22,6,20,15,15,,28,22,32,12,29,9,14,8,12,26,19
925,5,4,5,5,6,2,2,8,4,3,4,5,5,2,3,4,3,1,6,4,4,2,4,1,3,5,2,7,3,5,3,5,3,4,5,2,5,4,4,4,4,1,3,5,4,5,2,1,8,2,2,6,2,4,2,1,6,5,2,9,5,5,2,2,4,5,2,3,5,2,2,5,3,5,3,1,7,4,7,5,4,3,7,7,3,3,5,4,3,8,1,3,4,5,4,2,5,3,6,6
926,5,5,3,2,7,2,4,3,8,5,4,5,7,1,2,1,2,6,1,6,5,5,1,4,6,4,4,6,2,5,6,3,6,2,3,1,5,6,4,6,4,6,3,6,5,4,5,5,6,4,5,6,5,2,6,3,8,6,5,2,4,4,4,7,4,5,3,7,3,2,5,3,5,6,4,7,7,5,7,6,5,3,5,1,6,5,7,1,7,8,5,4,5,5,7,2,1,7,4,8
927,1,6,4,5,3,5,2,3,4,2,6,8,4,4,4,4,2,4,4,1,2,6,4,6,4,5,18,4,2,2,7,4,4,6,6,1,4,4,6,3,4,3,1,5,6,3,5,7,5,4,1,7,8,1,6,5,8,6,4,6,5,3,4,6,5,1,4,5,7,4,9,5,4,3,4,2,7,2,5,1,6,5,5,1,2,2,4,4,4,8,3,1,4,5,3,4,7,1,4,2
928,8,4,5,14,23,11,1,16,34,9,10,13,,,10,13,,17,12,10,26,,6,17,16,,10,,18,19,,11,12,,6,,11,9,12,18,1,13,,14,6,14,13,,12,7,,14,13,2,12,7,5,11,9,12,1,3,1,,15,10,10,13,,,14,,12,,,17,11,11,10,15,11,1,16,11,7,14,10,17,5,17,9,1,,10,6,14,13,,15,19
929,9,10,1,15,1,5,1,4,37,5,9,10,1,,5,11,1,4,8,4,2,1,1,12,1,8,3,4,4,10,1,9,12,6,10,2,9,1,3,12,1,11,,1,6,9,1,1,8,1,6,17,3,,1,1,1,12,1,8,7,12,1,5,5,1,4,1,9,8,9,10,5,10,3,9,9,8,7,15,3,3,2,13,1,8,12,2,11,11,12,,7,13,8,6,8,7,6,20
930,8,,5,16,25,6,29,21,33,10,,2,,1,,10,,1,,13,13,,10,19,,19,13,,20,7,14,12,8,6,18,13,,12,17,13,10,4,,12,12,17,6,14,,17,8,13,24,2,11,25,12,8,15,27,10,,5,15,27,20,11,,12,21,,23,,2,9,21,,,,9,,9,20,1,23,18,10,9,5,19,13,15,1,20,9,16,8,44,17,17
931,15,,8,21,11,8,9,24,12,10,9,6,10,5,,11,16,8,,12,14,12,12,10,,,8,,26,14,19,11,13,9,11,18,,16,17,5,12,20,,5,2,14,12,11,,12,8,14,14,17,16,6,9,6,11,31,8,14,11,10,14,24,9,,20,14,,21,,9,10,20,,,10,8,,10,18,16,16,18,12,4,12,1,9,16,6,20,8,15,3,20,19,16
932,3,5,5,6,5,5,6,4,7,3,2,6,7,7,5,7,5,6,4,5,5,5,2,6,6,6,4,6,4,4,4,4,6,6,5,8,2,5,6,7,4,5,4,5,5,3,1,7,7,4,6,6,5,1,5,5,4,7,4,4,4,5,4,5,7,5,7,6,4,1,4,5,5,4,6,3,4,5,4,3,5,5,3,7,5,4,6,2,5,3,4,5,5,6,1,2,7,7,1,1
933,10,,,35,18,24,25,,,,,,17,17,,20,,19,,11,25,,7,,,,4,1,30,3,,,,,25,1,12,8,8,22,21,,,21,,,23,,,20,20,5,6,27,11,47,8,,,33,,,22,23,,,11,,22,,,15,,,28,,,,,,,13,23,25,2,21,,1,,,17,27,17,25,12,1,,23,,
934,4,3,5,1,6,4,4,1,5,6,1,5,1,2,1,5,2,1,7,6,2,5,3,5,4,1,5,1,1,1,4,4,5,6,5,1,1,7,4,4,1,5,1,5,5,3,5,4,1,6,3,3,8,1,4,5,3,1,4,1,7,5,3,1,1,1,8,3,1,1,1,5,1,4,5,5,6,3,1,5,4,2,2,1,6,2,6,2,7,9,4,2,1,5,3,2,3,4,1,7
935,7,7,9,7,1,2,6,15,12,8,3,,1,14,11,1,6,3,,12,10,1,1,1,4,,7,,6,8,15,17,12,8,5,19,,7,9,7,12,,7,1,8,7,,4,2,10,1,2,12,23,16,1,9,16,5,5,,7,10,31,6,4,3,,3,14,,9,,5,15,7,5,,8,9,,1,2,24,12,1,11,1,10,20,15,26,21,21,9,6,10,25,18,7
936,15,,12,17,14,7,28,19,32,10,,12,,8,3,8,,7,,12,4,,11,9,,20,4,,20,4,3,16,10,10,21,18,,12,11,14,9,15,,40,9,12,13,19,,17,4,12,24,23,17,23,7,14,9,24,11,10,9,17,29,18,11,,19,26,,16,,7,10,18,,,,,,2,3,12,30,20,1,16,13,19,16,14,18,20,5,15,9,47,18,9
937,16,17,6,17,38,3,1,13,14,16,,14,,7,19,18,,18,,3,18,,10,,4,,19,,2,14,20,1,3,11,10,21,13,13,3,7,19,1,,19,6,,17,10,,2,16,22,7,2,20,46,12,25,5,2,,,1,14,23,29,16,1,21,21,,1,,7,32,15,7,,19,,,14,27,22,16,21,14,12,,29,20,5,14,27,13,19,8,16,4,1
938,,,,9,2,,,,,,,,,1,,29,,,8,16,23,9,4,,,,,,,,,,,,,,,,6,,16,,,,,,,,,,,,,,,46,,,,8,,7,14,,25,,,,7,,,,1,,2,,,,,,,,,,,,,,,,6,,,38,10,,,,10,
939,14,,1,19,15,6,28,23,11,24,21,7,12,4,,12,13,1,,10,11,14,12,25,12,,4,,26,15,17,12,8,8,3,19,12,15,17,3,8,22,1,10,3,15,12,6,,15,7,13,14,22,17,5,4,10,6,32,8,13,7,9,13,25,4,,7,14,,11,,6,9,19,,,11,6,,11,18,15,19,19,8,1,11,4,15,16,5,20,11,11,4,19,18,16
940,,9,,30,41,4,27,17,27,1,,8,,9,,15,,4,,16,19,,9,,,,19,,32,11,19,10,1,8,16,18,11,14,5,10,1,8,,29,17,,11,18,,9,15,6,7,25,19,9,13,22,11,20,1,,7,1,9,29,16,,20,18,,21,,18,1,5,,,8,1,,14,17,19,12,16,14,19,,27,23,17,14,35,19,16,5,15,25,20
941,,,,39,17,12,25,,,,,,16,22,,19,,,,8,26,,40,,,,19,,,4,,,23,,5,35,,4,12,22,19,,,40,,,22,,,17,24,,16,,10,14,3,,,8,,,22,23,,,11,,32,,,16,,,26,,,,,,,24,26,29,1,22,,21,,,16,30,19,,18,32,,15,,
942,,,,22,16,23,24,,,,,,1,,,,,,,3,25,,37,2,,,20,,,8,,,,,26,37,15,7,13,20,19,,,29,,,21,,,20,24,,16,,16,48,4,,,11,,,23,24,,,,,28,,,15,,,23,,5,,,,,22,22,26,,18,,27,15,,1,31,19,,,32,,24,,
943,,12,,2,41,21,24,16,26,19,,1,3,8,5,16,,4,,15,9,,11,,,,16,,34,12,18,19,15,11,3,28,9,11,10,9,14,,4,35,16,,16,11,,15,1,19,7,22,14,43,13,1,12,14,,,9,18,22,30,11,,19,15,,21,,20,18,6,,,15,,,13,23,18,10,13,15,11,,24,23,30,14,33,11,12,4,11,21,18
944,,2,,31,38,21,4,12,27,18,,17,,15,,16,,16,,1,17,,9,,,,9,3,29,2,19,19,17,10,9,32,7,8,11,8,12,,,33,15,,18,18,,15,15,20,9,18,20,45,13,25,3,28,,,7,11,21,26,4,,24,17,,20,,22,29,15,,,14,,,16,21,22,9,16,13,17,,23,25,34,11,36,9,18,8,9,21,19
945,,,,18,16,13,26,,,,,,17,22,,1,,24,,13,26,,1,,1,,11,,,5,,,25,,1,36,1,5,1,6,20,,,1,,,23,,,18,1,1,14,,15,1,4,,,1,,,24,22,,1,,,2,1,,17,1,,1,,,1,1,,,25,27,29,1,22,,1,1,,17,1,18,,16,33,1,12,1,
946,5,5,3,1,4,2,3,6,5,5,6,5,6,4,5,1,4,6,3,5,1,5,3,5,5,3,4,5,7,3,6,3,6,4,2,2,6,3,8,2,4,4,4,1,5,3,4,4,6,1,4,5,8,7,1,5,8,4,3,8,5,2,1,5,7,6,6,2,5,6,4,3,4,3,1,4,5,2,6,6,4,4,6,5,6,2,6,6,3,8,2,3,3,7,5,5,,7,1,5
947,3,3,2,3,2,5,1,5,6,3,5,3,3,7,4,1,7,6,5,8,6,4,3,4,2,1,2,3,7,5,5,1,3,3,6,1,6,5,3,5,2,1,5,4,1,7,5,8,1,2,7,4,7,2,2,5,7,1,1,7,5,2,1,3,1,7,3,5,1,4,1,1,2,4,2,4,6,5,5,1,6,5,8,5,6,4,3,2,5,5,5,7,1,5,7,6,6,1,1,4
948,15,,8,7,13,9,28,20,27,9,,9,,9,4,3,,4,,12,11,,10,21,4,19,11,1,20,9,8,15,5,2,17,17,6,13,18,7,2,11,,34,12,18,13,15,,1,4,12,26,3,19,24,4,8,15,24,13,,9,23,27,20,15,,18,18,,23,,16,10,19,,,,7,,10,22,14,25,2,11,10,13,20,16,12,11,17,11,10,6,3,15,16
949,,9,,31,38,13,26,18,10,14,,11,,11,18,12,,13,,14,20,,12,,,,19,,29,12,18,19,17,9,15,20,8,16,11,11,14,,,39,14,,14,5,,5,16,20,17,1,17,43,12,24,13,15,,,7,10,21,24,10,,21,23,,14,,18,33,9,,,16,,,16,24,16,14,1,16,15,14,15,25,33,9,31,16,20,6,15,25,17
950,7,5,9,7,1,2,5,16,30,4,10,13,11,,8,2,,9,11,9,1,1,10,12,1,,8,,16,11,,5,12,11,8,,3,7,15,7,,5,7,14,6,11,10,,4,6,2,1,12,15,10,6,4,11,8,13,17,9,11,,7,9,2,14,,8,8,7,8,,,7,9,14,9,1,12,9,10,6,5,12,7,7,11,10,4,,,10,2,2,8,,1,8
951,7,6,7,8,6,8,11,2,35,7,12,10,9,6,3,5,1,12,8,7,5,,4,9,3,8,2,3,13,7,9,9,9,13,8,13,6,5,16,9,,9,11,16,6,8,7,7,6,,7,14,7,8,19,7,2,12,8,8,1,11,7,8,5,2,6,6,10,7,10,5,9,9,,6,8,8,10,16,2,10,13,10,8,8,9,8,6,10,8,7,,7,3,2,7,,6,10
952,4,2,6,3,1,1,3,6,1,4,3,4,1,7,2,1,3,4,1,6,5,4,1,3,3,1,5,2,4,2,5,1,6,6,7,2,5,6,6,4,1,5,7,1,2,3,7,2,5,4,1,2,1,4,3,4,4,3,4,7,6,1,2,1,2,4,1,2,5,1,1,1,7,3,2,4,2,2,4,3,1,3,3,5,7,4,1,5,1,6,5,5,6,1,3,5,6,3,2,2
953,5,4,1,6,3,4,3,6,7,1,2,3,5,1,4,4,6,3,3,1,2,3,3,5,5,4,1,4,4,3,6,7,6,1,2,5,1,4,6,3,5,3,1,5,3,2,6,5,4,5,5,6,1,1,8,7,8,7,5,7,3,4,5,4,5,7,2,6,6,4,4,4,6,5,5,4,3,3,6,3,7,3,5,4,6,4,7,1,5,8,3,4,5,6,6,1,5,4,6,5
954,,,,18,10,25,23,,,,,,,,,20,,,,13,25,,42,,,,2,,33,12,,,,,26,40,,8,8,23,21,,,16,15,,23,14,,17,22,,7,,1,48,14,,,,,,20,24,,,,,33,,,15,,,25,,,,,,,22,20,28,,18,,26,,,14,29,2,,,32,,10,,
955,8,,2,,30,2,3,24,1,11,,18,10,3,9,9,4,6,,5,6,2,7,9,16,8,1,6,12,1,7,10,6,1,13,8,,,22,2,3,,3,17,10,10,11,10,7,,,9,1,10,1,6,1,3,6,,10,2,8,4,7,10,11,2,27,,1,16,11,8,,16,,4,2,2,2,9,5,12,5,20,20,,2,20,5,,1,3,15,2,4,4,12,7
956,13,,6,3,26,6,12,11,,3,8,16,,11,15,24,,9,2,,3,7,,4,18,5,,4,3,11,2,,3,6,14,5,,,5,,9,5,10,8,7,1,13,8,,14,12,,26,10,11,11,17,7,4,3,9,10,2,7,19,10,,4,,21,,4,4,,5,18,3,,22,17,4,3,3,9,2,4,18,,,5,22,36,,15,6,13,8,4,6,1
957,,,,41,22,29,21,,,,,,,,,,,,,22,21,,32,,,,1,,,18,,,,,24,48,,11,6,22,17,,,26,,,,,,26,18,15,18,,19,52,15,24,,,,,18,29,,,,,32,,,10,,,34,,,,,,,27,30,29,,27,,27,,,24,31,22,,,1,,30,,
958,,,,3,45,,,,,,,,,,,26,,,8,16,26,1,7,16,,,,,,9,,,,,,,,,6,,19,,,,,,,,,,,,,,,49,,,,4,,7,15,,23,,,,10,,,,,,5,,,,,,,,,,,,,,,,7,,,37,4,,,,10,
959,3,5,6,7,4,6,5,5,7,5,5,7,1,5,5,7,5,6,5,6,2,5,4,3,6,5,4,3,7,4,6,5,2,6,7,3,2,4,2,7,6,1,2,4,1,8,7,3,7,7,5,5,6,2,6,7,6,6,5,6,2,2,4,3,7,6,5,7,1,3,6,6,5,3,3,5,7,3,2,1,5,4,2,6,4,3,6,1,7,6,2,5,4,1,3,7,5,7,6,6
960,3,4,4,4,2,4,1,7,5,7,3,6,4,6,4,7,3,5,1,4,3,5,2,3,5,5,2,6,6,5,4,5,6,1,4,7,3,6,7,5,5,6,7,3,1,4,5,5,5,5,6,5,5,4,8,2,8,5,3,1,3,5,2,3,5,6,4,5,4,1,6,5,5,2,1,5,6,5,6,5,5,6,6,3,5,6,5,7,10,7,6,3,7,4,5,5,5,6,8,8
961,8,7,8,6,4,7,6,7,1,4,7,5,7,7,6,5,4,6,7,8,7,26,5,4,4,5,2,4,4,9,8,6,9,4,9,6,7,6,8,9,4,5,7,5,7,8,10,1,6,5,8,2,5,,1,8,7,3,,7,2,4,9,5,6,2,10,3,7,24,8,9,6,,3,6,7,3,8,7,5,3,8,2,8,5,9,9,9,9,9,,5,2,3,8,6,2,4,3
962,13,,7,13,13,6,8,21,33,12,21,9,,10,3,11,,8,,15,13,,12,20,12,9,11,,25,12,16,11,9,8,15,19,12,15,18,1,12,16,2,8,11,17,11,2,,1,7,19,15,17,14,24,4,7,14,26,2,,9,15,24,23,11,,18,13,,1,,1,9,17,,,17,10,,12,16,1,23,21,9,8,13,18,14,1,9,1,3,10,4,47,17,18
963,,,,9,45,,,,,,,,,2,,29,,,9,14,,7,7,16,,,,,,,,,,,1,,,,7,,16,,,,,,,,,,,,,,,48,,,,7,,7,15,2,23,,,,5,,,,,,8,,,,,,,,,,,,,,,,6,,,39,7,,,,8,6
964,,8,,35,14,17,25,17,21,20,25,11,,12,,19,,15,,15,19,,3,,,3,17,,6,5,21,18,8,7,14,6,13,17,2,11,13,,,38,10,,18,18,,2,17,8,15,23,18,41,16,14,13,33,,,8,12,5,26,1,,22,23,,21,,20,32,10,,,10,,,19,24,22,14,11,13,19,15,26,11,36,14,34,22,23,6,15,26,19
965,,8,,31,40,18,27,16,26,11,,18,,16,,18,,16,,14,19,,8,,,,20,,28,14,18,18,16,10,3,31,3,1,10,9,10,,,38,7,,15,16,,14,13,22,6,22,1,42,12,25,8,30,,,6,16,20,29,17,,22,3,,21,,17,33,12,,,15,,,14,21,20,10,18,13,19,,30,27,1,10,34,2,22,6,13,21,18
966,3,4,5,4,2,1,3,5,6,1,4,4,5,1,2,2,4,6,5,4,4,4,2,5,4,5,3,2,5,6,4,2,1,4,3,5,1,6,2,7,5,5,5,4,4,6,7,1,1,5,7,6,6,4,2,2,1,1,4,4,2,4,3,1,6,7,5,1,5,6,6,5,4,4,8,6,6,1,4,1,4,4,6,6,5,5,4,5,2,9,3,4,5,7,2,8,6,8,5,4
967,3,4,4,7,3,5,3,2,5,3,5,2,1,1,4,7,3,7,2,5,4,3,4,3,1,3,4,3,4,3,7,4,6,3,4,6,1,1,4,6,1,6,6,3,4,5,4,5,3,1,4,6,2,3,1,5,5,3,4,3,5,4,1,7,3,5,4,2,1,4,4,5,6,6,1,5,4,3,5,4,4,5,6,7,4,3,5,1,6,7,1,3,3,8,7,1,3,4,7,7
968,9,6,5,7,7,5,10,7,8,11,7,7,,7,,11,,8,5,13,6,5,5,8,1,,5,4,6,11,2,1,8,4,1,18,8,6,4,8,2,13,,2,7,,7,5,,12,9,6,13,22,17,8,8,5,4,9,6,12,8,6,8,22,7,,5,7,5,4,8,6,15,15,7,8,10,8,6,6,9,7,8,1,2,7,7,13,10,17,5,21,5,4,8,11,16,7
969,8,13,,36,15,23,24,,30,,,,,22,,,,,,12,21,,38,,,,22,,,7,25,,,,16,36,,9,5,4,21,,,26,,,22,,,17,21,3,14,,17,13,15,,,13,,2,22,22,,,,,31,,3,15,,,26,,,,,,,22,28,28,14,22,,22,,,11,30,18,,,31,9,22,,
970,8,8,9,10,20,3,11,7,26,7,7,1,,,8,12,,13,10,13,18,11,5,14,15,7,5,,9,9,16,11,5,,5,,12,10,15,15,,15,,14,5,2,6,,10,9,,11,2,12,19,11,9,11,9,13,14,,12,,12,15,11,14,,,1,,6,,,15,9,4,8,16,17,10,19,8,6,11,8,13,5,17,11,,,9,10,12,12,,5,10
971,,,,17,17,19,23,,,,,,18,15,,,,17,,12,24,,6,,,,19,,32,13,,,,,25,36,,6,7,21,22,,,20,,,22,23,,20,22,,11,,10,2,5,,,34,,4,22,23,,,10,,34,,,9,,,12,,,,,,,20,27,26,,23,,20,,,18,24,18,,24,32,,23,,
972,6,2,7,1,2,7,4,2,6,1,4,6,1,4,2,1,1,6,5,6,4,2,1,3,7,6,1,5,6,5,7,3,1,3,3,2,5,4,1,6,5,3,4,2,2,5,6,2,5,5,4,6,5,7,2,5,9,1,4,7,5,4,3,2,4,7,5,6,6,2,6,6,6,5,5,5,6,5,2,5,6,6,7,7,3,5,6,2,6,7,4,4,3,6,5,7,6,4,7,6
973,7,7,3,7,4,7,11,1,6,5,7,3,10,7,4,1,5,6,8,5,6,12,3,8,3,8,7,9,12,8,8,6,6,7,4,12,6,3,8,5,,5,7,7,5,10,8,6,1,7,6,15,8,8,6,9,8,5,6,7,6,8,7,4,28,7,9,7,9,7,8,6,8,8,7,7,2,7,7,17,1,1,7,9,8,9,8,11,7,5,7,6,7,9,6,3,5,8,12,1
974,,8,,34,41,19,23,1,27,22,,12,,11,1,18,,16,,13,20,,6,,,,14,,22,9,14,17,19,11,5,32,8,16,4,9,17,,,32,15,,3,11,,12,14,18,2,25,18,46,15,10,10,20,,,1,16,21,25,4,,11,16,,19,,19,35,13,,,14,,,16,24,22,3,20,3,17,,2,23,33,14,31,19,16,8,1,27,1
975,,,,40,26,29,14,,,,,,,,,,,,,22,2,,32,,,,16,,,19,,,,,24,45,,7,17,25,18,,,43,,,,,,24,23,,9,,20,52,4,,,,,,15,29,,,,,1,,,12,,3,34,,,,,,,26,28,34,,29,,27,,,24,20,25,,,3,,34,,
976,16,,3,17,24,5,30,14,32,8,,3,,9,,8,,8,,11,16,,14,33,,17,15,,1,9,1,13,10,4,11,19,9,12,15,1,4,1,,5,11,8,6,15,,16,3,5,23,17,18,26,9,12,15,27,11,,4,1,28,21,12,,16,1,,23,,10,14,22,,,,5,,9,21,15,24,9,11,2,12,21,3,1,8,22,13,14,10,43,1,18
977,,2,,32,10,19,3,14,19,17,,12,,10,,14,,16,,6,20,,9,,,,16,,34,13,17,19,20,13,10,31,3,12,10,9,7,,,35,16,,18,3,,4,14,22,16,25,9,43,14,10,11,32,,,5,13,19,29,15,,23,22,,20,,23,33,12,,,13,,,2,26,23,24,1,13,16,,12,23,36,15,35,18,21,3,15,26,22
978,6,1,4,5,1,4,5,6,3,3,1,5,5,6,4,5,5,3,6,7,1,1,2,6,4,2,1,5,4,4,4,2,1,1,1,5,4,4,3,2,6,5,7,4,1,2,7,5,5,5,3,1,8,8,5,3,4,7,3,8,1,4,4,2,4,6,6,2,3,1,6,5,1,5,4,5,7,4,4,7,6,5,3,1,4,4,3,5,5,6,4,5,5,4,1,2,3,1,6,5
979,10,,6,3,24,8,10,12,,5,7,16,,11,15,13,,10,1,,2,7,,3,1,4,,8,2,12,8,,8,5,13,4,,,2,7,8,4,1,7,9,,14,8,,13,10,,24,11,11,9,22,9,1,1,3,9,3,4,20,9,1,4,,20,,3,3,,5,18,4,,23,15,4,2,2,8,1,3,17,,,2,23,34,,12,30,15,7,2,7,4
980,4,1,4,5,6,2,5,1,4,6,3,6,1,6,1,5,6,5,5,1,2,6,2,1,2,4,5,7,4,4,7,5,3,6,7,6,6,4,4,5,4,6,7,3,5,2,3,6,1,5,1,5,5,2,6,6,2,7,5,5,1,7,5,1,4,3,1,3,1,3,4,4,3,6,3,2,6,4,2,3,5,5,5,4,5,4,3,1,5,8,3,2,5,4,5,2,2,1,1,1
981,,,,18,23,28,23,,,3,,,,,,,,,,22,24,,32,,,,15,,,15,,,,10,22,46,,6,16,23,17,,,44,,,,15,,27,23,,18,,17,53,17,,,,,,12,30,,,,,38,,,10,,1,32,,,,,,,29,29,33,,25,,27,,,25,31,23,,,31,,33,,
982,4,2,6,4,6,4,2,2,4,3,5,4,7,1,5,1,1,7,6,4,2,2,3,1,4,3,4,1,5,5,7,5,3,4,6,2,4,5,7,4,6,6,7,4,6,6,7,6,2,1,5,1,4,7,1,2,7,5,4,6,5,6,4,3,4,6,7,1,5,6,5,2,5,6,7,4,3,6,2,2,8,1,8,7,6,4,3,6,6,8,2,3,2,1,3,6,2,3,6,8
983,5,4,5,6,5,4,4,4,4,3,7,7,5,5,3,1,5,7,1,5,1,2,4,1,7,7,4,5,6,2,6,3,5,5,5,7,4,3,8,7,6,4,6,4,7,4,2,2,6,5,5,4,5,5,6,6,7,2,5,8,1,2,3,3,1,6,5,2,4,2,7,5,4,5,3,4,6,6,5,5,6,4,6,2,3,3,2,4,5,8,4,3,2,9,6,8,2,7,7,5
984,,,,21,15,26,20,,,,,,,23,,,,19,,15,20,,41,,,,20,,,9,,,,,26,36,,5,13,23,21,,,21,,,21,,,1,16,,12,,16,49,5,18,,11,,,23,23,,,,,35,,,14,,,28,,,,,,,18,26,22,,22,,25,,24,16,28,20,31,,32,,24,,
985,,10,,36,41,22,4,11,27,1,,18,,14,,2,,16,1,13,15,,5,,,,19,,29,12,3,16,19,12,6,31,6,16,3,10,19,,,38,16,,15,11,7,13,12,1,6,28,15,45,16,7,7,30,,,3,1,1,1,11,1,2,3,,23,1,21,33,16,,1,17,,,3,27,20,10,7,1,18,15,18,3,35,14,27,14,15,6,14,23,18
986,,16,,32,40,19,24,12,25,1,,18,,14,7,19,,17,,15,18,,1,1,,,17,2,33,12,18,19,15,10,11,31,2,15,9,10,10,,,34,17,,2,11,,15,12,21,6,27,12,42,13,1,12,1,,,5,16,16,30,16,,21,3,,22,,18,33,16,,,15,,,1,23,22,8,18,5,14,1,24,26,1,7,33,1,22,4,15,21,18
987,8,14,12,16,9,1,2,10,,6,,,1,10,11,22,11,11,14,6,6,5,7,5,14,1,7,1,32,6,,,1,4,1,1,16,,4,13,8,4,1,1,10,3,12,12,,11,11,3,11,8,3,45,22,7,13,10,19,3,6,6,1,22,1,1,7,9,3,20,1,1,2,6,,1,19,21,18,12,10,12,9,1,3,10,,1,2,,11,12,3,6,8,1,18,1
988,,,,40,23,27,16,,,,,,,,,,,,,23,19,,38,,,,17,,,19,,,,,23,46,,11,13,24,22,,,43,,,,,2,29,21,,16,,1,13,15,,3,,,,15,29,,,6,,38,,,6,,,35,,,,,,,28,29,32,,26,,15,,,2,20,22,,,28,,30,,
989,,,,39,18,19,22,,,28,,,,,,,,,,23,23,,37,,,,15,,,17,,,,12,19,41,,10,15,23,20,,,43,,,1,,,27,24,,16,,20,45,17,,,,,5,20,30,,,,,37,,,12,,,36,,,,,,,31,26,33,,26,,30,,,19,29,25,,,1,,32,,
990,4,11,8,,25,,,2,37,12,,9,8,,10,11,6,34,,7,18,20,,15,8,8,,10,18,8,10,7,11,15,16,,14,7,,13,,3,8,7,,8,,7,,8,7,17,7,16,11,,9,12,7,,8,12,6,1,,6,8,8,,10,11,,11,1,10,1,,15,7,7,9,16,14,,11,10,11,7,3,5,,,,,5,2,15,,,17
991,7,5,1,8,6,3,4,5,7,4,6,7,2,10,5,7,5,7,4,6,7,6,4,7,4,5,5,6,2,7,9,5,5,7,3,7,5,3,4,9,4,1,5,5,6,8,8,5,7,4,4,15,7,6,10,6,11,6,4,7,7,6,3,8,4,6,3,6,6,7,6,7,5,,3,5,8,3,7,6,7,6,9,8,9,1,11,5,8,3,3,4,6,7,3,6,7,5,3,18
992,,,,7,42,,,,,,,,,,1,29,,,3,16,21,8,2,16,,,,,,,,,,,,,,,5,1,19,,,,,,,,,,,,,,,45,,,,6,,5,13,1,23,,,,2,,,,,,10,,,,,,,,,,,,,,,,5,,,39,4,,,,7,
993,4,3,5,5,4,4,2,5,8,2,4,6,6,6,3,5,5,6,6,3,4,6,2,5,1,6,1,6,5,1,4,5,6,5,6,4,2,3,6,2,4,7,4,3,6,2,5,2,5,5,6,5,5,2,4,3,8,1,5,4,6,2,4,1,3,4,3,2,6,1,6,4,6,1,3,2,3,3,7,2,5,5,3,6,6,1,4,5,7,1,5,3,3,5,5,2,4,4,3,4
994,,13,,28,26,15,23,,1,12,6,7,1,17,2,10,,10,,14,17,,7,,,,5,,31,1,19,20,10,8,7,19,8,1,15,1,14,,,31,1,,19,,,19,14,22,15,26,19,9,10,17,,12,,,10,1,16,28,16,,27,12,,9,,14,33,,,,13,,,14,22,22,15,26,12,4,9,21,7,30,13,36,14,17,10,15,28,18
995,4,6,5,3,4,2,4,1,3,4,2,1,5,5,3,7,3,3,8,2,6,4,4,6,2,2,5,3,3,5,5,4,3,6,2,5,4,6,2,7,1,2,5,2,6,6,6,6,3,4,5,7,6,2,6,8,5,2,3,8,1,4,4,5,3,5,6,6,4,5,4,5,6,6,,3,4,5,1,1,8,2,6,7,3,5,6,2,1,6,6,5,7,8,5,5,5,3,5,6
996,1,8,9,2,2,7,1,1,3,7,10,11,9,,5,8,1,1,,2,3,24,2,3,2,4,4,1,4,9,4,8,2,11,8,2,1,2,2,1,1,,2,6,3,1,2,1,8,6,3,10,6,9,12,3,9,9,7,11,1,7,3,5,2,6,7,2,12,8,1,11,7,1,2,7,,8,8,7,1,4,2,9,10,7,11,3,12,1,9,,5,15,1,5,15,10,2,
997,4,6,1,7,6,5,4,5,7,5,2,5,5,7,4,1,4,4,7,7,2,5,4,4,6,7,6,4,4,5,6,2,6,6,3,6,3,5,1,8,1,5,4,4,6,6,6,7,5,5,3,5,7,5,9,1,3,2,3,2,2,8,4,3,5,6,1,6,6,5,1,2,2,5,2,6,7,4,6,5,7,5,5,3,1,5,5,6,4,8,5,4,6,5,7,5,4,4,7,3
998,5,5,7,5,2,3,4,1,1,7,4,5,5,4,5,3,2,3,7,5,3,4,3,6,5,4,6,4,7,1,8,5,4,2,4,8,5,5,5,2,7,1,6,4,4,8,6,7,1,5,5,3,6,3,6,6,4,6,6,7,7,4,6,2,5,2,5,6,6,5,4,1,5,6,8,6,1,5,3,1,5,3,7,5,7,1,4,8,7,8,4,4,3,1,6,1,1,2,7,7
999,3,2,4,6,1,2,3,5,2,3,1,1,1,6,3,1,6,4,7,1,2,1,1,2,4,4,5,5,1,5,5,3,6,3,7,7,1,2,1,5,4,5,5,4,4,3,6,2,6,1,5,4,2,6,7,6,6,1,4,5,5,5,3,4,5,6,4,3,3,3,4,1,4,2,2,6,6,1,4,5,3,2,1,5,1,4,2,3,7,10,5,6,4,5,7,6,3,1,6,2
1000,,7,,33,44,21,25,14,25,21,,17,,15,,1,,15,,14,19,,3,,,,11,2,20,13,4,16,20,11,1,30,6,15,5,9,18,,,1,14,,1,10,6,14,13,20,4,27,18,41,16,8,10,1,,,2,13,22,27,3,,13,2,,20,,20,32,3,,,14,,,2,,21,9,4,2,19,14,24,20,36,13,30,19,13,6,15,26,21
1001,7,11,3,3,6,6,15,19,27,13,,5,,9,4,9,,5,,8,10,,10,7,,5,14,,17,12,,5,9,9,15,13,,9,19,15,8,9,,36,10,15,13,9,,16,6,14,10,21,20,12,6,2,7,18,8,,8,17,28,8,1,,8,19,,19,,11,9,17,,,6,,,8,9,3,25,13,12,16,14,19,15,12,15,17,2,12,9,45,15,9
1002,1,2,3,5,,2,1,,2,,1,1,2,1,3,1,2,3,1,,1,4,3,,3,4,2,3,1,4,8,2,,2,3,2,7,1,1,3,1,,,2,2,1,2,3,2,,,1,4,3,,,2,2,1,2,3,,1,,2,4,3,1,,,2,1,1,4,,3,3,9,2,3,8,8,1,1,1,1,1,,2,3,1,,1,4,3,,6,3,2,
1003,4,5,7,1,2,6,6,4,7,4,3,1,6,3,4,1,7,3,4,3,6,4,2,2,4,6,5,6,3,6,4,3,3,3,2,5,4,4,4,6,1,6,3,2,3,3,5,1,5,7,6,6,6,5,9,6,4,4,6,4,4,3,6,2,6,4,2,3,6,3,8,3,4,6,5,2,7,3,7,4,4,3,5,6,4,4,5,3,5,8,3,5,4,5,6,4,1,6,9,6
1004,3,4,4,3,2,2,3,5,6,4,2,2,5,1,3,4,6,3,5,5,3,3,4,4,2,5,5,2,1,2,4,5,3,1,6,1,1,2,3,3,2,3,1,3,2,7,6,4,2,5,5,5,7,7,6,6,5,3,4,2,5,5,3,6,5,5,5,1,6,5,4,6,5,5,1,5,8,5,1,5,2,2,6,5,6,5,7,4,1,1,1,5,3,7,6,1,6,7,7,5
1005,2,15,,36,36,6,27,19,22,19,23,9,,13,13,18,,17,,13,18,5,1,,,,16,,35,14,20,19,7,10,15,7,12,14,3,6,9,,,41,14,,16,20,,12,17,6,15,28,18,40,16,13,4,30,,,8,1,7,24,16,,25,22,,20,,19,32,7,,,2,,,18,25,21,12,12,1,20,14,29,17,35,14,35,23,23,1,11,27,19
1006,3,7,3,5,1,4,5,5,5,5,5,6,6,3,5,7,5,6,6,4,2,4,1,4,3,6,3,5,7,6,6,4,5,5,5,3,3,4,6,4,5,4,5,5,3,6,1,4,2,4,3,7,5,1,5,1,2,3,3,5,6,7,5,1,4,6,5,2,5,5,7,3,4,3,7,6,1,6,6,5,6,5,6,5,5,4,4,4,5,4,2,5,3,5,5,7,3,2,4,1
1007,,13,,33,14,26,11,,,,,,,7,10,2,19,,7,13,21,,2,,16,,14,,,7,23,16,18,,6,32,13,3,8,21,5,,,28,7,,22,21,,2,15,,7,23,12,48,13,14,11,5,,,10,22,,,1,,2,15,,11,1,6,32,15,2,,,,,18,16,7,,18,12,25,,31,14,25,20,33,,29,6,24,,
1008,7,11,9,5,17,2,6,5,25,6,8,4,8,9,1,5,5,9,8,5,1,,14,8,15,8,6,4,6,1,10,11,9,10,9,1,9,1,5,9,10,3,3,16,2,9,10,9,6,1,6,18,8,14,,1,8,5,9,8,8,9,16,2,1,7,10,5,11,7,9,8,12,6,3,1,6,5,7,4,18,9,7,8,1,5,6,13,10,10,9,7,4,5,8,7,1,6,3,8
1009,,,,34,26,23,21,,,,,,,,,,,,,21,24,,37,,,,7,,,19,,,,,23,45,,8,16,25,15,,,44,,,,,,27,17,,15,,19,51,15,,,,,,22,31,,,,10,40,,,11,,,36,,,,,,,30,5,33,,25,,27,,,23,30,25,,,29,,31,,
1010,,11,,34,41,20,10,13,26,22,,15,,8,,17,,15,,13,18,,6,1,,,13,,19,4,16,20,20,10,13,29,6,2,8,10,19,,,16,15,,13,13,5,13,15,20,13,3,18,46,15,19,13,30,,,10,15,22,28,2,,24,23,,1,,13,34,16,,,11,,,15,23,23,4,20,13,20,,29,20,29,14,34,17,17,8,13,27,18
1011,,5,,31,8,1,22,17,17,16,,14,,12,,19,,12,,2,16,,12,,,,22,,33,12,17,19,14,11,13,31,12,15,2,10,16,,,41,15,,18,18,,3,14,18,8,23,17,44,11,25,13,30,,,4,12,7,28,8,,22,22,,23,,18,34,10,,,13,13,,18,27,22,14,7,14,16,,10,25,34,14,37,14,23,7,15,20,15
1012,6,,5,17,11,3,32,4,33,11,,9,,7,6,8,,7,,10,3,,3,19,,11,3,,6,9,8,5,9,9,16,8,,9,11,10,10,17,,33,6,18,4,18,,17,5,13,25,4,4,8,10,9,1,23,10,14,8,17,28,21,8,4,14,6,,1,,6,9,8,,,12,11,4,8,19,14,15,15,11,14,11,1,17,13,12,17,9,14,8,15,18,14
1013,16,10,20,1,13,3,26,14,11,13,22,15,,13,,17,,10,6,13,9,,11,20,,20,14,,12,9,20,14,10,12,12,31,12,4,15,13,12,14,,41,15,14,14,2,,4,12,14,16,26,9,30,19,8,2,31,8,23,10,22,24,20,15,,24,22,,17,,13,10,14,,,11,9,,,20,15,13,21,11,18,5,28,2,22,10,36,35,19,11,16,17,13
1014,,,,15,17,18,15,,,,,,,,,,,,2,15,23,,37,,,,3,,,8,,,,11,23,42,,9,2,21,20,,,40,,,19,,,19,16,,14,,17,2,13,,,,,,22,24,,,,,35,,,13,,,23,,,,1,,,21,28,33,,21,,18,,,13,29,20,,25,19,,29,,
1015,,,,36,25,30,21,,,1,,,,,,,,,,23,23,,35,,,,5,,,18,,,,10,25,44,,2,18,23,18,,,45,,,,,2,28,25,,16,,20,1,15,,,,,,18,27,,,,,38,,,12,,,35,,,,,,,30,30,32,,21,,24,,,21,26,26,,,28,2,32,,
1016,11,,7,2,25,5,11,5,,3,9,17,,13,14,14,,12,3,,1,5,,3,17,5,,1,5,10,9,,2,1,13,4,,,3,,9,2,6,9,6,,12,7,,15,11,,23,12,2,11,20,9,2,2,2,10,3,3,19,11,,4,,22,,3,4,,3,18,1,,21,21,7,4,3,12,3,2,19,,,6,23,36,,16,30,14,7,1,6,4
1017,2,3,6,4,5,4,2,6,4,4,1,3,3,6,3,4,4,4,6,5,5,2,3,2,5,3,5,2,5,5,7,4,4,2,5,6,4,6,5,2,4,6,4,2,3,5,5,3,3,3,7,6,6,5,5,5,8,4,6,8,5,5,5,3,6,6,6,5,1,5,6,3,4,5,4,6,5,5,5,4,4,2,6,1,5,4,2,2,7,3,4,1,6,6,7,1,2,8,5,7
1018,,,,2,17,1,25,,,,,,,,,,,,,2,23,,43,,,,22,,,1,1,,22,,3,41,,8,4,21,21,,,21,,,22,,,20,23,,16,,17,1,13,,,,,2,22,2,,,,,25,,,14,,,28,,,,,,,13,23,27,,25,,26,2,,19,27,21,,,33,,25,3,
1019,,,,40,26,28,19,,31,,,,,,,,,,,19,21,,35,,,,13,,,16,,,,,25,48,,10,7,21,19,,,42,,,,,,28,23,,15,,16,52,11,1,,,,,20,31,,,,,38,,,11,,,36,,,,,,,30,27,25,,23,,23,,,23,27,24,,,29,,24,,
1020,,,,35,11,26,14,,,,,,2,,,1,,,,17,24,,42,,,,19,,1,6,,,16,,13,42,,8,2,21,20,,,25,,2,21,,,20,21,,3,,3,49,6,,,1,,1,21,24,,16,,,34,,,12,,,29,,,,,,,20,25,25,,23,,24,,,2,30,14,,,29,,21,27,
1021,,,,38,26,31,12,,,25,,1,,,,,,,,20,24,,38,,,,5,,24,12,,,,,21,44,,8,12,20,18,,,44,,,,,,26,21,,17,,19,52,18,,,,,,17,31,,,6,,36,,,11,,,36,,,,,,,31,23,32,,23,,31,,22,13,28,25,,,27,,14,,
1022,,1,1,1,1,1,10,1,1,1,1,1,3,1,,1,,,1,1,1,,12,1,1,,1,,25,1,1,1,1,1,1,49,1,1,1,25,6,1,4,1,17,1,2,1,1,1,1,1,1,3,1,1,1,1,1,1,1,1,22,1,1,1,1,1,1,2,,1,1,1,1,1,1,2,1,,1,33,1,1,,1,1,18,,1,3,1,1,20,20,1,10,1,23,1
1023,6,7,10,1,8,7,6,5,3,23,2,8,13,8,7,7,10,9,12,9,7,5,2,8,7,3,1,,1,8,10,9,9,6,5,,9,4,7,4,,7,,9,7,2,13,,7,2,7,1,12,13,10,12,4,9,7,11,17,6,10,9,8,6,9,8,1,7,2,,,7,,8,12,13,8,2,2,12,14,5,6,11,8,4,3,2,2,1,6,2,6,1,9,23,2,8
1024,1,5,1,6,2,3,3,4,1,3,5,3,6,5,6,3,6,7,4,4,4,3,2,4,5,5,3,5,7,4,1,5,4,3,4,4,1,5,6,1,2,7,1,1,2,6,2,6,4,6,2,4,7,3,7,3,3,1,3,2,4,3,3,2,6,5,2,3,7,5,1,4,5,6,3,5,7,2,3,3,6,5,7,1,5,7,5,2,3,7,2,5,3,7,4,6,5,7,2,5
1025,16,,4,12,25,10,12,19,12,15,1,6,,3,,10,,6,,12,3,,11,3,,,13,,1,12,15,9,11,6,2,15,,12,14,2,10,13,,40,11,19,12,10,1,4,1,13,23,6,7,12,6,4,2,31,17,,5,17,27,1,6,7,13,17,1,14,10,16,8,9,,,,11,,5,18,15,7,8,10,1,13,22,16,10,8,18,1,14,4,15,7,15
1026,4,6,5,7,9,4,3,2,4,2,5,3,3,5,1,7,3,4,6,5,5,4,4,1,1,5,4,4,6,9,6,5,4,5,1,4,5,2,1,4,3,4,5,3,3,1,4,3,4,3,1,6,1,3,5,4,2,2,4,2,5,3,3,6,1,4,3,3,2,5,7,1,5,1,4,4,6,4,4,1,2,6,4,3,5,3,5,5,6,9,6,3,5,2,6,6,6,3,3,4
1027,1,6,3,1,,2,1,1,1,,2,2,2,1,1,3,1,2,2,2,3,2,1,,1,4,6,3,2,1,1,4,,1,2,4,6,,1,3,1,1,,2,2,1,2,,2,,2,1,1,1,,,2,3,1,1,1,1,4,1,1,1,2,3,,,4,1,4,2,3,1,,1,1,,1,2,3,1,4,3,1,1,2,1,1,1,1,2,5,,2,5,1,
1028,5,6,6,7,3,1,3,4,5,2,6,1,3,2,5,4,2,4,4,6,2,4,2,1,2,1,3,4,5,1,5,3,4,5,1,3,4,1,1,5,5,7,3,5,6,5,1,4,3,1,2,3,8,3,2,5,2,5,1,5,6,2,5,3,1,7,5,6,3,4,3,5,7,3,3,5,6,2,1,3,4,1,4,3,3,3,3,4,7,5,3,2,2,7,4,4,1,7,2,2
1029,5,6,4,6,6,2,5,4,2,4,4,4,4,4,4,6,7,1,5,6,4,5,5,7,7,6,8,3,6,5,7,3,7,3,6,6,5,2,7,6,7,3,5,3,3,7,5,7,4,4,,2,8,1,6,5,1,7,4,7,6,5,3,6,8,5,4,7,5,7,5,5,4,5,6,2,6,3,6,3,7,4,8,7,6,5,1,5,9,1,5,5,1,8,4,6,5,4,2,6
1030,10,,2,,30,3,7,22,4,6,,17,9,4,8,10,7,5,,8,6,5,8,11,15,9,2,9,11,5,5,6,5,8,12,6,,,18,3,6,,1,19,11,10,12,11,4,,,7,9,9,3,8,4,2,7,2,8,3,8,2,9,8,3,4,28,,4,16,12,2,,17,,5,9,1,6,7,5,13,4,21,20,,5,17,3,,7,1,16,3,2,3,13,7
1031,10,11,6,12,1,10,1,9,1,1,2,9,10,1,8,11,10,12,1,8,4,13,4,13,1,1,4,10,17,10,14,9,11,9,9,15,8,10,1,1,,1,,9,3,5,11,1,1,1,1,1,1,9,1,3,1,13,7,17,17,9,9,9,6,10,8,4,1,1,15,12,1,1,2,7,1,1,1,8,1,1,1,10,7,1,13,9,1,7,11,5,6,9,4,6,7,1,3,1
1032,16,14,,34,22,20,20,,,,,,,,,,,20,,25,22,,43,,,,18,,,7,,,,,24,11,,8,13,20,22,,,18,,,22,,,16,25,,6,,17,50,3,,,13,,,23,17,31,,,,33,,,15,,4,17,,,,,,,23,27,29,,26,,20,,,15,29,19,,,31,,23,,
1033,7,11,3,11,22,1,5,6,29,13,4,7,,,9,9,,9,14,3,,,8,9,16,,11,7,2,20,,9,13,13,5,14,4,7,4,11,,13,,15,5,3,12,,12,5,,15,14,15,18,9,8,7,9,14,14,10,14,,13,14,9,12,,,2,,7,9,,15,7,8,11,15,3,13,20,9,1,12,8,13,12,18,10,,,8,1,13,11,9,7,9
1034,8,6,2,8,1,4,5,1,8,5,7,8,1,9,7,8,4,8,1,7,1,1,5,8,5,4,2,7,3,9,1,1,1,7,1,8,6,1,5,7,1,2,1,6,7,1,5,6,1,1,5,16,3,8,10,1,1,7,5,8,8,7,4,9,5,1,7,7,1,8,7,1,6,,3,6,7,3,5,1,8,7,5,1,8,2,12,1,2,4,1,5,7,8,1,3,1,1,1,1
1035,,13,,33,40,21,27,3,18,13,16,17,,9,,17,,1,,15,19,,1,24,,,21,,18,10,17,19,20,11,11,32,10,14,8,8,5,,,28,15,,15,12,,14,11,14,9,23,19,44,13,20,2,30,,,11,15,21,21,14,,19,9,,1,,16,31,17,,,12,9,,13,16,16,8,21,14,17,,27,27,30,6,30,18,18,10,15,20,12
1036,,,,41,21,27,20,,,,,,,,,,,,,23,23,,38,,,,14,,,19,,,,,25,47,,7,15,22,20,,,41,,,,,,28,19,,16,,16,52,7,,,,,,22,30,,,,,41,,,2,,,36,,,,,,,29,30,33,,26,,28,,,23,30,21,,,29,5,32,,
1037,,4,,19,22,20,27,12,17,21,,13,,11,2,17,,13,,6,21,,13,,,,15,,24,11,16,18,15,10,13,30,5,13,9,7,15,4,,40,12,,15,14,4,12,15,16,10,28,18,44,13,22,14,33,,,11,11,22,27,15,,22,23,,8,10,18,32,14,7,,9,,,11,26,22,14,18,14,19,17,23,24,36,8,34,19,20,7,14,19,13
1038,6,1,10,1,8,8,1,6,1,1,3,4,8,1,6,6,1,1,7,9,31,27,5,5,2,6,1,5,8,7,1,5,9,5,4,6,8,5,7,10,,1,8,6,8,9,5,8,2,5,9,1,6,6,7,9,8,4,,5,1,6,10,6,5,6,5,6,6,8,9,5,2,9,1,6,4,5,7,2,6,5,9,3,9,6,7,8,10,3,10,1,6,1,5,7,7,5,1,5
1039,4,5,4,6,6,5,5,4,3,4,4,7,6,6,6,5,6,6,5,5,5,5,4,7,4,2,6,2,6,6,5,4,6,5,3,3,4,6,6,7,5,6,3,3,6,6,6,4,6,5,4,8,3,2,5,8,9,6,3,8,2,5,3,1,4,3,7,7,6,5,5,6,5,3,5,7,3,4,4,5,5,4,7,8,6,4,5,6,6,6,4,4,4,8,7,8,8,7,7,6
1040,3,5,3,7,6,6,1,6,1,1,5,5,7,7,5,2,5,6,5,5,2,3,5,2,7,6,5,3,1,2,6,1,4,7,5,7,5,4,7,5,4,3,6,7,6,5,5,5,2,4,7,5,7,6,2,8,7,6,4,7,4,2,4,3,5,4,4,1,6,5,4,4,6,4,5,6,6,3,5,5,4,4,6,5,7,5,7,5,1,9,3,5,6,7,5,6,6,4,1,3
1041,,11,,21,12,18,7,12,20,17,,10,,14,14,11,,17,,14,21,,11,,,,21,,33,11,18,18,17,10,13,29,7,14,9,11,9,,,39,19,,17,1,,11,13,19,15,25,16,44,12,24,15,31,,,7,9,10,26,14,,26,20,,20,,18,34,2,,,16,,,17,24,21,13,10,8,15,,25,21,35,13,36,23,22,7,13,24,14
1042,,11,,34,40,21,23,11,27,19,,12,,9,,15,,14,,3,13,,8,,,,16,,26,13,16,19,15,9,3,21,10,13,9,10,10,,,18,10,,12,12,,13,10,20,3,21,21,42,3,26,5,31,,,8,18,12,29,15,,22,13,1,22,,23,31,1,,,18,,,2,21,19,11,18,1,17,,25,24,30,3,1,1,16,8,11,2,20
1043,7,,3,,27,3,6,24,2,10,,15,,1,9,11,8,3,,6,6,5,5,10,15,10,6,6,10,7,8,6,1,6,13,7,,,22,1,4,,5,18,12,11,12,10,6,,,7,15,12,3,47,6,6,5,,1,5,6,3,8,11,11,4,24,,3,12,12,,8,16,,5,3,1,5,6,5,14,6,20,18,1,1,19,6,,6,6,16,9,3,5,6,1
1044,,,,40,26,28,17,22,,27,,,,,,,,,,22,24,,33,,,,16,,,19,,,,,24,45,,6,9,24,16,,,45,,,,,,21,16,,16,,20,51,13,2,,,,,20,31,,,,,38,,,11,,,33,,,,,,,31,28,34,,29,,26,,1,23,29,23,,,27,,25,,
1045,6,9,3,,30,1,2,24,3,10,,4,,4,1,14,3,18,,7,6,11,7,8,13,9,6,7,11,8,8,9,5,7,11,,,,7,3,2,,3,16,9,10,12,9,7,,,6,14,10,1,7,11,8,1,,11,1,9,2,6,13,11,4,25,,2,,9,,9,13,,7,6,5,7,11,6,11,5,21,19,,3,17,6,,4,9,13,9,1,,4,1
1046,,,2,4,2,3,25,1,1,1,3,10,12,2,,,2,,,17,1,1,1,,3,1,,1,1,1,2,2,,1,8,2,1,1,3,,2,2,,5,2,1,1,1,,2,3,1,2,2,10,12,2,2,3,2,,2,1,1,1,,1,3,,1,1,1,1,15,2,2,1,,12,1,1,2,,1,1,3,2,15,1,1,,2,1,2,2,2,13,1,1,1
1047,4,1,4,3,2,1,4,1,5,3,1,2,3,4,1,6,4,4,2,4,4,5,5,8,4,1,6,6,4,7,3,5,2,5,1,5,3,3,5,4,3,6,3,3,2,5,1,3,4,3,4,6,8,1,1,6,6,5,4,7,3,5,3,2,6,5,1,8,1,4,1,2,3,6,2,2,7,2,4,6,1,1,8,8,6,3,2,6,6,8,3,4,5,8,4,5,2,5,5,7
1048,2,5,3,4,2,3,6,5,2,3,2,6,4,7,1,8,2,1,7,4,1,7,4,5,8,6,5,4,8,1,6,4,5,5,6,7,4,2,6,5,5,4,4,4,3,6,7,5,4,3,6,5,9,7,3,3,7,6,4,5,3,2,2,3,4,11,5,1,3,1,4,4,5,3,7,4,5,5,7,4,4,4,1,1,1,4,6,5,7,1,2,4,3,4,4,6,3,1,6,2
1049,3,4,4,5,5,4,5,5,5,5,3,1,5,7,5,8,1,6,5,7,3,7,4,7,1,1,5,2,1,5,4,5,4,8,4,7,1,4,6,3,3,4,4,3,3,1,6,4,3,3,5,5,6,5,1,1,7,4,4,7,5,3,5,7,,4,3,1,4,6,3,3,5,4,7,1,7,3,6,4,1,2,5,6,1,4,5,2,6,8,4,5,4,6,1,4,6,4,8,3
1050,5,6,9,5,8,7,1,10,6,8,1,7,7,2,8,12,6,2,8,8,3,3,14,3,6,4,8,7,7,7,,8,8,,12,5,3,6,3,,,4,5,8,7,2,13,6,9,3,2,3,1,8,10,2,11,9,5,5,6,3,3,6,4,6,6,3,1,3,16,5,9,1,7,3,,3,,15,9,7,6,2,,7,5,7,2,3,3,4,4,9,5,10,1,3,3,11
1051,,10,,22,40,21,24,13,26,20,,15,2,7,,14,,11,,2,8,,6,,,,12,,30,12,17,11,14,8,2,30,7,10,9,1,17,,,34,13,,10,13,,11,9,19,2,20,13,43,12,23,16,27,,,10,17,2,13,9,,21,12,,19,,11,32,15,,,14,,,11,24,16,12,18,14,16,,28,24,8,1,35,12,11,9,10,22,12
1052,,7,,30,39,19,27,17,18,13,,15,,3,,12,,12,,15,12,,12,,,,7,,25,12,15,18,14,7,12,19,10,12,10,10,12,,,39,15,,11,13,,13,12,1,14,22,7,43,8,2,14,15,,,12,17,13,27,10,,23,19,,20,9,14,34,13,5,,,,,8,15,22,8,16,8,17,,26,20,32,5,28,10,15,9,12,23,7
1053,,10,9,12,43,10,7,9,10,7,9,15,,12,4,16,,3,5,6,7,5,2,5,8,6,9,6,8,7,21,3,6,9,11,3,7,6,11,11,1,1,,5,8,,11,1,,6,12,9,20,2,15,10,1,4,7,1,1,10,5,15,3,2,4,,22,18,,3,8,8,4,16,,,1,3,,4,2,11,5,7,4,18,9,8,16,33,8,1,1,18,10,14,7,3
1054,4,3,6,6,5,1,5,6,7,4,3,6,2,5,5,6,6,1,6,6,3,6,5,4,4,9,1,3,5,4,4,4,6,4,4,2,3,6,6,6,1,5,7,3,4,2,5,2,4,9,2,4,7,3,3,5,4,6,5,8,6,4,5,3,5,1,5,1,1,1,1,5,2,2,6,4,8,6,4,5,5,5,6,6,6,1,3,2,3,11,6,1,1,6,4,5,6,5,8,6
1055,5,7,7,1,7,6,7,10,5,9,5,6,4,2,1,11,8,3,8,3,3,4,3,9,7,3,9,6,11,9,4,2,9,2,7,2,4,7,1,,,5,4,7,2,2,11,6,7,3,4,12,2,5,10,3,11,9,4,2,1,5,4,4,4,5,5,3,2,1,17,6,10,,1,4,,4,,7,7,4,7,7,,7,5,9,3,2,4,6,3,6,8,1,9,4,2,15
1056,6,3,5,3,6,4,3,1,7,4,3,8,6,6,6,5,1,5,5,6,5,3,6,5,6,5,4,3,3,2,6,6,7,1,2,5,2,6,6,5,3,5,6,4,1,4,2,5,5,3,4,7,7,1,6,4,7,7,5,5,5,6,5,3,4,9,6,6,3,4,5,3,4,5,6,6,2,4,2,5,7,6,4,8,6,5,2,1,6,9,4,5,4,7,3,5,6,7,7,6
1057,16,3,2,5,45,2,25,1,,1,,2,,9,,19,,1,6,,1,1,2,,8,5,1,8,11,2,8,16,16,2,2,3,15,7,10,5,11,4,6,7,1,,12,10,,6,19,1,4,21,1,11,17,1,33,15,3,2,5,14,8,11,1,,1,1,,1,,,6,16,1,1,6,3,4,13,4,13,1,9,13,19,,10,11,30,1,1,28,17,10,6,,1
1058,5,,1,9,6,7,5,7,10,2,6,1,6,,4,6,7,9,5,7,5,6,5,5,3,9,7,4,10,8,7,8,7,7,8,6,7,6,7,7,7,4,,10,7,8,10,7,1,1,8,8,15,9,7,6,11,,8,9,4,7,8,4,7,2,7,7,3,8,5,6,1,7,2,10,9,2,7,6,11,5,8,6,7,5,4,9,6,11,26,6,6,12,6,1,5,7,10,19
1059,3,4,4,6,6,5,1,5,8,3,3,3,4,5,2,2,7,1,6,6,5,5,2,5,1,5,3,2,7,7,3,3,5,4,5,5,2,3,7,6,4,5,5,4,2,5,5,3,6,1,5,1,7,1,1,3,9,4,3,1,6,4,4,5,2,6,3,5,4,6,4,1,1,4,4,2,7,4,6,6,3,5,3,6,3,3,4,5,6,7,5,4,2,6,1,3,5,6,9,4
1060,,,,41,27,28,15,,,18,,,,19,,,,,,15,24,,33,,,,17,,2,2,,,,,24,41,,9,13,24,12,,,42,,,,,,22,19,,16,,19,51,15,2,,,,,18,31,,,7,,33,,,11,,,35,,,,,,,30,4,29,,18,,25,,,24,29,23,,,28,,30,,
1061,8,5,5,12,23,1,4,14,34,9,5,11,,1,9,13,,14,14,9,27,,6,17,10,,12,,1,18,,14,8,,8,,14,11,11,16,,11,,16,5,13,11,,11,10,,15,13,1,18,6,5,12,11,11,13,2,14,,15,9,9,12,,,12,,12,,,17,11,13,12,1,11,10,16,10,8,14,11,16,13,17,7,2,1,3,7,13,1,,13,18
1062,,2,6,15,7,9,8,14,28,19,8,13,,7,,13,,15,,5,7,,5,30,,,9,,6,6,7,16,13,8,10,7,,10,9,11,17,11,,4,9,,17,11,,10,10,9,12,8,16,42,10,6,10,10,,11,10,12,4,12,2,,21,19,,3,9,7,14,11,9,,10,1,,19,23,12,8,12,6,11,8,22,11,31,1,22,10,11,7,14,8,4
1063,2,6,1,4,2,1,1,7,5,1,3,6,6,4,5,8,4,7,5,6,2,5,4,4,6,6,1,4,7,5,7,5,3,5,3,4,4,6,7,7,4,1,3,2,6,4,6,5,3,3,4,6,3,3,7,7,7,5,2,8,5,3,4,2,3,7,4,4,5,4,7,7,3,3,4,3,4,4,3,2,1,5,3,6,5,6,3,2,8,2,5,4,5,6,6,5,4,2,8,6
1064,15,,8,23,17,,7,21,10,7,7,4,11,6,,10,14,8,,8,15,13,12,10,8,,7,,36,13,17,12,9,7,9,19,10,15,10,7,13,17,,28,2,17,11,9,2,13,5,18,14,21,20,8,8,8,15,31,8,11,9,19,26,24,8,,19,14,,24,,9,11,18,,,7,7,,13,13,14,23,15,11,10,9,18,,5,4,18,9,10,5,20,16,17
1065,1,1,1,1,43,1,1,1,1,20,1,1,,1,1,1,,1,,18,1,,1,1,,,19,1,1,1,1,1,1,9,15,1,11,14,1,11,1,,1,40,19,1,1,1,1,1,1,10,1,20,1,44,13,1,12,33,1,,12,1,8,1,14,,1,21,1,1,1,1,1,13,1,,1,1,,1,2,23,15,1,1,20,15,1,,1,16,1,22,2,1,1,1,21
1066,,,,42,12,21,21,,,,,,,,,,,,6,3,24,,39,,,,20,,,12,,,18,,27,34,,14,3,23,16,,,25,,,17,,,20,23,,15,,2,51,1,,1,15,,1,22,22,,,,,31,,,15,,,29,,,,,,,20,27,26,,21,,26,,,17,29,15,,,31,,14,,
1067,,,,41,26,13,27,24,,,,,,18,,,,,,22,22,,36,,,,17,,,14,,,,,21,48,,8,16,24,18,,,43,,,,,,28,24,,15,,11,12,4,,,,,,20,31,,,,,40,,,10,,,31,,,,,,,30,31,32,,27,,28,,,21,24,24,,,28,,32,,
1068,4,3,1,6,1,4,4,2,5,4,2,5,7,6,6,10,3,5,1,6,3,6,1,5,6,1,4,5,5,6,7,9,3,6,8,3,4,6,7,4,6,5,5,5,4,6,6,8,6,2,1,5,9,2,6,3,3,5,6,6,2,7,2,3,3,6,5,7,4,4,1,3,5,2,3,4,8,1,3,5,4,2,6,4,6,6,6,2,3,1,6,7,5,7,3,4,1,10,3,5
1069,4,1,6,1,6,5,5,4,7,2,4,7,2,7,6,7,3,7,6,6,5,4,3,3,8,5,3,2,7,5,6,4,4,5,6,7,4,5,7,6,5,5,7,1,5,6,5,1,4,4,5,2,2,6,5,7,9,6,4,1,6,3,5,5,4,6,4,3,5,6,5,6,3,3,3,4,7,5,1,2,6,6,6,6,5,3,6,4,7,1,5,5,4,6,5,3,5,5,5,6
1070,,12,,31,7,26,21,9,13,17,17,14,,15,,15,,15,,16,20,,10,,,,20,,31,9,19,19,16,9,10,31,11,14,13,12,14,,,27,6,,15,17,,8,14,16,7,17,19,47,12,25,14,31,1,,3,16,20,28,14,,5,21,,17,,19,30,14,,,15,,22,15,23,18,12,17,12,2,,29,27,24,7,,23,17,9,13,20,17
1071,1,2,1,1,1,1,1,1,13,8,1,9,,2,1,8,16,11,9,10,2,2,14,26,1,2,1,2,9,2,11,1,1,,2,,1,17,2,3,15,17,4,1,8,1,6,2,7,1,1,21,9,2,8,1,,1,,11,2,10,2,21,3,,,3,1,1,,1,1,2,2,1,1,1,1,9,2,15,,11,,,,1,2,20,2,1,,12,1,1,2,2,1,1
1072,,3,,14,9,21,8,13,20,13,,2,,14,18,17,,2,,13,22,3,10,,,,23,,35,10,19,18,18,12,14,28,11,15,12,11,15,,,36,13,,19,4,,4,14,5,15,24,18,12,13,20,12,16,,,6,10,9,25,12,,25,24,,21,,17,2,3,,,17,,,17,26,22,11,11,14,15,16,22,24,35,11,34,17,18,6,14,24,17
1073,7,9,10,2,8,2,7,6,5,5,3,4,14,,8,6,4,10,9,1,5,4,3,15,7,6,7,5,8,2,9,10,10,13,4,16,8,6,14,10,,2,7,13,1,1,5,10,10,7,9,6,1,13,17,11,7,10,8,13,14,13,16,8,5,15,8,13,12,8,5,7,5,6,,9,5,5,7,2,1,11,3,6,1,12,9,12,9,1,6,8,,4,11,15,8,6,2,7
1074,4,7,5,6,2,4,5,7,2,4,5,5,3,7,6,3,5,2,6,6,4,5,2,3,7,3,3,3,6,5,7,7,5,5,5,3,5,3,5,7,7,4,5,2,3,4,4,5,5,2,5,1,4,6,3,4,6,7,5,4,6,5,5,3,2,1,5,5,5,6,2,6,4,1,7,4,7,4,7,7,6,6,6,7,5,6,1,4,7,6,4,2,1,7,4,6,4,7,8,3
1075,1,1,2,7,5,3,5,3,6,3,2,2,5,5,3,7,8,5,3,6,4,7,3,3,6,6,3,6,7,7,1,2,6,4,4,3,5,4,3,5,3,5,3,5,2,6,4,4,3,7,6,2,7,5,7,2,9,5,5,4,5,3,1,1,5,7,5,4,3,5,4,4,5,5,5,1,6,4,6,5,3,5,5,8,4,2,2,2,1,5,4,4,5,5,6,7,7,1,7,5
1076,5,1,6,5,2,4,4,3,5,2,4,4,2,6,1,6,6,6,5,6,5,5,2,6,3,5,4,6,2,3,4,4,6,6,6,5,4,6,6,1,2,3,4,2,4,7,3,5,7,5,6,3,7,5,5,7,5,6,2,6,3,5,2,2,3,7,3,4,5,5,5,4,3,4,1,4,5,5,4,3,2,4,4,2,5,3,5,4,7,3,4,1,4,2,5,6,1,6,5,4
1077,7,7,1,8,4,4,12,7,8,3,7,8,8,,4,6,6,8,6,8,7,9,11,4,2,8,29,8,12,8,9,7,7,7,9,10,12,1,8,9,2,8,6,11,6,9,9,5,5,7,7,10,9,7,,7,10,6,6,9,7,10,7,5,3,7,8,15,9,8,6,6,8,4,1,6,5,5,6,,10,7,10,9,8,8,14,7,3,10,8,5,4,6,9,4,6,,,20
1078,4,4,6,2,7,5,2,5,6,2,5,6,2,3,1,4,5,5,3,5,3,3,2,6,6,5,1,5,5,8,7,4,2,5,5,6,3,5,6,6,5,7,3,6,3,4,7,3,7,5,5,3,5,5,8,5,7,5,2,5,5,4,4,2,6,5,2,7,2,4,1,4,4,4,3,5,6,4,2,6,6,5,3,7,6,5,4,3,6,9,3,6,4,6,5,5,3,5,7,6
1079,5,2,4,2,6,4,3,2,3,2,4,6,2,1,5,2,2,3,3,3,1,3,4,3,3,5,4,4,3,4,8,3,5,5,2,1,1,7,4,2,1,1,4,1,3,5,7,2,7,7,1,5,8,1,5,4,6,1,3,6,3,3,2,1,1,4,3,4,6,6,6,2,3,4,6,5,7,2,8,5,5,5,2,6,1,2,2,2,2,8,5,4,6,7,2,3,5,3,8,1
1080,14,,9,11,20,10,14,19,30,9,,9,,7,,8,,7,,14,1,,9,17,,19,14,,20,11,20,17,7,7,13,8,,12,18,14,12,6,,38,11,15,11,15,,11,7,9,16,5,15,12,2,3,8,25,13,,8,18,24,23,15,,18,17,,21,,12,8,4,,,,10,,7,21,16,26,20,7,8,14,26,15,15,19,20,9,6,2,44,11,16
1081,8,14,,33,24,25,25,,,,,,,,,4,,,,16,21,,40,,,,19,,,8,,,,,26,39,,4,8,23,21,,,27,,1,23,,,15,18,,11,26,9,49,3,,,12,,,22,17,,15,,,31,,,16,,,25,,,,,,,23,23,23,,23,,21,,,13,31,16,,,31,,25,,
1082,,,,41,27,13,18,31,,,,,,20,,,,,,21,23,,38,,,,2,,,16,,,,,16,45,,9,14,22,21,,,44,,,,,,27,23,,18,,18,53,12,,,,,,18,27,,,,,35,,,10,,,35,,,,,,,29,26,32,,23,,27,,,24,30,22,,,2,,32,,
1083,6,2,1,6,5,1,3,4,1,1,1,6,6,8,4,7,3,7,2,4,3,4,4,4,5,5,3,4,6,1,1,4,4,1,1,5,1,5,7,3,2,4,2,5,3,7,7,4,7,2,1,7,4,6,6,6,4,1,2,3,3,5,2,4,4,4,6,4,6,6,6,6,3,5,4,5,3,1,3,2,4,5,8,8,5,6,6,2,5,9,6,4,4,4,7,7,4,1,6,1
1084,4,7,3,6,6,1,5,6,7,5,2,2,6,8,4,8,6,3,2,3,5,6,5,6,7,3,7,3,1,7,7,5,1,3,1,5,5,3,7,1,5,4,6,3,5,2,4,6,7,6,4,2,6,5,6,3,6,1,6,8,4,6,3,1,4,1,3,6,1,5,4,6,5,5,7,1,4,4,5,4,7,5,5,7,1,5,2,2,5,7,4,4,6,1,6,3,5,4,8,5
1085,,7,9,,,11,8,8,8,11,10,,,,10,10,,,13,,,,,8,14,10,,,16,7,,11,3,,5,,,10,16,14,,13,,14,6,9,19,,11,,,,10,15,20,11,12,12,,13,,12,10,,18,23,,15,,8,11,,2,,11,16,16,11,,,12,12,19,11,9,14,,14,,10,8,,,11,10,10,5,,7,18
1086,0,0,0,0,0,0,0,0,0,0,0,0,0,0,0,0,0,0,0,0,0,0,0,0,0,0,0,0,0,0,0,0,0,0,0,0,0,0,0,0,0,0,0,0,0,0,0,0,0,0,0,0,0,0,0,0,0,0,0,0,0,0,0,0,0,0,0,0,0,0,0,0,0,0,0,0,0,0,0,0,0,0,0,0,0,0,0,0,0,0,0,0,0,0,0,0,0,0,0,0
1087,8,8,8,14,3,8,6,3,8,8,9,10,9,,6,9,5,2,,4,2,25,3,2,5,4,3,5,1,8,3,1,10,4,9,3,8,6,1,2,,,8,1,6,8,1,3,7,5,6,9,5,10,,2,8,10,4,6,1,1,4,5,3,3,7,1,11,9,8,10,7,,1,7,7,9,7,15,2,3,7,8,9,8,10,2,10,11,9,,4,13,1,1,8,9,3,
1088,10,7,7,11,12,8,10,9,31,8,6,12,9,9,7,13,6,18,10,7,1,15,6,13,12,7,3,,11,8,2,9,1,2,9,,8,7,10,10,5,9,,15,2,12,1,2,3,2,,11,4,10,17,10,7,12,10,6,1,1,9,10,3,1,9,5,11,23,10,2,10,5,4,10,5,9,5,16,4,13,6,1,7,5,15,9,12,10,6,5,,12,9,9,6,1,5,10
1089,3,16,,33,43,18,27,17,22,20,24,8,,14,,20,,18,,16,21,1,10,,,,19,,35,13,19,19,9,12,26,2,15,15,6,10,7,,,41,15,,18,17,,3,18,6,16,1,18,39,15,15,3,31,,,7,13,6,27,16,17,24,24,,21,,18,33,7,,,1,,,20,24,20,11,17,4,23,12,28,21,32,14,32,21,22,5,13,28,18
1090,,11,,24,40,18,3,10,25,19,,16,,13,,20,,16,,12,16,,13,,,,18,,34,13,19,3,17,11,7,31,11,12,3,10,20,,,40,15,1,15,11,8,13,12,22,1,29,18,46,14,8,6,30,,,7,13,19,2,13,,1,3,,15,,19,32,15,,,16,,,17,25,21,11,12,1,5,,17,3,34,8,24,20,15,6,13,26,17
1091,4,5,2,5,2,1,4,6,4,4,1,1,5,1,2,1,1,1,4,5,1,2,4,,2,2,4,1,5,2,6,4,2,2,6,2,4,3,8,1,4,1,6,4,7,7,2,4,8,6,9,3,1,5,7,2,1,2,1,8,1,3,4,6,5,4,6,1,2,5,6,6,1,4,1,3,7,6,4,4,6,6,5,6,3,1,1,8,4,5,3,4,6,2,6,7,4,1,6,2
1092,2,5,1,3,3,5,4,6,3,5,5,1,4,6,5,6,3,3,5,5,5,4,4,4,6,4,5,4,6,4,1,6,4,5,6,3,3,6,4,7,5,1,2,4,6,5,6,2,1,7,5,4,5,7,3,7,6,5,5,5,4,6,3,5,2,6,5,2,5,2,4,3,5,3,2,1,2,4,3,6,4,1,6,8,4,3,4,2,4,9,4,1,4,6,6,5,3,4,1,5
1093,,7,,32,9,15,8,8,8,22,6,9,,10,,17,5,14,,8,15,,7,18,8,,7,,25,13,14,8,11,9,26,27,7,11,11,9,15,,,5,12,,13,7,6,6,5,19,9,24,19,15,12,27,2,32,6,,7,1,14,28,16,,19,7,,22,,18,19,6,,1,16,9,,15,24,18,9,13,8,1,10,1,7,1,7,18,22,15,1,13,13,5
1094,16,,1,17,16,9,11,22,11,1,7,7,,3,,3,19,6,,9,16,16,11,10,14,19,9,,18,14,19,10,11,8,10,18,14,14,12,6,10,18,,31,5,8,9,11,6,14,6,15,13,20,20,14,1,12,14,31,11,11,1,6,29,21,3,3,19,14,,13,,7,7,18,,,1,6,,10,16,13,14,16,12,6,8,19,10,18,5,19,1,9,5,19,17,16
1095,12,,8,14,25,3,29,19,3,11,9,13,4,11,,12,,7,,10,17,,14,20,15,22,14,,21,10,1,19,1,3,17,7,13,8,8,7,1,1,,39,7,16,7,12,,15,3,14,19,12,4,5,16,4,9,26,10,11,8,17,27,24,13,,10,17,1,5,,1,6,19,,,12,11,,9,17,18,24,1,12,7,9,21,14,5,14,18,9,7,10,21,18,16
1096,1,1,1,1,1,1,1,1,1,1,1,1,1,1,1,1,1,1,1,1,1,1,1,1,1,1,1,1,1,1,1,1,1,1,1,1,1,1,1,1,1,1,1,1,1,1,1,1,1,1,1,1,1,1,1,1,1,1,1,1,1,1,1,1,1,1,1,1,1,1,1,1,1,1,1,1,1,1,1,1,1,1,1,1,1,1,1,1,1,1,1,1,1,1,1,1,1,1,1,1
1097,,,,8,45,,,,,,,,,,,29,,,6,13,,10,5,,,,,,,,,,,,,,,,2,,13,,,,,,,,6,,,,,,,49,,,,11,,4,12,,23,,,,4,,,,,,8,,,,,,,,,,,,,,,,4,,,39,11,,,,11,
1098,9,10,5,11,21,9,6,17,37,10,11,11,,,7,12,,18,10,13,22,14,14,13,13,11,4,,16,15,14,9,2,11,7,,16,6,10,10,,6,,8,5,11,11,15,4,7,,13,9,13,18,3,11,13,11,15,9,9,10,,7,11,8,4,,,11,11,8,,11,16,4,12,4,17,6,8,16,11,6,11,11,8,13,8,10,,,12,9,8,12,7,6,14
1099,,,,35,18,3,24,,31,,,,,22,,3,,,,8,20,,41,,,,19,,,6,,20,,,26,36,,1,11,22,20,,,28,,,20,,,18,24,,13,,14,49,13,,,,,,22,25,,,,,32,,,11,,,25,,,,,,,23,3,28,,22,,25,,,10,26,20,,,30,,14,,
1100,,,,40,28,26,17,,,,,,,,,,,,,21,20,,38,,,,12,,,17,,2,,,22,43,,10,13,22,19,,,44,,,,,,27,22,,17,,20,52,15,,,,,,19,31,,,,,39,,,2,,1,35,,,,,,,29,30,27,,26,,28,,,24,25,24,,,30,1,34,,
1101,3,7,3,5,8,4,4,4,4,3,3,5,2,4,3,6,3,6,5,6,4,4,1,5,7,7,6,5,1,5,7,5,1,5,5,3,1,5,2,7,5,3,6,4,2,1,1,5,6,3,7,2,6,6,3,6,1,8,2,5,6,6,2,4,4,5,4,6,6,3,5,6,5,1,6,4,6,3,4,4,6,5,7,5,6,4,5,6,7,8,1,4,2,8,4,6,8,8,7,6
1102,,,,19,13,25,21,,,,,,,,,,,,,9,17,,43,,,,18,,,3,,1,,,25,41,,8,1,3,22,,,24,,,24,,,13,21,,15,,10,46,4,17,,,,,22,24,,,,,33,,,15,,,28,,,,,,,22,27,26,,23,,25,,,8,28,21,,,32,,9,,
1103,12,14,,17,28,20,13,1,,22,,,4,16,,18,,18,,12,22,,8,,15,,17,,31,11,19,,20,,22,2,15,8,7,13,21,,,32,,,24,28,,20,19,23,9,28,10,45,1,16,3,28,,,11,22,32,,9,,25,1,,15,1,6,37,1,,,,11,,14,22,25,,21,,24,,40,4,4,8,20,14,19,,23,28,
1104,,,,39,27,25,10,,32,,,,,,,,,21,,20,23,,37,,,,11,,,18,,20,,,24,46,,7,17,20,20,,,39,,,,,,25,25,,14,,9,48,14,,,,,,18,33,,,,,34,,,12,,,35,,,,,,,29,27,26,,27,,25,,,23,30,23,,,31,,25,,
1105,2,3,1,4,,1,,,1,,2,2,2,1,4,3,2,2,2,,1,3,4,,2,4,3,1,2,4,8,2,,3,1,1,6,2,1,3,2,,,2,1,2,2,1,2,,,1,3,1,2,,2,2,3,2,2,,2,,1,3,2,1,,,1,1,1,4,,2,2,8,2,2,8,8,1,2,2,2,1,,3,4,3,,2,4,2,,6,1,1,1
1106,15,8,,30,37,15,13,17,14,14,,12,,13,18,13,,17,,3,2,,11,,,,8,,33,13,19,19,1,10,13,20,,13,12,7,15,20,,36,15,,15,16,,7,17,21,16,27,18,10,10,24,13,34,,,4,15,16,27,9,16,22,22,,16,,6,32,13,,,17,,,15,25,17,15,20,13,11,,26,25,15,13,30,1,16,1,14,28,17
1107,3,6,5,7,6,5,4,5,1,2,4,2,4,6,5,4,6,5,4,2,4,7,1,4,6,2,4,4,5,3,3,1,5,7,1,3,3,5,4,7,5,4,6,6,5,6,5,6,6,1,3,5,1,3,1,5,5,2,5,3,4,1,6,4,3,1,5,6,4,5,4,1,2,4,4,5,4,2,4,5,1,5,5,6,4,2,3,6,6,6,4,4,6,8,6,6,1,2,8,7
1108,,,,17,16,24,14,,,,,,,,,,,,,13,24,,40,,,,20,,,8,26,,21,,10,26,,8,15,4,23,1,,24,,,24,,,19,19,,14,,7,47,14,,36,,,1,23,25,,,,,34,,,14,1,,24,,,,,,,22,2,27,,23,,25,,,16,30,20,,12,30,,11,,
1109,,6,,30,13,15,25,17,16,17,21,11,,12,,19,,17,,16,20,,10,,,,22,,31,14,19,19,20,11,13,26,10,16,10,7,4,,,39,14,,15,16,,3,19,17,15,23,19,44,1,23,8,29,,,12,13,19,23,12,,24,22,,22,,18,11,13,,,9,,,20,1,23,11,14,16,18,,24,22,31,10,32,23,23,7,14,24,16
1110,5,4,5,1,6,4,3,5,1,4,4,3,4,6,3,3,1,4,4,6,4,1,2,6,6,3,5,5,7,6,6,2,5,5,3,8,4,4,3,6,3,5,5,5,1,1,6,7,4,4,4,1,9,5,4,6,8,5,6,5,1,6,5,7,5,5,1,3,4,6,4,6,1,4,6,6,3,2,3,2,3,2,5,7,1,2,4,4,7,9,2,5,5,7,2,3,6,6,8,8
1111,1,,2,,30,2,8,25,2,12,,16,10,3,10,10,5,3,,7,5,4,6,10,14,11,7,9,12,3,8,2,6,6,13,7,,,20,2,5,,3,18,9,11,13,11,1,,,8,15,12,12,8,6,9,2,,9,2,7,4,5,12,11,1,27,,5,13,11,,,16,,5,1,2,6,10,5,14,6,20,1,,3,16,1,,2,2,15,8,4,,5,6
1112,1,3,5,3,3,1,2,1,4,2,3,1,6,4,2,6,2,7,3,3,5,5,3,1,5,2,1,3,4,5,7,3,3,6,2,3,2,6,7,5,6,4,3,2,6,2,4,5,3,3,6,3,1,4,3,3,5,2,3,6,5,4,2,3,4,5,5,1,4,4,4,1,6,2,4,5,7,4,3,4,3,5,4,7,4,4,4,4,4,7,2,4,4,6,5,4,1,3,8,5
1113,11,,3,12,24,9,27,21,32,10,,8,,15,,1,,8,,11,2,,12,20,2,22,12,,18,9,17,2,8,10,17,10,,13,12,5,7,16,,36,4,18,1,18,,13,8,14,23,13,16,23,10,13,14,28,9,,3,19,25,22,12,,18,25,,22,,15,6,20,,,,12,,9,20,17,28,20,7,11,13,21,6,14,15,23,10,15,2,23,16,12
1114,2,1,13,10,13,1,16,20,25,11,,14,,6,3,10,,2,,6,6,8,12,2,,9,10,,18,13,,4,4,9,19,21,,10,11,13,12,10,,8,10,14,3,16,,17,8,14,21,17,18,25,8,14,17,12,11,11,10,18,25,19,15,,14,26,,24,,13,10,1,,,,9,,9,2,18,29,1,11,15,12,19,15,17,19,22,10,14,10,16,1,14
1115,,,,41,24,29,24,2,,,,,,,,,,,,22,23,,22,,,,16,,,18,,,,,3,47,,7,9,25,20,,,28,,,,,,27,23,,18,,19,53,16,,,,,,1,32,,,,,38,,,14,,,37,,,,,,,29,27,33,,26,,28,,,22,30,24,,,28,,30,,
1116,4,6,5,4,3,5,5,6,1,6,2,5,4,6,5,1,1,4,7,5,2,2,2,6,1,5,4,4,3,3,4,5,4,4,4,3,5,5,6,7,4,6,4,1,3,6,5,7,6,1,1,6,6,7,1,3,8,2,6,4,6,6,4,4,5,2,4,1,6,5,4,7,2,3,5,5,5,5,4,1,1,3,7,8,5,4,2,3,7,7,5,3,4,7,5,7,4,2,10,2
1117,1,2,1,6,4,5,5,4,4,4,5,5,4,6,4,5,4,4,5,6,2,5,5,3,1,3,4,4,6,4,7,5,4,3,4,7,2,6,6,6,6,4,1,4,2,5,6,5,4,6,4,5,4,3,3,3,7,5,1,5,2,7,12,2,3,6,5,5,1,2,7,6,1,5,5,6,6,3,5,6,3,1,4,2,3,4,5,3,5,9,6,3,4,4,2,6,4,6,5,3
1118,,,,5,41,,,10,,,,,,,2,29,,,11,14,,3,4,,,,7,,,,,,,,,,,,7,,19,,,,,,,,,,,,,,,3,,,,5,,6,13,,24,,,,9,,,,,,3,,,,,,,,,,,,,,,,9,,,38,5,,,,11,
1119,1,1,1,1,1,1,1,1,1,1,1,1,1,1,1,1,1,1,1,1,1,1,1,1,1,1,1,1,1,1,1,1,1,1,1,1,1,1,1,1,1,1,1,1,1,1,1,1,1,1,1,1,1,1,1,1,1,1,1,1,1,1,1,1,1,1,1,1,1,1,1,1,1,1,1,1,1,1,1,1,1,1,1,1,1,1,1,1,1,1,1,1,1,1,1,1,1,1,1,1
1120,,,,39,27,28,19,,,25,,,,,,,,,,21,22,,36,,,,18,,,19,,,,,23,48,,3,16,21,19,,,42,,,,,,19,22,,16,,13,52,14,,,,,,16,31,,,,,36,,,9,,,33,,,,,,,28,31,33,,26,,22,,,23,31,25,,,2,,34,,
1121,,8,12,23,37,19,27,18,13,15,,8,,4,,13,,1,,12,22,4,10,,,,21,,29,13,16,17,17,8,3,29,11,12,12,12,7,,,40,14,,13,16,,12,16,20,16,24,14,11,11,22,14,32,,,12,17,10,21,17,,24,23,,23,,1,34,6,6,,15,,,18,2,18,12,11,2,14,13,20,24,30,6,29,15,17,3,15,26,8
1122,7,,10,18,25,6,32,17,32,12,,13,,8,,5,,7,,10,9,,11,17,,20,12,,14,10,17,13,8,6,16,17,,10,16,15,10,13,,39,12,13,13,19,,17,7,15,20,14,17,23,13,13,11,24,10,,7,12,23,19,4,,18,19,,21,,1,6,20,,,,9,,6,22,11,25,19,8,14,6,20,15,11,16,20,12,10,9,45,12,2
1123,6,1,7,8,6,6,3,4,4,4,6,6,3,2,6,4,7,4,4,5,3,5,4,5,4,6,1,5,3,6,5,3,4,7,3,5,6,5,7,3,3,6,5,5,2,4,7,7,5,4,5,5,1,4,4,2,8,2,2,2,5,5,5,5,5,7,3,4,6,2,1,4,2,5,5,5,5,5,7,5,4,1,8,6,5,6,4,4,5,4,5,4,4,7,6,6,6,7,3,7
1124,3,4,6,7,6,5,4,5,6,3,4,4,3,5,3,4,3,2,5,6,4,6,3,8,5,3,6,7,6,3,5,4,4,6,6,6,5,5,5,3,6,4,1,5,5,2,7,4,6,6,4,5,6,1,2,7,7,3,6,6,3,5,3,2,1,6,3,3,5,3,6,3,6,7,5,6,5,4,5,2,3,4,7,5,6,3,1,3,7,2,2,5,5,7,2,3,3,5,4,1
1125,3,3,4,5,5,5,4,1,2,4,4,4,5,6,4,5,3,1,4,5,6,2,4,5,4,4,1,1,5,3,4,2,5,5,2,7,4,6,7,4,4,3,4,2,3,5,4,3,3,3,2,6,3,6,1,5,5,5,4,3,6,2,5,5,2,6,5,5,3,5,3,4,7,4,4,5,1,6,5,2,6,5,6,6,3,4,3,4,7,10,2,1,1,3,3,7,5,3,2,1
1126,0,0,0,0,0,0,0,0,0,0,0,0,0,0,0,0,0,0,0,0,0,0,0,0,0,0,0,0,0,0,0,0,0,0,0,0,0,0,0,0,0,0,0,0,0,0,0,0,0,0,0,0,0,0,0,0,0,0,0,0,0,0,0,0,0,0,0,0,0,0,0,0,0,0,0,0,0,0,0,0,0,0,0,0,0,0,0,0,0,0,0,0,0,0,0,0,0,0,0,0
1127,,8,,32,43,21,24,9,26,13,,17,,10,,3,,14,,11,18,,4,,,,17,,28,11,19,20,19,12,6,32,1,15,2,8,17,,,33,12,,15,9,8,12,11,21,5,28,17,46,15,15,8,29,,,4,12,19,24,14,,10,4,,21,,20,34,16,,,13,,,4,26,20,9,7,2,17,,29,2,33,14,30,20,16,7,13,25,20
1128,4,4,1,5,1,5,3,5,2,2,2,2,4,1,7,2,6,2,6,4,6,1,3,1,5,6,1,3,4,5,6,1,5,5,5,3,5,5,6,5,1,8,4,5,3,1,4,3,4,6,5,4,7,4,5,7,4,6,3,7,7,1,5,2,29,6,6,2,4,5,5,1,4,1,4,4,5,5,1,5,3,2,4,4,6,3,3,1,6,8,2,6,22,3,6,6,2,6,8,7
1129,,,,42,22,28,19,,,,,,,,,,,,,23,4,,32,,,,4,,,14,,,,,23,46,,10,17,19,17,,,43,,,,,,26,23,,12,,19,51,12,,,,,,20,25,,,,7,39,,,8,,,35,,,,,,,28,30,30,1,27,,27,,,24,30,25,,,31,,34,,
1130,2,6,3,8,4,4,1,5,5,4,3,1,5,7,4,6,4,6,6,5,4,2,3,2,5,1,1,7,6,5,7,3,2,6,4,4,2,4,6,8,3,3,5,2,5,5,5,2,5,4,6,2,3,4,7,6,1,7,4,7,1,3,5,6,5,5,3,1,7,5,2,5,3,5,5,3,4,1,2,5,1,3,7,4,5,6,6,4,1,8,4,3,4,8,7,6,1,8,1,4
1131,,1,,31,1,19,23,16,18,19,,14,,14,,17,,16,,6,18,,12,,,1,21,,21,12,19,19,16,12,9,28,5,14,2,4,19,,,35,14,,18,18,,6,14,21,6,24,18,40,14,26,13,28,,,8,12,18,30,16,,24,22,,20,,19,32,16,,,15,,,16,24,22,15,11,6,2,,1,24,34,12,31,1,19,5,13,21,16
1132,1,6,6,7,4,4,3,5,3,4,6,6,3,7,3,5,5,7,1,5,5,4,4,4,6,3,4,5,6,2,7,4,4,5,5,8,4,6,7,6,7,4,6,4,2,5,5,2,5,4,6,7,6,2,6,5,6,3,2,4,1,1,5,7,4,5,3,4,1,3,6,4,5,5,5,1,3,1,5,2,4,4,8,4,4,3,2,4,2,8,5,1,3,4,7,6,5,8,7,7
1133,2,5,6,2,7,4,2,5,2,6,6,4,5,6,7,2,1,1,2,4,5,6,5,3,7,,3,6,3,1,2,6,5,2,5,2,2,3,7,2,3,2,1,,3,9,2,1,5,2,1,3,8,3,7,7,4,3,3,2,7,4,4,1,4,7,5,5,1,6,2,6,6,5,3,5,8,3,2,2,7,2,5,2,5,7,1,1,4,8,4,2,3,5,6,7,6,8,2,6
1134,2,6,,33,42,22,25,15,27,14,,,,11,,18,,13,2,3,18,,2,,,,,,21,12,2,18,21,12,3,1,2,14,3,8,18,2,,33,13,,15,12,7,11,14,19,1,1,18,46,16,16,12,3,,,4,9,23,26,4,,20,16,2,19,,14,34,15,,,13,,,13,25,23,6,20,1,20,,1,21,35,15,32,18,2,2,2,27,22
1135,3,1,4,3,7,2,2,1,4,5,2,1,4,3,2,5,6,1,1,4,3,3,2,2,1,5,2,3,5,4,1,5,8,4,6,2,1,1,4,9,1,2,5,3,1,2,4,4,5,1,5,6,1,5,7,1,1,2,6,1,5,6,1,6,8,4,9,1,2,3,4,3,1,5,4,3,1,5,1,1,7,4,1,1,7,2,4,2,7,8,5,1,1,6,6,7,6,6,6,6
1136,6,11,8,11,21,13,2,12,29,8,11,11,,,7,9,,15,10,10,30,,13,17,13,,10,,17,21,,12,7,,7,,11,11,12,18,,15,,16,2,13,13,,13,7,,11,13,13,16,6,5,10,8,12,16,1,15,,14,15,9,13,,,12,,9,,,13,5,10,3,1,17,11,11,10,8,13,14,14,10,17,8,,2,10,10,8,7,,12,17
1137,,,,2,45,,,,,,,,,,3,28,,2,5,15,,2,1,,5,,9,,,,,,,,,,,,7,,19,,,,,,,,,,,1,,,,48,,,,10,,1,13,,23,,,,7,,,,,,9,,,,,,,,,,,,,,,,4,,,39,9,,,,14,
1138,15,,8,4,23,9,8,10,,3,10,15,,11,12,14,,2,3,,3,4,3,4,7,6,1,7,7,9,1,,7,5,12,3,1,3,6,,10,3,5,6,7,,11,9,,5,11,,22,10,10,10,18,8,5,4,2,9,2,2,9,10,5,4,,19,,4,2,,3,17,3,,22,16,3,3,1,10,4,4,17,,,7,22,35,,1,29,16,9,5,6,2
1139,,6,,29,42,16,25,15,1,15,,9,,14,,18,,16,,17,20,,6,,,,1,,34,4,19,21,15,7,13,26,10,15,9,9,2,,,39,15,,12,17,5,5,14,20,14,23,16,46,14,23,13,30,,,7,9,10,27,16,,25,22,,22,,19,29,3,,,17,,,8,21,21,12,9,13,19,,14,13,31,12,33,15,20,4,12,25,19
1140,9,15,2,1,2,5,,4,1,12,3,9,8,,5,11,7,7,,7,24,13,8,13,13,7,,1,7,12,8,9,3,11,1,4,16,5,9,7,1,7,,2,6,8,12,10,7,2,7,7,5,15,,6,1,12,6,9,11,9,9,,5,5,1,5,4,1,12,12,8,,12,9,9,13,10,5,3,9,11,11,7,9,10,2,10,7,1,7,1,14,8,9,9,1,7,7
1141,,12,,25,43,19,11,18,27,20,,14,,11,,19,,16,,11,1,,13,2,,,19,,31,4,17,15,22,7,11,30,11,11,1,7,18,,,32,14,,14,15,,14,16,21,8,26,9,45,14,4,5,30,3,,9,12,21,29,12,,7,2,,19,,14,19,17,,,13,,,11,24,20,6,21,14,5,,22,25,33,3,27,14,17,3,15,22,16
1142,14,,6,16,16,8,30,20,32,10,,3,,2,,6,,7,,10,5,,13,18,,20,10,,6,7,17,9,9,7,18,17,,11,17,10,10,15,,38,1,17,15,19,,15,6,14,5,6,18,23,10,7,15,26,11,,8,18,27,21,16,8,17,21,,20,,10,7,22,,,,3,,9,20,3,22,20,10,12,14,5,17,6,18,21,11,15,8,46,17,16
1143,,,,30,22,6,23,23,1,1,,3,1,23,,1,,19,3,16,16,4,12,28,6,7,8,1,9,6,18,,15,,24,5,12,9,6,1,4,9,,6,,3,19,5,1,6,21,,9,6,6,45,1,16,,8,,,5,20,,7,,,24,,,4,,,1,18,6,,7,,,16,8,1,16,1,1,23,,25,20,32,19,23,15,3,3,17,9,17
1144,7,5,3,14,23,14,3,16,31,8,6,12,,,9,14,,13,11,11,27,,7,16,18,,9,,17,20,,12,10,,7,,14,10,11,17,6,11,,13,2,12,12,,12,8,,14,12,15,19,10,6,3,11,15,15,2,13,,14,16,2,1,,,13,,11,,,1,9,13,13,12,17,13,18,9,9,13,6,16,12,17,8,,,2,10,13,10,,13,17
1145,1,1,1,1,1,1,1,1,1,1,1,1,1,1,1,1,1,1,1,1,1,1,1,1,1,1,1,1,1,1,1,1,1,1,1,1,1,1,1,1,1,1,1,1,1,1,1,1,1,1,1,1,1,1,1,1,1,1,1,1,1,1,1,1,1,1,1,1,1,1,1,1,1,1,1,1,1,1,1,1,1,1,1,1,1,1,1,1,1,1,1,1,1,1,1,1,1,1,1,1
1146,5,5,5,5,2,3,1,3,4,2,6,3,2,4,4,6,5,2,3,3,2,5,2,4,4,5,5,5,6,7,5,3,5,3,6,5,2,6,8,1,3,3,5,6,6,5,5,3,4,5,5,1,8,6,1,7,7,5,6,2,4,7,3,1,6,2,4,5,6,3,5,6,1,5,5,3,1,6,6,3,3,4,3,8,1,4,5,1,6,6,4,3,5,5,2,4,5,5,4,7
1147,10,6,,4,8,1,5,7,25,1,,2,,14,19,10,,18,,1,3,,7,1,,20,11,4,21,14,15,14,7,7,1,21,5,4,13,2,4,1,,22,16,,15,17,6,8,10,9,1,1,18,11,11,2,17,12,13,6,9,21,7,1,10,1,23,25,4,15,7,5,11,14,1,1,1,1,,1,1,17,16,18,1,21,,1,11,14,1,,2,5,2,15,29,4
1148,,,,41,21,28,23,,,,,,,,,,,,,21,22,,34,,,,15,,,19,,,,,2,46,,11,15,20,18,,,31,,,,,,28,3,16,18,,20,50,11,,,,,,21,1,,,4,,19,27,,13,,,34,,,,,,,26,28,34,,28,,22,,,23,28,26,,,29,6,16,,
1149,1,2,6,7,5,3,5,7,7,1,4,1,2,6,5,1,1,3,3,4,4,1,3,5,4,4,5,3,4,1,4,5,3,5,6,4,7,4,2,1,1,2,2,1,4,6,1,4,3,4,5,5,6,8,2,5,8,5,5,1,4,5,4,3,5,3,1,5,3,2,4,4,2,6,1,5,5,4,4,3,6,1,1,3,7,5,5,5,5,9,1,5,5,5,6,5,5,4,3,3
1150,6,7,4,5,5,8,8,4,7,3,4,3,4,5,5,5,6,7,7,8,6,8,4,8,5,3,5,9,2,2,8,7,7,8,2,10,8,5,1,6,9,7,4,5,3,3,8,1,1,3,6,2,3,8,8,8,7,6,8,10,3,1,6,6,5,7,9,5,9,6,8,7,8,3,5,6,1,6,1,5,7,7,8,8,3,8,8,10,8,4,1,5,6,10,4,5,7,,7,1
1151,2,7,3,3,6,2,3,4,1,5,5,6,8,8,4,2,6,1,5,5,5,6,3,2,6,5,6,2,3,6,7,6,4,1,3,5,4,6,7,7,5,7,4,7,5,8,7,1,1,9,3,7,6,3,14,2,7,7,4,3,5,7,5,8,1,3,1,6,5,8,3,4,7,7,5,6,6,6,2,9,7,5,6,6,5,6,1,6,8,9,1,5,1,9,7,2,5,5,3,3
1152,,13,,34,41,19,9,10,16,14,,18,,16,,,,15,,13,19,,1,,,14,10,,34,1,14,15,19,8,1,20,,11,10,1,15,,,29,15,,14,15,4,15,17,1,1,,15,10,9,17,9,28,,,10,6,1,28,14,,20,26,,13,1,10,30,16,,1,10,1,,14,3,1,7,5,,4,,28,23,30,8,29,20,11,9,16,19,1
1153,3,5,2,4,5,7,5,3,4,1,5,6,5,2,3,6,2,7,6,3,4,1,5,5,2,6,3,1,8,3,4,6,1,1,6,5,2,6,5,6,2,1,4,3,4,5,5,6,4,5,6,4,1,3,6,5,8,6,5,7,1,5,2,5,4,8,5,6,4,4,3,4,1,1,5,5,6,2,5,5,4,6,5,4,7,4,1,6,9,9,6,2,3,6,2,6,5,7,4,7
1154,1,,3,16,16,10,9,21,12,22,,8,13,14,,1,14,2,,1,21,15,13,24,,1,3,,18,16,18,11,7,9,11,20,13,9,18,5,9,2,2,31,6,7,5,1,,14,7,12,12,21,20,2,15,11,5,28,11,12,1,8,30,22,2,3,18,14,,12,1,2,9,16,,,10,1,,6,22,16,13,18,13,10,10,3,16,10,15,1,12,10,5,17,17,17
1155,1,,14,8,8,6,28,3,29,3,,2,,7,,10,,5,,5,14,1,8,1,4,4,7,,4,2,17,6,12,7,19,17,6,9,5,17,11,14,,29,11,12,4,19,,18,5,6,20,5,18,12,9,12,18,25,12,,6,7,11,20,5,3,16,16,,1,,2,10,2,,,5,,,7,21,17,30,5,9,9,8,2,14,17,19,19,10,16,9,18,19,6
1156,2,2,2,6,6,3,1,5,6,1,4,6,4,1,3,1,4,5,2,5,5,6,2,4,5,5,4,4,5,2,7,2,4,3,6,3,4,6,2,1,6,3,6,4,5,4,3,6,6,3,6,5,1,4,5,6,5,6,2,5,2,1,5,4,4,4,6,5,3,2,7,3,3,1,1,5,6,3,1,6,1,4,6,5,4,4,1,5,6,5,4,1,5,6,6,6,4,3,4,6
1157,6,1,1,8,4,1,7,4,8,1,6,6,5,1,8,6,3,9,7,6,6,5,6,8,4,7,2,8,7,6,3,1,1,1,3,7,4,6,8,3,6,5,1,7,1,5,4,3,7,6,5,6,8,8,7,1,9,7,7,6,4,8,5,7,6,2,8,3,5,4,7,7,5,4,7,6,8,2,4,1,1,1,7,6,1,1,6,7,10,1,6,1,3,4,6,5,1,8,7,3
1158,,,,40,26,25,21,,,23,,,,19,,,,,,16,23,,35,,,,17,,,1,,,,,24,44,,7,17,22,21,,,26,,,1,,,26,21,,15,,14,52,16,,,,,,21,24,,,,,39,,,8,,,35,,,,,,,30,26,32,,22,,25,,,4,29,23,,,31,,31,,
1159,,9,,18,38,19,25,13,27,17,,17,,15,,11,,12,,13,16,,10,,,,12,,28,13,9,20,18,7,10,31,10,8,9,10,19,,,30,14,,16,10,3,14,13,19,11,25,10,44,11,23,15,30,,,12,16,20,29,1,,16,22,,21,,13,31,14,,,13,,,20,19,16,9,19,14,15,,26,29,26,10,30,16,16,8,12,21,9
1160,5,6,5,4,4,4,2,7,4,4,4,7,5,5,6,9,4,5,6,5,5,4,2,6,2,4,5,3,7,4,6,7,5,1,5,5,3,3,6,4,6,1,6,4,6,2,4,4,4,5,1,4,5,6,1,7,7,8,7,1,1,6,3,3,1,5,6,4,2,2,3,6,5,5,4,6,7,3,5,4,6,6,7,6,5,4,6,3,6,4,3,2,5,5,6,7,7,8,1,5
1161,7,9,7,8,7,6,10,5,7,3,4,3,4,9,5,1,5,2,7,5,6,9,6,7,3,6,4,6,7,7,8,4,8,7,4,6,5,2,7,6,,6,6,7,2,9,6,7,3,4,6,3,6,5,7,8,9,3,7,6,1,7,6,4,3,5,7,5,3,6,8,4,9,8,5,5,5,3,7,4,5,9,9,6,6,6,6,7,9,10,9,6,6,8,6,3,6,5,3,4
1162,13,,8,3,13,9,1,3,9,6,5,1,4,7,1,11,7,7,,7,15,7,5,13,6,8,4,3,3,5,1,3,16,5,4,13,8,1,6,5,4,13,,6,8,1,7,11,2,2,11,1,14,5,18,3,7,1,6,10,9,9,7,3,6,14,6,8,6,11,2,8,7,9,10,14,5,,10,3,7,10,11,10,7,10,2,9,3,17,10,6,3,20,8,16,5,22,2,10
1163,4,6,2,6,6,5,5,3,3,4,3,4,2,1,4,8,6,4,2,6,4,1,1,3,3,1,4,4,5,7,5,1,6,7,5,5,4,6,7,8,3,4,3,5,6,3,6,7,2,4,4,2,7,2,6,3,4,5,4,6,5,1,3,5,2,1,5,6,2,4,2,5,5,4,7,6,8,3,1,3,6,1,6,2,4,5,1,4,8,1,6,4,5,6,6,8,2,1,8,7
1164,5,1,4,8,7,3,7,6,1,1,4,1,5,4,1,1,6,5,4,2,2,5,2,1,3,7,1,5,3,8,5,1,4,5,7,3,4,5,3,1,3,5,1,3,5,1,1,5,7,4,3,2,4,1,1,1,3,1,4,1,1,2,4,5,2,5,2,4,4,6,2,1,1,6,4,4,4,5,3,3,5,4,2,1,4,3,2,2,2,1,5,5,1,1,3,7,3,7,2,3
1165,6,3,6,10,6,3,11,1,9,6,7,6,7,10,5,7,6,5,10,7,8,10,6,12,13,6,3,9,10,9,13,12,1,8,8,14,7,9,8,5,,10,,10,7,13,10,9,6,,,16,6,8,9,6,9,12,7,5,16,8,8,8,5,9,7,11,10,7,16,8,9,6,,8,4,2,5,15,8,7,5,10,6,15,15,15,,11,5,4,5,8,7,5,6,,2,17
1166,,,,1,9,26,23,,,21,,,,11,,17,,,,1,19,,1,,,,17,,23,2,14,,23,,15,42,,11,2,1,22,,,30,1,,17,1,,20,21,,7,,8,45,10,,36,,,,14,22,,,,,30,,,14,,,36,,,,,,,21,23,28,2,20,,23,,14,20,28,13,30,17,31,,13,1,
1167,,8,,1,40,20,23,17,25,18,,9,,13,,12,,12,,11,16,,7,,,,16,,33,12,17,18,20,9,1,32,9,11,10,9,18,,,17,13,,17,13,1,13,15,20,14,24,11,1,12,17,,13,,,12,9,17,24,16,,18,14,,20,,18,17,10,,,15,,,2,24,17,8,17,16,18,12,26,26,31,13,32,15,22,6,10,22,18
1168,,13,,1,10,17,9,17,25,22,,10,4,11,6,17,,14,,16,16,,7,,1,,17,,35,13,13,9,10,10,27,28,13,1,1,8,8,,5,36,13,,17,1,,4,1,18,8,23,20,16,13,2,1,29,1,,8,17,15,28,2,18,26,20,,22,,19,36,1,,,16,,,8,24,21,10,1,1,2,11,25,22,31,7,19,15,16,2,14,13,4
1169,,4,,22,13,2,23,13,21,14,,10,,15,,17,,16,,8,1,,10,10,,,12,,35,14,18,20,17,11,10,30,9,15,11,11,13,20,,35,14,,19,17,,12,15,16,15,24,17,44,7,25,4,30,,,4,12,21,29,9,,21,19,,24,,18,34,15,,,14,,,17,27,20,16,17,15,9,,12,23,37,12,37,11,23,7,16,22,16
1170,,13,,32,2,25,25,1,29,23,,20,,,1,16,,14,,13,24,,3,27,,,13,,25,10,22,,16,11,14,33,11,8,8,20,19,,,29,16,,16,12,,15,19,14,14,27,16,46,13,23,10,31,,,21,25,32,29,16,,32,16,,19,,20,30,7,,,17,7,,17,24,15,13,19,14,21,,,9,29,18,,18,19,8,13,,21
1171,18,,2,7,5,4,11,3,9,2,5,2,9,,3,5,10,8,4,16,6,5,6,1,,4,3,5,9,9,20,,6,6,8,4,6,7,6,7,,5,6,1,5,7,6,6,6,8,9,8,8,4,13,5,7,4,7,2,11,11,6,7,2,1,7,15,6,8,5,,9,6,2,7,,15,6,8,7,6,7,5,6,2,3,6,5,1,1,5,7,12,,1,4,,,2
1172,3,6,3,1,2,4,2,3,3,6,3,4,1,7,2,6,5,6,4,6,5,3,4,4,4,3,2,3,4,1,3,5,7,5,5,6,6,3,3,4,2,5,1,3,4,2,5,4,5,2,5,1,6,4,6,4,7,1,2,5,2,3,5,6,5,7,6,1,4,2,6,1,7,5,4,6,1,5,1,1,3,3,8,6,2,3,2,5,6,5,4,4,5,1,1,5,3,2,1,3
1173,4,8,2,3,6,2,2,5,5,2,4,5,6,7,5,4,1,2,2,6,2,4,4,5,4,6,2,2,6,2,4,4,2,2,4,6,5,4,3,6,6,6,5,1,5,7,4,6,6,6,6,6,7,5,5,5,2,6,5,8,1,8,5,6,4,6,6,6,3,5,3,4,1,4,9,6,4,5,4,4,2,6,6,7,5,3,1,5,5,10,3,4,6,5,7,7,8,6,,6
1174,9,1,8,14,22,9,6,17,32,2,9,12,,,7,12,,16,13,10,25,,2,15,15,,11,,18,18,1,10,11,,4,,10,10,12,19,,10,,17,5,13,14,,13,6,,15,11,13,20,9,5,9,11,14,11,,12,,14,10,8,13,,,14,,12,,,16,11,11,5,17,14,11,15,10,8,14,13,16,3,16,6,,,11,2,12,8,,13,20
1175,4,4,6,7,3,5,6,4,5,3,3,5,4,2,6,5,6,4,6,2,5,3,4,5,7,1,7,6,4,4,6,4,4,5,3,6,5,7,6,6,4,7,4,3,2,1,6,4,4,5,3,2,7,3,5,1,6,6,1,5,7,6,5,1,5,3,7,5,5,3,6,5,2,2,3,3,5,5,4,4,5,6,7,4,1,2,5,4,7,8,5,2,2,3,5,6,4,9,5,6
1176,,1,1,43,1,1,1,,1,1,,,1,,1,1,1,1,1,15,1,,1,1,1,,1,,1,1,1,,1,1,1,1,,12,1,1,1,,1,1,,,1,,1,1,1,,17,1,1,1,1,1,1,,1,,1,1,1,1,1,1,35,1,,12,1,1,1,,1,,,1,,1,1,1,1,1,,1,1,1,1,1,24,1,1,1,1,1,,
1177,9,,2,17,8,4,11,12,,5,8,15,,10,14,23,10,9,1,10,5,4,6,4,18,5,,3,6,8,7,,6,3,9,2,17,,3,7,7,3,9,2,6,,9,6,,12,10,,24,9,10,10,21,6,3,3,8,8,5,5,20,8,,2,,19,4,19,6,,6,19,2,,20,20,4,4,6,11,6,3,19,,,5,10,33,8,11,4,15,7,3,7,5
1178,1,6,8,9,7,6,8,3,7,7,7,9,1,10,1,13,5,19,10,6,7,11,7,9,1,8,5,10,11,5,3,12,5,9,10,13,8,9,9,11,1,5,,10,8,6,11,5,4,9,,15,7,9,11,7,5,9,7,5,7,8,9,12,6,6,8,8,10,9,6,7,11,7,10,4,5,10,1,17,13,12,20,2,9,4,16,15,8,13,8,4,,10,7,8,5,7,1,19
1179,,,1,11,24,10,30,18,34,12,,12,,6,,16,,7,,13,14,,6,16,,18,12,,19,10,19,2,9,8,14,16,,13,18,15,10,14,,30,12,10,13,10,,17,11,13,22,20,17,20,2,11,16,22,9,,9,12,26,20,13,4,17,2,,19,,10,12,22,,,,12,,7,16,17,30,20,9,12,4,18,16,18,17,19,1,3,14,45,18,8
1180,6,7,2,4,1,1,4,4,7,4,5,7,6,4,4,8,4,8,3,7,3,2,3,5,2,4,2,2,7,3,1,4,5,4,5,7,2,5,3,6,1,3,5,1,6,3,6,4,4,4,2,5,3,6,5,3,4,3,6,7,8,7,1,7,4,7,6,6,6,4,5,6,5,5,1,3,7,2,3,5,2,1,8,6,4,1,7,4,3,1,6,5,5,1,1,5,6,4,5,7
1181,3,5,6,4,5,5,4,1,2,3,6,3,3,5,1,5,5,2,4,5,1,6,1,3,4,5,3,5,6,5,1,1,4,5,4,5,2,5,1,6,5,4,4,3,3,4,7,4,1,5,2,2,6,6,4,6,6,2,1,5,3,4,3,2,6,7,5,3,6,4,3,5,1,1,3,6,7,3,2,4,3,3,6,6,2,5,5,4,5,4,6,2,5,6,6,2,3,1,8,3
1182,6,3,5,6,1,4,4,5,5,1,6,3,4,8,5,5,1,4,1,4,5,5,2,2,2,1,5,1,2,6,2,5,6,5,7,5,3,6,6,1,5,5,7,4,5,5,1,3,5,5,6,3,7,5,4,1,6,6,5,7,4,2,4,6,5,1,4,4,5,4,1,4,5,1,5,5,2,4,6,5,6,7,1,7,2,1,1,3,6,4,5,4,4,5,7,6,3,8,5,4
1183,,9,,33,42,16,9,8,25,20,10,15,,8,,14,,11,,11,12,,3,,,,8,,29,12,20,15,18,8,10,16,9,9,10,10,16,11,,15,11,,19,5,,9,9,20,9,,18,9,10,14,1,28,7,,10,14,19,23,12,,20,17,,15,,12,32,15,,,14,,,5,23,8,11,11,3,17,8,27,15,30,12,19,12,19,8,13,18,8
1184,2,4,5,2,5,5,3,2,2,4,5,3,5,6,4,8,4,1,7,4,3,6,4,4,5,3,4,5,1,2,6,4,5,4,6,5,6,3,5,1,3,3,4,3,5,4,3,5,5,7,5,6,5,5,1,7,7,5,5,5,4,5,8,5,3,1,6,2,1,3,3,5,1,2,5,4,7,6,6,6,4,4,2,7,6,1,4,5,4,5,4,4,5,5,4,6,3,5,8,5
1185,5,1,3,6,6,3,3,3,5,3,2,3,2,7,4,3,6,6,6,3,3,2,5,1,4,4,4,5,4,3,5,6,5,5,5,7,6,5,5,5,5,2,5,4,2,5,7,2,5,5,2,6,6,1,2,7,5,4,2,5,6,5,5,4,5,6,8,3,6,7,4,5,3,3,4,5,6,6,5,1,6,5,2,6,2,1,3,3,2,7,1,2,2,7,4,5,3,2,7,5
1186,,,,9,45,,,,,,,1,,,,29,,,6,15,,4,7,,,,8,,,,,,,,,,,,6,,19,,,,,,,,,18,,,,,,48,,1,,6,,3,13,,22,,,,3,,1,,,,1,,,,,,,,,,,,,,,,1,,5,37,1,,,,13,
1187,5,1,9,1,22,9,8,16,33,9,10,10,,,9,11,,5,7,7,24,,13,9,8,,5,,15,16,15,7,13,,4,,14,9,15,13,,15,,17,7,10,13,,4,5,,15,9,13,12,1,11,11,7,14,15,,11,,16,7,8,1,,,10,,9,,13,17,3,9,11,14,15,11,17,11,7,10,10,11,13,11,7,,,8,2,11,12,,4,16
1188,,16,,26,40,18,26,18,26,18,,14,,12,,16,,16,,15,18,,6,,,,23,,32,13,16,19,20,8,8,31,11,10,10,3,15,,,17,10,,12,14,2,11,14,19,8,25,8,44,11,24,12,31,,,7,15,13,31,15,,6,2,,16,,17,18,6,,,15,,,1,23,19,6,18,1,18,,26,26,35,4,34,18,22,6,8,1,19
1189,,8,,31,11,6,26,15,25,9,,9,,8,,18,,1,,12,19,,12,,,,21,,35,12,18,18,19,10,14,27,12,12,11,5,16,,,29,16,,16,19,,11,15,14,16,24,13,44,9,24,14,12,,,3,10,6,26,16,,25,21,,23,,13,34,5,,,1,,,13,26,23,14,12,1,10,,22,24,34,11,32,24,13,6,12,25,16
1190,,,,39,20,29,18,,,,,,,,,,,,,22,17,,35,,,,3,,,17,,,,,25,48,,6,12,21,20,,,40,,,,,,26,23,,17,,19,54,15,,,,,,16,32,,,16,,33,,,12,,,32,,,,,,,30,24,32,,27,,24,,,24,18,1,,,27,,29,,
1191,5,3,1,5,5,6,3,6,4,4,1,4,4,5,5,4,3,5,5,6,5,5,4,1,6,3,5,6,5,1,4,2,1,7,6,3,5,4,4,5,6,7,3,1,6,3,4,4,3,5,4,4,6,4,3,7,6,7,1,3,3,6,5,4,6,6,5,2,5,5,4,4,4,4,7,6,6,4,5,5,2,6,4,1,5,5,3,5,6,9,5,1,4,6,7,7,8,6,5,4
1192,,,,40,21,28,13,2,30,22,,,,,,,,,5,22,23,,22,,,,17,,23,13,20,1,,,1,1,,11,16,19,18,,,45,,,,,,27,16,,17,,8,50,15,,,,,,11,29,,,,,37,,,11,,,36,,,,,,,25,25,31,,27,,29,,,25,25,24,,,26,,33,,
1193,,8,8,1,1,3,13,5,10,8,10,4,9,,2,11,7,19,6,3,3,5,15,2,13,2,5,4,10,9,6,10,4,1,12,2,9,8,17,12,,2,,6,3,10,12,,4,1,4,15,5,1,12,11,11,9,11,8,18,2,6,6,2,4,7,1,7,2,9,2,7,4,5,6,6,10,2,9,3,1,1,12,8,6,4,9,11,7,10,6,5,13,10,6,7,,6,8
1194,,,1,2,1,2,24,9,1,,1,9,11,2,,,1,,,16,3,1,1,,2,3,7,2,1,2,2,1,,2,7,3,2,2,2,,3,3,,4,7,3,2,2,,2,1,2,3,1,8,11,1,2,2,1,,1,2,2,2,,2,2,,2,2,2,2,14,2,3,3,,11,2,2,3,,2,1,1,7,14,2,1,,27,2,1,1,1,12,2,3,2
1195,1,6,6,7,6,3,5,2,7,1,3,1,6,5,2,4,5,1,4,4,6,7,1,5,4,4,4,4,6,1,2,1,1,4,5,4,3,3,5,6,3,5,4,4,3,4,7,1,5,3,4,2,5,6,5,7,3,6,1,2,4,1,1,4,4,6,5,6,3,5,6,5,1,1,1,6,6,4,6,4,5,5,6,3,6,5,6,5,1,2,3,4,5,1,5,5,6,7,5,6
1196,7,6,6,5,6,5,4,6,2,4,5,7,3,2,6,2,4,6,4,4,6,1,5,1,5,2,4,7,5,5,7,,4,6,7,6,7,2,5,5,5,3,6,4,2,7,5,3,2,6,1,4,3,1,4,8,7,3,8,2,6,1,4,7,1,7,5,1,2,5,4,3,4,2,2,5,4,2,7,4,6,1,3,1,7,3,19,5,3,9,4,5,1,6,6,4,2,8,9,5
1197,9,,7,,29,3,7,23,3,5,,6,8,2,9,11,5,1,,4,6,4,4,11,14,5,3,8,12,8,7,,2,5,10,6,,,6,2,6,8,4,6,8,12,10,9,3,,,5,15,8,2,4,7,2,7,,7,8,9,5,6,12,10,5,29,,3,14,10,,,14,,6,7,6,6,9,4,1,5,21,19,,4,18,5,,1,7,16,5,4,4,10,5
1198,3,2,1,6,7,5,1,2,5,3,7,4,1,6,2,6,4,2,4,1,4,5,4,2,2,4,3,1,5,4,5,6,3,3,5,1,4,4,4,8,4,1,2,2,6,5,5,4,1,1,2,7,4,1,2,6,8,2,2,7,3,5,1,2,5,4,3,2,4,4,4,5,1,6,9,3,7,5,2,6,5,2,6,5,5,1,2,4,4,8,5,1,5,3,3,6,2,5,7,4
1199,0,0,0,0,0,0,0,0,0,0,0,0,0,0,0,0,0,0,0,0,0,0,0,0,0,0,0,0,0,0,0,0,0,0,0,0,0,0,0,0,0,0,0,0,0,0,0,0,0,0,0,0,0,0,0,0,0,0,0,0,0,0,0,0,0,0,0,0,0,0,0,0,0,0,0,0,0,0,0,0,0,0,0,0,0,0,0,0,0,0,0,0,0,0,0,0,0,0,0,0
1200,9,3,1,1,20,6,27,18,12,1,17,8,,3,10,8,,10,1,15,9,1,1,1,,4,1,9,1,3,11,14,1,2,18,21,17,15,12,1,1,16,,1,8,,5,7,,14,6,20,13,19,8,9,,9,,32,4,1,4,1,24,9,10,3,9,10,1,1,4,11,5,1,1,3,1,7,,19,18,15,,7,,9,1,20,7,1,10,1,,1,12,3,1,16
1201,2,2,6,4,6,3,4,6,4,5,4,5,6,6,1,1,6,1,5,7,3,1,5,5,3,3,5,5,1,5,5,5,5,5,3,6,1,5,2,5,2,3,1,4,1,7,7,6,2,1,7,2,1,4,6,5,8,2,3,2,4,5,3,4,6,8,4,6,2,3,4,7,4,3,9,5,4,2,5,4,4,1,3,7,6,6,6,5,2,7,6,4,4,2,1,1,1,5,1,5
1202,8,2,9,2,7,5,10,8,11,7,8,8,,2,9,7,15,10,8,9,10,10,13,25,1,3,2,8,7,2,10,8,2,2,19,22,9,16,11,2,14,16,2,2,7,,5,6,6,8,2,19,8,22,7,8,,10,,10,3,9,3,20,2,8,2,2,2,9,,2,3,10,1,2,2,2,2,8,,14,,10,,6,,8,1,19,3,1,1,11,,3,7,2,2,2
1203,1,10,9,14,11,3,1,16,8,9,12,12,,,9,21,,11,12,11,29,,11,14,,,12,16,12,20,16,1,9,,3,,14,8,13,15,16,1,2,1,9,2,3,21,3,7,9,9,11,13,10,2,10,9,11,10,1,3,11,8,11,1,8,13,,,11,,2,,1,14,,8,6,14,15,10,18,7,9,12,14,9,3,14,9,,6,2,7,11,7,15,5,12
1204,,,,35,19,30,19,32,,,,,,,,,,,,24,24,,34,,,,18,,,9,,,,,24,44,,7,14,25,15,,,43,,,,,,18,21,,16,,16,49,10,,,35,,,16,31,,,,,35,,,12,,,33,,,,,,,26,29,24,,25,,1,,,22,31,21,,,29,4,23,5,
1205,5,7,4,4,7,3,6,4,5,2,3,5,5,6,4,7,4,6,5,6,3,5,5,6,4,6,3,1,1,3,3,6,4,6,5,7,3,2,6,7,5,2,5,3,4,4,6,2,2,3,3,6,6,4,3,3,7,6,1,8,4,7,4,6,6,4,5,6,5,1,6,5,5,4,3,6,5,5,3,6,6,5,4,7,3,5,5,5,8,8,5,5,4,4,6,6,4,4,8,4
1206,1,1,1,1,1,1,1,1,1,1,1,1,1,1,1,1,1,1,1,1,1,1,1,1,1,1,1,1,1,1,1,1,1,1,1,1,1,1,1,1,1,1,1,1,1,1,1,1,1,1,1,1,1,1,1,1,1,1,1,1,1,1,1,1,1,1,1,1,1,1,1,1,1,1,1,1,1,1,1,1,1,1,1,1,1,1,1,1,1,1,1,1,1,1,1,1,1,1,1,1
1207,4,5,3,5,5,4,1,3,5,2,4,5,6,1,1,2,2,4,6,1,3,1,1,6,5,4,3,6,1,1,2,5,1,5,7,6,4,5,1,3,5,5,4,4,1,7,3,5,6,6,1,2,5,7,6,5,8,6,6,7,3,6,3,6,5,2,5,3,5,6,7,5,5,2,4,5,4,2,3,1,7,4,7,2,5,5,7,5,1,10,7,4,1,11,3,6,,1,7,1
1208,2,1,2,5,,2,,,1,,3,1,1,2,4,2,1,3,3,,2,4,5,,1,5,1,2,2,5,9,1,,1,2,2,7,2,2,4,1,,,3,1,3,1,4,1,,1,1,4,2,1,,1,1,2,1,1,,1,,3,4,1,1,,1,2,1,2,1,,3,1,9,1,1,9,1,1,1,2,1,2,,1,5,2,,1,5,1,,7,2,1,
1209,4,3,6,1,5,4,6,1,1,1,4,1,4,5,5,9,4,6,6,2,6,4,4,5,4,6,4,4,4,3,5,2,4,5,3,4,3,3,5,6,4,6,1,3,6,2,6,3,8,7,8,5,4,3,5,2,6,6,1,3,7,5,2,1,5,3,2,3,9,1,2,5,2,5,1,2,4,6,3,6,5,5,2,4,3,4,1,5,3,10,4,5,6,6,3,5,6,4,8,5
1210,14,,9,15,19,11,26,21,31,12,11,7,,8,1,12,,6,,11,12,10,12,18,1,21,15,,19,11,14,2,11,9,17,20,,14,17,11,12,15,,11,14,18,13,17,,9,9,13,21,7,16,3,6,10,8,24,11,,3,16,24,21,10,,16,26,,12,,13,8,8,,,,5,,2,20,18,19,2,1,9,14,17,13,18,16,20,9,8,1,18,13,14
1211,5,3,2,4,5,4,4,5,5,2,4,5,1,4,1,7,6,2,2,1,4,2,2,3,3,6,2,7,7,5,4,6,5,1,4,1,4,2,6,6,3,3,2,4,4,4,7,5,2,1,3,6,6,4,2,6,6,1,5,7,6,4,1,7,2,5,2,4,5,6,6,3,4,5,8,7,2,5,3,5,4,1,9,6,5,6,2,6,6,9,4,6,4,3,1,1,6,9,6,5
1212,14,,8,18,18,9,9,24,10,9,10,5,,5,,10,15,9,,12,13,11,13,14,,,6,,26,14,15,10,11,7,7,20,10,15,16,4,12,22,,5,4,15,12,3,,10,7,14,16,22,16,2,7,6,5,29,1,,10,9,15,24,3,,17,12,,22,,7,7,21,,,10,6,,11,16,17,22,18,12,2,9,9,14,16,8,10,11,9,2,22,17,15
1213,,15,,24,40,2,26,14,23,20,26,8,,15,13,18,,15,1,15,21,,8,,,,15,,35,3,19,20,17,11,15,26,9,12,14,7,8,,,40,18,,17,19,14,9,18,7,14,27,19,44,14,13,13,32,,,22,10,7,23,15,16,25,25,,20,,19,34,11,,,16,1,,18,26,19,14,13,3,13,14,26,19,34,14,35,20,23,5,12,26,15
1214,5,6,1,2,7,4,3,2,4,6,5,7,5,3,4,7,7,5,4,4,5,6,3,5,5,4,5,3,6,3,4,1,3,3,6,5,7,5,7,7,4,5,4,3,5,5,5,4,1,3,3,4,7,3,5,6,7,6,3,9,1,1,5,6,4,4,3,6,5,3,2,7,4,4,6,3,2,1,4,5,4,3,7,8,2,6,5,5,7,3,5,2,6,6,6,5,6,6,8,6
1215,,,,16,19,25,24,,33,,,,16,,,,,22,,12,6,4,42,,,,16,,1,10,2,,,,25,6,16,9,7,21,19,,,31,,,20,,,21,15,,8,,7,37,2,15,,2,,,23,23,30,,,,35,,,14,,,30,,,,,,,22,27,27,,22,,24,,,3,28,18,,43,29,,22,,
1216,,,,5,44,,,1,,,16,,,,,1,,,11,16,21,6,4,,,,,,,,,,,,,,,,7,1,13,,,,,,,,,,,,,,,50,,,,7,,6,14,,21,,,,10,,,,13,,7,,,,,,,,,,,2,,,,,9,,3,33,8,,,,11,
1217,6,10,6,6,8,14,25,7,30,15,,16,,7,,10,22,9,,8,11,3,5,14,,20,10,,22,15,,8,18,3,11,17,5,8,5,9,5,6,,32,11,9,8,8,,14,8,18,12,,17,1,9,1,5,17,7,,9,7,4,1,11,4,19,12,,2,,14,16,6,6,8,12,,,9,17,8,12,12,6,9,6,15,17,1,11,19,7,7,1,8,19,19
1218,10,,3,3,22,10,8,12,,12,7,17,,12,13,15,,8,3,,4,5,,4,17,5,,9,4,11,3,,7,3,13,3,,,4,,8,4,8,8,8,,10,8,,8,9,,25,12,7,11,18,10,6,3,2,9,2,7,18,9,,3,,20,,1,3,,4,18,2,,22,14,6,4,2,12,1,4,18,,,6,21,36,,16,30,12,9,6,5,5
1219,4,6,3,6,6,4,3,5,7,2,4,1,3,8,4,3,6,4,6,6,4,5,3,5,1,5,5,1,1,6,6,1,5,4,1,6,4,3,4,6,6,2,6,1,8,3,6,2,7,5,4,7,5,1,6,5,2,3,4,2,2,4,5,5,6,2,3,6,5,4,6,5,3,3,7,6,7,6,5,1,7,6,6,8,6,2,3,2,2,1,4,4,4,4,5,7,4,5,1,1
1220,5,4,5,7,2,4,5,3,3,5,2,2,4,2,3,7,2,2,3,1,5,1,6,7,1,5,5,3,1,7,8,7,5,4,2,2,8,1,5,7,6,5,5,2,2,1,6,7,1,4,3,5,5,2,1,6,9,6,6,8,5,8,5,3,5,3,5,3,6,5,6,1,3,7,1,1,7,4,6,2,3,3,4,1,2,1,2,3,2,2,6,4,1,6,2,7,7,5,7,5
1221,,,,41,26,16,21,17,28,25,,,,15,11,,,17,,18,19,,30,,,,10,,,16,18,19,,,21,10,,11,12,22,17,,4,45,,,,7,,27,18,,15,,19,43,15,22,,,,,10,32,,,7,,22,,,11,,,15,,,,,,,30,25,23,13,23,13,25,,27,24,22,14,,,30,,16,,
1222,2,5,5,6,6,4,1,7,7,,5,5,1,7,3,2,1,5,6,5,3,1,5,6,2,7,5,6,4,2,3,6,6,6,4,4,4,6,1,2,3,1,5,4,5,5,6,5,5,4,7,4,8,1,5,6,8,5,5,7,6,8,2,5,4,6,5,3,4,5,3,5,2,1,7,4,6,5,1,5,5,6,4,1,6,3,6,1,7,9,6,4,7,6,2,3,4,3,9,6
1223,1,,4,14,24,4,18,13,33,12,2,14,,4,,9,,9,,11,5,,13,19,6,19,7,,19,7,2,6,11,9,11,10,,10,10,7,9,10,,39,12,15,18,11,,10,2,11,24,18,16,24,1,10,7,11,12,7,10,13,26,20,10,6,15,9,,20,,1,11,7,,,,11,,7,22,17,5,16,11,12,20,21,12,11,15,18,9,10,9,46,15,9
1224,1,1,1,1,1,1,1,4,13,2,1,1,1,,1,1,1,1,1,17,1,1,1,1,16,2,1,2,1,1,1,2,4,1,1,3,1,14,1,4,1,1,1,1,1,1,2,1,1,1,1,,1,2,2,1,1,1,2,2,1,2,1,,1,1,1,1,1,2,8,1,,1,1,1,1,1,1,8,1,1,1,,2,1,1,1,6,1,5,5,1,,15,2,1,1,1,1
1225,,3,,35,39,20,26,11,24,18,,16,,14,8,14,,13,,13,18,,11,,,,15,,32,11,12,18,14,10,11,20,8,12,3,8,13,,,39,15,,17,15,,14,13,20,4,23,7,1,9,26,13,14,,,7,15,21,29,14,,23,25,,21,,18,32,11,,,16,,,13,24,21,9,14,14,15,,25,25,31,11,33,13,20,7,6,22,18
1226,,12,,22,25,13,27,18,25,11,,7,,8,,16,,10,,11,15,,11,1,,,23,,29,11,17,17,16,11,14,29,12,14,12,11,12,19,,39,12,,14,5,,3,6,18,15,25,8,42,11,14,15,32,14,,8,11,5,20,8,,19,22,,22,,17,33,10,,,16,,20,15,25,17,11,18,12,14,12,2,23,34,13,29,25,18,2,16,24,5
1227,,,,41,27,26,19,2,,,,,,17,,,,,,22,21,,37,,,,18,,,19,,,,,23,47,,10,14,21,15,,,44,,,,,,26,22,21,15,,19,51,12,,,,,,19,24,,,,,39,,,12,,,27,,,,,,,28,26,30,,26,,24,,,25,29,25,,,28,,32,,
1228,,10,,23,43,20,24,2,24,1,,18,,8,1,16,,15,,14,19,,8,,,,14,,21,8,15,20,8,11,11,32,7,14,1,10,18,,,36,16,,14,11,,13,12,18,3,24,17,45,15,20,15,31,,,9,16,21,28,11,,6,3,,10,,18,31,15,,,14,10,,10,22,19,5,18,13,16,,26,27,35,5,29,19,16,7,16,25,20
1229,,,,42,20,29,19,,,2,,,,,,,,,,25,22,,40,,,,15,,,19,,,,,24,3,,12,11,26,19,,,45,,,23,,,27,25,,18,,21,53,16,,,,1,,22,31,,,,,36,,,10,,,34,,,,,2,,31,28,24,,25,1,23,,,24,29,24,,,29,,29,,
1230,5,4,6,7,1,4,4,1,5,4,1,5,1,6,1,5,2,3,3,6,3,1,2,4,4,4,3,4,2,4,1,6,6,5,4,7,4,6,6,5,6,4,6,1,1,2,6,5,2,1,6,6,4,7,6,3,5,5,2,6,6,5,5,5,1,3,7,3,2,3,2,2,5,4,5,6,6,2,6,1,5,4,5,5,8,1,5,5,4,10,3,3,2,6,3,7,4,7,5,5
1231,,,,39,24,27,17,28,,21,,,,,,,,,,20,19,,37,,,,17,,,19,,,,,23,45,,11,12,6,19,,,45,,,,,1,26,24,,15,,17,44,16,,,,,,12,29,,8,,,25,,,12,,,36,,,,,,,28,30,27,,26,,31,,,23,21,23,,,29,,31,,
1232,,,,7,45,,,,,,,,,,,28,,,10,15,,7,6,,,,,,,,10,,,,,,,,7,,14,,,,,1,,,,19,,,,,,47,,,,9,,7,15,,22,,,,9,,,,14,,6,,,,,,,,,,,3,,,,,8,,6,37,8,,,,5,
1233,1,,1,1,1,20,21,1,1,1,,1,1,1,1,26,,1,1,1,1,1,1,1,,,1,1,27,1,,1,1,,22,49,1,1,1,25,1,1,,1,1,23,28,1,1,1,1,15,1,19,1,1,2,1,32,,1,1,1,1,1,1,,1,1,,1,1,,6,37,1,1,1,1,,,33,1,1,1,3,,1,1,40,1,29,1,1,1,1,1,1,1,
1234,14,,8,19,13,10,7,18,9,8,11,7,7,6,,16,10,7,,7,16,8,6,10,9,,6,,24,15,17,10,10,9,8,17,11,12,17,7,13,20,,7,3,12,10,1,5,14,7,17,12,23,14,9,10,8,14,29,,,10,5,28,25,2,,18,12,,25,,2,12,17,,,10,9,,6,16,12,23,19,11,1,10,17,1,8,3,21,10,5,3,20,17,16
1235,,,,37,27,27,22,21,,19,,,,16,,,,,,24,23,,25,,,,15,,,19,,,,9,19,44,,9,18,20,18,,1,27,,,,,2,23,22,,8,,18,44,12,,,,,,15,30,,,,,34,,,8,,,32,,,,,,,25,29,31,,22,,29,,,16,30,22,,,27,1,26,,
1236,,15,,30,40,18,25,16,24,18,,12,,12,,18,,17,,14,19,,12,,,,18,,31,13,18,20,17,5,11,30,10,14,5,11,14,,,39,16,,15,10,,10,13,17,6,26,17,42,14,16,9,30,2,,4,16,21,29,15,,18,19,,20,,18,30,4,,,13,,,12,20,21,10,19,15,16,,3,25,25,7,34,16,15,2,14,24,17
1237,15,,1,1,19,10,11,21,30,12,,4,,5,,9,,6,,13,11,,9,12,6,2,13,,19,1,4,15,1,10,15,18,,12,17,4,6,6,,33,10,13,12,21,,9,6,12,21,5,15,18,8,12,14,27,8,2,7,11,28,7,1,,15,16,,24,,12,4,18,,,,7,,8,23,11,29,19,7,14,13,12,17,8,14,17,5,15,5,19,18,1
1238,5,6,4,3,1,5,3,7,4,3,5,7,5,5,2,8,3,3,5,5,5,5,4,2,3,4,4,5,6,4,7,4,3,2,6,1,5,3,6,6,1,4,5,6,5,7,7,5,2,2,1,5,3,5,7,2,6,7,5,6,3,6,3,5,5,6,6,6,1,7,4,5,2,5,4,5,3,5,6,4,6,5,1,7,6,5,7,4,7,8,4,3,4,8,3,6,6,3,6,5
1239,4,3,5,4,3,4,5,2,2,5,1,4,4,5,1,8,5,6,5,1,5,1,3,2,3,1,4,1,1,6,4,1,3,2,3,5,4,2,3,1,6,6,7,3,1,6,2,5,2,4,4,2,6,3,2,7,5,4,5,8,3,3,4,6,5,4,6,3,5,4,5,1,1,7,1,4,1,4,5,5,9,3,7,1,4,4,1,5,1,7,3,5,2,5,8,1,1,2,6,3
1240,3,11,8,15,12,2,1,1,41,2,20,17,2,,10,,,10,13,9,,6,12,6,2,1,13,,11,7,2,13,2,17,2,2,15,3,2,1,9,2,1,2,2,2,2,20,2,2,12,2,2,9,2,1,11,8,12,3,2,2,7,7,2,31,7,2,3,8,2,2,1,9,1,10,,2,18,12,19,11,10,2,16,2,2,1,2,2,2,,10,3,2,7,2,1,,2
1241,12,10,,19,27,20,25,,,24,,16,,9,,19,,20,,13,18,,42,,,,19,,29,14,,17,15,3,24,38,13,9,5,9,17,,,31,12,,18,22,,22,18,21,10,26,9,1,13,,,33,,,13,16,20,,9,2,21,,,22,1,,31,9,1,1,16,,,19,23,27,10,20,16,21,,28,24,30,19,26,24,7,9,14,22,16
1242,1,4,4,6,5,2,4,4,3,1,3,3,3,2,6,6,1,9,3,2,2,6,1,1,4,2,3,6,1,7,3,3,2,3,2,6,2,4,5,5,1,5,5,5,3,5,6,2,2,6,6,2,6,2,2,5,9,6,4,1,5,4,5,5,5,4,6,1,4,6,3,6,3,3,3,5,4,1,1,7,2,4,5,5,6,6,6,2,5,9,1,2,1,4,6,3,2,6,7,3
1243,1,3,3,2,2,2,3,2,6,4,6,5,7,4,1,5,3,1,6,3,5,5,2,3,1,7,2,4,1,5,6,2,6,5,1,1,5,4,6,2,1,5,6,5,3,2,5,4,2,4,5,2,6,4,6,4,6,6,4,1,4,6,2,5,4,3,4,4,2,2,4,6,4,1,6,6,3,4,4,5,6,2,3,5,2,1,3,3,6,8,3,4,1,4,1,6,5,7,7,5
1244,,9,,1,2,18,27,17,26,20,,11,,15,1,18,,3,,14,15,,5,,,,18,,35,5,19,19,19,10,4,28,10,12,13,8,12,,3,39,15,,16,12,,10,9,18,15,27,17,40,13,24,14,1,,,10,12,20,1,2,,20,4,,20,,21,35,2,,,2,,,17,25,24,11,18,16,18,,18,24,29,24,31,12,11,5,15,26,17
1245,,16,,36,16,1,26,,,,,,,,,3,,,,14,24,,42,,,,20,,,7,,19,21,,27,42,,3,13,21,22,,,23,,,22,,1,5,22,,8,,16,46,15,28,34,14,,,3,23,,19,,,31,,,13,,,1,,4,6,,,,23,22,27,,19,,25,,,19,28,19,,,30,,18,,
1246,,11,,33,25,17,20,18,27,12,,16,,12,,,,17,,14,19,,7,,,,19,,34,13,19,21,21,11,15,28,12,7,11,12,19,,1,33,13,,18,12,,12,10,5,11,27,19,41,12,25,,30,,,12,15,16,29,,,15,23,,20,,17,34,15,,9,16,,,11,17,19,10,21,15,4,,28,25,30,13,33,22,17,8,15,20,9
1247,4,15,5,9,9,15,4,20,,12,,5,,21,6,11,,11,,26,7,3,5,,11,11,8,,31,7,4,10,15,7,13,11,14,10,6,7,21,7,,41,7,10,9,10,,17,13,17,13,16,18,8,12,4,7,8,,,8,21,22,,11,3,25,16,7,7,,3,19,17,3,,,12,,9,18,27,,13,14,9,8,24,18,3,9,23,,2,8,15,20,10
1248,16,17,,16,39,2,17,12,15,15,,1,,7,7,18,,19,,2,2,9,3,6,3,,11,3,3,14,19,3,4,12,7,2,13,1,4,1,6,2,,9,11,,17,9,,8,8,22,8,1,19,45,12,26,5,28,,7,5,13,17,29,16,1,20,27,,1,5,1,33,16,,,18,,6,15,26,22,16,6,14,12,,27,26,5,14,23,2,17,5,15,2,15
1249,,3,,32,9,2,2,13,12,18,,12,,9,,1,,14,,13,20,,10,,,,16,,33,13,17,21,18,10,11,30,4,11,1,8,15,1,,35,14,,17,4,,5,14,19,17,21,13,46,12,25,12,30,,,5,10,19,28,6,,23,18,,24,,16,36,17,,,17,14,,1,26,23,14,6,15,17,,11,25,35,12,36,9,20,7,15,22,20
1250,4,3,4,5,3,4,6,4,6,2,5,3,3,5,3,6,4,1,5,5,5,4,2,5,3,6,3,6,3,1,2,5,4,5,4,5,2,3,1,1,4,3,7,1,4,4,6,3,5,5,5,4,7,3,3,4,1,6,6,1,3,3,1,3,6,6,4,6,4,5,2,3,3,4,2,3,7,5,4,4,2,6,2,6,1,2,3,6,1,8,5,6,4,5,7,2,6,5,3,7
1251,6,6,3,14,1,15,9,18,31,11,10,9,,,8,7,,12,13,12,31,,1,15,17,,5,,17,16,,12,12,,6,,11,9,10,18,,14,,1,5,12,12,,1,7,11,12,10,13,19,10,7,1,10,14,10,11,14,,12,14,9,13,,,11,,8,,,18,10,1,9,16,1,9,15,1,9,12,12,12,11,16,9,,,11,6,11,9,,14,15
1252,12,,3,1,31,4,5,1,6,1,,18,1,4,1,9,6,1,,1,1,1,8,1,16,1,1,10,1,4,6,1,1,,1,7,,1,1,4,7,1,1,19,12,11,12,12,1,,,1,8,1,4,1,3,14,1,1,9,1,1,1,7,9,4,3,12,2,3,18,1,1,,18,1,1,4,2,7,8,6,1,1,22,21,17,4,22,2,,5,2,2,1,6,1,14,8
1253,2,1,1,2,1,2,1,9,12,8,2,10,,1,1,9,16,11,9,10,1,1,15,27,1,1,1,1,8,1,11,1,1,,1,,1,17,1,4,15,17,3,1,9,1,7,1,7,1,1,20,1,1,8,2,,2,,12,1,10,1,21,3,,,3,1,1,,1,2,1,1,2,2,1,1,9,1,16,,11,,,,1,2,20,1,2,,12,2,2,1,1,2,2
1254,11,,3,,31,4,4,2,5,7,,18,10,3,9,8,5,6,,7,5,2,7,2,16,7,3,1,13,3,7,11,6,,13,8,,10,22,3,6,11,2,18,13,11,11,11,6,,,8,7,10,10,6,2,13,7,1,10,4,1,3,6,11,2,2,11,1,2,17,13,7,,1,2,3,3,3,7,8,7,1,5,21,21,16,3,21,1,,4,4,1,1,5,1,13,8
1255,2,4,6,6,3,1,4,4,7,2,6,7,4,4,4,6,1,6,5,5,5,6,1,5,5,1,2,1,3,4,6,6,3,2,2,5,3,3,3,3,2,4,2,5,6,4,4,4,4,6,6,4,4,5,6,6,8,2,4,6,4,4,3,2,1,4,1,4,2,5,4,5,2,1,5,5,7,2,4,2,6,6,3,4,2,3,6,5,7,5,6,2,3,4,4,4,4,6,8,5
1256,1,6,5,5,5,5,3,2,6,3,2,4,7,5,3,2,7,6,4,5,6,3,3,1,6,5,4,4,5,5,5,2,5,6,6,5,3,6,3,6,4,2,3,5,1,9,1,6,6,5,3,6,6,2,7,6,7,5,5,7,5,1,5,5,3,2,2,6,6,1,1,4,1,3,5,4,5,4,5,4,3,4,5,4,1,6,7,1,6,10,3,6,5,8,4,7,7,5,4,5
1257,,,,42,26,28,17,,,20,,,,,,,,,,25,22,,36,,,,19,,,19,,,,,4,47,,9,6,25,18,,1,45,,,,,,28,23,,16,,10,53,16,,,,,,20,31,,,,,37,,,9,,3,36,,,,,,,27,27,34,,27,,26,,,23,30,24,,,29,,32,,
1258,,14,,33,15,16,22,1,16,16,,15,,14,,18,,14,,12,19,,6,,,,10,,32,13,16,3,19,4,7,16,8,12,7,10,16,,,34,16,,9,10,,10,11,18,6,20,15,46,8,26,8,1,,,10,8,17,27,16,,15,11,,19,,15,31,14,,,9,,,9,18,18,13,5,9,3,10,14,27,33,11,19,8,15,6,14,18,17
1259,,8,,33,40,17,27,18,22,13,,7,,11,,19,,10,,16,17,,7,,,,20,,34,13,17,6,20,7,13,25,11,15,11,8,6,,,41,12,,15,21,,2,13,5,15,24,17,45,13,21,12,30,,,1,11,4,22,2,,20,1,,8,,18,33,9,,,19,,,13,23,19,15,14,10,15,,27,24,36,13,35,22,21,5,14,26,13
1260,,12,,30,41,19,25,16,25,19,,8,,14,,16,,15,,4,15,,6,,,,19,,33,11,18,20,19,8,7,32,11,11,5,9,14,,,33,15,,17,11,3,11,13,19,7,26,11,46,5,24,10,30,,,6,15,20,28,14,,19,22,,21,,23,33,3,,,1,,,19,19,22,8,18,11,17,,27,26,30,3,26,12,21,8,13,1,13
1261,,,,34,19,13,18,,,,,,14,,,,,17,,2,19,,41,,,,15,,,4,,,22,,27,12,,3,13,2,21,,,28,,,20,,,26,24,11,5,,15,50,13,,,,,,22,18,,,,,30,,,13,,,27,,,,,,,22,25,29,,25,,24,,,17,27,19,,,32,,34,,
1262,1,1,1,8,1,1,6,1,1,6,1,1,1,1,4,6,1,1,1,4,2,1,1,1,1,1,1,1,1,1,1,1,4,1,5,5,6,1,1,6,1,4,1,1,1,1,1,1,1,1,1,1,8,3,1,7,1,1,6,7,1,1,1,3,6,1,1,1,8,1,1,1,1,1,1,1,6,1,3,6,6,1,1,1,8,6,1,5,1,1,1,1,5,1,1,5,1,1,1,1
1263,,,14,1,5,2,17,5,33,2,,1,,7,2,14,5,3,,7,1,5,13,1,,4,5,,21,14,,7,5,9,14,22,,7,2,9,7,5,,1,3,1,1,17,,17,9,13,1,1,19,12,9,14,1,1,9,,11,20,27,1,6,,35,1,,8,2,14,5,9,,4,6,10,,10,1,19,30,19,6,16,15,10,16,3,14,23,,7,11,17,27,19
1264,3,18,5,16,1,8,1,14,13,22,,16,2,6,,3,,3,,2,1,,13,1,1,,1,,2,15,21,13,3,11,9,21,12,12,4,7,19,5,,20,5,9,14,10,,1,16,2,8,24,19,46,13,26,6,1,,,1,11,23,27,16,,21,23,1,13,,20,1,15,2,,16,1,,13,28,23,14,20,15,12,13,28,21,2,15,28,12,13,1,17,5,2
1265,4,6,5,6,6,4,5,1,6,5,3,5,4,6,3,3,6,1,7,5,2,2,2,3,3,4,5,6,3,4,3,1,6,3,2,4,3,4,5,6,3,5,5,5,5,5,6,8,7,6,4,4,5,4,1,3,9,4,3,7,6,4,5,4,5,6,4,3,4,6,5,6,5,5,5,5,7,3,6,5,3,10,3,4,5,5,6,3,7,3,4,4,5,6,4,1,6,6,5,7
1266,4,8,7,2,7,1,8,7,5,7,3,7,2,1,8,10,,1,4,1,3,3,4,4,5,5,8,7,10,8,2,7,9,2,11,1,2,4,4,,,4,4,7,2,1,11,5,9,1,1,11,3,1,9,2,13,10,1,3,1,7,4,1,3,6,8,3,4,2,15,6,10,2,7,1,,2,,8,8,5,7,1,,8,4,1,2,6,5,5,2,8,2,2,8,1,1,10
1267,6,2,5,7,6,1,5,4,5,5,2,4,3,5,5,4,1,5,6,5,3,4,3,4,4,6,5,2,2,5,5,2,3,4,2,1,5,5,5,3,1,4,2,5,6,5,6,2,4,6,2,1,7,6,4,8,6,5,4,5,1,2,4,1,31,3,4,5,4,5,1,3,5,3,2,6,7,5,5,5,1,2,5,5,5,5,4,5,4,8,2,4,4,6,6,4,4,3,4,6
1268,12,2,10,2,20,10,26,14,10,13,16,7,,7,,12,,9,,8,18,,7,24,,1,3,,1,11,13,16,11,1,2,18,16,9,14,3,2,15,,1,7,16,4,12,,13,5,14,12,19,16,8,11,8,,25,,10,9,1,23,10,9,10,8,12,2,11,5,11,9,15,,,3,6,,18,19,11,,16,11,9,2,19,10,10,9,16,,5,8,3,22,15
1269,3,5,7,3,5,5,5,4,2,2,4,5,2,6,2,8,5,3,6,1,4,6,2,2,6,7,4,1,7,4,8,6,5,5,6,2,4,5,3,8,3,4,3,4,4,4,4,6,7,4,3,4,6,2,3,5,7,5,5,7,2,3,3,5,1,4,3,3,6,4,5,4,3,2,4,5,6,3,3,4,2,4,2,5,6,4,6,6,6,8,5,1,5,6,5,5,7,6,2,6
1270,1,1,2,1,7,7,1,9,1,6,1,8,1,1,1,3,1,1,1,8,1,1,7,8,3,,1,1,1,13,1,1,1,1,1,1,6,1,6,8,1,1,1,1,1,1,1,1,1,1,1,1,1,1,1,10,1,1,1,7,1,1,7,2,5,1,6,1,,9,2,1,1,1,1,1,1,1,1,1,5,1,10,1,1,1,7,1,1,1,1,6,7,1,4,6,1,1,2,1
1271,3,5,6,7,2,5,5,1,6,4,4,7,7,5,5,4,1,4,3,2,6,1,5,5,6,1,5,2,4,3,6,3,5,7,4,4,1,1,4,6,6,5,6,4,3,4,5,7,6,6,5,7,2,4,2,7,4,7,5,5,1,2,4,3,5,7,4,6,6,3,5,5,4,4,2,3,7,2,5,3,4,3,3,7,6,2,6,7,1,6,2,6,6,7,7,7,2,5,1,3
1272,2,5,1,3,1,5,2,1,5,3,5,7,2,6,4,5,3,5,7,4,6,6,4,6,4,5,2,4,5,3,4,6,1,1,4,4,1,5,7,6,5,7,6,1,3,1,6,4,4,6,3,5,7,4,1,7,7,3,1,8,4,4,1,2,1,7,5,4,5,2,4,5,4,4,6,6,4,6,4,1,6,6,5,2,4,4,6,2,6,6,4,4,4,4,7,4,2,4,7,2
1273,,,,31,18,23,13,,,,,,,,,,,15,,25,24,3,38,,,,9,,,6,23,,17,,25,40,,7,9,20,16,,,21,,,21,,,18,17,,4,,12,43,11,,,,,,21,24,,,,,31,,,12,,20,11,,,,1,,,24,24,26,,24,,21,,,18,28,20,22,,30,,10,,
1274,8,7,8,8,21,5,6,14,34,12,4,6,,,10,14,,11,1,2,7,,5,10,5,9,5,,14,18,12,1,11,,3,,5,8,15,10,,13,,16,7,7,11,,12,3,,13,16,12,15,9,7,11,1,10,16,,9,,1,14,7,3,,,13,,9,,,5,8,14,9,17,18,10,12,10,3,9,3,10,8,17,6,,,10,8,10,12,,4,8
1275,,11,,28,37,21,8,18,21,15,,14,,15,,19,,14,,12,17,,7,,,,19,,33,11,13,16,14,9,11,29,6,9,9,8,14,5,,36,14,,17,15,,14,16,18,12,21,6,46,11,18,9,30,,,11,14,3,28,15,,26,22,,20,,10,33,13,,,16,,,18,24,20,6,17,12,17,,25,23,34,9,33,19,17,8,9,,18
1276,1,1,1,7,1,6,6,4,1,1,1,1,1,1,3,7,1,1,1,5,3,1,1,1,1,1,4,2,2,1,7,1,1,6,1,4,1,4,1,6,1,1,1,6,1,4,1,1,1,1,1,1,8,1,1,1,1,1,1,1,5,1,1,1,2,4,6,2,1,5,1,1,1,6,9,1,1,1,1,1,8,1,1,1,1,1,6,7,1,1,1,1,4,1,1,1,1,3,9,1
1277,,,,38,24,31,16,,,,,,,,,,,,,22,17,,38,,,,21,,,18,,,,,17,40,,5,17,18,20,,,39,,,18,,,23,25,,17,,3,51,16,,,,,,19,28,,,,,40,,,10,,8,32,,,,,,,30,19,33,,24,,29,,,10,28,22,,,30,,32,4,
1278,2,1,1,8,4,2,6,6,3,3,6,5,2,7,2,7,2,1,7,4,5,6,2,4,4,2,2,4,5,1,5,5,1,6,1,5,1,4,4,3,6,4,5,5,5,1,6,3,4,4,5,1,8,1,3,5,6,6,4,4,5,5,5,5,4,3,4,1,3,6,3,3,3,2,1,2,7,2,5,5,4,2,4,2,2,4,4,4,5,8,2,6,1,1,1,7,1,4,9,4
1279,,,,42,25,27,18,,,,,,,,,,,,,25,21,,31,1,,,17,,,18,,,,,25,48,,12,10,23,1,,,45,,,,,,26,23,,18,,20,53,1,,,,,,20,26,,,,,40,,,13,,,36,,,,,,,31,26,32,,27,,27,,,22,28,25,,,26,,33,,
1280,6,5,5,6,1,2,4,2,5,3,3,6,5,3,5,5,2,5,7,5,3,3,2,6,5,4,4,1,2,4,4,5,4,3,2,4,4,2,1,4,7,5,4,4,4,6,6,6,7,3,7,5,5,3,7,5,6,4,5,7,1,5,4,4,5,5,6,5,6,3,4,2,4,4,6,5,7,5,2,2,6,5,4,6,6,5,4,6,7,10,6,5,6,7,6,7,3,4,8,6
1281,,,,36,18,21,1,,,,,,,,,21,,,,1,25,,41,,,,19,,,8,,,,,24,25,,6,13,1,21,,,28,12,,24,,,8,25,,13,1,16,49,10,,,9,,,22,22,,,,,32,,,3,,,4,,,,,,,22,24,28,,22,,27,,,16,30,20,,19,29,,13,,
1282,,,,21,3,24,2,,,,,,,,,,,,,13,25,,39,,,,20,,,7,,,,,14,41,,9,12,24,22,,,20,,1,,,,1,15,2,17,,15,48,11,,,,,,21,23,,,,,15,,,12,,,27,,,,,,,21,25,28,,23,,25,,,15,27,17,,17,29,,24,,
1283,7,6,7,7,4,8,5,7,7,5,1,7,5,8,6,10,3,4,5,8,3,3,4,8,4,3,1,8,4,8,7,3,5,6,7,7,5,5,6,6,,7,3,8,7,7,4,3,6,4,7,8,2,7,9,1,8,10,3,9,9,6,3,9,4,1,6,6,7,7,7,6,7,2,2,6,6,2,4,2,7,4,4,9,7,2,2,3,1,10,8,5,3,9,3,2,7,6,6,2
1284,,,,42,20,12,17,,,,,,,,,,,,,20,23,,34,,,,17,,,17,,1,,13,24,46,,1,13,25,19,,,42,,,,,,24,23,,14,,19,51,5,,,,,,10,27,,,,,36,1,,11,,,32,,,,11,,,31,24,23,,26,,26,,,22,26,24,,,30,,34,,
1285,5,4,6,6,3,4,1,6,4,2,2,6,4,2,4,7,4,5,7,5,5,5,6,5,1,1,3,4,6,4,5,2,5,6,7,6,5,5,5,5,3,5,3,4,4,5,3,2,6,3,4,7,8,6,6,6,8,6,4,7,6,5,4,4,5,4,5,7,4,1,7,5,5,5,5,2,7,2,5,4,5,4,7,5,4,2,6,3,7,7,5,5,5,5,6,8,4,8,8,6
1286,10,,,40,26,26,1,,,,,,,,,,,,,7,20,,33,,,,2,,,12,,,,,4,47,,11,1,25,23,,,44,,,20,,,20,23,,1,,20,50,14,,,,,,18,22,,,,1,39,,,13,,,24,,,,,,,30,25,34,,25,,22,,,23,26,24,,,31,,15,,
1287,1,1,1,4,1,2,3,2,6,4,6,6,3,4,2,1,5,2,6,3,6,5,3,1,1,6,2,1,7,7,1,5,4,2,6,4,2,1,3,5,6,3,6,4,4,4,6,3,1,4,4,3,7,5,2,1,7,3,3,6,4,4,2,3,5,5,5,5,2,2,1,1,5,1,2,1,6,6,1,6,1,3,7,1,5,3,1,5,1,9,4,3,2,1,5,1,4,2,4,5
1288,2,5,7,5,1,5,5,1,6,4,5,5,6,5,4,1,6,6,4,5,1,1,4,4,2,3,5,4,2,4,7,1,3,5,1,6,4,2,6,8,5,2,1,5,6,3,4,7,5,4,4,7,4,4,6,5,7,5,6,6,5,4,1,3,2,6,6,7,4,1,6,7,4,2,4,3,7,1,4,5,5,5,5,7,7,5,7,3,3,9,5,4,1,8,5,6,5,6,6,7
1289,1,5,7,1,2,6,3,2,1,2,6,2,4,5,4,7,5,2,5,5,4,6,4,5,1,5,2,2,5,4,6,3,1,4,2,7,3,7,4,8,4,6,7,2,4,3,3,5,4,6,3,5,1,7,8,6,2,3,3,6,4,3,7,6,5,7,5,6,5,1,7,3,2,2,3,6,8,6,6,1,4,4,6,4,8,1,5,4,5,7,3,5,2,1,6,1,4,6,2,6
1290,2,2,4,4,3,4,3,2,5,5,1,2,3,5,1,6,2,6,7,5,2,4,5,6,1,4,1,4,2,6,5,5,3,8,2,4,5,1,6,6,4,5,5,2,4,3,5,1,7,8,1,7,8,6,3,1,7,3,2,4,4,4,2,7,1,7,2,5,3,1,5,6,3,1,5,3,1,1,1,5,4,1,5,6,3,2,1,2,5,28,5,4,4,6,6,7,5,1,7,6
1291,4,1,6,7,4,4,4,7,2,2,2,3,3,6,5,1,6,6,3,4,1,3,3,5,4,3,3,1,3,6,6,1,1,4,5,4,4,5,5,2,4,6,7,4,5,3,3,7,6,7,4,6,1,6,6,7,3,4,4,1,3,5,4,4,3,6,5,2,5,4,5,4,1,4,2,4,7,7,3,3,2,3,1,4,6,4,6,1,3,9,1,3,7,5,7,4,1,7,7,1
1292,,,,41,24,31,18,,30,4,,,,,,,,,,24,23,,36,,,,3,,,17,,,,,24,47,,9,17,25,19,,,45,,,,,,26,23,,16,,18,53,18,,,36,,,18,27,,,,8,40,,,2,,,37,,,,,,,28,29,26,,27,,27,,,21,28,26,,,28,,33,,
1293,7,1,2,5,6,4,4,4,4,4,6,3,4,5,4,7,5,4,3,4,3,4,6,2,3,1,6,1,2,3,6,4,2,3,6,6,1,4,5,2,1,1,4,4,5,3,7,4,7,1,1,5,1,2,5,4,8,4,6,2,6,6,3,4,1,5,2,1,5,5,6,5,5,1,4,1,6,4,6,4,5,4,6,6,3,4,3,5,7,1,5,1,3,7,6,1,1,1,8,6
1294,13,,4,8,1,1,28,21,32,10,11,9,,2,1,8,,2,,4,13,,11,19,14,20,13,,17,11,4,10,9,12,19,19,13,12,17,13,6,15,1,12,5,17,12,13,,2,7,10,7,1,15,26,11,5,6,25,15,,1,20,24,22,13,,18,22,1,2,,14,9,18,,,,2,,8,21,14,18,21,9,10,12,4,10,7,11,21,11,14,6,22,13,17
1295,2,18,4,17,16,7,22,16,12,23,1,9,3,5,,2,,2,,2,20,,13,26,,2,2,,19,16,1,12,4,9,9,20,1,13,19,4,10,4,2,19,4,8,13,1,,16,8,22,8,23,18,1,14,11,6,30,,13,2,10,14,26,1,4,20,1,1,12,2,1,10,1,1,,11,2,,12,23,16,14,19,9,11,12,27,22,1,16,27,12,12,2,17,18,17
1296,,15,,30,40,22,24,17,28,16,20,9,,14,,12,,2,,11,21,,11,,,,19,,24,14,19,18,15,10,8,28,10,15,10,6,16,5,,28,12,,11,14,,12,9,18,10,18,19,45,14,24,7,33,,,10,13,16,14,11,,23,22,,12,,9,12,18,,,9,3,,10,26,22,11,20,14,15,,26,25,30,14,36,18,22,5,1,8,17
1297,16,,3,8,6,5,12,3,2,10,7,3,10,,3,18,,9,,16,1,2,8,2,13,6,3,7,10,11,1,,4,7,9,2,8,10,2,9,,7,7,8,4,8,7,7,,14,9,1,2,4,1,26,8,6,11,,14,1,4,,1,4,8,4,7,9,7,8,,2,4,2,9,17,7,7,6,2,5,4,7,1,2,4,13,3,3,6,5,1,12,4,4,,4,4
1298,,,,38,25,26,15,,,4,,,,,12,,,,,17,1,,31,,,,17,,,15,,,,,20,47,,9,16,24,17,,,43,,,,,,20,23,,17,,12,52,14,,,15,,,17,31,1,,,,37,,,9,,,36,,,,,,,31,1,33,,25,,27,,,1,29,16,,,26,,29,,
1299,,11,,24,40,19,28,15,25,20,,11,,14,,17,,13,,14,16,,6,,,,19,,32,10,17,17,17,10,2,31,9,12,2,10,9,,,19,15,,14,14,,13,12,19,15,26,11,41,12,22,8,31,,,7,15,19,29,16,,24,23,,21,,14,32,13,,,16,,,11,25,21,9,17,11,18,,23,26,24,6,26,17,22,3,11,23,19
1300,,,1,12,20,8,29,18,32,6,10,12,,10,,17,,6,,9,14,,10,19,,20,15,,20,12,2,14,11,9,18,17,7,10,17,15,8,11,,41,12,1,15,11,,16,9,1,22,13,18,20,4,13,15,32,14,,10,18,28,20,11,,17,2,6,18,,10,5,18,,,,7,,7,17,11,29,4,11,13,15,31,1,3,19,21,8,4,8,44,16,9
1301,7,8,8,6,4,8,6,1,2,6,4,8,6,8,6,6,7,6,6,7,8,27,5,9,2,4,2,,5,5,,4,10,3,8,7,8,6,9,11,,6,8,9,1,11,11,3,2,1,7,7,3,8,7,9,1,1,,7,2,3,8,11,1,2,11,7,1,6,8,5,6,3,2,7,6,6,9,6,6,5,7,2,7,6,8,1,5,10,3,,4,8,4,7,7,3,5,4
1302,2,3,6,5,5,4,3,4,7,3,5,4,2,4,1,2,3,7,5,1,1,5,2,5,6,2,4,2,5,2,5,1,5,1,6,7,5,5,1,7,5,4,6,2,4,6,5,4,5,3,4,1,1,1,4,4,7,5,4,6,4,1,5,4,3,5,5,5,6,5,5,3,1,3,4,1,3,5,3,4,6,4,5,6,4,2,1,5,5,3,3,4,4,1,1,3,6,5,4,1
1303,9,,,36,11,25,25,,,18,,,2,,,,,,,10,24,,38,,,,19,,,12,,,17,,22,32,,1,10,22,19,1,,27,,,22,,1,1,23,,18,,16,47,14,,,11,,,22,21,,,,,1,,1,12,,,27,,,,,1,,21,26,33,,24,13,21,,,12,29,17,,,29,8,23,,
1304,,9,,31,42,19,23,12,26,20,,17,,15,6,17,,16,,15,19,,10,,,,19,1,33,12,19,15,18,6,11,32,5,12,9,10,18,22,,37,13,,1,10,5,14,11,18,7,26,20,41,13,6,11,29,,,8,11,23,30,10,,14,1,,20,,22,32,17,,,2,,,14,24,19,7,6,4,18,,23,26,32,13,25,20,14,5,12,27,20
1305,4,5,5,4,11,7,5,5,1,5,4,1,4,6,5,3,3,6,8,7,1,3,3,2,5,5,5,6,3,5,1,2,4,7,7,5,3,5,4,8,3,5,6,4,4,8,4,5,1,2,1,3,2,2,3,6,6,5,6,1,5,6,3,4,3,7,1,5,1,5,5,2,3,5,6,2,6,3,6,5,5,2,5,2,3,4,5,1,6,7,2,2,1,7,4,3,3,6,8,6
1306,,,,32,8,1,24,14,20,18,,9,3,15,,15,,16,,5,20,,7,,,,17,,33,13,19,19,20,10,8,29,8,9,10,5,16,,,34,16,,16,11,,9,22,20,7,19,12,43,13,25,15,31,,2,4,13,20,29,4,,18,20,,22,,16,35,17,,,16,,,19,27,19,15,21,15,5,,13,22,33,12,32,17,23,8,16,26,21
1307,7,7,2,13,19,12,1,16,27,10,6,10,,,9,7,,13,11,12,,,10,14,7,,10,,17,18,17,11,10,,4,,13,7,16,17,,12,,12,6,11,11,,9,9,,14,13,12,14,10,9,11,11,13,13,12,16,,12,15,8,12,,,12,,7,,,17,6,13,10,17,18,12,18,9,8,12,10,12,11,14,8,,,11,11,12,13,,12,18
1308,,11,,32,41,20,26,3,26,19,,16,,13,4,2,,17,,15,21,,7,1,,,20,,34,11,17,20,18,9,8,31,1,1,7,5,17,,,36,16,,13,12,,12,15,22,7,27,15,45,10,26,8,30,1,,10,16,17,29,16,,8,2,,21,,22,34,16,1,1,14,,,2,24,21,8,20,13,19,2,25,26,33,15,26,16,19,3,15,27,19
1309,10,,,35,1,22,25,,,,,,,,10,2,,,,13,20,,39,,,,18,,,12,,17,,,26,44,,7,14,20,22,,,26,,,19,,,27,24,,14,,17,49,13,,,,,,22,24,,,,,40,,2,14,,,31,,,,,,,22,5,28,,26,,19,14,,18,30,14,,,33,,7,,
1310,,12,,31,42,20,5,14,25,18,,16,1,15,,13,,12,,1,13,,9,,,,24,,22,11,20,20,17,8,12,29,8,12,8,2,16,,,35,15,,11,11,,13,12,17,9,26,20,1,13,25,10,31,,,11,10,16,30,13,,17,20,,22,,18,31,8,,,,,,1,26,20,7,18,12,17,,26,1,33,13,31,11,23,2,11,21,20
1311,,7,,29,37,12,1,17,23,18,,11,,12,18,18,,4,,14,20,1,9,,,4,21,,27,12,19,19,19,11,14,23,10,15,12,10,14,21,,39,10,,15,17,,12,9,18,16,26,17,37,18,23,14,,,,11,3,5,24,9,,24,20,,23,,14,27,10,,,15,,,19,1,18,17,19,6,13,14,27,23,32,13,19,25,17,4,14,25,17
1312,4,4,1,2,3,3,6,6,5,5,4,2,4,7,2,6,1,6,6,2,6,1,2,5,6,4,5,5,1,5,2,4,5,6,1,1,4,2,6,6,1,6,4,4,6,1,3,4,5,3,5,6,10,3,1,4,6,3,4,4,6,1,4,4,6,6,2,1,6,1,3,2,2,4,4,4,1,3,7,1,5,6,2,3,5,4,3,1,7,2,3,4,5,5,6,2,5,5,5,3
1313,15,,11,40,1,10,28,20,34,10,,12,,7,,11,,3,,11,10,,6,22,,17,14,,18,10,16,21,3,10,16,20,7,2,16,11,8,1,,41,4,8,13,19,,16,12,12,22,14,18,19,9,13,14,21,12,,9,17,29,19,12,,18,17,,19,,14,6,2,,,,8,,9,20,16,30,3,4,16,2,21,15,12,11,20,11,3,7,46,18,14
1314,,,,9,41,,,2,,,,,,,10,26,,,11,11,,9,3,,3,,,,,,,,,,,,,,5,,17,,,,,,,,,,,,,,,4,,,,4,,6,13,,25,,,,11,,,,14,,3,,,,,,,,,,,,,,,,8,,,34,10,,,,8,8
1315,,,,39,26,28,16,,,26,,,,,,,,,,23,22,,23,,,,5,,,18,,,,,8,47,,6,15,25,15,,,45,,,,,,25,23,,10,,19,53,15,,,,,,21,29,,,,,37,,,8,,,34,,,,,,,1,28,30,,28,,27,,,23,32,25,,,30,,34,,
1316,,,,35,16,27,14,,,,,,20,,,4,,,1,13,23,,12,,,,20,,,9,,,16,,26,27,,9,3,23,23,,,22,,,21,,,21,25,,17,,4,51,2,,,12,,,18,23,,15,,,30,,,15,,,27,,,7,,,,24,25,29,,23,,22,,28,5,29,18,,,31,,11,3,
1317,8,4,3,13,2,4,2,2,36,4,8,9,6,,4,10,6,3,9,16,24,9,14,12,13,8,2,4,17,6,13,8,11,3,8,2,8,2,11,12,2,10,,4,5,9,11,5,7,6,8,15,4,12,,7,11,13,2,5,5,7,10,7,5,4,1,3,,6,9,9,7,9,2,9,8,7,6,16,2,2,6,7,7,8,12,16,9,10,10,,,12,8,9,6,6,4,18
1318,11,,8,9,10,9,28,19,32,6,,11,,2,,11,,2,,2,10,,8,20,,18,14,,19,8,15,9,5,7,14,12,,13,16,3,13,1,,32,9,14,7,17,,14,1,10,23,3,14,1,10,12,14,23,15,,9,18,26,18,11,,18,24,,2,,13,7,19,,1,,12,,8,22,5,1,18,11,13,12,24,20,13,13,16,9,16,1,47,14,14
1319,,,,3,46,,,,,,,,,,,27,,,8,12,24,1,5,,,,,,,,,,,,,,,,7,,16,,,,,,,,,,,,,,,45,,,,9,,8,15,,25,,,,8,,,,,,1,,,,,,,,,,,,,,,,8,,,35,10,,,,15,
1320,14,,14,14,24,12,24,16,35,11,,11,,20,,10,,1,,8,12,,8,19,,8,11,,13,10,19,12,12,1,16,11,,11,15,13,8,2,,12,11,16,13,18,,14,3,11,25,20,11,22,6,13,16,29,13,8,4,16,25,20,12,,17,27,,20,,12,7,6,,,,9,,8,21,18,27,17,11,12,10,20,16,2,14,21,10,15,1,44,18,15
1321,8,9,8,6,6,6,4,6,7,7,2,4,5,8,2,7,6,6,9,6,7,7,5,7,4,4,6,8,6,7,8,7,5,6,3,8,1,4,5,4,6,6,6,6,6,9,7,1,4,5,7,5,7,6,7,9,8,4,5,7,6,5,4,3,4,6,5,6,8,7,5,5,6,1,7,5,3,4,7,5,7,5,7,8,5,5,6,5,7,6,5,7,7,8,7,4,7,8,7,8
1322,,,,39,25,31,8,,,,,,,,,,,,,19,22,,21,,,,3,,,18,,,,,20,47,,6,8,25,23,,,44,,,,13,,28,22,,14,,20,54,16,,,,,,17,30,,,,,38,,,12,,6,35,,,,,,,30,28,30,,28,,25,,,22,30,25,,,29,,28,,
1323,6,2,4,6,6,3,5,5,4,4,2,4,3,5,4,6,5,5,7,4,2,7,5,4,5,4,5,6,3,3,6,3,8,4,2,4,6,5,6,5,4,4,6,3,4,5,5,2,1,6,2,4,6,3,6,4,2,6,1,2,5,5,1,3,5,5,4,7,1,4,5,1,4,6,4,6,2,4,5,6,2,2,1,6,2,4,4,3,4,7,4,5,3,6,2,7,7,2,1,6
1324,,,1,35,15,22,23,,,,,,,,,,,,,1,23,,43,32,,,22,,1,13,,,,,24,2,,13,6,20,17,,,22,,,20,,,18,10,,2,,6,16,8,18,33,16,,,22,1,,,,,19,,,15,,,29,,,,,,,23,21,19,,23,,22,,,9,28,16,,2,31,,14,,
1325,6,10,9,10,7,8,4,12,28,9,4,7,,,8,14,,13,14,3,29,,9,13,9,,8,7,15,19,,9,9,14,5,,15,8,17,15,,10,,15,2,2,8,,10,2,,14,15,12,16,8,6,12,2,13,17,,15,,11,15,9,1,,,10,,6,,,16,3,10,9,16,17,12,14,9,2,9,10,11,11,16,8,,,7,1,13,10,8,5,10
1326,1,3,1,1,1,6,1,1,1,1,1,1,,1,1,1,16,1,9,10,11,11,1,1,1,4,1,1,8,1,11,9,3,1,1,23,1,1,12,1,1,1,1,1,8,,6,1,1,9,1,20,1,23,1,9,,11,1,1,1,10,1,1,1,1,1,1,1,1,,1,1,11,1,1,1,1,3,1,1,15,1,1,1,1,1,9,2,20,4,1,2,12,1,1,1,1,1,1
1327,7,4,6,7,6,6,10,7,6,2,2,6,1,6,5,6,4,7,8,5,15,5,3,7,3,7,5,1,5,6,6,3,7,5,5,5,3,3,3,8,7,4,5,4,3,7,3,1,5,4,5,7,3,4,5,7,6,6,1,8,2,6,6,3,2,6,2,4,8,8,7,4,5,1,2,5,1,6,5,4,8,7,7,3,7,4,8,7,8,10,1,5,5,7,2,7,5,3,2,6
1328,6,3,6,13,23,8,5,13,32,9,10,12,,,9,11,,17,13,9,25,,13,16,15,,11,,17,17,,9,12,,8,,10,9,10,18,,12,,12,6,13,12,,12,9,,16,11,13,18,10,6,12,10,9,14,2,11,1,15,11,7,11,,,11,,10,,,17,10,1,1,14,10,9,16,13,6,12,13,17,12,18,9,,,9,9,11,10,,14,1
1329,5,1,5,8,3,5,4,1,6,4,1,5,4,1,1,9,1,5,5,2,5,6,5,6,4,4,4,2,5,5,7,1,4,4,3,2,3,6,1,2,4,7,6,4,4,6,1,6,6,5,4,3,7,5,1,4,8,7,3,7,5,4,5,5,7,8,5,4,7,2,1,6,5,3,5,5,5,4,5,4,3,6,2,7,4,1,5,2,5,7,5,3,3,3,8,5,1,5,5,4
1330,4,4,6,1,5,5,5,2,1,1,1,6,6,3,5,3,3,7,4,5,1,5,4,6,4,5,5,3,6,6,2,1,3,5,5,5,4,6,4,1,3,6,5,1,6,4,1,3,7,3,3,4,9,3,5,7,7,6,4,6,5,3,1,4,5,1,5,6,3,1,4,6,5,5,2,2,6,4,5,2,4,4,6,6,5,4,6,2,4,4,4,5,4,7,5,6,6,3,6,5
1331,4,4,4,3,1,5,2,1,4,4,1,6,3,5,2,7,5,6,2,5,4,6,3,2,6,5,5,2,6,3,3,1,4,1,4,4,4,6,7,6,1,4,2,4,4,5,6,6,5,5,2,7,2,1,5,6,5,1,5,7,4,2,4,2,5,4,5,2,2,4,3,5,5,6,5,6,7,3,5,6,5,2,3,7,7,2,3,3,2,10,3,3,5,8,5,6,6,5,8,3
1332,9,,6,14,13,7,28,22,32,1,,1,,5,,9,,7,,15,2,,6,17,,19,13,,20,9,14,13,10,7,16,11,,14,16,1,1,13,,37,2,16,14,18,,10,7,8,22,4,16,24,12,13,18,27,12,,7,20,25,1,12,,18,24,,22,,13,10,21,,,,10,,3,21,16,27,17,11,2,12,21,14,13,15,20,10,14,8,46,12,16
1333,,,,8,45,,,,,,,,,,3,29,,,10,1,,2,7,,,,,,,,,,,,,,,,4,,3,,,,,,,,,,,,,,,46,,,,11,20,7,12,,4,,,,8,,,,,,10,,,,,,,,,,,,,,,,2,,4,38,10,,,1,13,
1334,3,12,1,3,6,6,3,6,6,15,4,6,1,3,3,9,,5,3,2,6,6,3,7,1,4,5,4,4,5,8,6,3,6,5,5,2,6,2,4,2,5,5,2,4,8,2,8,3,2,2,2,5,6,6,4,6,4,2,2,8,7,2,3,6,6,5,6,2,4,5,6,6,5,2,3,6,6,8,5,1,4,5,8,3,7,8,5,7,9,5,2,6,3,6,1,5,4,6,6
1335,4,3,7,2,4,4,3,3,2,1,6,3,6,5,2,8,5,1,3,2,2,3,4,5,4,6,5,5,7,5,4,7,6,3,4,6,1,6,7,5,4,2,1,2,4,8,6,3,3,3,5,4,6,7,1,3,4,6,4,1,1,4,3,5,1,3,1,5,5,5,3,3,1,4,5,5,7,2,2,4,5,2,1,4,4,3,6,5,7,9,3,5,2,7,1,5,3,5,8,6
1336,3,5,1,3,2,5,4,2,5,1,3,6,5,2,4,7,4,4,6,4,4,5,3,5,6,6,5,2,6,5,6,6,2,5,5,5,2,7,6,4,4,5,5,4,5,4,5,4,4,2,1,3,2,6,2,7,3,2,3,3,4,5,4,4,5,6,4,6,2,6,4,6,5,5,1,6,6,5,3,1,3,4,6,2,5,6,5,5,6,1,3,5,5,9,2,6,4,6,8,7
1337,5,6,8,3,5,1,6,8,8,1,2,3,3,7,7,4,2,6,6,7,6,10,15,7,2,7,5,2,8,7,7,4,8,9,8,9,2,5,8,6,,7,6,15,6,8,8,8,3,3,11,1,7,,7,5,9,7,8,9,5,8,6,7,2,3,8,4,8,6,6,6,7,3,4,6,6,4,6,4,9,8,7,5,6,8,7,9,10,9,7,6,3,9,5,5,9,6,2,5
1338,,6,,34,41,16,25,17,23,20,,15,,8,,17,,13,,4,18,,8,,,,11,,23,13,16,22,20,5,11,30,7,13,3,9,16,,,32,16,,16,18,,13,9,21,14,23,19,43,14,25,14,33,,,6,14,11,25,13,,16,21,,21,,17,33,2,,,8,,,17,21,18,11,17,13,21,,13,23,18,14,35,10,19,6,7,22,20
1339,2,1,1,4,4,1,3,1,1,4,3,5,1,4,6,8,4,2,1,5,3,7,4,3,5,5,5,3,2,4,4,2,5,2,3,3,4,4,2,7,5,1,2,6,2,6,5,4,4,2,5,1,5,6,1,4,7,1,4,6,3,4,3,5,30,2,4,4,5,4,2,1,4,5,6,5,6,5,6,6,2,4,7,8,1,5,4,2,4,9,1,6,5,2,4,5,1,6,8,4
1340,2,3,6,6,3,2,3,2,1,4,4,6,3,4,5,8,2,4,3,1,2,5,3,1,4,2,3,5,3,6,1,5,1,4,4,4,3,4,6,5,3,2,4,3,3,6,6,2,6,3,1,4,3,5,6,4,8,3,6,6,5,3,4,3,3,6,1,4,4,5,4,6,4,3,4,2,6,5,2,3,2,1,5,3,4,5,1,5,1,9,4,3,1,9,3,3,5,6,7,1
1341,2,1,3,5,6,1,2,5,6,4,5,3,3,1,2,1,1,5,1,6,6,4,5,3,7,3,3,4,4,6,6,5,4,7,5,5,5,4,6,4,1,3,5,6,1,6,1,8,1,6,1,6,6,5,6,6,6,2,5,6,4,2,1,5,5,1,7,1,2,6,5,1,6,3,6,6,6,4,3,3,6,1,5,2,6,4,7,4,1,7,4,3,4,9,6,3,3,6,8,7
1342,16,2,9,20,10,6,11,4,7,5,11,8,13,6,3,11,14,2,,9,12,5,13,11,9,23,5,,27,15,8,7,10,5,8,18,,14,16,7,5,23,6,11,13,14,12,10,1,7,7,17,7,21,15,2,7,9,4,31,9,2,5,6,16,24,5,,8,13,7,24,,8,4,20,,4,3,7,,11,17,1,16,18,7,2,9,1,5,16,5,19,7,8,5,7,15,16
1343,,1,7,31,6,8,5,13,11,15,6,6,9,4,,11,20,7,,10,8,10,5,1,,,8,,7,10,16,7,15,2,8,17,6,9,11,5,13,19,,13,2,15,10,10,,16,4,17,17,21,19,7,9,7,5,10,,10,8,15,16,11,8,,20,10,4,25,,10,13,16,,,9,8,,8,19,16,9,3,13,12,8,20,9,25,4,20,7,4,5,13,18,10
1344,3,4,6,4,4,4,4,2,3,4,2,4,2,3,4,1,1,3,7,6,6,5,1,7,1,5,3,4,5,5,5,4,4,6,4,6,3,5,2,5,4,5,3,1,1,5,3,6,2,5,3,1,1,6,4,2,2,4,1,7,5,2,4,2,1,5,4,4,5,6,3,5,4,1,4,2,6,1,5,1,6,4,4,5,1,9,3,2,5,9,4,4,5,1,3,3,1,1,6,4
1345,,,,16,24,26,19,,,,,,,,,,,,,23,22,,34,,,,14,,,19,,,,,7,43,,1,16,24,13,,,40,,,,,,25,22,,15,,19,55,15,,,,,,20,26,,,,,25,,,6,,,34,,,,,,,30,27,33,,25,,23,,,22,27,24,,,29,,32,,
1346,5,5,6,6,7,4,3,1,5,7,1,5,6,1,1,2,3,4,6,5,1,3,6,2,5,5,7,4,1,1,8,4,5,1,1,9,6,1,6,5,8,2,1,5,6,7,6,7,3,4,6,4,5,2,7,1,2,6,7,7,6,1,7,1,7,6,5,7,7,6,6,2,5,6,7,5,4,1,3,3,3,2,9,6,7,5,2,7,8,2,1,5,2,2,1,7,3,1,7,8
1347,,,,40,26,24,18,,,,,,,,,,,,,16,24,,36,,,,18,,,14,,,,,25,47,,9,17,19,22,,,43,,,,,,21,19,,16,,9,14,11,,2,,,,17,25,,,1,,38,,3,7,,,33,,,,,1,,29,26,32,,22,,16,,,22,27,20,,,27,,27,,
1348,,1,,22,39,10,26,15,19,14,,8,,13,,19,,15,,14,21,,9,,,,20,,28,12,14,18,15,8,12,30,10,14,11,8,14,,,39,15,,14,15,,5,7,15,15,26,11,42,12,23,14,32,,,6,9,8,22,16,,18,23,,19,,2,1,14,,,16,,,18,26,22,14,19,13,2,15,26,23,35,10,36,16,20,4,13,25,16
1349,8,,2,8,15,10,25,20,31,11,,8,,9,,3,,4,,14,15,,2,21,7,18,11,,20,8,18,12,10,8,18,10,4,12,18,15,10,1,,42,12,9,14,10,,18,5,12,22,16,19,26,9,12,13,26,9,,8,17,28,20,2,,17,20,,23,,2,10,21,,,,10,,1,21,17,30,19,11,9,2,19,15,9,19,21,10,12,10,19,16,6
1350,,,,40,21,29,13,29,,20,,,,,,,,,,24,20,,36,,,,15,,,16,,,9,,23,39,,13,14,24,18,,,45,,,,,,26,25,,17,,19,52,3,8,,14,,,18,31,,,,7,37,,,14,,,33,,,,8,,,30,25,27,2,26,,29,,24,3,28,23,,1,31,10,33,,
1351,2,2,5,5,3,3,5,6,8,1,1,4,2,7,4,7,1,3,8,3,5,2,3,4,3,4,4,1,4,1,6,2,3,4,1,1,5,1,6,4,6,6,1,3,4,1,5,2,4,4,1,1,5,3,6,2,8,5,6,2,5,2,4,4,7,3,5,5,3,6,7,2,1,5,7,3,3,2,2,1,4,5,6,2,4,3,3,5,5,9,5,5,6,8,5,5,8,1,8,1
1352,0,0,0,0,0,0,0,0,0,0,0,0,0,0,0,0,0,0,0,0,0,0,0,0,0,0,0,0,0,0,0,0,0,0,0,0,0,0,0,0,0,0,0,0,0,0,0,0,0,0,0,0,0,0,0,0,0,0,0,0,0,0,0,0,0,0,0,0,0,0,0,0,0,0,0,0,0,0,0,0,0,0,0,0,0,0,0,0,0,0,0,0,0,0,0,0,0,0,0,0
1353,4,1,7,16,1,1,2,22,42,3,1,13,1,1,11,18,,9,4,8,1,,1,7,,2,16,,1,8,1,14,3,1,1,1,14,4,19,1,6,1,,3,3,1,1,1,3,8,7,1,3,1,1,1,1,9,12,4,1,11,8,1,3,14,15,1,1,9,1,1,2,8,2,18,,3,,11,20,1,11,1,17,1,3,13,1,1,9,5,11,19,1,8,3,1,5,3
1354,1,1,,1,44,4,27,1,2,19,23,9,,13,11,21,,1,2,1,1,,5,,,21,12,,7,3,16,20,5,1,14,1,1,16,1,1,5,3,,1,15,,1,20,13,2,17,22,11,2,18,27,1,3,4,32,,,8,12,1,22,15,18,25,23,,21,1,20,32,7,8,,2,,1,10,1,21,15,16,13,15,15,21,20,1,13,22,27,1,6,14,23,15
1355,,12,,24,41,20,26,18,23,20,,13,,15,,13,,15,,14,17,,8,,,,18,,20,12,16,18,19,10,10,31,9,13,10,4,16,,,32,13,,18,14,,11,11,18,14,26,12,44,9,23,15,13,,,8,14,15,28,13,,15,14,,21,,17,31,16,,,13,,,9,25,19,10,17,10,17,,21,27,32,12,32,20,18,7,16,23,19
1356,15,,2,20,17,8,11,21,2,2,2,6,1,8,,15,11,7,,12,15,16,13,11,13,,4,,20,14,10,11,6,9,9,19,13,17,14,4,14,21,,30,4,17,10,7,5,13,4,16,14,22,12,4,8,1,6,30,10,10,9,7,27,22,3,2,19,15,,11,,6,2,18,,5,10,5,,5,15,14,21,20,12,9,9,2,,11,4,21,11,10,4,18,16,16
1357,11,,6,17,16,4,5,21,24,14,,12,,8,,17,,8,3,7,11,,1,29,,21,15,,14,10,,,13,3,12,14,13,11,18,8,5,13,,41,5,19,9,12,,7,6,17,11,19,18,20,8,8,11,21,7,10,9,18,27,13,14,,20,8,8,19,,7,13,17,,,,10,,8,17,18,28,2,11,12,9,20,8,4,12,18,11,10,10,12,4,16
1358,13,,13,15,23,7,27,19,29,10,,13,,8,,7,,3,,13,11,,11,2,,2,13,,19,6,1,15,9,10,13,16,,13,12,16,11,14,,42,11,13,12,18,,15,4,13,25,17,17,26,9,13,11,26,10,,7,13,25,21,8,1,16,27,,23,,8,10,19,2,,,13,,4,20,15,24,4,5,17,12,19,14,16,16,18,7,11,7,43,16,19
1359,5,4,3,1,6,3,4,3,6,3,2,4,5,7,3,7,6,7,6,6,5,5,4,4,6,7,4,4,8,2,6,6,5,7,5,6,5,4,3,5,7,4,3,4,6,5,6,8,2,4,6,5,3,5,4,2,8,2,4,8,3,2,5,5,1,5,5,6,5,3,5,4,6,6,5,6,5,4,3,3,6,6,4,3,4,5,6,4,5,6,5,4,4,6,3,4,8,5,7,6
1360,1,8,8,9,21,5,3,12,8,10,11,3,,,8,13,,10,9,12,21,,8,12,12,8,11,16,13,14,15,8,8,,2,,14,7,3,17,,15,,14,3,9,9,1,8,6,,14,11,10,19,9,9,9,9,14,16,,14,,10,12,7,11,,,6,,8,,12,15,8,9,5,15,16,12,19,6,8,13,8,10,12,10,7,,,12,11,12,11,7,4,18
1361,6,7,6,4,4,2,5,6,5,2,3,2,2,5,3,6,4,2,6,5,3,5,5,2,2,2,4,6,6,5,1,3,5,1,1,6,2,5,5,6,6,3,6,5,5,7,6,1,2,1,4,7,7,2,5,6,1,6,4,4,1,4,5,2,3,7,7,7,4,5,6,3,5,5,5,5,1,4,4,5,6,5,4,6,1,4,5,6,1,7,6,2,5,7,5,6,1,5,7,6
1362,,9,,1,41,4,28,17,23,19,23,8,1,1,1,16,1,11,,1,18,1,6,,,,1,,35,13,17,7,13,8,1,12,12,1,1,9,7,1,1,41,17,,1,22,1,1,1,6,12,1,16,44,14,1,13,1,,1,2,1,1,23,1,1,21,2,,9,,17,32,5,,,4,,,19,1,1,13,15,11,15,,26,20,1,14,1,1,1,6,1,27,14
1363,,,,8,42,,,,,,,,,,,30,,,10,16,,7,3,,,,,,,,,,,,,,,,7,2,17,,,,,,23,,,,,,,,,50,,,,9,1,8,13,,24,,,,8,,,,,,1,,,,,,,,,,,,,,,,7,,4,38,11,,,,13,
1364,8,11,8,9,9,8,6,7,12,6,7,7,,5,,9,22,9,6,9,6,1,1,,,,7,5,6,6,13,4,6,7,6,9,7,8,11,7,4,6,,32,3,10,11,11,,17,10,18,1,,1,9,10,6,1,12,8,6,12,16,7,3,5,,8,15,,13,,5,8,16,9,6,1,,,7,20,24,9,6,7,13,9,3,9,32,5,29,10,,6,14,8,8
1365,3,1,7,5,5,1,2,6,4,1,2,3,1,5,5,5,2,1,3,4,5,5,5,4,1,2,3,5,7,4,6,4,5,6,6,3,1,5,4,4,2,5,4,4,5,5,5,4,4,4,2,6,3,7,4,1,8,1,1,1,5,1,2,4,2,5,2,6,1,6,2,4,7,1,4,5,3,2,2,4,5,3,5,7,2,1,3,5,1,2,3,3,4,5,3,3,6,4,5,5
1366,,10,,33,9,17,22,10,27,21,,10,,9,,16,,16,,13,19,,8,,,,16,2,33,12,13,19,18,5,1,31,9,10,5,2,13,,,20,9,,15,11,,10,13,21,8,25,20,40,4,26,4,29,,,10,14,10,28,15,,18,8,,8,,12,29,12,,,11,,,7,24,29,11,20,5,21,9,22,21,32,11,29,21,12,9,12,27,19
1367,4,4,5,6,4,2,1,6,1,5,5,5,1,7,5,4,5,4,6,4,5,6,4,6,6,5,4,3,5,5,1,5,4,5,3,2,1,3,5,1,5,6,4,3,1,4,6,6,4,5,7,3,7,7,5,1,8,5,3,3,5,3,2,4,4,2,4,2,9,6,5,4,3,3,5,4,7,3,4,6,1,3,4,4,5,5,4,6,4,5,2,2,5,7,3,4,5,2,8,6
1368,8,,4,,29,3,8,23,4,11,,17,,2,8,10,6,4,,6,4,1,7,9,15,10,4,8,12,2,6,1,4,6,12,7,,,21,1,5,,1,19,11,12,12,11,5,,,6,8,9,2,5,1,7,6,,10,4,8,3,7,10,1,1,26,,2,14,10,,,16,,6,4,4,1,7,6,14,5,20,20,,2,18,4,,3,4,14,2,4,1,13,7
1369,6,1,6,5,3,5,4,1,7,5,5,4,6,6,5,9,6,5,5,6,7,7,2,8,5,7,4,2,4,4,7,5,2,1,7,5,1,2,7,3,4,3,7,3,7,4,1,8,2,3,6,6,6,7,8,6,9,6,6,6,5,2,7,6,2,2,1,1,8,5,5,4,5,2,1,6,6,5,3,3,5,3,5,5,6,5,7,16,4,3,2,2,6,7,5,5,4,5,6,7
1370,4,2,6,6,5,1,5,3,5,4,4,5,1,3,6,5,4,6,2,4,3,2,1,5,4,5,2,1,7,5,5,3,5,1,6,5,3,6,6,5,3,6,5,2,3,5,7,1,6,2,5,7,8,5,3,1,6,6,5,7,5,2,2,3,5,5,7,6,1,4,6,1,4,4,1,4,7,1,3,5,2,2,4,5,3,5,1,3,2,4,5,4,6,6,4,6,3,7,5,6
1371,,13,,10,45,,,9,,11,,,,9,,23,,,7,2,,3,2,14,,,6,,,8,,,,,3,,,9,3,,12,,,,,,24,13,,16,,2,,,,45,,,,9,,4,7,17,3,,,,6,,,,,,9,,,,,,,,,,,,,,,11,3,,,39,10,,,,14,
1372,15,1,4,24,18,,12,23,9,8,3,5,,7,1,14,12,8,,12,14,14,13,12,14,,5,,37,15,16,11,10,8,8,20,11,16,14,5,14,20,,6,1,18,12,4,3,14,5,15,1,22,11,2,9,2,8,30,11,11,10,20,27,23,6,1,18,12,,24,,6,10,19,,,8,7,,11,14,13,21,16,11,9,10,20,7,6,5,22,10,11,5,23,15,16
1373,11,,,14,8,5,24,,,,,17,,21,,,,,,11,7,,38,1,,,20,,,12,,16,15,,12,40,,9,12,4,22,,,26,,,20,,,19,16,,13,,14,2,11,,,,,,19,15,28,,,,29,,,9,,,22,,,,,,,23,22,28,,19,13,23,,,19,28,19,,21,32,,17,29,
1374,10,,12,16,7,9,28,19,33,7,,13,,7,4,15,1,8,,15,15,,11,20,,20,11,,20,12,19,19,10,12,17,19,,12,16,16,6,12,,34,11,12,18,16,,18,10,14,23,20,15,25,5,11,16,23,10,,9,17,27,19,17,,16,24,,21,,12,13,23,,,8,10,,8,19,14,26,5,1,15,7,31,17,1,18,20,6,15,8,44,14,17
1375,2,2,5,2,5,3,2,5,1,3,2,5,2,5,1,2,1,2,1,4,6,3,5,1,4,4,1,5,2,3,6,3,1,4,2,4,4,5,6,2,1,1,7,4,6,6,7,3,2,6,5,1,6,5,3,3,9,1,1,3,2,6,2,4,2,6,2,3,1,4,1,1,3,3,2,5,6,4,4,6,1,1,4,8,1,5,1,1,2,1,3,4,1,1,1,4,2,4,7,3
1376,4,1,4,5,2,5,5,4,4,6,5,5,6,5,2,4,5,5,5,5,3,5,4,4,2,3,5,5,6,6,4,5,5,2,7,5,5,3,6,5,2,4,4,2,2,6,4,1,4,4,4,5,7,4,4,8,3,7,4,7,5,4,4,7,1,7,2,5,6,7,1,4,5,5,7,4,5,3,6,3,5,3,5,3,3,5,2,6,3,7,5,3,3,7,5,7,5,5,6,6
1377,0,0,0,0,0,0,0,0,0,0,0,0,0,0,0,0,0,0,0,0,0,0,0,0,0,0,0,0,0,0,0,0,0,0,0,0,0,0,0,0,0,0,0,0,0,0,0,0,0,0,0,0,0,0,0,0,0,0,0,0,0,0,0,0,0,0,0,0,0,0,0,0,0,0,0,0,0,0,0,0,0,0,0,0,0,0,0,0,0,0,0,0,0,0,0,0,0,0,0,0
1378,,2,,9,46,,,,,,,,,,,30,,,11,3,,8,2,,,,,,,,,,,,4,,,,1,,17,,,,,,,,,,,,,,,45,,,,9,,1,10,,22,,,,9,,,,,,7,,,,,,,,,,,,,,,,5,,,39,11,,,,12,
1379,,,,42,23,25,11,25,,,,,,17,,,,,,24,21,2,36,,,,5,,,17,,,,,23,46,,5,16,19,16,,,40,,,,,,22,23,,16,,19,53,14,,,,,,13,29,,,,,24,,4,10,,7,36,,,,,,,28,29,33,,27,,23,,,25,25,27,,,29,,33,,
1380,4,5,5,5,1,4,2,4,4,3,4,6,2,6,2,6,5,7,3,6,2,5,3,5,5,3,4,5,5,5,5,4,4,6,6,6,3,4,6,1,3,6,4,3,7,7,6,5,5,4,7,2,5,6,5,5,7,3,5,6,3,1,3,3,6,6,5,1,3,5,6,4,5,6,3,1,6,2,4,5,5,2,7,1,5,5,7,2,8,8,2,2,5,10,7,7,6,7,7,8
1381,,,,41,25,30,22,,1,,,,,,,,,,,22,24,,26,,,,15,,,17,,,,,24,1,,10,13,23,20,,,45,,,20,,,26,1,,14,,20,49,15,,,,,,21,34,,,,3,25,,,7,,,31,,,,,,,31,20,26,,26,,28,,,23,31,25,,,26,,31,,
1382,,13,,36,1,22,22,1,,,,,,,1,,,,,7,19,,42,,,,21,,,7,,21,,9,12,39,,3,13,19,22,,,19,,,21,,1,19,21,,8,,17,47,3,,,,,,23,23,,,,,34,,,16,,,28,,,,,,,22,21,28,,23,,24,,,4,28,19,,,29,8,19,,
1383,6,3,8,9,1,2,7,5,1,5,6,7,4,1,5,7,2,8,8,2,1,5,6,9,6,1,1,9,8,7,3,1,2,8,5,7,5,3,7,8,8,6,2,1,1,5,1,2,1,7,5,1,9,7,7,7,8,1,1,6,3,8,7,7,1,1,8,2,8,4,7,8,1,3,2,5,8,1,4,2,2,10,7,1,6,2,6,6,10,2,6,2,1,3,6,5,1,7,8,1
1384,6,4,4,4,7,2,7,7,4,8,3,5,8,8,6,9,3,7,,6,16,24,7,9,1,8,4,2,9,8,7,4,2,8,8,,4,,7,5,1,8,4,18,8,8,14,9,7,,,7,13,9,10,8,10,7,4,14,17,6,7,4,3,6,9,7,9,7,5,11,10,,2,7,1,3,4,5,8,9,6,6,3,5,7,,2,7,6,,5,8,8,6,2,4,3,2
1385,10,13,10,1,24,4,26,18,10,16,19,8,,1,,17,,1,,12,20,,9,19,14,21,15,,18,8,14,10,12,7,5,22,9,17,15,1,15,6,,38,14,16,13,11,,11,1,14,14,21,1,7,2,11,1,30,,,9,4,25,15,9,5,23,23,,16,,1,5,21,,,10,7,1,11,16,16,12,18,10,16,8,17,7,23,9,35,11,22,4,7,19,16
1386,1,1,1,1,1,1,1,1,1,1,1,1,1,1,1,1,1,1,1,1,1,1,1,1,1,1,1,1,1,1,1,1,1,1,1,1,1,1,1,1,1,1,1,1,1,1,1,1,1,1,1,1,1,1,1,1,1,1,1,1,1,1,1,1,1,1,1,1,1,1,1,1,1,1,1,1,1,1,1,1,1,1,1,1,1,1,1,1,1,1,1,1,1,1,1,1,1,1,1,1
1387,17,,1,9,6,5,13,1,1,9,,3,8,,2,6,,9,5,14,2,4,7,3,12,3,6,7,10,10,17,,3,6,11,3,8,11,18,9,,6,1,7,6,8,7,9,10,15,8,2,6,3,2,28,8,7,12,26,12,8,7,,1,3,7,2,6,8,6,7,1,4,7,1,7,16,,8,5,1,4,3,8,7,1,7,12,2,2,7,6,9,13,7,2,,6,7
1388,5,1,3,5,3,2,5,2,3,6,6,6,7,7,5,7,5,6,4,4,2,3,1,5,6,6,4,3,2,5,4,2,6,3,6,6,5,6,4,5,4,6,2,1,5,4,7,6,3,3,2,6,4,4,2,7,5,8,5,5,6,6,2,4,7,6,6,5,3,4,4,5,5,5,6,4,6,4,3,6,2,5,7,5,5,5,3,6,7,5,5,4,5,7,6,6,5,4,7,5
1389,4,3,2,2,7,1,5,6,4,2,2,5,3,1,4,1,2,5,1,4,3,5,3,6,4,4,7,1,1,1,7,6,1,5,3,4,4,1,5,3,2,6,4,2,4,8,1,6,3,2,3,1,1,6,6,4,3,1,2,9,2,7,5,1,3,5,6,7,6,5,5,7,3,6,3,3,3,5,2,3,7,2,5,8,6,4,1,1,1,5,6,5,6,7,3,5,5,7,7,1
1390,0,0,0,0,0,0,0,0,0,0,0,0,0,0,0,0,0,0,0,0,0,0,0,0,0,0,0,0,0,0,0,0,0,0,0,0,0,0,0,0,0,0,0,0,0,0,0,0,0,0,0,0,0,0,0,0,0,0,0,0,0,0,0,0,0,0,0,0,0,0,0,0,0,0,0,0,0,0,0,0,0,0,0,0,0,0,0,0,0,0,0,0,0,0,0,0,0,0,0,0
1391,3,5,4,5,2,5,5,6,6,4,3,4,6,3,5,6,2,2,2,3,5,2,3,3,5,6,7,3,5,5,1,4,6,6,6,6,1,6,3,8,5,5,3,4,2,7,6,5,5,6,4,4,5,4,4,2,8,7,6,7,5,4,3,3,2,6,5,6,8,6,3,5,3,2,2,4,5,5,2,6,6,5,7,4,6,3,3,5,5,6,3,3,3,6,4,6,6,6,2,1
1392,,,,33,18,23,21,,,26,,,,,,,,,,16,24,,37,,,,18,,,20,,,,,25,44,,8,17,23,1,,,44,,,20,,,23,24,,14,,19,53,6,17,,,,,19,32,,,,,39,,,9,,,30,,,,,,,28,30,32,,24,,28,,,22,23,23,,,31,,32,,
1393,5,6,5,6,4,5,2,6,2,7,4,5,2,6,5,6,5,2,6,5,12,2,3,6,7,4,4,,5,6,3,6,4,6,5,6,6,2,7,6,4,5,6,3,4,5,5,3,1,5,3,8,7,2,2,9,8,6,3,4,6,6,5,4,5,4,2,4,4,4,4,4,6,4,4,2,4,5,7,4,6,4,1,6,7,6,6,6,4,2,5,4,4,7,5,5,3,3,8,6
1394,4,1,9,1,1,3,1,1,1,1,21,1,3,,1,,1,1,1,10,,7,1,1,3,1,14,,1,1,1,1,1,18,3,1,1,1,1,1,1,3,2,1,1,3,1,21,1,1,13,1,1,1,3,2,12,1,13,4,1,3,8,8,1,1,1,1,1,9,1,1,2,1,2,11,,1,19,1,1,1,11,3,1,1,1,1,3,1,1,1,1,1,1,1,1,2,,1
1395,1,1,8,6,1,1,1,1,1,5,5,1,1,1,1,7,2,7,1,2,6,1,1,1,4,1,5,1,1,9,1,1,1,1,1,7,1,1,1,1,1,1,1,1,1,1,1,2,2,1,1,5,9,8,7,1,8,1,1,10,1,1,1,1,1,1,1,2,1,5,8,1,7,1,1,1,1,1,1,1,1,1,1,1,1,1,7,1,10,1,6,5,1,1,1,5,7,7,1,3
1396,3,,,35,19,25,23,,,,,,,,,,,1,,14,22,,40,,,,18,,,5,,1,16,,26,34,,2,12,22,22,,,23,,,21,,,16,24,,8,,16,48,14,,,11,,,22,22,,,,,30,,,16,,,3,,,,,,,17,24,27,,22,,26,,,4,27,17,,,32,,8,,
1397,12,,24,2,17,1,28,20,30,15,10,13,,9,5,2,,1,,11,12,,1,13,,2,15,,18,10,8,7,10,6,3,14,,7,16,9,8,14,,41,11,13,7,13,,16,3,17,18,13,15,4,2,7,13,27,9,6,8,18,7,6,11,,9,27,,19,,2,1,18,1,,18,,,1,12,2,12,3,11,15,14,15,9,17,13,1,1,1,6,10,19,18
1398,1,1,4,7,8,5,5,5,6,4,6,4,5,4,5,1,5,6,6,3,5,4,2,4,6,3,4,6,1,4,5,5,3,6,6,5,3,7,5,3,2,3,3,4,2,6,6,6,2,1,6,7,4,5,6,7,2,5,2,1,4,6,1,6,6,8,4,4,6,6,5,5,5,4,4,4,2,2,5,5,5,3,7,5,4,2,1,4,7,9,6,4,4,6,2,1,3,5,8,2
1399,1,6,6,6,2,3,5,3,2,4,5,7,1,5,3,4,4,3,7,3,4,4,4,5,6,4,4,5,2,6,8,1,6,3,5,5,3,1,6,4,5,5,2,4,4,4,6,4,1,5,7,1,6,4,5,7,1,8,4,6,2,2,3,5,4,4,7,5,4,6,7,2,2,3,7,2,6,3,3,2,5,4,2,5,5,4,5,4,2,10,3,4,1,4,5,6,4,3,5,4
1400,11,,14,16,1,1,30,5,31,4,2,14,,6,,9,,8,,14,9,,10,17,,19,14,,16,11,19,12,11,9,17,19,,11,13,16,10,12,,28,5,17,3,11,,21,4,14,24,18,16,26,15,12,17,25,11,,6,17,1,20,5,2,12,25,,22,,13,10,21,,,,13,1,7,20,15,25,15,1,15,9,21,16,12,1,20,9,12,9,46,15,7
1401,1,4,3,7,6,1,1,3,5,6,6,4,1,1,6,1,4,6,5,6,1,7,2,5,2,6,4,2,6,1,5,1,4,5,6,1,5,6,3,2,5,1,7,4,7,1,4,4,5,4,7,6,9,7,20,3,4,6,3,4,,6,6,5,1,4,6,6,1,3,2,4,4,4,1,5,6,6,5,1,5,4,1,3,1,5,5,1,7,1,1,4,2,2,1,2,5,6,7,1
1402,2,1,4,3,7,3,4,5,3,5,5,5,4,6,4,2,4,6,5,7,1,4,3,3,6,6,4,5,6,5,7,3,4,5,6,6,5,5,8,6,5,2,1,5,7,8,7,6,6,7,2,6,5,6,7,8,1,5,4,5,3,1,1,5,5,4,7,6,4,1,6,3,6,6,1,6,4,1,6,5,6,4,7,6,6,1,2,1,2,5,7,1,5,6,6,2,5,6,8,7
1403,12,,5,3,24,7,9,5,,4,9,16,,12,15,13,,11,2,,1,6,,1,17,6,,4,4,10,8,,3,2,14,3,,,4,,8,1,7,9,7,,11,7,,14,12,,26,11,8,9,21,9,1,3,4,9,4,6,21,11,,5,,1,,2,5,,5,19,3,,23,20,5,4,3,10,5,5,1,,,4,24,34,,17,5,13,8,5,6,3
1404,,1,,41,24,29,16,23,,,,,,,,,,,,16,23,,37,,,,14,,,18,,,,,23,6,,5,17,23,19,,,30,,1,,,,27,24,,17,,13,54,5,6,,,,,21,26,,,,,37,,,13,,,36,,,,,,,29,28,32,,26,,28,,,25,30,25,,,32,,30,,
1405,6,8,5,,4,6,5,5,7,,4,6,6,,,1,3,2,8,,7,,,6,22,5,3,4,7,6,5,,3,9,6,4,1,7,4,7,5,7,6,6,7,5,7,9,7,4,5,,8,5,,9,6,,7,5,1,2,3,,9,6,3,6,7,4,8,6,46,6,6,7,,3,5,,6,6,5,4,3,3,4,5,6,5,4,,4,,8,8,6,5,10,5
1406,,15,,17,15,22,25,,34,,,,,21,,2,,,,12,25,,38,,,,14,,,5,,,24,,25,34,14,8,6,5,23,,,39,,,1,,,19,17,1,13,,14,48,3,,33,14,,,23,22,,,,,32,,,15,,,2,,,,,,,24,25,23,,21,,24,,,19,30,17,,18,32,,15,,
1407,4,4,4,2,3,1,1,8,5,4,2,4,3,4,5,7,6,5,6,5,4,7,5,4,1,3,2,5,6,5,4,9,4,9,4,5,4,4,6,6,2,6,5,3,4,3,1,4,3,6,5,5,4,5,8,8,9,6,5,6,3,6,6,6,6,6,4,2,2,1,4,5,5,5,8,4,7,5,5,1,4,7,2,7,4,2,3,3,6,7,1,4,7,6,4,8,4,6,2,5
1408,7,,1,17,10,12,26,19,30,10,,4,,9,5,15,6,9,9,7,1,15,9,14,,10,11,,19,12,14,9,12,8,12,14,15,11,14,10,9,13,,12,10,3,8,12,,15,8,15,26,15,16,2,9,9,7,13,,,1,9,10,21,9,,10,19,1,11,,10,2,17,6,,,7,,3,20,4,11,4,8,11,3,16,14,3,20,9,11,17,8,17,11,3
1409,4,6,4,2,7,4,5,6,3,5,5,6,5,6,2,8,6,4,6,5,3,4,4,5,6,1,4,5,3,4,7,6,6,7,4,6,5,6,2,5,6,3,7,2,5,6,7,3,5,1,4,2,7,6,5,3,8,1,5,7,7,5,1,4,1,4,4,1,2,6,3,2,3,2,4,1,6,4,5,5,6,4,1,1,4,4,6,5,8,4,4,3,4,1,6,6,6,3,8,5
1410,7,2,8,15,23,14,4,17,33,10,9,1,,,6,12,,12,12,12,29,,12,15,15,,10,,16,15,,12,8,,9,,10,9,13,18,,15,,13,1,10,13,,5,7,10,14,11,15,20,8,7,11,10,15,11,10,11,,13,13,1,15,,,10,,10,,,10,10,12,10,15,17,7,18,10,9,13,8,14,11,17,9,,,11,8,12,8,,14,12
1411,4,13,4,7,1,6,1,2,3,4,4,1,6,7,4,2,1,1,,10,4,1,5,7,6,5,2,5,2,8,7,2,3,3,6,6,1,9,7,5,3,6,1,2,4,8,3,3,5,6,5,6,1,9,20,5,5,5,1,1,2,7,4,5,29,2,5,5,1,4,2,1,7,5,4,4,5,6,4,3,7,5,4,2,6,1,3,4,7,10,6,4,3,6,5,1,7,7,7,2
1412,,5,17,30,2,20,23,17,23,21,,19,,10,,16,,16,,16,21,,2,26,,,19,,21,7,17,,21,1,12,29,11,10,7,11,18,20,1,35,17,,1,16,,14,11,19,15,24,17,42,13,22,,7,,,10,17,23,29,15,,22,24,,9,,20,27,18,,,14,11,23,16,22,1,,21,14,20,,30,21,27,11,23,21,13,9,14,,19
1413,,,,39,25,31,22,,32,,,,,,,,,,,20,21,,35,20,,,17,,,19,,,,,17,47,,7,16,17,16,,,44,,,,,,24,23,,11,,11,53,17,,,,,,22,31,,,,,38,,,6,,,34,,,,,,,32,29,30,,27,,1,,,22,30,22,,,30,,33,,
1414,,,,41,25,29,17,27,,,,1,,,,,,,,24,1,,1,,,,16,,,1,,,,,18,46,,6,1,21,21,,,40,,,19,,,22,21,,15,,19,54,17,,,,,,16,29,,,,,35,,,9,,9,1,10,,,,,,29,27,30,,25,,26,,,11,29,23,,1,28,2,1,1,
1415,1,9,,3,35,3,27,19,23,18,,9,,12,,17,,12,,14,21,,8,,,,19,,34,11,19,19,18,12,15,28,11,13,4,9,12,,,38,11,,17,20,,10,17,6,14,27,18,45,11,26,11,19,,,2,11,6,25,14,,24,22,,19,,19,34,11,,,1,,,18,24,20,14,19,11,16,11,28,18,32,14,34,22,24,1,13,26,17
1416,4,3,5,7,7,4,1,4,4,5,3,4,1,5,4,5,6,1,5,4,3,2,3,1,5,5,3,5,5,4,7,2,4,7,3,4,2,4,7,6,5,8,1,1,4,4,4,4,1,2,4,5,7,5,4,9,8,6,1,6,7,4,3,6,6,6,3,2,5,4,1,5,1,1,5,4,5,5,5,5,5,4,5,8,5,3,4,4,6,8,5,2,5,6,2,3,2,9,9,5
1417,,1,,1,26,1,14,1,1,,,,1,1,,1,,,,1,1,,1,1,,1,1,1,,1,,,,,7,49,1,1,15,1,1,1,1,1,,,1,,1,28,1,,17,,20,53,17,,1,,1,,1,29,,1,1,1,1,,1,1,,1,33,,1,1,1,1,,1,1,22,,25,1,27,,1,11,22,1,1,,1,4,33,1,
1418,,9,,29,38,18,8,16,27,9,,18,1,13,,14,,16,,15,20,2,8,,,,7,,23,12,17,18,9,10,22,1,11,8,9,12,2,18,5,28,12,1,17,6,4,12,15,19,13,7,6,8,10,20,10,29,,,10,6,17,28,2,,26,17,,17,,2,13,14,8,,14,,,11,9,22,12,20,14,18,,28,24,16,14,4,17,16,2,2,26,16
1419,7,9,1,6,5,6,6,9,8,3,8,6,6,8,7,4,4,6,9,6,9,9,7,7,3,3,6,6,2,7,8,6,7,9,,1,5,8,7,6,,3,7,6,4,2,10,6,4,10,5,14,6,6,10,8,4,5,8,7,5,7,7,11,5,7,9,,8,6,8,6,8,7,7,3,,14,1,2,6,6,7,6,6,1,8,6,1,5,7,6,5,,1,7,13,8,1,18
1420,4,2,5,2,6,4,5,4,4,5,4,1,2,3,4,7,7,6,7,4,4,4,4,2,4,2,5,4,3,4,6,3,6,6,6,3,5,6,2,4,2,5,3,3,5,7,6,5,6,4,3,6,5,6,5,7,3,5,5,6,3,4,6,5,5,6,3,1,3,5,,3,2,5,3,6,7,3,4,2,6,3,6,2,6,4,4,3,7,6,2,4,4,3,5,4,9,8,5,5
1421,5,4,7,13,13,8,8,10,30,9,7,11,,,8,12,,16,12,11,26,,12,1,14,,7,,16,18,,11,12,9,6,,11,7,9,7,,11,,11,4,12,2,,10,8,9,14,5,9,15,9,6,11,10,11,14,,10,10,13,15,9,12,,9,11,,11,,,11,10,12,5,15,15,8,5,14,8,13,14,14,2,16,9,,,1,9,11,6,,14,19
1422,8,,6,11,15,2,17,21,26,6,,2,2,7,5,6,,3,,1,7,9,1,16,5,3,10,,15,12,16,20,12,3,7,7,,9,19,9,6,8,,4,7,3,14,6,7,6,1,7,6,3,5,1,8,16,8,6,7,5,1,19,27,21,2,,7,20,9,4,2,6,5,9,,5,5,10,,9,4,17,21,1,5,8,8,1,16,1,7,19,10,15,9,10,1,17
1423,,,,38,23,27,22,,30,,,,,,,,,22,,19,18,,38,,,,16,,,17,,,,,22,43,,10,16,23,16,,,44,,,1,,,26,17,,9,,19,52,16,,,,,,22,28,,,,,35,,,5,,,34,,,,,,,25,27,30,,20,,28,,,20,26,20,,,26,,33,,
1424,,,,10,42,,4,,,,,,,,,24,,,4,15,22,10,3,16,1,4,,,4,,5,,,,4,,,,7,,1,2,,,,,,,5,,,,,,,45,17,,,8,,7,14,,22,4,,,5,,,,12,,10,,3,,,,,,,,,,,,,,7,,,40,11,,,7,10,4
1425,7,,11,14,18,5,27,22,30,12,,8,,7,,12,,10,,11,14,17,13,21,13,22,12,,13,7,15,9,11,7,10,17,1,13,16,13,5,14,,9,12,16,13,11,,3,8,11,16,18,18,24,2,11,6,27,14,2,4,16,22,22,15,,18,23,10,24,,7,8,20,,,17,1,,12,16,18,18,21,12,20,11,2,3,17,15,22,11,4,5,49,14,1
1426,,,,39,1,27,20,,,,,,,,,,,,,17,24,,1,,,,4,,,12,,,,,23,48,,6,14,22,18,,,29,,,,,,25,16,,18,,20,10,14,,4,,,,23,30,,,,,30,,,10,,,35,,,,,,,28,28,33,,26,,29,,,19,19,26,,,28,,31,1,
1427,14,13,11,1,21,9,27,20,30,14,,13,,21,,9,,8,,5,3,,10,2,,20,14,,4,4,13,11,11,10,15,9,5,13,17,12,3,5,,37,10,17,13,17,,8,7,13,4,1,18,50,5,14,15,23,14,,7,20,28,23,12,,15,21,,20,,9,11,10,,,,11,,4,20,12,1,3,11,8,13,24,16,8,20,20,1,30,7,47,14,17
1428,,8,,21,39,14,28,16,20,17,19,8,,14,,18,,14,,9,21,,9,,,,20,,31,4,16,19,18,10,12,10,9,16,12,10,6,7,,38,15,,15,2,,10,17,18,17,25,16,40,14,24,10,31,,,4,11,20,27,1,,20,20,,22,,16,34,14,,,15,,,17,27,22,23,17,16,9,,26,23,35,14,36,18,14,6,17,25,17
1429,8,,6,32,13,25,20,23,,,1,,1,16,,20,,18,,8,23,2,40,22,,,20,5,23,6,24,,14,11,25,24,12,7,14,9,20,11,,29,,,22,20,,18,14,,11,,9,49,13,13,15,6,13,,9,17,21,,,,14,27,,12,,,18,,1,,,,,24,22,28,,25,13,19,,30,13,10,19,21,15,32,5,47,,
1430,12,1,7,1,1,11,19,22,1,1,1,1,1,1,1,12,1,1,1,13,1,1,,1,1,1,1,1,1,1,1,1,1,1,14,1,1,1,18,15,1,1,,1,1,1,1,1,1,2,12,13,1,1,1,27,1,1,1,1,12,1,1,20,1,1,1,1,18,1,1,23,1,1,1,21,1,1,1,12,2,10,1,17,1,1,1,1,15,1,1,1,17,1,5,1,8,20,1,1
1431,0,0,0,0,0,0,0,0,0,0,0,0,0,0,0,0,0,0,0,0,0,0,0,0,0,0,0,0,0,0,0,0,0,0,0,0,0,0,0,0,0,0,0,0,0,0,0,0,0,0,0,0,0,0,0,0,0,0,0,0,0,0,0,0,0,0,0,0,0,0,0,0,0,0,0,0,0,0,0,0,0,0,0,0,0,0,0,0,0,0,0,0,0,0,0,0,0,0,0,0
1432,,,,40,26,30,19,,,24,,,,,,,,,,17,23,,37,,,,16,,,17,22,,,,20,45,,12,8,24,19,,,43,,,,14,,27,23,,16,,9,48,18,,,,,,21,27,,,,,33,,,7,,,34,,,,,,,30,29,32,,28,,29,,,24,30,24,,,25,,31,,
1433,7,1,4,10,21,4,4,17,34,9,5,11,,,7,13,,12,2,11,29,,3,14,10,,9,,10,19,,11,9,,3,,12,10,14,18,,12,,17,8,11,10,,9,2,,14,13,12,16,8,9,10,8,13,13,,13,,13,11,10,13,,,11,,11,,,16,9,2,4,17,16,13,19,1,9,12,1,13,3,16,5,,,11,7,11,10,9,13,9
1434,5,1,6,3,29,5,3,7,6,7,2,4,1,7,7,8,4,2,7,2,4,3,5,5,2,2,5,6,5,8,5,6,5,3,10,1,6,6,1,,,2,4,6,1,1,8,4,8,4,2,13,3,6,10,2,12,7,2,3,5,5,6,2,2,4,7,2,3,3,15,1,6,3,6,5,,5,,6,11,3,8,11,,6,2,5,4,5,4,5,2,7,5,2,8,4,3,12
1435,10,5,7,3,7,6,4,6,24,5,,5,3,1,,8,21,3,,4,6,4,2,4,2,8,10,3,2,7,1,6,6,6,5,6,4,3,2,7,3,7,6,31,5,9,11,3,,11,9,2,8,25,6,8,2,1,16,11,5,5,8,2,6,2,6,4,5,2,3,2,6,4,2,17,8,7,7,,,6,1,2,6,5,5,20,8,2,10,5,3,21,7,4,7,5,8,3
1436,6,4,3,7,23,1,12,12,12,16,,1,,2,,12,,3,,11,7,,4,15,2,,14,,32,7,1,17,15,8,9,6,,10,10,6,6,9,,14,7,,18,12,,9,11,12,11,20,19,1,11,6,2,1,,13,11,27,20,21,9,,6,18,,18,8,1,10,1,,,11,11,,7,10,16,4,18,10,2,,14,11,18,14,1,9,5,9,15,19,8
1437,4,3,6,4,3,6,6,7,5,3,5,7,5,8,4,3,5,2,1,6,6,5,2,4,8,1,4,5,6,6,4,3,5,8,3,6,4,6,2,6,5,5,5,5,2,6,7,4,5,7,6,4,5,4,7,6,8,6,3,4,4,6,2,2,5,7,6,6,6,5,7,5,3,1,8,3,1,2,4,5,4,4,5,7,5,3,4,3,6,8,5,1,6,7,5,5,3,6,5,5
1438,,,,40,27,28,15,,,,,,,,,,,,,23,23,1,33,,,,1,,,16,,,,,17,47,,7,16,25,21,,,44,,,1,,,25,24,,9,,19,53,16,,5,,,,16,26,,,,,25,,,9,,,34,,,,,,,29,30,32,,24,,28,,,25,27,22,,,31,,32,,
1439,4,1,1,4,1,1,1,1,1,1,1,4,1,7,1,1,1,1,1,1,1,1,5,3,1,3,1,6,2,1,1,1,1,1,1,1,5,3,1,6,4,2,1,5,1,1,1,1,6,1,4,2,1,1,6,6,1,3,1,1,1,5,1,3,3,1,7,1,7,7,1,1,2,3,5,4,1,1,3,7,1,1,1,8,4,1,1,1,5,7,1,1,1,1,2,1,1,3,1,2
1440,5,6,6,5,5,6,7,5,6,4,5,5,1,7,6,6,4,5,2,9,6,6,4,7,7,6,1,5,2,6,6,5,7,8,5,6,6,1,6,6,6,6,6,6,3,7,11,6,3,7,4,7,5,8,6,8,3,1,4,5,6,6,6,8,5,8,7,2,7,1,7,9,7,3,5,3,,7,6,3,5,14,6,2,3,6,4,3,11,12,3,5,5,8,3,6,8,6,8,6
1441,3,5,8,6,6,4,8,7,5,7,3,5,3,3,7,8,5,1,,3,3,4,2,9,4,4,8,2,10,8,4,3,7,4,10,3,4,6,4,7,,3,5,7,3,3,10,8,10,2,1,11,3,4,4,2,11,4,2,4,4,4,2,6,2,5,7,1,4,3,15,3,9,,8,4,,4,,8,8,4,5,6,,7,2,6,3,7,2,4,4,8,1,11,7,4,4,13
1442,3,6,7,,8,4,3,6,4,7,6,4,5,4,1,8,5,2,2,5,5,4,5,2,6,,1,1,1,2,1,8,6,1,6,4,2,2,7,1,3,2,7,,4,7,1,2,6,1,3,5,8,2,2,6,1,3,2,1,1,5,4,3,4,6,5,4,8,6,1,5,6,7,2,6,1,2,1,4,7,6,5,2,4,6,1,2,3,8,3,3,1,2,6,8,2,9,1,5
1443,1,,4,19,12,10,7,20,1,1,8,5,10,7,,14,15,8,,13,14,9,7,10,10,,15,,18,14,9,10,7,8,9,17,11,14,16,3,14,20,1,29,2,16,5,4,1,12,7,17,14,1,17,3,8,7,7,28,11,,7,4,16,23,4,4,19,12,2,12,,8,12,1,,,11,8,,10,16,15,16,19,12,8,11,17,2,12,1,19,10,13,3,17,17,16
1444,,1,,32,7,15,23,9,27,15,,16,3,2,,9,7,10,,14,7,,7,,,,10,,25,8,8,10,20,8,9,18,9,9,9,11,4,,,34,8,19,15,4,7,13,10,20,16,,14,10,8,24,5,7,10,,10,3,3,4,8,,27,7,,16,,8,32,14,,,8,,,10,20,2,13,10,9,14,9,7,21,16,13,18,9,8,7,7,11,10
1445,1,7,9,7,8,6,8,1,34,13,11,7,10,7,8,1,9,8,14,8,6,2,1,11,6,10,3,,14,10,11,8,8,11,9,,7,9,14,8,,6,6,8,7,7,11,1,13,1,1,14,11,13,20,8,3,12,2,9,17,,9,5,8,7,8,7,11,6,1,,,,,7,11,15,10,1,3,10,13,7,4,12,1,,7,11,2,2,,3,6,1,9,,2,9
1446,10,,10,13,21,10,29,21,34,10,1,11,,10,,3,3,8,,6,12,,12,17,,20,14,,5,8,15,12,4,9,18,15,,10,17,15,8,14,,33,12,15,10,16,,9,8,11,20,16,17,26,12,14,14,25,12,,7,20,29,21,11,,15,19,,21,,17,7,20,,,,11,,5,19,13,23,19,9,10,10,20,3,14,16,19,10,8,12,46,19,13
1447,5,6,5,2,4,1,4,2,6,1,4,5,5,8,3,6,3,5,5,5,5,5,2,5,6,6,5,1,6,3,6,5,4,7,6,7,4,7,4,5,4,6,2,5,5,1,6,3,7,6,5,5,5,5,4,6,5,5,3,7,6,7,6,2,4,2,7,5,3,2,6,4,6,3,4,7,6,4,1,5,6,1,7,6,3,7,5,5,8,7,7,5,6,8,5,3,7,4,7,4
1448,,,,39,25,26,19,,,24,,,,,,,,,,23,23,,37,,,,17,,,19,,,21,,22,47,,8,16,21,19,,,44,,,,,,27,23,,16,,15,52,17,,,,,,14,29,19,,2,,39,,,9,,,34,,,,,,,26,24,34,,27,17,29,,,19,29,26,,,29,,32,,
1449,4,4,1,7,5,5,2,4,5,4,4,6,3,3,5,7,2,5,6,4,5,7,4,5,1,4,3,6,7,5,2,5,1,6,5,1,2,6,4,6,1,4,4,1,1,6,3,7,1,1,1,6,5,1,5,5,6,3,1,6,6,7,1,4,1,7,6,5,5,1,6,5,5,1,6,5,2,1,6,5,1,4,8,2,6,3,5,3,2,10,3,3,4,5,5,7,5,6,3,7
1450,19,3,1,9,25,11,8,6,1,3,4,10,10,,6,12,10,6,,9,5,4,5,14,15,5,,4,19,11,11,10,10,9,8,,5,8,,6,,6,9,3,5,20,,9,8,8,7,6,10,8,,6,9,12,7,1,10,1,10,7,28,5,2,6,7,6,1,,11,,7,8,,15,8,6,8,8,10,1,7,8,2,,12,29,,8,8,,4,6,,,6,18
1451,,18,,36,17,6,23,,,,,,,23,,,,19,,11,23,,40,,,,21,,,6,,,,,16,35,14,4,10,4,3,,,25,,,20,6,,20,22,,11,,16,49,12,,,,,,20,21,,17,,,3,,4,16,,5,26,,,,,11,,19,26,29,,24,,24,,24,6,27,18,,22,31,,7,,
1452,,,,5,46,,,,,,13,,,,,28,,,7,15,,9,4,,,,,,,,,,,,,,,,8,,4,,,,,,,,,,,,,,,47,,,,7,,7,12,,24,,,,4,,,,,,8,,,,,,,,,,,,,,,,7,,,36,3,,,,16,
1453,14,,5,18,10,7,6,19,10,7,9,5,,7,6,17,13,11,,6,10,12,6,13,11,,8,6,25,13,8,9,1,8,10,16,10,13,15,2,13,18,,7,3,11,6,9,,14,9,6,13,23,18,3,9,5,7,14,9,,8,8,12,23,9,3,24,15,1,23,,3,11,16,1,,6,5,,2,15,16,,14,10,9,11,1,13,6,5,24,9,7,5,16,13,8
1454,,,,35,15,22,20,,32,,,,,23,,,,,,11,20,,41,,,,19,,23,10,,,,,10,39,17,2,13,22,21,,,28,,,18,,,18,25,17,12,,5,15,10,,,,,,22,19,,,,,20,,,15,,,30,,,,,,,18,1,27,,20,,25,,,1,27,18,,,29,,30,,1
1455,1,12,1,16,1,1,1,12,28,1,14,14,1,1,6,1,1,3,1,16,9,1,1,30,1,13,16,,4,1,4,2,8,12,1,32,1,9,13,18,1,2,1,1,5,2,1,10,1,3,1,2,1,1,1,7,4,1,1,14,16,,8,1,25,1,1,3,1,1,,14,1,1,9,1,1,1,9,2,1,1,1,1,28,1,10,15,10,22,17,1,1,1,1,1,4,1,1,1
1456,2,6,5,2,3,4,3,1,3,4,6,4,3,7,5,5,3,4,4,4,2,6,3,4,4,5,3,4,2,4,7,4,3,4,7,7,3,5,6,5,6,6,5,2,5,6,3,7,3,7,3,4,6,3,4,1,7,4,2,9,2,6,3,3,5,6,7,4,4,1,4,6,5,5,3,4,6,1,4,3,6,5,9,5,2,5,2,4,3,11,1,3,5,8,2,5,4,5,8,4
1457,1,3,2,4,2,5,1,6,5,3,2,7,3,4,4,8,1,5,5,6,1,4,3,1,1,6,3,3,5,1,6,6,1,6,2,5,2,2,4,3,3,6,5,1,1,6,7,6,4,6,3,6,1,4,5,6,6,4,5,8,3,2,3,4,5,3,4,3,6,6,5,5,4,4,4,5,7,4,3,3,5,3,6,5,2,5,7,1,3,8,1,2,6,2,2,3,5,1,6,2
1458,2,7,6,8,5,6,2,5,6,5,5,,6,5,3,6,6,6,4,7,1,2,5,4,3,4,3,8,6,6,6,7,5,6,3,5,2,4,6,6,4,5,1,3,6,7,7,5,4,2,5,6,7,5,7,7,5,6,4,2,5,4,3,7,2,,4,5,5,4,3,3,3,5,7,6,3,3,4,6,2,5,5,1,4,2,3,4,6,3,5,5,5,4,7,5,6,2,7,6
1459,,,,39,20,25,22,,,,,,,,,,,,,13,5,,32,,,,16,,,16,,,,,17,48,,10,14,25,17,,,44,,,8,,,28,15,,18,18,17,51,16,15,,,,,20,32,,,,,37,,,9,,,30,,,,,,,25,29,25,,27,,29,,,22,29,15,,,30,,30,,
1460,5,6,4,7,7,6,4,5,6,3,2,5,4,6,6,5,1,2,6,3,5,6,4,2,6,6,4,5,6,3,6,5,6,3,5,7,4,5,3,3,6,5,6,4,5,5,7,8,6,2,6,5,7,6,3,4,5,6,4,5,4,5,2,4,4,4,4,7,1,3,5,5,4,4,6,1,5,3,5,5,5,4,5,7,5,1,5,3,6,2,5,4,3,6,3,5,6,4,3,6
1461,7,2,4,10,5,1,8,4,8,6,6,5,3,6,2,10,2,6,9,4,8,11,7,10,3,1,6,10,11,9,8,6,7,9,,13,8,8,9,6,2,6,8,11,7,5,9,10,5,8,,1,8,9,,7,9,6,7,14,17,10,8,7,28,8,7,10,5,6,9,7,9,8,9,7,,6,6,16,6,4,9,11,9,6,9,12,5,12,7,,6,9,6,6,7,,3,8
1462,,,,41,23,28,21,25,,,,,,,,,,,,10,21,1,37,,,,14,,,16,,21,,,23,47,,11,1,24,20,,,42,,,,,,26,20,,17,,18,54,15,16,4,,,,17,28,,,3,,38,,,1,,,34,,,,,,,27,25,31,,27,,29,,,24,19,25,,,30,,33,,
1463,1,1,1,1,2,1,1,1,1,2,5,1,4,1,1,1,4,1,6,1,1,1,3,1,1,1,1,1,1,1,1,1,1,4,14,1,4,2,1,1,3,1,1,1,1,2,1,1,2,7,1,7,1,1,6,1,3,1,1,8,3,1,1,4,1,4,1,2,1,3,1,4,1,1,1,1,1,1,1,6,2,1,5,1,4,1,1,2,1,4,3,1,1,1,6,1,7,1,1,5
1464,1,1,6,13,12,10,28,21,2,11,,4,,15,,10,,1,,5,1,,12,21,2,21,14,,20,7,16,8,6,3,21,19,,13,18,10,11,3,,34,3,16,12,15,,3,8,14,19,8,10,26,13,6,16,26,12,,8,20,7,21,12,,19,22,,13,5,13,1,21,,,,12,,9,21,2,8,19,8,10,13,22,15,9,16,20,10,17,3,47,16,12
1465,9,9,11,,9,5,10,1,,4,,,1,,6,7,9,33,11,14,17,4,11,9,9,6,28,14,2,6,,,25,,,,13,18,5,,,11,,6,3,,10,5,10,,,5,16,13,18,,26,2,,5,17,22,12,10,,,8,,,23,12,12,2,6,9,,2,,7,,10,9,6,16,16,,15,15,4,,,18,,11,,8,21,,,4
1466,1,1,1,1,1,1,1,1,1,1,1,1,1,1,1,1,1,1,1,1,1,1,1,1,1,1,1,1,1,1,1,1,1,1,1,1,1,1,1,1,1,1,1,1,1,1,1,1,1,1,1,1,1,1,1,1,1,1,1,1,1,1,1,1,1,1,1,1,1,1,1,1,1,1,1,1,1,1,1,1,1,1,1,1,1,1,1,1,1,1,1,1,1,1,1,1,1,1,1,1
1467,4,5,2,2,6,2,6,4,5,4,1,8,4,2,3,5,5,4,1,1,4,4,3,6,3,2,5,3,1,3,6,4,4,5,4,3,1,5,2,8,2,6,3,4,1,4,6,6,6,7,6,4,7,5,4,8,4,5,3,4,6,3,2,6,2,6,4,3,5,3,3,2,1,5,4,1,1,2,5,5,4,2,6,7,6,3,5,3,7,8,1,4,1,7,1,2,2,4,8,4
1468,,,,9,44,,1,,,,15,,,,,28,,,2,17,,3,3,,,,,,,10,,,,,,,,,7,,20,,,,,,,,,,,8,,,,44,,,,8,,8,13,18,22,,,,3,,,,,,6,,,,,,,,,,,,,,,,7,,,39,10,,,,13,
1469,,13,,2,42,3,26,16,24,18,22,10,,14,10,15,,16,,2,20,,5,,,,21,,34,12,16,19,12,8,14,11,9,15,4,3,10,,,40,16,,10,19,,8,16,22,11,27,15,43,15,2,11,29,,,7,11,6,25,14,,19,21,,22,,16,31,4,,,3,,,18,25,21,12,15,16,14,,25,19,32,12,35,26,12,7,15,27,14
1470,6,3,5,4,5,3,4,6,5,5,5,6,5,7,2,5,5,3,7,4,4,3,4,5,2,5,6,2,8,4,8,1,1,4,1,5,6,4,1,6,6,5,5,1,4,1,5,5,6,5,7,7,6,4,6,2,7,4,2,8,5,6,2,6,4,9,2,1,4,5,5,5,2,7,8,5,3,5,4,5,7,3,6,8,6,4,4,6,7,11,1,2,5,8,3,4,1,6,6,6
1471,5,1,5,7,6,3,5,7,2,5,2,1,4,3,5,7,4,5,3,3,4,7,4,6,1,4,4,7,6,7,4,5,1,6,6,7,5,1,7,4,5,5,6,5,3,5,4,3,6,3,8,6,7,2,7,5,8,2,6,4,6,4,3,4,3,1,4,3,5,5,4,4,4,4,5,4,7,1,3,6,5,6,4,7,3,5,6,3,2,8,3,3,3,4,5,6,5,4,6,4
1472,,8,,20,39,20,26,16,24,19,,10,,13,3,12,,14,,13,19,,5,,,,20,,33,11,12,16,20,9,7,27,13,8,11,7,5,,,35,12,,17,12,11,3,8,17,16,25,16,39,14,25,9,28,,,11,16,18,27,1,,25,19,,21,,18,28,5,,,5,,,7,26,21,10,17,16,14,,14,24,34,10,35,14,21,1,2,21,3
1473,15,11,,17,26,9,22,10,29,11,,17,,16,5,9,1,9,,15,13,,1,,,13,10,,5,4,,8,7,7,9,31,1,8,11,5,15,19,3,30,14,18,13,11,,20,10,18,11,27,16,9,12,5,15,13,17,,8,17,24,27,15,2,20,26,,20,,9,16,17,7,1,8,8,,13,2,17,27,19,8,14,14,19,18,7,13,26,7,11,8,15,,17
1474,1,7,1,34,44,1,26,1,28,15,,18,,12,,19,,16,1,1,1,,1,,,,,1,21,13,3,1,21,13,2,2,1,15,1,10,1,1,,2,15,,1,12,7,1,13,20,1,2,19,40,17,9,11,2,,,2,1,23,27,4,,21,3,1,20,,1,33,3,,,4,,,14,,22,7,3,4,1,15,2,22,36,14,27,20,1,3,16,12,22
1475,,,,41,26,27,22,,,,,,,,,,,,,15,16,,38,,,,13,,,6,,,,,25,13,,5,19,24,17,,,43,,,,,,22,22,,17,,19,52,15,17,,,,,21,31,,1,,,40,,,1,,,36,,,,,,,21,29,25,,24,,24,,,21,29,21,,,30,,32,,
1476,7,,6,6,1,9,6,3,7,4,5,7,5,8,6,6,4,8,1,7,4,6,7,9,5,3,1,1,1,3,4,8,9,1,1,6,7,3,2,9,8,5,,1,4,2,6,1,7,8,6,6,7,1,8,7,9,1,7,10,2,2,7,5,6,4,7,2,4,8,6,9,1,5,6,7,7,5,6,7,8,1,9,7,3,7,9,4,8,5,1,6,7,3,1,9,8,3,6,8
1477,8,9,8,5,6,7,8,7,1,5,4,8,10,9,1,7,4,6,8,10,2,5,5,7,5,7,5,8,4,9,6,8,12,7,8,3,4,6,5,7,7,6,7,7,3,3,3,4,7,2,9,9,1,15,11,1,9,9,5,10,9,6,6,5,4,1,5,1,4,8,15,4,7,,3,3,1,4,3,15,4,1,5,7,4,1,5,2,5,4,9,6,,11,4,6,8,5,3,3
1478,13,,4,19,17,8,18,24,10,6,12,6,7,7,1,13,12,8,,10,14,15,12,12,9,,6,,36,14,16,8,12,8,3,16,,14,16,6,7,21,,9,2,14,11,9,2,14,8,17,14,19,14,1,9,8,7,30,9,1,9,19,27,23,6,2,18,13,2,23,,7,8,21,,,8,5,,11,14,10,20,18,10,6,8,19,14,15,6,21,8,9,5,22,14,16
1479,,,,41,25,28,22,,,,,,,,,,,,,24,22,,37,,,,15,,,16,,,,11,20,48,,4,18,24,15,,,42,,,20,,,23,22,,16,,20,52,6,,,1,,,17,30,,,5,,40,,,12,,,33,,,,,,,28,31,14,22,28,,14,,,26,16,26,,,30,,33,,
1480,5,6,4,6,6,5,6,3,5,4,3,1,6,3,7,6,6,5,4,4,3,4,4,3,6,6,4,6,5,5,6,4,1,6,1,6,1,5,6,5,3,2,4,2,3,4,6,7,8,6,7,7,6,6,5,6,7,6,7,6,1,4,4,5,3,5,4,5,7,2,4,6,6,6,5,2,5,2,6,4,5,3,5,6,7,5,4,5,6,8,2,6,5,6,8,4,4,6,7,4
1481,,11,,23,26,1,21,16,26,21,6,13,2,9,,,,21,,12,19,,7,,,,17,,30,13,10,16,1,11,13,27,12,9,9,10,20,,,32,14,,16,14,,12,10,20,12,,12,3,1,24,,32,,,14,17,30,29,10,1,20,23,,14,,20,23,10,,,,1,,8,18,1,13,18,15,23,,27,22,25,15,33,10,33,11,13,28,19
1482,,10,,20,38,9,26,17,24,14,,13,,2,,16,,15,,13,20,2,8,,,,22,,31,10,18,18,13,8,12,29,9,15,11,7,16,,,38,7,,13,16,,11,13,19,16,22,15,43,10,24,15,29,,,7,12,16,24,14,,23,23,,18,,18,33,4,,2,15,,,20,24,21,15,16,14,20,,19,26,36,13,33,17,8,2,15,23,18
1483,4,6,7,5,7,3,5,2,6,5,3,1,6,1,4,7,1,3,5,1,3,5,4,6,4,4,4,3,1,3,7,5,2,3,1,6,6,3,6,7,1,4,5,3,5,6,8,8,7,6,4,3,4,4,6,5,1,3,5,4,5,7,6,6,6,6,5,6,5,6,3,7,2,5,4,5,6,4,5,3,7,3,7,6,6,1,5,2,9,7,6,4,3,5,3,8,7,7,6,6
1484,5,4,2,6,2,5,5,4,5,4,2,1,2,6,2,1,1,4,5,4,1,2,5,3,2,5,5,7,1,2,7,1,1,4,3,1,7,7,6,3,4,5,5,4,2,1,7,6,6,1,2,1,1,6,5,2,6,4,3,7,7,5,2,2,7,4,4,1,1,4,5,6,3,3,1,4,1,2,1,2,6,6,5,6,5,5,4,4,8,1,3,7,5,9,6,4,5,7,1,3
1485,2,4,2,6,1,4,1,5,4,4,5,1,6,4,2,3,5,5,1,3,4,2,4,3,2,6,4,1,5,2,6,6,3,7,5,3,5,3,1,6,3,7,3,3,1,1,1,5,2,3,4,4,6,5,5,2,4,1,5,5,4,6,5,,5,6,7,4,2,2,5,1,1,6,5,3,6,4,7,1,3,5,7,6,6,2,2,2,5,8,3,4,1,,1,5,3,3,1,5
1486,18,,2,9,7,5,13,3,2,10,6,4,9,,3,18,,10,,15,1,1,7,2,15,5,4,6,11,10,18,,3,5,10,2,7,11,3,8,,7,7,8,3,9,7,8,37,16,9,3,1,5,2,27,3,6,12,,13,2,4,,2,2,8,5,,9,7,9,,1,3,3,8,1,2,7,3,1,3,1,1,1,1,3,13,2,2,4,1,1,13,3,3,,5,4
1487,11,,5,12,12,5,4,7,32,14,,13,7,14,2,5,2,7,,13,7,,6,14,,1,15,,21,11,13,6,11,2,11,6,7,7,18,8,2,10,,40,10,18,6,7,,16,6,16,9,19,15,11,7,6,17,28,4,,6,16,19,24,15,,6,15,,6,,15,11,16,,,7,9,,9,3,8,27,14,12,7,7,14,8,8,7,16,7,5,9,9,20,14
1488,4,3,2,3,1,6,3,3,6,1,5,5,5,3,5,5,2,6,7,4,5,3,1,3,1,6,2,4,5,1,1,3,3,6,6,6,3,6,6,5,1,1,3,5,5,2,4,6,1,3,8,6,2,2,2,4,8,6,1,7,6,7,4,4,5,5,3,2,5,6,2,5,3,1,2,3,7,4,8,6,3,6,2,6,5,5,1,1,6,7,3,6,4,5,3,7,8,1,6,3
1489,10,,,32,11,26,20,,,,,,,,,,,21,,9,23,,41,,,,19,6,,11,,,9,,7,37,,7,12,22,4,,,30,,,19,,,19,18,,9,,10,3,13,,,1,,,21,22,,,,,34,,,13,,1,18,,,,,,,21,25,25,,25,,22,,1,4,30,18,,14,32,,24,,
1490,1,,1,5,1,1,30,20,30,9,,1,1,1,3,1,,6,1,15,2,2,11,16,,3,14,1,20,15,20,7,7,10,18,13,,1,1,1,8,15,,43,8,13,9,20,,1,6,6,2,16,1,1,10,13,1,25,13,1,7,1,28,21,6,1,10,8,,20,,1,11,20,1,,1,1,,2,21,16,,5,10,7,13,22,33,16,17,1,7,12,8,1,17,1
1491,2,1,1,3,6,6,4,5,4,5,3,5,1,7,4,6,3,10,5,5,4,5,1,5,2,8,5,5,8,3,2,4,2,6,2,4,2,6,3,7,4,4,1,6,6,6,5,3,6,5,1,5,8,6,5,6,7,1,5,7,6,5,1,3,3,7,3,1,4,4,3,6,4,2,5,6,6,5,6,3,5,2,1,6,5,4,4,6,3,7,2,3,5,3,1,1,4,5,6,5
1492,,6,,1,7,16,23,8,2,16,5,8,10,,,1,1,4,,15,12,1,4,,1,21,6,,5,3,1,2,9,3,6,18,7,1,1,8,6,8,,3,6,,16,9,,15,2,19,4,22,7,10,10,2,1,30,,1,9,2,7,3,9,7,27,9,,7,,13,1,4,,7,10,,,1,22,1,1,7,6,13,11,1,6,26,12,20,7,2,11,6,28,11
1493,,,,8,44,,,,1,,,,,,,30,,,4,14,,3,7,,,,,,,,,,,,,,,,6,,18,,,,,,,,,,,,,,,48,,,,10,,3,14,,22,,,,9,,,,,,11,,,,,,,,,,,,,,,,9,,5,38,1,,,,12,
1494,5,7,6,12,22,5,6,15,34,3,5,10,,,8,14,,12,13,11,31,,11,16,13,,10,,17,19,,13,12,,8,,13,10,13,18,,12,,15,5,10,3,,11,8,,13,14,12,19,5,4,11,10,13,12,,12,,14,13,10,14,,,13,,11,,,18,10,12,9,15,11,2,17,9,9,15,6,15,12,16,7,,,10,8,10,9,,13,17
1495,,,,37,12,25,22,,,,,,,24,,,,20,,16,8,,39,,,,1,,23,8,,,,,28,36,,4,11,23,21,,,27,,,21,,3,19,23,,15,27,9,48,12,16,,13,,,21,24,,,,,34,,,15,,,29,,,,,,,21,26,28,,20,,26,,25,18,28,19,,,29,,23,,
1496,,6,,23,38,16,25,16,15,16,,2,,10,15,17,,9,,12,19,,11,,,,17,,32,13,18,18,12,10,11,29,8,14,12,2,15,,,38,12,,16,13,,10,10,18,15,24,20,46,10,22,14,33,,,11,7,7,25,12,,25,24,,21,,16,35,16,,,8,,,19,27,17,10,20,11,12,,26,28,33,8,33,19,15,10,9,25,18
1497,12,1,6,4,11,6,3,23,6,1,1,3,8,7,7,9,5,4,7,5,8,14,5,8,7,7,5,5,5,5,11,6,9,6,2,5,7,16,5,9,14,11,,3,3,15,5,5,4,6,3,8,8,23,8,9,6,4,5,30,7,1,4,8,12,16,9,,6,7,6,8,7,6,8,17,,6,7,3,7,11,9,10,7,20,2,13,8,17,8,4,3,9,6,13,1,20,14,16
1498,1,3,6,4,3,1,1,1,6,6,1,2,1,1,1,8,1,4,3,1,6,3,5,8,5,1,1,4,1,7,7,6,1,3,1,1,6,1,1,7,7,5,6,2,3,1,5,9,1,1,5,1,9,6,1,6,2,4,7,5,4,8,7,1,5,7,4,4,6,7,1,2,3,1,2,1,1,3,5,1,8,1,1,7,1,2,1,1,1,3,6,1,1,8,2,3,7,1,7,1
1499,14,,5,2,25,9,10,4,,2,9,17,,13,16,15,9,10,1,,5,5,,4,8,3,,2,2,11,8,,1,4,14,5,,2,1,,1,4,6,9,5,,11,2,,4,9,,23,1,1,9,19,5,5,2,3,8,1,6,21,10,,5,,21,,3,3,,2,9,3,,21,18,2,1,2,8,5,6,18,,,2,24,35,,17,7,14,8,4,5,2
1500,,12,,29,38,21,24,10,22,19,,15,,14,,13,,13,,15,20,,4,,,,14,,20,8,10,18,19,10,10,33,4,12,8,9,17,,,16,16,,17,5,6,10,23,20,15,26,15,42,12,24,9,1,,,11,14,20,29,9,,22,22,,19,,20,32,16,,,14,,,15,24,20,10,19,15,16,,27,27,9,6,28,16,12,7,17,24,17
1501,4,3,4,7,3,2,2,6,7,4,6,2,4,6,7,5,5,5,6,5,4,5,4,9,5,6,4,7,6,5,7,4,3,5,2,7,3,5,7,2,5,4,5,8,4,5,7,2,6,5,4,6,7,6,6,1,6,2,5,6,2,6,4,6,6,6,4,6,4,3,7,5,8,6,6,5,7,3,5,4,6,5,8,6,4,5,4,4,8,10,4,5,4,8,8,6,5,6,6,5
1502,,17,,38,16,10,24,,,,,,,20,,,,,,12,24,,38,,,,19,,22,5,,,15,,25,44,,6,6,23,22,,,19,,,23,,,21,12,,12,,6,48,13,,,5,,,21,20,,,,,33,,,15,,,30,,,,,,,18,27,27,,23,,28,,,20,30,18,,,28,,21,,
1503,,,,33,17,6,21,,,,,,,20,,19,,21,,10,25,,41,,,,18,,31,4,,,18,,26,12,15,8,9,9,21,,,18,1,,22,11,,19,19,,10,,11,44,12,,,36,,,20,22,,,,,32,,,14,,,20,,2,,,,,17,24,28,,22,,23,,,23,29,18,23,,32,,22,,
1504,,14,,29,39,20,23,21,26,17,,1,,10,14,16,,3,,12,26,,10,,,,20,,32,9,19,17,20,6,12,30,6,13,12,5,14,,,26,20,,16,17,,11,13,21,14,23,13,47,12,24,16,17,,,12,11,1,29,13,,24,21,,15,,19,16,7,,,6,12,,19,25,22,13,19,13,17,,27,24,33,13,34,18,19,5,10,25,19
1505,12,10,8,14,,,,3,34,7,9,10,8,,,8,8,5,,3,21,23,13,10,14,9,4,3,3,9,12,7,9,10,8,3,15,7,,11,,5,,7,6,7,,11,9,7,7,,12,,,3,,10,6,,17,11,8,4,27,5,6,9,10,9,8,10,4,,2,6,,7,9,14,3,10,8,12,10,7,10,,11,6,8,,,14,7,5,14,,8,
1506,13,,4,5,1,7,29,2,28,20,,6,,7,,1,,2,,14,17,,10,2,,12,8,,18,3,19,17,10,10,16,18,,10,6,16,9,10,,36,10,2,6,13,,14,1,14,21,1,19,16,10,13,11,25,7,,10,18,30,19,6,4,15,25,,22,,3,1,18,,,,1,,1,10,14,26,6,10,15,15,32,15,17,7,18,9,16,10,46,14,10
1507,,14,,28,36,11,26,16,24,17,,7,,11,17,13,,18,,15,20,4,11,,,,22,,34,15,18,16,19,11,15,28,11,13,13,10,13,,,37,13,,18,18,,12,17,4,13,25,17,43,13,12,12,14,,,1,10,7,23,15,15,23,23,,22,,3,34,11,,,14,,,14,26,21,13,12,2,14,16,27,25,34,12,31,16,22,5,14,24,16
1508,,17,,35,7,2,23,,,,,6,,,,,,22,,4,26,1,40,,,,19,,,8,,,22,10,25,34,,8,12,22,2,,,28,,,6,,,6,23,,14,,16,47,14,,,,,,22,21,,,,4,29,,1,13,,,36,,2,,,,,23,4,30,,24,,22,,,6,29,18,,,32,,29,,
1509,6,2,7,5,5,4,5,4,6,5,3,6,5,6,1,6,1,4,1,3,1,1,1,1,4,7,1,6,3,4,4,4,4,2,5,3,6,1,7,7,5,4,5,1,4,4,5,5,5,4,5,5,6,3,5,5,7,1,4,1,2,6,3,5,3,2,6,6,4,1,4,2,5,6,6,1,4,1,7,5,5,5,8,8,6,2,5,2,7,7,3,2,5,6,6,7,2,3,4,1
1510,,10,,32,1,15,10,17,26,16,,12,1,11,,14,1,17,,16,10,,12,28,,21,9,,13,10,1,19,14,7,1,1,7,16,10,10,6,19,,18,17,3,2,15,,8,1,16,12,3,1,20,12,1,5,30,,1,6,10,3,20,10,,16,2,,1,,1,38,2,,,3,,22,13,25,15,14,21,16,14,,20,1,36,13,20,18,17,7,17,19,3
1511,8,2,4,9,21,8,7,16,31,9,9,10,,,7,12,2,11,10,3,24,,12,13,14,,10,,14,19,,10,12,,5,14,15,7,17,16,,7,,16,5,9,4,,8,1,,14,12,12,20,9,11,8,12,13,16,,12,,9,13,9,1,,,10,,8,,12,15,9,14,10,15,17,9,19,8,7,10,12,13,11,15,4,,,10,9,10,11,,13,9
1512,12,,10,6,20,9,17,1,35,12,,13,,7,,17,,3,,13,16,,15,3,,18,5,,20,11,,14,10,11,15,19,,1,7,13,9,13,,35,11,1,13,12,,4,6,13,26,6,17,18,9,7,15,13,10,,8,19,29,21,2,,14,27,,23,,12,2,8,,,,10,,10,23,13,30,17,2,15,8,22,18,13,20,17,11,1,8,22,16,17
1513,4,6,6,7,4,1,6,5,6,2,4,1,5,6,3,8,6,5,5,4,5,2,4,10,3,4,4,2,4,5,4,1,5,8,6,8,3,5,5,8,2,6,6,5,4,2,1,1,7,6,5,1,8,7,7,7,8,8,6,5,1,1,4,5,3,6,3,5,4,5,3,3,1,6,6,6,6,2,7,6,5,4,6,5,6,5,5,3,6,8,4,4,1,5,7,3,5,6,1,3
1514,14,,2,17,25,8,29,21,40,15,,4,,11,,4,,7,,12,15,,12,18,,20,14,,2,11,1,13,5,8,19,18,,15,7,16,10,15,,42,11,13,11,14,,12,1,2,22,17,15,25,14,6,4,31,12,,6,17,28,21,9,,18,22,,19,,9,13,21,,,,,,8,1,16,28,18,12,1,14,33,14,3,17,22,8,13,9,44,15,15
1515,,,,36,27,26,23,,31,,,,,,,,,,,10,23,,40,,,,10,,,9,,,,,26,49,13,11,13,23,21,,,27,,,19,,,26,17,,18,,18,47,9,,,24,,,18,19,,,,,32,,,14,,,28,,,,,,,18,20,20,,24,,22,,,3,30,19,,,29,,34,,
1516,2,4,4,4,4,6,4,2,4,5,1,3,5,5,5,8,2,4,3,5,5,4,2,4,4,5,1,5,4,3,5,2,2,2,6,2,5,1,7,1,1,4,3,5,3,2,7,6,2,6,6,2,7,8,3,6,7,4,2,6,8,4,6,6,2,3,3,6,3,5,1,2,3,4,7,5,5,4,6,3,5,4,6,2,5,1,4,1,7,4,4,1,5,1,5,6,1,5,8,6
1517,4,7,3,4,7,5,5,5,5,4,4,4,1,2,4,2,6,1,1,5,1,6,1,2,6,6,2,3,5,3,1,5,3,6,5,8,3,4,3,6,6,6,2,4,5,3,7,1,1,3,4,7,8,2,8,2,7,6,1,6,1,6,1,5,4,6,3,6,5,3,1,2,4,5,6,2,5,2,4,4,6,5,5,6,6,2,1,3,7,9,5,5,6,7,7,7,6,7,5,1
1518,6,8,9,6,7,7,7,6,6,5,3,7,9,7,7,5,2,7,3,5,30,,6,6,1,5,10,,9,6,,7,9,,7,7,13,4,9,11,,5,7,15,7,10,8,11,1,2,10,6,7,6,6,8,9,4,7,4,1,7,9,6,6,7,4,4,5,7,8,5,1,7,,4,3,12,9,5,6,14,10,3,10,4,7,8,9,11,9,,5,8,6,6,8,4,1,7
1519,5,6,4,5,4,3,4,8,6,5,5,4,6,7,5,7,2,4,6,5,5,4,5,4,3,4,1,2,7,7,7,2,7,5,6,6,1,5,5,6,8,3,7,5,7,3,6,3,7,6,1,4,9,5,7,8,8,5,5,8,3,5,4,4,5,7,5,5,6,3,4,6,6,3,6,7,7,5,3,2,7,7,2,2,6,6,7,3,8,4,5,5,2,6,6,6,9,6,3,6
1520,4,5,5,7,6,5,1,1,5,3,4,5,6,6,2,1,5,4,5,4,3,2,6,6,5,1,1,5,2,7,4,1,5,5,2,1,4,4,4,4,3,6,2,2,5,6,2,3,7,1,1,1,6,5,4,4,7,1,5,2,5,6,2,3,4,6,5,2,5,1,1,5,6,6,4,2,7,1,3,3,2,5,4,3,7,6,2,2,3,7,3,4,4,5,7,5,5,3,1,5
1521,9,10,8,5,2,9,7,1,6,3,3,4,2,8,3,6,2,4,8,2,6,8,1,1,5,3,6,4,6,7,1,8,3,7,7,1,7,3,5,6,9,6,7,7,1,9,1,2,3,7,3,5,7,6,7,1,1,5,7,7,1,1,5,2,7,1,1,2,8,1,8,6,7,4,2,6,2,6,7,1,6,8,4,1,6,1,6,5,10,11,7,6,1,9,4,6,7,7,6,1
1522,6,5,6,5,8,7,5,5,3,3,7,1,1,8,5,6,5,7,6,3,4,6,5,5,6,4,3,5,6,4,5,3,6,7,4,2,5,3,5,6,4,1,3,4,5,7,8,6,4,5,5,3,6,2,3,4,1,7,6,4,6,4,1,2,2,6,6,5,1,5,2,2,4,3,5,1,7,5,7,4,4,7,4,5,4,5,5,2,5,1,5,3,2,6,5,2,2,2,7,7
1523,3,5,5,4,4,5,3,1,2,4,3,3,6,1,4,8,2,4,4,6,7,5,1,3,1,1,1,6,1,6,6,4,2,3,8,7,3,4,5,2,2,2,5,4,5,6,5,5,5,8,6,5,6,2,2,6,3,4,7,4,4,1,3,2,6,6,5,6,2,2,5,3,5,4,3,1,4,7,4,4,5,1,3,3,1,4,6,2,7,11,6,3,5,4,2,5,7,6,7,5
1524,4,1,1,1,4,2,2,3,2,3,2,1,2,1,4,1,6,8,2,4,3,2,1,7,4,6,2,4,4,3,2,3,2,7,1,7,1,5,5,5,3,2,5,2,1,6,5,6,8,1,1,1,4,2,4,1,6,4,6,6,6,1,2,6,5,7,4,5,5,1,2,5,4,2,6,2,4,2,2,5,3,5,4,8,1,1,5,2,7,11,3,6,4,4,3,4,5,5,7,1
1525,,11,,33,40,18,26,7,26,20,,16,,9,,11,,12,,14,14,,6,,,,9,,22,5,15,14,19,9,6,31,7,7,10,6,17,,,36,11,,18,4,,13,13,16,3,26,18,43,11,16,4,14,,1,9,14,14,25,13,,21,25,,21,,11,32,16,7,,15,,,12,25,16,14,20,11,16,,15,22,23,7,28,8,16,7,8,26,11
1526,13,,8,3,20,10,18,21,32,8,1,11,,22,,9,,7,,7,4,,9,17,,20,12,,4,2,13,15,9,3,25,14,5,13,18,3,10,4,,39,13,2,9,11,,10,7,12,10,9,5,13,1,11,16,29,12,,7,20,29,23,13,,7,23,,22,,16,7,20,,,,11,4,6,22,16,24,18,9,11,14,21,17,17,11,21,3,14,4,20,16,2
1527,5,4,5,7,6,4,6,1,41,6,4,7,7,7,7,5,3,7,7,6,4,5,6,5,4,4,3,5,7,4,5,8,3,9,7,7,6,7,1,8,7,4,7,6,3,1,5,6,6,7,5,5,6,2,7,6,8,6,6,10,1,6,6,4,5,7,6,3,3,1,7,8,6,3,3,7,8,6,8,6,7,7,7,9,1,6,6,6,9,3,5,5,6,4,2,8,14,6,5,7
1528,5,5,3,5,6,1,5,4,4,4,1,3,5,7,1,2,5,6,6,5,2,3,4,2,4,5,4,4,1,3,5,4,6,5,2,4,5,5,4,4,2,6,1,5,6,5,6,2,7,6,1,4,8,3,5,4,7,2,6,6,3,7,4,4,7,4,5,4,1,3,4,4,5,5,7,3,4,4,6,5,1,7,2,4,5,4,5,5,8,7,5,5,2,5,2,3,4,1,8,7
1529,,14,,32,43,14,26,16,26,14,,10,,7,,16,,13,,7,21,,8,,,,2,,21,12,13,20,19,8,11,31,7,13,13,10,14,,,36,14,,12,14,,12,4,15,10,2,18,43,13,24,3,34,,,6,6,22,2,8,,24,22,,22,,17,12,5,,,15,,,17,24,21,,15,13,16,,18,24,34,8,34,20,21,3,3,18,4
1530,2,5,3,1,2,4,2,3,6,1,4,5,5,5,6,3,5,4,5,5,5,2,4,5,4,4,3,1,6,2,1,5,6,5,3,6,4,1,2,5,4,6,4,1,4,4,8,1,6,4,5,1,5,3,4,4,8,2,2,5,6,5,3,4,5,2,3,6,7,3,2,4,1,5,2,3,6,5,4,2,2,1,1,4,4,5,6,4,7,9,3,2,1,6,3,1,1,3,9,4
1531,9,12,8,15,8,22,8,21,11,14,15,,9,15,,15,18,1,,11,21,7,8,23,15,22,5,,17,8,16,17,11,5,9,18,15,8,14,6,11,6,,30,7,6,4,11,,10,10,1,11,22,15,44,10,7,4,27,,,8,3,29,7,11,,18,13,,15,,15,10,16,,,9,9,,4,15,17,13,20,10,7,9,19,26,4,14,20,11,15,7,16,21,17
1532,4,4,2,3,4,3,4,6,1,3,4,3,2,6,5,7,5,5,4,5,3,5,1,6,2,4,2,1,3,5,4,2,5,4,2,6,3,1,2,3,3,6,4,2,1,2,1,4,1,8,5,6,7,3,4,5,3,1,3,6,7,1,3,3,1,6,5,3,4,6,4,6,4,4,1,5,7,6,5,6,2,3,6,7,1,1,4,2,1,6,5,3,1,4,7,5,4,5,6,4
1533,,,,9,1,,,,,,,,,,,24,,,11,17,,9,5,,,,,,,,,,,,,,,,3,,15,,,,,,,,,,,,,,,2,,,,4,,6,16,,25,,,,10,,,,,,4,,,,,,,,,,,,,,,,5,,,39,10,,,,5,
1534,12,,5,,23,,,4,5,3,2,11,9,,6,9,9,12,,,23,5,7,8,12,6,1,,16,10,10,,11,16,9,,10,8,10,9,,7,,1,7,14,,13,,1,9,16,11,14,,6,12,11,8,,8,12,7,6,,5,2,8,,7,10,,2,10,12,8,8,14,5,,2,3,15,12,9,7,9,,2,9,,,3,13,4,8,14,,,20
1535,2,5,3,5,1,4,6,7,1,3,5,6,6,5,4,1,5,4,6,6,4,5,5,2,3,1,5,2,4,3,5,6,4,4,4,7,5,2,6,5,1,1,5,2,4,1,2,5,1,5,1,2,5,4,4,3,2,5,1,1,2,4,4,4,5,6,5,7,5,4,5,1,4,5,2,4,8,3,4,3,6,3,3,7,6,6,6,5,3,6,2,3,2,3,2,3,6,3,5,2
1536,,13,,28,39,19,24,8,26,10,,15,,10,,15,,9,,15,11,,5,,,,13,,19,13,14,5,12,8,2,30,8,16,10,11,8,,,35,17,,1,16,,14,12,18,17,21,20,42,7,24,3,31,,,8,17,18,5,15,,21,13,,13,,16,15,8,,,17,,,15,22,15,11,18,7,13,,21,15,31,10,19,10,21,5,14,20,20
1537,6,4,5,6,1,7,4,6,5,6,4,5,6,,1,7,,3,2,6,6,2,10,7,6,4,7,3,3,8,,8,9,2,1,8,7,3,4,6,7,4,6,15,5,9,7,10,2,3,4,4,6,16,8,11,3,12,7,8,18,5,10,1,6,7,6,3,7,7,6,6,4,6,5,4,8,6,6,2,2,13,9,3,6,7,3,6,7,13,3,6,4,9,1,6,7,4,6,7
1538,3,1,6,5,4,4,3,2,5,5,6,5,4,5,3,5,4,2,4,3,4,5,4,6,1,2,2,6,3,6,8,3,5,5,2,6,3,1,6,6,5,5,3,3,4,6,6,5,1,3,4,6,6,6,2,8,1,4,7,3,3,6,1,1,3,6,1,4,6,5,1,5,2,5,6,5,7,3,5,6,6,1,2,8,5,5,2,5,4,9,2,5,2,6,4,6,3,2,8,5
1539,5,5,1,2,6,6,5,4,7,3,3,6,2,3,5,7,6,1,2,5,4,5,1,4,2,2,4,1,4,4,4,5,7,3,6,5,4,2,7,4,2,5,4,4,2,7,6,5,4,6,6,3,8,7,8,1,1,3,2,5,6,3,2,1,1,7,5,7,7,2,5,3,7,3,1,5,4,2,6,5,2,2,2,8,6,4,1,2,3,7,1,2,4,4,6,4,2,6,2,6
1540,1,12,6,6,5,7,2,5,6,4,5,6,8,7,1,1,7,3,7,4,4,4,4,6,6,6,6,4,4,8,6,3,5,2,8,7,4,8,8,6,4,6,5,12,1,8,4,2,4,8,2,6,13,6,20,6,1,2,3,6,2,6,4,4,3,5,4,1,4,7,2,3,7,6,7,7,5,5,8,6,6,4,8,6,6,9,5,7,8,1,7,4,4,6,6,7,6,6,2,9
1541,,10,,22,40,13,27,17,21,14,2,13,,8,,19,,13,1,15,20,,11,,,,14,,36,10,19,17,18,10,15,22,9,15,12,11,15,,,38,14,,12,,,4,16,18,14,23,16,41,10,23,13,15,,,12,2,7,1,11,,23,23,,22,,17,35,10,,,7,,,19,26,22,13,17,3,13,15,26,24,34,9,32,12,21,5,14,26,19
1542,1,3,6,5,4,2,2,4,2,5,3,5,6,5,2,3,2,6,4,4,4,6,4,7,1,5,5,5,2,7,7,6,1,4,5,4,1,7,7,6,5,2,5,6,4,1,5,7,3,5,6,6,2,1,6,7,7,6,2,5,5,5,3,4,2,5,5,5,3,5,3,6,2,3,4,5,5,7,4,6,6,6,4,6,4,6,3,1,3,6,6,4,1,7,5,2,5,8,6,1
1543,10,,11,14,16,8,26,20,33,5,1,7,,11,,2,,3,,9,9,,10,22,,19,10,,16,7,6,10,5,9,18,22,,3,17,14,9,17,,40,12,14,8,25,,11,10,11,23,29,16,13,11,11,12,27,10,,6,14,27,20,3,,19,16,,22,,1,8,20,,,,11,,7,22,9,28,17,6,5,13,20,17,17,18,22,13,9,8,18,19,2
1544,1,2,6,6,7,4,8,9,7,7,4,5,5,6,6,10,6,4,7,1,1,1,3,4,7,2,6,1,8,1,3,5,7,3,12,2,,4,4,,,3,2,5,7,3,11,5,7,4,6,4,2,5,3,3,10,8,3,3,6,4,4,4,3,6,6,2,6,5,16,2,9,2,,5,,6,,6,6,5,5,1,,5,2,9,5,4,4,1,3,1,7,11,6,2,5,14
1545,14,,9,15,23,1,17,18,27,13,13,13,,2,,9,,5,,15,8,,12,29,15,11,15,,3,13,14,10,10,11,2,20,11,15,13,17,11,11,,39,4,16,7,9,,2,7,14,24,19,9,6,3,10,4,30,15,,7,15,26,22,15,2,17,24,,12,,13,6,17,,,,11,,12,17,16,27,18,9,6,9,20,16,18,8,20,8,13,3,45,16,16
1546,1,,5,2,27,10,11,1,1,14,1,18,,1,1,1,10,11,1,,1,6,,3,17,1,,5,3,12,9,,4,3,13,5,1,1,2,,2,1,1,1,6,,12,1,,1,10,,24,12,2,9,17,1,6,1,2,7,1,1,21,11,,1,,22,,1,4,1,1,10,1,,1,19,1,2,1,9,1,1,18,1,,1,1,36,10,1,8,1,7,1,1,1
1547,5,6,4,6,6,3,5,2,5,3,7,5,5,6,3,7,5,3,6,7,4,2,5,5,2,6,6,5,5,5,3,2,6,5,3,5,4,4,5,1,5,4,5,4,4,5,2,5,5,3,5,1,7,5,2,3,5,2,6,4,6,6,5,4,5,2,1,2,5,5,5,5,5,1,4,6,6,5,4,1,1,4,5,3,5,5,6,6,7,9,3,2,4,9,4,2,6,6,6,2
1548,,,,9,44,,,,,,,,,,,27,,,3,15,,2,3,,,,,,,,,,,8,,,,,6,,2,,,,,,,,,,,,,,,47,,13,1,7,,5,12,,20,,,,3,,,,13,,10,,,,,,,,,,,,,,,,6,,,37,10,,,,9,
1549,15,,16,15,12,2,25,20,30,8,,10,,12,3,16,,9,,14,13,,11,21,3,21,12,,11,8,16,13,7,11,12,16,11,9,,18,3,16,,10,11,,13,15,,13,8,13,17,2,18,25,10,8,9,25,13,,2,21,23,26,14,,18,22,,10,,10,8,3,,,,6,,13,5,14,16,20,13,12,12,34,1,18,14,20,11,17,7,48,17,18
1550,,,,38,21,30,20,,,,,,,,,,,,,21,23,,35,,,,18,,,17,,2,,,21,49,,11,17,24,19,,,40,,,,,,26,18,,18,,9,53,16,,,,,,22,27,,,,9,39,,,3,,,35,,,,,,,31,25,33,,27,,28,,,23,28,23,,,31,,33,,
1551,4,6,6,2,5,4,1,7,2,3,3,6,3,6,5,2,5,6,2,6,4,4,5,4,2,3,1,3,5,3,4,3,3,6,6,2,6,3,6,3,6,4,7,2,2,7,1,3,5,5,3,8,8,6,2,6,7,5,5,7,5,4,4,4,4,2,4,5,6,5,5,4,5,2,6,4,6,6,4,4,1,6,8,7,4,1,3,1,8,6,4,6,5,4,1,7,4,5,7,5
1552,13,,2,15,26,8,10,3,1,1,4,2,7,,9,7,8,1,4,8,5,6,14,5,5,3,6,3,4,1,9,7,2,8,8,4,16,7,6,1,10,6,,9,4,8,11,8,5,8,9,1,14,2,,8,9,11,7,11,3,10,7,5,8,1,7,6,2,7,6,7,5,6,3,8,9,1,1,4,4,2,7,3,6,6,11,8,3,3,25,7,7,11,6,7,6,,9,1
1553,6,7,7,12,8,5,5,15,34,5,7,2,6,6,10,9,6,12,6,4,6,8,1,7,7,4,5,6,9,3,7,7,4,1,3,7,15,5,4,8,4,4,,3,6,5,6,,7,6,9,8,8,6,7,2,8,8,5,10,7,6,4,6,3,10,6,14,,8,5,2,3,6,9,4,3,6,6,7,8,4,7,8,2,11,10,2,9,3,4,4,1,7,7,6,8,6,14,7
1554,3,6,3,6,6,6,5,4,5,3,4,6,5,6,3,4,1,1,6,3,5,3,3,2,4,2,5,6,6,4,5,5,5,3,6,5,3,5,6,4,1,5,4,1,3,2,3,3,3,4,4,4,1,5,4,5,7,5,5,7,1,5,4,3,6,5,4,2,4,3,5,6,6,4,5,3,2,5,7,5,5,4,4,5,5,4,1,4,6,9,5,2,2,5,5,4,6,6,7,1
1555,7,9,7,11,12,9,10,7,31,7,4,12,,,8,11,,17,9,15,28,,9,15,17,,6,6,15,19,,12,11,,3,,1,9,14,18,,10,,14,3,1,2,,6,5,8,8,10,15,18,4,8,11,9,12,12,,11,,11,11,3,13,,,10,,10,,,14,2,7,2,13,16,6,17,9,8,11,13,14,15,11,9,,,9,6,10,7,,10,11
1556,4,7,5,31,5,4,2,24,5,1,5,2,4,2,4,6,5,8,2,5,6,6,3,4,2,5,1,3,8,5,1,2,6,5,1,4,4,7,5,5,4,4,2,5,2,3,4,4,4,5,4,5,7,5,1,5,2,7,1,1,5,2,4,1,4,7,7,6,3,2,6,4,1,5,1,1,7,4,6,3,7,5,7,5,4,5,2,4,3,9,2,4,4,6,3,2,2,1,1,5
1557,6,3,4,5,4,4,2,3,6,3,1,4,5,4,4,6,7,7,2,6,2,5,3,4,2,2,6,4,3,6,5,3,3,6,3,5,1,4,5,2,2,4,5,2,5,6,5,2,3,2,4,3,7,5,1,5,9,2,3,1,4,4,2,5,6,6,2,5,5,3,3,5,4,5,6,3,6,2,1,6,3,6,1,7,2,3,3,4,6,8,4,6,3,8,2,6,6,4,6,8
1558,6,8,1,2,1,7,7,1,1,1,1,1,9,1,1,1,1,1,1,2,1,1,1,7,2,4,5,1,8,1,7,8,2,9,8,1,1,1,1,1,1,2,1,1,1,1,1,1,1,4,1,1,8,1,12,5,9,9,1,11,7,7,1,1,1,1,1,4,1,1,1,1,1,5,1,7,1,1,2,1,11,1,1,10,1,1,1,4,6,1,1,7,1,12,1,5,1,1,1,7
1559,5,3,7,5,5,3,5,1,5,4,1,7,3,7,5,4,6,8,5,2,6,5,4,3,3,7,4,3,7,6,3,5,5,7,1,4,6,4,5,5,5,5,3,2,3,6,5,5,4,1,7,1,9,5,3,6,6,3,3,8,3,6,5,4,5,2,7,5,1,6,3,6,5,4,5,6,1,3,3,2,3,5,6,7,4,5,6,4,7,6,4,1,3,8,1,9,5,2,2,5
1560,1,1,1,1,1,1,1,1,1,1,1,1,1,1,1,1,1,1,1,1,1,1,1,1,1,1,1,1,1,1,1,1,1,1,1,1,1,1,1,1,1,1,1,1,1,1,1,1,1,1,1,1,1,1,1,1,1,1,1,1,1,1,1,1,1,1,1,1,1,1,1,1,1,1,1,1,1,1,1,1,1,1,1,1,1,1,1,1,1,1,1,1,1,1,1,1,1,1,1,1
1561,6,2,2,8,6,6,7,4,8,5,7,8,,9,5,5,6,6,8,4,5,10,1,11,3,5,5,4,9,7,8,7,9,8,1,8,4,5,4,4,,4,,8,4,9,2,3,1,4,7,7,6,9,8,8,10,6,5,7,4,8,5,7,7,5,8,10,7,5,4,9,8,8,6,6,4,6,7,7,4,4,10,11,6,6,6,8,10,7,7,5,5,8,6,1,6,3,9,6
1562,4,1,4,1,1,3,3,11,,1,6,16,,1,5,5,6,7,4,,3,1,,3,6,2,,1,1,7,1,,4,4,7,2,1,6,1,6,9,5,1,5,8,,1,9,,3,8,11,1,12,6,10,17,4,6,3,3,3,1,6,2,8,5,1,2,21,1,2,1,1,6,19,1,,4,3,5,1,1,7,5,5,16,,,1,21,33,,13,30,2,1,7,4,4
1563,2,3,5,1,5,4,2,6,1,6,2,5,4,8,2,5,6,7,4,6,5,6,2,5,3,4,3,3,2,1,5,5,1,1,5,3,5,7,3,4,3,1,5,3,5,6,4,1,4,3,4,4,7,7,1,1,8,2,3,5,1,5,3,5,5,5,1,4,2,4,1,1,4,1,3,7,2,4,6,3,6,5,1,2,7,3,1,4,6,9,4,3,1,5,6,6,5,2,7,1
1564,2,8,9,4,8,5,3,8,5,8,2,1,5,1,5,11,9,4,8,5,3,5,2,8,4,3,9,7,9,6,3,3,6,4,11,1,5,3,3,,,2,3,9,1,1,10,9,8,5,3,14,1,2,10,1,11,13,4,4,4,4,5,6,2,1,7,4,5,1,18,4,8,5,8,2,,5,,9,10,4,7,10,,6,4,10,1,5,5,4,3,7,2,8,7,3,5,11
1565,14,,13,8,22,3,29,20,33,9,,6,,3,,6,,4,,4,11,,12,21,,20,13,,18,1,16,10,6,4,17,10,,10,17,15,10,15,,38,12,15,8,16,,15,8,1,24,15,16,22,7,1,6,23,14,,4,18,24,23,14,,17,22,,21,,15,1,10,,,,10,,8,18,15,21,20,8,12,11,18,4,11,12,20,1,12,5,45,17,1
1566,15,,5,20,14,9,6,23,7,7,10,5,9,3,,8,9,8,,9,4,14,8,11,6,,6,,21,16,17,11,5,3,5,15,9,10,16,6,14,21,8,8,4,16,9,8,4,13,9,17,15,17,13,1,8,7,6,30,9,9,10,4,27,12,9,,20,13,,10,9,15,1,18,,,9,3,5,12,15,11,6,16,5,7,7,3,8,15,5,19,11,13,5,19,1,16
1567,4,8,8,12,20,8,6,17,37,9,3,2,,,6,8,,10,3,1,29,10,9,11,6,,25,,16,8,,10,12,,7,,12,10,17,12,,11,,16,8,10,3,,9,5,,12,8,11,18,8,9,12,12,12,15,,1,,9,15,10,14,,,9,,8,8,,17,10,12,8,16,18,1,18,11,4,13,14,7,8,17,9,,,11,9,7,10,,13,17
1568,,,,1,46,,,,,,,,,,,30,,,8,13,,9,4,,,,,,,,,,,,,,,,5,,18,,,,,,,,,,,6,,,,46,,,,6,,6,12,,24,,,,8,,,,,,8,,,,,,,,,,,1,,,,,6,,2,38,9,,,,12,
1569,,6,,33,39,14,7,15,26,18,5,8,,12,,10,,10,3,14,14,,6,,,,6,,26,14,18,9,8,10,7,18,6,7,10,8,14,,,38,10,,10,12,,7,3,19,15,,15,9,11,27,7,31,,,11,4,7,29,9,7,26,16,,21,,18,18,8,,8,14,,,14,21,18,16,6,7,17,11,25,26,24,11,35,9,23,10,11,27,22
1570,2,2,5,3,2,2,6,6,6,4,3,4,2,4,7,8,4,4,5,1,2,4,4,2,2,3,2,5,7,5,6,1,7,2,1,2,3,4,7,6,5,4,7,3,5,6,4,7,5,7,6,3,5,4,6,5,1,6,2,2,2,3,5,3,1,6,5,1,3,2,3,6,4,5,4,5,8,2,7,3,1,6,8,7,7,4,2,4,5,8,3,3,5,7,6,1,4,6,7,5
1571,3,2,2,3,4,4,5,4,5,4,5,6,5,3,5,8,5,4,1,2,6,5,4,6,6,6,4,4,4,6,6,7,5,7,1,4,5,4,3,6,3,7,2,1,5,6,4,7,5,3,4,5,8,5,6,6,5,6,4,1,3,7,4,2,4,7,3,5,7,4,5,3,6,5,1,4,4,2,4,5,7,6,2,7,5,7,4,1,4,2,5,5,5,7,6,2,6,6,7,4
1572,3,3,4,2,2,2,5,3,2,2,3,2,1,6,3,3,3,7,2,4,4,7,3,6,5,1,5,5,2,1,6,4,2,1,4,6,2,1,5,6,5,5,6,3,1,6,3,2,5,4,2,2,1,6,4,5,7,2,1,7,1,5,1,1,6,1,4,1,5,2,3,6,2,5,4,4,6,3,3,6,5,5,3,7,4,4,5,3,6,10,5,1,5,3,1,5,1,5,8,5
1573,,,,40,22,28,15,,,2,,,,,,,,,,22,18,,2,,,,17,,,17,,,,,23,47,,8,17,25,20,,,41,,,,,,28,20,,17,,18,12,17,,3,,,,15,30,,2,,,36,,,8,,2,37,,,,,,,26,28,29,,19,,26,,,19,28,1,,,3,,32,,
1574,6,,18,16,19,9,26,17,26,11,,13,,9,,16,,8,,14,8,,7,21,,8,13,,20,10,18,13,9,2,17,20,,14,14,6,4,12,,9,13,13,12,8,,17,7,12,12,18,17,27,11,10,15,31,3,,5,16,24,19,14,2,17,26,9,24,,9,4,22,,,,6,,12,17,14,17,18,10,11,1,18,6,5,20,18,10,16,11,45,2,19
1575,15,12,6,1,9,6,7,18,11,8,1,5,5,7,6,13,,3,1,12,14,14,5,18,13,,11,,,6,9,8,13,8,8,12,10,14,7,6,7,8,,6,7,17,12,8,,2,10,7,12,24,17,2,4,7,4,4,,,10,9,11,4,10,6,5,14,,7,,2,15,9,5,9,,8,,2,19,5,,4,15,10,4,15,18,7,8,36,12,6,9,16,18,5
1576,,,,41,25,30,19,,,5,,,,18,,,,,,23,17,,33,,,,16,,,18,,,,,24,30,,2,16,23,20,,,43,,,23,,,26,21,,17,,19,52,2,,,,,,15,28,,,,,39,,,5,,,35,,,,,,,27,28,33,,25,,27,,,23,29,25,,,3,,27,,
1577,13,8,10,9,10,24,10,9,,9,,,1,,12,3,5,34,1,11,4,8,12,7,8,10,30,2,,6,,,24,,,,11,17,3,,,9,,,9,,15,10,12,,,7,19,12,20,,26,9,5,9,7,17,13,13,,,2,,,12,13,5,8,6,11,,,,26,,9,6,7,11,17,,19,14,10,,,18,,,,8,22,,,
1578,,,8,37,24,28,20,22,,20,,,,,,,,,,22,24,,28,,,,18,,,19,,,,,22,42,,10,11,23,19,,,45,,,22,,,25,23,16,16,,20,54,17,,,,,,22,32,,,,,36,,,10,,,35,,,,,,,31,28,24,,24,,26,,23,20,27,24,,2,30,,34,,
1579,7,9,6,10,22,6,4,13,9,6,5,3,,1,9,12,,18,10,16,7,,9,1,8,5,6,7,17,4,16,8,5,12,4,1,16,6,5,1,,5,,4,4,2,1,1,7,6,1,9,1,14,1,3,10,10,10,15,13,,11,,11,12,9,14,,9,6,,9,7,10,15,5,1,3,14,17,5,18,7,3,12,12,9,13,9,10,5,2,1,10,9,12,1,7,8
1580,4,5,1,1,6,4,4,1,5,1,4,6,4,5,4,8,6,4,2,7,2,5,1,4,7,1,3,5,7,3,1,5,5,6,5,7,5,3,7,1,1,6,4,3,1,1,7,6,6,4,1,4,1,6,8,1,2,4,4,5,3,1,3,6,3,5,1,1,1,4,4,1,4,5,1,6,7,1,3,4,1,4,5,7,6,5,4,5,7,4,4,4,4,6,6,2,5,2,6,3
1581,1,1,1,1,1,1,1,1,1,1,1,1,1,1,1,1,1,1,1,1,1,1,1,1,1,1,1,1,1,1,1,1,1,1,1,1,1,1,1,1,1,1,1,1,1,1,1,1,1,1,1,1,1,1,1,1,1,1,1,1,1,1,1,1,1,1,1,1,1,1,1,1,1,1,1,1,1,1,1,1,1,1,1,1,1,1,1,1,1,1,1,1,1,1,1,1,1,1,1,1
1582,,17,,33,13,25,22,1,,,,,,,,,,18,,14,23,,42,,,,20,,,2,,,,,28,12,,3,3,12,23,,,26,,,23,,,19,21,,16,,17,49,12,,,36,,,23,17,,,,,34,25,,13,,,27,,,,,12,,20,21,25,,26,,24,,,11,28,16,,,32,,8,,
1583,,,,40,24,29,11,27,,,,,,,,,,,,23,22,,36,,,,16,,,12,,,,,25,45,,8,4,23,14,,,43,,,,,,25,24,,14,,18,53,2,,,,,,17,26,,,,,35,,,3,,,34,,,,,,,30,24,32,,27,,28,,,24,25,21,,,2,,15,,
1584,0,0,0,0,0,0,0,0,0,0,0,0,0,0,0,0,0,0,0,0,0,0,0,0,0,0,0,0,0,0,0,0,0,0,0,0,0,0,0,0,0,0,0,0,0,0,0,0,0,0,0,0,0,0,0,0,0,0,0,0,0,0,0,0,0,0,0,0,0,0,0,0,0,0,0,0,0,0,0,0,0,0,0,0,0,0,0,0,0,0,0,0,0,0,0,0,0,0,0,0
1585,3,5,7,4,8,6,7,6,3,6,3,5,4,7,5,10,7,3,8,8,2,4,4,6,5,1,5,5,9,9,5,7,11,1,9,4,3,6,1,,,1,6,8,4,2,11,6,5,4,3,10,2,7,11,2,10,8,4,7,5,5,5,5,3,4,4,2,3,3,2,5,6,,6,5,5,3,,5,7,2,6,8,,5,3,8,4,3,6,5,1,10,4,11,8,4,2,7
1586,,,2,3,1,1,25,10,2,,2,10,12,1,1,,1,,,17,2,2,2,,1,2,,2,1,3,1,3,,1,9,1,1,2,1,,1,1,,5,1,2,3,2,,1,2,1,1,1,9,12,1,1,3,2,,3,3,2,2,,1,1,,2,3,2,1,16,1,1,2,,12,1,2,1,,2,1,2,1,1,2,1,,1,2,2,2,2,13,3,2,3
1587,,18,,42,24,27,9,,,,,,,19,,,,,,23,24,,41,,,,17,,,18,,,,,18,47,,6,13,22,19,,,46,1,,24,,,24,22,,17,,17,49,13,,,,,,18,24,,,,,35,,,13,,,31,,,,,,,31,28,33,,26,,28,,,24,20,21,,,4,,33,,
1588,2,6,9,13,11,10,3,15,28,11,11,11,,,9,12,,13,10,12,22,,10,12,18,,11,,15,13,,10,11,,5,,12,11,14,14,15,14,,7,5,,13,,7,8,,8,12,16,10,10,10,12,10,14,14,13,10,,11,14,9,12,,,8,,12,,,13,8,13,9,12,14,9,16,8,9,13,14,15,7,13,8,,1,1,9,13,6,,11,16
1589,0,0,0,0,0,0,0,0,0,0,0,0,0,0,0,0,0,0,0,0,0,0,0,0,0,0,0,0,0,0,0,0,0,0,0,0,0,0,0,0,0,0,0,0,0,0,0,0,0,0,0,0,0,0,0,0,0,0,0,0,0,0,0,0,0,0,0,0,0,0,0,0,0,0,0,0,0,0,0,0,0,0,0,0,0,0,0,0,0,0,0,0,0,0,0,0,0,0,0,0
1590,1,4,5,1,5,2,1,6,5,1,4,3,6,5,7,1,5,6,6,5,6,3,6,2,6,6,2,5,1,5,5,1,6,5,6,1,5,6,6,5,2,5,6,4,3,10,6,3,6,4,5,2,7,5,6,7,2,6,3,6,7,2,5,6,2,7,3,4,7,3,5,3,5,4,3,4,5,2,3,6,6,1,1,5,2,2,1,4,7,7,3,4,5,6,6,1,7,5,6,6
1591,,,,42,21,27,19,,32,3,,,,,,,,,,14,23,,37,,,,18,,,13,,,,,15,46,,11,14,23,3,,,45,,,22,,5,20,14,,16,,19,11,8,,,,,,14,19,,,,,34,,,11,,,29,,,,,,,23,24,31,,27,,25,,,19,23,23,,,28,,28,,
1592,,,,35,22,29,12,3,,,,,,19,,,,,,22,21,,35,,,,16,,,19,,,,,25,44,,11,16,25,21,,,44,,,,,,28,18,1,13,,18,3,16,,,,,1,21,29,,,,,39,,,12,,,35,10,,,,,,26,31,26,,26,,29,,,25,26,21,,,31,,34,,
1593,11,,9,12,21,,7,16,33,11,12,12,,,10,9,,17,9,6,28,,12,15,12,,,,15,18,9,7,10,,7,,,7,16,15,5,14,,15,4,11,11,,10,7,,12,14,,,11,10,11,7,8,17,,13,,17,12,10,10,,,12,,10,,5,17,9,8,9,13,13,11,11,10,9,5,5,14,,18,8,,,11,12,11,13,,3,6
1594,5,3,7,7,4,4,6,5,7,6,5,7,2,8,9,5,3,7,3,6,6,3,5,8,5,7,5,6,7,7,2,2,6,7,5,7,7,2,8,7,7,6,5,7,4,4,3,7,2,7,6,5,6,6,7,6,9,6,6,5,2,7,6,6,5,3,8,3,6,3,6,6,4,6,3,4,7,6,3,2,1,9,6,5,5,4,5,6,2,4,4,4,4,7,6,6,1,7,7,3
1595,1,,,2,11,26,25,3,,,,,,,,,,,,16,23,,41,,,,16,,24,3,,,24,,4,24,,6,14,22,14,,,28,,,21,,,18,23,,18,,15,50,14,,,10,,,21,25,,,,,32,,,4,,,29,,,,,,,24,25,28,,26,,27,,,9,29,20,,,30,,25,,
1596,,,,40,23,30,21,,31,,,,,20,,,,,,24,23,,36,,,,17,,,16,,,,,24,46,,12,15,23,15,,,27,,,22,,,26,23,,15,,19,1,16,,,,,,19,30,27,,,,39,,,9,,,36,,,,,,,29,29,26,,27,,29,,,21,26,24,,,29,,17,,
1597,5,2,6,5,3,4,1,1,3,4,5,2,6,5,5,5,7,6,7,6,5,3,4,3,3,5,5,1,6,7,5,2,3,5,3,2,3,2,7,7,4,7,2,2,2,1,6,4,5,3,5,7,7,6,6,4,2,1,5,5,6,5,6,3,4,6,5,6,2,2,2,4,6,5,4,4,1,6,6,7,5,4,7,8,7,5,2,3,6,4,4,5,4,4,6,5,4,6,7,1
1598,4,3,5,4,6,3,4,3,6,3,4,7,6,5,5,9,3,6,5,4,5,2,3,3,2,1,5,4,6,5,6,3,1,2,5,7,5,4,3,5,3,6,3,3,2,7,6,19,3,2,3,4,5,2,4,4,7,3,3,6,7,4,2,3,3,4,5,6,5,4,4,2,5,5,6,1,7,5,2,3,4,5,7,4,5,4,5,4,9,2,6,5,2,4,6,6,5,7,7,7
1599,11,,7,13,15,10,5,22,11,8,2,6,3,4,,11,10,7,,6,16,,4,13,5,,5,3,4,17,15,7,10,4,3,8,9,6,6,7,10,15,,7,6,17,14,12,,12,10,8,15,4,14,2,6,6,6,24,9,10,2,4,7,15,10,11,5,10,3,11,8,8,10,13,,,3,1,6,10,8,9,7,11,5,1,2,24,12,5,4,1,10,16,6,22,2,18
1600,1,4,5,2,5,1,6,1,4,6,5,4,3,4,5,9,6,4,4,4,5,5,4,2,4,5,4,2,4,5,5,4,4,5,6,4,5,6,5,1,4,1,4,1,1,5,6,6,3,4,5,1,6,6,6,5,7,8,6,2,4,7,2,4,5,4,2,5,8,3,5,2,5,5,5,4,6,4,6,5,7,6,3,6,4,4,1,1,2,8,4,3,4,3,6,6,5,1,6,7
1601,,14,,8,45,,,,,,,,,,,25,,,10,15,,8,4,,,,,,,,,,,,5,,,,6,,20,,,,,,,,,,,,,,,48,,,,9,,3,11,,24,,,,5,,,,,,9,,,,,,,,,,,,,,,,1,,,38,9,,,,6,
1602,15,,7,10,9,4,28,22,33,10,,10,,6,6,5,,5,,1,11,,10,20,,21,11,1,17,12,16,10,11,8,1,11,,12,13,15,11,14,,39,5,2,12,1,,15,3,15,6,7,15,22,8,1,15,27,12,,2,20,24,22,16,,19,20,,19,,12,2,20,,,,1,,9,21,14,20,10,9,12,13,19,11,4,16,21,10,13,6,2,12,13
1603,3,3,5,6,5,1,5,5,1,3,4,4,5,7,6,6,4,1,5,3,1,5,1,5,4,4,2,1,5,7,5,4,4,6,6,3,5,5,2,4,4,6,8,5,4,6,5,5,4,2,6,5,8,3,5,2,1,5,4,3,1,5,4,2,1,2,5,4,5,5,3,3,6,3,6,4,3,4,4,1,4,5,1,7,7,2,4,2,5,8,2,5,1,2,3,5,2,8,6,1
1604,3,6,4,4,2,1,3,1,1,2,4,7,6,4,6,6,6,4,4,7,4,4,4,5,5,5,6,2,4,2,5,5,5,6,7,5,5,1,5,6,6,5,3,1,5,3,6,2,3,5,7,5,7,6,3,6,6,7,3,7,5,7,5,6,3,6,6,5,6,6,2,5,3,3,1,4,6,5,4,1,5,6,7,4,3,5,2,4,8,4,1,5,3,5,6,1,3,7,3,6
1605,5,5,6,3,4,4,3,6,8,4,1,1,6,2,1,8,6,1,5,2,5,3,1,5,5,5,5,5,7,1,6,2,1,4,2,6,6,2,1,4,6,5,3,5,2,1,5,6,2,1,5,5,2,8,3,7,5,2,6,7,5,7,4,4,5,5,4,5,1,3,5,5,4,4,3,4,4,4,6,6,4,2,3,6,3,6,4,5,6,1,1,5,5,1,1,5,6,1,7,4
1606,12,,1,13,21,9,28,14,30,5,,12,,7,,9,,5,,14,3,3,7,15,,20,12,,19,10,16,1,11,9,15,13,,11,18,14,9,12,,35,5,17,12,17,,16,12,9,23,13,1,26,4,11,14,26,12,,9,18,26,18,12,,17,24,,17,,16,7,20,,,,11,,2,21,16,1,20,7,13,16,21,12,16,1,23,10,15,5,25,15,20
1607,17,1,1,13,44,11,6,2,,2,11,1,,10,,16,,2,5,1,1,2,1,1,9,1,1,7,10,1,7,4,,3,1,2,15,5,11,5,3,5,8,9,9,,11,20,,7,20,2,15,20,2,11,2,3,2,10,,1,4,13,4,3,3,1,2,2,,2,1,,5,17,2,,5,2,1,1,3,12,3,8,14,19,11,9,12,31,1,2,28,18,9,13,8,1
1608,3,5,5,1,5,2,4,7,7,6,2,4,4,7,4,5,5,4,4,6,1,4,3,4,3,2,5,2,1,3,1,5,5,1,7,3,6,3,6,3,3,7,4,5,6,3,7,4,1,7,4,5,4,4,2,6,8,5,3,1,1,1,2,2,4,5,6,4,3,5,2,2,3,2,2,5,3,1,7,5,7,3,6,2,7,3,4,1,3,7,4,3,3,1,4,5,5,6,9,6
1609,3,1,4,6,4,3,4,5,3,1,2,9,1,5,4,9,2,4,5,5,5,5,1,3,3,7,5,4,7,1,3,5,5,6,5,6,5,2,7,1,2,3,2,2,6,7,7,3,6,4,4,7,8,5,10,4,7,4,3,6,2,5,5,1,5,7,7,3,7,4,4,6,1,4,7,5,7,2,1,5,2,5,6,7,1,4,6,2,7,2,3,3,5,5,4,4,2,4,6,6
1610,2,4,4,6,4,5,2,4,6,3,2,3,3,5,4,5,6,3,3,5,5,7,6,4,4,5,2,5,6,1,5,2,5,7,4,7,3,6,1,4,4,4,6,6,3,4,4,7,5,5,4,7,5,6,6,4,7,5,1,9,6,4,4,7,5,3,6,5,3,5,5,6,2,5,8,1,7,4,2,5,5,7,7,6,5,4,6,4,4,8,5,3,6,7,6,4,4,6,5,6
1611,,,,41,24,24,20,,,,,,,,,,,,5,21,20,,36,2,,,17,,,17,,22,,,22,48,,14,16,25,18,,,44,,,,,1,24,22,,18,,17,52,14,,,,,,21,30,,,5,6,40,,,10,,,35,9,,,,,,25,30,31,,28,,17,,,23,32,5,,,31,,33,,
1612,0,0,0,0,0,0,0,0,0,0,0,0,0,0,0,0,0,0,0,0,0,0,0,0,0,0,0,0,0,0,0,0,0,0,0,0,0,0,0,0,0,0,0,0,0,0,0,0,0,0,0,0,0,0,0,0,0,0,0,0,0,0,0,0,0,0,0,0,0,0,0,0,0,0,0,0,0,0,0,0,0,0,0,0,0,0,0,0,0,0,0,0,0,0,0,0,0,0,0,0
1613,4,2,5,2,1,1,5,5,3,6,1,6,3,5,1,1,6,5,7,2,4,6,4,6,2,3,5,6,1,6,6,4,2,4,5,7,5,5,7,5,4,5,4,2,6,1,8,4,5,4,4,5,5,1,4,5,1,3,3,4,2,3,4,3,6,5,4,5,4,3,2,4,5,2,6,1,4,3,2,4,3,6,7,5,7,1,1,1,2,4,4,2,5,2,3,6,6,7,2,5
1614,4,5,4,5,6,1,5,2,6,5,5,3,5,2,5,1,7,5,7,4,1,5,4,1,2,6,3,5,2,1,1,4,2,4,3,6,1,3,1,5,4,5,4,4,3,6,1,2,5,2,1,1,2,4,5,8,7,1,3,5,5,4,2,6,4,5,2,4,2,4,4,6,6,4,2,4,7,1,5,4,5,6,4,6,1,3,4,5,8,7,1,3,4,1,7,5,2,5,4,7
1615,6,9,8,11,1,10,7,11,33,1,6,8,,11,9,13,,11,11,8,,,10,12,9,,8,,16,19,,9,13,,8,,14,8,15,8,,15,,10,4,10,14,,12,4,18,9,14,13,19,3,5,10,7,14,16,,14,,8,16,10,13,,,11,,10,8,,18,4,11,11,14,12,13,19,7,2,10,7,14,12,17,10,,,9,7,7,11,,6,17
1616,13,,3,4,23,9,30,20,33,12,,8,,6,,10,,7,,9,13,,11,13,,11,14,,18,14,18,11,10,9,17,16,,10,18,14,11,11,,32,7,5,5,20,,13,1,16,22,15,16,24,9,13,17,24,13,,10,16,27,21,12,,16,25,,23,,1,11,21,,,,9,,8,18,16,30,19,9,14,14,31,17,16,18,19,9,14,13,45,19,8
1617,1,2,5,1,6,4,2,5,4,4,4,2,1,4,4,5,6,6,5,4,4,6,3,1,5,1,6,3,2,4,3,3,4,2,6,6,5,5,7,4,4,1,6,5,3,4,6,3,3,3,5,4,7,6,3,7,8,2,5,5,5,5,5,3,3,6,5,,3,4,3,4,4,1,3,5,6,6,1,2,5,1,7,6,2,6,4,1,1,8,1,2,3,8,6,6,3,1,9,4
1618,5,5,6,1,6,5,1,1,5,1,3,2,7,6,1,3,5,4,2,1,15,9,2,6,3,6,4,1,6,6,6,5,4,6,7,3,3,1,4,8,4,1,4,8,1,7,4,5,4,5,1,5,5,7,19,8,3,1,6,4,6,7,3,5,3,1,1,6,2,4,5,4,4,6,4,3,8,5,7,3,4,2,6,5,6,6,8,5,11,9,3,3,3,5,3,3,6,4,3,3
1619,2,2,2,3,5,4,3,4,2,3,4,4,6,4,5,7,6,2,4,5,2,6,2,2,5,1,5,3,6,4,6,4,3,5,6,5,3,3,7,6,5,3,6,6,3,8,4,7,1,6,6,6,2,2,6,7,8,5,2,5,3,1,3,6,1,3,7,7,2,1,6,6,2,3,5,1,5,3,5,5,5,3,4,3,4,1,4,6,3,2,6,4,5,2,3,6,4,8,5,4
1620,4,6,2,5,6,1,4,6,5,14,1,1,6,6,3,7,5,2,7,6,5,2,2,3,6,2,6,2,2,4,7,5,4,4,6,4,4,1,6,7,1,3,4,4,6,4,3,1,6,1,1,6,6,6,7,1,7,3,4,3,3,7,1,2,2,6,6,1,4,4,3,6,7,5,6,3,4,5,6,6,6,3,2,5,3,3,3,1,3,6,2,3,4,7,5,4,6,3,7,4
1621,0,0,0,0,0,0,0,0,0,0,0,0,0,0,0,0,0,0,0,0,0,0,0,0,0,0,0,0,0,0,0,0,0,0,0,0,0,0,0,0,0,0,0,0,0,0,0,0,0,0,0,0,0,0,0,0,0,0,0,0,0,0,0,0,0,0,0,0,0,0,0,0,0,0,0,0,0,0,0,0,0,0,0,0,0,0,0,0,0,0,0,0,0,0,0,0,0,0,0,0
1622,1,5,5,3,3,5,4,3,2,4,4,6,6,6,3,7,4,4,6,3,6,4,3,5,4,4,5,4,5,6,5,1,5,6,5,6,2,3,2,5,3,6,4,3,6,2,6,4,3,3,7,6,7,6,7,7,1,5,6,7,3,2,1,5,1,4,4,4,2,4,7,1,6,5,1,3,5,1,6,2,1,1,5,10,3,3,2,4,5,9,2,6,4,7,1,6,3,5,6,2
1623,4,1,6,5,4,4,2,1,5,4,5,4,3,6,3,5,6,4,5,2,2,6,3,1,1,4,3,5,8,7,5,4,5,4,3,5,6,5,5,3,5,3,5,5,4,1,6,2,7,6,6,2,5,6,6,7,6,3,6,1,2,1,1,5,2,6,3,3,7,7,6,1,1,2,5,3,2,2,3,6,6,1,6,7,1,4,5,4,4,7,4,3,4,2,6,2,2,4,1,4
1624,,1,,3,38,1,26,15,22,14,21,11,,13,,19,,16,,13,19,,9,,,,20,,34,13,18,20,17,11,11,10,8,14,13,10,12,,,41,13,,17,16,,1,21,7,16,26,17,42,14,22,12,31,,,7,8,22,26,17,,24,24,,21,,17,35,15,,,16,,,18,27,18,15,18,12,15,,14,25,36,15,32,13,18,6,16,27,20
1625,13,,5,11,23,8,27,21,31,10,,6,,6,,7,,2,,12,14,,10,19,,21,13,,6,11,5,9,7,5,18,15,12,13,18,11,11,12,,39,12,17,14,16,,2,6,11,23,7,19,26,5,6,14,26,12,,5,21,3,19,15,,19,23,2,23,,16,5,7,,,,4,,8,21,17,1,20,4,10,13,1,2,7,21,21,11,15,6,45,16,10
1626,7,8,1,4,1,5,6,5,5,2,3,3,1,9,5,2,5,3,6,8,8,8,6,7,2,4,5,3,7,4,5,7,2,6,2,1,7,1,4,5,7,6,7,6,4,8,7,5,2,6,6,4,7,5,6,7,9,2,5,9,7,7,5,6,6,4,5,3,8,1,7,8,6,3,1,3,1,5,3,3,6,7,3,8,6,4,7,5,9,7,8,5,4,9,3,5,5,7,7,3
1627,1,5,3,2,,2,1,3,2,,1,1,1,3,1,3,2,2,2,1,3,1,2,,1,4,7,3,1,2,2,5,,2,1,5,6,,3,1,1,2,,1,2,2,1,,1,,1,2,2,2,,,2,2,1,3,1,2,4,1,1,1,1,4,,,4,2,3,1,1,2,,8,2,,2,1,3,2,4,4,2,,1,1,1,2,1,1,6,,1,5,2,
1628,,,,40,21,29,20,,29,,,,,,,,,,,18,22,,27,,,,17,,,18,,,,12,16,46,,9,14,21,14,,,41,,,,,,28,24,,13,,19,53,17,,,,,,8,24,,,,,23,,,11,,,33,,,,,,,28,29,32,,17,,28,1,,22,30,25,,,30,,32,,
1629,,2,,8,46,,,,,,,,,,,29,,1,12,15,,4,6,,,,,,,,,,,,,,,,6,,18,,,,,,,,,,,,,,,49,,,,10,,4,9,18,24,,,,8,,,,,1,9,,,,,1,,,,,,,,,,,7,,,35,4,,,,7,
1630,,12,,27,40,16,26,17,24,13,,6,,1,1,16,,11,,5,14,,5,,4,,18,,30,10,19,19,19,9,9,19,7,15,10,7,15,,,35,9,,16,17,,9,8,16,14,26,20,46,7,16,14,13,,,9,8,15,23,8,,14,23,,19,,10,30,15,,,9,,,18,25,17,7,15,15,19,10,27,23,31,12,35,15,10,9,5,7,15
1631,1,,1,1,9,7,1,19,31,8,,1,1,9,,3,,8,1,15,3,3,7,15,,4,13,1,20,11,1,12,8,9,21,13,1,10,7,14,1,15,,31,1,11,13,1,,14,5,5,1,18,2,1,3,13,12,26,8,,10,1,28,23,13,2,1,3,1,20,,11,13,21,3,,,10,,3,1,16,31,1,10,8,13,20,17,15,18,2,8,1,8,44,17,7
1632,3,1,1,1,4,4,5,5,3,3,7,6,2,1,3,6,5,5,3,6,3,3,4,5,5,6,3,4,2,4,3,5,1,1,3,1,4,7,6,3,3,4,5,5,2,7,2,3,6,6,4,4,1,7,5,2,4,1,3,1,4,5,3,1,5,5,4,1,1,3,3,1,2,1,5,3,9,2,5,5,2,2,1,3,5,5,3,1,4,5,5,2,4,3,7,3,5,4,7,7
1633,,13,,29,40,21,24,12,25,16,,12,,16,,14,,15,,14,19,,11,,,,21,,20,13,13,19,15,10,12,28,1,13,7,9,9,,,34,16,,12,14,,13,12,21,12,22,16,42,1,3,10,12,,,11,12,11,29,14,,21,23,,23,,19,17,5,,,16,,,10,25,16,11,18,14,18,,21,27,32,13,34,17,18,9,13,28,21
1634,,11,,34,39,11,4,17,26,19,,16,,15,,17,,15,,14,14,,4,,,,21,,26,10,17,18,17,6,5,30,10,11,8,9,17,,,33,15,,14,13,,12,14,19,5,27,14,44,2,3,7,30,,,12,13,19,28,14,,20,1,,22,,19,30,15,,,16,,,21,23,20,7,17,14,4,,24,26,35,12,27,13,22,6,13,22,21
1635,,,,34,26,30,20,,,19,,,,,,,,,,18,23,,29,,,,15,,25,18,,,,13,23,41,,10,12,23,19,,,44,,,,,,27,24,,15,,20,55,16,,,,,,20,32,,,,2,24,,,10,,7,33,,,10,,,,30,28,26,,27,,27,,,23,29,23,,,25,,29,,23
1636,,,,38,26,27,23,,,,,,,,,,,,,17,21,,37,,,,18,,,17,,,,,25,47,,5,12,24,20,,,44,,,,,,26,24,,17,,17,52,15,,,,,,22,30,,,,,39,,,3,,,32,,,,,,,30,28,28,,24,,26,,,20,24,27,,,29,,31,,1
1637,5,4,3,6,9,1,6,3,6,4,3,4,5,6,2,6,7,3,6,5,5,4,3,1,2,5,6,1,7,6,7,6,5,4,5,4,4,6,6,5,3,6,7,4,7,5,5,5,6,2,5,3,6,4,5,2,7,7,3,1,4,6,1,5,5,3,4,3,5,4,6,4,5,6,4,5,5,3,5,3,4,6,6,3,5,4,5,4,1,6,4,3,4,6,5,1,8,6,6,4
1638,,,,36,23,26,10,,,,,,,,,,,,,14,1,,39,,,,21,,,3,,21,,,24,11,7,10,12,22,15,,,46,,,21,,,21,24,,17,,1,54,14,,,,,,23,25,,,,,30,,,12,,,23,,1,,,,,14,24,27,,25,,22,,,19,25,21,,18,31,,29,,
1639,2,7,4,4,2,1,3,4,5,4,3,7,5,5,8,5,6,8,7,2,3,7,4,1,4,7,1,1,5,5,4,2,2,4,7,3,2,4,4,6,3,5,4,1,5,7,1,5,7,5,5,5,5,5,2,8,8,3,4,1,1,7,3,3,4,2,5,4,4,1,3,6,5,5,6,4,7,4,4,5,4,5,3,1,1,4,2,2,6,8,3,4,4,7,3,5,1,6,7,6
1640,,1,,33,44,22,11,14,27,17,,16,,11,,2,,16,,12,19,,1,,,,18,,23,12,1,1,1,10,4,31,7,14,4,8,18,,,1,2,,2,11,7,13,12,21,3,4,18,47,16,11,10,4,,,3,14,22,25,1,,12,1,1,20,1,21,35,16,,,12,1,2,1,25,21,2,1,2,18,,30,22,36,15,32,18,1,1,14,27,21
1641,6,7,7,2,7,7,12,8,34,6,7,8,11,9,2,13,5,4,9,9,2,5,5,10,12,9,1,9,12,6,1,8,4,8,9,6,6,10,9,13,2,8,10,8,4,9,9,4,8,1,9,14,5,10,10,5,5,10,7,4,8,7,1,9,4,7,7,7,11,8,10,1,8,,4,3,7,5,6,17,5,4,5,9,7,3,16,6,13,11,9,6,,10,1,3,2,4,4,8
1642,12,,11,,5,,7,2,40,,6,2,7,,5,,10,9,3,2,,6,16,11,4,2,,5,10,8,3,12,8,16,9,5,8,2,6,10,,3,,9,,4,,13,7,,13,9,13,8,,8,17,,14,,14,11,14,6,6,,6,10,4,7,3,,7,8,7,9,8,1,5,7,9,9,9,2,15,,15,5,11,2,26,,,2,5,9,13,,,18
1643,4,4,2,7,6,3,4,5,3,5,3,4,1,1,4,6,4,2,4,6,3,6,2,3,5,8,5,6,8,7,3,2,1,6,1,6,3,5,1,5,3,2,5,4,4,4,6,1,8,6,2,6,7,5,3,6,7,4,4,7,5,1,3,1,4,7,4,5,1,6,5,5,1,2,4,7,3,5,4,4,3,4,2,9,6,4,4,5,6,3,4,2,6,6,2,6,2,6,7,6
1644,3,4,3,5,5,3,5,5,4,3,1,6,4,6,3,8,4,3,4,4,4,6,3,1,5,6,2,5,4,6,4,4,4,1,5,2,4,1,5,7,3,4,5,2,3,3,1,6,4,6,1,1,6,4,4,6,7,3,5,5,5,3,4,4,4,6,3,2,5,5,5,5,1,3,5,3,8,2,3,4,5,2,6,1,3,3,4,3,2,6,5,3,5,7,3,6,2,4,2,6
1645,12,,2,2,24,8,27,21,29,8,,11,,8,,7,17,6,,14,10,,14,18,,19,9,,19,10,19,12,10,4,18,15,,12,16,2,9,2,,38,8,13,10,10,,13,6,1,24,19,13,27,10,6,16,30,13,,2,19,24,20,10,,17,23,,24,,16,9,22,,,,11,,3,22,16,23,19,11,11,5,20,16,16,16,21,4,15,3,45,18,17
1646,10,6,6,1,7,4,5,7,9,15,3,2,7,8,,9,4,3,2,7,9,,6,24,7,2,8,6,2,1,18,2,9,3,12,6,6,6,6,8,1,7,1,39,2,7,4,7,5,5,6,6,9,7,21,2,13,8,1,8,5,12,5,1,13,23,9,,8,6,,8,,6,5,4,,6,8,8,,3,2,17,8,7,9,3,7,26,6,31,6,19,9,14,6,12,12,6
1647,,,,41,25,30,21,,,,,,,,,,,,,24,21,,36,,,,17,,,18,,,,,24,47,,11,15,23,20,,,43,,,,,,28,23,,16,,18,52,17,,,,,,21,31,,,,,38,,,4,,,34,,,,,,,28,28,33,,25,,31,,,23,30,24,,,30,,33,,
1648,,,,9,45,,,,,,,,,,,29,,,1,15,,6,6,,,,,,,1,,,,,,,,,6,,18,,,,,,,,,,,7,,,,48,,2,,9,,6,14,,24,,,,8,,,,,,2,,,,,,,,,,,,,,,,8,,,38,2,,,,11,
1649,,,5,34,27,25,7,,,,,,,18,,,1,21,,11,19,3,42,,,,19,,34,10,,,,,13,37,,6,13,8,22,,,27,,,21,21,,20,14,,8,,10,1,12,,,4,,,19,21,22,,,,33,1,,13,,,34,,,,,,,22,25,29,,25,,1,,,23,26,17,,,31,,16,,
1650,,10,,31,14,19,9,16,25,19,,11,2,10,,11,,16,,15,20,,11,27,,,8,,24,12,18,19,15,9,12,4,6,11,9,12,5,20,3,17,16,2,1,13,,7,16,15,11,2,2,37,11,20,5,32,,,6,5,23,30,9,,23,1,,2,,19,37,17,6,1,6,,,15,25,20,15,20,15,17,,24,24,33,13,20,19,16,9,16,22,17
1651,1,1,1,1,1,1,1,1,1,1,3,1,1,1,1,1,1,1,1,1,1,1,1,1,1,3,1,1,1,1,1,1,1,1,1,1,1,1,1,1,1,1,1,1,7,1,1,1,1,1,1,1,1,1,1,1,1,1,1,1,1,1,1,1,4,1,1,1,1,1,1,6,7,1,1,1,1,6,1,1,1,1,1,1,1,6,1,1,1,1,7,1,1,1,1,1,1,1,1,1
1652,6,1,6,5,7,5,5,1,6,2,6,5,5,5,2,7,5,2,5,5,5,5,3,3,4,3,5,3,2,6,2,3,4,6,5,1,5,2,7,7,4,6,3,2,2,4,3,6,4,4,6,3,7,3,5,1,4,4,3,4,5,2,2,6,1,5,3,2,7,5,3,4,5,5,6,6,6,3,1,5,7,6,6,6,5,6,1,3,3,8,2,1,3,3,5,2,5,6,2,2
1653,4,3,6,5,2,1,4,4,1,3,1,5,4,2,4,6,6,3,1,4,6,3,2,5,3,3,5,4,5,1,2,3,4,5,4,5,1,4,1,4,1,6,1,4,5,1,4,5,2,1,4,5,1,6,1,9,8,2,1,4,5,5,3,3,4,3,7,4,6,7,6,1,5,3,5,4,5,5,7,6,1,3,3,6,6,1,4,3,6,9,5,4,5,8,6,6,4,7,7,5
1654,2,,2,1,24,2,18,11,29,13,14,15,,1,7,1,2,2,,17,9,2,2,1,2,12,11,,5,6,3,1,9,9,3,33,2,10,12,6,7,1,1,2,2,1,2,1,2,21,1,1,12,1,10,10,12,6,2,24,16,,9,16,26,24,2,1,1,27,,13,,2,8,2,,2,9,1,2,1,4,17,28,15,10,15,15,21,17,2,9,22,1,13,5,2,2,2
1655,,,,39,27,29,24,29,,,,,,,,,,,,24,22,,33,,,,17,,24,19,,,,,24,44,,9,10,26,19,,,44,,,,,,28,24,,15,,19,53,14,,,,,,19,30,,,,,38,,,13,,,36,,,1,,,,31,29,33,,28,,27,,,22,17,26,,,30,,33,5,
1656,8,8,4,9,1,8,,5,36,11,7,2,7,3,6,10,4,18,8,15,16,23,9,13,16,8,,2,21,1,7,9,11,11,1,14,12,4,8,7,,8,,15,,2,13,8,7,7,7,8,11,13,7,9,10,7,7,10,12,,9,,3,9,7,2,2,7,9,,9,,8,13,1,13,7,18,3,9,11,10,7,7,9,11,4,4,3,6,9,10,5,1,3,,11,12
1657,9,,8,2,2,16,31,23,29,2,,1,,11,3,2,,9,1,9,2,1,5,17,4,2,13,3,17,17,16,2,7,2,13,11,8,2,20,12,8,15,,43,8,4,16,10,,17,15,,2,2,1,,,6,13,33,9,7,5,1,27,22,17,1,9,,,3,4,1,2,1,,,2,,,8,2,1,1,6,2,17,1,25,18,3,19,24,10,21,8,13,14,
1658,6,7,1,9,8,1,6,8,3,7,1,5,1,6,3,13,,10,6,9,12,,6,,1,19,7,,23,8,9,2,9,5,8,15,1,5,6,5,3,18,4,1,8,15,10,9,,19,8,2,7,1,20,9,5,2,8,13,7,,11,1,8,7,8,1,4,13,1,1,,7,16,9,7,1,10,9,,7,20,9,15,1,1,5,9,12,16,1,7,20,7,2,7,9,8,18
1659,7,2,3,3,5,1,4,5,3,4,2,1,5,1,6,1,2,2,5,4,4,6,3,7,4,4,4,5,5,5,7,3,4,6,4,1,1,4,3,1,4,1,3,2,1,4,5,1,2,6,7,7,6,1,3,5,5,7,6,1,5,1,3,6,3,5,1,5,5,4,3,5,2,2,5,2,4,6,2,6,4,5,1,6,2,5,1,2,4,11,6,1,5,6,5,5,3,4,7,6
1660,11,2,6,13,2,10,18,21,1,1,,8,,15,,11,1,2,1,12,2,,,1,,20,11,,6,8,15,8,4,2,13,2,,13,17,14,4,2,,38,3,16,1,17,,1,11,12,10,7,17,26,12,7,1,22,11,,7,19,2,21,15,19,17,22,,22,,13,2,20,,,4,11,1,9,7,16,25,1,2,9,14,20,5,13,16,21,4,1,7,19,16,2
1661,2,,,1,13,4,25,2,,,,,,,,,,,,16,23,,39,,,,9,,31,13,,,22,,5,25,6,8,14,22,19,,,25,,,18,,,7,21,,6,,8,46,7,,,11,,,20,23,,,,,33,,,11,,2,34,,,,,,,31,24,28,,22,,24,,,18,27,16,,,30,,24,,
1662,2,1,4,4,4,2,4,3,4,4,5,5,6,8,5,6,5,3,2,4,6,3,1,6,5,5,3,4,4,6,5,4,4,3,1,3,1,1,6,7,4,5,5,2,5,7,1,3,1,6,6,1,4,5,3,6,6,4,6,5,3,6,5,4,2,6,4,5,6,4,4,4,5,4,2,5,6,6,3,6,7,4,5,1,3,5,5,4,5,8,5,3,5,1,6,1,5,9,7,4
1663,0,0,0,0,0,0,0,0,0,0,0,0,0,0,0,0,0,0,0,0,0,0,0,0,0,0,0,0,0,0,0,0,0,0,0,0,0,0,0,0,0,0,0,0,0,0,0,0,0,0,0,0,0,0,0,0,0,0,0,0,0,0,0,0,0,0,0,0,0,0,0,0,0,0,0,0,0,0,0,0,0,0,0,0,0,0,0,0,0,0,0,0,0,0,0,0,0,0,0,0
1664,17,2,2,34,15,1,1,3,1,1,,3,,11,,20,,17,7,1,1,2,1,,10,4,2,,11,6,16,16,15,1,15,1,14,8,9,4,11,1,7,8,10,,11,19,,7,18,2,14,19,2,12,16,2,1,11,,,1,12,7,27,2,,20,3,,16,2,,6,15,3,,4,1,5,14,23,19,2,10,13,19,,27,12,1,2,2,27,13,8,12,10,1
1665,1,5,5,5,5,3,4,4,2,3,4,6,1,4,2,7,6,5,3,6,4,3,2,6,3,8,5,1,4,4,5,5,5,6,2,7,2,5,7,5,2,6,4,4,3,4,8,7,2,5,4,6,4,3,4,3,3,6,5,4,2,6,2,2,4,3,3,5,2,5,4,4,2,4,5,1,4,2,6,4,5,5,7,5,5,5,5,5,4,5,1,4,4,5,6,6,5,5,7,6
1666,10,14,6,,28,10,,8,2,,1,8,9,9,,10,9,11,,10,3,12,3,10,15,,10,9,20,11,14,8,10,1,11,,12,5,4,9,,1,6,9,2,4,14,14,,6,8,,1,14,,2,8,11,6,16,5,8,28,5,4,1,10,3,3,16,14,,7,,1,6,,4,11,7,6,8,8,9,18,6,12,1,1,6,,7,,,3,7,10,,8,16
1667,,8,,32,11,16,27,20,24,21,,9,,12,1,18,,13,,16,20,1,6,,,,14,,34,13,20,17,21,9,10,24,12,13,5,9,14,,,38,11,,16,20,,12,17,20,14,26,17,38,17,3,11,31,4,,7,12,7,27,13,,26,24,,21,,13,35,1,,2,14,,,8,25,20,15,18,12,6,13,29,16,36,6,34,22,14,4,15,12,11
1668,2,4,2,5,1,3,6,5,4,4,6,6,5,1,3,3,1,5,5,2,3,1,4,1,4,1,3,2,3,4,5,5,2,3,5,5,4,1,6,4,2,6,5,3,4,2,2,5,7,1,7,4,7,5,1,4,2,6,4,7,5,6,1,5,4,2,5,6,4,2,6,5,6,4,6,2,6,2,5,1,3,5,7,6,3,5,2,3,4,1,6,3,1,6,1,5,1,7,5,3
1669,1,5,7,5,4,4,5,3,3,1,4,5,3,7,4,4,4,3,6,4,6,5,5,5,5,3,4,5,1,3,6,5,1,6,4,3,4,1,4,3,1,6,3,5,1,5,4,6,2,2,4,3,6,5,3,5,8,4,7,8,5,5,2,3,4,1,3,6,6,2,4,4,4,2,5,4,6,3,7,4,6,4,4,9,1,4,6,4,9,7,5,4,5,7,2,5,4,1,6,3
1670,6,6,13,1,2,4,5,4,6,5,5,6,6,6,7,9,3,8,4,3,3,4,6,6,5,3,13,6,6,1,1,8,5,2,6,4,6,5,3,9,8,4,,2,4,6,6,5,8,7,6,6,6,3,9,6,9,7,15,9,10,10,16,6,5,3,5,1,5,7,5,7,5,4,6,6,6,4,7,4,8,5,10,6,2,5,10,3,7,6,4,5,5,4,2,8,13,2,14,7
1671,14,,10,39,15,5,27,16,31,8,10,6,,4,,14,14,7,,16,16,,8,,12,21,13,,21,12,16,10,12,8,12,17,,11,15,17,6,22,,8,3,16,10,12,3,14,6,15,15,16,15,12,10,13,10,24,12,,11,10,25,24,15,,17,16,,20,,1,9,8,,,8,1,,10,17,11,22,19,3,3,11,18,12,13,3,17,10,13,6,21,13,17
1672,,14,,32,43,16,26,18,25,18,18,12,,12,12,18,,,,16,22,,4,,,,15,,35,2,17,17,6,8,15,12,5,14,2,9,13,,,41,14,,17,16,12,9,16,21,13,2,1,44,11,1,15,31,,,4,13,21,23,16,,26,24,,20,,19,31,6,7,,7,,,19,27,21,14,16,12,16,14,27,20,31,13,35,14,22,6,10,22,4
1673,,,3,9,21,10,29,19,31,8,,3,,8,2,2,,6,,14,11,,10,21,,11,7,,21,9,19,,13,11,20,12,6,10,18,13,7,14,,36,13,17,13,20,,17,6,12,24,14,14,28,3,12,12,30,13,,8,16,28,22,14,3,9,26,,21,,18,1,20,,,,2,,3,21,17,29,20,10,14,16,30,16,14,20,20,10,2,8,20,5,17
1674,6,6,3,4,23,3,5,4,6,5,1,1,7,1,6,6,1,8,7,4,4,4,6,7,1,5,3,3,1,7,9,8,1,7,8,7,2,3,4,5,9,6,2,8,3,9,,6,6,4,6,8,8,1,11,7,9,3,8,7,8,9,5,10,7,6,8,4,1,6,6,4,5,5,6,7,6,6,9,3,2,2,6,1,7,12,6,7,2,6,9,6,3,3,5,6,2,7,10,7
1675,2,5,5,2,6,3,4,6,3,2,4,3,4,3,5,3,1,6,7,2,1,6,6,7,1,5,5,5,5,5,2,3,4,7,5,4,5,5,7,3,2,4,1,4,5,2,4,1,7,5,3,4,6,6,5,6,2,5,3,1,3,1,1,7,6,3,6,5,4,5,6,5,6,3,3,1,3,5,6,2,1,2,1,2,7,3,2,1,6,3,3,5,2,5,5,7,5,1,6,5
1676,8,5,4,16,23,10,2,16,33,8,11,13,,,8,12,,18,13,10,29,,5,14,17,,12,,16,16,,13,9,,7,1,13,8,14,17,14,12,1,13,4,13,15,,12,7,,14,13,14,17,5,7,11,11,13,15,12,13,,16,13,10,13,,,13,,11,,,16,10,13,10,11,13,2,12,11,6,14,11,15,6,16,8,,,9,9,12,10,,14,10
1677,12,,7,16,13,9,9,19,31,13,,9,,11,,13,,6,,14,5,,1,20,,1,13,,6,1,16,12,7,8,20,20,,6,17,13,7,16,,37,9,7,7,19,,2,5,12,24,16,18,24,9,13,13,8,11,,9,15,25,20,1,,16,2,,24,,11,10,17,,,,11,,8,19,10,25,18,5,11,13,19,15,9,17,20,5,16,11,44,17,18
1678,1,8,7,8,7,6,4,5,8,6,7,9,,8,1,1,2,11,1,13,4,3,1,13,6,6,12,5,8,7,3,7,9,7,7,2,5,6,2,8,,3,,6,5,7,3,4,7,7,7,6,9,9,9,9,9,8,6,13,9,7,1,8,6,4,6,2,5,7,5,6,1,11,7,7,7,6,6,6,4,5,20,1,9,5,1,,2,12,3,5,7,9,1,7,3,2,9,6
1679,1,,3,15,24,7,30,20,34,14,,8,,10,,1,,1,,10,14,,12,20,,5,12,,15,8,1,1,4,7,12,21,,11,13,3,10,16,,30,12,14,9,17,,4,4,16,21,21,18,24,10,8,15,27,13,,3,14,28,19,2,,18,23,,20,,13,5,9,,1,,11,,1,20,30,29,17,11,12,13,1,15,12,13,16,10,16,1,46,18,1
1680,,,,40,25,10,18,,,,,,1,,,,,,,21,23,,26,,,,19,,,17,,,,,6,46,,11,8,25,15,,,44,,,,5,1,25,23,,17,,18,50,16,8,,,,,11,30,,,,,36,,,8,,,35,,,,,,,31,25,29,,26,,25,,,23,25,21,1,,29,,31,,
1681,,7,9,23,38,12,25,17,14,10,11,9,,15,4,10,,3,,13,23,5,10,,,,18,,29,11,19,19,16,3,15,1,10,11,11,7,8,3,,37,9,,13,15,,13,18,19,16,25,12,38,2,21,13,15,,,8,11,15,24,19,,1,24,,15,,13,33,12,,,17,,,14,21,19,11,12,12,18,14,25,23,34,10,28,17,14,6,15,26,8
1682,,,,40,27,29,21,1,34,1,,,,,,,,,,23,22,,35,,,,16,,,18,,,,,24,45,,1,15,18,1,,,44,,,,,1,27,23,,17,,12,51,13,,,,1,,19,31,,,,,40,,,7,,,36,,,,,,,30,28,31,,29,,15,,,24,27,2,,,1,,31,,
1683,4,2,5,6,6,4,5,7,3,4,2,6,1,6,6,3,4,5,4,5,5,2,5,6,5,5,1,2,2,5,5,6,4,6,4,6,3,2,5,6,5,4,2,1,3,6,1,8,6,7,7,5,5,1,1,2,8,1,4,6,5,4,2,5,5,3,5,3,7,3,3,4,5,6,6,3,3,3,5,1,5,5,8,1,5,4,6,2,8,11,4,4,2,8,6,4,4,4,3,5
1684,0,0,0,0,0,0,0,0,0,0,0,0,0,0,0,0,0,0,0,0,0,0,0,0,0,0,0,0,0,0,0,0,0,0,0,0,0,0,0,0,0,0,0,0,0,0,0,0,0,0,0,0,0,0,0,0,0,0,0,0,0,0,0,0,0,0,0,0,0,0,0,0,0,0,0,0,0,0,0,0,0,0,0,0,0,0,0,0,0,0,0,0,0,0,0,0,0,0,0,0
1685,3,3,2,1,3,5,2,6,4,5,3,2,1,5,1,6,2,4,6,4,5,4,7,6,1,7,3,2,5,4,7,6,5,2,4,5,1,4,5,6,2,1,3,1,4,3,1,4,6,6,6,4,3,4,4,2,1,4,4,6,2,3,5,6,4,5,3,5,1,5,1,4,4,6,5,4,6,2,3,6,5,6,5,7,4,1,3,1,5,9,4,4,6,4,7,4,5,2,4,6
1686,,13,2,32,42,22,25,18,25,20,,16,,15,,13,,14,,12,17,,7,,,,15,,33,13,11,17,15,8,8,32,10,14,6,8,11,,,15,11,,12,16,,12,12,4,13,23,19,41,10,26,7,29,,,12,13,19,30,16,,20,23,,18,,22,31,14,,,17,,,10,20,23,10,16,16,16,,27,25,28,11,27,14,20,4,12,1,20
1687,7,6,5,8,22,11,7,1,33,10,10,8,12,,5,6,,11,13,8,17,,12,15,16,,10,,17,19,,8,12,10,7,,11,8,13,17,,13,,15,7,12,10,,11,8,,13,13,9,17,8,3,8,10,10,15,,16,,14,8,8,14,,,10,,11,,,16,10,14,11,15,16,11,14,9,5,11,13,13,13,15,1,,,11,5,13,11,,14,7
1688,1,5,5,1,5,3,5,5,3,3,5,1,3,2,6,6,3,5,6,7,3,7,1,3,5,5,2,1,6,1,6,6,5,3,5,5,6,4,6,7,3,8,6,2,5,5,4,5,6,8,1,7,6,3,5,6,7,6,8,1,4,4,3,4,4,3,1,4,3,2,3,5,1,5,1,4,5,2,7,6,1,2,7,7,2,3,7,3,7,10,7,1,3,6,6,6,6,6,7,4
1689,8,4,1,4,4,1,4,5,2,5,1,2,5,6,6,8,5,2,2,2,2,5,3,6,2,5,4,4,1,5,5,3,6,6,6,6,5,4,5,2,4,5,6,2,5,8,6,2,5,3,5,4,2,6,2,6,9,5,2,6,4,3,4,5,5,4,5,4,6,5,4,3,4,3,4,2,7,4,1,4,6,5,6,8,1,6,2,2,1,7,1,1,4,3,2,1,5,3,9,6
1690,1,1,1,1,1,1,25,1,1,1,1,1,1,1,,1,,1,,16,1,,6,,1,,1,,1,1,15,1,13,1,1,1,9,17,1,1,9,,,1,18,1,2,1,,1,1,1,18,22,1,1,1,1,4,1,,1,1,1,19,1,1,1,22,1,,1,,1,1,9,1,,1,1,,1,1,16,12,1,8,14,1,1,1,1,11,1,11,22,1,1,1,1
1691,,,,17,23,29,18,24,30,,,,,,,,,,,24,23,,36,,,,17,,,17,,,,,22,48,,12,9,24,18,,,46,,2,,,,28,17,,12,,20,53,13,,,,,,21,31,,,,,38,,,11,,,35,,,,,,,28,26,31,,26,,28,,,20,30,24,,,31,,34,,
1692,10,,12,13,24,1,31,19,31,20,1,11,,11,,18,,4,,7,14,,13,15,,7,11,,17,11,14,,3,1,16,22,,8,17,15,11,3,,38,12,16,1,10,,15,8,11,26,13,17,14,14,15,10,27,12,,9,16,25,18,9,,11,24,,20,,14,6,8,,,,,,6,19,1,20,19,7,4,15,18,18,11,16,21,2,13,10,13,18,13
1693,2,1,9,1,9,1,2,1,42,3,19,16,1,1,11,,,1,14,10,22,2,2,1,1,1,14,,33,1,21,14,1,11,12,1,1,16,1,2,16,3,1,3,2,1,3,19,1,1,2,3,3,10,1,1,1,1,13,2,,1,5,1,1,30,8,1,2,,2,1,2,1,32,1,,1,17,13,24,17,11,3,1,1,1,2,3,3,1,,9,4,3,8,1,2,,1
1694,12,,9,15,18,7,27,21,30,7,21,8,,8,,9,17,6,,10,14,9,12,2,,,15,,19,13,20,11,12,10,17,16,9,1,16,12,12,13,,42,11,17,10,15,,14,8,16,17,21,17,1,10,8,7,29,11,13,16,18,13,21,7,,20,3,,24,,8,11,20,,,10,8,,8,17,15,22,4,13,2,9,23,2,15,7,20,7,12,1,21,16,16
1695,14,,7,15,11,9,28,20,31,10,,13,,9,,15,,4,,12,3,,9,16,1,20,15,,1,9,15,7,8,6,14,9,,11,17,11,12,3,,38,2,15,14,16,,15,7,14,21,1,16,27,5,7,15,26,10,,8,21,4,21,14,,18,23,,18,,10,8,19,,,,11,,6,21,16,21,19,10,13,14,23,4,12,15,21,10,16,6,46,18,18
1696,12,,8,13,12,10,7,1,10,9,2,1,1,6,,10,,7,,13,14,6,4,14,6,21,6,5,5,7,1,16,12,7,11,8,,7,3,3,11,12,,5,9,18,8,12,,3,10,13,13,7,13,3,11,6,3,30,16,9,6,4,5,14,8,,6,9,3,7,7,8,7,12,,,,5,5,8,10,3,6,9,5,10,14,23,12,4,5,6,9,15,8,22,17,10
1697,8,7,1,4,1,1,1,1,9,2,1,4,1,1,8,9,1,8,3,4,,4,9,8,1,8,1,8,1,7,6,6,1,5,1,10,3,1,14,7,,1,7,5,5,7,9,,2,5,12,2,1,1,7,6,8,6,1,7,15,9,6,,1,2,9,5,1,6,1,7,7,8,2,1,8,9,7,1,10,9,1,1,5,1,1,4,11,11,1,7,3,9,6,14,1,1,6,10
1698,5,7,9,13,9,3,7,6,35,9,10,9,,,6,11,,11,12,2,31,,13,13,13,,9,,15,13,21,12,12,14,4,15,6,9,5,12,,14,,17,7,10,12,,14,1,,14,12,14,13,9,6,9,3,9,16,11,10,,2,16,7,15,,,10,,2,,35,14,8,1,10,8,17,10,20,8,10,12,9,12,13,18,6,,,12,8,10,9,,13,19
1699,,10,,32,42,1,24,11,8,8,1,11,3,14,,9,,10,,13,13,,8,,,,13,,27,8,12,11,17,4,9,9,8,8,13,11,14,,,38,8,,11,13,,10,9,4,11,26,20,7,13,2,6,11,,,9,18,21,4,14,,22,18,,17,,12,16,13,,9,15,7,,9,22,19,11,16,12,13,,20,24,1,5,33,13,12,9,14,19,10
1700,3,1,5,5,1,5,5,7,2,4,5,1,7,5,1,9,5,6,5,6,2,1,1,1,6,4,2,2,4,4,5,4,7,3,7,4,3,2,2,7,4,2,5,1,1,8,2,4,2,6,3,2,6,6,3,5,6,6,2,6,6,1,3,4,2,6,4,4,4,5,6,1,3,4,5,1,8,2,2,5,5,2,9,1,6,3,6,5,3,2,4,3,4,3,6,7,4,6,8,3
1701,11,11,4,15,,4,8,5,35,5,1,8,9,,6,10,1,13,10,1,24,11,1,11,2,7,4,5,17,11,1,1,10,6,10,3,9,2,3,10,1,11,,2,8,8,1,6,8,3,9,16,1,,,9,10,12,9,8,6,8,4,6,6,5,3,7,9,7,9,10,6,11,1,9,8,10,7,15,3,1,1,8,10,2,1,6,9,10,4,,7,1,9,3,7,7,5,19
1702,3,8,6,6,4,8,8,6,10,2,6,3,2,4,6,5,5,7,8,5,7,7,5,12,5,7,7,7,5,6,5,5,7,8,6,11,8,2,4,7,8,5,5,4,4,6,6,6,2,7,2,7,5,5,6,7,9,5,6,6,5,8,3,7,6,8,8,6,9,5,8,5,7,7,6,5,3,5,6,5,5,6,8,8,4,7,4,4,8,10,6,5,6,8,5,2,7,4,5,7
1703,,7,,30,41,17,5,15,26,16,,11,,14,,17,,15,,3,17,,3,,,,10,,27,12,18,14,13,9,1,31,8,13,1,7,17,,,31,10,,14,11,,13,13,17,14,26,13,45,15,9,13,29,1,,11,5,20,27,3,,13,15,,18,,21,33,15,,,16,,,15,24,22,1,22,14,18,,16,24,34,11,34,19,12,8,14,10,21
1704,,,3,37,14,26,21,,,,,,16,23,,1,,23,,12,23,,39,,,,10,,,10,,,,,17,12,11,5,7,20,21,,,16,,,23,,,17,23,,12,,18,42,10,,,4,,,23,21,30,2,,,1,24,,13,,,27,,,,,,,25,21,28,,23,,17,,,12,31,17,34,15,33,6,11,,
1705,1,5,4,13,22,15,3,17,31,12,9,9,,,9,13,,17,11,11,30,,11,16,16,,9,,18,19,,10,11,,5,,12,11,17,17,,13,,17,3,12,10,,10,6,,16,12,14,11,11,10,2,11,13,2,,12,,11,9,9,12,,,14,,10,,,17,9,10,3,17,12,10,15,12,9,14,11,15,12,15,6,,,8,7,12,13,,12,15
1706,,,4,39,23,26,6,,,,,,,22,,,,18,4,9,21,,42,,,,19,,32,12,,,,,16,11,,6,14,23,20,,,20,,,24,,,19,20,,11,,9,48,10,15,,14,,,20,18,31,,,,2,,,15,,,21,,,,,,,24,23,27,,23,,27,,,18,31,19,,14,31,,23,,
1707,5,4,6,7,6,3,1,4,3,2,4,5,5,1,6,6,6,6,1,6,1,1,5,4,5,5,6,2,6,5,6,4,6,2,6,2,4,2,6,7,5,1,3,2,4,2,6,5,5,5,5,4,6,2,5,4,5,5,5,8,2,4,4,2,4,4,4,4,7,2,6,2,3,1,3,6,6,5,5,7,5,3,8,7,4,6,2,4,3,8,6,1,6,7,5,6,3,8,6,6
1708,8,11,1,13,18,9,5,13,26,1,7,4,,,11,14,,13,1,7,2,,10,1,8,,6,17,7,19,11,10,10,,8,,15,8,18,1,,14,,15,3,10,10,,11,1,,13,1,11,15,2,7,11,8,9,17,,15,,1,8,9,11,1,,12,,11,,,17,9,9,6,16,17,12,13,7,1,13,4,13,9,15,9,8,,6,6,12,2,,5,18
1709,,5,,18,40,15,24,14,25,12,,14,,14,,19,,11,,10,18,,7,,,,19,,30,3,16,15,20,11,14,27,10,15,8,6,11,21,,36,13,,18,15,,10,14,16,10,27,10,45,6,26,13,28,,,3,8,18,26,7,,19,21,,20,,12,34,16,,,12,,,12,26,20,5,16,11,1,,9,22,35,2,31,10,16,8,12,25,15
1710,6,4,3,2,5,2,4,4,2,4,3,2,5,6,3,5,2,1,6,5,1,6,4,4,5,4,3,5,5,7,4,1,3,1,4,3,4,4,3,3,6,6,6,2,6,1,1,2,4,4,3,6,3,1,5,5,2,5,1,1,4,5,3,6,6,4,3,5,5,5,1,6,2,6,3,3,6,3,6,5,3,5,4,5,3,4,4,4,1,3,1,4,1,7,3,4,7,2,9,6
1711,2,13,1,7,6,6,3,8,2,5,5,7,1,1,2,2,2,2,5,7,1,2,6,7,2,,1,5,5,12,1,1,2,1,2,9,5,5,5,7,1,6,2,2,2,2,5,3,5,2,3,2,14,6,18,9,2,2,5,6,2,7,6,1,4,2,5,2,,8,1,4,2,5,7,1,6,3,9,3,4,3,9,7,2,2,6,2,8,10,1,5,6,1,3,5,7,7,1,8
1712,3,2,1,6,6,3,3,4,4,4,5,6,4,6,6,7,5,5,1,6,2,1,4,4,6,1,1,6,1,1,5,5,1,1,2,6,5,3,7,4,3,5,6,3,6,6,6,2,7,1,1,6,6,5,1,2,7,5,1,1,7,6,4,4,2,6,4,3,3,6,1,5,5,6,5,4,2,4,6,3,3,6,6,3,4,6,1,5,6,1,5,5,1,5,6,1,2,6,8,5
1713,9,2,5,1,14,1,1,15,28,14,12,14,,3,1,10,1,1,7,11,8,,6,15,1,,13,,17,10,,11,10,9,8,19,13,1,15,12,13,15,,1,5,15,15,1,13,5,11,15,14,27,15,6,1,12,3,1,9,13,11,1,1,5,11,,25,8,,1,,,33,17,11,,12,10,1,1,13,3,7,11,12,16,1,8,1,1,11,19,36,9,1,8,12,11
1714,3,4,4,6,5,2,3,7,4,4,5,6,6,4,4,7,1,6,5,5,3,5,4,1,5,3,4,4,2,4,6,6,4,4,5,6,3,6,6,7,4,3,2,4,3,5,4,5,7,5,6,5,6,6,6,3,7,1,4,6,5,5,4,5,6,4,4,2,3,2,6,3,6,5,5,4,1,6,6,2,5,1,1,2,5,4,3,3,3,8,6,1,4,5,3,5,3,5,7,6
1715,,,,40,26,26,23,,,,,,,,,,,,,15,18,,32,,,,18,,,20,,,,,23,48,,9,8,25,13,,,44,,,,,,27,24,,1,,8,53,14,17,4,,,,14,29,,,7,,37,,,10,,,34,,,,,,,29,26,30,,28,,30,,,19,17,1,,,29,,24,,
1716,,,,42,24,26,20,,33,25,,,,,,,,,,23,23,,34,,,,17,,,21,,,,,22,45,,8,17,25,2,,,40,,,,,,24,22,,16,,18,53,16,,,,,,21,32,,,,,39,,,6,,18,29,,,,,,,29,25,34,,26,,30,,,22,24,24,,,28,,29,,
1717,3,3,6,3,2,6,6,4,6,3,5,2,2,5,4,4,2,5,2,4,3,4,5,1,1,6,4,3,4,6,6,5,3,1,6,4,5,5,7,3,6,5,6,2,5,5,4,1,2,6,2,3,7,6,6,4,9,4,4,8,6,3,2,5,5,5,1,2,5,3,6,5,4,3,1,3,7,5,3,4,3,2,6,7,5,5,2,6,1,8,2,6,1,8,4,3,6,6,5,4
1718,4,7,7,4,9,21,10,6,6,1,,,,5,5,10,7,34,2,6,14,7,15,2,2,7,26,11,,7,,,14,,,,12,4,7,7,,11,,11,9,,9,5,5,,,3,4,11,18,,25,11,2,8,17,7,14,13,,,9,,,6,10,11,8,4,9,4,,,9,,10,8,7,12,7,,18,3,10,13,,4,,,8,8,4,,9,
1719,6,6,5,12,11,9,9,17,8,8,9,10,,11,9,10,,12,11,13,18,17,14,14,17,,11,,16,10,,9,4,12,8,,8,10,14,18,,14,,17,6,11,11,,11,6,,14,4,14,16,12,8,11,9,11,10,,9,,15,16,9,13,,,11,1,3,,,12,3,11,1,16,5,8,16,7,9,12,14,12,14,11,8,,,11,1,10,11,,3,16
1720,,,,17,23,26,21,,,,,,,,,,,,,23,19,,40,1,,,17,,,19,,,,13,18,45,,7,16,19,12,,,10,,8,13,,,29,21,,13,,18,53,3,,,,,,20,14,,,,2,40,,,2,,,35,,,,,,,27,27,28,11,27,,30,,,25,22,22,20,,30,,30,4,
1721,3,2,5,6,5,2,4,5,5,4,2,3,4,6,2,2,4,5,6,2,1,7,3,3,2,1,3,3,3,5,3,4,3,4,5,3,3,6,4,5,3,2,6,3,2,5,4,4,3,1,2,5,5,5,1,4,4,1,3,7,1,5,5,6,6,3,1,2,5,8,1,4,2,5,6,5,2,3,3,4,4,2,8,5,5,2,3,2,3,8,2,1,2,8,4,6,1,7,6,2
1722,5,7,2,4,6,2,3,2,3,3,3,5,5,6,5,7,6,7,8,5,4,6,4,5,6,5,5,5,3,5,7,4,4,6,3,4,6,4,1,6,4,1,4,5,4,7,5,4,8,2,3,7,6,4,4,6,6,5,6,7,6,6,5,6,6,6,2,5,6,4,6,7,4,7,6,3,7,4,1,3,4,5,4,4,4,6,8,4,7,11,1,3,5,9,4,2,5,8,7,7
1723,4,2,4,4,3,4,2,3,5,4,4,6,6,4,2,6,5,1,6,5,4,6,4,4,5,6,3,2,4,6,1,6,5,2,2,1,3,4,5,8,1,5,1,2,6,1,5,3,1,2,4,4,6,7,6,5,7,5,6,1,2,5,6,6,5,6,1,5,4,4,1,6,5,1,2,7,3,5,5,1,5,4,5,4,5,3,1,3,5,6,4,1,2,6,2,6,1,1,6,1
1724,6,5,4,6,6,2,3,4,5,21,2,5,4,4,4,7,4,4,5,5,1,6,3,6,5,4,5,5,3,6,7,3,3,7,4,4,5,5,6,2,4,5,2,4,7,6,5,4,1,8,6,2,8,3,2,6,7,7,5,4,6,5,3,6,5,5,5,1,2,3,6,5,1,5,5,3,8,5,4,3,3,4,5,4,5,5,4,3,6,9,1,4,3,2,5,3,7,5,4,6
1725,,16,,32,42,17,12,15,26,21,,,,14,,17,,17,,2,25,,12,,,,20,,20,12,18,21,21,9,14,29,14,11,2,8,19,,,37,15,,16,9,,11,15,22,6,28,17,46,15,25,2,27,,,6,12,22,28,15,,25,20,,14,,19,31,14,6,,18,11,,17,27,30,13,21,14,22,,25,19,3,13,23,21,18,7,14,26,12
1726,7,14,6,,27,10,,4,37,3,7,11,7,9,6,11,6,10,5,13,21,21,4,13,11,4,,1,1,15,12,9,4,7,8,1,15,1,11,10,,2,8,6,7,4,,8,9,7,6,16,9,16,10,,12,8,8,27,8,13,11,,5,10,10,1,7,6,11,,10,,6,5,7,15,,7,6,7,13,,,11,1,,1,11,,9,,8,2,7,1,,5,16
1727,,13,19,30,39,22,13,16,26,8,,12,,9,10,12,7,6,,3,13,,4,,14,,1,,32,11,18,,,4,14,9,10,10,7,6,13,17,,28,15,,11,14,,5,8,4,12,1,13,42,9,21,4,35,10,,6,7,18,26,10,,14,6,,8,,12,31,13,8,,16,,,6,27,21,12,19,12,17,,19,20,3,7,27,11,7,8,17,19,16
1728,,,,42,25,29,12,,,,,,,,,,,,,20,2,,33,,,,16,,,20,,,,,22,13,,11,14,24,20,,,44,,,,,,26,25,,13,,20,53,15,,,,,,14,29,,,,,36,,,9,,,35,,,,,3,,32,24,34,,27,,28,,,25,29,22,,,30,,33,,
1729,9,,,20,20,24,22,,33,,,,,,,,,18,,13,22,,39,,,,20,,,5,,18,20,,12,7,13,2,3,22,21,,,38,,,22,,,12,18,,12,,7,51,15,,,5,,,22,20,,,,,29,,,13,,,36,,,,,,,22,26,27,,24,13,21,,23,12,30,16,24,17,31,,12,,
1730,0,0,0,0,0,0,0,0,0,0,0,0,0,0,0,0,0,0,0,0,0,0,0,0,0,0,0,0,0,0,0,0,0,0,0,0,0,0,0,0,0,0,0,0,0,0,0,0,0,0,0,0,0,0,0,0,0,0,0,0,0,0,0,0,0,0,0,0,0,0,0,0,0,0,0,0,0,0,0,0,0,0,0,0,0,0,0,0,0,0,0,0,0,0,0,0,0,0,0,0
1731,13,6,7,4,14,10,4,5,8,7,3,3,2,5,,9,8,6,,7,3,15,5,12,1,7,5,6,4,6,3,8,6,5,3,1,8,7,1,7,3,14,,4,7,18,6,1,,2,11,9,14,4,15,1,8,5,1,9,8,7,5,3,6,13,9,10,5,9,3,9,8,7,10,13,,,8,4,6,9,9,9,5,10,3,7,2,9,11,3,4,2,7,14,3,21,1,9
1732,9,,,35,20,24,26,,,,,,19,24,,,,18,,13,22,,42,,,,19,,,8,,,,,26,9,,4,4,22,21,,,24,,,20,,,14,22,,4,,15,50,1,14,,,,3,22,1,,,,,31,,1,16,,,27,,,,,,,23,27,22,,22,,23,,,11,28,15,,,31,,23,,
1733,,,,5,2,,,,,,,,,,,29,,,10,11,,6,5,,,,,,,,,,,,,,,,7,,17,,,,,,,,,,,,,,,1,,,,8,,7,11,,24,,,,8,,,,,,7,,,,,,,,,,,,,,,,7,,,36,10,,,,12,
1734,4,1,5,1,3,1,1,5,5,4,3,4,2,4,2,1,5,7,5,2,4,2,1,3,3,1,2,1,5,3,1,6,2,4,1,5,3,1,6,4,4,4,5,6,1,6,4,6,7,1,1,3,5,1,4,5,9,6,3,1,1,1,3,1,1,6,1,6,1,1,3,3,1,5,5,1,1,4,4,2,4,1,3,7,3,1,3,2,1,6,2,1,4,3,3,2,4,5,5,4
1735,3,3,4,8,4,4,3,5,3,4,1,5,4,2,3,2,1,6,6,6,6,5,1,5,5,5,4,6,6,4,6,1,2,6,4,3,6,1,2,1,4,3,4,1,5,3,1,2,3,3,6,5,4,7,2,1,8,4,2,5,6,4,4,,5,6,5,1,7,6,1,1,1,4,3,4,5,4,4,6,5,3,7,1,7,2,6,4,7,8,1,5,4,7,6,7,4,7,7,3
1736,1,3,6,6,5,2,4,3,6,2,3,5,2,7,3,2,4,5,3,6,4,5,3,6,7,4,7,1,5,5,4,3,3,4,4,8,2,6,5,6,5,6,5,4,1,7,4,4,1,5,1,4,6,6,6,4,5,5,4,6,6,5,6,7,3,6,1,6,7,5,6,5,6,3,6,5,8,1,1,3,4,5,5,1,1,2,5,5,7,9,4,3,3,7,4,4,2,4,8,2
1737,1,5,5,6,3,3,3,3,4,1,6,3,3,7,6,5,3,3,3,6,3,7,5,4,3,4,4,1,6,5,5,3,4,3,3,6,4,5,6,2,4,4,2,1,5,5,5,5,4,2,5,2,2,2,1,4,7,6,4,7,1,1,2,4,7,5,1,2,6,6,1,4,1,3,5,4,1,1,2,5,6,6,5,8,3,1,3,3,7,3,4,4,5,3,5,1,2,3,1,6
1738,,8,18,32,7,22,6,8,28,14,,17,,13,,14,,2,,12,12,,6,,,7,9,6,8,10,15,4,20,9,11,18,8,7,9,7,12,18,2,34,14,19,8,9,,11,9,19,10,21,20,43,9,26,4,31,,,10,18,17,12,10,,19,11,,15,,9,11,15,,,15,,,7,16,17,12,20,8,4,9,22,26,27,12,34,6,10,8,10,17,18
1739,2,10,1,2,42,19,26,17,22,19,,13,,11,,18,,14,,17,19,,2,,,,18,,7,1,18,16,18,8,14,8,10,13,1,10,16,,,39,18,,18,17,,1,17,9,12,19,17,43,12,18,11,32,,,11,13,7,29,13,,24,20,2,15,10,20,31,12,,,11,2,,2,1,22,14,1,1,19,14,28,,30,15,33,21,1,8,14,25,20
1740,9,,2,11,19,11,28,20,32,11,,11,,9,,8,,4,,11,10,,10,19,,2,10,,1,11,17,14,11,7,16,8,,11,13,5,10,15,,40,11,11,14,16,,17,6,11,21,14,17,27,10,12,5,25,10,,2,18,25,18,15,,17,1,,1,,11,8,20,,,,11,,6,17,4,25,3,1,11,4,25,2,17,16,19,8,16,10,24,1,5
1741,3,4,2,4,1,6,4,5,4,2,2,1,3,1,2,5,6,2,7,5,3,1,3,7,6,6,5,5,1,4,5,3,4,3,6,4,3,3,2,7,6,1,3,2,4,5,7,5,1,6,5,6,4,5,4,5,3,6,4,8,2,5,1,3,6,7,4,5,5,6,5,3,5,5,4,2,6,3,4,6,5,3,4,5,6,2,5,1,1,3,5,3,3,7,4,8,6,6,6,6
1742,,15,,17,17,21,24,,,,,,,,,,,,,12,21,,39,,,,21,,,9,,,,,26,10,13,3,12,22,22,,,25,,,7,,,20,24,,16,,15,48,14,,,34,,5,21,26,,,,,35,,,14,,,24,,,,,,,23,21,24,,23,,20,,,19,28,15,,,31,,26,,
1743,8,,7,16,17,7,10,22,13,8,,7,8,8,2,8,17,7,,11,13,15,13,10,12,,13,,22,15,18,14,11,5,10,19,8,13,15,3,13,21,,4,3,16,13,10,,15,8,4,24,18,13,7,6,13,9,31,8,14,10,9,29,24,10,,19,14,,22,,14,10,20,,,18,4,,7,14,10,22,20,12,8,11,18,7,14,7,21,1,14,4,44,15,17
1744,12,,1,13,20,11,29,21,12,7,,7,,5,,10,2,6,,14,11,,11,16,,1,14,,2,11,17,14,9,9,19,15,,11,18,8,9,15,,14,12,16,13,11,,12,2,13,24,12,16,25,11,12,15,21,10,,7,18,27,22,12,,1,25,,23,,11,10,21,,,,8,,6,3,10,13,19,6,13,3,32,17,8,7,21,6,15,4,26,14,13
1745,,6,,31,22,15,27,16,13,14,,10,,9,,11,,10,,14,22,8,8,,,,18,,23,15,18,19,17,11,9,31,9,8,10,8,12,,5,15,13,,15,13,,11,5,16,4,19,20,44,14,21,5,32,,,9,12,1,26,12,,27,22,,6,,19,13,8,,,16,,,15,23,17,11,22,14,17,8,29,27,28,12,8,19,18,7,7,28,15
1746,0,0,0,0,0,0,0,0,0,0,0,0,0,0,0,0,0,0,0,0,0,0,0,0,0,0,0,0,0,0,0,0,0,0,0,0,0,0,0,0,0,0,0,0,0,0,0,0,0,0,0,0,0,0,0,0,0,0,0,0,0,0,0,0,0,0,0,0,0,0,0,0,0,0,0,0,0,0,0,0,0,0,0,0,0,0,0,0,0,0,0,0,0,0,0,0,0,0,0,0
1747,,,,6,47,,,,,,,,1,,,1,,,7,12,,9,2,,2,,,,5,,,,,,,1,,,7,8,16,,2,,,,,,,,,,,,,44,,,,5,,8,14,,22,,,,6,,,,,,8,,10,,,,,,,,,,,,,,6,1,1,37,10,,,,9,
1748,,4,1,19,1,16,1,12,11,17,,13,1,15,15,18,1,15,,6,19,,10,1,,,11,,34,1,19,20,17,11,11,30,9,10,10,9,11,,,36,16,,18,16,,5,14,21,9,24,8,45,13,27,14,31,,,5,9,20,29,10,,23,20,,22,,17,34,16,,,15,,,19,25,22,10,8,14,16,,11,26,35,13,35,20,21,8,15,23,16
1749,17,16,,15,39,16,2,11,26,13,,15,1,13,,19,,18,,1,17,,8,,,,18,,1,14,20,2,2,10,8,30,11,8,4,6,18,,,27,16,,1,11,,9,15,1,8,29,19,45,11,27,14,31,,,6,12,24,28,17,,19,22,,14,,18,33,16,,,15,2,7,9,21,23,16,17,2,13,,28,26,4,14,29,11,16,9,16,3,17
1750,2,2,5,5,4,3,4,4,6,1,5,6,3,6,4,5,2,5,7,7,4,3,2,6,3,2,1,4,6,4,7,4,1,5,3,5,4,6,6,5,4,4,1,1,7,2,3,6,2,4,3,6,7,5,5,6,6,5,3,3,4,2,5,6,5,5,2,2,1,6,3,4,1,2,3,4,6,4,4,2,1,7,6,8,3,1,2,3,4,8,4,5,4,2,5,6,6,5,4,6
1751,,,,16,17,24,22,,,,,,,,,,,,,15,1,,40,,,,20,,,1,,,21,,27,1,,5,12,19,19,,,25,,,21,,,19,19,,7,,4,50,9,,,,,4,22,23,,,,,31,,,14,,3,3,,,,,,,21,23,25,,21,,25,,,17,30,18,,,33,,27,,
1752,2,3,2,6,7,5,4,4,4,1,4,6,4,6,4,1,3,6,3,5,2,1,2,3,6,6,2,5,4,6,6,2,2,7,2,4,4,2,5,4,4,3,1,3,4,3,6,5,2,4,3,1,5,5,4,6,8,2,3,5,5,3,2,6,4,5,6,5,6,5,5,2,6,6,5,2,5,4,4,3,3,4,3,7,6,5,6,1,5,10,4,1,3,4,4,3,3,2,8,7
1753,1,3,1,5,6,3,3,5,4,3,5,3,2,6,1,3,1,3,4,4,5,6,3,1,3,6,4,8,6,4,6,5,5,3,2,1,6,2,1,4,3,6,6,4,2,6,2,1,5,1,5,2,4,6,3,7,8,5,5,5,5,5,2,5,6,2,5,4,1,4,1,5,4,1,4,5,6,1,3,5,4,1,1,3,7,5,4,5,5,10,4,1,2,7,3,5,5,4,7,6
1754,5,7,1,1,4,5,6,6,3,4,3,4,5,7,4,8,8,1,7,4,3,1,4,5,5,5,3,6,6,6,6,6,5,6,2,3,6,3,4,7,4,6,5,2,1,2,6,5,2,4,4,5,3,2,3,3,9,4,5,6,6,4,2,6,3,8,5,3,6,3,5,6,4,5,6,6,3,3,4,5,4,5,8,6,5,5,4,4,7,8,3,1,5,8,4,3,6,8,3,5
1755,,1,1,41,27,1,1,,1,,1,,1,,,,1,,,17,1,1,1,1,1,1,19,1,,1,,1,,,26,1,,1,1,20,23,,,44,,,,1,,22,20,,17,1,1,15,1,1,1,1,1,1,1,1,,,2,1,39,1,1,1,1,,1,1,,1,1,2,1,30,1,1,1,1,,1,,,1,28,1,,1,28,1,28,1,
1756,,2,1,1,1,19,8,14,10,13,20,12,2,14,,18,,16,,15,19,,11,,,,17,,32,1,3,19,15,11,13,29,6,12,9,5,10,22,1,35,15,,17,17,,10,1,16,15,25,11,44,14,23,14,29,,,6,10,19,27,8,,17,22,,21,,15,34,16,,,15,,,18,25,21,16,2,7,2,,10,24,36,15,37,17,21,8,14,21,15
1757,3,3,6,3,3,3,2,3,2,2,4,7,2,7,3,7,3,2,1,6,3,4,4,2,5,2,5,6,1,4,1,1,2,5,3,4,2,2,4,6,4,4,4,1,4,5,7,1,3,1,4,2,6,3,6,4,6,1,1,5,5,4,4,3,4,6,3,4,7,6,7,3,3,1,6,2,8,5,3,6,4,6,4,4,4,1,3,4,1,9,4,5,5,6,2,7,1,6,9,1
1758,9,5,11,8,8,,7,8,6,6,7,8,2,4,4,12,1,20,15,5,24,10,14,13,13,1,5,1,2,8,,,4,,,,1,1,9,6,,4,,11,8,4,11,12,,10,,13,22,7,,44,10,8,,13,18,9,8,13,26,7,8,,8,10,7,,8,,8,5,,16,5,18,17,13,9,,8,2,9,,,10,1,,2,11,,5,6,,17,7
1759,,8,,32,1,21,25,10,26,20,,17,1,16,1,1,,1,1,3,20,,4,,,,19,2,34,14,5,17,19,10,9,33,2,17,3,9,19,,,2,2,,2,13,7,15,12,21,8,28,18,40,1,7,11,2,,,5,12,18,25,15,,9,3,,21,,23,33,4,2,2,15,1,,3,25,22,9,7,1,18,15,25,1,34,15,31,21,17,6,14,26,21
1760,1,2,10,2,8,2,1,1,1,4,18,15,,2,,1,,1,15,11,21,1,1,2,2,2,15,,32,10,20,15,2,10,11,32,1,15,1,1,15,4,1,1,1,2,16,18,2,2,1,17,1,18,2,2,2,2,1,1,,2,4,1,2,29,9,1,1,,1,1,3,1,31,2,,1,16,,23,16,12,4,1,1,2,3,4,4,2,,8,5,4,1,1,1,,1
1761,4,5,6,2,10,5,2,4,7,5,5,4,3,2,5,7,6,5,4,6,2,3,3,1,3,6,3,2,2,4,2,2,4,4,2,7,7,5,5,1,2,3,7,3,5,1,6,3,1,1,2,2,7,3,7,9,5,6,2,8,6,6,1,2,2,1,7,7,4,8,2,6,6,2,3,1,4,6,2,2,4,2,7,2,4,4,4,6,4,8,4,2,4,5,7,3,2,1,1,1
1762,1,12,1,18,25,2,18,12,28,12,14,14,,2,6,1,1,3,,16,9,1,3,30,3,1,11,,4,1,15,9,8,10,4,32,1,11,12,6,8,2,2,1,1,19,1,10,1,22,1,1,13,1,10,7,1,11,16,1,1,,9,16,27,23,3,3,1,25,,1,,1,7,1,,2,9,2,,2,3,18,29,16,11,7,16,21,17,1,10,21,1,12,9,1,3,17
1763,15,,12,15,14,6,10,18,32,8,,5,,4,,8,,3,,13,6,,8,18,,9,14,,20,11,15,8,6,4,16,16,,12,18,15,6,15,,1,12,14,1,16,,18,6,15,25,2,1,1,11,2,12,25,13,,1,20,27,1,13,,15,25,,22,,13,10,18,,,,8,,4,19,12,25,19,9,9,1,19,13,15,2,18,11,13,7,47,15,12
1764,,,,41,26,27,20,30,,20,,,,,,,,,,9,24,,33,,,,16,,,19,,,,,24,44,,10,9,26,20,,,44,,,,,,26,22,,15,,18,45,13,,,,,,16,22,,,,8,36,,,12,,,34,,,,,,,29,27,32,,26,,22,,,24,29,23,,,31,,32,,
1765,5,2,5,1,4,3,1,5,5,4,3,5,1,4,3,7,7,2,5,1,2,5,5,4,2,6,2,4,3,6,6,3,4,7,6,6,3,3,4,4,3,5,4,5,2,5,5,7,5,1,2,1,7,5,5,5,8,4,5,1,4,7,4,4,3,7,4,6,3,6,5,4,1,5,5,1,5,3,1,3,1,5,2,4,5,1,1,2,6,1,5,4,4,5,3,6,3,3,8,2
1766,10,,9,10,20,10,29,17,31,7,,10,,14,,10,,8,,14,9,,8,20,,19,15,,3,11,1,7,7,6,18,15,,12,19,14,7,14,2,34,1,15,13,14,,18,5,1,9,6,16,26,1,13,13,21,11,,6,20,26,21,14,,17,24,,22,,14,8,4,,,,8,,2,21,17,24,17,9,7,11,19,11,7,15,22,8,2,8,2,12,11
1767,12,,16,4,1,8,27,20,30,11,,10,,9,,10,,1,,15,12,,12,8,,20,11,,19,5,2,13,8,8,14,11,,11,15,1,6,11,,37,12,16,2,13,,16,3,12,25,19,15,33,11,6,17,23,16,,11,17,27,29,15,8,17,26,,20,,13,11,19,,,,12,,9,19,16,27,14,12,16,15,22,15,18,13,21,9,3,9,45,17,13
1768,0,0,0,0,0,0,0,0,0,0,0,0,0,0,0,0,0,0,0,0,0,0,0,0,0,0,0,0,0,0,0,0,0,0,0,0,0,0,0,0,0,0,0,0,0,0,0,0,0,0,0,0,0,0,0,0,0,0,0,0,0,0,0,0,0,0,0,0,0,0,0,0,0,0,0,0,0,0,0,0,0,0,0,0,0,0,0,0,0,0,0,0,0,0,0,0,0,0,0,0
1769,6,4,6,8,7,3,5,6,5,5,5,6,1,6,4,2,5,7,5,7,7,6,5,5,6,3,3,6,4,5,7,,3,5,4,4,6,3,2,5,4,2,3,3,6,4,3,2,3,2,1,6,6,5,7,1,2,2,3,3,3,3,3,2,1,6,6,5,6,3,4,4,4,6,7,5,3,4,5,6,4,6,2,4,6,4,6,4,9,10,4,5,3,8,5,5,6,4,2,4
1770,,9,,31,21,14,27,17,12,15,,11,,7,,16,,19,,15,16,,12,,,,21,,31,4,19,18,18,10,4,21,9,16,12,9,11,,,37,16,,14,14,,11,3,19,13,26,18,45,14,23,13,29,,,5,9,2,20,9,,22,24,,24,,19,29,1,,,2,,21,12,25,21,13,20,15,17,,28,25,35,12,32,17,19,6,15,23,16
1771,5,1,2,1,1,3,1,5,2,2,1,4,1,1,1,7,3,1,5,5,4,5,2,5,4,1,2,5,1,2,8,5,1,6,2,4,3,5,7,4,5,2,3,2,5,3,4,4,2,3,2,1,2,4,3,4,2,3,2,4,3,3,1,1,7,4,3,4,4,1,2,4,2,6,3,1,6,1,1,1,1,5,3,6,2,4,4,5,5,9,2,5,4,7,5,4,2,5,8,1
1772,3,2,5,4,4,5,3,2,1,1,3,6,5,5,6,8,6,6,5,4,1,6,6,5,1,5,6,5,6,2,7,5,6,6,5,7,6,4,5,6,4,4,1,4,5,5,6,4,1,5,2,6,3,1,4,6,8,5,2,8,2,5,4,5,6,4,2,7,5,6,3,1,5,5,4,7,5,2,3,3,1,4,5,6,6,3,4,2,6,8,7,4,4,1,3,4,5,1,5,6
1773,6,,11,14,15,10,26,16,35,9,,7,,10,,2,,8,,3,4,,5,20,,21,13,,7,9,15,9,8,7,14,14,,10,18,12,2,16,,31,12,16,8,15,,11,9,2,23,16,17,28,1,14,7,27,12,,8,19,26,21,13,,18,23,1,19,,8,6,19,,,,11,,9,21,14,23,19,11,11,14,21,5,14,21,22,11,13,7,46,13,2
1774,3,3,7,1,5,5,3,6,5,5,2,6,5,5,4,7,2,6,1,4,7,5,4,8,5,5,4,7,6,5,7,1,3,7,7,5,5,6,6,6,2,2,5,4,4,5,2,4,3,6,6,4,1,5,5,6,9,5,6,6,1,5,2,6,5,6,8,4,4,8,4,2,4,6,1,3,6,4,6,5,1,6,2,3,2,3,6,5,8,9,5,4,4,7,5,5,3,7,5,1
1775,2,2,6,2,4,2,3,3,5,1,4,5,1,5,2,6,4,5,1,5,6,5,3,4,2,1,1,1,5,1,7,1,4,3,2,5,1,1,2,5,4,1,5,4,2,2,2,7,1,2,1,1,4,1,1,1,1,6,1,3,2,1,2,7,1,6,2,7,1,1,4,1,1,1,1,2,5,6,3,4,6,6,1,5,4,1,1,2,6,10,4,2,6,1,2,3,7,2,2,2
1776,,,8,1,1,16,32,21,28,1,,2,,10,2,1,2,10,2,10,3,2,4,17,1,9,14,1,18,15,17,1,6,1,9,10,9,1,20,12,8,,4,44,7,2,15,10,,19,14,,1,1,2,,,7,11,35,1,12,5,2,27,21,17,3,10,,,4,3,2,3,1,,,4,,,9,2,1,22,4,1,16,2,24,19,4,18,25,10,20,7,12,6,
1777,,11,7,2,26,12,1,20,33,20,23,16,,20,,18,,1,5,1,14,,15,21,,18,8,,13,15,,15,11,13,21,31,,4,,5,6,15,,45,6,17,15,1,,1,10,3,1,2,10,31,14,8,1,34,9,24,1,23,25,7,1,,1,23,,1,,12,11,16,,,12,,,11,19,2,14,14,1,1,1,29,3,21,11,14,34,1,12,46,12,22
1778,,,3,12,20,11,16,17,25,11,,12,,6,,13,,2,,12,9,9,13,18,,20,13,,12,9,14,7,13,6,15,14,,15,17,12,12,18,,34,11,16,8,10,,10,5,13,28,21,15,19,13,13,4,28,15,,1,19,28,19,10,,15,8,,22,,12,9,11,,,16,8,,12,24,14,14,21,10,13,12,19,26,17,15,19,12,14,10,25,18,2
1779,4,7,5,5,5,6,2,6,6,7,5,5,5,6,6,8,4,3,6,7,4,5,7,1,3,6,7,3,6,7,6,6,6,3,8,7,3,4,3,,,4,3,9,6,3,12,7,6,5,5,2,2,4,8,3,12,8,6,4,2,6,5,3,1,3,5,5,4,4,16,5,3,,7,3,7,4,,6,5,5,7,7,,6,1,9,5,1,3,1,1,8,6,4,5,2,9,9
1780,1,7,1,5,4,7,7,6,6,5,5,1,6,6,7,5,5,7,7,7,7,8,3,6,5,2,1,7,7,5,7,6,8,7,9,7,7,5,3,6,5,4,7,1,4,7,9,6,5,6,7,8,6,5,7,9,1,1,8,8,3,3,1,1,5,9,6,2,7,5,8,6,5,3,7,2,5,4,2,1,6,4,5,7,6,3,5,5,1,6,6,4,6,9,2,6,1,1,7,1
1781,,12,,33,1,1,22,16,14,20,3,16,,11,,,,2,,14,21,,9,25,16,,3,,,11,17,21,17,9,14,30,7,9,8,11,13,,2,15,14,,17,13,4,9,11,17,9,22,20,41,12,25,15,6,,,11,32,22,28,17,,22,23,,10,,18,19,6,,,15,,,16,24,24,11,18,17,13,12,29,25,28,11,35,10,11,11,14,,16
1782,3,5,1,1,5,4,1,6,1,1,1,4,6,6,1,5,7,4,8,5,1,1,3,1,5,5,3,5,6,2,5,6,7,2,1,6,2,5,2,7,1,4,2,1,3,6,6,6,6,4,4,3,6,5,2,6,8,7,4,7,4,3,4,1,4,6,3,5,2,5,7,2,4,2,2,3,7,4,6,1,2,4,4,5,4,1,2,1,6,7,4,5,3,2,6,5,7,7,2,8
1783,,,,36,10,5,22,20,26,,,,,14,,,,,,15,18,,2,,,,18,,,2,,18,20,8,25,26,,10,11,18,20,,,37,,,17,,,17,20,,14,,7,14,15,13,,35,,,21,23,,,,,26,,,12,,,26,9,,,,,,20,23,19,,18,,22,13,,19,31,13,,23,30,5,13,26,
1784,,,,9,45,,,,,,,,,,,26,,,11,12,,7,3,16,4,,,,,,,,,,,,,,6,,4,,,,,,,,,,,,,,,44,,,,8,,6,10,,24,,,,1,,1,1,12,,10,,,,,,,,,,,,,,,,7,,,37,9,,,,13,
1785,,17,,31,12,17,21,15,26,21,,13,,13,,19,,12,,13,19,,9,,,,20,,32,13,18,22,20,1,8,25,12,12,9,5,17,3,,18,13,,17,8,,8,17,21,7,27,18,44,15,25,4,29,,,5,13,1,28,10,,19,23,,20,,13,33,15,,,14,,,11,26,21,12,22,12,12,,26,26,16,14,26,9,20,4,16,21,16
1786,,,,37,19,27,13,,,,,,,,,5,,,,9,25,4,41,,,,6,,,11,,,,,27,41,16,8,11,19,20,,,22,,,22,,,19,19,,12,,16,48,11,,34,,,,20,25,,,,,28,,2,16,,,31,,,,,,,23,26,28,,25,,26,,,2,27,20,,,28,,19,2,
1787,,,,9,40,,,,,,,,,,,28,,,7,2,19,12,6,,,,,,,,,,,,,,,,5,,3,,,,,,22,,,,,5,18,,,43,11,,,3,,5,13,,1,,,,5,,,,11,,9,,,,,,,,,,,,6,,,,7,,,39,1,,,,4,7
1788,8,,1,,28,1,8,25,1,9,,16,9,3,7,10,5,5,,7,7,3,7,10,15,9,5,7,10,6,7,5,3,8,13,8,,,19,4,1,,5,18,12,12,13,10,6,,,9,14,11,11,7,5,1,6,,9,5,9,1,8,9,12,5,27,,4,12,12,,,15,,6,8,4,7,10,6,13,4,21,19,,3,16,5,,2,4,16,7,1,2,11,7
1789,3,6,3,4,1,2,2,5,3,5,3,7,5,2,1,7,1,3,5,5,4,4,4,5,3,4,2,2,5,1,6,1,1,7,1,3,3,1,6,5,4,7,5,5,5,5,3,2,1,3,1,4,1,6,5,2,8,3,4,7,4,3,5,3,4,7,4,2,6,6,1,6,6,1,2,4,7,1,5,5,4,3,5,3,5,6,5,2,5,8,2,3,2,2,4,5,6,2,5,7
1790,14,,12,15,27,10,23,21,34,10,,14,,9,1,4,,9,,16,12,5,13,19,,3,14,,20,12,,16,15,9,19,49,,9,16,16,10,16,,42,11,1,10,20,,14,4,14,18,11,9,19,16,12,16,26,14,1,9,19,29,22,18,,19,19,,20,,2,12,5,,,,,,22,18,22,21,20,8,13,,32,18,15,18,21,,7,6,33,13,18
1791,4,2,5,6,2,5,5,3,6,2,4,5,4,3,2,6,6,5,4,4,2,2,1,5,1,3,3,1,1,6,6,4,4,5,1,3,6,3,4,5,3,6,5,5,5,3,4,6,4,4,6,4,7,4,7,5,6,4,6,4,4,5,2,5,1,3,5,1,2,4,2,6,6,5,8,2,4,5,6,2,7,5,5,6,5,3,5,6,5,9,3,1,3,3,1,6,6,2,8,5
1792,7,8,1,5,2,8,1,6,3,4,2,9,10,8,,1,10,7,1,6,3,7,2,8,6,6,5,8,6,10,7,7,2,1,9,2,2,7,4,8,7,2,7,4,3,2,12,5,9,2,8,,2,9,12,4,9,12,5,11,7,1,29,4,2,2,1,3,3,8,16,,7,1,2,4,4,5,3,5,1,2,9,9,8,7,4,3,6,3,1,7,1,5,4,5,4,,4,1
1793,3,7,5,2,3,1,6,5,5,4,2,6,6,2,3,6,5,1,5,3,1,5,1,6,5,4,6,3,5,2,2,6,1,3,4,5,2,3,8,6,2,7,6,3,1,5,6,2,4,6,6,5,8,5,1,5,7,1,3,1,4,5,1,1,6,6,4,5,3,5,4,3,2,5,1,1,1,1,5,5,2,5,3,2,6,2,7,3,4,8,3,3,3,5,6,5,6,4,7,2
1794,7,13,5,37,13,26,5,18,25,,8,,,15,,21,,10,,6,4,,40,,14,,15,,31,5,12,,8,,6,8,12,7,12,12,4,8,,38,9,,22,11,,18,10,10,10,25,19,44,11,7,1,13,,,10,21,29,21,8,,7,9,4,14,,6,8,,,,,10,,6,21,24,6,20,13,9,8,16,5,25,7,19,8,31,9,23,27,
1795,5,3,1,7,2,6,5,3,7,5,3,5,4,6,3,7,2,3,6,6,6,7,3,2,1,4,1,3,4,6,5,5,1,2,6,3,2,5,1,5,1,4,5,4,6,5,5,3,4,7,4,6,5,4,5,6,8,1,4,6,5,1,3,6,6,6,6,1,5,4,2,4,4,4,5,3,2,6,6,6,3,3,6,3,6,5,1,3,5,7,1,1,4,6,3,5,3,7,7,4
1796,4,2,3,6,4,3,1,6,4,1,1,5,1,7,5,3,5,4,1,1,4,7,4,1,3,6,3,5,5,3,5,1,2,7,1,7,2,5,6,6,2,5,3,4,5,6,7,7,1,5,5,6,1,4,4,3,8,2,4,1,2,5,1,1,1,4,1,3,8,1,1,5,6,3,4,5,3,5,5,6,4,5,1,9,4,3,5,2,3,2,2,3,3,8,1,2,6,6,4,6
1797,1,4,2,5,7,5,2,2,7,4,5,6,7,2,2,10,7,7,6,2,5,1,5,4,6,2,1,4,7,6,1,4,2,3,7,5,7,5,8,7,2,2,2,4,3,8,2,5,2,3,1,1,6,3,1,7,2,2,2,7,1,1,6,4,4,5,4,7,6,1,1,3,5,1,7,2,3,2,3,4,1,,1,2,6,7,6,6,8,4,2,4,2,10,1,6,6,7,1,7
1798,,,,8,46,,,,,,,,,,,27,,,9,14,,8,8,,,,,,,,,,,,,,,,5,,16,,,,,,,,,,,,,,,47,,1,,8,,6,13,,4,,,,9,,,,15,,9,,,,,,,,,,,,,,,,6,,,36,2,,,,15,
1799,4,5,7,6,3,4,1,4,5,4,5,3,1,1,4,7,5,4,6,3,5,6,4,3,6,1,3,6,8,6,8,3,2,4,3,4,3,4,6,2,4,1,7,5,3,6,7,1,5,5,6,5,3,4,5,6,1,2,1,7,5,6,1,5,7,6,5,4,2,6,5,6,4,1,4,2,3,1,6,4,3,6,4,4,3,3,3,5,2,9,4,4,5,9,5,8,1,7,1,5
1800,0,0,0,0,0,0,0,0,0,0,0,0,0,0,0,0,0,0,0,0,0,0,0,0,0,0,0,0,0,0,0,0,0,0,0,0,0,0,0,0,0,0,0,0,0,0,0,0,0,0,0,0,0,0,0,0,0,0,0,0,0,0,0,0,0,0,0,0,0,0,0,0,0,0,0,0,0,0,0,0,0,0,0,0,0,0,0,0,0,0,0,0,0,0,0,0,0,0,0,0
1801,12,1,11,12,19,4,15,20,33,10,,3,,7,,2,,2,2,4,11,,1,20,,11,10,,15,10,14,11,9,5,12,17,6,11,8,13,5,14,,1,3,14,13,16,,16,9,13,24,6,15,23,3,12,6,26,11,,8,2,23,20,12,,19,2,,11,,18,1,19,,,,8,,8,22,15,20,19,3,10,1,19,2,12,16,21,11,14,3,47,14,3
1802,,,,9,45,,,,,,14,,,,,1,,2,12,14,,9,4,,,,,,,,,,,,,,,,7,,16,,,,,,,,,,,1,,,,3,,1,,1,,8,15,,23,,,,3,,,,16,,5,,,,,,,,,,,,,,,,5,,,39,11,,,,1,7
1803,3,1,8,10,22,10,12,16,33,1,8,9,,,10,12,,18,10,10,22,16,10,14,17,,11,,17,16,,9,5,,6,,9,10,15,13,3,9,,9,4,12,2,,4,5,,13,3,14,17,4,9,12,9,11,10,1,8,11,11,5,9,9,,,9,,11,,,14,9,8,2,16,15,5,17,10,7,6,14,12,11,9,8,,4,12,6,11,7,,3,13
1804,0,0,0,0,0,0,0,0,0,0,0,0,0,0,0,0,0,0,0,0,0,0,0,0,0,0,0,0,0,0,0,0,0,0,0,0,0,0,0,0,0,0,0,0,0,0,0,0,0,0,0,0,0,0,0,0,0,0,0,0,0,0,0,0,0,0,0,0,0,0,0,0,0,0,0,0,0,0,0,0,0,0,0,0,0,0,0,0,0,0,0,0,0,0,0,0,0,0,0,0
1805,6,7,6,2,6,7,5,5,9,5,4,2,6,5,7,7,7,7,6,6,5,4,5,4,6,6,2,6,4,4,7,6,2,7,7,6,3,5,6,6,4,4,5,3,2,3,5,5,6,3,5,8,2,6,7,7,7,6,5,7,5,9,4,7,4,8,6,6,6,6,6,6,4,6,3,4,6,6,3,5,5,7,1,5,6,5,3,5,8,8,2,5,2,9,4,4,9,6,8,7
1806,8,8,8,8,7,6,1,6,32,11,11,9,,2,9,8,,10,9,14,23,3,11,12,7,12,10,,9,18,,11,6,12,6,,14,10,13,11,,16,,13,6,8,12,,13,4,13,7,10,12,19,10,8,11,6,12,16,,10,,7,13,9,13,,,9,1,7,,,14,1,12,7,14,1,9,12,7,5,8,2,9,13,14,7,,,8,9,13,11,,12,11
1807,6,9,7,34,6,14,5,14,15,7,2,,,13,4,13,,10,,11,9,,4,10,3,,6,,32,9,14,8,21,7,4,15,,6,14,6,13,,,16,3,,6,14,,18,8,2,10,24,20,10,3,15,8,1,,,9,17,23,3,6,,3,17,,12,,5,14,8,8,,15,8,,8,18,23,10,4,8,12,,20,8,31,1,28,8,3,9,16,17,7
1808,,,7,1,14,13,30,20,27,12,,3,,12,3,2,,7,,7,9,,1,16,3,8,12,5,16,16,15,2,5,10,12,10,7,6,20,10,13,,3,43,6,1,16,9,,16,13,,19,1,14,30,,5,12,35,8,6,2,15,26,20,16,,8,,,1,1,2,1,1,,,1,,,5,1,17,21,8,3,16,1,23,19,3,17,23,9,19,8,11,5,27
1809,3,1,6,6,5,4,2,6,1,4,5,2,6,1,4,6,7,5,5,4,3,4,3,4,6,5,2,4,3,2,7,3,2,4,1,6,6,4,5,6,4,5,6,1,6,7,2,5,4,5,4,1,1,1,1,3,6,5,5,6,4,1,5,5,6,5,3,5,5,2,1,5,4,5,5,5,2,3,4,4,5,3,8,4,6,6,4,6,7,7,2,4,4,7,6,2,5,7,8,2
1810,5,2,2,5,3,3,1,5,7,1,6,2,5,6,4,7,6,1,2,3,1,5,1,2,3,5,2,2,3,1,2,1,1,7,5,7,3,4,4,5,5,5,5,1,5,3,2,1,3,5,5,5,5,5,5,6,5,4,3,2,4,1,2,4,3,5,6,5,3,5,4,2,5,5,6,4,6,3,2,6,2,2,6,7,1,4,4,3,4,7,1,3,4,6,6,6,4,2,7,3
1811,2,7,4,1,6,6,6,7,5,4,1,6,6,5,4,5,5,4,5,6,1,4,1,1,5,2,4,4,7,5,8,5,3,6,2,7,6,6,6,4,2,1,1,5,6,6,7,1,1,5,6,3,5,6,7,6,8,3,1,5,1,6,5,1,2,4,5,4,4,3,4,4,3,1,2,6,7,5,6,6,5,3,4,2,4,1,7,6,4,11,5,6,1,1,2,6,6,3,4,2
1812,,1,,19,29,25,23,,,,,,,,,,,,,13,24,,43,,,,19,,,10,,21,,,24,41,,4,14,21,22,,,26,,,,,,13,24,22,15,,17,49,10,,35,,,,22,25,,,,,34,,,16,,,32,,,,,,,18,26,26,,25,,20,,,3,30,21,,,30,,20,,
1813,5,5,4,4,4,3,4,4,6,1,1,2,7,7,4,8,1,7,4,5,3,6,5,6,1,5,2,1,1,4,9,1,4,5,1,5,6,5,3,4,2,6,4,6,3,6,3,6,6,7,5,5,7,4,6,3,7,7,3,8,4,5,4,6,5,4,4,6,3,5,5,5,6,4,6,2,2,4,2,7,5,4,2,7,5,6,1,4,6,9,5,3,6,8,4,6,4,4,8,4
1814,14,,8,3,11,11,6,2,9,12,4,2,1,6,2,10,10,5,,6,16,7,6,9,4,2,4,6,5,6,14,17,10,5,1,14,8,8,2,2,1,14,,1,7,17,8,6,,13,10,7,8,6,8,9,8,5,2,10,8,8,5,2,7,15,10,9,7,11,1,10,6,9,9,16,1,,9,2,1,7,8,8,6,11,3,8,1,10,9,5,4,6,11,15,4,20,15,8
1815,,7,,15,38,20,5,13,18,16,,13,,14,,18,,13,,15,16,,6,,,,21,,29,12,19,20,20,5,12,17,6,14,6,10,10,,,37,15,,18,18,4,7,10,20,15,24,16,45,15,26,14,33,,,5,15,5,27,15,,6,20,1,18,,20,30,6,,,2,,,17,26,22,10,8,9,17,,2,25,32,11,35,17,20,7,13,25,18
1816,4,5,3,4,3,3,6,5,5,1,1,5,3,2,3,4,2,5,4,5,2,5,3,2,3,6,3,3,4,2,4,4,6,2,3,6,7,4,5,3,2,1,4,2,3,4,5,6,3,4,7,1,1,7,2,5,6,6,5,6,5,5,3,4,4,4,4,4,4,6,4,3,1,3,5,4,7,5,3,4,3,3,6,7,7,3,5,1,2,8,5,5,6,6,7,7,6,8,5,3
1817,5,6,7,6,6,8,3,6,1,5,3,6,3,8,5,7,5,1,5,8,7,4,4,5,4,5,2,8,6,5,8,7,6,1,5,6,3,2,8,7,4,7,7,7,3,7,10,5,4,5,7,6,6,7,7,8,9,3,6,7,6,6,4,8,3,8,9,6,6,6,10,7,6,8,1,4,6,5,5,5,6,5,7,5,5,6,7,4,9,6,4,4,5,2,4,5,3,3,7,7
1818,,12,7,18,14,13,8,17,3,7,11,16,2,2,1,12,6,11,,7,5,6,41,16,9,7,8,,26,5,13,7,7,4,7,14,6,7,8,9,7,5,,8,6,9,10,7,,7,9,1,12,7,20,8,7,4,4,3,,,4,8,1,7,10,2,8,14,,13,,7,3,7,6,7,,9,,7,19,5,15,6,6,8,7,2,8,6,8,18,13,5,6,15,7,6
1819,5,5,6,3,5,5,1,3,6,5,3,4,4,5,3,9,1,4,1,3,6,2,4,4,5,5,3,1,7,6,5,4,1,6,1,1,6,4,2,6,1,2,7,4,7,6,5,5,5,5,1,5,5,3,6,7,5,2,2,2,6,1,5,3,5,1,1,3,5,3,1,3,4,2,3,1,1,4,5,3,3,3,5,4,5,2,1,3,6,9,4,4,4,3,4,4,3,1,1,5
1820,9,,,36,23,27,1,,,,,,,23,,,,,,14,24,,40,,,,18,,,2,,,15,,27,42,,8,11,21,22,,,20,1,,21,,,18,22,4,12,,16,49,2,,,32,,,22,21,,18,,,33,,,15,2,,25,,,,,,,19,23,29,,22,,21,,,8,30,16,33,16,32,,14,,
1821,5,3,5,1,5,2,6,6,5,5,3,5,5,2,3,8,2,6,1,2,5,3,5,6,6,4,3,3,6,6,7,1,4,5,2,6,6,1,6,6,2,7,5,5,5,8,5,7,6,4,6,2,7,4,1,3,7,3,5,6,4,5,4,4,6,6,1,1,4,1,7,3,5,3,6,3,5,2,3,3,5,3,7,7,4,5,1,6,5,5,1,5,5,7,1,1,2,2,1,5
1822,5,9,9,5,8,5,,9,7,8,1,6,6,4,7,11,1,2,1,4,1,2,2,2,3,1,9,6,9,9,6,4,8,4,12,4,6,5,2,,,3,5,9,3,2,9,15,9,1,4,12,3,5,5,1,1,12,3,4,1,7,5,3,2,2,6,1,3,4,17,5,8,,8,4,,3,,8,11,6,6,8,,6,3,10,1,5,3,3,4,7,3,10,6,1,1,12
1823,1,4,3,1,6,4,1,4,2,6,5,4,4,5,2,1,3,5,6,5,4,5,1,2,3,5,2,1,6,7,4,5,3,2,6,1,3,4,5,1,6,2,3,3,5,6,5,5,4,7,1,5,8,3,21,5,6,5,3,6,6,1,3,5,6,7,5,6,6,5,1,1,6,3,1,5,3,6,4,4,3,1,4,2,1,1,6,3,8,3,4,5,1,6,5,1,6,6,7,4
1824,,,,15,16,26,26,,,,,,,,,5,,,,11,25,,42,,,,20,,,7,,,,,15,33,,9,7,19,18,,,28,,,20,,,21,24,,13,,19,48,9,,,9,,,21,19,,,,,33,,,13,,,31,,,,,,,24,23,27,,19,,23,,,18,29,22,,,29,,21,,
1825,7,5,7,15,22,9,8,5,33,6,8,10,,,9,10,,16,12,11,24,,4,14,17,,8,,15,17,,11,11,,7,,13,10,14,13,,14,,18,4,11,13,,13,8,,13,12,14,18,7,8,10,8,14,15,11,11,,3,12,3,14,,,13,,11,,,15,9,3,8,18,18,2,17,2,8,12,9,11,4,17,7,,,10,5,9,12,,13,19
1826,5,1,2,4,3,1,3,6,3,4,2,7,5,3,1,6,4,3,3,2,3,3,5,5,1,6,4,4,7,4,1,4,1,1,5,5,4,5,5,6,4,1,5,3,1,5,5,7,4,4,6,3,2,7,7,7,8,4,5,8,6,2,1,5,6,5,3,5,6,5,4,5,4,3,4,3,6,2,1,2,1,4,8,5,5,5,7,1,4,7,6,1,5,4,6,6,6,8,4,4
1827,0,0,0,0,0,0,0,0,0,0,0,0,0,0,0,0,0,0,0,0,0,0,0,0,0,0,0,0,0,0,0,0,0,0,0,0,0,0,0,0,0,0,0,0,0,0,0,0,0,0,0,0,0,0,0,0,0,0,0,0,0,0,0,0,0,0,0,0,0,0,0,0,0,0,0,0,0,0,0,0,0,0,0,0,0,0,0,0,0,0,0,0,0,0,0,0,0,0,0,0
1828,10,10,,33,13,23,25,,,,,,,,,,,,,15,22,,40,,,,14,,22,13,1,,,,9,37,,10,13,11,20,,,17,,,16,,,22,14,,14,,5,45,16,,,10,,,22,16,29,,11,,27,,,13,,,5,,,1,,,,16,26,25,15,21,,22,,27,12,30,15,32,17,32,,10,,
1829,13,,8,17,16,7,19,17,12,9,8,6,6,8,,12,1,8,,11,15,13,13,2,12,,5,3,25,13,9,10,14,9,10,18,11,14,6,5,14,20,,8,1,16,11,7,6,13,6,3,13,22,8,6,5,6,3,33,7,14,10,8,13,23,5,,18,9,,12,,10,1,19,,,9,7,5,3,15,13,23,16,12,2,10,17,,7,6,21,10,10,3,21,19,14
1830,,11,,30,23,29,10,22,24,22,1,17,,10,,15,,15,,16,21,,31,26,,23,4,,22,13,18,20,18,3,13,45,8,10,9,7,17,19,2,14,16,3,18,15,,15,10,18,10,,2,38,14,1,,,,,1,6,,,,,37,24,,10,10,3,14,19,,,17,,,29,24,25,13,19,,18,1,29,15,31,1,36,20,15,,8,5,17
1831,16,,10,17,17,9,8,22,9,11,14,7,,8,,13,21,9,,10,19,6,11,9,13,,15,,35,13,2,10,15,10,11,18,,16,13,4,14,19,,7,13,13,11,10,,11,6,18,14,22,17,5,9,27,13,30,11,12,6,11,21,24,5,,18,12,,23,,14,3,20,,,4,2,,9,17,12,22,19,11,8,8,16,,10,2,23,10,8,4,18,20,15
1832,5,5,6,5,3,6,6,5,5,5,6,6,1,3,3,6,6,7,4,6,4,5,3,3,5,6,4,4,7,1,5,3,2,6,6,6,5,4,5,2,5,2,4,5,1,7,5,7,8,6,2,7,7,3,3,4,8,4,1,8,2,6,1,5,1,5,5,1,6,6,1,5,3,5,6,6,7,5,5,6,3,4,4,3,3,5,6,5,4,5,3,2,7,6,5,7,6,5,6,5
1833,0,0,0,0,0,0,0,0,0,0,0,0,0,0,0,0,0,0,0,0,0,0,0,0,0,0,0,0,0,0,0,0,0,0,0,0,0,0,0,0,0,0,0,0,0,0,0,0,0,0,0,0,0,0,0,0,0,0,0,0,0,0,0,0,0,0,0,0,0,0,0,0,0,0,0,0,0,0,0,0,0,0,0,0,0,0,0,0,0,0,0,0,0,0,0,0,0,0,0,0
1834,1,1,1,1,1,1,1,1,1,1,1,1,1,1,1,1,1,1,1,1,1,1,1,1,1,1,1,1,1,1,1,1,1,1,1,1,1,1,1,1,1,1,1,1,1,1,1,1,1,1,1,1,1,1,1,1,1,1,1,1,1,1,1,1,1,1,1,1,1,1,1,1,1,1,1,1,1,1,1,1,1,1,1,1,1,1,1,1,1,1,1,1,1,1,1,1,1,1,1,1
1835,4,4,4,7,2,4,5,4,4,5,4,2,5,7,3,5,1,5,6,3,1,3,5,4,3,1,4,8,3,2,7,4,3,4,4,4,5,6,6,5,3,3,4,3,6,7,4,7,6,5,2,6,7,2,4,6,7,5,5,6,5,4,4,2,5,7,3,6,7,5,6,1,2,4,1,4,5,5,2,5,5,6,4,6,7,5,1,4,6,9,5,1,4,4,5,4,7,3,2,3
1836,5,4,7,6,2,5,9,5,4,6,6,8,2,5,1,1,3,6,6,5,6,6,6,7,6,6,3,7,4,7,3,4,4,6,6,4,3,3,2,7,4,8,1,2,5,7,4,5,2,1,2,6,1,6,6,2,7,4,7,7,6,7,4,6,2,6,6,3,4,3,7,5,4,5,3,3,4,1,6,2,7,4,3,1,6,4,5,4,6,10,3,6,4,7,5,3,5,8,6,7
1837,,1,,4,45,,,,,,,,,,,28,,,11,3,,11,7,,,,,,,,,,,,,,,,4,,16,,1,,,,,,,,,,,,,5,,,,12,19,5,14,14,26,,,,4,,2,,,2,1,,,,,,,,,,,,,,,,8,,,35,10,,,,16,
1838,10,9,2,14,3,5,7,4,9,6,9,11,10,,1,11,6,14,7,2,1,10,2,1,2,5,4,6,18,7,2,9,11,5,9,1,9,1,2,13,,11,,5,4,9,2,2,8,2,5,16,2,1,,8,9,11,3,7,2,13,2,6,4,2,5,4,8,8,10,1,6,10,2,8,7,9,8,16,1,2,2,13,8,7,11,1,10,11,11,,6,13,9,2,8,8,5,20
1839,3,6,2,6,1,3,4,4,3,3,4,5,4,5,7,7,5,5,5,6,3,5,1,6,1,3,3,5,5,3,7,6,4,3,5,5,3,5,3,7,3,6,6,5,6,3,5,4,4,5,4,7,2,7,7,1,7,5,4,7,3,6,3,4,2,4,6,6,1,1,5,6,2,5,4,3,7,5,7,5,5,3,6,3,6,4,1,4,6,2,5,5,6,1,4,7,5,6,9,2
1840,,9,,35,43,22,24,13,27,1,,18,,15,,1,,15,,2,19,,4,,,,18,,22,13,2,17,20,11,2,32,7,16,2,9,19,,,3,1,,2,11,6,14,12,21,7,27,18,39,16,10,9,1,,,1,13,20,28,5,,10,2,2,21,,22,34,2,,3,3,,1,3,,22,8,2,3,2,16,24,23,36,14,26,23,13,5,14,11,21
1841,,,,41,26,30,20,,,26,,,,,,,,,,22,20,,35,,,,15,,,20,,,,,18,48,,10,16,25,19,,,43,,,,,,26,23,,15,,20,52,3,,,,,,10,28,,,,8,40,,,8,,,35,,,,,,,31,26,34,,28,,28,,,25,29,6,,,29,,34,,1
1842,4,1,6,4,1,4,3,3,6,1,1,6,4,6,4,6,4,1,4,5,5,6,4,3,4,5,5,5,5,6,5,5,5,5,5,4,5,4,5,2,5,4,5,3,6,6,6,5,6,2,3,1,8,6,7,7,9,6,4,1,5,7,4,3,2,5,3,7,4,4,2,5,6,4,5,3,8,4,2,2,4,2,6,6,5,5,5,5,2,8,5,4,3,3,6,5,4,5,7,3
1843,3,4,6,5,6,4,5,3,3,2,5,3,3,4,3,2,5,6,3,7,5,5,1,6,6,4,3,4,1,6,1,5,4,6,2,5,5,2,4,6,3,6,6,3,2,5,1,1,1,6,6,6,1,5,3,7,8,4,3,1,4,3,5,6,4,6,3,6,1,1,5,4,7,6,1,1,4,1,1,3,5,5,7,7,5,2,6,3,7,6,5,4,4,7,2,3,6,6,4,2
1844,5,11,4,14,2,8,27,20,31,4,,6,,6,,1,,5,,12,13,,10,19,,20,13,,5,11,15,14,11,5,14,12,,14,15,17,9,15,,39,11,15,11,14,,15,9,15,20,6,12,25,1,5,3,22,11,,3,14,6,23,14,7,15,18,,18,,17,12,19,,,,8,,7,11,15,26,20,12,9,14,33,11,2,10,23,10,9,4,46,12,16
1845,1,6,5,5,4,5,4,3,1,4,6,7,6,5,3,2,4,5,5,3,5,6,4,5,5,6,4,5,7,6,6,6,3,2,5,4,1,4,5,5,4,4,5,5,3,3,6,6,4,3,3,7,3,5,4,10,6,5,6,5,3,6,1,1,6,5,5,4,5,4,5,5,4,7,5,2,1,3,6,4,6,3,9,5,3,1,3,6,6,9,5,4,4,7,7,5,7,2,7,6
1846,5,7,6,7,5,4,2,3,6,5,5,5,5,7,3,8,1,5,6,2,4,3,5,6,4,4,3,5,4,5,3,6,4,6,5,9,4,5,3,8,3,5,7,5,2,6,7,4,3,6,5,2,5,8,6,5,7,5,2,5,6,5,6,7,3,7,5,4,4,4,2,6,3,5,3,4,7,4,5,4,4,7,4,7,3,5,5,2,7,6,5,5,5,6,6,4,5,6,4,6
1847,,9,8,13,10,8,11,16,25,8,10,8,,12,16,20,,14,14,14,20,,9,15,,,24,,30,12,20,11,9,12,8,29,10,9,12,13,16,2,,18,7,,12,,10,2,,14,12,15,18,10,9,1,15,11,15,,7,9,17,22,10,14,,,11,,3,3,34,14,,7,6,15,19,13,20,9,9,14,14,8,6,21,25,,11,10,9,12,4,14,8,1
1848,,16,,36,15,2,23,,,,,,,,,,,23,,14,18,,41,,,,21,,,7,,,17,11,28,2,,9,14,21,21,,1,24,,,20,,,20,22,,13,,4,50,12,,,,,,22,23,,17,,,31,,1,15,,,2,,5,,,,,20,24,28,,24,,20,,,5,28,19,,,31,,31,,
1849,4,1,6,3,5,3,1,1,5,5,5,6,4,4,2,4,5,4,6,6,3,4,1,2,1,2,1,3,3,5,8,6,5,5,4,3,3,1,6,3,4,4,1,4,4,5,7,5,1,1,2,6,3,3,2,6,5,4,5,6,2,4,5,5,4,5,5,2,2,5,6,4,3,6,5,6,5,1,3,4,2,3,6,6,6,5,5,4,1,8,4,4,5,6,2,6,2,9,4,4
1850,11,,,33,18,21,19,,,23,,,15,19,,,,22,,7,23,1,41,,,,18,1,30,5,13,,,10,25,37,,5,6,23,20,,1,19,,,22,,,19,19,,9,,11,15,14,14,1,3,,,9,32,32,,12,,31,,,14,2,20,34,,2,,,,,19,27,30,1,26,,23,,,17,30,8,20,13,8,,15,,17
1851,5,4,6,5,6,5,2,5,6,3,5,3,5,9,6,3,2,5,7,8,3,5,3,7,4,1,6,5,6,6,5,4,5,8,4,8,2,7,5,7,4,7,4,5,4,5,2,10,5,5,5,1,1,7,7,5,10,9,6,5,7,7,5,7,7,7,5,5,7,2,7,5,6,5,6,3,6,3,4,5,6,6,6,8,5,1,5,3,6,4,6,5,3,7,7,5,3,6,6,4
1852,6,6,7,7,6,8,8,6,7,6,6,8,5,4,5,4,3,6,5,5,6,1,1,6,7,3,3,4,6,6,8,7,8,8,8,6,2,6,3,7,3,5,6,5,6,8,6,2,6,5,6,6,1,10,5,7,10,7,7,1,6,6,1,4,4,8,5,2,7,4,6,5,8,10,2,6,3,7,7,5,6,9,6,6,8,5,20,4,5,10,6,4,6,6,1,7,4,7,8,13
1853,12,,8,14,21,11,29,20,28,13,,14,,8,,1,1,6,,1,9,,7,18,,20,14,,2,1,19,9,11,6,22,13,,1,14,4,12,7,,38,14,17,8,16,,1,8,13,1,10,13,1,12,6,16,1,9,,2,19,8,8,13,,18,16,,15,,14,12,19,,,,12,,5,22,14,27,17,11,7,14,23,15,9,9,20,4,14,5,10,15,19
1854,2,1,1,6,1,1,1,1,1,1,1,1,8,1,1,1,8,8,7,1,1,2,1,1,7,1,1,1,8,1,1,5,1,4,8,6,8,1,9,1,1,1,1,5,4,9,1,6,1,4,1,2,1,1,2,1,1,1,1,8,1,1,1,1,5,1,1,8,1,1,2,1,1,1,8,1,4,1,1,5,1,,1,1,1,8,7,7,1,5,1,5,1,11,1,7,7,1,2,1
1855,1,15,,20,41,11,27,13,18,15,,6,,11,13,18,,14,,1,22,,9,,,,3,,25,3,14,19,7,11,19,27,4,14,15,8,12,,,37,13,13,13,20,13,10,10,11,1,1,18,26,14,1,15,29,,,5,11,22,3,16,,23,24,,1,,18,11,15,8,,1,2,,18,25,1,,14,4,17,13,24,1,35,9,35,20,23,7,13,19,16
1856,1,3,1,5,7,5,1,3,3,5,5,5,5,,2,1,2,2,3,1,5,3,4,8,8,5,5,1,1,9,1,9,4,3,2,3,5,3,5,5,7,7,8,4,4,8,8,8,3,2,6,3,7,2,9,6,1,13,5,8,6,1,11,2,7,7,1,1,6,1,6,3,5,7,8,3,1,4,7,4,3,2,1,8,7,1,1,7,1,2,4,6,3,10,2,7,3,5,3,8
1857,,,,39,23,28,18,,,,,,,,,,,,,21,25,,36,,,,4,,,18,,,,12,24,46,,13,16,22,15,,,46,,,,,,24,24,,13,,19,47,17,,,,,,21,31,,,,,38,,,11,,,35,,,,,,,30,30,33,,26,,27,,,23,26,24,,,33,,33,,
1858,6,6,10,7,6,6,9,6,8,6,3,7,4,7,8,6,2,7,7,7,7,8,14,2,6,4,5,7,6,6,8,6,6,7,7,2,8,6,5,7,1,6,6,8,5,8,7,6,4,6,6,9,7,6,6,7,8,6,8,10,2,8,6,2,4,7,8,5,8,6,7,5,7,2,6,4,7,5,4,6,6,8,4,4,7,5,7,6,2,9,7,5,1,10,6,4,6,7,9,7
1859,,,,40,26,30,13,30,,,,,,,,,,,,23,21,,32,,,,16,,,15,,,,,25,40,,9,7,24,16,,,43,,,21,,,24,21,,12,,18,53,1,,,,,,1,30,,,2,,38,,,3,,,37,,,,,3,,30,28,30,,24,,29,,,21,26,15,,,30,,25,,2
1860,5,7,7,1,1,6,6,5,2,6,1,10,8,7,4,7,3,5,7,1,4,5,1,6,1,3,4,7,7,8,6,7,1,8,7,1,1,1,5,7,6,1,1,5,2,1,11,10,2,3,2,10,7,8,11,4,8,8,6,10,6,6,2,5,1,5,10,3,2,7,2,5,6,4,5,6,,4,1,6,10,2,1,9,1,6,4,3,5,2,5,6,4,11,4,4,3,6,1,6
1861,5,5,11,4,6,2,4,4,2,3,2,3,5,5,5,6,3,2,6,5,4,5,4,4,6,7,5,6,4,6,2,4,2,5,3,5,4,3,6,3,1,1,6,6,6,2,4,6,6,6,8,5,7,7,9,4,8,4,4,6,5,5,4,7,4,5,4,5,5,7,5,6,4,4,3,5,7,4,6,1,2,4,4,4,5,6,4,3,6,2,5,4,5,3,4,6,7,5,1,6
1862,,,,41,25,29,18,1,,3,,,,,,,,,,24,1,,37,,,,17,,,20,19,,,,23,2,,8,16,26,17,,,42,,,24,,,27,24,,1,,18,53,16,,,,,,19,31,,1,,9,23,,,3,,,34,,,10,,,,30,28,32,2,27,,28,,,24,29,25,,,30,,28,,
1863,5,5,4,3,3,7,4,6,6,5,5,6,2,2,5,5,1,7,5,6,6,1,4,3,1,3,6,7,4,5,5,6,7,5,5,6,4,3,7,5,4,6,5,5,7,9,8,4,5,2,6,6,7,6,8,4,9,6,4,3,7,5,5,6,2,6,7,5,6,5,5,4,7,3,6,5,2,6,7,5,1,5,6,5,5,4,2,4,8,5,6,2,5,5,8,1,5,6,7,5
1864,2,4,5,6,3,6,4,5,3,5,3,2,4,5,5,2,4,3,2,4,1,6,4,1,3,6,2,6,4,2,7,8,6,3,4,5,6,5,1,7,1,5,6,4,2,1,3,4,6,5,5,5,3,4,4,8,6,6,5,7,4,6,2,1,2,6,4,1,5,5,3,5,4,2,6,5,4,4,4,5,6,5,7,5,1,2,4,5,7,9,3,4,3,8,5,7,5,7,4,5
1865,7,7,7,4,6,7,7,5,8,2,1,4,3,8,3,1,3,7,8,8,7,7,7,8,6,5,6,4,6,7,6,6,7,9,6,10,8,5,6,7,1,6,1,5,5,4,10,2,3,6,3,6,7,9,7,8,9,3,6,8,7,7,5,8,5,5,8,3,9,8,8,8,7,8,2,4,2,5,7,4,8,7,4,9,4,5,5,6,9,8,1,6,7,1,4,6,6,7,6,6
1866,5,7,7,9,8,7,7,16,30,8,5,10,,10,6,12,,17,8,9,23,,7,14,11,,4,,11,17,,8,4,3,4,15,13,9,15,14,,9,,15,7,10,9,,10,6,17,10,11,11,16,10,8,10,11,7,15,8,8,,12,14,8,5,,22,12,,3,,,9,2,11,8,16,17,12,18,8,9,9,15,14,13,16,7,,,7,8,11,12,,2,18
1867,4,6,2,1,1,2,3,2,3,1,5,4,5,1,3,8,3,2,4,4,8,6,1,8,3,4,4,3,1,6,2,4,3,1,2,4,2,5,1,6,2,3,1,2,3,6,5,2,3,4,8,4,3,7,5,6,6,6,1,7,4,5,1,2,3,2,7,3,8,4,1,6,1,5,3,5,6,2,4,4,2,5,3,3,1,3,1,3,2,27,3,4,5,2,2,5,1,4,3,3
1868,3,5,2,2,5,5,4,1,8,2,1,6,4,6,5,8,5,4,2,5,5,4,2,4,6,5,5,6,3,5,6,5,3,5,2,6,4,5,1,3,5,1,5,4,5,1,7,5,5,7,3,1,4,3,6,6,8,4,4,4,5,6,4,1,4,6,1,6,4,3,6,6,5,6,1,6,5,4,2,1,3,3,5,7,1,6,7,7,4,5,6,5,4,5,6,2,6,7,7,2
1869,,13,,31,39,10,6,17,15,19,,9,,9,11,16,,16,,14,22,,1,,,,20,,36,10,19,20,17,8,12,27,8,14,10,10,14,,,36,17,,16,16,15,4,9,17,14,18,16,45,13,14,14,31,2,,5,16,21,27,16,,23,22,,19,,19,32,5,,,6,,,18,25,20,13,14,16,14,16,26,20,33,12,34,18,13,1,14,21,15
1870,15,,7,15,19,8,27,20,32,4,,11,,10,1,1,,8,,13,9,,7,16,,18,16,,22,10,17,8,7,7,15,13,,5,1,15,10,13,,10,10,18,14,19,,12,6,13,24,5,17,25,12,6,14,25,10,9,4,17,26,19,12,,18,24,,19,,14,7,20,,,,11,,11,19,16,26,19,6,11,12,21,5,13,14,17,8,15,7,45,16,16
1871,,,,32,16,25,24,,30,,,,,,,,,23,,12,24,,40,1,,,19,,,4,,,,,24,35,,7,11,22,23,,,24,,,8,,,22,22,15,7,,13,46,11,,,,,5,21,16,,,,,35,,,15,,,29,,,,,,1,21,26,24,,21,,22,,23,4,26,18,,,32,,12,,
1872,,,,40,23,29,19,26,,,,17,,,,,,,,24,20,,35,,,,18,,,19,,,,,22,29,,12,17,23,20,,,39,,,,14,,21,24,,14,,19,51,13,,,,,,13,30,,,,,36,,,13,,,35,9,,,,,,28,26,30,,28,,28,,,25,30,25,,,4,,34,,
1873,,,,35,20,30,21,,29,,,,,,1,,,,,16,3,,39,,,,18,,,18,,21,,,25,44,,10,13,22,21,,,46,,,,,,26,23,,17,,18,52,13,,,,,,15,32,,,,,29,,,8,,,33,,,,,,,27,30,33,,23,,24,,,20,21,25,,,30,,32,30,
1874,3,7,1,6,5,6,4,3,5,4,4,6,5,5,4,6,6,5,6,5,3,7,2,5,3,8,4,6,5,5,8,1,2,7,1,8,4,5,5,6,5,5,7,5,1,7,2,6,2,2,4,1,6,2,6,7,7,1,2,6,8,6,2,2,6,4,1,4,1,2,6,7,1,7,7,2,8,1,3,5,7,6,4,1,5,5,4,4,4,9,4,6,4,5,7,5,1,9,4,5
1875,1,,,34,16,27,21,25,,,,,,,,,,,,19,19,,37,,,,20,,,13,1,,,,18,49,,11,15,22,15,,,45,1,,,,,27,24,,1,,7,48,17,,,,,5,21,27,,,,,36,1,,12,,,33,,,,,,,31,27,26,,28,,23,,,23,31,21,,,31,,30,,
1876,,11,1,33,41,10,25,11,27,19,,11,,4,,15,,15,,14,18,,9,,,,13,,23,11,15,15,14,6,8,27,9,12,8,11,15,,,33,9,,3,15,,12,12,19,13,18,12,42,14,25,9,26,,,9,15,12,29,8,,17,16,,15,,,32,14,,,17,,,1,22,18,11,17,12,18,,24,23,29,13,28,16,6,7,11,9,15
1877,4,4,2,4,1,4,2,4,4,5,2,5,3,4,1,7,5,3,6,5,5,1,4,5,3,1,4,2,3,7,5,1,2,2,6,3,5,4,4,7,3,4,5,4,4,5,5,4,3,5,6,4,7,4,2,1,8,5,1,6,6,5,4,3,5,3,4,1,4,3,6,3,2,4,5,3,7,4,5,6,2,1,4,8,2,5,6,4,7,1,5,6,1,1,2,5,6,4,8,1
1878,15,,9,15,9,9,27,20,31,9,,1,,6,1,10,,8,,6,16,,12,16,,11,11,,19,8,16,12,8,3,17,14,,13,17,12,8,12,,35,12,14,12,11,1,12,8,13,19,10,18,27,11,7,15,27,15,,8,18,28,21,13,,17,24,,20,,14,9,18,,,,5,,5,22,12,22,20,8,8,14,23,21,14,20,21,11,8,7,48,17,18
1879,2,1,1,5,5,4,3,5,1,2,4,6,4,6,4,6,6,6,5,1,4,1,4,3,3,7,2,4,3,4,2,2,4,5,6,4,5,2,7,6,3,2,6,2,5,6,5,7,2,4,3,2,6,4,2,6,3,3,5,8,6,3,1,5,5,3,2,2,6,4,4,5,4,6,1,5,5,1,6,4,6,5,5,7,6,4,3,5,7,2,3,4,5,4,4,5,4,8,6,6
1880,,,,7,44,,,,,,,,,,,30,,,11,16,25,6,7,,,,,,,,,,,,,,,,6,,15,,,,,,,,,,,,,,,44,,,,1,,1,17,,24,,,,7,,,,,,10,,,,,,,,,,,,,,,,8,,,37,9,,,,12,5
1881,5,14,2,39,8,4,5,15,34,6,1,12,8,9,,20,,4,,15,11,,4,14,7,18,8,,20,6,7,6,11,3,13,20,11,8,11,16,2,16,,31,1,14,7,9,,15,3,7,12,16,15,2,11,7,15,29,9,,5,8,26,19,8,,7,11,,7,6,7,2,18,,4,9,10,,4,20,11,7,14,8,12,8,15,7,9,8,24,8,11,4,24,11,15
1882,10,,5,9,21,2,15,21,31,9,,7,,6,,14,,6,,14,10,,12,15,,20,15,,21,10,19,1,10,5,17,16,,12,17,14,3,15,,11,9,14,12,17,,16,2,14,19,4,16,21,3,13,15,28,8,,5,18,27,21,13,,14,25,,24,,8,11,21,,,,10,,5,20,3,30,9,10,12,12,22,13,14,11,21,7,12,7,46,10,14
1883,5,5,6,7,5,5,3,1,7,5,6,4,3,6,4,3,8,7,5,7,5,3,6,5,4,7,5,3,1,7,8,7,4,7,6,5,5,4,6,6,2,4,5,7,4,10,6,7,5,6,3,6,9,9,5,8,7,7,5,6,6,8,5,7,8,7,4,5,7,2,8,1,2,5,5,4,6,8,3,,6,7,5,5,4,2,4,8,10,6,4,6,4,6,7,4,6,3,9,4
1884,,,,39,26,27,14,26,,,,,,,,,,,,18,22,,24,,,,22,,,17,,,,,23,47,,7,14,24,19,1,,43,,,19,14,,26,23,,17,,20,53,15,,,,,,21,29,,,,,35,,,9,,1,37,,,,,,,29,29,27,,27,,26,,,23,26,23,,,25,,17,,
1885,5,11,5,3,9,4,6,16,5,6,10,2,8,10,4,11,5,6,8,13,6,5,3,9,2,8,7,5,22,7,6,9,12,8,3,5,8,6,4,9,2,18,,2,6,8,6,4,4,1,8,11,11,8,6,7,5,3,4,2,5,2,6,8,11,20,2,4,7,13,6,6,5,1,4,8,5,,9,7,7,5,2,8,28,4,7,2,5,2,7,5,2,8,9,5,6,16,2,6
1886,5,4,3,4,5,2,2,6,5,5,5,2,1,4,4,4,5,6,3,7,4,4,2,1,5,1,2,4,2,6,4,5,6,6,2,6,1,4,6,6,5,5,1,4,5,4,4,3,3,7,5,1,4,5,5,4,9,2,2,5,3,5,1,2,5,8,6,1,2,1,5,4,1,5,6,3,7,3,3,2,5,5,3,6,4,1,3,5,7,1,4,6,4,1,6,1,1,3,3,6
1887,,,1,36,25,29,20,,,,,,,1,1,,,,,16,17,,37,1,,,18,,,17,,,,,18,45,,10,18,26,16,,,38,,,,,,19,16,,14,,18,1,15,16,,,,,21,31,,,,,40,,,2,,,34,,,,,,,24,26,26,,19,,23,,,22,32,25,,,31,4,24,,
1888,0,0,0,0,0,0,0,0,0,0,0,0,0,0,0,0,0,0,0,0,0,0,0,0,0,0,0,0,0,0,0,0,0,0,0,0,0,0,0,0,0,0,0,0,0,0,0,0,0,0,0,0,0,0,0,0,0,0,0,0,0,0,0,0,0,0,0,0,0,0,0,0,0,0,0,0,0,0,0,0,0,0,0,0,0,0,0,0,0,0,0,0,0,0,0,0,0,0,0,0
1889,3,,4,1,26,4,12,13,3,13,11,17,,12,11,12,11,11,5,,2,11,,2,16,3,,4,3,10,9,,3,2,12,4,,,5,,9,5,2,9,8,,14,9,,13,,,25,11,9,8,16,3,3,,1,6,5,5,20,12,,3,1,,,5,4,,7,11,2,,22,19,6,5,4,11,2,1,17,,,3,20,36,9,14,16,14,6,6,6,3
1890,3,4,2,3,,1,2,2,1,,1,2,3,2,2,2,1,1,1,2,2,2,2,,3,3,5,2,1,3,7,3,,3,3,3,5,2,2,2,2,2,,1,1,3,1,2,3,,,2,2,4,,,1,1,2,2,2,3,3,,2,2,3,2,,,3,2,2,3,2,1,,7,3,,7,7,2,2,3,2,2,,2,2,2,,2,3,4,,5,4,2,
1891,3,5,6,3,2,5,3,5,6,4,1,1,4,2,4,5,5,4,1,4,4,5,4,6,4,4,1,6,1,1,6,4,5,4,5,5,5,5,6,5,4,6,4,3,3,6,5,4,3,5,3,3,6,3,4,6,4,6,2,1,2,4,5,10,1,3,1,4,1,7,3,5,6,6,5,4,3,4,5,3,6,4,6,6,2,1,6,5,5,7,6,2,1,7,2,5,8,5,6,2
1892,,,,6,42,,,1,,1,,,,,,29,,,4,14,,4,3,,,,,,,,,,,1,1,,,,7,,18,1,,,,,,,,,,1,,,,48,,,,2,,6,14,,23,,,,8,,,,,,9,,,,,,,,,,,,,,,,8,,,39,10,,,1,5,
1893,1,,,36,22,22,24,,,,,,17,19,,,,,,6,24,,37,1,,,18,,,12,,,,,25,43,,12,12,25,18,,,26,,,23,,,20,22,,18,,21,50,14,,,14,,,22,23,,,,,30,,,11,,,35,,,,,,,24,25,29,,24,,25,,,9,30,16,,,31,,28,,
1894,,16,,36,14,22,24,,,,,1,,,,18,,21,,11,22,,40,,,,16,,,3,,,22,,11,38,6,5,14,3,21,,,21,,,19,,5,18,25,,16,,17,47,1,,,8,,,22,20,,,,,29,,,14,,6,1,,,,,,,24,25,1,,25,,23,,,7,24,17,,,30,,6,,
1895,,,,8,43,,,,,,,,,,,25,,,10,14,,8,7,15,,,,,,,,,,,,,,,2,,17,,2,,,,,,,,,,,,1,46,,2,,10,,7,14,,21,,,,2,,,,13,,10,,,,,,,,,,,,,,,,7,,,38,3,,,,12,
1896,16,,4,11,8,4,5,12,,6,10,14,,11,10,15,,1,4,16,8,3,2,6,2,5,,7,9,8,6,,,4,8,3,16,4,10,2,2,4,6,3,8,,10,11,,4,21,10,21,10,3,46,22,5,6,9,9,10,3,,5,3,4,3,23,20,5,4,7,,6,17,1,,2,4,4,1,2,12,6,6,15,1,10,6,11,32,7,7,2,17,8,8,8,2
1897,5,10,6,8,7,6,7,18,11,8,6,15,,5,,16,14,8,7,14,12,14,6,15,12,,14,6,26,11,3,7,6,6,11,6,8,9,9,5,4,17,,40,7,10,7,11,,16,9,16,10,20,16,9,4,3,7,16,9,,7,7,28,20,7,,11,16,9,7,,2,7,15,4,,,8,,9,16,12,,13,9,8,10,3,15,21,6,24,7,3,3,20,4,9
1898,2,5,7,6,3,4,1,4,4,3,5,7,5,4,5,8,5,5,3,4,5,3,5,4,6,4,1,4,8,6,5,5,3,7,5,6,4,6,1,7,5,6,3,3,6,2,4,7,3,4,8,8,1,5,5,1,6,4,5,5,1,5,4,5,6,5,6,6,1,5,4,4,4,4,6,5,5,3,4,4,4,6,7,6,4,5,7,3,1,9,5,4,6,6,7,7,7,7,8,1
1899,,,,41,25,28,13,,,24,,,,,,,,,,24,18,,34,,,,12,,,18,,,,,24,47,,9,14,23,21,,,44,,,,,,27,24,,16,,19,52,15,,,,,,16,30,,,1,,24,,,8,,,37,,,,,,,26,29,34,,25,13,26,,,23,31,24,,,25,3,31,,
1900,3,3,4,6,7,4,3,1,1,4,3,3,5,7,4,4,5,7,7,6,3,3,5,4,5,3,6,1,6,6,8,4,5,6,6,6,1,6,4,4,5,5,4,1,5,2,2,5,3,3,2,5,2,6,4,8,1,1,3,6,4,2,6,3,5,7,1,6,6,2,7,6,2,4,2,5,5,5,5,1,7,6,3,4,5,1,6,5,2,3,5,5,5,7,5,5,6,3,7,5
1901,1,,8,12,16,8,9,23,11,6,4,5,1,8,,11,2,7,,9,16,,2,10,6,,14,4,4,13,,4,11,6,8,12,9,2,16,6,6,20,,6,7,5,13,19,,11,9,15,23,4,17,8,8,14,5,30,10,12,4,18,27,19,7,,18,13,,23,9,10,9,19,,,11,6,,12,12,18,28,11,1,9,8,,,7,9,19,9,13,11,21,13,16
1902,5,5,5,3,4,2,3,2,6,3,2,6,5,6,3,2,1,6,4,2,4,2,5,5,3,4,4,7,7,5,5,2,1,5,5,7,3,1,6,4,5,1,5,6,5,1,6,2,5,2,2,5,4,5,3,4,1,6,5,3,2,5,5,6,3,2,5,4,1,6,3,4,3,4,7,3,2,2,1,4,2,4,6,7,8,2,4,1,1,5,2,3,2,6,4,5,4,6,4,1
1903,,,,34,26,30,13,,,,,,,,,,,,,17,23,,36,,,,6,,,19,,22,,,23,46,,7,18,23,18,,,43,,,,,,26,24,,15,,20,53,14,,,,,,20,30,,,,,25,,,13,,,35,,,,,,,29,27,20,,24,8,29,,,24,30,25,,,24,3,30,2,
1904,,7,,22,38,15,24,16,18,20,,14,,12,,18,,13,,1,18,,10,,,,20,,33,10,20,17,16,11,15,9,13,14,11,11,15,6,,40,16,,,17,,11,17,17,14,22,16,42,11,19,5,32,,,7,17,8,23,12,,23,22,,20,,19,34,8,,,12,,,19,25,21,15,17,13,15,15,25,12,36,11,35,19,22,8,14,26,19
1905,4,1,8,7,7,2,9,8,4,7,4,6,3,5,7,9,6,1,9,5,2,4,1,7,1,2,8,3,1,8,4,4,10,3,11,8,1,5,2,,,1,1,10,3,1,11,7,8,4,3,1,4,3,9,2,11,11,2,1,3,6,6,6,3,7,7,1,3,3,17,6,9,,7,5,1,1,,7,8,5,6,3,,8,1,8,2,4,4,2,4,8,5,9,7,2,3,8
1906,,15,2,34,36,15,25,18,2,1,,2,,10,,17,,14,,17,20,,5,,,,19,,32,12,19,17,19,7,13,12,12,14,6,10,13,7,,36,17,,3,16,,4,13,19,15,21,17,43,15,17,10,18,,,8,12,12,28,15,,21,20,,23,,19,30,7,,,17,,,17,22,21,11,18,14,18,14,26,25,4,12,20,20,21,7,14,27,21
1907,,,,35,17,11,21,,,,,,20,21,,,,19,,16,21,,40,3,,1,9,,1,12,,,19,,25,8,1,9,12,21,22,,,19,,,21,,,18,17,1,9,,14,1,12,,,15,,,23,19,,,,,27,,,16,,5,5,,,,,,,24,27,28,,18,,21,1,,20,28,1,25,19,31,,17,,
1908,13,1,12,13,6,3,6,5,30,6,5,7,,3,10,10,5,11,8,3,,9,7,10,,3,4,6,7,2,8,7,9,7,7,15,7,6,5,9,,4,,1,7,5,7,14,11,6,10,14,7,7,14,8,8,8,9,11,15,9,15,7,2,14,7,14,13,,4,3,8,7,7,6,8,7,5,7,2,5,10,5,3,12,11,11,10,7,5,,,3,2,14,12,8,13,8
1909,4,2,7,5,5,3,6,3,8,4,4,5,3,7,4,6,1,6,7,1,5,4,5,7,3,2,4,7,7,8,4,2,5,4,4,6,6,5,6,7,,5,6,6,4,8,2,1,1,2,4,4,8,7,6,7,7,4,6,9,4,7,5,6,6,1,7,1,7,4,7,6,6,2,1,2,6,5,7,6,6,8,6,6,5,2,6,5,9,3,5,4,2,2,5,4,6,6,6,2
1910,11,,3,38,11,7,10,17,8,9,20,7,,4,,15,15,5,,11,13,13,7,9,13,,14,,23,15,12,9,12,7,9,19,12,13,15,4,13,12,,6,1,17,12,9,,15,8,16,13,20,10,7,7,9,6,31,9,13,8,5,28,23,1,,19,11,,25,,5,9,19,,,11,7,,10,13,9,15,17,11,5,7,18,6,9,8,18,2,12,2,19,23,15
1911,6,5,6,6,5,7,9,3,7,5,4,7,2,8,4,6,4,6,7,7,6,8,5,1,5,6,3,6,5,7,7,8,6,6,6,7,7,6,7,8,8,7,5,6,2,2,9,5,5,2,5,9,6,5,1,7,8,4,5,8,6,6,4,1,5,6,9,2,3,9,9,7,7,7,2,5,5,6,8,4,1,8,8,10,2,4,5,8,9,11,4,6,6,10,3,7,5,5,4,7
1912,0,0,0,0,0,0,0,0,0,0,0,0,0,0,0,0,0,0,0,0,0,0,0,0,0,0,0,0,0,0,0,0,0,0,0,0,0,0,0,0,0,0,0,0,0,0,0,0,0,0,0,0,0,0,0,0,0,0,0,0,0,0,0,0,0,0,0,0,0,0,0,0,0,0,0,0,0,0,0,0,0,0,0,0,0,0,0,0,0,0,0,0,0,0,0,0,0,0,0,0
1913,4,16,9,10,7,29,1,10,,10,,,,3,6,13,6,35,12,13,2,5,14,8,2,10,29,1,,12,,,15,,,,10,14,10,,4,1,,,9,,2,16,15,,,3,19,13,10,,23,12,2,12,10,18,3,14,2,,2,,,23,14,13,8,12,10,,,,27,3,9,10,8,14,2,,17,11,13,,,18,6,,,1,15,,,
1914,,,19,,,33,,4,,,,,,,,21,,50,,14,12,,,13,,,40,26,,,,,1,,,,23,24,22,,,9,,,14,,16,23,18,,,19,,21,17,,,24,,17,8,,,,7,6,,,,25,26,,23,13,,,,,11,,,,14,11,,,,,17,,,,,,,17,25,,,
1915,6,8,6,,15,11,12,15,,6,,,,,20,2,9,4,19,12,13,6,16,12,3,24,9,23,2,24,,,11,9,,1,10,10,13,11,8,18,,,4,9,19,22,5,,7,10,4,17,25,,9,23,,5,,,9,8,,,19,,,20,12,25,1,13,18,12,,,10,,13,16,13,1,1,13,7,4,14,11,,8,,,,,9,16,,17
1916,14,13,7,,10,29,4,4,1,9,,,,,9,7,11,34,8,5,15,3,2,7,2,10,26,17,,9,,,14,,,,12,18,8,,,3,,3,7,,3,11,15,,,8,16,11,7,,21,12,,8,18,25,15,12,,,11,,,19,2,10,2,12,1,2,,,20,,11,7,8,15,16,,11,16,14,,,16,,,,8,5,,,
1917,0,0,0,0,0,0,0,0,0,0,0,0,0,0,0,0,0,0,0,0,0,0,0,0,0,0,0,0,0,0,0,0,0,0,0,0,0,0,0,0,0,0,0,0,0,0,0,0,0,0,0,0,0,0,0,0,0,0,0,0,0,0,0,0,0,0,0,0,0,0,0,0,0,0,0,0,0,0,0,0,0,0,0,0,0,0,0,0,0,0,0,0,0,0,0,0,0,0,0,0
1918,1,2,3,3,3,2,3,4,3,3,1,2,1,1,2,4,1,2,3,1,2,3,1,1,2,1,1,1,3,2,2,2,2,1,1,3,3,2,3,4,1,1,3,3,1,3,2,2,2,2,3,1,3,2,2,2,2,1,1,1,2,1,2,2,3,3,3,1,3,3,1,3,2,2,2,2,1,3,2,2,2,3,1,2,3,3,1,3,3,2,1,3,3,1,1,1,2,4,2,4
1919,,,19,,,16,,17,,,,,,,,7,,39,,15,13,,,15,,,37,27,,,,,32,,,,23,14,21,,,3,,,,,17,22,18,,,15,,23,14,,,23,,13,7,,,,11,8,,,,26,27,,16,14,,,,,12,,,,9,9,,,,,20,,,,,,,12,24,,,19
1920,8,7,4,5,5,31,11,8,,8,,,,,8,13,10,19,9,12,17,7,13,9,11,9,29,15,4,3,,,22,3,,,4,20,11,,,13,,,6,,11,14,14,,,9,20,11,1,,26,12,,8,15,21,10,8,,,10,,,22,5,10,7,10,11,,,,19,,9,8,7,15,14,,14,12,9,,,16,,,,10,16,,,7
1921,,,16,,,30,12,10,,,,,,,,20,,47,,19,13,,,9,,,41,27,,,,,30,,,,25,25,21,,,8,,,,,6,21,13,,,14,,15,18,,2,24,2,12,6,,,,5,9,,,,25,25,,22,12,,,3,,3,,,,6,13,,,,,12,,,,,,,18,21,,,20
1922,9,6,6,,18,7,15,15,,5,,3,,,1,22,9,6,19,11,5,7,16,8,1,22,9,21,6,23,,,12,10,,2,5,9,13,14,3,19,,,3,1,20,17,16,,6,9,5,17,26,,8,22,,10,,,9,6,,,20,,,18,10,26,22,12,18,13,,,5,,11,15,12,7,,7,5,14,4,12,,6,,,1,,11,4,,17
1923,8,13,9,,8,17,10,9,,8,,,,2,4,14,11,30,13,13,15,10,17,7,10,10,8,20,,9,,,3,,,,13,16,10,,,12,,,10,,10,13,13,,,9,9,8,19,6,13,6,,7,11,24,11,12,,,12,,2,23,10,8,10,12,12,,,,25,,3,9,5,18,15,,19,12,10,,,17,,,,9,16,,,
1924,1,1,3,5,12,5,8,13,6,8,,,,6,7,4,7,4,8,5,19,,14,11,1,1,9,21,6,,,,25,9,,6,3,1,3,3,7,,1,6,13,1,5,16,5,4,,10,2,22,,,7,,7,16,17,3,7,4,,5,4,5,7,12,4,4,14,3,13,,,1,1,4,6,11,1,,1,7,10,19,12,,,3,3,4,1,,3,,4,2
1925,3,2,1,1,2,3,2,3,3,3,2,2,1,3,2,1,1,2,3,3,4,1,3,3,2,1,3,2,2,1,2,2,3,1,2,2,1,2,3,1,3,2,1,1,1,2,2,2,1,1,2,3,1,1,3,2,2,2,2,1,2,2,2,2,1,2,4,1,2,3,2,3,2,2,3,2,3,3,2,3,3,1,1,1,2,1,2,3,3,1,3,3,2,3,2,2,4,1,2,1
1926,15,12,11,,1,27,6,10,,7,,,,,12,14,11,24,9,2,18,3,5,5,9,11,19,17,,3,,,22,,,,13,9,9,,,5,,,6,,13,13,12,,,8,3,12,3,,25,11,,7,15,22,3,15,,,12,,,23,9,11,9,8,13,,,7,17,,11,10,6,2,16,,18,12,6,,,14,,1,,9,19,,,
1927,,,20,,,13,1,17,,12,,,,,,17,,48,,18,10,,12,16,,,41,26,,,,,31,,,,24,24,24,,,7,,,,,20,23,18,,,16,,15,12,,1,21,,15,8,,,,8,8,,,,2,26,,13,17,,,,,10,,,,13,9,,,,,19,,,,,,,17,26,,,
1928,,,13,,,31,,12,,,,,,,,19,14,1,,16,9,,11,10,,,37,22,,,,,25,,,,25,25,15,,,11,,,,,13,22,16,,,17,,17,17,,,22,,11,9,,,,8,8,,,,23,14,6,13,17,,,,,2,,,,7,12,,,,,19,,,,,,,14,22,,,
1929,1,2,1,1,2,1,2,3,3,1,2,1,2,1,3,2,2,1,3,2,2,1,3,1,3,1,1,3,4,4,2,3,3,3,2,3,3,4,1,1,1,1,1,2,1,1,2,2,2,2,4,3,2,2,2,3,1,2,3,1,1,1,3,2,2,3,3,1,1,3,1,1,4,2,3,1,2,3,3,2,3,3,3,1,1,2,1,1,2,1,2,2,3,2,3,1,1,2,3,3
1930,14,5,8,,14,9,11,1,1,3,,,,,19,10,5,10,20,7,16,1,8,1,13,23,8,21,,18,,,7,6,,9,11,8,12,9,6,15,,,9,6,15,16,11,1,4,4,7,16,20,,6,22,,11,23,,1,3,,,15,1,6,16,14,2,23,6,19,6,,,13,,8,8,10,4,,12,7,13,10,3,,6,1,,,,11,1,,14
1931,,,18,,,34,,16,,,,,,,,21,,45,,17,13,,10,16,,,36,25,,,,,30,,,,26,26,21,,,10,,,,,17,23,15,,,17,,22,13,,,21,,16,8,,,,12,10,,,,31,15,,23,18,,,,,10,,,,12,14,,,,,14,,,,,,,16,25,,,
1932,14,13,9,,13,31,12,8,,8,,,,,8,7,11,36,7,14,12,10,13,7,10,9,29,8,,8,,,18,,,,2,19,8,,,7,,,8,,11,11,14,,,5,20,8,18,,25,7,,5,16,20,15,14,,,7,,,23,4,5,6,11,8,,,7,25,,13,6,2,5,16,,22,10,13,,,17,1,4,,3,17,,,
1933,2,6,2,,2,2,18,16,,10,,,,,21,19,7,9,20,11,9,3,19,9,3,21,8,19,,1,,,11,4,,8,13,10,9,6,1,18,2,,9,12,20,1,13,,6,6,8,18,26,,8,23,,5,,,8,8,,,16,,,17,8,27,12,13,18,12,,,2,,10,1,8,7,,7,7,21,13,11,,7,,,,,11,14,,7
1934,13,2,8,,6,10,15,14,,2,,,,,12,17,12,7,18,5,1,7,18,1,13,2,12,23,,23,,,18,7,8,10,11,9,13,11,4,17,,,8,5,21,23,3,,3,10,2,10,25,,10,24,,9,1,,3,6,,,15,,,19,13,27,17,10,15,5,,,15,6,10,5,8,4,1,18,2,13,14,13,,7,,,,,7,,,19
1935,,,16,,,27,,16,,,,,,,,20,,49,,16,12,,,14,,,40,27,,,,,3,,,,16,19,19,,,11,,,,,18,23,17,,,17,,23,18,,,16,,17,2,,,,9,9,,,,30,24,,18,17,,,,,11,,,,7,14,,,,,13,,,,,,,19,24,,,
1936,14,1,3,,18,7,17,14,,9,,,,,6,23,9,7,19,10,12,11,21,2,12,1,3,24,,24,,,3,1,,6,2,5,8,1,,16,,2,6,4,22,20,12,,1,12,4,16,23,,8,21,,9,,,6,5,,2,18,,3,20,12,26,23,11,14,4,,,14,,8,1,11,8,,4,6,14,12,7,,9,,,,,9,17,1,6
1937,12,1,5,,18,2,1,17,,11,,,,,19,21,2,7,20,2,2,8,18,12,2,1,1,24,,1,,,15,11,1,10,1,13,14,13,1,21,,,3,9,1,1,1,,1,11,1,17,1,,6,1,,6,2,27,6,7,1,,18,,,1,1,27,23,1,18,1,,2,12,,13,16,3,5,,16,3,4,1,1,,1,1,,,1,12,1,1,6
1938,0,0,0,0,0,0,0,0,0,0,0,0,0,0,0,0,0,0,0,0,0,0,0,0,0,0,0,0,0,0,0,0,0,0,0,0,0,0,0,0,0,0,0,0,0,0,0,0,0,0,0,0,0,0,0,0,0,0,0,0,0,0,0,0,0,0,0,0,0,0,0,0,0,0,0,0,0,0,0,0,0,0,0,0,0,0,0,0,0,0,0,0,0,0,0,0,0,0,0,0
1939,13,14,6,,10,28,7,6,,7,,1,,,7,13,12,36,9,14,16,10,16,8,2,3,29,14,,10,,,24,,,,12,14,11,,,10,,,6,,11,15,10,,,9,20,12,17,,28,2,,9,20,7,13,11,8,,12,2,,21,8,12,10,8,12,,,,26,,12,1,6,16,16,,15,14,10,,,1,,,,10,21,,,1
1940,15,14,11,,10,29,10,9,,9,,,,,9,4,9,34,11,13,10,7,14,8,8,8,29,17,,10,,5,10,,,,1,19,8,,,10,,,5,,13,14,16,,,8,19,12,17,,16,13,,11,12,26,13,11,,,10,,,24,12,12,1,12,11,,,5,21,,9,7,5,9,15,,18,11,13,,,20,1,,,9,19,,,
1941,0,0,0,0,0,0,0,0,0,0,0,0,0,0,0,0,0,0,0,0,0,0,0,0,0,0,0,0,0,0,0,0,0,0,0,0,0,0,0,0,0,0,0,0,0,0,0,0,0,0,0,0,0,0,0,0,0,0,0,0,0,0,0,0,0,0,0,0,0,0,0,0,0,0,0,0,0,0,0,0,0,0,0,0,0,0,0,0,0,0,0,0,0,0,0,0,0,0,0,0
1942,2,2,4,1,2,1,1,2,3,1,1,2,1,3,2,3,2,4,3,2,2,1,1,1,3,1,1,4,1,2,3,3,1,2,4,2,1,1,1,1,1,3,3,1,1,3,1,4,1,2,2,1,3,2,2,4,3,3,2,3,1,1,1,2,2,2,2,2,4,2,1,5,2,1,2,2,3,2,3,3,2,1,1,2,1,1,2,3,1,4,4,2,1,1,2,2,2,1,6,4
1943,0,0,0,0,0,0,0,0,0,0,0,0,0,0,0,0,0,0,0,0,0,0,0,0,0,0,0,0,0,0,0,0,0,0,0,0,0,0,0,0,0,0,0,0,0,0,0,0,0,0,0,0,0,0,0,0,0,0,0,0,0,0,0,0,0,0,0,0,0,0,0,0,0,0,0,0,0,0,0,0,0,0,0,0,0,0,0,0,0,0,0,0,0,0,0,0,0,0,0,0
1944,14,15,8,,11,14,10,11,,5,,,,,13,13,11,14,14,16,16,3,17,7,12,12,16,20,3,10,,10,14,,,,1,16,9,,,12,,2,9,,8,13,16,,,6,13,1,4,5,16,8,,1,15,26,13,14,,,1,,,20,10,13,10,11,11,13,,,25,,10,10,7,15,2,,19,22,13,,,10,,,,7,18,,,
1945,16,13,3,4,11,22,1,8,,9,,,,,9,14,10,33,10,11,18,9,14,7,11,10,7,17,,8,,,25,,,,13,17,8,,,9,,,2,,15,13,12,,,8,20,6,19,,21,10,,9,19,25,9,11,,,11,,,18,8,11,8,9,12,,,,24,,10,2,6,16,13,,17,4,13,,1,2,1,,,9,7,,,
1946,0,0,0,0,0,0,0,0,0,0,0,0,0,0,0,0,0,0,0,0,0,0,0,0,0,0,0,0,0,0,0,0,0,0,0,0,0,0,0,0,0,0,0,0,0,0,0,0,0,0,0,0,0,0,0,0,0,0,0,0,0,0,0,0,0,0,0,0,0,0,0,0,0,0,0,0,0,0,0,0,0,0,0,0,0,0,0,0,0,0,0,0,0,0,0,0,0,0,0,0
1947,12,11,10,,6,28,8,3,10,7,,,,,10,11,8,34,10,6,16,7,14,2,4,2,24,18,,11,2,,24,,,,12,16,1,,,6,,,6,,10,1,12,,,7,17,3,9,,25,14,3,7,17,25,12,16,,,11,,,20,11,7,6,12,12,,,,26,,10,6,7,14,16,,19,14,13,,,18,,,,9,18,,,
1948,13,13,9,,1,29,10,9,,4,,,,,8,6,10,24,12,12,3,8,14,8,12,1,28,1,,6,,1,6,,,,13,5,11,,,11,,,10,,15,12,6,,,1,16,11,19,,28,13,,1,17,18,4,14,,,9,,,13,10,9,9,10,11,,,,23,,9,5,6,4,17,,19,11,12,2,,18,,,,7,21,,,
1949,4,3,2,,15,5,17,12,,1,,,,,18,18,11,5,16,4,10,8,18,11,14,24,10,6,,22,,,20,3,,3,1,7,12,14,,20,,,7,12,23,26,14,,7,12,8,19,20,,5,3,2,11,,22,5,7,,1,17,,,18,10,26,23,13,19,9,4,,13,1,1,11,5,5,,4,1,20,9,5,1,7,2,,,,13,17,,17
1950,,,19,,,34,,17,,,,,,,,20,,47,,13,15,,,15,,,35,25,,,,,31,,,,22,26,21,,,9,,,15,,18,20,17,,,17,,20,2,,,22,,16,8,,,,1,10,,,,28,26,,24,19,,,,,8,,,,13,13,,,,,18,,,,,,,15,26,,,
1951,,,18,,,33,,15,,,,,,,,20,,41,,17,10,,,10,,,37,14,,,,,30,,,,25,23,20,,,5,,,,,18,20,17,,,16,,20,9,,,21,,16,7,,,,4,12,,,,28,24,,20,16,,,,,12,,,,15,9,,,,,2,,4,,,,,17,24,,,19
1952,11,13,2,,11,4,4,5,,3,,,,6,4,3,13,33,9,8,18,9,17,2,5,10,24,17,1,8,1,3,25,12,,,6,14,7,,2,13,,4,8,,12,15,12,,,7,19,11,15,,7,4,,6,18,25,1,15,,,11,,,21,2,12,2,12,12,,,,26,,4,5,3,17,4,,17,10,12,,3,16,,,,3,6,,,
1953,4,3,2,2,3,1,1,1,1,1,2,1,3,1,2,4,1,3,1,3,1,1,1,2,2,3,1,3,4,2,1,2,1,2,3,5,1,1,1,2,1,1,3,1,3,1,4,2,3,2,3,3,2,1,2,2,3,1,2,1,2,3,2,1,2,3,2,3,2,2,2,3,1,1,1,1,1,3,2,1,1,4,2,3,1,1,3,2,1,2,2,2,2,1,1,5,1,1,2,1
1954,17,15,11,,10,29,8,4,,8,,,,,12,6,7,33,11,12,18,3,14,7,13,9,29,15,,10,,,2,,,,10,18,6,,,8,,,8,,11,13,17,,,6,18,14,8,,25,15,,11,16,23,14,17,,,9,,,21,12,11,11,13,12,,,,1,,10,5,6,12,10,,18,7,12,,,19,,,,6,15,,,
1955,6,13,10,3,4,30,7,1,,7,,,,,1,13,10,30,10,3,18,9,12,10,10,10,10,16,,10,3,,23,,,,7,18,1,,,12,,,7,,7,16,14,,,7,7,14,17,,20,11,,8,16,23,10,11,,,10,,,21,10,10,5,12,3,,,,23,,10,5,4,16,15,2,17,13,12,,,14,,,,8,19,,,
1956,2,8,1,,4,5,2,,7,13,2,,3,2,2,15,,5,4,1,4,3,3,3,13,22,12,24,1,,2,,3,6,6,,18,12,1,1,,16,3,,9,2,1,25,4,,,1,10,2,4,,,4,6,13,,6,11,1,,,17,2,2,3,8,2,3,,7,9,,1,7,,15,,,2,19,12,8,,14,15,,6,4,2,,,8,16,6,2
1957,,,20,,,33,,18,,,,,,,,20,,46,,19,2,,,15,,,41,25,,,,,30,,,,21,25,22,,,6,,,,,17,24,18,,,18,,20,18,,,24,,12,3,,,,7,9,,,,28,1,,24,15,,,,,9,,,,11,12,,,,,14,,,,,,,16,26,,,
1958,,,16,,,16,,16,,,,,,,,20,,40,,17,13,,,10,,,41,27,,,,,31,,,,19,22,20,,,6,,,,,21,19,12,,,18,,18,15,,,23,,13,6,,,,1,9,,,,31,25,,23,18,1,,,,12,,,,1,15,,,,,20,,,,,,,18,23,,,
1959,10,10,9,,4,21,10,6,,8,,,,,11,10,7,34,9,15,16,2,12,8,8,5,26,13,,7,,8,23,,,,14,15,6,,,12,,,9,,14,14,15,,,5,16,13,19,,20,14,,11,18,24,13,4,,,11,,,21,10,11,7,14,8,,,,19,,11,8,7,13,13,,17,12,3,,,17,,,,7,21,,,
1960,13,2,6,,18,10,18,15,,7,,,,,16,21,9,7,16,7,9,6,3,12,14,22,12,2,,21,,,17,7,,10,8,7,10,10,,19,,,5,9,17,23,12,,6,10,3,20,25,,2,23,,10,,,8,6,,,15,,,21,7,23,22,13,11,12,,,9,,13,15,10,4,,7,4,19,6,13,,7,,,,,12,9,,15
1961,3,11,11,,1,7,4,,3,1,4,,6,3,19,15,,1,1,3,2,5,19,1,10,18,13,23,,,,,5,2,4,3,2,16,3,5,1,13,3,,11,,4,17,2,,6,2,14,6,4,,21,4,6,11,,1,13,,,,19,5,2,3,10,1,2,15,3,5,,,9,,10,,7,4,17,17,6,1,16,8,3,6,6,3,,,21,16,3,1
1962,2,2,2,3,2,1,1,4,3,1,2,3,2,2,1,1,3,2,1,2,1,3,2,2,1,2,2,2,4,2,1,1,1,1,1,1,3,1,2,3,2,3,2,2,2,2,3,3,3,4,2,4,3,2,2,2,2,3,1,1,1,2,3,1,1,1,4,1,3,3,1,3,2,3,3,3,1,3,2,1,2,2,1,2,2,2,2,3,1,3,1,2,1,2,1,2,3,2,2,2
1963,2,3,1,2,1,2,1,4,2,1,2,3,3,4,1,3,1,2,3,1,2,1,1,1,1,2,1,2,1,2,2,1,3,4,1,3,1,1,2,4,1,2,1,3,2,2,1,1,2,3,4,1,1,2,1,1,3,3,2,1,2,1,3,2,3,1,1,2,1,3,2,3,3,3,4,3,2,1,1,1,2,1,2,1,1,2,1,1,1,4,2,2,3,3,1,1,1,4,1,3
1964,15,7,6,,4,10,10,8,,5,,,,,20,14,2,11,12,16,13,5,17,10,5,14,15,3,,11,,,13,8,,10,11,10,9,16,,18,,,10,,12,4,9,,4,2,2,10,20,,15,5,,2,12,,10,9,,,12,,,22,5,12,10,11,12,13,,,15,4,13,7,6,6,3,,20,13,14,12,,16,,2,,12,16,,,
1965,3,5,5,,5,11,12,13,,6,,,1,,20,14,11,10,13,17,10,8,19,9,10,20,14,20,,8,,,4,8,,5,3,13,7,12,,17,,,3,,19,1,14,,4,8,3,14,18,,7,14,1,12,,,10,6,,,8,,,21,6,2,21,13,9,6,,,15,,7,8,14,4,16,13,3,13,14,9,,10,,,3,13,14,18,,11
1966,1,1,4,2,4,1,1,5,2,2,2,2,1,2,2,2,2,2,1,2,2,3,2,3,3,3,4,4,3,3,2,2,1,2,1,2,1,17,3,2,3,1,1,1,1,1,1,2,3,1,1,3,2,3,1,3,1,1,2,3,1,4,3,2,3,4,3,2,1,3,3,2,2,3,1,2,1,1,3,2,3,1,1,1,3,2,3,3,1,1,1,3,2,1,3,4,3,2,1,3
1967,,1,7,1,1,1,1,14,1,21,1,22,1,20,,1,,1,,1,,1,1,1,,1,1,1,1,1,1,,7,3,1,1,1,1,1,5,1,14,1,1,1,18,1,26,,1,13,1,1,1,1,1,1,8,19,1,1,,1,1,26,1,1,,1,1,,25,1,1,,1,1,3,,,1,,23,1,,1,1,1,10,1,1,1,1,1,1,1,1,46,1,27
1968,,,15,,,34,,1,,,,,,,,16,,44,,11,10,,,13,,,40,25,,,,,29,,,,14,19,21,,,10,,,13,,13,19,14,,,11,,20,18,,,19,,9,8,24,,,2,7,,,,27,14,14,16,18,,,,,11,,,,13,8,,,,,15,,,,,,,11,25,,,
1969,12,3,12,1,10,30,5,10,,3,,,1,,7,13,9,32,3,12,16,5,1,9,2,4,26,15,,1,,10,4,,,1,13,2,13,,,1,,2,2,,1,14,9,,1,9,1,13,19,,27,1,,1,19,3,1,13,1,,10,2,,14,1,3,7,1,8,,,1,26,,12,10,2,1,13,,16,1,1,1,3,18,,,,4,1,,,10
1970,7,11,5,,9,19,8,9,,9,,,,,3,14,10,35,5,14,17,8,16,7,11,8,29,19,,10,,,26,,,,4,14,11,,,11,,,3,,12,15,13,,,5,19,7,5,,8,13,,9,19,26,14,15,4,,13,,,20,12,3,9,12,12,,,,24,,10,8,6,16,17,,16,12,14,,,18,,,,6,16,,,
1971,3,2,2,2,3,1,3,3,2,3,1,1,3,1,2,2,3,1,3,2,1,1,3,1,3,1,2,2,4,2,2,2,2,3,2,2,2,2,2,1,5,2,4,3,3,1,2,3,1,3,2,2,2,1,1,4,1,1,3,3,1,2,2,1,2,1,2,2,2,2,2,2,3,2,3,2,2,2,3,1,4,2,2,3,2,2,1,3,1,1,3,1,3,2,2,1,2,2,1,3
1972,17,14,20,,,32,,16,,,,,,,,16,,35,,17,10,9,,1,,,36,21,,15,,,27,,,,19,25,14,,,5,,,,,18,23,9,,,14,,18,15,,,16,,13,5,,,,2,4,,,,32,14,,22,14,,,,,8,,,,15,10,17,,,,16,,,,,,,18,22,,,
1973,,17,15,,,12,11,14,,,,,,,,17,,48,,15,12,,,15,,,38,20,,,,,26,,,,23,24,20,,,8,,,9,,16,15,20,,,18,,16,6,,,25,,10,12,,,,9,8,,,,29,26,,22,12,,,,,11,,,,13,11,,,,,3,,,20,,,,18,24,,,
1974,17,2,9,1,13,30,1,9,,9,,4,,,22,15,3,17,13,11,3,6,16,7,11,1,1,1,4,4,,9,2,10,,1,4,2,10,1,,15,,,11,,14,6,5,,1,1,3,14,1,,17,6,,5,14,24,11,12,,,1,,,22,3,2,11,12,13,7,,,5,7,9,5,7,7,3,6,21,1,16,1,1,2,3,3,,13,2,,,
1975,1,7,5,,17,8,18,15,,9,6,,,,2,7,11,5,18,12,15,9,20,12,13,22,9,21,,24,,,14,9,,3,,12,11,12,2,15,,,11,5,20,21,12,,4,12,6,17,22,,5,20,,10,,,10,5,,,15,,7,23,11,15,24,10,19,4,,,15,,5,9,13,7,,16,4,15,11,10,,8,,,,,6,17,,14
1976,9,,12,,,32,,3,,,,,,,14,15,,22,,17,7,,,12,,,28,23,,,,,31,,,,24,24,21,,,11,,,14,,15,25,4,,,13,18,17,16,,,20,,15,9,,,,11,9,,,,30,22,,2,17,12,,,,3,,,1,12,14,15,,,,17,,,,,,,3,24,,,
1977,12,3,1,,5,13,12,9,,8,,,,,16,12,3,13,16,2,17,7,18,10,2,14,1,20,,1,8,2,15,13,,,6,13,7,9,,19,6,,3,,2,3,10,,1,7,8,16,13,,19,12,,4,14,22,5,14,9,,13,,,17,6,13,10,6,13,3,,4,6,5,13,1,7,7,18,,11,16,15,,9,17,2,,,2,16,,,
1978,11,5,9,,17,7,1,14,,8,,,3,,4,23,7,5,20,1,13,10,21,4,2,21,1,23,,26,,,2,9,,1,11,4,8,12,,17,,,1,1,1,21,13,,3,12,8,19,25,,7,21,,8,,21,8,1,,,17,,2,21,10,16,22,15,21,5,,,15,,6,5,4,7,,17,7,3,4,5,1,8,,,,,1,3,,7
1979,1,1,2,1,2,1,3,3,4,1,2,3,2,1,4,2,2,1,2,3,1,1,2,2,3,2,1,3,3,2,2,3,1,3,3,3,2,1,2,2,2,3,4,2,1,2,2,4,2,2,1,3,2,1,2,1,1,3,2,2,1,2,2,1,2,3,1,1,2,2,3,1,2,2,2,2,1,2,4,1,1,2,1,3,2,1,3,3,1,3,4,4,1,4,1,3,2,2,3,4
1980,,,14,,,26,,4,,,,,,,,21,,46,,18,13,,4,15,,,43,16,,,,,30,,,,27,22,23,,,1,,,,,15,13,16,,,9,,18,16,,,25,,14,4,,,,2,10,,,,29,26,,25,17,,,,,12,,,,15,11,,,,,17,,,21,,,,15,25,,,2
1981,16,12,8,,2,19,11,7,4,3,,,,,1,13,6,33,10,15,17,8,4,6,8,7,29,16,1,10,,,24,,,,11,15,8,,,11,,,7,,12,9,14,,,4,20,14,12,,25,14,,11,17,25,16,14,,,11,1,,22,5,12,8,13,10,,,,25,,9,9,5,7,16,,18,13,7,,,15,,,,11,16,,,
1982,2,9,1,2,1,7,6,4,3,5,2,,,,9,1,1,7,5,4,5,1,15,10,4,7,6,16,,11,1,,26,,,3,9,6,4,,1,,4,,7,3,3,15,6,,,10,4,13,16,,4,14,,7,2,24,5,7,1,5,11,7,,21,4,1,5,3,12,,,1,23,5,7,7,4,15,3,,8,11,8,5,,16,5,,1,11,5,,6,
1983,0,0,0,0,0,0,0,0,0,0,0,0,0,0,0,0,0,0,0,0,0,0,0,0,0,0,0,0,0,0,0,0,0,0,0,0,0,0,0,0,0,0,0,0,0,0,0,0,0,0,0,0,0,0,0,0,0,0,0,0,0,0,0,0,0,0,0,0,0,0,0,0,0,0,0,0,0,0,0,0,0,0,0,0,0,0,0,0,0,0,0,0,0,0,0,0,0,0,0,0
1984,4,1,3,2,1,1,1,1,1,3,1,2,3,3,2,2,3,4,1,2,3,3,2,2,3,3,3,3,4,3,1,2,3,4,3,1,1,4,2,1,1,3,4,3,2,2,1,2,2,1,2,2,2,3,1,2,3,3,2,1,3,2,1,3,2,2,2,3,1,2,2,1,1,1,3,2,1,3,1,3,2,2,3,1,1,1,1,2,2,3,2,1,2,1,3,3,1,1,3,3
1985,0,0,0,0,0,0,0,0,0,0,0,0,0,0,0,0,0,0,0,0,0,0,0,0,0,0,0,0,0,0,0,0,0,0,0,0,0,0,0,0,0,0,0,0,0,0,0,0,0,0,0,0,0,0,0,0,0,0,0,0,0,0,0,0,0,0,0,0,0,0,0,0,0,0,0,0,0,0,0,0,0,0,0,0,0,0,0,0,0,0,0,0,0,0,0,0,0,0,0,0
1986,2,3,1,2,2,2,2,4,1,1,2,3,2,3,2,1,3,3,2,2,2,2,2,2,4,1,2,3,4,1,1,3,2,1,2,3,3,2,3,3,2,1,1,1,3,2,3,1,2,2,2,1,1,1,1,3,4,2,2,2,3,1,1,1,2,2,2,1,1,2,1,3,3,2,1,2,2,3,1,2,1,2,2,2,2,2,3,1,1,2,4,2,3,2,3,2,2,2,2,2
1987,14,3,8,3,5,1,9,10,,4,,,,,10,11,12,33,10,14,16,9,15,9,2,5,17,17,,4,,,18,1,,,11,13,12,,,12,,,4,,6,9,9,,,9,19,12,16,,25,13,5,9,18,25,12,16,,,8,,,16,12,5,8,9,3,,,,23,,10,4,6,15,17,,3,15,13,,1,13,,2,,8,11,,,7
1988,3,16,7,4,13,8,7,12,5,6,,,,11,7,7,8,6,6,2,,,22,11,10,7,8,21,5,,,,22,8,,7,9,9,5,5,6,,5,5,12,6,4,,8,6,,9,1,13,,,6,,6,15,16,3,6,5,,,,13,6,11,7,3,14,2,17,,,4,24,4,6,10,8,,7,5,9,18,11,1,,19,,,10,,2,,4,
1989,2,3,3,2,1,2,3,3,2,2,2,1,1,3,1,2,3,2,1,3,3,2,1,1,1,1,1,2,2,1,2,1,3,3,2,3,1,4,1,2,1,3,2,1,2,1,1,3,1,1,1,3,3,2,1,1,1,3,1,3,1,2,1,1,3,3,1,1,3,1,1,1,1,2,2,1,3,3,3,3,3,3,2,2,2,1,1,1,1,1,2,1,3,1,1,2,1,3,2,4
1990,15,8,8,,1,8,14,14,,9,1,,1,1,3,23,10,7,2,10,11,9,22,11,14,23,8,23,,22,,,1,9,,5,13,7,6,14,,2,,1,7,2,21,19,12,,5,11,6,18,25,,7,22,,7,,,8,5,,,16,,6,21,14,15,23,13,14,11,,,15,,7,2,4,6,,14,4,21,3,10,,7,,,,,7,3,,5
1991,,,19,,,36,,16,,,,,,,,17,,48,,17,8,,16,13,,,42,23,,,,,31,,,,16,26,20,,,8,,,,,18,22,16,,,17,,21,17,,,21,,15,3,,,,8,7,,,,31,26,,24,18,,,,,12,,,,14,12,,,,,17,,,,,,,18,26,,,
1992,8,15,8,3,14,2,8,12,5,10,,,4,9,13,7,7,4,7,5,,,20,14,14,5,5,22,,,,,25,2,,5,10,7,4,8,7,,8,6,12,3,4,,6,1,,8,3,21,,,3,,1,13,1,6,5,4,,,,13,7,5,8,6,13,1,18,,,7,28,1,6,13,12,,6,4,25,15,12,,,4,,,2,,5,7,1,
1993,0,0,0,0,0,0,0,0,0,0,0,0,0,0,0,0,0,0,0,0,0,0,0,0,0,0,0,0,0,0,0,0,0,0,0,0,0,0,0,0,0,0,0,0,0,0,0,0,0,0,0,0,0,0,0,0,0,0,0,0,0,0,0,0,0,0,0,0,0,0,0,0,0,0,0,0,0,0,0,0,0,0,0,0,0,0,0,0,0,0,0,0,0,0,0,0,0,0,0,0
1994,15,14,11,,11,30,9,10,,2,,1,,,7,12,10,32,7,14,13,2,9,9,5,10,28,11,,10,,,21,,,,11,1,11,,,6,,,6,4,13,10,9,,,2,16,13,19,,25,9,,3,13,24,10,10,,,10,,,22,12,7,8,8,13,,,1,26,,10,4,4,15,15,,18,12,12,,1,19,1,,,8,18,,,
1995,,,16,,,34,,14,,,,,,,,17,,47,,12,1,,,15,,,36,24,,,,,31,,,,25,24,21,,,10,,,,,18,26,17,,,16,,21,11,,,20,,14,6,,,,8,11,,,,28,24,,24,19,,1,,,2,,,,15,12,,,,,18,,,,,,,10,24,,,
1996,8,9,10,5,,14,1,2,7,1,2,,1,3,5,3,4,2,6,9,13,2,5,2,7,7,12,,2,1,2,1,2,2,1,,,17,3,15,2,,2,2,5,8,1,2,11,1,,11,2,1,1,2,2,,1,3,12,2,,5,2,1,5,7,4,1,7,11,2,11,2,5,8,,1,1,3,2,1,10,17,2,2,5,1,2,1,9,1,1,3,1,8,3,,21
1997,1,2,2,1,2,4,1,5,4,2,2,1,3,2,3,2,3,1,2,1,3,1,2,1,1,2,3,1,1,1,1,2,1,3,1,1,1,1,2,1,2,2,1,3,3,1,2,1,1,2,3,1,3,2,2,1,4,3,2,1,2,2,2,2,1,2,4,3,3,2,6,1,2,4,1,1,1,1,1,1,2,4,2,1,1,1,3,1,2,1,1,1,2,1,1,3,2,2,3,2
1998,,,18,,,27,,16,,,,,,,,17,,1,,16,12,,,16,,,34,21,,,,,31,,,,27,24,16,,,10,,,,,10,24,17,,,16,2,20,16,,,14,,12,7,,,,7,12,11,,,30,27,,22,17,,,,,9,,,,14,15,,,,,18,,,,,,,15,27,,,
1999,,,1,,,30,,2,,,,,,,,16,,43,,12,11,,15,15,,,41,13,,1,,,30,,,1,25,20,22,,,10,,,,,13,14,15,,,17,,20,1,,,22,,16,6,,,,5,10,,,,30,19,13,24,18,,,,,1,,,,14,12,,,,,17,,,,,,,1,25,,,
2000,,,20,,,14,,14,,,,,,,,18,,46,,11,10,,,14,,,29,28,,,,,30,,,,18,25,10,,,6,,,,,16,15,19,,,14,,21,18,,,15,,16,6,,,,9,7,12,,,29,26,,21,17,,,,,3,,,,1,14,,,,,18,,,,,,,16,25,,,
2001,,,17,,,34,,2,,,,,,,,19,,46,,19,11,,1,15,,,42,26,,,,,30,,,,15,21,21,,,8,,,,,18,23,19,,,11,,20,19,,,24,,18,3,,,,12,9,,,,25,18,,21,18,,,,,3,,,,14,13,,,,,16,,,,,,,16,24,,,
2002,11,12,9,,4,29,3,6,,10,,,,,2,10,11,2,10,15,16,10,1,9,7,1,27,1,,10,,9,23,,,,10,17,9,,,2,,,8,,11,15,12,,1,9,18,5,17,,23,9,,6,20,25,13,15,,,9,,,22,5,11,8,9,10,,,,14,,11,4,7,7,15,,18,2,13,,,20,,,,10,21,,,
2003,15,1,6,,9,25,9,1,,10,,,,,11,2,11,35,10,14,15,8,16,4,9,9,30,17,,4,,,25,,,,7,13,6,,,12,,,8,,10,14,12,,,9,17,1,20,,24,3,,7,18,24,14,11,,,12,,,22,2,9,6,5,12,,,,24,,9,8,8,13,14,,17,15,13,,,16,,,,10,18,,,
2004,,,15,,,14,,15,,,,,,,,16,,46,,17,13,,16,13,,,39,25,,,,,28,,,,23,25,20,,,8,,,,,17,19,14,,,12,,20,14,,,19,,16,7,,,,2,11,,,,27,27,,24,19,,,,,9,,,,13,14,,,,,15,,,,,,,16,22,,,
2005,2,1,2,3,1,3,2,2,3,1,3,2,5,4,3,1,1,1,2,1,2,2,3,1,2,1,2,3,4,3,1,2,2,2,2,2,1,2,1,2,3,2,1,1,1,1,1,2,1,4,3,1,2,2,3,2,1,1,3,2,2,1,1,1,4,2,1,3,1,2,2,1,2,2,2,1,2,3,2,2,1,1,1,3,1,3,3,2,1,2,1,2,3,3,2,1,3,2,2,2
2006,,,18,,,29,,17,,,,,,,,16,15,46,,17,11,,,13,,,42,26,,,,,29,,,,23,21,20,,,10,,,,,19,23,15,,,17,,21,17,,,22,,18,7,,,,8,6,,,,30,20,,17,17,1,,,,10,,,,14,13,,,,,20,,,,,,,16,23,,,
2007,14,9,12,,9,19,5,9,,4,4,,,,2,2,9,32,12,5,3,1,11,1,1,10,4,2,,7,,4,22,,,,1,13,6,2,,2,,,6,,10,1,6,,,6,19,3,20,2,2,1,,8,4,23,12,4,,4,1,,,13,4,6,6,3,6,,4,3,1,,7,6,5,16,15,,17,11,3,,,5,,,,7,16,,,
2008,3,4,7,,15,12,1,13,,8,,,,,9,20,6,2,1,14,4,8,19,10,7,5,11,7,1,12,,,10,10,1,7,10,1,14,9,4,20,,,5,12,21,15,14,,1,10,6,19,8,,1,15,,11,,1,9,1,,,18,,,21,7,20,20,10,1,1,,1,10,,13,13,8,6,,17,3,1,14,10,,6,,,,,11,17,,3
2009,,,14,,,33,,3,,,,,,,,19,,34,,13,11,10,15,8,,,35,25,,12,,,30,,,,6,24,20,,,9,,,,,4,17,18,,,8,,16,16,,27,23,,18,8,,,,6,10,,,,23,24,,1,12,13,,,,8,1,,,15,14,,,,17,17,,1,,,,,18,22,,,
2010,12,13,10,1,10,31,8,8,,9,,,,,12,5,11,33,8,13,14,11,9,8,1,6,25,18,,2,,,1,,,,11,18,10,,,9,,,9,,11,2,15,,,7,20,1,19,,26,15,,9,19,24,15,16,,,3,,,21,3,11,5,10,12,,,,26,,10,1,5,7,16,,20,15,14,,,4,,,,10,17,,,
2011,,,19,,,27,,15,,12,,,,,,18,,36,,18,9,,,12,,,38,18,,,,,31,,,,24,24,21,,,4,,1,,,15,24,18,,,19,,20,18,,,24,,15,5,,,,4,10,,,,31,20,,23,17,14,,,,11,,,,14,12,,,,,17,,,,,,,16,25,,,
2012,,15,13,,,35,,1,,11,,,,1,,18,,48,,17,8,,14,15,1,,41,18,,,1,,29,,,,23,24,13,,,11,,,13,,15,24,20,,,15,,19,8,,,21,,15,2,1,,,6,1,,,,28,25,,23,18,,,,,4,,,,15,11,,,1,,17,,,,,,,13,23,,,3
2013,,15,14,,,1,13,13,,,,,,,,17,14,48,,15,10,10,12,10,,,1,23,,,,1,28,,,,20,25,16,2,,11,,,,1,7,18,17,1,,9,,17,17,,,21,,13,7,27,,,2,7,,,,30,25,7,13,15,,,,,3,,,,16,11,,,,,17,,,,,,,19,23,,,
2014,,,19,,,33,1,15,,,,,,,,21,16,1,,18,6,,,15,,,29,17,,18,,,31,1,,,24,23,22,,,10,,,,,18,21,16,,,18,,19,1,,,26,1,1,6,,,,11,10,,,,27,18,,24,18,,,,,11,1,,,13,9,,,2,,20,,1,,,,,16,26,,1,1
2015,11,2,7,,17,1,1,17,,11,,,1,3,18,21,1,5,19,3,1,8,19,12,1,24,3,24,,23,,,15,10,,11,3,12,14,12,7,20,,,1,9,20,28,1,,1,10,2,19,1,,7,3,1,7,1,,1,6,,,18,,,20,10,26,22,1,19,9,,,13,,15,13,4,1,,15,2,5,1,1,,10,,,,1,11,7,2,6
2016,,,19,,,33,,18,,,,,,,,16,,46,,19,11,,,14,1,,40,26,,,,,32,,,,26,26,1,,,10,,,,,11,20,19,,,16,,21,13,,,21,,15,7,,,,11,3,,,,28,1,,23,13,,,,,10,,,7,13,15,,,,,1,,,,1,,,14,26,,,
2017,2,13,9,4,,13,2,4,,,,3,,4,12,2,8,2,4,7,12,2,3,3,8,14,10,,2,4,4,2,3,1,3,,,18,4,18,3,,1,,6,6,2,1,3,1,,10,13,3,1,,2,8,,2,13,3,,3,,9,4,6,3,21,8,12,1,12,2,4,9,,3,2,4,12,7,1,19,,1,4,,1,,8,1,,2,2,7,2,,20
2018,,14,13,,10,30,,3,,,,,,,,14,,49,,14,10,,,15,,,35,25,,,,,28,,,,25,24,22,,,7,,,,,13,18,19,,,16,19,18,2,,,14,,17,9,,,,1,12,11,,,24,22,,21,17,,,,,11,,,,15,14,,,,,18,,,,,,,12,24,,,
2019,2,4,3,2,2,4,3,5,4,3,2,2,3,6,2,3,4,5,4,2,2,2,3,2,4,3,3,4,3,3,3,4,2,3,2,2,3,6,3,2,3,2,4,2,4,1,3,3,4,1,1,11,2,3,4,1,3,2,2,2,5,3,2,3,2,4,3,3,3,4,3,5,1,3,7,4,3,4,2,3,2,2,2,3,2,3,2,3,2,1,3,1,2,3,3,3,2,3,5,5
2020,2,2,2,1,3,2,1,3,4,2,2,1,3,4,1,3,1,3,3,3,2,1,1,1,2,2,1,3,1,1,2,2,3,2,1,1,2,2,1,2,1,2,1,3,2,2,3,3,2,2,4,3,2,1,3,3,2,2,1,1,4,1,1,2,1,3,4,2,2,2,1,3,1,1,3,1,2,3,2,2,3,3,3,3,2,3,3,1,2,4,3,4,4,3,3,1,2,2,2,4
2021,1,1,1,1,1,3,1,1,1,2,3,1,1,2,1,1,3,1,1,1,2,1,1,2,1,1,1,3,2,3,1,1,1,2,1,1,1,2,1,1,1,3,1,3,2,1,1,1,3,1,1,1,1,1,2,1,1,1,3,1,2,1,1,1,1,1,1,1,1,1,2,1,3,1,1,1,1,1,3,2,1,1,1,1,1,2,1,1,1,1,1,1,1,1,1,1,1,1,2,1
2022,,,19,,,31,,17,,,,,,,,15,,48,,17,11,,,13,,,35,15,,,,,1,,,,24,22,23,,,7,,,,,16,24,13,,,9,18,19,20,,,24,,14,9,,,19,10,1,,,,30,25,,20,18,,1,,,11,,,,14,14,,,,,9,,,,,,,13,1,,,
2023,14,5,6,,19,12,14,12,,4,,,,,20,18,8,7,20,12,10,5,18,11,11,15,12,22,,23,,,12,2,4,9,11,4,9,14,,2,,1,6,8,4,23,12,,3,10,4,1,2,,9,24,,6,,,9,6,,,16,,,19,8,24,22,12,18,12,,,1,,10,12,9,7,,4,6,19,14,6,,5,,,,,7,14,,1
2024,,,18,,,34,,17,,,,,,,,15,,48,,13,13,,1,16,,,42,24,,,,,31,,,,24,23,22,,,10,,,,,14,18,17,,,18,,20,15,,,22,,12,9,,,,6,8,,,,30,23,,19,14,,,,,13,,,,13,14,,,,,2,,,,,,,16,19,,,
2025,,,18,,,30,,15,,,4,,,,,22,,48,,15,11,10,,15,,,41,27,,,,,4,,,,24,26,20,,,9,,,,,17,16,17,,,15,,19,17,,,25,,13,4,,,,9,1,,,,30,16,,24,18,,,,,10,,,,8,12,,,,,17,,,22,,,,17,26,,,
2026,1,3,14,,3,1,5,8,,8,,,,3,10,13,3,30,3,1,4,9,10,10,6,11,27,16,,8,,7,23,,,,11,17,6,,,4,,,6,,13,15,10,2,,6,17,13,12,,21,10,,4,1,5,13,15,,,11,,,14,8,2,5,10,1,10,5,4,25,,3,3,6,2,16,,21,11,5,,,13,,3,,10,19,,,
2027,,,18,1,,36,11,13,,,,,,,,18,,48,,17,12,,,14,,,41,25,,,,,31,,,,16,23,23,,,10,,,,,12,21,18,,,18,13,21,15,,,23,,15,8,,,,11,11,,,,31,26,8,16,18,,,,,12,,,,15,10,,,,,21,,2,,,,,17,24,,,
2028,15,14,11,,8,23,12,4,,10,,,,,7,4,10,34,9,13,17,9,14,7,9,5,29,14,,9,,,7,,,,11,19,11,,,10,,,4,,12,4,11,,,6,20,10,18,,22,12,,9,18,25,14,14,,,10,,,12,12,14,1,12,10,,,,22,,8,8,7,15,16,,6,15,10,,,18,,,,8,20,,,
2029,16,13,9,,4,16,11,2,5,6,,,,,9,15,11,15,10,14,17,6,2,10,2,7,30,13,,8,,10,19,,,,13,17,8,,,14,,9,9,,12,12,14,,,9,19,6,18,2,1,2,,9,18,26,16,6,,,13,,1,15,10,9,9,11,12,,,,26,,10,9,4,17,17,,17,14,12,,,8,3,,,10,11,,,
2030,1,4,1,2,2,1,4,5,3,2,3,1,1,3,3,1,2,3,2,3,1,2,2,2,2,1,1,2,2,1,2,1,1,1,2,1,1,1,3,4,1,2,3,2,3,1,1,2,2,3,1,3,3,1,2,2,1,2,3,2,1,2,1,3,2,3,2,4,3,3,1,3,3,1,1,2,2,1,2,1,1,2,1,4,2,2,4,3,2,3,2,3,3,3,1,2,2,1,3,3
2031,10,14,13,,9,14,2,9,,4,,,,,11,13,9,13,14,3,15,8,14,6,11,12,14,19,3,6,,,16,,,,9,13,8,12,,13,,1,8,,6,7,13,,,7,5,15,1,3,4,10,,9,20,23,2,16,9,,11,,,20,9,12,10,11,12,5,,2,22,,12,8,3,7,16,,20,15,13,15,,16,,,,5,13,,,
2032,15,13,10,,8,31,9,11,,8,,,,,10,13,6,35,8,13,17,8,15,5,9,8,27,16,,5,,,23,,,,9,15,1,,,10,,,1,,11,11,14,,,8,14,7,15,,27,14,,10,1,22,13,12,,,6,,,24,12,13,9,6,11,,,,25,,10,7,6,16,16,,2,14,12,,,16,,,,10,8,5,,
2033,2,2,3,1,3,2,1,2,1,2,3,2,3,3,3,2,2,1,2,3,3,2,2,2,2,1,3,3,1,2,1,1,3,4,2,2,1,3,1,2,2,2,2,2,2,2,1,2,2,2,2,2,1,3,2,4,2,1,3,2,2,3,2,4,2,2,2,3,2,3,1,3,1,3,1,3,2,3,1,2,3,1,2,2,3,3,2,3,2,2,3,3,2,2,2,2,4,2,2,1
2034,2,11,2,7,2,9,2,17,,9,5,1,,,,23,4,6,2,9,2,4,4,8,2,16,7,2,4,21,2,,4,4,2,,,12,2,,7,,3,5,8,4,5,3,1,1,,,15,3,23,,6,6,,2,,,4,4,,11,4,6,1,22,8,27,12,15,2,2,11,,5,5,,14,7,1,,3,5,2,,3,,,3,,,11,3,4,,
2035,15,5,7,,12,9,19,11,,6,,,,,18,16,11,7,19,10,12,6,21,5,13,22,8,17,,21,,,1,1,,4,11,11,12,10,,17,,,8,6,16,23,10,,2,8,4,15,1,,4,20,,10,,,9,6,,,17,,,23,12,25,23,10,18,13,,,14,,10,9,10,5,,16,7,18,12,13,,7,,,,,7,13,,16
2036,11,4,7,,10,2,11,11,,7,,,,,12,11,5,19,15,1,16,6,2,2,4,13,15,20,4,4,,,17,3,,1,5,12,7,7,,13,,7,10,,6,6,2,,10,7,5,15,6,,17,12,,5,13,1,5,14,8,,12,,,21,2,13,2,5,13,5,,4,18,,12,8,8,5,17,,10,14,14,1,3,15,,2,4,9,17,,,
2037,1,3,1,2,3,2,2,4,3,4,1,2,3,4,3,1,1,1,1,2,1,1,2,1,3,2,3,3,2,2,3,3,2,2,1,1,3,3,2,4,2,4,2,2,2,2,2,4,2,3,2,1,3,2,3,2,1,1,1,2,2,1,2,3,1,2,1,3,3,3,3,4,4,2,1,2,2,2,2,3,1,1,2,4,3,2,1,2,2,2,3,1,1,2,1,2,2,1,1,1
2038,9,12,3,,12,30,11,11,,5,,,,,12,11,3,32,10,13,15,10,14,9,3,9,11,19,,11,,,23,,,,11,15,9,,,11,,,9,,9,15,1,,,6,7,11,20,,15,12,,9,14,26,13,15,,,12,2,,22,2,12,9,13,13,3,,,25,14,12,1,6,15,14,,19,7,4,,7,16,,,,6,20,,,
2039,15,10,5,,6,30,10,5,,5,,,,,11,14,10,32,11,14,18,7,13,9,10,7,24,14,,4,,,21,,,,12,19,10,9,,3,6,,7,,8,13,12,,,8,19,7,20,,29,14,,11,16,22,14,15,,,1,,,23,1,2,7,8,6,,,,25,,10,8,1,14,18,,20,14,12,,,17,,,,3,20,,,
2040,3,1,1,1,3,2,1,4,3,2,3,3,3,2,1,1,2,1,1,3,1,3,1,1,1,2,3,2,1,3,3,1,2,1,2,2,1,2,3,2,2,3,1,3,4,3,1,1,4,1,2,1,3,2,2,3,3,2,1,1,1,3,2,3,3,1,2,2,3,1,4,1,3,2,4,2,2,1,2,1,2,4,2,1,2,2,2,1,3,1,1,2,2,3,2,2,2,2,2,2
2041,1,10,8,6,14,3,3,6,,,,2,1,5,,21,7,3,3,8,1,5,3,9,7,15,8,1,3,2,4,,4,2,8,,,10,5,17,,18,1,,7,3,3,4,2,,,3,12,3,22,,3,5,,1,5,,4,3,,,5,4,3,22,8,1,11,10,3,13,10,,4,,5,11,1,3,,16,6,1,16,3,,7,4,,,11,4,1,,19
2042,15,10,5,,10,30,9,9,,7,,,,,10,11,6,36,2,14,18,3,8,7,7,10,31,15,,3,,,23,2,,,11,19,12,,,12,,,3,,2,13,12,,2,9,20,13,18,,24,14,,5,17,25,14,15,,,5,,,22,12,9,7,7,10,,,,26,1,9,3,7,14,17,,12,12,12,,,18,,,,10,17,,,
2043,1,2,3,1,2,1,3,3,3,3,2,2,1,1,1,2,1,2,1,1,2,2,3,2,2,2,3,3,4,2,2,2,1,2,1,1,2,1,1,1,1,1,2,2,1,2,4,4,3,4,2,1,3,2,1,2,3,1,1,2,2,3,2,2,2,2,2,3,2,1,2,1,3,3,2,3,1,2,1,3,3,1,3,1,2,1,1,2,5,1,2,3,3,1,4,1,2,2,1,1
2044,2,2,1,1,2,3,1,3,1,2,3,3,2,3,1,3,1,1,3,1,2,2,3,2,1,4,2,3,3,1,4,3,3,3,1,2,3,1,3,1,3,1,1,1,1,1,2,4,1,1,3,2,2,3,1,2,1,2,3,6,1,2,1,3,2,2,1,2,2,4,2,3,3,1,3,2,1,3,2,3,1,3,3,2,1,2,1,4,2,1,1,4,2,1,2,4,2,3,2,4
2045,2,2,1,1,3,2,1,1,3,2,3,1,4,1,2,1,2,2,2,4,2,3,1,3,1,1,1,3,1,2,1,3,5,1,2,3,2,2,2,2,3,3,3,2,2,2,2,4,1,3,1,3,4,1,2,2,2,2,3,4,2,1,3,3,3,2,1,2,3,3,2,4,1,4,3,2,1,3,2,1,2,4,2,5,1,2,3,3,2,1,1,3,2,3,2,4,1,2,1,1
2046,1,1,1,1,1,3,2,2,1,2,1,2,3,3,2,1,2,2,1,1,2,2,1,3,1,3,1,1,2,3,2,1,1,4,3,1,1,1,3,2,1,1,3,3,3,3,1,2,2,1,2,3,1,1,1,2,2,3,1,2,3,2,2,1,1,2,1,1,1,2,2,1,1,3,3,2,3,3,1,2,1,3,4,2,3,3,3,2,1,2,3,4,4,2,2,1,3,2,1,4
2047,0,0,0,0,0,0,0,0,0,0,0,0,0,0,0,0,0,0,0,0,0,0,0,0,0,0,0,0,0,0,0,0,0,0,0,0,0,0,0,0,0,0,0,0,0,0,0,0,0,0,0,0,0,0,0,0,0,0,0,0,0,0,0,0,0,0,0,0,0,0,0,0,0,0,0,0,0,0,0,0,0,0,0,0,0,0,0,0,0,0,0,0,0,0,0,0,0,0,0,0
2048,8,7,1,7,1,4,10,2,,1,3,,,,1,3,1,14,13,14,14,5,13,7,10,6,17,18,,11,,,17,,,,12,17,1,4,,3,1,5,1,,1,11,9,,3,3,19,7,4,,10,9,,13,21,27,2,7,3,6,1,,,23,12,2,5,3,10,5,2,,24,,1,11,7,2,5,3,19,8,14,1,,14,2,5,,9,1,1,7,
2049,16,6,6,,15,6,19,10,,4,,,,,1,24,8,9,17,9,13,9,22,10,11,19,5,21,,19,,,4,9,,7,14,4,9,13,,17,,,4,9,21,23,13,,3,10,7,14,26,,7,19,,10,,,9,3,,,16,,4,24,14,17,22,5,16,7,,,1,,7,7,13,6,,4,6,19,2,8,,5,,,,,10,2,,9
2050,,,18,,,31,,13,,,,,,,,15,,49,,17,10,,,15,,,43,27,,,,,28,,,,26,1,18,,,9,,,,,1,23,11,,1,13,,17,14,,,17,,14,8,,,,8,11,,,,29,26,,24,18,,,,,3,,,,15,11,,,,,19,,,,,,,16,23,,,
2051,9,8,9,3,1,7,19,12,,1,,,,,1,24,11,1,19,11,9,4,1,9,5,2,1,19,8,17,4,,17,2,4,3,2,2,9,4,,21,3,,5,13,25,,18,,9,6,12,20,1,2,10,25,,7,25,,8,3,,,15,,,10,13,27,1,7,1,16,,2,3,,14,2,2,4,,16,8,1,13,12,,7,1,,,,9,16,,17
2052,11,11,11,2,7,30,8,11,,10,,,,,10,13,10,35,12,8,15,7,13,9,11,11,28,11,,11,1,,11,,,,3,19,11,,,13,,,1,,12,1,11,,,7,21,13,15,,25,13,,7,8,21,14,15,,,12,1,,21,5,4,4,12,2,,,4,26,,10,6,2,14,17,,16,14,14,,,15,,,,4,22,,,
2053,12,9,12,,11,27,3,11,,8,,,,,6,15,7,33,11,10,17,8,13,8,4,10,25,15,,10,,,22,,,,6,20,9,,,8,,,9,2,5,15,13,,,5,16,1,12,,18,13,,10,18,25,10,17,,2,8,,,20,12,11,6,12,1,,,,21,,8,2,5,16,14,,6,11,10,,,19,,,,7,20,,,
2054,5,8,8,,11,30,10,10,,9,,,,,11,10,12,34,1,7,18,10,13,9,10,11,29,13,,10,,,22,,,,13,17,8,,,13,,,9,,12,6,15,,,6,19,12,19,,25,4,,11,19,25,13,14,,,6,,,22,15,12,9,13,11,,,,24,,9,7,5,10,16,,17,3,9,,,19,,,1,5,20,,,
2055,1,2,3,2,1,1,2,2,2,3,2,3,1,2,1,1,1,1,2,3,3,1,1,2,1,3,2,3,4,1,1,4,2,2,1,3,3,1,2,2,1,3,1,1,1,1,2,4,2,1,3,2,2,2,3,1,2,3,2,1,1,1,3,4,1,2,2,1,1,3,3,2,2,2,2,1,2,1,3,1,1,2,3,1,2,2,1,1,1,1,2,1,2,3,3,3,3,1,1,3
2056,1,3,3,3,3,1,2,3,4,3,2,2,3,1,5,3,3,1,4,1,3,3,3,2,3,2,1,2,4,4,3,1,3,1,2,1,2,2,1,3,2,2,3,1,2,2,3,2,3,1,1,2,1,1,1,4,2,2,3,3,2,2,2,2,2,2,1,2,3,1,2,3,3,1,3,2,3,3,2,2,1,3,3,1,2,4,3,2,4,2,3,2,2,1,3,4,2,1,3,2
2057,16,11,13,3,2,1,12,3,,5,,,,,1,10,8,36,10,3,16,5,11,1,11,10,28,17,,2,,,21,,,,4,1,12,,,2,1,,8,,5,11,13,,,9,1,13,15,,25,14,,9,17,15,13,3,,2,3,,,19,1,7,5,8,4,,,,26,,12,1,5,9,14,,2,14,2,,,18,4,2,,2,20,,2,6
2058,1,1,3,2,1,2,1,2,2,3,1,1,1,2,3,2,1,1,3,1,1,3,1,4,3,1,1,3,2,2,5,3,1,2,1,1,1,2,3,1,2,1,3,2,1,2,2,1,3,1,1,4,1,1,2,4,2,1,1,4,3,1,1,1,3,1,1,4,1,1,1,2,1,2,3,1,2,3,1,1,1,2,1,2,1,1,1,1,2,2,2,1,1,2,1,1,1,2,2,1
2059,0,0,0,0,0,0,0,0,0,0,0,0,0,0,0,0,0,0,0,0,0,0,0,0,0,0,0,0,0,0,0,0,0,0,0,0,0,0,0,0,0,0,0,0,0,0,0,0,0,0,0,0,0,0,0,0,0,0,0,0,0,0,0,0,0,0,0,0,0,0,0,0,0,0,0,0,0,0,0,0,0,0,0,0,0,0,0,0,0,0,0,0,0,0,0,0,0,0,0,0
2060,2,1,3,1,2,2,1,3,3,1,1,1,1,5,2,4,2,1,1,3,2,2,2,3,1,2,5,5,1,2,3,3,3,3,2,1,1,1,1,1,3,2,2,1,2,1,3,3,1,2,4,3,3,1,2,2,1,2,1,1,2,1,3,2,2,2,2,2,1,2,2,1,4,2,1,2,3,2,1,1,1,2,3,1,2,1,2,2,2,3,3,2,1,1,3,4,1,1,2,1
2061,,,18,,,26,,16,,,,,,,,21,,42,,17,14,,,2,,,34,26,,12,,,3,,,,21,24,20,,,9,,,,,19,22,19,,,18,,20,15,,,25,1,16,5,,,,6,5,,,,25,16,,25,18,,,,,11,,,,2,7,,,,,19,,,,,,,17,23,,,19
2062,13,13,6,,10,17,3,2,,6,,,,,3,1,10,33,9,13,16,6,5,3,9,4,30,13,,6,,9,24,,,,9,16,9,12,,7,,,10,,13,13,12,,,4,18,10,16,,6,14,,10,19,25,14,17,,3,10,,4,23,3,1,5,12,11,,,,19,,9,9,2,15,18,,17,9,2,,,15,,,,11,19,,,
2063,2,1,2,2,2,1,2,2,3,3,1,1,3,1,2,3,1,1,1,1,3,3,3,3,2,3,1,3,2,3,1,2,1,2,1,3,1,2,2,2,2,1,1,3,2,1,1,1,1,1,3,1,2,1,1,4,3,2,1,1,2,4,3,2,1,1,2,1,3,1,5,3,2,3,1,2,3,2,1,1,2,3,1,3,1,2,2,1,3,2,1,3,3,2,2,3,3,2,2,1
2064,2,1,3,1,3,2,4,1,4,1,2,2,4,3,4,2,3,1,3,3,4,3,3,3,3,2,1,2,2,1,2,2,2,2,3,2,2,2,2,3,4,2,1,2,3,2,1,5,1,3,3,2,3,2,3,3,3,1,2,3,2,3,3,2,3,1,2,3,2,3,1,3,2,2,2,2,2,1,1,3,1,1,2,2,2,1,3,1,2,2,1,1,2,1,2,3,2,2,2,2
2065,1,11,10,4,2,30,11,6,,4,2,,1,,5,2,1,32,3,1,1,10,2,1,6,3,1,1,1,8,4,,1,,1,,3,4,1,3,2,3,,11,7,1,3,10,4,3,1,4,2,14,1,5,26,1,2,3,1,1,12,1,2,3,8,2,2,1,2,2,1,3,13,,3,5,1,,1,2,3,2,15,,16,3,4,1,2,2,3,,2,1,18,,2,1
2066,16,14,7,,5,17,6,2,1,5,,5,1,,1,13,3,35,14,13,1,3,16,7,7,14,12,20,,3,1,9,1,1,1,,10,12,11,7,,1,,4,11,,1,9,11,,11,1,1,13,21,2,2,11,,2,15,22,11,11,,,12,,,21,7,13,10,12,1,6,2,3,24,5,13,8,1,7,4,1,21,14,14,13,1,1,,,,4,14,,,
2067,1,2,4,5,3,3,3,2,3,2,2,3,4,2,5,3,4,2,4,4,4,2,1,3,4,2,3,4,2,2,4,3,3,5,3,2,3,5,2,3,4,3,2,3,5,2,2,3,2,1,1,1,4,2,1,3,3,3,3,2,4,1,1,2,3,1,3,4,3,3,2,4,3,3,1,3,1,2,2,2,3,2,1,2,3,2,4,2,3,4,2,3,2,3,2,2,1,3,2,4
2068,15,13,3,5,10,29,10,8,,7,,,,,12,14,4,34,11,12,16,10,14,4,9,11,26,13,,1,,,23,,,,11,17,4,6,,11,,,6,,12,4,12,,,10,19,14,19,,24,14,,9,21,25,12,15,,,10,,,7,12,3,6,6,5,,,,15,,8,6,5,13,17,,19,14,13,,1,20,,,,1,20,,,
2069,2,4,2,3,2,2,2,3,4,2,1,1,1,2,2,1,3,2,3,10,1,2,1,2,2,2,3,2,1,1,2,3,1,2,2,2,3,2,2,4,2,3,2,1,2,1,1,3,1,4,2,3,1,2,1,2,2,3,2,1,1,3,2,2,3,1,1,1,2,2,1,3,1,1,3,1,2,1,3,1,2,2,2,1,2,4,2,1,3,3,1,2,3,2,1,1,1,1,4,2
2070,14,5,5,,13,11,15,11,,9,,,,,20,17,9,6,19,10,17,3,18,11,4,22,1,24,,1,,,9,4,,3,10,10,10,12,6,18,6,,8,10,23,24,12,,6,8,6,20,23,,9,23,,10,,,10,8,1,,1,,,15,12,26,23,12,12,5,,,6,,2,14,8,7,,8,4,20,12,13,,8,,,,,5,17,1,8
2071,14,12,12,2,2,30,11,9,,8,,,,,10,4,5,34,11,11,2,10,12,2,4,10,28,8,,10,,,20,,,,4,18,10,,,12,,,6,,8,13,2,,,3,15,12,9,,20,4,,7,19,20,12,13,,,11,,,23,11,11,5,8,4,5,4,5,1,,9,7,7,13,7,,12,8,1,,,11,,,,10,18,,,
2072,14,3,10,,8,29,11,12,,9,,,,,11,12,11,34,10,13,11,10,15,9,14,10,31,15,,4,4,5,24,,,,12,18,5,,,9,,,7,,9,13,11,,,7,18,4,16,,26,14,3,10,17,24,11,15,,,12,,,14,8,9,8,11,12,,,,25,6,5,4,6,15,16,,16,12,10,,,18,,,,8,9,4,,
2073,0,0,0,0,0,0,0,0,0,0,0,0,0,0,0,0,0,0,0,0,0,0,0,0,0,0,0,0,0,0,0,0,0,0,0,0,0,0,0,0,0,0,0,0,0,0,0,0,0,0,0,0,0,0,0,0,0,0,0,0,0,0,0,0,0,0,0,0,0,0,0,0,0,0,0,0,0,0,0,0,0,0,0,0,0,0,0,0,0,0,0,0,0,0,0,0,0,0,0,0
2074,1,1,3,2,4,3,2,3,2,2,3,3,2,1,3,3,1,2,1,2,3,2,1,3,1,3,4,2,1,1,2,2,1,5,1,2,2,2,1,2,3,3,3,2,1,3,2,2,2,3,2,1,4,2,3,1,1,3,2,3,2,5,4,3,1,3,2,2,1,1,2,2,3,3,3,3,2,3,2,2,1,1,2,2,2,3,3,1,2,2,2,4,1,2,1,3,3,1,1,2
2075,15,11,7,,10,27,11,5,,9,,,,,2,12,13,26,5,14,18,3,15,10,2,8,27,15,,9,,,26,,,,13,10,4,,3,10,,,7,,10,16,12,,,8,20,13,18,,26,15,,2,19,24,14,15,,,13,,,24,7,10,7,7,5,,,,26,,10,9,5,16,17,,17,13,8,,,18,1,1,,9,13,,,
2076,6,14,12,1,10,4,8,13,4,10,,,,7,1,5,7,2,7,5,,12,23,12,14,9,9,19,,,,,23,5,,3,2,5,3,6,8,,9,2,13,5,2,1,8,4,5,6,3,15,,,5,,6,16,15,6,3,1,,,,7,6,12,4,4,13,4,15,,,6,29,2,6,15,9,,8,6,24,16,14,,,4,,,4,,6,3,4,
2077,2,3,2,3,3,1,1,1,4,2,2,3,1,3,2,3,2,1,1,2,1,3,2,3,2,1,4,1,3,3,1,3,2,1,2,2,1,2,1,2,3,3,1,3,4,1,5,3,1,2,1,2,2,1,2,4,3,4,1,1,2,2,2,3,1,1,1,2,2,2,4,4,3,2,4,1,1,1,1,2,4,3,2,3,1,3,1,2,1,1,1,1,1,3,3,3,3,1,1,2
2078,0,0,0,0,0,0,0,0,0,0,0,0,0,0,0,0,0,0,0,0,0,0,0,0,0,0,0,0,0,0,0,0,0,0,0,0,0,0,0,0,0,0,0,0,0,0,0,0,0,0,0,0,0,0,0,0,0,0,0,0,0,0,0,0,0,0,0,0,0,0,0,0,0,0,0,0,0,0,0,0,0,0,0,0,0,0,0,0,0,0,0,0,0,0,0,0,0,0,0,0
2079,1,1,1,1,1,1,1,1,1,1,1,1,1,1,1,1,1,1,1,1,1,1,1,1,1,1,1,1,1,1,1,1,1,1,1,1,1,1,1,1,1,1,1,1,1,1,1,1,1,1,1,1,1,1,1,1,1,1,1,1,1,1,1,1,1,1,1,1,1,1,1,1,1,1,1,1,1,1,1,1,1,1,1,1,1,1,1,1,1,1,1,1,1,1,1,1,1,1,1,1
2080,11,5,1,1,1,1,20,4,,7,1,3,1,1,14,17,5,7,15,6,2,9,1,11,1,1,2,7,,1,,,20,6,,6,13,4,11,14,,18,,,4,13,22,16,15,,8,10,8,13,26,,3,21,1,2,23,1,4,8,,,14,1,7,23,11,26,14,1,2,2,4,,2,,13,11,9,4,18,16,4,10,1,14,7,11,,5,1,2,10,1,,1
2081,12,12,11,,3,2,10,5,,6,,,,,8,15,9,34,2,14,18,8,14,3,8,7,28,17,,8,,7,24,,,,10,11,10,,,14,,,3,,12,8,12,1,,6,20,8,18,,27,12,,8,19,25,15,15,,,1,,,18,11,8,8,12,8,,,,27,,10,7,4,16,15,,17,10,11,,,20,,,,8,21,,,
2082,14,6,8,,13,12,17,14,,9,,,,,18,17,11,3,18,8,17,5,20,6,12,18,7,7,,23,,,16,5,,4,10,8,4,13,,18,,,2,13,20,24,12,,6,1,8,13,26,,6,21,,11,,,9,8,2,,1,,,20,8,18,10,12,14,12,,,15,,12,16,12,5,,16,7,19,13,3,,7,,2,,,1,14,,10
2083,2,1,3,2,1,1,2,1,3,2,2,2,1,3,2,1,1,2,1,1,1,1,2,1,1,1,2,2,2,2,2,2,1,1,3,1,3,1,1,3,2,3,2,3,2,1,3,3,1,4,2,1,2,2,2,2,3,1,1,2,4,1,2,2,1,2,3,1,1,4,3,1,1,2,4,3,1,3,4,2,2,2,2,1,1,2,1,1,2,2,2,3,1,3,1,2,3,1,1,1
2084,1,2,1,1,2,3,2,3,3,2,3,3,4,1,3,4,3,3,3,1,1,2,1,1,4,2,4,1,3,2,2,2,1,2,2,2,3,1,2,3,1,3,1,1,1,3,1,2,3,1,3,3,2,2,2,1,4,3,1,4,2,2,2,3,1,1,1,3,3,4,1,3,3,2,2,1,2,2,3,2,3,2,2,2,2,2,4,3,1,3,2,1,3,3,1,2,2,2,2,4
2085,6,8,3,1,10,4,12,11,,2,,,,,13,14,4,9,13,12,17,6,18,8,9,13,14,9,,12,,,8,,,,9,17,4,17,,14,,4,6,,8,8,14,,8,9,8,13,5,,12,12,,13,16,25,1,14,,6,12,8,,20,5,13,13,2,11,6,,2,18,,2,11,5,2,13,16,9,15,14,11,5,13,,,2,13,15,,,3
2086,1,2,2,1,2,1,3,2,4,1,3,2,3,1,4,2,1,1,2,2,2,3,2,3,2,2,1,2,1,1,2,2,1,1,2,1,1,1,2,3,3,1,2,2,3,1,1,1,1,1,3,2,2,3,2,2,2,1,1,3,1,2,1,3,3,3,1,1,2,2,1,3,2,1,2,2,2,2,3,2,1,3,4,2,2,2,2,1,2,3,2,3,3,1,1,2,3,1,1,2
2087,14,13,12,,5,30,7,9,,3,,,,,6,12,11,34,4,10,15,4,9,8,1,8,25,16,,10,,,21,,,,12,18,12,,,11,,,1,,6,13,13,,,8,19,13,18,,26,14,,10,19,14,14,12,,,9,,,21,13,8,8,12,12,,,,25,,11,8,6,16,10,,15,4,12,,,18,,,,3,20,,,9
2088,0,0,0,0,0,0,0,0,0,0,0,0,0,0,0,0,0,0,0,0,0,0,0,0,0,0,0,0,0,0,0,0,0,0,0,0,0,0,0,0,0,0,0,0,0,0,0,0,0,0,0,0,0,0,0,0,0,0,0,0,0,0,0,0,0,0,0,0,0,0,0,0,0,0,0,0,0,0,0,0,0,0,0,0,0,0,0,0,0,0,0,0,0,0,0,0,0,0,0,0
2089,11,4,7,,18,9,20,12,,5,,,,,19,17,8,3,19,10,10,7,19,10,7,21,2,1,,22,,,16,2,5,10,11,8,7,7,,18,,,7,13,20,24,14,,4,7,9,18,23,,3,17,,5,,,8,7,,,17,,,10,11,28,2,11,16,13,,,14,,11,14,10,7,,16,8,18,13,4,,6,,5,,,9,1,,2
2090,0,0,0,0,0,0,0,0,0,0,0,0,0,0,0,0,0,0,0,0,0,0,0,0,0,0,0,0,0,0,0,0,0,0,0,0,0,0,0,0,0,0,0,0,0,0,0,0,0,0,0,0,0,0,0,0,0,0,0,0,0,0,0,0,0,0,0,0,0,0,0,0,0,0,0,0,0,0,0,0,0,0,0,0,0,0,0,0,0,0,0,0,0,0,0,0,0,0,0,0
2091,7,3,3,,11,11,14,13,,6,,,,,19,19,9,1,19,11,13,6,19,10,11,22,13,21,,23,,,6,2,,10,10,10,12,14,5,17,,,7,15,14,24,11,,4,6,5,17,20,,3,25,,8,,,6,8,,11,18,,,13,11,3,18,13,17,9,,,5,,10,9,12,5,,16,8,20,11,12,,7,,,,,11,,,15
2092,3,3,3,2,2,1,1,3,1,4,3,1,1,1,1,1,3,4,2,1,4,3,2,3,3,4,2,4,3,4,3,4,3,1,1,2,2,4,2,3,1,2,2,3,4,2,1,4,1,1,1,1,3,4,1,1,3,4,1,1,3,2,4,2,2,1,2,2,3,1,1,3,4,4,1,1,4,2,1,1,1,1,2,2,2,3,5,2,2,2,2,1,2,2,1,1,4,1,4,4
2093,1,2,1,1,2,2,1,2,2,3,2,1,1,1,1,3,1,3,2,3,3,2,2,3,3,2,3,2,3,2,1,1,2,4,3,1,2,1,2,3,3,2,2,2,2,2,2,3,3,1,3,3,2,1,2,2,4,2,1,1,3,3,2,1,2,3,2,3,2,1,3,2,1,1,1,2,1,2,1,2,3,3,3,3,3,1,3,2,2,1,3,1,1,3,2,3,2,2,2,4
2094,1,11,5,1,5,5,6,,5,11,1,1,3,2,19,16,,7,5,3,6,7,21,9,13,24,12,28,,,,,5,4,1,2,18,15,3,3,,16,1,,14,,3,,5,,2,15,1,4,1,,,3,4,16,,2,2,,,,20,4,,4,12,3,1,4,1,7,,,10,,12,,,1,20,1,10,,1,10,3,4,4,3,,,3,16,2,4
2095,2,2,1,2,2,2,1,2,3,1,3,2,1,1,1,1,1,1,1,1,2,1,3,2,1,3,2,2,3,2,1,3,2,3,1,3,2,2,3,2,2,4,1,3,1,2,2,2,1,4,3,2,3,1,2,1,1,1,2,3,3,1,1,1,1,1,2,1,3,1,1,3,2,1,1,3,3,1,3,3,3,2,2,1,1,1,2,3,3,2,3,2,3,2,1,2,2,1,1,4
2096,6,4,7,,9,21,10,1,1,8,,,,,3,4,11,32,9,14,18,3,14,7,11,7,31,8,,9,,,25,,,,13,17,12,,,11,,,4,,10,13,13,,1,9,19,13,18,,23,15,,1,18,23,14,15,,,13,5,,20,7,10,9,11,12,,,,26,,10,5,7,16,16,,16,4,11,,,17,,,,12,18,,,4
2097,,,17,,,33,,18,,,5,,,,,19,,47,,18,10,,,15,,,38,27,,,,,30,,,,20,20,21,,,1,,,,1,5,24,17,,,19,,19,18,,,24,,16,2,,,,5,8,,,,29,24,,24,18,,,,,12,,,,15,9,,,2,,20,,,,,,,19,24,,,
2098,1,3,2,2,1,1,3,1,2,2,1,1,2,2,3,2,2,2,1,3,1,1,2,2,2,3,3,1,2,1,2,1,1,1,1,2,1,1,2,1,1,1,3,1,3,1,1,1,3,1,1,3,3,2,1,2,3,2,2,2,2,3,3,2,1,1,3,2,2,1,2,5,1,1,2,1,1,2,1,1,2,1,1,2,4,4,1,1,2,2,2,2,2,1,2,1,2,1,3,2
2099,8,1,7,,2,4,8,8,,3,,,,,10,6,11,21,13,15,16,8,1,8,11,7,27,17,,6,,3,15,,,11,6,18,10,15,,14,6,,3,,1,14,3,,,8,1,17,9,,5,13,,16,10,31,1,8,,6,19,,,18,14,14,1,12,13,,,,7,,5,9,8,9,14,,8,13,10,,,7,,,,4,25,19,,
2100,4,8,9,5,,6,18,8,1,7,,,,,1,27,10,10,21,1,7,4,1,2,6,4,7,8,8,1,1,,16,6,4,11,6,9,4,2,,20,4,,1,15,28,,1,,1,1,4,17,1,,1,24,4,7,27,,6,5,,,14,,6,1,16,29,1,7,16,17,6,,13,,12,2,10,1,2,,1,17,15,13,,2,4,3,1,,10,18,,20
2101,11,11,11,3,7,23,6,9,,5,,,,,4,12,12,26,3,13,17,11,17,8,11,5,24,18,,6,3,,25,,,,14,8,5,,,10,,,9,,12,14,10,,,8,21,9,18,,27,12,,7,19,25,7,4,,,11,5,,17,4,13,9,11,12,,,,28,,7,7,7,9,17,,17,16,11,,,16,,,,9,20,,,
2102,13,12,12,,10,30,8,10,,8,1,2,,,4,11,11,33,1,14,3,6,9,4,10,10,19,9,,10,,,23,,,,12,18,11,,,10,,,8,,12,12,9,,,7,17,12,18,,24,8,,11,17,21,2,13,,,9,,,25,15,9,8,12,11,,,,13,,10,8,6,14,17,,18,6,13,,,14,,,,7,19,,11,
2103,1,2,2,2,3,3,1,4,3,3,2,2,2,3,4,2,2,2,2,1,3,2,3,1,3,1,3,3,1,2,1,1,1,2,2,2,2,3,2,3,1,2,3,2,2,3,3,5,2,1,2,2,3,1,2,1,2,2,2,3,1,3,2,1,1,1,3,1,4,3,2,3,3,1,2,1,2,2,2,2,3,1,1,1,3,2,2,1,2,1,2,2,3,2,2,2,2,2,2,3
2104,4,2,1,2,3,3,2,2,3,1,2,2,3,3,2,1,1,3,1,2,1,2,2,3,3,2,2,2,3,2,3,2,2,1,1,3,3,1,2,3,3,2,3,2,1,2,1,2,3,2,3,2,3,3,1,2,2,2,3,3,3,3,3,2,1,1,2,3,1,2,4,1,2,1,1,4,2,2,3,1,2,3,1,1,2,2,4,1,2,2,2,2,2,2,2,3,1,1,2,2
2105,5,1,5,,14,12,1,12,,11,,,,1,15,23,10,6,21,14,1,4,19,11,4,23,12,24,,23,,,6,1,,5,14,1,9,4,1,19,,,7,11,15,26,,,5,7,9,19,24,,9,24,,9,,1,9,9,,,16,,3,14,8,25,23,15,16,9,,,5,,11,15,2,8,1,13,6,21,1,10,3,3,,9,,,10,19,,7
2106,5,13,1,3,2,12,2,2,2,11,3,,,2,,26,2,8,2,11,,3,3,1,1,2,9,4,2,,5,2,2,5,2,,1,14,2,,2,,,1,10,6,1,2,1,4,,1,13,2,,2,2,8,,2,2,2,6,1,,14,2,2,3,1,5,30,6,,1,2,3,,7,2,2,3,2,4,1,3,7,2,,6,2,1,1,2,1,14,1,1,,
2107,5,8,5,,12,12,16,16,,7,,,,,18,15,9,1,18,12,15,8,15,13,1,23,11,22,,22,,,12,8,,1,11,7,10,10,,17,,3,2,16,21,22,15,,7,8,7,16,24,,4,23,,12,,,7,8,,,11,,,23,9,25,20,6,18,16,,,11,,10,15,12,6,,10,6,18,12,12,,4,,,,,10,14,,14
2108,2,3,3,2,1,3,1,2,3,2,2,1,3,1,1,2,3,4,2,2,2,3,1,2,2,2,5,3,2,2,2,1,3,3,1,4,3,3,1,3,3,1,1,1,1,1,1,2,2,2,1,3,2,2,2,3,3,2,3,1,2,1,1,2,2,3,3,1,2,2,3,2,4,1,2,2,1,3,1,1,1,1,2,2,2,1,2,1,2,3,1,1,1,3,2,6,1,1,2,4
2109,1,1,3,2,3,1,2,4,3,1,2,1,2,3,1,2,1,2,2,2,2,2,1,2,3,1,4,3,2,3,3,1,1,2,3,3,1,1,2,1,1,1,1,1,1,1,1,4,1,1,2,1,4,1,1,1,2,2,1,2,2,2,1,4,1,1,1,2,2,1,1,1,3,2,3,3,1,3,2,2,2,2,3,2,2,2,1,1,2,1,3,4,2,3,2,3,4,1,2,3
2110,6,13,10,,10,24,9,1,8,10,,,,,10,12,12,34,10,16,18,7,16,4,10,6,21,19,,10,,,26,12,,,3,12,10,,,12,,3,7,,11,8,11,,,5,21,2,18,,5,15,,11,19,23,14,16,,,12,6,,13,5,1,5,11,12,,,,25,,9,8,8,16,16,,15,12,8,,,17,,,,12,20,,,
2111,16,14,11,,2,29,12,10,,6,,,,,9,1,12,34,7,14,17,8,15,7,2,2,27,16,,3,,,24,,3,,12,18,9,,,8,,,6,,10,14,15,,,8,16,12,19,,25,15,,2,17,23,14,15,,3,10,,,10,1,11,1,11,11,2,,,26,,6,9,2,17,16,,17,9,11,,,14,,,,1,20,1,,
2112,3,2,3,1,1,1,2,1,2,1,1,3,1,3,1,1,1,2,3,2,3,1,2,1,2,2,4,1,2,2,1,3,1,2,2,2,2,2,1,4,1,2,2,1,3,1,2,2,2,1,3,2,2,2,3,2,2,1,1,2,3,3,1,1,3,1,1,3,1,1,1,2,2,2,2,3,2,3,2,2,3,3,2,2,2,1,4,2,2,2,3,3,2,1,2,2,1,2,1,1
2113,1,5,9,3,,3,20,11,,5,,,,,3,28,7,10,20,2,8,5,2,1,5,3,4,6,9,15,5,,15,3,4,12,7,1,1,1,,20,3,,4,14,26,,17,,9,5,12,19,27,,10,26,3,1,26,,7,4,,,17,,7,11,14,28,4,6,14,15,5,,1,,14,3,4,2,,,6,12,14,1,,3,3,3,,,10,18,,19
2114,2,8,8,,14,10,17,14,,7,,,1,,19,1,4,5,20,13,12,7,18,11,9,23,10,21,,11,,,6,10,,8,11,10,12,8,6,20,,,10,14,20,23,15,,7,8,7,14,7,5,6,21,,2,,,1,6,,,16,,,20,9,21,22,9,19,5,,,6,,10,14,14,7,,12,4,8,13,8,,10,,,,,7,17,3,16
2115,1,2,2,2,1,3,2,1,4,1,2,3,3,1,2,2,2,3,3,4,1,3,3,1,1,2,1,1,3,1,1,2,2,2,2,3,1,1,1,3,2,2,1,2,1,3,2,3,1,3,1,1,2,3,1,1,2,2,3,3,3,3,3,1,2,3,1,2,3,2,2,2,2,3,2,3,1,2,1,2,1,3,2,3,2,3,2,3,3,2,1,2,3,3,1,1,2,3,3,3
2116,,15,12,,,31,,17,,,,,,,,17,,48,,16,4,,13,14,,,33,19,,,,,29,,,1,25,20,13,,,7,,,,,12,16,20,,,13,,15,7,,,15,,14,7,26,5,16,,10,,,,27,19,,10,14,,,,,11,,,,3,13,,,,,13,,3,,,,,17,22,,,
2117,6,8,11,,7,21,10,3,,8,,,,,9,11,8,30,12,8,17,10,7,6,11,8,27,14,,11,,,18,,,,12,19,11,,,12,,,7,,14,15,14,,,9,18,9,19,,15,15,,6,13,25,10,13,,,10,,,21,7,12,6,9,8,,,,25,,9,9,5,14,14,,9,9,12,,,1,,,,3,19,15,,
2118,0,0,0,0,0,0,0,0,0,0,0,0,0,0,0,0,0,0,0,0,0,0,0,0,0,0,0,0,0,0,0,0,0,0,0,0,0,0,0,0,0,0,0,0,0,0,0,0,0,0,0,0,0,0,0,0,0,0,0,0,0,0,0,0,0,0,0,0,0,0,0,0,0,0,0,0,0,0,0,0,0,0,0,0,0,0,0,0,0,0,0,0,0,0,0,0,0,0,0,0
2119,11,7,8,,15,9,18,14,,9,1,,,4,18,21,5,3,17,11,16,6,21,2,12,2,12,22,,23,,,17,10,1,5,10,4,11,12,,17,,,9,6,24,23,13,,6,7,9,20,26,,7,19,,1,,27,12,1,1,,16,,,23,12,20,3,10,17,13,,,14,,12,12,12,7,,12,5,16,14,12,,7,,,,,2,17,2,16
2120,3,5,1,,16,13,17,11,,8,,2,,,20,22,7,8,20,10,8,3,23,7,2,22,6,22,5,21,,,8,7,,3,12,9,3,2,,18,,,1,8,19,23,14,,6,11,8,18,26,,3,24,,11,,,3,6,,,19,,,19,7,26,24,14,15,11,,,10,,11,16,1,8,,16,5,21,14,12,,9,,,,,9,17,,8
2121,1,3,1,1,1,3,1,1,4,3,3,2,3,4,1,1,1,1,2,1,3,1,2,2,4,2,2,2,2,2,2,3,2,3,1,4,1,1,2,2,1,1,1,3,3,4,1,1,2,2,1,1,1,1,3,3,1,2,1,3,1,1,2,1,3,3,2,3,3,2,2,1,2,2,4,3,2,2,2,2,2,1,3,1,3,3,2,2,3,2,3,1,3,3,1,3,2,2,3,2
2122,3,1,1,2,1,2,1,3,2,3,2,1,2,3,2,3,1,2,3,1,1,2,1,1,3,2,2,3,3,2,2,2,2,2,2,3,1,2,1,2,2,1,1,2,2,3,2,3,2,2,1,2,2,4,3,1,3,1,1,3,3,3,4,2,3,1,2,2,1,2,3,2,2,1,2,3,2,2,1,2,1,2,2,2,2,3,1,3,1,1,2,1,2,3,3,1,3,2,1,1
2123,0,0,0,0,0,0,0,0,0,0,0,0,0,0,0,0,0,0,0,0,0,0,0,0,0,0,0,0,0,0,0,0,0,0,0,0,0,0,0,0,0,0,0,0,0,0,0,0,0,0,0,0,0,0,0,0,0,0,0,0,0,0,0,0,0,0,0,0,0,0,0,0,0,0,0,0,0,0,0,0,0,0,0,0,0,0,0,0,0,0,0,0,0,0,0,0,0,0,0,0
2124,3,1,2,1,2,1,4,3,2,2,2,2,2,1,1,1,2,4,2,2,2,4,1,1,2,1,4,2,1,1,1,3,1,1,2,2,3,1,3,2,1,2,1,2,1,1,2,1,3,3,1,1,3,2,2,2,3,1,1,1,1,2,1,1,3,2,1,2,2,3,1,1,2,2,3,1,3,3,1,3,1,3,2,3,2,2,3,3,2,3,2,4,1,2,1,2,3,3,3,1
2125,16,15,9,,11,29,12,9,,4,,,,,7,11,10,30,6,15,18,9,7,8,12,7,28,18,,10,,7,9,,,,11,19,10,,,12,,,7,,9,10,16,,,8,15,12,19,,25,11,,8,17,4,13,10,,,10,,,20,9,12,5,10,7,,6,,25,,11,2,8,13,17,,11,1,14,,,17,,,,11,14,,,
2126,8,2,6,,13,3,16,12,,9,,,,,17,12,11,5,20,11,9,5,19,10,6,20,10,18,,21,,,10,1,,2,9,10,12,15,,19,,,6,11,24,14,13,,1,11,7,18,23,,2,1,,10,,,8,7,,,17,,,17,6,26,24,15,19,12,,,4,,12,14,7,7,,15,5,21,10,12,,6,,,,,10,14,,16
2127,15,5,8,,4,30,2,10,,9,,,,,10,14,4,34,9,16,12,7,13,11,12,1,20,5,,1,,,22,,1,,8,18,8,,,10,,9,7,,9,15,12,,,7,18,12,19,,25,13,,10,8,19,3,15,10,,4,,,1,12,11,6,13,9,,,,25,,11,9,4,10,1,,19,1,8,,,17,,,,8,19,,,
2128,5,10,12,,7,26,3,11,2,7,,,,,9,7,11,34,8,13,1,4,16,7,12,8,27,19,,10,,,20,,,,12,16,5,6,,12,4,1,5,,12,13,1,,,2,18,14,19,,20,15,,10,14,20,12,17,,,9,,,23,1,12,8,6,10,4,1,,23,2,1,6,6,15,16,,20,13,11,,,15,,,,10,20,,,
2129,1,5,8,,1,10,17,14,,9,,,,,16,23,6,11,18,9,15,2,20,11,13,21,11,22,,17,,,13,6,,8,9,1,3,12,2,1,,,8,7,22,22,11,,6,5,7,19,22,,8,24,,12,,24,2,7,,,17,,,4,13,27,23,9,18,13,,,13,,11,15,11,6,,15,5,21,11,11,,7,,,,,10,16,,2
2130,5,8,5,,14,6,10,14,,4,,,,,1,19,,7,15,12,16,1,21,6,12,21,11,21,,22,,,3,6,,6,14,10,11,14,6,19,,,3,16,18,19,13,1,1,11,9,15,21,,2,22,,10,,,7,9,3,12,1,,,14,12,29,22,13,20,1,,,13,,11,9,12,5,,17,6,1,3,13,,6,,,,,11,14,,16
2131,0,0,0,0,0,0,0,0,0,0,0,0,0,0,0,0,0,0,0,0,0,0,0,0,0,0,0,0,0,0,0,0,0,0,0,0,0,0,0,0,0,0,0,0,0,0,0,0,0,0,0,0,0,0,0,0,0,0,0,0,0,0,0,0,0,0,0,0,0,0,0,0,0,0,0,0,0,0,0,0,0,0,0,0,0,0,0,0,0,0,0,0,0,0,0,0,0,0,0,0
2132,15,2,10,,11,29,12,5,,10,,,,,11,12,12,33,7,13,17,11,12,8,11,9,23,18,,5,,,23,,,,13,15,10,,,11,,,8,,3,14,14,,2,2,18,6,10,,9,14,,9,19,25,15,14,,2,11,,,19,3,11,4,10,11,,,,24,,12,5,9,16,4,,14,13,11,,,16,,,,11,19,,,
2133,10,11,12,,4,27,5,8,,6,,,,,14,12,4,34,9,12,2,2,16,8,8,10,11,18,,2,,8,13,,,,12,17,11,,,12,,,10,,5,15,13,,,7,8,13,19,,27,13,1,10,18,21,12,14,,,11,,,21,5,11,7,12,4,,,,22,5,11,7,8,10,2,,19,7,13,,,13,,,,8,13,,,
2134,15,12,8,1,10,31,11,6,,5,,,,,10,3,9,35,2,12,4,10,8,9,3,11,29,17,,7,,,1,,,,5,18,8,,,15,,,7,,7,7,9,,,7,20,11,15,,26,5,,8,3,23,11,5,,,10,,,23,12,4,8,13,11,,,,26,,11,8,7,15,15,,18,11,10,,,17,,4,,10,16,,,5
2135,7,13,2,6,9,28,11,6,,9,,,,,12,4,11,2,9,13,15,9,3,8,9,9,29,16,1,11,1,,22,,,,12,17,11,10,,11,,,5,,10,14,13,,,8,19,1,18,,22,13,,6,16,23,1,16,,,9,,,15,12,11,1,7,9,,,,26,1,8,6,6,15,13,,8,12,12,,,16,,1,,11,19,,,
2136,2,2,4,2,2,2,2,2,1,1,3,1,4,3,2,3,3,3,2,1,2,1,1,2,2,2,4,1,3,3,2,2,3,3,1,3,1,1,4,2,2,3,2,1,1,2,2,2,1,2,2,2,2,1,1,1,2,1,4,2,1,3,3,2,2,3,1,2,1,2,2,1,2,1,1,3,3,3,1,3,2,2,1,4,2,1,1,2,1,1,2,4,1,1,3,2,1,3,2,1
2137,12,7,5,,10,1,12,1,2,6,3,3,,,12,1,11,31,10,11,14,7,4,4,8,10,9,12,,5,,10,2,,4,,2,20,4,,,2,,1,1,,3,10,1,,,2,20,7,10,,1,1,,7,19,20,1,15,,1,4,1,,21,6,6,1,2,12,,3,,26,,2,2,2,16,8,3,16,1,1,1,2,19,,,,3,1,,,1
2138,16,1,12,,8,30,8,7,,4,,,,,10,12,10,35,1,11,16,1,13,8,10,7,10,6,,8,,,25,,,,11,17,4,,,6,,,7,,8,15,14,,,8,18,3,14,,2,13,,10,18,26,12,12,,,7,,,19,9,7,6,10,10,,,7,21,5,9,9,7,10,12,,17,10,11,,,18,,,,9,1,,,
2139,1,3,2,1,2,3,1,1,1,2,3,2,2,2,1,1,4,2,2,1,2,2,1,3,2,3,1,2,3,2,2,2,2,1,3,3,3,3,4,2,4,3,3,3,3,2,2,1,2,1,2,2,3,2,3,3,3,2,3,2,2,3,2,3,2,2,2,2,3,4,2,3,1,2,1,3,2,2,2,1,2,4,2,1,3,3,1,3,3,2,2,2,2,3,2,1,2,3,2,4
2140,2,1,3,2,2,2,1,3,2,2,3,2,2,3,1,2,1,1,2,2,1,2,2,4,2,3,4,3,3,4,3,1,1,1,2,5,2,2,3,1,2,2,1,4,2,3,1,1,4,3,2,1,4,3,1,1,4,3,2,2,2,2,1,2,1,2,2,3,3,2,1,3,1,1,1,2,1,2,3,3,1,1,1,2,3,2,3,2,3,2,1,4,2,2,2,3,2,3,4,3
2141,10,14,15,,3,13,9,9,,4,,3,,,13,13,4,12,11,7,15,11,19,9,10,12,14,20,,11,,,13,,,,12,11,11,,,13,,,10,,9,5,16,3,,8,1,6,2,,17,12,1,11,20,25,14,16,,,1,,,14,9,10,9,4,13,14,,,19,,10,8,4,12,6,,21,15,13,,,15,,,,9,16,,,
2142,0,0,0,0,0,0,0,0,0,0,0,0,0,0,0,0,0,0,0,0,0,0,0,0,0,0,0,0,0,0,0,0,0,0,0,0,0,0,0,0,0,0,0,0,0,0,0,0,0,0,0,0,0,0,0,0,0,0,0,0,0,0,0,0,0,0,0,0,0,0,0,0,0,0,0,0,0,0,0,0,0,0,0,0,0,0,0,0,0,0,0,0,0,0,0,0,0,0,0,0
2143,12,13,11,,11,25,1,3,,9,,,,,6,9,13,35,1,13,12,10,9,9,,13,27,12,,11,,,18,,,,14,14,9,,,13,,,10,,5,12,13,,,9,21,12,19,,20,2,,12,19,19,15,3,,,7,,,24,12,12,9,8,13,,,,10,,2,5,6,11,,,19,2,13,,,18,,,,10,21,,,
2144,17,10,8,,10,31,10,10,,7,,,,,12,13,11,33,5,11,8,9,5,10,11,9,27,13,,2,,,21,,,,8,12,9,,,11,,,10,,10,15,7,,,4,20,13,18,,16,14,,7,15,24,13,17,,,10,,,21,9,11,5,14,1,5,,,22,,10,7,3,14,4,,19,15,12,,,14,,,,7,20,,,
2145,5,11,3,,11,15,12,10,,6,,2,,,13,16,5,20,14,4,11,11,18,3,8,11,13,20,,10,,,19,,,,8,3,12,10,,12,,4,3,,7,11,12,,9,9,7,9,18,5,9,13,7,1,11,25,8,14,,,12,,,22,10,12,9,4,9,1,,,23,,12,4,7,3,13,,5,9,13,,5,12,,,,10,16,,,1
2146,4,3,8,,17,10,15,15,1,6,,,,,19,20,10,3,19,13,12,1,21,11,14,24,9,5,,18,,,20,10,,10,9,8,11,9,2,17,,,7,12,23,25,13,,4,10,6,18,26,,3,23,1,9,,,7,8,1,,18,,,18,11,25,22,14,19,10,2,2,12,,13,10,1,7,,17,7,12,12,13,,7,,,,,10,17,,18
2147,3,1,1,1,1,1,3,4,3,2,3,1,2,1,3,2,4,2,2,3,4,4,3,1,2,3,2,2,2,4,3,4,2,3,2,3,1,3,1,1,2,2,1,4,2,2,2,3,3,1,3,2,4,2,3,1,4,3,3,2,3,2,3,1,4,1,2,1,4,2,3,2,2,1,3,4,3,2,2,2,3,2,1,1,1,3,2,1,2,3,1,2,3,3,3,2,1,3,1,1
2148,13,11,5,,7,25,8,9,,3,,,,,9,2,4,34,4,13,12,6,2,10,9,10,29,19,,8,,,17,,,,10,19,11,,,10,,,6,,13,11,8,,,3,19,12,17,1,19,13,,7,14,23,13,15,,,3,,,22,11,11,8,7,10,,1,,23,,12,2,8,15,11,,18,12,12,,,19,,,,9,18,,,
2149,6,10,13,,11,23,11,8,,6,,,,,10,4,11,34,10,13,18,10,14,2,1,10,27,17,,9,,,10,,,1,13,18,7,,,12,,,8,,12,11,15,,,8,19,12,7,,26,11,1,7,18,25,14,15,,,11,,,7,11,4,8,11,8,,5,,25,3,11,4,6,2,14,,15,11,12,,,18,,,,7,20,,,
2150,0,0,0,0,0,0,0,0,0,0,0,0,0,0,0,0,0,0,0,0,0,0,0,0,0,0,0,0,0,0,0,0,0,0,0,0,0,0,0,0,0,0,0,0,0,0,0,0,0,0,0,0,0,0,0,0,0,0,0,0,0,0,0,0,0,0,0,0,0,0,0,0,0,0,0,0,0,0,0,0,0,0,0,0,0,0,0,0,0,0,0,0,0,0,0,0,0,0,0,0
2151,6,10,12,,9,32,11,10,,9,,,,,8,11,10,3,7,10,15,7,15,9,12,9,22,17,,9,,,5,,,,11,17,9,,,12,,,6,,11,14,7,,,9,12,7,18,,27,12,,11,19,25,3,13,,,1,,,22,13,12,10,12,9,,,,20,,9,6,7,12,17,,18,13,11,,,19,,,,9,20,,,
2152,10,3,7,,17,11,17,15,,4,,,,2,10,19,5,4,18,7,3,7,21,9,13,25,11,5,,24,,,9,9,,8,8,9,11,13,,19,,,6,13,22,27,13,,6,9,7,18,25,,6,24,,8,,,6,6,,,16,,,19,9,25,19,1,19,10,,,12,1,14,12,4,1,,16,2,20,10,2,,5,,,,3,12,10,,4
2153,4,9,13,,10,30,11,7,,8,,,2,,12,5,8,35,11,10,17,10,13,4,6,10,23,17,,11,,,24,,,,10,20,10,,,12,,,4,,13,12,6,,,5,18,6,18,,27,4,,6,19,25,13,9,,,10,,,14,12,12,8,13,14,,,,26,,4,7,2,16,12,,13,13,12,,,17,,,,11,21,,,
2154,4,2,2,3,1,2,4,3,1,3,1,3,3,3,4,3,2,2,1,3,3,3,2,2,2,1,2,1,1,3,1,1,1,2,2,1,2,2,2,1,1,3,3,3,3,1,2,4,2,2,2,3,3,2,1,2,2,4,1,2,2,3,3,1,3,1,1,1,3,3,2,3,1,1,2,1,2,2,4,1,1,2,2,3,2,3,2,3,2,2,2,1,2,3,2,1,2,1,1,1
2155,3,13,11,,4,24,8,8,,8,,,,,3,14,12,25,12,16,15,10,16,9,12,8,30,19,,8,,,16,,,,11,13,9,,,11,,,9,,12,11,14,,,4,18,13,17,,29,8,,9,21,26,16,8,,,10,,,22,5,9,10,13,10,5,,,17,,5,9,7,17,5,,19,12,13,,,14,,,,8,6,,,
2156,10,7,6,,15,8,14,16,,4,,,,,19,20,2,5,18,11,15,8,19,9,8,23,8,23,,13,,,8,9,,3,11,11,12,11,6,19,,,2,9,19,24,12,,2,11,2,15,26,,5,21,,4,,,6,5,,,18,,,21,12,25,21,8,16,10,,,17,,13,16,10,6,,2,4,9,12,6,,9,,,,,10,16,,16
2157,,,19,,,30,,14,,4,,,,,,16,,47,,18,7,,,12,,,34,17,,,,,32,,,,26,24,12,,,9,,,,,1,22,19,,,12,,15,15,,,16,,15,8,,,13,11,9,,,,31,27,7,22,19,,2,,,12,,,,16,11,19,,,,3,,,,,,,13,27,,,
2158,12,9,2,,17,5,18,13,,5,,,,,19,10,7,6,18,12,12,7,21,11,6,20,6,2,,20,,,14,1,,4,10,5,9,12,,17,,,8,12,1,23,11,,4,6,8,1,25,,8,20,,10,2,,5,4,,,14,,5,22,12,23,10,11,19,6,,1,11,,8,10,12,2,,15,3,16,6,9,1,10,,1,,,5,1,,6
2159,,,13,,,17,,16,,,,,,,,19,,48,,17,3,,,14,,,28,25,,,,,31,,,,23,15,22,,,4,,,,,15,21,18,,,17,,17,8,,,18,,15,7,,,,7,13,,,,25,25,,23,17,,,,,7,,,,12,14,,,,,19,,,,,,,17,25,,,
2160,1,8,4,,15,6,16,13,,9,,,,,20,18,9,7,19,13,7,4,20,12,10,1,7,20,,20,,,9,9,,3,12,9,12,1,,19,,,4,17,22,23,14,,5,11,8,15,25,,10,23,,3,,,8,9,,,19,,,15,8,27,24,11,18,13,,,5,,12,15,12,8,,9,6,21,13,12,,5,,1,,,11,16,,17
2161,8,12,2,,11,27,9,7,7,9,,,,,9,14,7,35,11,14,15,10,15,9,6,11,28,10,,11,,,21,,,,10,18,10,,,10,,,7,,12,15,13,,,5,21,13,3,,26,14,,11,20,24,13,14,,,12,,,22,9,12,8,11,6,,,,27,,10,8,5,14,18,,17,10,6,,,13,,,,10,21,,,
2162,10,3,8,,18,10,16,17,,5,,1,,,19,13,11,3,20,6,10,1,5,9,7,4,14,4,,12,1,,5,8,2,6,9,9,9,11,,20,1,,3,13,22,1,3,,2,11,2,19,22,,4,2,,3,23,,7,9,,,17,,,19,12,25,16,13,14,13,,1,8,,12,8,6,6,,16,1,14,11,10,,2,,,,,11,16,,16
2163,15,14,11,,8,18,11,11,,6,,,,,11,13,12,31,1,12,16,10,1,8,10,9,27,15,,4,,,11,,,,12,18,11,,4,12,,8,6,,13,14,14,,,8,3,12,19,2,1,12,,2,19,24,13,13,,,12,,3,14,6,13,4,1,10,,,1,24,,2,9,7,11,17,,14,9,12,,,19,,,4,9,20,,,
2164,1,1,5,2,1,2,2,3,4,2,1,1,1,3,1,3,1,1,1,2,2,2,2,3,3,2,2,1,2,2,2,1,2,2,1,3,3,3,1,2,3,3,3,3,2,2,2,4,1,4,1,1,2,1,2,2,5,2,2,3,3,3,3,1,1,3,3,2,1,2,4,2,2,2,1,2,1,3,2,1,4,3,2,2,3,2,3,3,3,2,3,3,4,3,2,1,5,2,1,1
2165,1,2,1,1,2,1,2,3,1,1,4,1,2,4,2,1,1,3,1,1,1,1,3,1,2,1,3,1,4,1,1,2,1,3,1,2,2,1,3,2,2,2,2,1,2,3,1,4,3,1,3,1,1,3,1,1,1,2,1,1,1,2,2,1,1,2,2,1,1,2,2,2,3,2,1,1,1,2,2,2,2,2,1,1,2,1,1,1,2,1,1,1,2,3,2,1,2,4,2,1
2166,12,7,7,,17,9,16,15,,7,,,,1,19,6,10,5,1,8,11,7,16,10,12,23,13,21,7,22,,,5,9,,2,10,9,8,12,,13,,7,6,8,18,22,13,,4,7,4,15,25,,8,20,2,9,,,7,7,,,9,,,15,12,1,21,15,10,11,,,14,,8,9,11,5,,9,4,20,9,10,,5,,,,,11,19,,15
2167,2,11,9,2,3,6,7,,5,12,2,2,2,1,19,16,,6,4,3,5,2,22,3,12,24,14,26,,,,,6,4,3,1,17,14,3,3,,15,3,,13,,5,,2,,5,14,2,6,2,,,3,1,16,,1,1,,,,21,5,,1,12,4,3,4,3,1,,,9,,13,,,2,19,3,11,,2,16,2,4,1,2,,,1,18,3,5
2168,5,13,2,4,1,13,1,1,1,1,1,,,1,,27,3,1,1,1,,1,2,3,2,1,10,5,1,,4,1,1,4,1,,1,15,1,,1,,,2,10,1,2,1,1,1,,1,13,1,,,1,8,,2,3,1,3,2,,14,1,1,1,3,4,30,6,,1,1,2,,8,3,1,1,1,3,2,1,3,3,1,1,3,1,2,1,1,14,1,2,,
2169,15,13,4,,7,28,6,8,,8,,3,,,10,10,11,33,6,9,14,11,16,8,13,9,22,15,,11,,,15,,,,9,17,9,,,2,,,4,,9,13,14,,,8,20,13,18,,24,14,,10,21,8,12,14,,,11,3,,22,13,9,8,12,8,,,,22,,1,8,8,13,16,,4,14,12,,,15,,,,4,20,,,
2170,6,13,11,4,11,6,10,13,6,10,,,,8,14,8,7,4,9,5,17,,17,12,13,6,10,22,,,,,26,6,,4,8,7,3,1,9,1,,1,13,5,6,,6,5,,4,4,22,,,7,,5,14,16,3,5,13,,,,10,8,11,8,3,12,5,16,,,6,28,2,4,15,11,3,9,3,24,17,12,,,2,,,7,,5,8,3,
2171,,,18,,,35,,15,,,,,,,,17,,48,,17,13,,,11,,,40,26,,,,,29,,,,17,23,22,,,7,,,12,,14,15,17,,,16,,20,16,,1,22,,14,9,,,,7,10,,,,32,25,,24,16,,,,,12,,,,16,8,,,,,17,,,,,,,18,21,,,
2172,0,0,0,0,0,0,0,0,0,0,0,0,0,0,0,0,0,0,0,0,0,0,0,0,0,0,0,0,0,0,0,0,0,0,0,0,0,0,0,0,0,0,0,0,0,0,0,0,0,0,0,0,0,0,0,0,0,0,0,0,0,0,0,0,0,0,0,0,0,0,0,0,0,0,0,0,0,0,0,0,0,0,0,0,0,0,0,0,0,0,0,0,0,0,0,0,0,0,0,0
2173,2,2,8,,18,11,17,13,,9,,,,,18,19,10,10,18,2,12,9,19,10,12,22,3,22,,23,,,4,8,,7,13,6,8,10,3,18,,,6,3,23,20,12,,1,11,5,19,23,,9,2,,9,,,5,6,,,16,,5,18,11,2,23,12,20,3,,,13,2,6,6,6,5,,15,7,13,4,4,,8,,,,,8,4,,14
2174,14,11,11,2,8,30,3,9,,8,,,,,10,5,11,1,10,13,9,8,1,8,8,10,26,17,,10,,,23,,1,,8,19,5,,,11,,,3,,11,3,13,,,7,15,2,20,,25,12,,9,16,8,13,2,,,11,,,2,10,13,9,12,9,4,,,19,,8,4,4,16,16,,17,15,13,,,20,,,,8,18,,,
2175,11,14,11,1,3,12,8,1,1,3,1,,1,,1,6,5,10,13,1,16,8,1,9,10,6,1,1,,3,1,,5,1,,,,18,12,13,3,13,,7,6,11,15,16,14,,,8,7,2,7,,1,14,1,1,19,,1,3,,,16,,1,1,6,12,2,9,12,,,,16,3,1,8,7,12,10,,6,1,13,3,,10,,1,,,7,1,,
2176,2,13,11,,10,28,7,10,,9,,,,,7,13,11,15,9,16,15,7,16,8,9,11,29,17,,10,,,3,,,,2,19,7,,,12,,,9,,14,9,17,,,9,20,1,6,,26,12,,10,18,25,16,10,,,10,,,19,11,11,10,13,11,,,,26,2,10,7,6,11,9,,19,6,12,,,11,,,,6,19,,,
2177,15,13,10,,10,19,9,9,,7,,,,,12,13,11,36,11,16,16,7,15,9,12,2,19,3,,11,1,,24,,,,1,17,8,,,10,,,6,,11,12,14,,,7,20,9,18,,25,12,,11,17,27,15,14,,,8,,2,1,3,12,7,13,8,,,,26,,11,7,4,15,16,,21,1,1,,,4,,4,,10,17,,,
2178,9,13,2,1,7,7,1,6,2,2,,,1,2,,1,13,1,1,12,1,1,21,5,13,18,1,1,5,21,2,3,1,6,2,13,13,14,4,1,9,19,1,5,9,6,17,1,2,,8,1,12,1,2,,1,2,1,2,1,1,11,10,6,1,1,1,3,18,8,25,3,14,5,6,1,1,1,,1,14,7,1,,1,1,4,1,1,3,2,,,,11,1,4,1,8
2179,3,2,2,3,1,2,1,2,4,3,1,1,2,2,4,2,2,1,1,2,4,2,2,3,4,2,1,2,1,3,1,1,1,2,1,3,4,3,1,1,4,3,3,3,2,2,1,3,3,1,1,1,1,2,4,1,2,1,2,1,1,2,2,1,1,1,2,2,1,3,2,1,2,1,1,4,1,1,2,1,3,1,2,1,1,1,1,1,1,2,1,1,1,1,3,1,2,3,1,1
2180,17,14,7,,2,31,4,1,,5,,,,,3,13,10,33,3,8,16,7,6,9,8,7,1,19,,11,,2,24,,,,9,18,9,,,9,,,8,,12,16,8,,,8,16,13,11,,27,15,,7,19,3,1,2,,,9,,,20,11,11,5,12,11,,,,3,,12,7,1,11,4,,20,1,11,,,19,,,,9,17,,,
2181,9,8,2,,14,9,14,15,,10,,,,,19,17,4,1,20,14,10,6,21,12,13,23,7,22,,18,,,12,2,6,9,13,6,10,8,,20,,,8,11,20,19,12,,1,11,8,18,26,,4,4,,12,,23,4,7,,,18,,,17,13,28,25,12,18,10,,,15,,13,15,6,7,,16,7,22,13,12,,9,,9,,,9,5,,4
2182,15,,8,,10,17,10,10,7,8,,,,,11,13,11,13,11,17,17,1,3,8,5,11,30,20,,1,,1,16,,,,12,18,9,,,14,,6,10,6,1,25,1,2,,9,2,5,19,1,12,8,,9,17,26,14,13,,,11,,3,16,9,13,10,10,1,2,,,26,,12,9,4,1,17,,19,16,13,,,11,,,,9,6,,,
2183,14,10,12,,8,25,9,6,,4,,,,,13,3,10,33,9,12,15,10,12,4,12,10,28,14,,9,,3,22,,,,9,18,10,,,13,1,,7,,12,14,7,,,4,19,11,20,,27,1,,7,16,24,12,16,,,11,,,23,10,12,3,9,11,4,,,26,,9,8,6,15,17,,5,2,13,,,21,,,,7,22,,,
2184,3,3,1,1,3,2,1,2,3,1,3,3,2,2,1,1,3,3,3,2,2,1,2,2,3,2,3,3,2,3,1,3,2,3,3,3,2,2,1,2,3,1,3,4,3,2,2,2,2,3,3,1,1,1,1,1,1,1,2,3,2,2,3,2,1,1,2,2,2,2,1,3,3,1,3,2,2,1,2,3,1,1,1,2,1,2,3,2,2,4,3,4,2,2,3,1,3,3,2,1
2185,13,6,6,,10,18,1,9,1,2,,1,,,11,11,10,34,1,14,14,9,15,9,12,6,12,19,4,12,,9,24,,,,12,1,4,1,,12,,8,10,,6,6,12,,,7,2,12,8,,7,4,1,8,19,26,3,16,,,10,1,5,22,6,5,2,11,5,,,6,25,5,4,6,8,16,5,,18,13,14,,,1,,,,6,17,,,
2186,16,9,2,2,12,16,12,9,,5,,1,,1,12,15,4,2,13,5,1,10,17,2,10,12,15,4,,4,,,14,,,,10,2,4,18,,10,,7,6,,1,7,13,,,9,8,16,4,,1,9,,12,13,22,8,16,,,13,,,21,3,13,12,3,2,1,,,22,,3,4,6,1,15,,4,15,7,13,6,16,,,,10,20,,,
2187,16,11,12,1,12,30,6,9,,1,,1,,,11,12,9,32,7,13,17,8,7,2,13,6,28,18,,9,,,21,,,,13,19,9,,,11,,,6,,10,11,11,,,9,19,12,9,,24,13,,3,17,23,8,12,,,11,,,22,13,2,10,11,10,,,,20,,11,3,8,15,13,,16,13,13,,,17,,,,10,21,,,
2188,0,0,0,0,0,0,0,0,0,0,0,0,0,0,0,0,0,0,0,0,0,0,0,0,0,0,0,0,0,0,0,0,0,0,0,0,0,0,0,0,0,0,0,0,0,0,0,0,0,0,0,0,0,0,0,0,0,0,0,0,0,0,0,0,0,0,0,0,0,0,0,0,0,0,0,0,0,0,0,0,0,0,0,0,0,0,0,0,0,0,0,0,0,0,0,0,0,0,0,0
2189,12,8,9,,1,30,5,4,,3,,1,2,,4,3,4,24,4,9,14,3,4,1,3,10,20,4,3,11,4,,20,,2,,5,3,2,4,,12,1,,5,,12,15,11,,3,10,19,14,4,,21,4,,8,18,24,12,15,,,8,,,3,3,1,5,10,2,,,,2,3,7,8,2,4,8,,5,13,11,4,3,17,,1,,8,19,,,6
2190,3,3,3,1,4,1,1,4,2,2,3,2,2,2,2,2,4,3,2,2,2,1,1,2,2,2,3,1,2,3,1,2,2,2,1,2,2,3,1,2,2,3,2,1,2,4,1,3,2,3,1,2,3,2,2,1,2,2,1,1,3,2,2,2,3,1,1,2,2,2,1,2,2,3,2,1,3,1,1,3,2,2,2,1,2,2,3,3,3,1,1,2,1,4,1,3,3,3,2,2
2191,15,10,7,2,10,30,11,7,,1,,,,,12,12,9,33,11,13,19,8,15,8,9,1,28,13,,1,,3,17,1,,,12,18,9,,,13,,,4,,12,14,13,,,4,15,10,1,,23,6,,7,17,24,16,15,,,6,,,19,2,9,7,13,10,,,,20,,8,3,3,14,15,,18,10,11,,,18,,,,9,22,1,,1
2192,,,18,,,33,,18,,,,,,,,18,,47,,18,12,10,,15,,,40,27,,1,,,27,,,,17,23,13,,,11,,,8,,15,23,15,,,17,,19,15,,,17,,14,3,,,,11,7,,,,32,28,,19,16,1,,,,12,,,,11,14,,,,,19,,,,,,,15,25,,,
2193,11,8,2,,1,12,15,15,,7,1,,,,17,19,6,6,18,11,1,7,2,11,13,1,15,6,,1,1,,7,8,,4,12,6,7,13,,17,,,7,11,19,21,14,,5,9,9,16,25,,10,20,2,2,,,2,5,,,15,1,4,24,10,25,19,12,19,12,,,15,,14,10,10,8,,17,5,11,12,13,,7,,6,,1,3,16,,2
2194,11,11,6,,4,30,10,9,,1,,2,,,12,14,11,32,11,13,16,9,12,9,11,4,28,18,,2,,,18,,,,12,18,11,,,14,,,8,,7,15,14,,,5,21,1,16,,22,15,,12,20,23,15,14,,,10,,,22,10,4,8,8,12,,4,5,18,,9,7,3,15,6,,16,9,13,,,12,,,,2,19,,,
2195,1,1,1,1,1,1,1,1,1,1,1,1,1,1,1,1,1,1,1,1,1,1,1,1,1,1,1,1,1,1,1,1,1,1,1,1,1,1,1,1,1,1,1,1,1,1,1,1,1,1,1,1,1,1,1,1,1,1,1,1,1,1,1,1,1,1,1,1,1,1,1,1,1,1,1,1,1,1,1,1,1,1,1,1,1,1,1,1,1,1,1,1,1,1,1,1,1,1,1,1
2196,14,10,11,4,10,29,2,7,,7,,,,,10,8,6,33,11,12,11,6,12,7,9,9,27,16,,3,,,16,,,,12,19,10,,,7,1,,8,,14,14,12,,,6,16,9,19,,26,8,,11,18,26,10,15,,,8,,,20,2,10,8,11,11,,,,21,,9,5,1,6,18,,19,6,9,,,17,,,,10,20,,,
2197,7,4,6,,11,5,9,15,,3,,,,,18,19,10,6,17,12,14,7,18,9,12,23,14,23,,23,,,11,7,,7,10,9,7,10,,16,,,3,10,20,22,13,,3,12,7,14,26,,4,24,,10,21,,9,8,,7,18,,,18,10,24,23,13,17,13,,,6,,6,15,11,8,,18,5,17,13,10,,7,,,,,12,18,,16
2198,16,12,10,,12,25,10,9,,7,,,,,11,10,9,17,9,13,16,10,10,9,10,10,26,14,,11,,9,19,,,,12,19,12,,,11,3,,9,,11,14,15,,,7,19,10,15,,21,1,,7,18,23,13,11,,,9,,,7,1,12,3,11,1,,,5,24,,11,8,6,16,16,,17,12,13,,,18,,,,10,21,,,
2199,9,13,10,,9,30,11,11,,6,,,,,7,12,10,31,10,15,16,4,16,10,1,8,29,16,,9,,1,24,,,,10,17,9,,,4,,,2,,9,12,6,,,8,18,12,19,,26,15,,10,18,26,14,15,,,12,,,21,14,11,8,7,11,,,,27,,8,7,7,13,13,,18,14,10,,,18,,,,7,15,,,
2200,1,1,3,3,2,3,3,2,2,3,1,2,4,2,1,1,3,3,3,3,2,1,1,2,4,3,1,1,1,1,1,2,2,3,3,2,3,3,4,3,2,1,3,1,1,2,2,1,1,1,2,2,4,3,1,3,3,2,3,1,3,1,3,3,2,3,1,3,2,2,3,1,1,2,4,4,1,3,2,2,2,3,1,5,2,2,4,2,2,3,2,3,3,1,2,2,3,3,3,3
2201,0,0,0,0,0,0,0,0,0,0,0,0,0,0,0,0,0,0,0,0,0,0,0,0,0,0,0,0,0,0,0,0,0,0,0,0,0,0,0,0,0,0,0,0,0,0,0,0,0,0,0,0,0,0,0,0,0,0,0,0,0,0,0,0,0,0,0,0,0,0,0,0,0,0,0,0,0,0,0,0,0,0,0,0,0,0,0,0,0,0,0,0,0,0,0,0,0,0,0,0
2202,,,19,,,33,,16,,,,,,,,18,,47,,18,10,,,17,,,42,27,,,,,29,,,,22,20,19,,,9,,,,,13,17,16,,,16,,21,16,,2,20,,17,7,,,,8,6,,,,33,15,,13,15,,,,,11,,,,14,14,,,,,15,,,,,,,12,26,,,
2203,10,9,12,,3,29,2,5,,9,,,,,10,6,14,35,11,13,17,9,12,7,8,10,9,18,,11,,,22,1,,,11,14,11,,,11,,,10,,10,14,13,,,6,13,11,21,,26,3,,10,8,24,1,14,,,2,,,20,14,10,7,2,7,,,,25,,11,2,5,11,17,,5,14,11,,,12,,,,10,14,,,
2204,6,12,2,1,1,10,2,18,,12,4,,,1,,24,2,7,2,10,,1,5,3,1,17,10,4,5,22,3,2,2,1,1,,,14,2,,5,2,1,1,1,6,4,2,2,2,,,16,4,,,4,8,,2,1,,1,3,1,12,5,,2,1,1,28,1,16,2,1,2,,6,5,,1,8,3,,4,6,3,,4,,,3,4,1,13,3,1,,
2205,14,1,8,,2,20,11,10,2,7,,4,,,11,14,5,31,15,4,16,9,12,7,13,12,17,18,,7,,,3,,,,13,1,9,,,11,1,,11,1,12,8,15,4,,8,4,13,2,,17,7,,8,21,24,1,16,,,11,,,24,10,1,10,10,13,12,,3,18,,11,1,5,13,7,,20,13,11,13,,16,,,,8,16,,,
2206,0,0,0,0,0,0,0,0,0,0,0,0,0,0,0,0,0,0,0,0,0,0,0,0,0,0,0,0,0,0,0,0,0,0,0,0,0,0,0,0,0,0,0,0,0,0,0,0,0,0,0,0,0,0,0,0,0,0,0,0,0,0,0,0,0,0,0,0,0,0,0,0,0,0,0,0,0,0,0,0,0,0,0,0,0,0,0,0,0,0,0,0,0,0,0,0,0,0,0,0
2207,8,2,8,5,11,2,9,13,7,7,,,2,4,6,3,4,3,5,4,,,3,13,15,1,3,20,,,,,24,8,,6,2,8,2,2,4,,9,3,12,3,4,,4,3,4,9,4,21,,,7,,6,15,16,4,3,4,,4,,6,4,4,3,1,13,3,14,,,3,4,3,1,15,12,,7,5,22,19,12,,,2,,3,3,2,4,6,6,
2208,14,1,11,2,1,3,2,5,,1,,1,2,,2,1,1,1,1,1,1,1,16,9,10,1,1,3,3,2,4,,1,1,1,1,1,2,1,2,,1,1,1,1,,7,10,9,1,1,1,1,1,3,1,26,14,,3,1,2,1,1,1,1,6,1,1,1,1,1,1,3,1,4,2,1,1,1,1,2,7,10,11,,4,2,1,,,1,1,,1,3,19,,1,1
2209,16,14,5,2,11,29,12,11,,6,,,,,12,5,10,2,11,17,12,11,16,9,12,13,27,18,,1,,,19,,,,12,11,10,,,12,,,9,,5,9,15,,,7,19,14,2,,14,10,,10,21,26,15,15,,1,12,,,23,7,12,11,9,11,9,,,18,,4,9,4,4,,,21,14,13,,,11,,,,7,17,,,
2210,1,1,2,3,1,1,2,2,1,1,2,1,1,1,1,3,2,2,2,2,1,1,2,2,1,1,2,1,1,1,1,2,2,3,2,1,1,3,2,1,1,3,1,2,3,1,2,1,1,4,1,1,3,1,2,4,3,2,1,1,1,3,2,5,2,1,1,1,3,1,1,3,1,1,3,4,2,1,2,2,2,1,1,4,1,2,2,1,2,2,1,1,2,2,2,2,1,2,3,1
2211,13,15,6,,11,16,9,8,,6,,4,,,12,13,2,20,13,15,16,8,17,7,11,12,13,20,,8,,,18,,,,11,12,11,,,12,,1,10,,4,9,13,,10,9,9,15,15,,16,11,,2,13,25,3,13,,5,12,,,23,6,13,9,11,11,4,,5,19,,11,10,4,6,4,,8,15,10,,,15,,,6,8,6,,,
2212,3,1,3,2,2,3,2,4,1,2,1,2,2,2,2,2,1,3,2,4,1,3,5,4,1,2,4,1,1,1,1,2,1,2,2,4,1,1,1,2,2,1,3,3,5,2,1,3,1,3,2,1,1,2,2,1,1,1,3,1,1,2,1,1,1,1,1,1,4,1,1,2,1,1,3,3,2,2,2,3,2,3,2,1,1,1,3,2,1,1,3,3,1,2,2,1,1,4,1,3
2213,2,2,1,2,1,3,3,2,1,3,4,1,2,2,4,2,3,1,2,3,1,1,1,4,2,2,1,2,1,3,1,2,1,1,2,3,1,3,4,4,1,1,2,2,1,3,2,2,4,3,3,1,1,1,3,1,4,1,1,1,1,1,2,1,1,2,2,1,2,1,2,2,1,1,2,3,2,2,4,1,3,3,3,4,2,1,3,3,3,3,1,4,2,1,2,1,1,2,1,1
2214,16,1,8,,12,3,1,10,,1,,3,,,15,13,1,16,20,10,16,4,16,9,11,13,1,18,3,2,4,1,5,12,,,7,13,9,7,,13,5,1,2,,5,5,9,,7,6,6,16,15,6,18,10,,4,13,20,6,3,,,3,,,15,1,1,10,4,8,1,,1,4,6,13,9,6,4,3,,14,15,15,14,6,15,2,,,1,20,18,,1
2215,15,12,12,1,9,10,11,11,,5,,,,,9,2,4,34,4,15,12,3,1,7,9,4,27,15,,7,,,23,,,,4,17,7,,,2,,,9,,6,14,7,1,,6,16,11,18,,24,14,,7,2,20,3,10,1,2,9,1,,8,1,2,2,1,6,,4,,26,,1,6,2,12,11,,14,13,11,,,17,,,,3,19,,1,7
2216,3,2,1,1,2,1,2,3,2,3,2,2,2,3,1,3,1,3,3,1,2,4,1,3,3,3,1,3,3,1,3,1,2,1,1,4,1,1,2,2,1,1,2,2,1,2,3,4,3,3,2,1,1,1,1,3,1,3,1,1,3,4,3,2,1,1,1,3,2,1,3,1,4,3,4,1,1,4,2,3,3,2,3,3,2,2,3,1,2,2,2,2,2,1,3,1,3,2,2,3
2217,2,7,10,2,,5,22,11,,6,,,,,3,28,9,12,20,2,6,6,5,9,1,4,6,2,6,15,,,16,8,,10,6,10,6,6,,19,,,10,15,27,,4,3,5,2,6,18,27,1,10,24,,6,27,,5,3,,,16,,3,24,15,30,1,7,15,17,6,,13,,13,6,9,3,1,,7,21,14,12,,2,,1,,,9,17,,21
2218,0,0,0,0,0,0,0,0,0,0,0,0,0,0,0,0,0,0,0,0,0,0,0,0,0,0,0,0,0,0,0,0,0,0,0,0,0,0,0,0,0,0,0,0,0,0,0,0,0,0,0,0,0,0,0,0,0,0,0,0,0,0,0,0,0,0,0,0,0,0,0,0,0,0,0,0,0,0,0,0,0,0,0,0,0,0,0,0,0,0,0,0,0,0,0,0,0,0,0,0
2219,15,11,7,,5,1,2,8,1,6,,,,,15,15,1,12,13,8,1,4,17,10,12,10,15,19,1,3,5,,6,1,,1,5,14,10,6,,13,,8,8,,4,6,10,1,5,7,6,11,16,7,19,9,,3,17,21,1,4,7,,4,6,,16,12,1,11,12,8,2,,1,5,1,9,8,7,16,2,,15,14,15,13,,16,,,1,9,20,1,1,2
2220,0,0,0,0,0,0,0,0,0,0,0,0,0,0,0,0,0,0,0,0,0,0,0,0,0,0,0,0,0,0,0,0,0,0,0,0,0,0,0,0,0,0,0,0,0,0,0,0,0,0,0,0,0,0,0,0,0,0,0,0,0,0,0,0,0,0,0,0,0,0,0,0,0,0,0,0,0,0,0,0,0,0,0,0,0,0,0,0,0,0,0,0,0,0,0,0,0,0,0,0
2221,1,6,11,,11,22,12,7,,9,,,,,4,13,12,35,9,15,16,3,14,3,11,9,29,19,,7,,9,23,,,,6,12,7,,,10,,,10,,11,10,15,,,6,20,13,21,,11,15,,10,19,25,14,9,5,,5,,,18,2,8,7,12,11,,,,25,,10,9,8,16,17,,15,14,12,,,17,,,,8,14,,,1
2222,3,12,5,,9,20,10,10,9,2,,,,,5,13,12,30,10,10,16,5,15,7,10,1,30,17,,10,,8,25,,4,,12,3,2,,,12,,,6,,13,14,13,,,5,21,6,14,,9,15,,8,19,26,15,15,,,13,4,,23,3,13,6,10,11,,,,27,,8,6,5,14,15,,17,13,9,,,17,,,,11,20,,,
2223,16,11,12,,2,27,4,12,,6,,,,2,11,12,8,34,11,15,16,8,14,3,10,10,7,14,,9,,,8,,,,12,18,5,,,12,,1,8,,4,14,8,,,8,20,11,10,5,27,12,,2,16,25,13,12,,,11,,,22,12,13,6,12,5,,,,12,,12,4,7,14,16,,13,15,11,,,17,1,,,1,21,,,
2224,16,14,2,,12,28,10,10,,8,,,,,10,12,3,1,11,12,5,9,13,2,4,11,9,16,2,8,,10,4,,,,1,15,9,,,12,,,10,,12,15,15,,,7,11,7,21,,19,13,2,11,17,22,12,14,,,7,,,22,11,13,5,10,1,,,,26,3,12,7,2,14,15,,17,13,12,,,19,,,,4,16,6,,
2225,,,10,,,32,,14,,,,,,,,18,14,38,,18,4,,,11,,,39,26,,17,,,30,,,,25,23,18,,,9,,,,,17,25,18,,,13,,22,10,,,25,,16,8,,,14,10,3,,,,32,17,,23,18,,,1,,12,,,,12,10,,,,,19,,,,,,,18,25,,,
2226,5,13,1,,12,21,12,10,,7,,,,,3,14,11,24,12,7,14,4,17,8,11,9,15,16,,4,7,,15,,,,2,15,8,,,9,,,10,,5,12,12,4,,8,20,7,4,,6,9,,12,20,26,10,12,,3,11,,,21,10,11,11,12,7,8,,,26,,9,5,4,16,14,,17,13,13,,4,15,,,,3,20,,,
2227,4,2,4,5,2,7,17,14,,2,,,,,19,23,7,5,17,4,8,7,16,12,2,23,6,21,,2,,,7,7,,5,12,9,8,1,,18,,,6,15,22,1,1,,5,11,8,20,25,,9,26,,3,,,4,6,,1,14,,,23,8,31,3,5,14,15,,,12,4,12,2,11,4,,16,2,17,2,13,,7,,4,,,1,16,2,2
2228,9,6,8,,13,9,17,2,,5,,,,,20,20,11,6,19,9,14,6,1,9,9,22,13,21,,12,,5,13,3,2,10,16,2,9,9,,19,1,,7,12,20,23,13,,6,5,10,2,25,,10,17,,9,,,4,4,,,16,,,19,6,25,9,12,19,,,,2,,11,10,13,5,,16,7,21,10,,,9,,,,,8,10,,5
2229,0,0,0,0,0,0,0,0,0,0,0,0,0,0,0,0,0,0,0,0,0,0,0,0,0,0,0,0,0,0,0,0,0,0,0,0,0,0,0,0,0,0,0,0,0,0,0,0,0,0,0,0,0,0,0,0,0,0,0,0,0,0,0,0,0,0,0,0,0,0,0,0,0,0,0,0,0,0,0,0,0,0,0,0,0,0,0,0,0,0,0,0,0,0,0,0,0,0,0,0
2230,1,5,2,,2,3,18,1,,2,,,,,12,7,7,20,1,2,17,7,1,9,11,7,27,13,,25,,3,16,1,,13,4,9,10,2,,11,7,,9,13,2,2,4,,1,3,1,17,10,,5,14,,2,17,32,16,2,2,2,16,,1,20,14,28,2,5,10,8,,,13,,12,9,8,4,6,4,1,14,9,,,3,,,,,10,18,,
2231,9,8,5,,17,5,17,13,,6,,,,,19,13,3,10,19,8,11,8,20,10,12,2,1,4,,20,,,5,8,,12,12,8,9,9,,18,,,9,12,7,23,14,,6,2,8,13,19,,5,24,,5,,,8,5,,,15,,,20,8,25,20,13,17,6,,,4,,9,8,9,4,,14,1,16,14,5,,2,,,,,4,14,,11
2232,16,14,4,,10,19,10,9,,7,5,,,,8,14,1,1,13,14,17,11,14,7,6,4,6,7,,9,,,21,,,,10,17,11,,,11,,,5,,11,14,14,,,10,21,14,15,,25,14,,12,22,25,13,15,,,6,,,8,13,12,10,10,10,4,,,16,,8,8,5,5,15,,6,8,12,,,15,,,,7,18,5,,2
2233,0,0,0,0,0,0,0,0,0,0,0,0,0,0,0,0,0,0,0,0,0,0,0,0,0,0,0,0,0,0,0,0,0,0,0,0,0,0,0,0,0,0,0,0,0,0,0,0,0,0,0,0,0,0,0,0,0,0,0,0,0,0,0,0,0,0,0,0,0,0,0,0,0,0,0,0,0,0,0,0,0,0,0,0,0,0,0,0,0,0,0,0,0,0,0,0,0,0,0,0
2234,1,4,3,2,3,2,2,4,2,3,3,2,2,4,3,2,2,2,2,3,2,4,2,3,2,2,4,4,3,3,4,2,2,2,2,2,4,4,3,3,3,1,2,2,4,3,2,3,2,2,2,2,2,2,3,2,3,2,3,1,4,4,2,3,2,3,3,3,4,3,1,4,4,4,1,2,3,4,2,4,2,3,2,3,1,2,3,3,2,3,4,2,2,2,2,2,2,2,3,4
2235,7,13,4,,11,28,11,7,,4,,,,,5,10,5,31,8,15,17,5,3,4,7,7,29,14,,11,,,25,,,,11,13,3,,,12,,,9,,13,15,10,,,4,20,12,11,,28,13,,9,18,22,15,16,,4,2,,,23,11,13,6,13,1,,,,22,,10,9,6,15,15,,13,13,7,,,15,,,,11,17,,,
2236,10,4,4,,18,11,19,11,,8,,,,,19,18,9,4,15,5,11,8,17,11,7,24,11,21,,18,,,2,4,,11,7,9,10,13,,18,5,,6,13,21,23,2,,7,7,7,17,23,,2,24,,7,,,10,7,,,17,,,20,10,14,25,2,19,8,3,,4,,1,14,5,4,,3,3,19,8,14,6,10,,,,,9,16,,7
2237,1,2,1,3,3,1,3,1,1,1,2,1,1,3,2,3,3,1,1,3,2,2,2,1,1,2,1,1,1,1,2,1,3,3,1,2,1,1,1,1,2,2,2,1,1,1,2,1,3,1,2,2,2,3,2,1,2,2,2,1,3,2,3,1,2,2,3,1,1,1,3,2,3,3,3,1,1,3,2,3,2,2,2,2,1,1,2,2,2,3,3,1,3,1,1,3,2,3,2,1
2238,2,4,2,,13,8,14,16,,11,,,,6,14,20,11,5,21,14,2,5,18,12,3,24,11,23,,20,,,11,9,,5,2,9,11,2,4,19,,,6,8,21,23,4,,3,8,1,16,26,,9,23,,1,21,,9,8,,,16,,1,15,13,23,19,13,20,2,,,8,,9,16,10,9,,12,7,3,10,9,2,7,,8,,,8,6,,5
2239,13,10,5,,8,21,9,8,,7,,1,,,10,10,10,34,12,14,16,1,14,10,10,9,28,13,1,11,,,12,1,4,,8,18,10,,,10,1,,7,4,14,14,13,,,6,5,8,13,,22,13,,9,2,24,11,14,,,11,,,1,6,3,8,10,8,1,,,27,,11,3,3,12,17,,18,3,12,,,13,,,,9,11,,,5
2240,0,0,0,0,0,0,0,0,0,0,0,0,0,0,0,0,0,0,0,0,0,0,0,0,0,0,0,0,0,0,0,0,0,0,0,0,0,0,0,0,0,0,0,0,0,0,0,0,0,0,0,0,0,0,0,0,0,0,0,0,0,0,0,0,0,0,0,0,0,0,0,0,0,0,0,0,0,0,0,0,0,0,0,0,0,0,0,0,0,0,0,0,0,0,0,0,0,0,0,0
2241,16,10,11,,11,26,10,7,,8,,,,,11,16,7,35,12,8,17,4,14,10,11,12,25,18,,8,,,24,,,,12,14,3,,,11,,,8,,10,13,13,,,9,21,7,20,,24,14,,11,16,23,12,6,,,8,,,20,10,12,9,1,10,1,,,24,,7,7,7,14,14,,17,13,10,,,2,,,,10,17,,,
2242,7,3,3,,11,13,4,6,6,5,2,,,,12,13,11,14,4,16,13,6,16,8,9,4,19,19,3,5,,,16,1,,,10,10,4,,2,13,,7,8,5,6,14,14,,,7,2,4,20,3,2,10,,10,19,26,12,12,3,,9,,,15,11,12,11,9,12,3,,,26,,9,8,3,9,9,,17,8,11,,,14,,,,8,10,,,
2243,4,13,6,,6,26,10,5,5,9,,,,,4,10,10,35,11,15,12,9,12,6,9,4,29,17,,10,3,,25,,,,10,14,10,,,9,,,8,,12,16,7,,,7,21,13,15,,28,14,,10,19,22,15,5,,,13,3,,19,10,13,8,10,1,,,,26,,9,8,4,9,15,,15,5,10,,,17,,,,12,18,,,
2244,0,0,0,0,0,0,0,0,0,0,0,0,0,0,0,0,0,0,0,0,0,0,0,0,0,0,0,0,0,0,0,0,0,0,0,0,0,0,0,0,0,0,0,0,0,0,0,0,0,0,0,0,0,0,0,0,0,0,0,0,0,0,0,0,0,0,0,0,0,0,0,0,0,0,0,0,0,0,0,0,0,0,0,0,0,0,0,0,0,0,0,0,0,0,0,0,0,0,0,0
2245,2,9,4,,5,6,2,,6,11,3,,4,1,21,14,,8,5,2,1,2,21,9,13,22,1,26,,,,,4,3,4,1,18,14,3,4,,15,4,,11,,4,,5,,3,13,12,5,1,,,1,5,14,,3,10,,,,18,1,,3,13,1,2,5,3,8,,,6,,13,,,4,20,1,9,,15,1,4,1,3,1,,,1,20,2,3
2246,12,12,12,,7,31,5,8,,9,,,,,10,10,10,34,10,1,15,9,13,8,12,7,26,18,,9,,,6,,,2,11,19,11,,,11,,,1,,10,11,11,,,3,17,9,14,,8,3,,8,19,25,5,7,,,5,,,21,6,7,10,11,10,,,,24,,11,5,3,15,12,,18,5,13,,,12,,1,,1,19,,,
2247,16,2,11,1,12,31,7,7,,8,,,,,8,9,11,29,11,14,17,10,14,8,1,9,27,19,,9,,,11,,,,13,19,10,1,,10,,,7,,8,2,4,,,9,13,11,20,,21,13,,6,11,25,11,1,,,7,,,19,3,13,7,9,6,,3,,12,,10,5,7,15,15,,18,13,10,,,17,,,,11,18,2,,
2248,14,7,8,,16,1,17,10,,9,,,,3,17,23,6,8,21,13,12,10,23,3,1,22,1,23,,23,,,5,6,,4,3,6,6,9,,17,,,7,1,22,20,13,,3,1,1,18,26,,8,22,,7,,29,5,6,,,1,,1,23,12,16,1,13,18,6,,,15,,1,4,3,8,,1,2,2,1,3,,7,,,,,9,5,,6
2249,6,14,12,,7,23,9,10,,9,,,,,10,12,10,8,8,10,16,5,15,2,11,9,27,17,,13,,,23,,,,6,18,11,,,12,,,6,,11,5,3,,,7,21,12,18,,25,14,,10,14,13,11,15,,,12,,,14,13,4,9,7,11,,,,26,,11,8,5,4,10,1,11,12,9,,,15,,,,6,12,,,
2250,10,13,8,,6,27,11,10,,10,,,,,10,12,11,33,9,14,14,4,13,8,10,8,29,18,,12,,,24,,,,12,18,10,,,12,2,,4,,12,16,7,,,7,14,9,18,,24,12,,8,9,19,2,13,,,11,,,21,13,12,9,11,10,,,,27,,2,8,8,9,8,,14,14,13,,,16,4,,,10,18,,,
2251,7,8,7,,12,7,15,16,,10,,,1,,19,17,7,8,17,11,14,5,17,10,2,23,6,23,,21,,,5,10,,4,9,9,10,12,,19,,,5,1,18,16,13,,1,11,1,17,26,,8,1,,4,,29,10,1,,1,16,,6,19,13,24,22,1,17,1,,,13,,7,17,11,7,,6,7,21,11,12,,9,,1,,,9,17,,8
2252,7,13,11,,2,20,9,7,6,6,1,,,,8,4,10,35,7,16,15,8,16,8,9,8,1,8,,12,,,23,,,,1,17,9,,,10,,,7,,10,1,7,2,,7,20,11,16,,26,13,,9,20,27,10,15,1,,3,,,2,2,9,7,12,7,,,,24,,3,8,7,14,14,,16,11,12,,,21,,3,,11,22,,,
2253,3,2,2,2,3,1,3,3,2,1,1,3,3,2,2,1,2,3,1,1,1,1,3,1,2,1,1,1,2,2,3,2,3,2,2,2,1,2,3,2,2,3,2,2,3,2,1,3,3,1,2,1,2,1,1,2,2,2,3,2,3,2,3,1,2,1,2,1,1,2,4,3,2,1,3,1,1,1,1,1,2,3,3,2,3,2,1,2,2,1,2,3,2,2,1,2,2,3,2,4
2254,16,9,10,,11,29,5,11,,8,,,,,11,2,12,34,9,15,14,1,14,5,11,10,26,15,,10,,,17,,,,6,17,11,,,10,,,10,,8,15,3,,,8,21,10,16,,24,3,,10,14,23,12,15,,,12,,,22,5,12,7,13,2,,,,27,,10,8,7,17,15,,17,14,9,,,18,,,,4,16,16,,
2255,7,14,10,2,13,5,10,12,1,8,,,5,5,12,9,6,6,6,16,,1,4,13,16,3,4,21,,,,,25,4,,6,4,6,7,9,9,,9,5,14,2,2,,5,6,,5,5,19,,,8,,6,14,13,5,5,5,,,,8,8,7,6,3,14,5,22,7,,1,27,2,5,15,10,,8,4,25,18,13,,,1,,,,,5,6,6,1
2256,11,2,1,1,12,12,6,9,,2,,4,,,15,13,3,17,16,1,17,5,17,6,3,1,3,1,,3,9,3,14,14,,,1,14,10,8,,19,5,4,5,,3,2,10,,1,7,7,17,14,7,18,11,,3,13,21,7,4,,,12,,,16,7,3,9,5,10,2,,4,5,1,14,8,7,9,18,,13,14,15,13,8,17,1,,,3,15,,,2
2257,3,3,1,3,2,2,1,1,2,3,1,2,2,1,3,2,1,3,2,2,2,2,2,2,2,2,4,3,4,1,1,3,1,2,1,2,2,2,3,3,2,3,1,3,3,1,3,2,2,2,3,4,1,2,3,1,3,2,3,2,3,2,3,2,4,3,3,1,1,4,1,4,2,1,3,1,3,2,3,3,2,2,3,1,1,3,4,2,3,2,5,2,2,3,1,1,1,1,3,2
2258,1,2,1,2,3,2,2,1,3,2,2,3,1,1,2,1,1,1,1,3,3,2,3,2,1,1,1,1,1,1,3,1,2,1,2,1,1,1,1,1,4,2,1,1,2,2,1,3,1,2,1,1,1,2,3,1,1,1,1,1,1,4,1,1,2,2,1,1,2,1,3,1,2,4,3,1,2,2,1,3,2,2,2,1,1,1,3,1,1,2,2,2,1,1,2,1,1,1,2,1
2259,17,10,7,,10,9,10,9,,4,,,1,,6,1,10,35,9,6,18,9,13,5,4,8,9,18,,11,,1,25,,,2,11,15,1,,,12,,6,11,,1,6,1,,2,9,5,1,18,,25,13,,8,15,11,9,5,,2,11,4,,12,3,9,1,7,12,,,3,20,,8,8,7,9,3,,15,2,11,,,18,2,,,,15,,,1
2260,4,1,5,,12,12,12,10,,9,,1,2,,21,16,10,7,18,13,12,8,19,8,3,25,12,23,,22,,,7,8,,4,13,11,8,3,5,17,,7,7,9,21,25,13,,5,7,11,16,24,,,25,,10,20,,3,9,,,20,,4,20,7,1,24,10,19,4,,,9,,10,7,11,9,,11,6,20,11,9,,7,,,,17,4,18,1,15
2261,3,1,2,1,3,3,1,1,4,2,2,1,1,2,1,2,1,1,2,2,1,1,1,1,2,3,1,1,3,1,2,3,3,4,2,2,2,2,3,3,3,1,3,3,1,1,2,1,1,3,2,2,1,1,2,1,1,2,2,1,3,3,3,2,3,2,2,1,1,1,2,3,2,1,1,1,1,1,4,1,2,3,2,1,2,2,1,3,3,1,1,3,2,2,2,2,3,1,2,4
2262,2,3,2,4,3,4,3,2,2,4,1,2,3,2,4,3,3,2,2,3,4,2,1,2,3,4,3,3,1,4,2,3,3,3,2,2,3,5,3,4,1,4,3,2,3,2,3,4,3,2,3,1,3,2,1,2,2,4,3,3,2,3,2,1,3,2,2,2,2,2,2,2,2,4,1,3,1,3,3,3,3,3,2,3,2,3,1,2,1,4,3,5,2,,3,2,3,3,4,3
2263,5,1,3,6,1,6,1,9,,1,,,,1,2,28,9,8,21,5,2,1,3,13,2,20,1,1,5,18,,5,17,5,,6,7,6,9,2,2,14,,,1,15,24,2,3,,8,3,5,23,26,,2,25,,2,25,,1,2,,,15,2,,24,15,31,2,3,14,16,,2,1,,13,4,1,5,,17,8,18,3,1,1,4,,1,,,2,2,,1
2264,14,11,8,,9,20,9,6,,6,,,,,11,14,10,16,10,14,18,7,13,9,10,6,30,16,,11,1,1,22,,,,11,19,10,,,12,,,9,,9,15,14,,,8,20,6,19,,26,8,,8,17,4,13,13,,,8,,,22,9,3,3,11,12,,,,25,,13,5,5,16,16,,9,13,6,,,15,,4,,6,1,,10,5
2265,15,3,7,,11,11,13,1,,8,1,,,,15,13,5,12,15,16,16,6,17,5,1,1,1,9,,2,7,,14,,,,6,14,2,8,,1,,2,1,,1,7,11,,2,3,8,15,12,,19,12,,3,12,23,6,11,,,3,,,16,1,14,11,3,14,4,,3,5,,13,8,7,8,19,,12,15,15,14,6,1,3,,,3,16,,,
2266,0,0,0,0,0,0,0,0,0,0,0,0,0,0,0,0,0,0,0,0,0,0,0,0,0,0,0,0,0,0,0,0,0,0,0,0,0,0,0,0,0,0,0,0,0,0,0,0,0,0,0,0,0,0,0,0,0,0,0,0,0,0,0,0,0,0,0,0,0,0,0,0,0,0,0,0,0,0,0,0,0,0,0,0,0,0,0,0,0,0,0,0,0,0,0,0,0,0,0,0
2267,15,8,13,10,8,28,8,11,,9,,,,,11,11,11,33,6,15,13,9,13,6,11,10,22,8,,10,,,23,,,,11,19,8,,,11,,,11,,12,14,11,,,8,17,10,2,,27,13,,12,17,21,11,14,,,11,,,21,11,11,8,11,13,,,,27,4,10,3,6,17,16,,17,11,11,,,16,,,,11,19,,,
2268,16,13,11,,3,28,10,2,,9,,,,,12,14,11,34,11,14,9,10,15,9,9,10,27,16,,12,,,24,,,,8,25,16,,,9,,,11,,11,14,11,,,8,17,14,5,,26,14,,10,13,8,2,1,,,,,,23,12,5,8,11,11,,,,13,,10,5,3,1,11,,17,14,8,5,,16,,,,9,21,,,
2269,1,1,1,1,1,1,1,1,1,1,1,1,1,1,1,1,1,1,1,1,1,1,1,1,1,1,1,1,1,1,1,1,1,1,1,1,1,1,1,1,1,1,1,1,1,1,1,1,1,1,1,1,1,1,1,1,1,1,1,1,1,1,1,1,1,1,1,1,1,1,1,1,1,1,1,1,1,1,1,1,1,1,1,1,1,1,1,1,1,1,1,1,1,1,1,1,1,1,1,1
2270,8,14,14,,12,13,9,11,,6,,,,3,1,15,5,21,13,17,13,10,18,9,12,11,30,20,4,12,,1,14,12,,,13,13,11,,,14,,6,10,,7,3,15,2,,5,11,15,3,4,16,10,,4,20,23,12,12,,,13,,,21,6,13,10,3,11,12,,,24,,7,10,8,8,1,,22,17,13,,,10,1,,,8,18,,,
2271,2,1,2,2,3,3,3,3,4,2,3,2,2,2,2,1,3,2,2,2,4,2,2,2,1,3,2,3,3,1,1,2,2,2,2,1,3,4,1,2,3,1,2,1,2,2,2,3,2,2,3,2,2,3,2,2,1,1,2,3,2,1,3,2,2,3,2,3,1,1,1,3,3,1,1,3,2,1,1,3,3,2,3,1,1,1,1,2,2,2,1,1,3,2,2,2,3,2,3,1
2272,16,14,13,1,7,22,8,9,,3,,,,8,12,14,10,14,12,6,16,4,17,9,7,12,15,20,,10,,,19,,,,11,13,11,,,13,,,9,,6,11,14,,,7,19,13,1,4,15,9,,9,19,27,16,13,,,10,,,14,10,12,10,10,10,,,,23,4,10,3,6,8,7,,20,14,14,,,10,,,,9,6,,,
2273,15,12,9,,9,31,10,9,,3,,,,,12,11,12,33,9,12,17,6,15,8,10,10,24,18,,10,,,24,,,,11,19,11,,,11,,1,8,,10,10,12,,,9,18,8,17,,25,11,,3,19,19,9,14,,,11,,,8,3,10,9,11,11,,,,2,,3,6,1,13,16,,5,11,12,,,17,,,,9,21,,,
2274,11,11,11,,1,18,9,8,,8,,,,,6,10,7,34,4,15,15,3,13,6,10,6,29,17,,6,,,27,,,,14,14,8,,1,11,,,9,,3,16,13,,,9,20,13,12,,27,15,,12,16,26,14,14,9,,7,,,15,8,13,8,11,12,,,,25,,11,7,3,11,6,,17,13,11,,,17,,,,8,16,,,
2275,2,3,2,3,4,1,1,4,1,3,2,1,3,2,1,2,3,2,1,2,1,1,3,2,1,2,2,3,3,2,3,2,2,3,2,2,3,3,2,3,3,2,1,2,1,1,3,4,1,2,2,1,3,2,2,4,2,2,1,3,3,3,3,3,2,3,2,3,1,4,2,2,2,2,1,3,3,2,1,1,2,1,3,2,2,2,3,1,2,3,2,3,3,2,1,1,2,1,1,2
2276,2,2,3,3,3,1,4,4,3,1,2,2,1,4,2,2,2,3,3,3,1,3,3,3,3,1,1,2,1,1,1,2,1,1,2,1,1,3,2,2,1,2,1,2,2,1,2,2,2,2,2,2,2,3,2,1,3,2,1,2,3,2,2,2,2,1,3,3,3,3,2,4,1,2,3,2,2,1,2,1,2,2,1,2,1,1,2,2,1,2,2,3,2,4,2,2,2,3,2,1
2277,3,8,1,,15,4,15,11,1,3,,,,,13,19,4,6,14,3,3,9,19,10,13,23,3,5,,21,,,19,8,,5,11,6,12,14,,17,,,1,12,10,17,14,,6,1,8,12,19,6,4,23,,10,,21,2,7,,,14,,6,15,11,26,12,5,1,7,1,,1,,8,11,7,2,18,15,3,14,1,14,6,7,1,,,3,3,18,,10
2278,5,2,3,1,1,2,2,1,3,1,1,3,2,2,4,1,2,3,3,2,1,3,3,3,3,2,3,2,2,2,3,3,3,2,3,1,3,2,2,1,1,2,3,3,3,1,1,1,3,1,3,4,2,2,2,1,1,2,4,3,4,3,2,2,4,1,1,1,1,1,2,2,1,2,2,1,1,3,1,3,1,1,3,4,3,1,3,2,3,1,2,4,1,1,1,3,2,1,1,2
2279,5,1,11,3,11,29,7,8,,11,,2,,,11,11,8,2,3,13,13,10,11,10,3,10,30,14,,10,,10,22,,,,5,19,10,,,2,,,2,,6,14,14,,,1,15,11,17,,19,1,,9,18,25,10,16,,,4,,,21,2,10,7,1,9,,,,24,,7,9,6,15,15,,10,15,8,,,17,1,,,9,21,,,
2280,3,12,10,4,6,25,9,9,,8,2,,,,8,12,9,34,1,7,18,6,15,4,12,7,25,13,,7,,,24,,,,14,17,8,,,12,,3,10,1,12,15,13,,,9,20,13,14,,27,14,,3,17,23,15,14,,,12,,,22,11,10,7,9,14,,,,18,,10,7,2,9,16,1,7,14,11,,,17,,,,11,10,,,
2281,1,10,2,,2,5,5,,5,12,3,,1,1,1,16,,6,3,2,3,6,21,9,11,23,13,25,,,,1,4,1,4,3,1,12,4,2,,15,2,,12,1,4,,3,,1,14,11,6,3,,,4,5,15,,5,3,,,,20,3,1,4,11,2,1,3,6,2,,,8,,12,,,2,19,18,10,,16,17,2,3,2,3,,,4,20,4,3
2282,14,12,9,,1,30,10,6,3,5,,,,,11,14,10,32,6,14,17,1,14,7,1,10,28,12,,9,2,,24,,,,11,18,3,11,,11,,2,7,,13,15,14,,,3,20,9,19,,26,3,,10,18,27,9,13,,,8,,,12,12,8,8,13,8,,,,26,7,10,8,6,16,16,,16,1,8,,,9,,,2,9,12,,,
2283,16,7,12,,2,27,11,3,,7,,2,,,11,11,9,18,12,15,18,10,2,7,10,6,26,12,,4,,2,14,,,,10,4,7,,,10,,,8,,13,13,10,,,2,17,12,16,,22,11,,11,16,20,15,9,,5,11,,,22,2,10,9,11,9,,,,23,,4,8,7,10,5,,17,12,8,,,1,,,,2,21,,,
2284,,,18,,,32,,17,,,,,,,,20,,47,,17,5,,,15,,,43,23,,,,,30,,,,26,23,21,,,9,,,,,17,21,18,,,18,,18,18,,,23,,16,6,,,,11,7,,,,34,21,,19,16,,,,,12,,,,12,11,,,,,18,,,,,,,18,18,,,
2285,9,11,13,,10,31,4,1,,6,,,,,13,12,5,31,11,7,17,8,14,8,10,10,1,18,,6,,,23,,2,,11,16,6,14,,6,,,9,,13,14,1,,,4,15,10,16,,25,4,6,10,3,21,13,1,,,9,,,19,11,2,8,2,12,,,,21,,8,9,1,5,14,,11,13,1,,,18,,,,10,15,,2,4
2286,13,4,7,1,13,11,16,14,,5,4,,2,,19,23,8,9,17,9,14,11,20,2,13,23,9,23,,24,,,4,8,,2,10,7,10,14,,14,,,2,10,21,24,11,1,2,3,4,18,24,,8,23,,9,,,7,2,,,14,,3,22,15,14,22,14,20,5,,,15,,6,4,4,9,,14,5,1,1,2,,6,,,,,11,8,,13
2287,3,3,3,3,1,3,2,1,3,2,2,1,2,2,2,2,1,2,1,3,1,1,1,1,3,1,1,4,2,1,2,3,3,1,1,3,3,1,2,3,2,2,1,1,2,1,1,2,2,1,1,2,1,2,2,4,3,1,2,1,1,1,1,3,2,2,1,2,2,2,3,1,3,1,2,4,1,1,2,1,1,2,2,1,1,2,22,1,3,3,1,3,1,1,1,1,3,3,2,2
2288,3,1,10,4,3,1,2,4,,3,3,2,3,2,16,1,4,4,4,15,1,4,13,2,4,11,1,1,3,3,3,1,3,2,1,11,4,3,4,4,3,1,4,4,4,3,1,3,2,3,2,2,4,1,1,2,4,4,,4,3,3,6,2,3,3,2,4,4,5,1,2,3,3,5,2,4,5,3,4,4,8,7,3,3,4,3,13,4,1,2,4,,1,2,3,4,4,1,4
2289,12,13,10,,2,30,11,9,,2,,2,,,14,5,9,13,12,15,18,5,13,6,13,5,27,18,,8,,,12,,,,10,17,5,11,,12,,6,9,,14,15,13,,,6,19,14,14,1,17,7,3,9,19,19,14,15,2,,9,,,13,12,12,1,8,8,,3,,24,,9,8,7,3,11,,16,9,13,,,10,,,,6,18,,,
2290,2,3,2,2,1,3,2,3,3,2,3,2,3,1,2,2,2,1,2,3,3,2,2,1,1,3,3,2,4,2,4,2,2,1,1,3,2,3,2,3,2,2,1,3,2,1,4,1,2,1,1,2,2,2,2,3,1,2,3,2,4,3,2,2,2,1,2,2,3,2,1,2,1,3,2,2,2,1,1,2,2,1,1,3,1,3,1,1,1,2,1,2,2,1,1,2,2,1,1,3
2291,16,5,11,,1,28,11,1,,7,,,,,16,12,10,18,15,2,2,6,16,9,2,11,2,19,5,1,8,,24,13,,,5,13,1,7,,14,4,3,4,,7,1,3,,12,2,6,13,13,2,17,11,,5,12,20,4,16,,,1,,,17,7,2,8,9,9,1,4,1,18,,13,8,8,3,17,,11,15,14,,7,16,3,,7,4,14,,,
2292,13,13,10,,8,27,11,9,,10,,,,,12,9,9,35,12,14,13,1,5,9,5,9,29,17,,7,,,22,,,,11,18,11,,,13,,,5,,6,12,13,,,9,20,13,17,,26,14,,11,19,24,12,9,,,9,,,22,8,10,5,11,11,3,,,28,,11,9,7,1,16,,17,1,13,,,16,,,,1,20,,,
2293,15,1,11,3,9,31,9,10,1,10,,3,,,12,11,3,35,7,14,14,10,14,1,1,7,13,15,5,9,,,20,2,,,12,19,6,,,9,2,1,9,,13,13,1,,,4,16,7,18,,1,15,,8,13,22,1,16,,6,10,,,22,7,12,4,10,11,,,,2,,5,4,5,14,15,,19,10,11,,,19,,1,,10,22,3,1,
2294,15,10,12,,5,31,9,8,5,9,,,,,13,12,11,33,9,4,18,8,17,10,11,7,29,17,,9,,,22,,,,12,19,11,,,7,,,9,,11,13,8,,,8,19,8,18,,28,14,,9,19,25,12,15,,1,2,,,21,2,11,6,12,11,,,,26,,10,6,5,15,15,,10,14,12,,,3,,,,9,21,,,
2295,14,9,12,,9,30,11,13,,10,,,,,10,3,9,31,12,14,2,9,2,1,11,6,30,2,,1,,,5,,,,12,20,10,1,,5,,,1,,3,11,15,,,1,14,12,20,,20,14,,8,18,26,14,14,,7,8,,,22,11,12,8,5,10,,,,27,,5,5,1,14,17,,5,14,12,,,18,2,,,5,22,,,
2296,12,6,8,1,10,18,11,5,,6,,,,5,11,4,9,19,13,6,11,8,16,8,7,13,18,19,,3,,,18,,,,5,1,2,,,6,,,10,,3,8,14,3,9,9,22,16,3,,1,10,,7,13,23,8,16,,,11,,,1,7,12,10,10,13,6,,,18,,3,10,9,4,,,20,13,14,13,6,9,,2,,8,19,,,
2297,,,17,,,14,,16,,,,,,,,18,,45,,18,10,,,8,,,2,24,,,,,27,,,,24,23,22,1,,10,,,,,12,22,12,,,7,,20,13,,,23,,11,8,,,,7,11,10,,,29,24,,14,16,,,,,10,,,,14,8,,,,,18,,,,,,,18,23,,,
2298,15,14,8,,9,24,12,5,,7,3,,,1,10,5,12,19,7,6,15,7,10,8,1,5,20,16,4,7,1,9,18,,,,12,1,10,,,4,,,1,,10,12,9,,,7,2,12,5,3,1,2,,11,1,27,1,13,,,11,,,1,11,8,11,1,11,12,,,27,,9,3,7,16,17,,1,13,13,,,18,,,,8,1,,,
2299,2,2,2,1,3,1,2,2,1,3,2,2,1,2,2,2,2,3,3,1,1,2,3,1,2,3,1,3,2,2,1,1,2,2,1,3,2,4,1,1,1,4,2,4,3,1,4,1,2,1,1,1,3,2,2,2,1,3,2,3,2,1,1,1,2,3,1,2,3,3,2,1,2,2,2,1,2,1,2,1,1,3,3,2,1,3,1,2,1,3,2,1,1,2,1,1,3,3,2,1
2300,3,3,1,1,1,3,1,1,2,1,1,1,3,3,2,3,2,3,4,3,1,1,1,1,3,2,3,3,1,1,2,2,2,3,3,2,2,2,1,2,3,2,2,2,3,2,2,2,2,1,2,3,1,2,3,1,1,2,1,2,1,2,1,1,2,1,1,2,1,1,2,1,1,2,2,1,3,4,2,2,2,2,1,1,1,3,1,3,2,4,1,4,1,2,1,2,3,3,1,3
2301,2,1,3,,3,4,1,,5,10,3,,4,2,20,14,,7,4,1,7,6,20,8,12,21,11,28,,,,,4,2,5,2,18,11,3,3,,16,2,,11,,2,,4,,1,2,13,3,4,,,5,,1,,,4,,,,19,5,1,3,7,2,2,3,5,7,,,5,,14,,,5,21,16,9,,17,9,2,5,5,3,,,9,15,2,2
2302,16,3,12,,9,30,4,9,,2,,,,,11,13,11,35,10,11,12,9,14,9,9,10,28,14,,8,,9,19,,,,12,1,10,,,5,,1,8,,10,13,8,,,8,19,12,20,,25,6,,2,14,19,14,14,,,9,,,9,4,11,8,1,12,,,4,14,,11,9,5,15,14,,16,1,10,,2,17,,,,9,20,,,
2303,3,4,2,3,3,1,1,4,4,2,1,1,1,1,3,4,4,3,3,3,3,2,3,2,4,3,3,3,2,4,2,3,4,1,3,2,4,3,2,3,3,1,4,4,3,2,2,2,3,1,3,2,1,5,1,2,2,2,3,3,2,2,1,1,3,2,1,3,4,2,2,1,4,4,7,3,2,5,2,3,1,4,1,1,1,1,1,1,1,3,1,1,2,2,1,4,1,1,1,3
2304,11,15,11,,9,28,7,10,3,7,,,,,9,15,9,35,3,15,17,8,14,8,12,9,30,2,,10,,,22,,,1,10,16,10,,,10,,,5,,10,12,13,,,9,19,8,1,,22,14,,11,19,25,14,11,,,12,,1,22,11,12,10,11,10,,,,25,,8,5,7,13,13,,17,5,12,,,15,,,,10,16,,,
2305,15,4,12,,3,2,9,7,,6,,,,,3,1,7,35,5,1,16,2,10,5,3,6,1,10,,5,,,22,,,,12,18,10,,,7,,,8,,6,4,15,,,8,5,13,9,,26,14,7,7,19,25,1,14,,,3,,,15,16,4,2,7,4,,1,,22,,10,2,6,15,15,1,4,1,12,,9,20,2,1,,3,18,,,
2306,2,1,3,2,2,2,4,1,1,2,1,1,3,1,3,2,1,2,1,1,2,2,2,1,1,2,1,2,2,2,3,4,3,5,1,1,4,1,1,1,2,3,2,2,2,2,1,4,2,2,2,1,1,1,1,1,2,1,2,3,5,2,3,1,1,2,2,2,1,1,1,4,1,2,3,2,1,3,1,3,1,1,3,2,1,3,1,2,3,1,2,4,3,3,1,2,1,1,1,1
2307,1,1,3,2,1,2,2,2,2,2,2,1,3,1,2,2,1,3,1,2,3,2,2,1,1,3,1,2,1,1,1,1,3,2,1,2,3,3,1,3,1,2,2,3,2,1,1,3,3,2,1,4,1,2,1,2,3,1,2,1,4,2,2,1,1,1,1,1,2,3,2,1,3,1,1,1,2,2,1,2,2,4,3,1,2,1,2,1,1,3,2,2,2,2,3,3,1,1,2,4
2308,2,1,3,2,3,1,3,3,1,3,2,2,3,1,1,3,2,2,1,3,1,2,1,2,3,2,2,2,1,2,2,3,3,1,2,3,1,1,2,1,1,2,1,1,2,1,1,2,2,1,1,2,2,2,2,1,1,1,2,3,2,3,2,1,3,2,3,4,1,2,1,1,2,2,3,3,1,2,4,3,1,3,2,4,2,1,3,2,3,3,3,2,1,1,1,3,1,2,1,1
2309,0,0,0,0,0,0,0,0,0,0,0,0,0,0,0,0,0,0,0,0,0,0,0,0,0,0,0,0,0,0,0,0,0,0,0,0,0,0,0,0,0,0,0,0,0,0,0,0,0,0,0,0,0,0,0,0,0,0,0,0,0,0,0,0,0,0,0,0,0,0,0,0,0,0,0,0,0,0,0,0,0,0,0,0,0,0,0,0,0,0,0,0,0,0,0,0,0,0,0,0
2310,10,14,11,,9,20,10,10,,6,,,,,10,13,10,27,12,13,4,3,18,1,3,9,20,19,1,11,,,18,,,,13,14,12,17,,13,,,8,,12,11,14,,,8,11,2,5,1,14,10,1,11,14,25,13,14,3,,11,,,20,12,13,11,12,9,1,2,,26,5,1,8,7,9,8,,19,10,14,,,8,,,1,9,19,,,
2311,2,1,1,1,1,1,1,3,1,3,1,1,3,1,1,1,3,2,1,2,3,2,1,1,2,3,2,2,1,1,2,1,7,2,2,2,1,3,2,1,3,3,2,1,2,2,3,3,2,1,1,3,2,2,3,1,2,1,1,1,1,1,2,2,3,1,1,2,4,1,2,2,1,1,1,3,2,1,1,1,1,2,2,3,2,1,2,2,2,3,1,1,3,2,1,1,1,1,3,1
2312,1,11,10,,5,32,3,2,,9,,,,1,5,1,5,34,13,8,12,7,9,8,8,9,31,20,,13,,,23,,,,11,13,12,,,8,3,,6,,1,17,8,2,,3,19,10,8,,10,9,,12,9,28,4,15,11,,9,,,26,10,14,10,11,12,,,,25,1,12,9,1,3,1,,17,14,14,,,17,5,,,3,16,1,,
2313,10,4,8,,10,2,17,7,,1,,,,,17,23,6,7,16,9,7,5,4,8,13,19,5,20,,24,,4,16,5,,8,5,8,8,13,,19,,,2,12,21,15,2,,6,10,11,16,24,,8,23,,1,22,30,2,5,,,13,,,22,13,27,10,4,13,12,,,12,,11,8,10,3,,,7,16,10,11,,6,,4,,,9,17,,18
2314,4,7,8,,18,4,12,15,,8,3,,,,19,22,5,6,18,7,11,10,6,11,12,22,2,23,,24,,,5,9,,5,13,6,7,11,,15,,6,3,3,1,19,11,,6,12,9,18,21,,2,22,,8,,,10,3,,,16,,6,22,10,19,21,14,13,2,,,1,,7,4,1,2,,16,3,15,4,5,,7,1,,,,10,7,,10
2315,16,12,7,,5,28,3,11,,1,,,,,12,5,7,34,11,14,12,6,11,10,9,11,29,16,,6,,,2,,,,14,18,9,,,12,,,7,,10,5,13,,,5,20,12,19,,22,1,6,8,15,26,2,14,,,11,,,22,5,11,7,13,10,,,,26,,10,8,6,15,13,,1,1,9,,,19,,,,1,20,,,
2316,10,7,8,,14,6,16,14,,1,,,2,1,21,20,12,9,19,11,1,6,20,6,12,17,14,5,,13,,2,14,4,3,12,12,5,6,13,,18,,6,7,11,21,24,15,,7,8,11,3,24,,6,21,1,1,,,10,5,,,16,,,17,7,24,12,13,18,7,,,3,,11,11,8,6,,2,7,1,1,6,2,1,,,,,2,15,,7
2317,13,7,6,,18,13,17,12,,8,,,,1,19,17,6,8,17,9,12,4,18,10,9,17,13,22,,22,,,12,8,,8,6,6,10,7,,17,,,9,14,22,16,13,,5,1,4,17,25,,7,23,,10,,29,9,7,,,15,,,21,9,22,23,14,16,12,,,26,,9,17,11,6,,6,5,21,15,7,,7,,,,,11,12,,8
2318,12,13,8,,11,12,10,5,,7,,,,,13,13,4,17,21,7,1,11,17,8,3,12,15,21,2,9,,,2,11,,,6,12,10,,,13,,2,11,,10,10,15,,,9,4,15,15,5,16,10,,9,19,25,14,16,,,13,,,16,11,9,11,10,11,11,,,23,3,11,8,6,4,2,,20,13,14,,,9,,,3,8,15,,,
2319,4,7,9,,10,29,2,8,,7,,,,,8,11,11,35,8,7,17,3,13,8,7,10,28,16,,10,,,22,,,,9,4,11,,,12,,,5,,13,15,15,,,3,5,11,11,,23,4,,9,16,19,14,11,,,11,1,,22,9,12,1,12,7,,,,27,,11,9,14,15,7,,16,13,13,,,19,,,,5,1,3,,
2320,9,13,10,2,14,3,9,13,6,9,,1,,6,11,6,5,5,9,3,,,1,14,14,4,2,23,,,,,24,5,,5,1,6,4,7,5,,7,4,13,1,1,,7,5,,8,3,16,,,4,,5,15,15,6,5,6,,,,10,7,11,4,4,13,4,21,,,7,26,3,4,15,10,,7,5,25,18,13,,,20,,,7,,2,5,4,
2321,8,12,1,5,6,1,3,5,1,,,,3,,,1,8,1,2,10,1,3,2,4,3,16,2,,4,20,1,,3,5,1,,,13,3,16,8,20,2,4,8,5,16,4,1,,,2,13,2,1,,7,1,,3,1,2,12,9,5,10,5,5,2,20,7,26,2,15,4,5,8,1,4,,,13,6,2,,1,2,3,,2,,14,2,,,10,6,3,,1
2322,11,9,7,,13,11,12,12,,8,,,,,1,14,10,6,14,11,14,6,18,7,4,23,13,19,,12,,,7,7,,4,10,9,11,12,,11,,5,4,13,20,23,15,,,7,6,14,7,4,2,11,,8,,25,1,12,,,13,,,14,10,13,12,12,12,9,,,16,,4,10,9,3,,,2,7,14,7,,11,,,,14,12,18,,15
2323,2,4,3,1,2,3,4,4,2,1,1,2,2,4,3,3,2,1,1,3,1,2,2,3,2,1,3,3,1,3,3,1,3,2,2,3,1,4,3,1,1,3,1,2,2,1,1,2,1,2,1,2,1,4,3,3,1,1,2,1,3,2,3,1,2,2,2,1,2,3,3,2,3,3,3,1,3,3,1,3,2,2,3,1,3,3,1,2,2,1,3,3,1,2,1,2,3,3,2,3
2324,0,0,0,0,0,0,0,0,0,0,0,0,0,0,0,0,0,0,0,0,0,0,0,0,0,0,0,0,0,0,0,0,0,0,0,0,0,0,0,0,0,0,0,0,0,0,0,0,0,0,0,0,0,0,0,0,0,0,0,0,0,0,0,0,0,0,0,0,0,0,0,0,0,0,0,0,0,0,0,0,0,0,0,0,0,0,0,0,0,0,0,0,0,0,0,0,0,0,0,0
2325,15,14,13,,10,18,11,9,,3,,,,,11,14,11,32,11,12,3,8,14,8,3,3,18,19,,10,,,17,,,,11,18,9,,,11,,,10,,13,16,14,,,9,1,14,17,,5,2,,11,12,26,14,15,8,,7,,,20,11,7,10,9,12,11,,,25,,11,2,6,16,15,,20,14,12,12,,1,,,,12,17,,,
2326,2,2,1,2,2,1,3,3,2,1,2,1,2,4,1,1,1,1,3,3,4,3,3,2,2,2,2,3,2,2,2,1,1,1,1,4,3,1,2,1,2,1,1,2,1,1,2,4,3,1,3,4,3,1,4,2,4,2,3,1,3,1,2,3,4,1,1,3,1,3,3,1,3,4,3,3,2,4,1,2,1,2,2,3,1,2,2,3,1,3,2,3,3,3,2,2,2,1,1,3
2327,13,13,11,,9,31,10,8,,8,,,,,8,11,9,33,11,13,18,8,14,9,7,5,21,19,,7,,,21,,,,13,14,9,,2,12,,2,9,,9,15,7,,,7,20,7,15,,25,7,,10,12,24,13,14,,,12,,,23,13,2,2,10,11,,,,26,,9,7,3,8,15,,17,10,1,,,18,,2,,6,21,,,
2328,6,11,10,,3,20,3,10,,7,,,,,10,8,13,35,10,15,14,2,13,6,1,1,28,18,,7,,,16,,,,10,17,8,,,9,,,3,,9,15,13,,,7,17,12,17,,22,13,,6,18,26,13,13,,,5,4,,23,1,10,10,12,3,,,,23,,11,9,3,12,16,,14,11,11,,,12,,,,11,22,,,
2329,3,1,2,1,1,3,2,2,1,2,1,1,2,3,3,2,2,3,1,1,4,1,2,2,1,3,2,3,3,1,2,2,2,3,3,2,2,3,1,1,3,1,2,1,2,3,1,2,1,1,1,3,1,2,3,2,5,1,2,2,3,2,1,1,1,1,1,2,5,1,3,1,1,1,2,1,3,3,2,2,2,3,2,1,1,1,3,1,1,1,2,3,2,2,2,1,1,2,2,1
2330,17,12,5,,12,29,11,10,,7,,,2,,11,13,11,35,10,12,14,9,13,11,12,11,28,15,,10,,5,11,,,,5,17,12,,,12,,,7,,2,12,13,,,8,20,2,10,,26,2,,5,18,20,9,16,,,10,,,21,10,10,8,11,8,,,4,24,4,11,6,3,14,16,,19,7,8,,,15,,,,9,21,17,,
2331,0,0,0,0,0,0,0,0,0,0,0,0,0,0,0,0,0,0,0,0,0,0,0,0,0,0,0,0,0,0,0,0,0,0,0,0,0,0,0,0,0,0,0,0,0,0,0,0,0,0,0,0,0,0,0,0,0,0,0,0,0,0,0,0,0,0,0,0,0,0,0,0,0,0,0,0,0,0,0,0,0,0,0,0,0,0,0,0,0,0,0,0,0,0,0,0,0,0,0,0
2332,15,12,4,,10,31,9,11,,8,,,,,8,12,5,34,5,15,9,8,14,8,6,8,29,18,,8,,,20,,,,5,1,6,,,1,,,5,3,13,10,8,,,6,20,7,18,,24,14,,5,19,26,15,16,,,9,,,23,11,3,4,9,10,,,,21,1,11,8,1,10,17,,13,14,12,,,17,,,,10,20,,,
2333,4,13,9,,10,30,8,9,,11,1,,,,11,12,8,35,11,8,17,6,15,9,9,7,29,7,,2,,,24,,,,12,18,7,,,12,,,10,,11,9,12,,,3,19,9,15,,27,11,,6,18,22,15,14,,,5,,,11,1,11,3,12,6,,,,25,,3,1,1,8,3,,13,14,1,,,16,,,,10,14,,,
2334,1,2,3,1,1,2,1,1,4,1,2,2,3,1,2,2,3,2,2,5,1,1,3,1,2,1,3,2,1,4,2,1,2,2,2,1,3,2,1,3,1,1,4,3,3,3,2,2,3,2,3,2,1,2,2,2,2,1,2,1,2,2,1,2,1,3,2,3,3,2,3,3,1,2,2,4,1,3,2,2,1,1,1,3,2,1,1,1,1,2,2,2,4,2,3,1,2,3,1,3
2335,14,4,1,,17,3,15,12,,6,,,,,19,21,10,3,17,6,4,8,18,13,12,23,7,20,,23,,,4,7,,4,9,9,7,13,,15,,,11,10,20,21,10,,3,10,7,17,24,,7,19,,8,,,4,6,,,15,,6,21,11,15,20,12,20,5,,,14,,7,3,9,1,,8,3,2,8,8,3,9,,,,,8,5,,16
2336,13,5,10,,10,32,10,6,,2,,,,,2,13,6,35,9,11,19,10,5,8,9,10,27,18,,10,,,22,,1,,1,17,11,,,11,,,8,,1,13,12,,,6,17,10,11,,27,15,,8,20,24,12,15,,1,9,,,14,11,10,8,11,3,,,,26,,10,6,4,13,8,,7,12,11,,,15,2,,,5,20,4,,
2337,,,15,,,31,,13,,,,,,,,16,,44,,16,8,,,16,,,42,27,,,,,29,,,,26,25,19,,,9,,,,,14,24,10,,,8,,17,14,,,20,,14,8,,,,5,10,,,,28,26,,23,17,,,3,,9,,,,15,14,,,,,18,,,,,,,17,25,,,
2338,15,14,12,,10,29,2,2,,7,,,1,,1,9,10,33,10,12,18,9,1,10,4,9,30,16,,11,,,1,,,,6,15,5,,,12,,,1,,11,10,11,,,7,18,5,18,,24,1,,7,3,24,12,12,,,11,,,21,12,11,9,11,6,,,,22,,8,9,6,13,16,,18,13,10,,,17,,,,6,21,,,
2339,2,3,1,1,4,2,1,3,4,3,3,2,1,2,6,3,2,1,1,2,2,3,3,2,4,2,2,4,2,3,2,2,3,1,1,2,3,3,1,2,2,2,1,4,3,4,1,3,1,1,2,4,1,2,2,2,2,1,1,2,1,2,1,3,2,2,1,1,2,1,3,4,2,1,3,3,2,2,3,2,3,3,1,1,2,2,3,2,1,2,2,1,2,3,2,1,2,2,3,4
2340,0,0,0,0,0,0,0,0,0,0,0,0,0,0,0,0,0,0,0,0,0,0,0,0,0,0,0,0,0,0,0,0,0,0,0,0,0,0,0,0,0,0,0,0,0,0,0,0,0,0,0,0,0,0,0,0,0,0,0,0,0,0,0,0,0,0,0,0,0,0,0,0,0,0,0,0,0,0,0,0,0,0,0,0,0,0,0,0,0,0,0,0,0,0,0,0,0,0,0,0
2341,9,7,7,,13,5,12,14,,7,,,,,13,19,,6,14,13,8,6,1,9,12,25,10,22,,19,,,2,7,,3,12,8,13,15,8,19,,,7,10,22,23,4,,2,11,3,11,27,,9,25,,9,2,,8,8,,,19,,,19,9,25,21,14,19,13,,,7,,11,,6,8,,14,8,15,13,12,,6,,,,,5,17,,17
2342,9,8,7,,13,9,19,5,,8,,,,6,8,24,10,8,19,10,14,4,19,11,13,22,9,22,,22,3,,14,4,,12,8,11,9,14,,17,4,,7,14,13,25,12,,7,4,11,18,21,1,10,24,,3,,,7,4,,,14,,4,12,12,26,10,11,18,,2,,14,,10,10,12,7,,15,6,19,15,11,,9,,,,,7,13,,4
2343,13,10,11,,9,31,10,10,,9,,,,,11,13,11,34,11,14,16,6,16,8,10,7,25,17,,10,,,21,,3,,13,19,9,,,3,,,2,,10,9,14,,,8,19,2,18,,27,12,,9,17,22,2,12,,,10,,,22,13,10,2,12,5,,6,,16,,10,8,4,10,16,,17,14,11,,,13,,,,3,18,5,,
2344,14,14,7,,10,31,11,6,,8,,,,,10,12,12,32,9,14,15,7,14,5,10,1,29,17,,11,,,25,,,,5,14,12,,,13,2,,8,,13,8,13,,,7,20,2,17,,21,14,,10,15,22,15,3,,1,11,,,21,4,10,9,11,10,,,,25,,7,8,5,5,17,,18,11,15,,,18,,,,9,19,,,
2345,4,12,3,,11,11,2,7,,5,,,,,10,14,10,21,14,14,12,8,15,4,11,9,16,15,,10,4,,23,,,11,4,15,5,,,2,3,,9,,4,13,10,2,11,9,5,12,17,,18,8,,6,16,24,7,15,6,,12,,,14,12,13,11,11,12,,,,22,,8,8,7,15,1,,7,12,11,,,15,,,6,8,14,,,
2346,,,18,,,34,,16,,,,,,,,18,,48,,17,9,,,15,,,42,27,,,,,32,,,,25,25,22,,,11,,,,,18,23,19,,,17,,18,7,,,24,,16,6,,,,9,8,,,,23,14,,24,15,,,4,,10,,,,14,12,,,,,2,,,,,,,19,27,,,
2347,0,0,0,0,0,0,0,0,0,0,0,0,0,0,0,0,0,0,0,0,0,0,0,0,0,0,0,0,0,0,0,0,0,0,0,0,0,0,0,0,0,0,0,0,0,0,0,0,0,0,0,0,0,0,0,0,0,0,0,0,0,0,0,0,0,0,0,0,0,0,0,0,0,0,0,0,0,0,0,0,0,0,0,0,0,0,0,0,0,0,0,0,0,0,0,0,0,0,0,0
2348,2,2,1,1,1,1,2,2,3,1,3,1,2,3,2,1,1,3,3,1,2,2,3,2,2,1,3,1,2,3,2,1,1,1,1,1,1,3,1,1,3,1,4,2,2,1,1,1,3,1,1,1,3,1,1,2,3,2,3,1,3,2,4,3,1,2,3,1,2,3,3,1,2,1,1,2,1,1,2,3,3,3,2,3,2,1,1,2,2,2,1,3,1,3,1,4,1,2,2,2
2349,4,1,9,3,13,1,9,8,2,8,,,,8,10,7,8,7,9,5,,,19,13,5,6,5,24,,,,,25,4,,4,8,9,5,4,5,,9,4,12,5,4,,5,4,,8,3,21,,,5,,5,16,18,7,4,6,,,,9,7,11,8,2,12,4,19,,,5,24,3,7,15,12,,8,5,25,15,9,,,3,,,9,4,3,6,6,
2350,1,2,1,3,3,3,4,2,1,1,2,2,1,2,3,1,4,3,1,4,5,1,4,1,2,3,2,1,3,1,3,1,1,4,3,1,2,4,2,1,4,3,2,2,5,1,1,4,4,1,2,2,13,2,3,3,2,4,1,4,2,1,5,1,2,1,4,4,3,4,1,2,2,3,1,4,,3,2,1,3,2,1,2,3,1,2,4,1,1,,3,2,3,2,2,4,2,1,2
2351,16,10,6,,8,31,10,9,,9,,,,,11,10,8,34,13,6,4,6,15,10,11,8,20,15,,7,,,20,,,,9,16,7,,,9,,,1,,11,15,15,,,4,19,10,17,,26,14,,2,11,22,11,18,,,8,,,21,14,12,7,9,12,,,,20,,1,7,4,11,7,,18,8,12,,,3,,,,8,20,,,
2352,1,2,2,2,2,2,2,2,3,2,3,3,2,3,1,2,1,3,2,2,2,2,1,2,2,1,1,3,3,2,1,3,1,2,3,2,2,2,1,3,3,3,2,3,1,3,1,1,3,3,3,2,2,3,1,3,3,3,4,2,2,3,4,2,2,1,1,3,2,1,1,2,2,3,1,1,3,3,2,3,2,2,2,1,3,2,2,2,3,2,3,2,1,1,3,1,1,2,1,3
2353,2,1,1,1,2,4,2,1,2,3,1,4,2,2,1,3,2,2,1,1,3,2,3,1,1,1,1,3,1,2,2,2,1,1,2,3,1,1,1,5,1,2,3,2,3,2,1,4,2,3,3,3,1,3,3,3,3,1,3,1,1,3,1,2,1,3,2,2,1,3,2,1,2,2,1,2,1,2,1,2,3,1,2,2,2,1,3,1,1,1,2,1,1,1,1,3,1,4,2,1
2354,3,3,3,1,2,3,3,1,2,2,1,2,4,2,3,3,2,2,1,1,1,1,1,2,1,3,2,2,3,3,3,2,3,3,3,1,3,2,2,2,3,1,1,3,2,2,2,1,2,3,2,1,1,1,1,2,1,2,2,1,3,3,2,1,1,1,4,2,2,2,3,3,3,2,2,1,1,2,4,1,1,2,2,1,2,3,3,2,1,2,4,3,2,2,2,3,1,1,2,1
2355,3,14,1,,7,21,6,1,,10,,,,2,9,17,12,34,1,14,5,6,14,1,11,8,32,1,,10,,,24,,,,13,5,2,,,14,,,8,,2,15,11,,,4,15,9,11,,1,13,4,10,8,23,7,14,,,12,,,23,9,13,9,14,8,,,,1,1,8,10,7,2,1,,16,12,13,,,17,,,,9,20,,,1
2356,1,1,3,2,1,1,3,2,4,1,3,2,2,2,1,3,3,1,2,3,4,1,1,3,4,2,3,2,3,2,2,1,1,2,2,3,1,1,1,3,2,1,3,3,2,2,3,2,3,1,1,2,1,1,2,1,1,2,2,3,1,2,1,1,2,3,1,1,2,3,2,2,2,3,3,2,3,1,2,2,4,1,1,3,1,1,2,1,3,2,1,3,3,2,3,1,1,3,1,3
2357,2,3,4,,16,10,2,16,,10,,,,,17,20,2,6,21,1,3,7,20,11,14,19,2,23,,22,,,14,10,,9,2,14,13,13,2,19,,,4,8,23,20,1,,7,10,6,18,19,,5,2,,9,2,,7,1,,,17,,,18,2,29,23,2,20,8,,1,12,,12,14,2,4,,14,1,20,14,12,,2,,,,2,11,6,3,5
2358,2,2,1,,1,3,17,1,3,1,,,,,12,9,6,19,14,1,17,6,2,8,1,20,28,14,,5,,1,15,9,,12,3,10,9,1,,15,,,1,13,3,1,5,,2,10,11,16,10,,4,14,,17,18,33,1,1,1,1,15,,6,19,13,23,1,6,10,7,,,8,,9,10,8,11,1,3,1,13,9,,,2,,,,,11,19,,
2359,1,3,2,1,1,1,2,4,3,3,2,2,2,3,3,2,3,1,1,2,2,1,2,1,3,3,4,2,2,3,1,1,2,3,2,1,3,2,2,2,2,1,1,4,1,2,3,1,2,2,3,2,2,2,1,4,2,4,1,1,3,1,1,2,3,3,2,1,2,2,1,1,2,1,3,2,3,1,3,2,3,2,1,2,3,1,2,4,1,2,3,2,2,2,3,3,1,1,2,2
2360,1,5,7,,14,7,17,15,,10,,,,1,20,8,10,8,21,1,1,5,20,11,7,18,10,22,,21,,,11,5,,12,14,9,13,5,,17,,,8,10,20,24,,,6,9,3,18,24,,7,24,,4,,,9,8,,,17,,2,16,9,23,24,9,19,11,,,3,,12,14,11,8,,8,6,22,12,10,1,8,,10,,,9,15,,6
2361,11,6,7,,16,9,13,14,,1,,,,,18,22,8,4,20,7,14,7,17,11,11,21,13,22,,23,,,5,5,,5,9,8,6,7,5,1,,,10,7,1,22,14,,4,6,5,14,25,,8,22,,8,,,9,7,,,15,,,14,13,26,16,12,18,10,,,14,,3,13,8,7,,13,4,19,11,9,,9,,,,,7,15,,15
2362,11,14,12,,10,17,13,8,,5,,,,,13,14,6,19,1,6,15,6,17,8,9,11,17,19,4,10,,,14,,,,7,11,11,,,14,,10,9,,5,11,15,2,,10,19,5,15,7,16,8,,11,15,24,16,11,,2,12,,,20,9,11,8,11,13,,,,16,4,11,10,5,7,8,,20,15,13,13,,14,,1,,8,11,,,
2363,3,3,1,3,1,3,3,1,2,3,1,2,4,3,1,1,2,3,3,1,3,2,3,2,3,1,2,2,2,2,2,1,3,2,2,2,2,2,3,1,3,1,2,2,2,3,1,2,2,1,1,1,1,2,3,2,2,3,1,2,3,2,1,3,1,4,1,1,2,2,3,1,1,2,3,1,4,3,1,2,3,1,1,2,1,1,2,3,2,1,3,3,3,3,1,3,1,3,2,2
2364,,,15,,,32,,17,,,,,,,,20,,45,,17,11,,2,7,,,42,25,,14,,,28,,,,27,22,2,,,10,,,13,,16,17,18,,,17,,19,18,,,24,,16,1,,,,9,7,,,,29,23,,18,18,,,,,10,,,,13,8,,,,,17,,,,,,,16,25,,,
2365,,,12,,,34,,18,,,,,,,,21,,47,,18,9,,2,12,,,42,25,,,,,30,,,,16,13,21,,,7,,,,,17,25,11,,,12,,20,14,,,23,,16,7,,,,10,11,,,,1,26,,15,15,,,,,9,,,,13,10,,,,,16,,,,,,,13,25,,,
2366,15,10,7,,11,17,12,10,1,7,,,,,18,13,7,21,15,3,13,7,16,4,10,14,16,16,,5,,,6,,,,11,3,10,,,13,,6,9,,12,10,14,,,9,20,8,15,,17,8,,4,12,23,7,14,,2,11,,,23,10,14,11,9,6,7,,6,19,,12,7,8,4,12,,9,16,12,1,,17,,,,9,15,,,
2367,9,12,9,,11,19,5,10,,7,,,,4,5,13,4,25,12,14,18,5,13,4,9,15,17,17,,4,,,21,,,,9,16,9,,,9,,,4,,8,6,11,,,8,9,14,2,1,20,11,,11,19,25,7,14,,,12,,,2,12,13,9,10,8,,6,,21,,12,6,6,7,13,2,8,8,11,,4,17,,,,10,19,,,
2368,11,13,11,,3,20,11,7,,11,,,,,7,11,12,32,7,12,17,11,15,6,11,10,23,3,,8,,8,19,11,,,6,20,9,,,9,,,4,,13,13,11,,,3,20,13,15,,26,15,,12,19,8,14,14,,,12,,,22,14,10,10,11,10,,,,27,,8,4,2,17,3,,15,14,13,,,17,,,,4,21,,,
2369,0,0,0,0,0,0,0,0,0,0,0,0,0,0,0,0,0,0,0,0,0,0,0,0,0,0,0,0,0,0,0,0,0,0,0,0,0,0,0,0,0,0,0,0,0,0,0,0,0,0,0,0,0,0,0,0,0,0,0,0,0,0,0,0,0,0,0,0,0,0,0,0,0,0,0,0,0,0,0,0,0,0,0,0,0,0,0,0,0,0,0,0,0,0,0,0,0,0,0,0
2370,3,3,4,2,1,2,3,2,1,1,2,3,2,3,2,3,1,3,2,1,3,1,3,3,1,2,2,2,3,2,4,2,2,1,2,3,1,1,2,3,2,1,1,3,3,1,1,2,3,1,1,2,1,1,3,2,1,2,1,2,3,2,2,2,3,1,1,3,1,2,1,1,2,1,1,2,3,3,2,2,2,2,2,1,3,1,2,1,2,2,1,2,2,2,1,5,2,1,2,2
2371,8,3,7,,18,8,16,1,,6,,,,,9,22,10,2,16,8,13,3,19,1,12,1,8,22,,1,,,6,8,,9,10,9,8,9,,17,,,5,14,23,24,13,,2,6,7,19,21,,1,18,,4,,,11,7,,,13,,,16,7,27,15,13,17,14,,,13,,12,13,8,6,,17,1,15,14,12,,4,,,,,11,15,1,1
2372,12,8,11,,9,26,12,8,,9,2,,,,11,11,10,34,10,14,18,2,14,9,10,6,12,17,,7,,,3,,,,13,19,11,,,13,,,11,,12,3,14,,,8,18,13,18,,23,10,,11,18,12,15,15,,,2,,,23,1,10,6,9,10,,7,,26,,6,2,5,14,16,,12,5,10,,8,17,1,,,5,20,,,
2373,11,7,3,,15,11,14,14,,3,,,,,1,18,7,5,17,13,2,9,21,13,14,19,8,23,,22,,,18,8,7,8,4,7,4,12,3,20,,,6,10,2,18,13,,6,7,1,1,26,7,5,23,,9,,27,1,7,1,,16,,,15,13,27,17,11,19,11,,,2,,9,16,9,1,,18,3,12,13,12,,8,,8,,,11,11,,3
2374,1,2,2,3,3,2,2,1,3,1,1,1,3,2,1,3,1,3,2,2,2,2,1,2,1,2,3,3,3,2,4,2,3,2,2,3,1,5,5,1,1,1,2,2,1,1,2,2,1,4,1,3,1,3,2,3,2,3,3,3,2,2,1,3,2,2,1,1,2,1,1,3,2,2,3,3,2,2,3,3,2,2,3,2,3,1,2,3,2,2,2,3,2,1,2,3,1,1,2,3
2375,11,7,11,3,,3,21,9,1,1,,,,,4,27,10,10,22,10,5,6,5,9,3,5,6,3,6,15,,,17,6,,11,4,10,1,5,,20,2,,4,15,28,,3,1,7,11,12,21,28,,9,24,1,2,26,,1,3,,,18,,4,23,14,31,12,1,14,17,,4,4,,1,7,5,4,1,,8,14,15,12,5,1,4,3,,,10,18,,21
2376,4,1,2,3,2,1,2,3,2,3,3,3,2,4,1,1,1,2,3,2,2,1,3,1,1,3,3,1,3,2,4,2,1,1,1,2,3,2,2,2,1,1,3,3,2,3,1,2,2,1,2,2,2,2,2,1,1,4,2,2,1,2,2,1,2,2,2,1,3,2,2,2,2,3,1,3,2,2,2,1,2,1,3,2,2,2,2,2,3,2,2,3,1,2,2,2,3,3,2,1
2377,15,2,9,,8,30,7,5,,3,,,,,10,8,11,27,6,9,17,5,14,3,11,8,28,17,,9,,,25,,,,13,19,8,,,9,,,5,,9,15,13,,,6,20,12,15,,26,14,,11,19,25,11,11,,,11,,,20,11,11,9,7,12,,,,24,,9,2,1,18,2,,17,11,12,,,1,,,,9,6,,,
2378,,,13,,,31,,4,,10,,,,,,17,,48,,16,9,,,10,,,41,27,,,,,30,,,,22,25,18,,,11,,,,,17,24,15,,,16,,19,9,,,20,,15,9,,,,8,8,,,,28,25,,25,19,,,,,3,,,,4,12,,,2,,17,,,,,,,15,24,,,
2379,15,9,6,,12,19,13,11,,6,,,,,7,13,3,33,15,13,18,7,16,4,11,10,10,16,,8,,,20,,,,9,17,3,,,1,,,11,,14,16,16,,,9,17,15,4,,19,12,,7,18,24,8,14,2,,9,,,23,11,11,7,9,13,,,,20,,3,1,7,3,16,,17,1,3,,7,14,1,,,10,14,,,
2380,11,2,3,,1,3,19,11,1,1,1,,1,,16,1,10,10,17,9,1,1,5,10,1,20,1,1,,10,,1,8,6,1,9,6,1,9,1,,19,1,1,1,1,22,16,3,,1,8,12,1,1,,9,24,,2,23,31,1,1,1,1,15,,1,23,12,28,13,1,14,1,1,1,13,1,1,1,9,4,1,1,6,1,11,1,,6,1,1,1,,9,1,,19
2381,1,2,3,3,2,1,3,4,3,2,2,2,3,2,2,3,2,1,3,2,1,4,3,1,3,2,2,3,2,2,1,2,2,2,3,1,3,3,3,2,2,2,1,3,2,2,2,3,2,3,2,2,3,2,1,3,1,2,2,3,1,1,2,3,2,3,2,4,2,3,4,3,3,2,2,3,1,2,1,1,2,2,3,4,1,1,3,1,3,1,3,3,2,1,1,2,3,1,2,3
2382,1,10,8,,1,11,1,1,1,,,1,1,7,19,21,,1,1,10,9,1,5,1,9,,1,1,1,1,1,1,2,1,1,1,1,10,1,3,,21,1,1,1,1,15,1,1,1,1,3,1,3,26,1,3,1,,1,1,31,1,3,1,1,1,1,3,3,1,28,1,1,1,1,1,,1,,11,1,8,1,,1,1,1,3,3,1,8,1,,1,,9,15,1,1
2383,4,2,2,3,2,3,3,3,1,3,3,2,2,4,2,3,4,3,4,2,3,2,12,2,3,3,1,3,3,3,1,1,2,1,1,2,1,1,3,2,1,3,2,3,1,4,2,2,2,2,2,5,2,2,2,1,2,3,2,2,4,4,3,1,3,1,2,3,1,2,2,2,2,2,3,4,3,3,4,3,2,1,2,2,2,2,3,3,3,3,3,1,,2,2,2,2,1,3,3
2384,0,0,0,0,0,0,0,0,0,0,0,0,0,0,0,0,0,0,0,0,0,0,0,0,0,0,0,0,0,0,0,0,0,0,0,0,0,0,0,0,0,0,0,0,0,0,0,0,0,0,0,0,0,0,0,0,0,0,0,0,0,0,0,0,0,0,0,0,0,0,0,0,0,0,0,0,0,0,0,0,0,0,0,0,0,0,0,0,0,0,0,0,0,0,0,0,0,0,0,0
2385,11,2,11,,11,29,10,6,,4,,4,,,12,14,8,31,2,13,15,2,16,8,9,3,27,14,,10,,8,3,,,2,11,18,4,,,14,,,7,,2,14,14,,2,9,18,12,19,,26,7,,10,18,2,11,14,,,4,1,,13,12,2,6,1,7,,,,20,,9,5,1,15,12,,18,11,12,,,19,,,,4,17,,,
2386,2,2,2,2,3,2,4,2,2,2,1,2,4,2,2,2,3,2,3,2,1,3,3,3,2,1,3,4,1,1,3,2,4,3,2,1,4,3,2,1,1,3,2,4,1,2,1,2,1,2,2,1,5,2,1,2,2,2,1,2,2,1,2,3,3,2,3,1,1,2,2,4,3,1,2,2,3,4,1,2,3,3,1,2,1,1,1,2,2,2,3,1,4,1,2,1,3,2,2,4
2387,2,2,2,2,2,4,4,1,1,3,1,2,1,2,4,3,2,1,1,1,5,4,2,2,1,2,1,2,4,5,2,2,2,2,3,2,2,6,3,2,2,1,2,1,2,1,1,1,3,3,4,1,2,3,2,4,2,2,3,2,1,3,3,2,2,3,1,3,2,3,2,3,3,4,3,1,2,4,1,3,2,2,1,1,1,3,3,2,2,3,4,3,2,1,2,3,2,2,2,4
2388,15,1,9,,16,11,18,1,,5,,,,3,11,24,1,6,17,6,8,8,20,10,13,24,4,24,,25,,,9,10,,9,1,10,9,2,1,18,,,3,6,20,16,4,,2,11,3,17,24,,9,24,,10,2,,3,7,,1,14,,,21,13,28,18,9,14,6,,,13,2,12,6,5,1,,17,1,17,11,12,,8,,,,,10,11,,5
2389,8,15,6,,6,20,8,9,,10,,,,,4,15,12,36,15,12,11,8,15,6,12,9,1,20,,10,,,25,,,,12,12,12,,,12,,,9,,3,14,9,,,2,18,5,18,,22,15,,12,1,27,6,15,3,10,12,,,27,13,13,1,16,11,,,,12,,,10,8,4,4,,16,13,14,,4,14,,,,9,23,,,
2390,17,12,10,,5,22,5,6,,8,,,,,10,9,10,21,11,15,17,8,12,7,11,8,2,18,,3,,,26,,,,1,15,10,13,,11,,,7,,11,15,12,,,5,20,13,17,,26,15,,7,19,25,15,3,5,,6,,,22,2,1,5,12,13,,,,26,,10,8,7,16,17,,14,15,12,,,18,,,,11,18,,,3
2391,1,1,1,1,3,2,2,1,1,2,2,1,1,1,2,2,4,2,1,2,2,1,1,3,1,2,3,2,4,1,2,1,3,1,3,1,3,2,1,3,2,3,1,3,1,1,3,3,2,1,2,2,4,3,1,4,1,1,1,3,2,3,1,2,1,1,3,1,4,3,1,1,1,4,2,2,3,4,1,1,3,3,1,1,2,1,2,1,1,2,2,3,1,1,1,1,2,1,2,3
2392,2,2,3,2,1,2,1,1,2,1,4,2,1,3,3,1,1,2,1,1,3,3,1,1,2,1,3,1,3,3,2,3,1,1,1,1,1,3,1,2,1,1,2,2,2,2,1,1,1,2,4,1,2,3,2,2,1,2,3,3,3,1,2,1,3,1,3,4,1,3,1,2,3,1,3,1,1,2,3,2,1,1,1,2,3,2,1,4,1,1,5,1,1,1,1,1,1,4,2,1
2393,2,1,2,2,2,5,2,5,2,2,1,2,2,5,1,3,3,2,4,2,4,2,2,2,3,3,4,3,2,3,4,1,4,3,2,2,3,5,3,3,3,2,1,2,2,1,1,3,3,2,3,4,2,3,2,1,4,2,2,2,3,3,2,3,4,2,3,3,2,5,2,4,2,2,2,3,1,3,1,2,2,3,1,1,2,2,4,2,1,3,3,3,2,2,2,2,1,1,4,1
2394,10,12,8,,10,23,11,8,,6,,,,,11,13,10,35,9,14,17,9,12,9,13,9,21,15,,1,,6,24,,,,12,11,11,,,9,2,,6,,8,12,13,,,8,4,13,21,,4,14,,11,18,27,14,14,,,12,,,22,6,13,10,12,13,,,,21,,1,8,7,16,4,1,17,13,4,,,17,,,,12,9,,,
2395,4,2,2,2,2,2,3,2,1,2,2,2,3,4,4,1,3,1,2,4,2,3,2,2,4,2,1,1,2,3,2,2,2,2,2,2,2,1,2,3,1,1,2,1,3,2,2,1,1,3,1,1,1,3,3,1,2,1,4,1,2,1,2,3,2,3,3,5,2,3,3,3,1,2,4,3,1,4,1,1,3,1,1,2,4,2,3,2,1,3,2,2,2,1,3,1,1,2,3,1
2396,13,14,9,,4,29,10,2,,9,,,,,8,12,12,22,2,4,18,9,15,9,10,7,30,15,,9,,,25,,,,11,16,10,,,9,,,8,,12,13,9,,,1,16,13,18,,26,15,,10,18,24,13,15,,,10,,,23,7,7,10,13,12,,,,24,,10,9,4,16,15,,17,14,9,,,16,,,,10,17,,,
2397,13,7,7,,15,11,20,9,,8,,,,,16,9,4,7,21,12,15,8,22,5,12,20,14,22,,21,1,,6,5,,5,11,3,5,8,,18,,4,10,8,2,24,13,,5,8,8,17,25,,1,21,,10,,,8,5,,,15,2,1,15,9,28,2,12,19,5,,,14,,9,11,12,4,,13,5,14,2,6,,6,,,,,3,7,,6
2398,16,12,10,4,10,28,9,5,,5,,,,,1,6,1,34,1,12,7,10,7,9,9,9,28,16,,10,,6,23,,4,,12,16,10,,,13,,,3,,12,12,9,,,8,17,12,19,,19,8,,8,2,20,1,13,,,6,,,20,4,1,4,12,11,,,,21,,11,5,5,16,10,,15,13,9,,,18,,2,,10,16,,,
2399,16,8,13,,10,19,12,9,,10,,,,,12,4,10,32,8,14,16,9,16,8,8,7,30,15,,5,,,23,,,,7,18,10,,,6,,,7,,12,12,13,,,3,19,6,16,,1,15,,10,10,26,13,12,,,10,,,7,13,1,8,4,2,1,,,26,,4,3,7,6,8,,19,3,10,,,17,,,,9,16,,,
2400,9,10,9,,6,1,10,12,,1,,,,4,5,12,7,33,12,14,4,5,14,1,7,10,30,12,,12,,,21,,,,1,1,1,,,9,,,8,,11,13,8,,,4,19,10,17,,25,8,,11,10,19,1,15,3,,9,,,23,14,12,6,1,8,,,,24,2,1,7,8,3,4,,18,14,12,,,17,1,,,9,20,2,2,
2401,7,3,4,5,11,5,10,11,5,9,,,,8,12,8,2,34,7,5,,,14,10,12,6,8,21,,,,,26,6,,2,1,10,5,6,8,,9,5,9,5,5,15,6,3,,9,2,21,,,8,,8,12,16,6,2,8,,,,12,7,11,6,6,13,2,20,,,8,27,3,7,11,11,,4,6,26,14,12,,,4,,5,6,,6,5,3,1
2402,14,5,8,,13,10,20,4,,2,,,,,17,21,10,5,18,10,13,5,19,2,10,19,14,6,,1,,,15,4,,11,7,9,5,6,,19,,,9,8,19,24,11,,6,7,11,1,23,,7,21,,7,23,,10,6,,,14,,,23,12,27,11,14,15,13,,,2,,10,16,9,7,,16,6,20,12,5,,5,,,,,8,14,,3
2403,3,5,8,,16,3,16,15,,5,,,,,17,23,6,6,22,4,5,6,21,3,3,21,7,14,,22,,,3,9,,3,12,4,10,1,1,17,,,11,5,22,22,13,,4,1,5,18,24,,6,22,,11,,,7,3,,,17,,2,23,17,18,23,12,21,4,,,13,3,1,7,1,8,,5,5,14,12,2,,7,,,,,9,1,,13
2404,1,2,3,3,4,1,2,3,4,1,2,1,2,1,3,1,2,1,2,2,3,1,4,2,2,1,1,1,2,2,1,2,1,4,1,3,1,3,2,1,3,1,1,3,1,4,2,2,3,4,4,2,3,3,2,3,2,3,3,2,1,2,3,2,1,1,3,2,3,3,4,1,1,3,1,2,3,1,1,2,2,3,1,3,1,2,3,2,3,2,4,3,2,3,2,3,2,3,2,2
2405,9,6,9,,16,9,15,14,,10,,,,,19,20,9,9,21,5,9,6,22,11,13,24,10,3,6,18,,1,3,8,1,4,9,2,12,11,,18,,,12,2,22,21,12,,5,11,2,19,24,,11,23,,10,,1,6,8,,,16,,,18,11,24,24,14,16,7,,,12,,7,17,5,7,,16,4,20,9,11,,10,,,,,13,17,,5
2406,14,10,12,,10,3,13,10,,7,,,,,14,14,3,19,14,7,15,3,16,8,10,13,14,19,,5,6,,17,,,,8,14,9,5,,12,,7,7,,3,6,1,,,9,3,14,5,,18,6,,7,11,22,3,10,,,12,5,,22,11,13,11,4,7,4,,6,13,,12,7,7,4,15,,12,15,14,2,4,14,,,,11,19,,,
2407,1,1,1,1,1,2,2,3,1,2,1,2,4,2,3,1,1,2,1,1,2,1,2,1,3,2,2,2,3,1,3,1,3,2,1,1,1,1,1,2,2,1,3,3,1,3,2,1,1,3,2,3,1,1,2,3,2,1,1,3,1,2,1,1,1,1,2,1,1,1,2,1,1,2,1,2,1,1,1,3,2,2,3,2,2,1,1,2,2,2,3,3,3,1,3,2,3,3,1,1
2408,2,2,1,2,2,2,1,4,4,2,2,3,4,1,1,1,3,1,2,1,2,2,2,1,1,2,2,2,2,3,2,2,3,2,3,2,2,2,1,1,2,2,2,2,2,3,1,3,2,1,3,1,1,1,3,2,1,3,2,2,1,4,1,1,3,3,2,2,4,4,3,3,4,2,2,2,2,1,3,3,1,2,2,1,1,2,1,2,1,2,3,4,2,1,2,3,2,1,2,4
2409,3,2,2,1,2,2,2,3,3,3,1,2,3,3,2,2,2,2,1,2,3,2,1,2,3,3,3,2,2,3,2,2,1,4,2,1,1,1,3,3,4,1,1,2,1,3,2,4,1,2,3,3,1,3,1,3,1,1,3,2,3,3,1,4,2,2,2,1,1,1,2,3,2,3,4,2,1,3,2,2,1,2,2,1,1,2,2,3,1,2,1,3,1,1,2,1,1,1,1,2
2410,0,0,0,0,0,0,0,0,0,0,0,0,0,0,0,0,0,0,0,0,0,0,0,0,0,0,0,0,0,0,0,0,0,0,0,0,0,0,0,0,0,0,0,0,0,0,0,0,0,0,0,0,0,0,0,0,0,0,0,0,0,0,0,0,0,0,0,0,0,0,0,0,0,0,0,0,0,0,0,0,0,0,0,0,0,0,0,0,0,0,0,0,0,0,0,0,0,0,0,0
2411,12,6,4,,16,5,16,15,2,2,,,1,5,18,8,5,8,20,10,15,7,20,11,5,18,8,1,,19,,,12,8,,11,2,7,10,13,1,16,,4,11,11,8,22,1,,3,9,10,15,24,,3,23,,10,,,9,6,,,14,,5,21,12,22,18,10,18,6,1,,3,,8,9,11,10,,2,2,12,9,12,,11,,7,,,2,11,,14
2412,12,8,5,,17,11,13,13,,8,,,,,19,18,8,3,19,12,3,8,17,12,10,23,11,23,,23,,,11,9,5,7,3,7,13,13,7,20,,,2,13,21,21,15,,6,10,5,16,3,,5,24,,5,,26,5,9,,,19,,,19,2,19,24,12,17,1,,,11,,13,15,13,6,,15,3,3,14,9,,8,,,,,8,15,,2
2413,2,11,11,,7,32,,11,,9,,,,,4,7,6,35,,15,3,7,11,5,1,10,32,19,,11,,,25,,,,11,15,9,,,2,3,,8,,1,13,1,,,5,14,16,18,,24,10,1,12,10,22,1,14,4,11,8,,,25,15,13,8,2,9,,,,26,4,11,6,9,12,5,,17,15,12,,,15,,,,2,21,3,,
2414,1,2,3,3,2,2,1,4,3,2,2,2,4,2,2,2,2,4,2,2,3,1,3,2,3,1,1,3,1,3,2,3,1,4,1,3,1,2,2,1,3,3,2,4,2,2,1,2,1,2,3,2,3,2,1,4,2,2,2,2,2,2,3,3,4,3,2,1,4,3,3,1,4,1,3,2,4,1,3,2,3,2,3,4,2,2,2,1,3,3,3,2,3,2,3,3,3,3,3,1
2415,14,13,11,,10,23,9,4,,1,,,,,9,13,13,28,5,15,17,5,16,8,10,10,30,16,,11,,,22,,,,13,14,10,,,12,,,8,,12,15,10,,,7,18,12,19,,29,14,,9,20,26,15,15,,,12,,,20,4,9,4,11,12,,,,24,,3,9,5,17,15,,18,13,13,,,17,,,,12,20,,,
2416,10,14,13,,11,25,8,10,,7,,,,1,2,14,10,20,14,14,16,7,18,9,10,11,19,19,,10,,,2,,,,12,13,12,,,12,,5,10,,13,1,15,,,8,12,12,16,4,13,11,,3,20,26,14,16,,,11,,,22,9,10,10,10,10,,,,25,,11,10,4,8,5,,19,16,15,,,11,,,,7,17,,,
2417,13,14,12,,8,31,12,9,1,3,,,,,8,15,11,33,12,4,5,11,10,10,12,10,1,3,,10,,,24,,,,10,18,12,11,,11,,,7,,3,13,14,,,7,,8,18,,26,6,,10,19,25,7,12,,,9,3,,14,13,8,6,5,11,,1,,4,,9,6,6,11,7,,17,8,7,,,16,2,,,9,21,,,
2418,4,2,1,3,3,2,2,2,2,3,2,1,4,2,3,1,3,1,1,4,2,2,1,1,3,2,3,2,4,3,2,1,2,1,1,1,2,2,1,1,3,1,2,3,2,1,3,6,5,3,2,2,3,1,1,1,2,3,1,2,2,3,2,3,3,2,4,1,2,1,1,3,2,3,3,3,5,1,2,1,3,3,1,4,1,3,3,3,2,3,2,3,3,4,2,3,2,2,1,2
2419,12,12,10,,10,18,11,10,,7,,,,,12,12,10,25,11,15,17,10,16,8,11,10,20,16,,11,,,16,,,11,10,12,11,,,10,,,8,,13,15,2,,,8,18,13,9,,25,12,,10,19,22,16,15,,,9,,,19,13,12,5,8,11,10,,,25,4,10,7,6,16,13,,20,13,14,,,17,,,,4,20,,,
2420,12,6,9,,10,1,1,8,,3,,,3,,10,1,2,26,11,12,18,8,12,6,2,10,26,7,1,3,,11,25,,,,11,1,10,,,10,,,2,,14,14,16,,1,1,20,11,12,,25,14,,8,16,25,14,3,,,5,,,14,2,1,9,13,10,,,,24,,5,6,6,16,10,,16,13,13,,,15,,,1,6,19,4,,1
2421,4,12,1,3,2,12,1,3,,11,2,,,2,,27,3,7,2,12,,3,1,2,2,15,9,3,1,,3,,1,3,2,,,13,3,,3,,,1,9,5,3,1,3,5,,,12,3,,,2,7,,1,3,,2,2,,13,3,3,2,2,3,29,5,,1,3,1,,7,4,,2,8,2,,2,2,1,,5,,,2,,1,13,2,2,,
2422,1,1,10,3,,4,21,9,,2,,,1,1,2,25,9,,17,10,6,6,6,9,4,21,7,3,1,15,,,1,1,,9,1,4,2,5,,14,,1,1,16,28,,16,2,7,1,1,19,26,,9,1,,1,28,,2,6,,,16,,4,16,14,28,2,3,14,18,7,,13,,12,5,10,4,,,2,1,15,13,,1,,2,,,10,18,1,19
2423,2,1,2,2,2,2,1,2,2,1,2,3,4,2,1,1,2,2,2,2,3,2,1,1,2,2,2,3,4,2,1,3,2,2,2,2,3,1,2,3,3,1,2,3,3,1,3,3,1,3,2,2,2,1,2,1,3,1,1,1,1,1,3,2,4,2,1,3,2,1,2,2,2,2,2,1,2,3,2,2,3,3,1,1,1,1,1,1,1,1,1,3,1,3,2,4,3,3,2,3
2424,3,9,7,,13,12,17,13,,1,,,,,20,21,10,2,21,12,14,6,18,11,11,24,12,24,,19,,,11,10,,3,4,8,12,11,4,18,,,1,14,23,18,17,,1,11,4,17,25,,5,22,,11,1,,8,6,,3,19,,,21,1,26,21,7,20,13,,,5,,1,15,2,9,,6,5,13,2,13,,2,,,1,,1,15,,15
2425,11,13,13,,9,17,3,10,,4,,3,,,11,12,6,18,13,4,14,11,18,6,2,11,22,18,,10,,,16,,,,12,8,3,,,1,,7,7,,6,15,14,,,7,1,13,4,2,6,1,,12,14,23,14,16,1,,11,,4,22,8,9,11,2,10,4,,,26,,4,3,7,7,16,,21,7,14,,5,16,,5,5,7,1,2,6,
2426,7,3,6,6,12,5,8,7,1,11,,,,10,14,4,7,4,10,6,,,23,14,13,6,10,23,6,,,9,1,7,,2,1,7,5,3,3,,1,5,14,2,5,,7,2,4,7,1,21,,,4,,1,14,17,1,1,6,,,11,11,5,12,7,7,10,3,15,,,3,27,3,2,14,11,2,1,1,21,18,10,,,19,,,9,,1,4,4,
2427,2,1,2,3,3,2,3,5,1,3,2,1,1,2,1,1,3,1,1,3,2,2,1,2,1,2,1,2,4,1,1,1,1,2,2,3,2,1,2,2,2,1,2,2,1,2,1,4,1,2,1,3,1,2,1,3,1,3,2,4,2,1,5,1,1,1,1,1,1,4,3,4,3,1,1,2,3,5,1,1,2,4,1,1,2,3,2,3,2,5,1,1,4,2,3,5,1,5,2,1
2428,0,0,0,0,0,0,0,0,0,0,0,0,0,0,0,0,0,0,0,0,0,0,0,0,0,0,0,0,0,0,0,0,0,0,0,0,0,0,0,0,0,0,0,0,0,0,0,0,0,0,0,0,0,0,0,0,0,0,0,0,0,0,0,0,0,0,0,0,0,0,0,0,0,0,0,0,0,0,0,0,0,0,0,0,0,0,0,0,0,0,0,0,0,0,0,0,0,0,0,0
2429,1,2,3,1,1,3,2,1,1,1,2,3,1,1,1,1,3,3,2,1,1,1,2,1,1,2,2,1,3,1,1,1,2,1,3,1,1,3,2,1,4,2,1,2,1,1,1,2,1,2,3,2,1,3,2,2,5,3,2,1,2,3,3,1,1,1,1,3,1,2,1,4,1,1,3,3,3,2,1,2,1,2,4,3,1,2,15,2,3,3,1,1,1,2,3,3,1,2,2,3
2430,1,2,2,2,2,4,3,1,2,1,3,2,2,3,1,1,2,1,2,1,3,1,4,2,2,1,3,4,3,1,1,4,1,1,1,2,1,2,2,3,4,2,5,4,3,2,2,3,3,2,2,1,2,1,2,1,1,1,3,1,2,3,2,2,2,1,1,2,4,4,1,1,1,2,1,2,2,4,3,1,2,2,2,3,1,3,3,1,1,2,2,2,2,2,3,2,1,3,3,4
2431,1,5,2,6,11,7,2,14,,5,,,1,2,1,27,9,1,21,4,1,7,1,14,1,1,2,2,1,15,,1,17,4,4,7,6,1,6,1,1,14,,1,4,1,1,1,3,,1,2,4,17,1,,9,1,,1,23,1,3,3,,,16,1,,16,14,31,1,5,15,17,,3,4,,12,5,13,5,,1,8,17,2,4,3,1,,1,1,,3,3,,2
2432,2,5,11,,6,29,12,7,,2,,,,,11,13,9,32,8,15,17,6,15,10,8,8,30,16,,10,,8,23,,,,12,13,11,,,10,,,9,,12,1,11,,,2,19,11,16,,28,16,8,8,19,6,15,16,,,12,,,22,9,11,6,13,12,,,,25,,9,2,6,15,15,,17,14,10,,,10,,,,8,23,,,
2433,3,3,2,2,2,2,3,1,3,2,1,1,4,2,1,1,2,2,2,1,1,1,1,3,1,1,2,2,4,1,1,2,2,2,3,2,2,4,2,1,3,2,3,2,1,1,1,1,1,2,2,2,1,2,1,1,1,1,1,4,3,2,1,2,1,2,2,3,3,1,2,2,3,1,1,2,3,1,2,3,4,2,3,4,3,1,1,4,2,1,1,2,2,3,1,2,3,2,1,1
2434,5,14,5,,11,22,11,8,,10,,,,,10,9,9,31,7,14,18,6,3,4,10,5,28,15,,5,,8,27,,,,13,18,9,,,10,,,9,,11,7,11,,,8,21,8,18,,25,2,,6,18,26,13,15,,,12,,,21,10,9,8,10,13,,,,27,,8,7,7,17,14,,1,13,13,,,14,,,,10,21,,,
2435,,,17,,,34,,14,,,,,,1,,18,,45,,14,13,,3,14,,,38,27,,,,,30,,,,20,23,22,1,,6,,,13,,13,24,19,,,17,,21,16,,,23,,15,6,,,,9,8,,,,26,19,,23,16,,,,,11,,,,14,11,,,,,18,,,,,,,17,25,,,
2436,15,12,12,,1,31,9,11,,8,,,,,11,1,2,33,10,9,16,5,13,8,12,2,23,19,,9,,,23,,,,10,19,8,10,,10,,8,9,,14,16,12,,,9,15,1,1,,25,13,,8,10,24,14,16,,,9,,,24,10,10,9,10,9,,,,26,1,10,9,6,14,14,,18,12,11,,,18,,,,10,20,,,
2437,5,1,1,2,1,11,2,3,,10,3,,,1,,25,1,8,1,10,,2,4,9,2,17,8,4,3,1,3,1,3,2,2,,2,14,1,,4,1,,2,9,5,2,3,2,3,,2,14,3,,1,3,9,,1,1,,5,2,,13,5,,3,1,2,30,6,,3,2,4,,6,1,,15,8,3,,3,6,2,,6,1,,2,3,2,12,3,2,,
2438,13,12,3,,8,23,10,5,,7,,,,,2,13,10,26,1,15,17,4,15,10,10,9,29,16,,9,,,25,,,,13,14,4,,,10,,,8,,11,12,14,,,6,20,13,15,,26,15,,5,17,24,16,14,,,14,,,22,11,12,7,1,11,,,,26,,5,8,8,16,5,,16,11,8,,,16,,,,13,23,,,2
2439,12,6,10,4,,4,21,9,,2,,,,,2,27,9,2,21,1,4,2,3,9,4,1,1,5,5,16,,,16,2,,12,8,9,2,4,,16,,,4,16,28,17,1,,8,4,5,20,28,,9,25,2,5,25,,6,2,,,17,2,8,24,15,30,11,5,15,2,,3,3,,12,7,3,2,,,7,1,15,2,4,4,,2,,,10,19,,20
2440,13,7,8,,5,10,18,9,,2,,,,,17,20,7,9,17,10,14,7,20,10,12,22,11,22,,22,,,11,6,,9,9,7,9,14,,19,,,3,,22,22,13,,7,9,6,17,25,,9,24,,10,,,8,7,,,17,,,21,12,13,3,13,19,11,,,15,,11,15,9,6,,11,4,16,13,13,,6,,,,,10,13,,14
2441,11,2,9,1,,3,18,8,,2,,,,,1,24,9,,17,4,6,6,5,1,5,20,6,1,2,15,,,2,1,1,10,1,4,1,4,1,14,,,2,13,22,16,3,1,7,2,2,1,25,,1,24,,2,23,,1,6,,,1,1,1,17,1,29,4,3,15,17,1,,1,,1,4,11,4,,,1,17,2,12,1,7,,1,,,1,18,,20
2442,2,1,2,2,1,3,3,1,1,5,2,2,4,4,4,1,2,2,1,2,2,2,2,1,2,3,1,3,3,3,2,2,1,1,2,2,4,2,1,3,3,4,4,1,1,1,1,5,3,3,3,1,1,1,5,2,2,1,2,5,3,1,2,3,2,1,3,2,4,1,4,3,4,2,2,1,3,1,1,1,1,1,1,4,4,1,1,4,3,3,1,3,2,3,1,1,3,2,2,3
2443,3,3,3,1,9,1,5,1,2,4,4,3,2,1,7,,2,5,4,1,3,5,3,2,11,8,4,3,4,1,,5,1,4,4,2,2,4,2,2,3,2,4,1,3,2,2,3,1,6,3,10,5,3,2,3,1,15,5,4,3,2,4,6,5,3,2,2,5,3,1,5,3,2,4,5,2,3,22,5,6,3,5,4,2,2,8,3,3,4,1,3,3,5,3,,18,4,5,
2444,8,2,7,5,15,5,9,12,4,11,,4,,7,11,6,8,6,8,6,,,21,13,12,5,6,18,,,,,24,6,,1,10,6,5,6,7,,2,1,14,2,4,,8,2,,7,3,20,,,4,,6,16,17,3,6,4,,,,7,7,11,7,5,11,4,20,,,5,28,4,6,12,11,,5,4,23,19,11,,,20,8,,1,,3,8,4,
2445,16,11,12,,11,30,10,11,,7,5,,,,10,6,7,35,12,14,15,6,12,8,10,6,28,17,,9,,,24,,,3,9,14,11,,,12,,,10,,10,6,14,,,7,14,12,19,,27,15,,4,17,16,11,10,,,5,,,21,5,6,8,11,8,,,,25,3,11,7,8,16,13,,16,14,4,,,18,,,,8,20,,,8
2446,2,2,2,2,2,3,4,2,2,2,3,2,3,3,3,1,1,2,1,3,2,3,1,1,1,4,3,1,2,2,1,3,3,1,3,1,2,4,2,2,1,1,3,3,2,4,3,2,3,2,1,2,4,1,1,1,2,1,3,1,2,2,1,1,3,2,3,1,1,3,2,4,1,2,3,3,2,2,1,3,1,3,1,2,2,3,1,1,3,3,2,2,1,1,2,3,2,1,2,1
2447,,,14,,,33,,3,,,,,,,,20,15,35,,18,10,,12,15,,,36,26,,,,,29,,,,27,25,17,,,10,,,,,4,22,16,,,15,,20,16,,,22,,13,10,,,17,13,5,,,,26,19,,21,13,,,,,10,,,6,13,13,,,,,17,,,,,,,15,22,,,
2448,12,1,2,,12,11,18,10,,3,,,,,15,21,9,9,19,8,15,3,4,9,8,19,11,1,,9,,,7,7,,10,8,10,6,15,,18,,,1,15,18,24,12,,5,7,8,2,26,,8,23,,10,,,11,8,,,14,,,23,11,27,12,11,15,13,,,14,,13,15,8,4,,15,5,20,13,12,,5,,6,,,8,13,,5
2449,2,1,2,2,1,3,3,4,1,3,1,1,2,4,2,5,3,5,5,1,2,2,4,2,3,3,4,4,2,3,2,2,2,2,1,3,2,3,3,1,1,2,2,1,3,2,2,4,4,2,3,1,3,2,1,1,1,1,1,3,3,4,3,3,4,2,2,4,1,1,2,2,4,2,2,1,3,1,2,3,2,2,1,2,2,3,4,4,1,3,4,14,3,2,3,1,3,2,4,5
2450,5,7,9,1,,7,18,10,,7,,,,,2,28,10,11,20,3,7,3,2,9,4,23,7,7,7,15,,,15,3,2,11,1,10,3,4,,21,2,,5,15,29,,13,,9,3,7,21,2,,9,25,1,8,26,,7,5,,,16,,9,25,14,29,11,6,15,16,4,,2,,13,1,3,1,,,8,13,16,13,1,1,2,2,2,,10,16,,19
2451,14,8,6,,9,29,5,10,,6,,,,,9,12,9,25,8,13,15,5,11,9,12,10,11,14,,12,,,3,,,,9,18,10,,,11,,,11,,9,15,13,,,8,21,13,19,,24,15,,9,18,27,15,15,,,7,,,19,9,6,6,7,4,,,2,26,,6,8,4,14,1,,19,14,7,,,15,,,,8,18,,,
2452,16,,1,,9,17,11,10,1,4,,,,,10,12,12,16,12,17,18,7,1,9,6,11,29,18,,11,,,17,,,1,11,15,5,,,13,,10,9,,2,14,14,,,8,3,6,19,2,6,7,,11,16,27,13,13,4,,12,,2,1,11,12,11,11,13,1,,,27,,11,6,4,17,16,,18,15,13,,,18,,,,8,11,,,1
2453,15,14,10,1,11,29,11,7,,9,,,,,21,14,11,19,10,17,16,7,1,9,10,12,17,20,,2,,10,4,9,,7,3,14,11,6,,14,,,11,,7,1,4,,,1,5,13,14,,19,12,,4,12,23,1,10,,,11,,,20,4,3,11,5,12,6,,2,19,3,14,6,9,7,2,5,11,13,12,,2,1,1,1,,12,1,,,
2454,2,2,1,1,1,2,2,1,2,2,1,2,1,2,1,3,1,3,2,2,1,3,2,1,1,1,1,3,1,1,3,2,2,3,2,1,3,1,2,2,3,1,1,1,2,1,2,1,2,2,2,1,2,3,2,1,1,2,2,1,2,1,4,1,4,2,2,1,2,4,2,1,4,2,2,1,1,2,1,1,1,1,1,3,2,3,1,4,1,4,5,2,2,1,2,2,2,2,3,1
2455,1,8,6,,16,11,11,10,,9,,,,,2,20,9,4,20,14,4,5,18,11,11,22,12,6,,19,,,10,10,6,6,11,9,12,1,3,18,,,4,12,21,22,14,,4,11,4,16,26,,1,2,,9,22,26,8,7,,,20,,,20,14,25,23,11,19,14,,,9,,12,14,12,8,,1,6,2,13,10,,2,,,,,10,16,,1
2456,2,9,7,,14,10,2,2,,,,,2,6,18,20,,2,17,9,8,1,4,10,8,,10,2,,23,4,,1,5,,4,7,9,1,2,,20,,,8,2,14,16,3,,6,2,2,2,25,,2,26,,2,23,30,3,2,,1,2,2,2,2,10,27,11,1,2,13,3,,1,,10,9,7,4,,17,7,1,2,2,,7,,,,,8,14,2,18
2457,1,1,1,1,1,1,1,1,1,1,1,1,1,1,1,1,1,1,1,1,1,1,1,1,1,1,1,1,1,1,1,1,1,1,1,1,1,1,1,1,1,1,1,1,1,1,1,1,1,1,1,1,1,1,1,1,1,1,1,1,1,1,1,1,1,1,1,1,1,1,1,1,1,1,1,1,1,1,1,1,1,1,1,1,1,1,1,1,1,1,1,1,1,1,1,1,1,1,1,1
2458,14,6,7,,7,30,1,2,,5,,,,,9,15,9,36,8,9,1,10,8,11,10,11,20,14,,8,,,21,,3,,13,9,11,,,10,,,10,,5,15,15,,,7,4,11,19,,26,14,,10,1,25,10,15,,,5,,,17,10,9,4,11,7,,,,27,,10,4,5,16,9,,15,15,12,,,18,,,,7,17,,,
2459,,16,12,,,29,,11,,11,,,,,,16,13,49,,14,8,10,,9,,8,42,16,,,,,25,,,,14,24,15,,,9,,,,,12,24,14,,,10,,14,17,,,21,,13,8,26,6,16,3,6,,,,29,24,6,12,6,,,,,1,,,,10,13,18,,,16,18,,,,,1,,18,23,,,
2460,1,1,3,2,2,1,3,4,3,3,1,1,1,3,3,3,2,3,2,2,2,2,1,2,3,1,1,4,1,2,2,1,1,1,1,2,1,1,1,1,2,1,1,2,2,4,3,2,3,1,1,1,1,1,1,3,2,1,2,1,2,3,2,1,2,2,2,1,1,1,3,2,2,2,2,2,2,4,3,3,2,1,2,1,3,2,3,1,3,1,4,3,1,3,2,1,2,1,1,1
2461,5,14,12,,1,28,7,9,,6,,,,,9,13,9,26,11,12,17,7,14,7,10,3,28,17,,8,,,23,,,,13,20,12,10,,13,,,7,,12,3,10,,,7,19,6,8,,26,12,,10,19,23,15,13,,,9,,,18,5,11,7,11,10,,,,26,,9,6,5,8,15,,19,12,12,,3,14,,,,5,7,,,
2462,2,1,1,1,1,2,2,4,3,2,1,1,1,1,1,1,3,1,2,3,2,1,1,4,1,2,2,2,2,1,1,1,2,4,3,3,1,3,1,1,1,1,3,1,3,,2,3,3,4,5,1,1,1,2,1,2,3,1,1,3,3,3,1,2,1,2,2,2,3,1,2,2,2,1,3,2,1,2,1,2,1,2,1,1,1,3,1,3,1,3,1,2,2,3,1,1,5,1,1
2463,14,11,12,,11,28,9,9,,5,,,,,9,7,11,34,11,11,16,9,6,9,6,6,28,21,,8,,,16,,,,7,18,10,,,10,,,10,1,11,15,12,,,8,20,8,16,,23,10,,7,17,20,13,16,,,7,,1,19,11,9,9,11,9,,,,23,,9,3,7,12,17,,18,10,9,,,15,,,,9,17,,,
2464,0,0,0,0,0,0,0,0,0,0,0,0,0,0,0,0,0,0,0,0,0,0,0,0,0,0,0,0,0,0,0,0,0,0,0,0,0,0,0,0,0,0,0,0,0,0,0,0,0,0,0,0,0,0,0,0,0,0,0,0,0,0,0,0,0,0,0,0,0,0,0,0,0,0,0,0,0,0,0,0,0,0,0,0,0,0,0,0,0,0,0,0,0,0,0,0,0,0,0,0
2465,16,9,9,,9,31,10,9,,9,,,,,11,14,4,33,10,11,5,9,13,7,3,6,29,16,,8,,,15,,3,,11,6,9,1,,10,,,7,,13,13,13,,,5,20,11,18,,21,15,,4,18,21,14,10,,,8,,,22,12,4,7,10,12,,,,22,,11,8,7,16,6,,3,3,10,,,10,,,,10,15,,,
2466,5,15,8,3,12,6,11,13,3,9,,,3,9,1,8,7,3,8,15,,,18,12,14,8,9,21,,,,,24,3,,7,3,7,6,5,7,,10,1,8,4,5,,1,2,,9,5,14,,,8,,5,14,17,7,6,5,,5,,7,7,6,9,2,13,5,23,,,,5,2,6,14,12,4,8,6,23,16,1,,,2,8,,11,,6,8,2,
2467,1,1,2,3,3,2,1,1,1,1,3,2,3,3,1,3,1,1,1,1,1,3,2,1,4,2,2,3,1,3,2,1,3,1,3,1,1,3,2,2,1,1,1,1,1,1,2,1,3,1,4,1,3,1,1,3,2,2,1,1,3,2,2,2,3,4,2,1,3,1,3,2,2,1,1,3,2,4,3,1,2,2,2,3,2,2,4,1,3,3,2,1,1,1,2,2,1,3,1,3
2468,3,1,2,1,2,1,2,1,2,3,,3,2,2,3,2,1,2,1,2,3,1,1,3,3,3,3,2,2,3,3,2,2,2,3,3,2,2,2,1,,5,4,1,3,,2,3,5,3,1,2,3,1,3,2,4,1,2,3,1,1,2,2,1,2,1,3,2,3,2,3,1,3,5,1,4,1,1,3,3,9,1,3,3,2,2,11,2,3,3,2,2,1,3,1,20,4,1,3
2469,1,2,4,1,2,3,3,3,1,3,1,1,1,3,3,2,3,2,2,1,2,2,2,2,1,4,1,1,2,3,2,1,2,1,1,3,2,2,3,3,1,2,1,3,3,2,1,1,3,1,1,3,1,2,1,2,1,1,2,1,1,1,2,3,1,1,1,3,1,1,1,2,4,2,1,1,1,1,1,1,1,3,2,2,1,3,3,1,2,2,4,3,2,2,1,4,1,1,1,1
2470,1,1,1,1,1,1,1,1,1,1,1,1,1,1,1,1,1,1,1,1,1,1,1,1,1,1,1,1,1,1,1,1,1,1,1,1,1,1,1,1,1,1,1,1,1,1,1,1,1,1,1,1,1,1,1,1,1,1,1,1,1,1,1,1,1,1,1,1,1,1,1,1,1,1,1,1,1,1,1,1,1,1,1,1,1,1,1,1,1,1,1,1,1,1,1,1,1,1,1,1
2471,13,13,6,,9,30,9,9,,8,,,,,13,12,11,33,5,13,17,10,14,5,8,9,22,1,,11,,,23,,,,13,5,7,,,13,,,8,,9,15,9,,,8,19,1,8,,24,15,,9,17,26,17,14,,,11,,,21,10,9,7,11,10,,,,18,,9,8,8,17,13,,11,17,11,,,15,,,,9,20,,,
2472,17,12,3,4,9,30,5,11,,3,,,,,,14,13,34,10,10,16,9,12,9,11,11,28,19,,10,,,9,,,1,10,19,9,,,6,,,7,,14,14,13,,,8,14,9,21,,1,14,1,8,20,23,1,13,1,,10,,,23,13,12,9,12,11,1,,,2,,5,9,4,13,15,,19,15,11,1,,,,,3,2,19,,,
2473,16,5,7,2,7,28,9,10,,7,,,,,10,15,3,1,9,12,12,9,11,6,8,12,15,18,,1,,,22,,,,12,4,7,,,10,,7,10,4,2,7,13,,,8,2,5,19,,3,10,1,12,1,23,2,14,,,10,,,20,8,11,11,12,12,,,,17,,13,6,6,8,5,,5,14,7,,,15,,,,10,21,,,
2474,11,8,7,,12,4,18,13,,7,,,,3,20,22,2,4,15,13,16,8,20,10,11,17,13,22,,23,,,1,9,,6,15,5,8,11,,16,,,10,10,5,22,13,,5,8,10,18,26,,6,22,,11,,20,1,2,,,17,,5,14,9,20,1,9,12,5,4,,2,,10,10,10,7,,8,4,17,5,6,,6,,,,,3,8,,10
2475,1,12,10,,11,1,11,7,,9,,,,,11,13,8,31,9,13,14,10,16,9,12,7,20,16,,9,,,17,,,,11,16,9,2,,9,,,9,,12,16,13,,,1,15,9,19,,27,12,,11,18,24,12,1,,,8,,2,21,11,13,2,9,13,,,,26,1,11,8,7,15,10,,17,13,12,,,19,,,,10,21,1,,
2476,3,4,3,2,2,3,2,3,2,1,2,3,2,3,4,4,1,1,1,3,3,2,3,2,3,1,2,4,1,1,2,2,2,1,1,1,2,2,1,2,1,2,1,2,1,1,2,3,1,1,3,1,1,1,2,5,2,5,1,2,1,2,2,1,3,3,3,3,1,1,2,3,3,1,1,3,2,1,1,1,2,3,1,1,1,1,2,5,1,2,1,3,1,2,1,2,1,4,,4
2477,3,2,1,3,3,3,1,3,1,2,2,1,3,1,1,2,3,2,3,2,2,1,1,2,2,2,2,2,1,2,3,1,1,2,4,3,2,3,1,3,3,1,3,1,3,3,1,3,3,2,1,3,1,3,2,3,2,2,1,2,2,1,2,2,1,2,2,2,2,2,1,5,3,2,2,1,3,3,2,2,1,1,2,1,1,1,2,2,3,1,2,3,1,2,2,2,1,1,1,4
2478,1,2,1,1,2,1,1,2,1,3,1,2,1,3,5,1,3,4,2,3,1,4,2,3,2,3,2,3,3,3,1,3,1,1,3,1,1,3,2,2,2,2,1,5,2,1,1,2,2,2,1,1,1,2,3,2,2,1,4,3,2,1,2,2,1,3,3,3,3,1,2,1,1,1,4,2,1,1,1,4,1,2,1,2,1,1,1,1,1,3,3,2,2,2,1,1,3,1,5,2
2479,14,14,7,,2,28,10,9,,8,,,,,10,12,11,34,1,15,16,4,16,5,10,3,12,16,,1,1,,4,,,,7,17,2,,,11,,,7,,12,15,10,,,7,19,11,16,,10,15,,10,20,25,10,16,,,13,,,21,5,13,7,11,13,,,,26,,9,10,5,17,17,,7,12,10,,,16,,,,13,19,,,
2480,14,15,8,,10,17,4,9,,7,,,,,3,14,5,14,11,7,17,8,16,7,4,13,15,18,,11,,11,15,,,,14,12,10,,,14,1,,8,,9,13,15,,,8,1,2,16,,1,1,,8,14,26,15,15,,,11,,,21,10,10,10,12,10,,,,26,,12,8,5,16,8,,19,16,14,,,12,,,,6,18,,,
2481,1,9,2,,3,1,3,,5,1,1,1,4,3,3,14,,1,1,2,5,2,4,1,12,23,1,25,1,,1,,1,5,3,,17,13,1,2,1,15,1,,1,1,2,2,5,,1,2,15,1,1,,,1,1,14,,7,10,,,,1,1,1,1,9,1,1,1,3,1,,1,8,,14,,,1,20,13,9,,15,16,,6,5,3,1,,2,17,5,3
2482,3,3,4,2,1,3,4,1,4,2,2,2,1,3,2,2,1,1,1,2,1,3,1,2,1,2,2,1,1,2,1,2,1,1,1,1,2,1,1,3,1,2,4,3,1,2,3,2,1,2,3,4,1,1,2,3,1,1,2,1,3,2,2,2,1,2,2,2,3,2,1,1,4,2,2,2,1,4,2,3,1,1,1,1,2,1,3,2,1,2,1,2,3,3,2,1,1,3,4,2
2483,2,2,1,,1,2,,2,1,6,2,5,2,1,2,,1,1,2,2,3,2,1,2,,2,,1,6,,1,2,2,2,2,2,1,2,4,2,,,2,2,1,3,1,2,,,,1,7,1,,1,1,1,7,1,,4,1,3,2,1,1,5,2,5,,3,2,,6,1,1,2,,,9,,3,6,1,3,10,,,6,3,2,1,1,1,1,1,6,7,
2484,2,1,3,1,1,3,3,2,2,2,2,4,1,2,1,1,3,1,1,1,2,3,1,2,1,2,4,1,3,3,2,1,2,3,1,1,1,3,3,1,2,1,1,1,1,2,2,3,3,1,1,4,1,3,1,2,1,1,2,2,4,1,1,1,2,1,1,1,2,2,2,1,3,1,1,2,2,1,1,1,3,1,1,3,2,2,2,3,1,1,1,2,2,3,1,1,3,1,2,1
2485,3,1,2,3,3,3,1,2,4,2,3,2,2,1,3,2,2,1,1,2,2,1,3,2,3,2,1,1,2,1,2,1,2,3,2,3,1,4,3,1,2,1,1,1,2,1,2,4,2,2,1,3,4,2,2,2,1,3,2,2,1,4,3,2,4,2,1,2,4,2,1,3,2,1,1,3,1,2,1,3,1,1,1,2,2,3,1,1,4,2,1,2,3,3,2,2,1,3,1,2
2486,8,12,9,2,14,2,11,9,5,10,,,,8,13,3,7,3,8,4,,,20,11,13,7,7,20,,,,,1,1,,5,7,1,4,7,9,,8,5,13,6,2,,7,4,6,5,4,20,,,6,,7,17,14,5,4,7,,,12,2,7,10,8,1,14,5,23,,,4,28,2,5,15,12,16,6,2,25,20,11,,,1,,,8,,4,1,5,
2487,2,10,10,,4,6,7,,4,12,3,,2,2,20,15,,7,5,4,4,1,22,2,12,23,12,1,,,,,4,3,3,3,17,13,2,2,,16,3,,10,,4,,1,,5,13,13,5,3,,,3,3,15,,4,11,,,,20,4,,2,9,1,2,,4,6,,,9,,11,,,3,18,2,10,,15,16,1,2,5,2,,,2,19,1,4
2488,14,5,6,,12,5,18,16,,4,5,,,,18,20,6,4,17,4,16,4,18,12,11,21,12,23,,20,,,13,3,,11,9,8,7,13,,16,,,7,12,23,24,10,,5,8,7,19,22,,8,18,,9,,,9,1,,,13,,,22,11,24,11,11,18,12,,,1,,10,13,11,7,,14,6,21,2,13,,3,,,,,6,12,,9
2489,1,2,1,2,1,2,1,1,3,2,3,1,1,3,1,2,3,2,1,1,2,1,2,3,3,1,2,1,2,1,2,3,1,4,2,1,1,2,1,1,4,1,2,4,1,3,2,1,1,1,3,1,1,2,2,3,1,1,1,1,2,2,1,1,2,2,2,1,3,1,1,3,1,1,2,1,1,1,2,3,2,2,3,4,2,2,1,1,1,1,3,2,3,1,1,2,1,2,1,1
2490,9,11,10,3,11,10,10,6,3,6,,,,9,12,6,6,7,10,2,,,22,13,15,7,9,17,5,,,7,2,9,,6,7,8,5,6,4,,6,4,15,1,3,,6,5,,9,2,17,,,5,,6,9,18,5,5,7,,,12,8,1,12,2,6,14,5,20,,,4,21,3,5,9,1,,2,,16,16,10,,,19,7,,9,,1,9,4,
2491,15,11,10,,3,29,8,5,,3,,,,,11,7,8,34,11,2,16,7,16,9,11,2,8,18,,8,,,24,,,,13,16,11,5,,11,,,6,,10,14,13,,,5,18,13,11,,23,13,2,1,18,25,14,8,,,10,2,,11,9,12,7,11,10,,8,,25,2,9,7,4,14,16,,16,6,10,,,13,,,,8,13,,,
2492,2,1,4,3,1,1,1,2,3,2,3,2,2,2,2,1,2,2,1,2,3,2,1,1,2,1,2,2,1,1,3,1,2,3,2,3,2,2,4,2,2,2,2,3,3,1,2,2,3,4,2,2,2,3,2,1,2,3,1,3,3,1,2,1,2,1,3,2,3,3,2,3,3,3,2,3,2,2,3,2,1,2,1,1,1,2,2,1,2,3,1,3,2,2,2,2,1,2,1,2
2493,8,14,2,,13,1,11,11,,1,,,,1,4,1,11,36,12,14,18,9,18,1,12,11,21,17,,5,,,5,,,,5,1,12,,,12,,,9,,15,12,14,5,,2,19,8,6,,7,1,,10,20,23,11,13,,1,12,,,20,9,11,1,13,13,11,,,26,5,4,1,6,17,14,,21,14,15,,5,18,,,2,5,21,,,
2494,19,,14,,,28,,14,,,,,,,,18,,48,,16,9,,,9,1,,3,27,,,,,29,,,,26,1,20,,,11,,,,,16,24,19,,,12,1,19,12,,,16,,16,7,,,,8,8,,,,17,25,,23,19,,,,,12,,1,,15,14,,,,,19,,,,,,,17,25,,,
2495,2,1,2,2,1,2,1,3,2,1,3,2,3,1,4,3,3,1,3,4,2,2,1,2,1,3,3,1,2,3,1,2,2,2,2,1,4,2,1,3,2,1,1,1,3,3,2,1,2,3,3,3,2,2,3,2,2,4,1,3,3,2,2,1,2,2,1,1,1,2,1,2,2,1,1,3,2,1,1,1,4,1,1,1,2,2,3,2,1,2,1,2,2,1,2,2,2,2,3,2
2496,16,14,11,,11,29,3,8,,9,,,,,9,9,8,35,1,1,17,9,13,9,8,8,28,16,,10,,,19,,4,1,6,21,10,,,9,,11,8,,12,15,12,,,4,19,6,19,,23,2,,8,14,24,2,10,,3,1,,,23,5,12,3,2,9,,,8,1,1,8,9,6,16,14,,17,14,12,,,18,,,,9,20,,,
2497,10,7,9,,17,1,18,12,,8,,,,4,5,24,6,8,1,2,10,8,22,10,13,22,6,22,,23,,,3,7,,2,13,6,8,13,,17,,5,5,13,21,18,11,,5,2,9,16,26,1,8,22,,6,,,1,4,,,16,,5,21,9,17,21,6,19,1,,,14,,5,3,7,7,,3,5,13,3,8,,6,,,,,2,2,,12
2498,13,12,12,,9,29,9,9,,8,,,,,9,11,10,32,11,17,15,8,15,10,6,11,28,17,,10,,,23,,,,11,18,8,,,11,,,9,,7,14,13,,,5,17,7,18,,22,9,,10,15,26,12,13,,,12,,,22,14,11,10,12,9,,,,24,,10,8,6,15,16,,18,12,13,,,17,,4,,7,19,,,
2499,1,1,3,1,1,2,2,1,3,1,4,1,3,3,1,1,3,3,1,1,1,2,1,3,1,2,3,2,2,2,1,1,4,2,1,1,2,1,2,2,2,3,3,1,2,1,1,3,4,2,2,1,3,1,4,1,2,1,3,4,2,2,1,2,2,3,2,1,2,1,1,2,3,1,2,2,3,3,1,2,2,3,2,3,1,3,1,3,3,3,3,2,3,3,1,4,3,1,1,2
2500,2,1,1,2,1,2,2,1,4,1,3,1,3,2,2,1,2,3,2,3,3,1,2,2,2,2,3,3,3,2,1,3,6,3,2,1,2,1,1,2,1,2,3,4,2,3,1,5,1,1,2,2,1,2,1,3,4,2,2,2,4,3,1,1,2,2,1,2,2,3,1,1,1,2,4,3,1,2,1,2,1,2,2,1,3,1,1,3,1,2,2,2,3,1,2,2,2,3,1,3
2501,6,11,4,,9,25,1,4,,3,,1,1,,3,11,10,33,9,15,15,5,13,8,10,6,28,9,1,7,,7,16,,,,12,16,11,,,11,,,1,1,12,15,9,,,9,19,10,17,4,2,15,,2,17,20,15,4,4,4,12,3,,19,6,12,9,12,9,,,,26,,10,7,3,17,1,,16,14,13,,,15,2,,,2,3,,1,2
2502,15,8,1,,7,32,12,1,,10,,,,,12,2,6,34,11,12,1,1,9,7,10,8,28,1,1,11,,,6,,,,3,19,11,9,,1,,,7,,5,15,8,,,8,21,13,1,,23,13,6,1,15,24,5,1,,,1,,,22,12,6,10,1,9,12,,,27,2,8,9,6,11,15,,15,12,12,,,18,,,,2,20,,,
2503,12,8,7,1,17,10,17,13,,6,,,,1,1,24,8,7,20,3,13,10,20,11,13,20,3,24,,23,,,2,9,,2,11,5,7,10,,16,,3,2,10,21,22,13,,4,12,7,19,26,,8,21,,8,,,2,4,,,19,1,2,19,12,18,23,13,21,6,,,14,,4,3,4,7,,2,4,14,4,1,,9,,,,,11,1,,1
2504,2,2,1,2,2,3,3,1,3,2,3,2,2,3,2,1,3,2,3,3,2,1,2,2,2,3,2,2,1,1,3,2,2,2,1,1,1,1,2,3,2,4,2,2,3,3,3,3,2,1,2,3,1,2,2,1,2,1,2,1,2,4,2,4,2,2,3,1,2,1,1,2,3,1,4,3,2,2,2,2,3,3,2,4,2,2,3,2,2,1,3,1,3,1,3,1,2,2,2,3
2505,1,8,10,,1,30,11,9,,9,,,,,22,15,1,18,12,12,2,6,2,10,7,13,16,2,5,3,,10,3,1,,8,5,1,1,1,,15,,,11,,13,7,10,1,2,1,4,11,1,,16,7,,3,15,25,11,11,,,2,6,,21,1,1,12,6,13,13,,,6,5,1,6,7,8,3,7,21,2,15,,1,1,2,2,,13,3,,,
2506,1,2,2,2,1,1,1,3,2,4,3,2,2,4,1,2,2,3,3,1,1,2,1,3,4,1,3,2,2,3,1,2,1,3,2,2,3,3,2,1,1,1,5,2,2,2,3,3,2,3,1,1,3,1,4,1,2,2,4,1,1,2,1,3,1,2,1,1,1,1,2,1,1,1,2,3,2,2,1,3,2,1,2,1,1,1,2,1,1,3,3,2,1,1,3,1,1,1,3,1
2507,0,0,0,0,0,0,0,0,0,0,0,0,0,0,0,0,0,0,0,0,0,0,0,0,0,0,0,0,0,0,0,0,0,0,0,0,0,0,0,0,0,0,0,0,0,0,0,0,0,0,0,0,0,0,0,0,0,0,0,0,0,0,0,0,0,0,0,0,0,0,0,0,0,0,0,0,0,0,0,0,0,0,0,0,0,0,0,0,0,0,0,0,0,0,0,0,0,0,0,0
2508,17,1,12,,9,27,7,8,,8,,,,,9,13,8,32,10,12,17,11,10,5,5,9,28,17,,4,,,21,,,,1,19,13,,,12,,,10,,8,2,13,,,6,20,14,17,,26,5,,9,18,23,14,2,,,10,,,23,12,11,6,12,2,,,,27,,5,7,5,11,4,,17,15,2,,,16,,,,9,21,,,
2509,8,13,11,,9,30,11,1,,5,,,,,8,3,11,32,10,11,14,9,15,1,7,8,27,16,,11,,,22,1,,,7,18,12,,,8,,,10,,2,11,13,,,9,8,10,20,,27,4,,9,16,25,13,14,,,11,,,19,7,11,10,11,7,,,,24,,2,4,3,16,16,,15,15,12,,,21,,2,,11,14,,,
2510,12,12,10,,11,31,8,6,5,7,,,,,6,13,9,23,9,13,4,4,5,8,11,9,29,18,,5,,,23,,,,7,18,4,,,8,5,,11,,5,13,8,,,6,16,13,18,,25,13,,10,17,25,13,5,,,10,,,22,6,12,9,12,12,,,6,11,,4,3,6,15,16,,20,11,9,,,18,,,,9,20,,,
2511,14,7,13,,11,30,9,7,,8,,,,,12,9,11,20,11,14,16,2,16,1,11,11,20,19,,10,,,24,,,,12,8,9,,,11,,,11,,12,14,11,,,8,6,4,20,,26,15,,10,15,9,10,15,,,4,,,20,5,10,2,11,8,,,,23,,9,9,4,14,14,,14,13,13,,,18,,,,7,22,,,
2512,11,12,2,,7,6,13,4,2,8,,,,,11,4,10,1,10,4,13,3,12,2,12,8,29,4,,10,,,2,,,,10,15,8,,,1,,,10,,5,13,10,,,8,14,4,15,,1,9,,5,17,24,11,3,,,10,4,1,22,12,4,7,5,9,1,,,26,,9,8,3,15,11,,6,4,12,,8,13,4,,1,10,19,,,
2513,7,14,1,6,2,7,10,12,6,10,,,,8,12,2,5,6,6,3,2,,18,11,14,7,4,21,,,,8,24,5,,6,9,6,4,5,2,,3,5,10,4,4,,7,5,,8,3,1,,,6,,4,8,16,4,5,14,,5,,1,6,12,8,5,13,4,19,,,4,27,1,6,14,12,,7,6,23,17,12,,,2,6,,10,,6,7,4,
2514,15,14,9,,6,15,3,1,,2,,,,,15,15,4,15,15,15,1,4,15,10,12,13,15,4,,1,5,2,6,9,,,9,14,10,6,,14,,3,9,,4,8,10,,,7,6,11,8,1,1,7,,8,14,21,7,10,,,13,,,22,10,2,11,13,1,5,1,7,23,6,13,8,5,8,16,,1,14,14,13,5,16,,1,,3,2,19,,
2515,9,3,9,4,15,4,10,11,6,12,,3,,6,11,6,3,6,6,3,,,22,12,11,3,4,22,,,,,25,8,,3,6,4,3,3,9,,8,3,14,4,3,,6,5,,7,2,21,,,4,,7,17,15,5,4,5,,,,7,5,9,4,3,12,3,4,,1,3,25,1,5,1,3,,3,3,23,19,11,,,21,,,11,,5,10,5,
2516,14,10,8,,9,28,6,9,,8,,,,,10,12,7,34,8,13,3,9,11,6,3,7,26,17,,11,,1,23,,,,10,20,9,7,,4,,,2,,9,1,14,,,4,20,13,8,,26,6,,9,13,22,12,16,,,7,,,23,13,12,3,9,10,,,,26,,6,7,4,15,16,,17,9,13,,,19,,,,10,20,,,
2517,16,15,8,1,5,18,6,3,,3,,,,,2,15,3,14,15,4,2,4,17,11,6,14,12,4,,12,,3,1,2,,,11,11,9,7,,13,,4,10,,5,8,11,,,2,2,14,9,2,2,14,2,11,13,22,11,15,,,14,,,21,6,12,11,12,2,1,1,1,1,6,14,8,4,7,17,,20,15,15,14,1,1,1,2,,5,1,,,
2518,15,5,10,,7,29,11,4,,8,,,,,8,11,10,31,10,14,2,10,13,8,13,8,1,13,,10,,,10,,,,1,10,9,,,10,,,4,,13,14,10,,,1,18,12,16,,24,15,,4,18,25,14,2,,,10,,1,20,12,6,10,2,13,,,,19,,9,3,2,17,14,,13,1,10,,,18,,,,8,12,,,
2519,12,10,10,,7,29,12,13,,11,,,,,11,11,11,34,10,14,17,7,10,8,11,8,20,1,,9,,,24,,,,2,18,2,,,2,,,8,,10,12,13,,,4,19,12,19,,22,10,,5,20,21,13,13,,6,11,,,23,13,12,9,10,2,3,,,26,,7,7,1,10,17,,14,1,13,,,17,3,,,11,21,,,
2520,1,2,3,1,3,1,1,4,2,1,3,1,3,2,3,2,1,4,2,3,2,1,1,3,2,1,2,3,2,2,3,1,4,2,1,2,1,3,3,4,1,1,2,2,1,2,1,1,4,3,1,1,5,3,1,2,1,2,1,2,1,1,2,2,2,2,2,1,1,1,2,3,2,3,2,3,1,2,1,2,3,2,1,2,3,1,1,2,1,1,2,1,2,4,1,2,2,2,2,3
2521,1,1,2,2,1,2,4,2,3,1,1,2,1,2,3,1,1,3,1,3,1,2,3,4,2,3,2,3,3,3,1,1,3,1,1,1,1,3,2,1,3,1,4,2,1,3,3,4,1,1,1,2,3,1,3,1,3,1,2,2,2,1,3,4,2,1,3,1,1,3,3,5,1,1,2,3,1,2,2,3,1,4,1,4,1,2,1,1,3,2,4,3,1,1,1,1,2,1,2,3
2522,1,11,3,1,5,32,7,10,,7,,,,,2,14,10,24,9,3,16,6,16,10,11,10,25,17,,13,1,,1,,,,10,20,5,,,12,1,1,2,,6,14,18,,,6,5,10,18,,27,13,,1,1,26,6,1,,,11,6,,20,3,12,6,1,10,,,7,12,,4,9,7,15,4,1,9,17,10,,,19,,,2,10,1,,7,
2523,12,5,5,,17,10,19,10,,1,,,,,17,9,9,8,16,11,16,7,18,9,10,22,7,5,,13,,,5,6,,12,9,6,10,12,,17,,,8,9,3,23,11,,1,10,6,18,20,,9,24,,10,1,,4,7,,,14,,5,21,8,24,19,11,19,6,2,3,10,,11,11,8,11,2,15,3,17,7,12,4,10,,,,,6,,,10
2524,1,3,1,1,3,4,2,4,1,1,1,2,1,,2,1,1,1,1,2,2,1,1,2,1,1,1,1,1,2,1,1,1,1,,1,1,1,1,1,1,1,1,1,1,1,1,1,5,1,1,2,1,4,1,1,1,1,1,5,1,19,3,3,1,1,1,1,1,3,2,1,2,2,1,1,3,1,3,1,3,1,4,1,1,1,1,1,13,1,3,1,,1,1,1,1,1,3,1
2525,9,13,12,,11,22,9,10,,5,,,,2,13,13,5,16,11,5,16,9,17,8,2,11,21,20,,11,,,14,11,,,12,19,11,,,13,,,11,,11,3,9,,,7,5,13,19,7,15,9,,10,20,22,14,14,,,11,,,22,3,5,9,12,12,,,,24,4,8,8,6,4,6,,19,13,14,,,11,,,,7,17,,,
2526,0,0,0,0,0,0,0,0,0,0,0,0,0,0,0,0,0,0,0,0,0,0,0,0,0,0,0,0,0,0,0,0,0,0,0,0,0,0,0,0,0,0,0,0,0,0,0,0,0,0,0,0,0,0,0,0,0,0,0,0,0,0,0,0,0,0,0,0,0,0,0,0,0,0,0,0,0,0,0,0,0,0,0,0,0,0,0,0,0,0,0,0,0,0,0,0,0,0,0,0
2527,2,2,1,,2,1,,2,2,5,5,4,2,2,3,,1,1,1,2,2,2,4,1,,1,1,,5,,2,1,2,3,3,1,1,1,3,3,,,3,2,3,1,3,1,,,,3,6,1,,1,2,1,6,1,,3,2,2,2,2,2,3,1,4,,2,4,,5,1,2,4,,,7,,1,5,3,2,9,,,5,2,3,2,2,2,1,2,5,6,
2528,6,5,1,5,12,3,1,8,1,5,,,,,1,27,8,3,21,2,3,6,2,9,2,1,3,3,4,16,,6,18,3,,9,8,4,1,5,1,15,,,3,16,23,3,2,1,7,1,5,17,25,,10,2,,1,24,,7,3,,,15,1,,24,16,32,1,4,14,17,1,1,3,,13,6,2,4,,,8,18,3,3,2,7,,2,,,4,1,,19
2529,5,9,11,,4,31,4,10,,9,,,,,2,14,8,35,12,9,9,7,13,8,12,9,30,11,,11,,,15,,,,11,18,12,,,9,5,,7,,10,16,14,,,3,20,13,9,,27,12,,11,9,20,4,14,,,1,2,,18,13,7,9,12,14,,,,27,,13,9,7,14,4,,19,14,11,,,16,,,,4,22,,,
2530,2,2,13,1,1,1,12,10,,6,,3,,,1,14,9,32,12,11,10,1,1,9,3,5,28,8,1,3,,1,4,,2,,12,18,1,1,3,3,,3,8,,4,1,14,2,1,1,18,15,19,,27,1,1,2,11,3,3,4,,1,2,2,,22,2,6,1,4,9,13,1,1,1,,10,1,5,15,1,,1,10,1,,1,17,,,1,2,3,,1,
2531,7,15,11,,6,20,3,9,,8,,,,,3,13,7,36,14,14,5,3,10,2,5,9,20,20,1,13,,,24,,,,13,14,9,,,2,,,9,,2,13,14,1,,4,18,14,18,,9,16,,7,9,20,2,17,1,5,3,,,24,16,8,11,1,,9,,,9,1,4,9,8,1,2,,15,15,14,,,13,,4,,1,19,,3,
2532,3,1,1,1,2,3,1,2,1,2,3,2,1,2,1,1,2,2,4,1,1,2,3,1,3,2,2,1,3,3,1,2,1,1,1,3,1,1,1,1,1,1,2,2,1,1,1,1,1,2,3,3,4,2,2,1,1,2,2,3,2,1,1,1,1,1,2,1,1,2,1,1,1,1,3,4,2,3,1,2,1,2,3,3,2,1,1,1,3,2,2,3,1,1,1,1,3,1,2,5
2533,11,11,12,4,10,31,7,9,,4,,,,,7,1,5,33,10,12,3,5,10,7,8,5,29,20,3,4,,,15,,,,12,17,1,,,9,,,4,,9,14,8,,1,7,20,12,20,,18,12,3,10,12,19,13,14,,,8,,,20,3,1,9,11,9,,,,26,,12,8,5,12,7,,1,15,11,,,17,,,,8,21,,,1
2534,11,6,9,,14,2,13,16,,9,2,,,5,18,22,7,4,18,3,11,10,21,12,14,22,4,24,,25,,,8,9,,4,12,5,7,10,,18,,1,7,2,23,20,14,,4,11,7,19,26,,8,20,,9,,30,3,5,,3,17,,3,23,16,16,22,13,20,6,,,15,3,7,1,2,1,,15,1,2,3,11,,8,,,,,9,6,1,15
2535,3,8,8,,2,6,4,,4,2,2,,5,2,18,13,,5,2,4,6,1,20,8,11,23,13,27,,,,,5,4,2,,16,15,4,4,,14,4,,12,,3,1,5,,4,12,14,4,2,,,2,2,15,,8,9,,,,18,5,,2,8,3,3,2,2,8,,,9,,13,,,1,20,17,8,,16,15,4,5,3,1,,,1,17,4,5
2536,2,2,4,1,1,2,1,1,1,1,1,1,1,1,3,1,1,2,3,1,1,2,3,3,1,1,1,1,1,2,2,2,1,2,2,2,2,2,4,1,2,3,3,2,2,2,11,2,1,5,1,3,3,2,1,4,2,1,1,2,3,3,1,1,3,1,2,1,3,4,3,3,1,1,1,3,1,1,3,2,1,2,3,1,2,2,2,2,3,2,2,3,1,4,1,1,1,3,3,2
2537,2,10,11,,11,28,5,9,,6,,,,,11,11,11,21,4,3,16,6,12,9,9,10,28,16,,9,,,25,,,,12,9,10,,,7,,,8,,11,15,13,,12,4,19,12,19,,23,12,,9,17,10,13,15,,,12,,,22,6,11,5,13,11,,,,25,,7,8,6,17,15,,16,15,11,,,15,,,,8,16,,,
2538,,,17,,,35,,15,,,,,,,,15,,48,,15,11,,,9,,,36,26,,,,,29,,,2,26,23,19,,,6,,,,,6,18,17,,,11,,15,15,,,22,,13,3,,,,7,12,,,,22,24,,23,20,,,,,2,,,,14,13,,,,,17,,,21,,,,17,19,,,
2539,3,3,1,2,1,1,2,3,1,2,2,3,1,1,1,3,1,3,3,3,1,1,4,1,3,2,1,3,3,1,1,2,3,1,1,2,2,1,2,4,1,1,3,4,2,1,1,2,1,2,1,2,3,3,1,2,2,1,2,3,3,1,2,2,3,2,1,1,1,1,2,2,1,2,2,2,4,3,2,3,1,1,4,2,3,2,3,3,1,1,3,1,1,3,1,3,1,4,2,1
2540,3,14,7,,10,9,11,13,,8,,,,7,16,18,11,7,11,8,14,4,5,8,5,14,14,20,,23,,,17,9,,11,10,8,5,,,14,,,9,13,7,4,13,,4,3,20,19,20,4,15,3,,9,20,21,7,9,,,1,,2,18,11,26,11,8,14,13,,,14,5,7,7,6,4,9,16,6,21,14,10,,7,,,,,12,10,,15
2541,1,1,1,1,15,11,3,1,1,,1,1,1,1,1,21,1,3,1,1,9,1,1,11,9,,11,1,,1,5,1,2,1,1,1,1,10,2,1,,1,1,1,1,1,1,17,1,1,7,1,3,1,26,,1,27,1,1,1,1,4,1,,1,1,1,1,1,1,28,1,2,1,1,1,1,1,,11,1,1,5,,1,1,2,1,1,1,1,,1,1,1,1,15,1,19
2542,0,0,0,0,0,0,0,0,0,0,0,0,0,0,0,0,0,0,0,0,0,0,0,0,0,0,0,0,0,0,0,0,0,0,0,0,0,0,0,0,0,0,0,0,0,0,0,0,0,0,0,0,0,0,0,0,0,0,0,0,0,0,0,0,0,0,0,0,0,0,0,0,0,0,0,0,0,0,0,0,0,0,0,0,0,0,0,0,0,0,0,0,0,0,0,0,0,0,0,0
2543,0,0,0,0,0,0,0,0,0,0,0,0,0,0,0,0,0,0,0,0,0,0,0,0,0,0,0,0,0,0,0,0,0,0,0,0,0,0,0,0,0,0,0,0,0,0,0,0,0,0,0,0,0,0,0,0,0,0,0,0,0,0,0,0,0,0,0,0,0,0,0,0,0,0,0,0,0,0,0,0,0,0,0,0,0,0,0,0,0,0,0,0,0,0,0,0,0,0,0,0
2544,9,12,12,8,2,25,2,10,,9,,,,,12,3,11,34,9,15,13,10,7,7,9,9,28,13,,10,,,16,2,,,1,19,9,9,,4,,,8,,1,10,8,,,8,19,14,6,,21,5,,10,11,26,3,14,,,11,,,20,11,6,9,1,12,13,,,26,,10,1,6,5,16,,15,2,13,,,17,3,,,10,6,,,
2545,2,2,4,4,2,2,4,3,1,3,2,2,2,3,4,4,4,2,2,3,5,3,2,2,3,3,3,2,3,2,4,2,3,4,3,2,3,3,2,2,3,3,3,3,3,2,3,4,3,2,2,2,3,3,2,2,3,3,1,3,2,2,3,3,3,1,4,3,2,2,3,1,1,4,3,2,2,4,3,2,4,3,2,2,1,4,2,3,2,3,,4,3,2,2,3,3,2,3,3
2546,1,1,2,2,3,2,3,3,2,2,2,2,2,3,2,1,1,3,2,1,2,3,1,1,3,3,3,3,4,2,2,1,1,2,2,2,3,3,1,1,1,1,1,4,1,1,1,3,3,1,3,2,2,1,1,2,1,2,2,1,3,5,1,2,1,1,1,2,2,3,3,2,2,2,2,3,3,1,3,1,3,1,1,3,1,1,4,2,2,2,3,5,1,3,2,2,1,1,1,1
2547,14,7,11,,10,27,11,7,6,7,,,,,9,16,6,33,5,6,13,10,13,7,8,10,22,15,,10,,,23,,,,13,18,5,,,1,,,8,,10,14,12,,,8,5,11,19,,25,2,1,11,18,11,11,14,,,9,,,8,12,9,9,11,2,,,,27,,9,7,6,15,17,,18,13,11,1,,18,,,,5,20,1,,
2548,2,6,10,2,11,5,21,8,,3,1,,,,4,28,10,11,21,3,6,1,3,10,2,4,6,4,4,16,,,17,7,,11,6,9,1,7,,17,1,,3,16,29,,16,,8,6,13,22,28,,10,26,2,5,26,,6,3,,,17,,8,24,1,29,11,6,15,17,7,1,4,,12,2,4,1,,,7,15,16,12,,2,3,4,,,10,18,,20
2549,3,3,2,3,1,1,4,3,2,3,3,1,2,2,2,2,1,3,1,1,1,3,1,1,1,3,1,2,3,1,1,2,1,2,3,2,3,1,4,3,2,1,4,4,2,2,3,3,3,3,2,2,1,1,2,2,2,3,3,2,1,1,2,2,1,3,4,3,1,2,2,2,3,3,2,1,2,2,2,3,1,1,3,1,3,2,2,2,3,1,1,3,3,1,1,2,3,1,2,1
2550,4,1,3,2,4,2,1,3,1,3,1,2,1,1,3,2,2,4,3,1,2,3,2,2,3,1,2,2,3,3,1,2,1,2,3,2,2,2,1,1,2,1,1,2,1,2,3,1,2,3,2,2,1,3,1,2,2,2,2,2,2,1,2,2,1,2,1,3,2,3,4,1,3,1,1,3,2,4,3,2,3,1,2,2,1,2,3,3,1,2,1,1,1,2,1,1,2,2,1,2
2551,3,1,4,1,2,2,3,3,2,3,1,3,1,2,2,3,1,1,1,2,3,1,2,4,3,2,5,3,1,1,1,4,2,2,2,2,3,3,3,4,2,2,2,2,1,2,3,2,1,1,2,4,2,2,2,2,1,1,1,2,1,3,1,1,2,1,2,1,1,2,2,1,1,1,2,1,1,1,2,4,2,2,2,2,1,3,4,2,3,4,4,1,1,2,1,2,2,2,1,4
2552,1,3,1,1,1,1,3,1,3,2,1,3,2,3,2,2,2,2,2,3,2,1,3,2,2,1,1,3,2,4,1,2,2,3,2,2,1,1,1,1,3,3,3,2,2,2,2,1,3,1,2,1,1,1,1,1,3,3,1,3,2,1,1,1,2,3,1,1,2,2,3,1,1,4,3,1,4,1,1,1,2,1,1,3,1,2,1,1,1,1,3,2,3,2,1,1,1,3,1,4
2553,2,3,1,2,1,3,2,3,3,2,2,2,3,2,1,2,2,2,3,2,2,2,2,1,4,2,2,3,3,2,3,2,2,2,1,1,2,1,1,2,1,2,2,4,1,1,2,2,1,1,3,1,4,1,2,1,2,2,2,1,2,1,2,2,1,2,2,1,2,2,1,4,2,2,1,2,2,1,2,3,1,4,3,3,1,1,2,2,2,3,2,2,2,3,2,2,2,1,2,3
2554,1,1,1,3,2,1,2,1,4,4,1,1,1,1,1,1,1,2,2,2,1,2,1,5,3,1,4,1,1,3,2,1,1,1,1,2,1,1,1,3,2,2,1,3,1,2,1,4,3,3,4,1,2,1,1,4,1,2,2,2,3,3,1,1,3,1,1,2,1,3,2,1,1,1,2,4,3,4,4,4,2,2,3,2,3,1,1,1,1,2,1,4,1,2,2,2,1,1,2,3
2555,16,14,9,,9,20,9,7,6,4,,,,4,11,5,10,1,9,9,16,9,15,10,2,2,26,10,,1,,10,24,,,,9,19,11,,,1,,,6,,6,13,13,,,3,15,9,13,,25,13,,9,17,26,14,15,,,8,,,9,11,2,7,11,10,,2,,25,,9,9,4,4,12,,18,10,7,,,17,,,,9,14,,,
2556,4,3,1,2,2,1,2,1,2,1,1,1,2,2,2,1,2,3,1,4,3,2,2,2,1,1,1,1,2,2,3,2,2,2,1,3,1,2,1,1,1,2,2,1,3,3,2,3,1,2,1,3,3,2,1,1,1,2,1,3,3,2,2,1,1,1,1,4,3,3,1,2,1,2,3,2,4,3,3,2,2,3,2,3,1,1,1,2,2,2,4,2,1,2,2,2,2,2,3,3
2557,9,14,11,,5,19,11,12,,7,,,,,12,13,8,25,13,12,3,6,1,7,4,9,29,20,5,7,,,15,10,,,13,16,10,,,12,,1,8,,7,2,14,,,6,10,14,18,,16,9,,10,19,20,13,11,,,10,,,23,11,11,10,1,12,,1,,26,,4,1,8,2,4,,21,12,14,,,9,,,2,8,19,2,4,
2558,3,15,2,4,,6,20,13,,4,,,,,3,26,8,9,20,3,5,6,4,11,3,4,5,7,3,14,,,18,6,3,10,3,3,5,3,,13,,,5,14,27,,15,,6,7,3,22,26,,10,25,,4,28,,12,2,,,15,,5,15,15,30,3,2,16,16,,,13,,13,3,12,3,,,7,13,1,13,,3,,3,,,11,17,,19
2559,1,1,1,3,1,2,1,2,3,2,2,1,2,4,2,2,1,2,3,2,3,2,2,2,1,2,1,1,1,1,2,3,2,1,3,3,2,1,2,1,3,2,2,1,3,3,3,1,2,1,1,1,1,3,1,3,3,3,1,1,1,3,1,2,2,1,3,1,2,1,2,1,1,2,1,1,1,3,2,1,3,1,3,3,1,1,3,3,3,2,2,1,2,1,3,2,3,2,1,4
2560,0,0,0,0,0,0,0,0,0,0,0,0,0,0,0,0,0,0,0,0,0,0,0,0,0,0,0,0,0,0,0,0,0,0,0,0,0,0,0,0,0,0,0,0,0,0,0,0,0,0,0,0,0,0,0,0,0,0,0,0,0,0,0,0,0,0,0,0,0,0,0,0,0,0,0,0,0,0,0,0,0,0,0,0,0,0,0,0,0,0,0,0,0,0,0,0,0,0,0,0
2561,1,2,3,1,1,1,1,3,3,2,1,3,1,2,5,1,3,3,3,3,2,2,2,1,3,1,3,2,2,1,3,3,4,1,2,2,1,2,3,2,2,1,1,1,3,2,1,1,3,2,1,2,1,2,1,2,1,2,2,1,1,2,2,2,1,3,1,3,3,2,2,3,1,3,1,3,1,2,1,1,1,3,2,2,1,2,3,2,3,1,1,3,2,2,3,3,2,1,3,3
2562,10,8,1,,13,10,15,8,,9,,,,,7,19,12,7,17,11,15,7,16,6,14,2,6,22,,22,2,,13,8,,10,1,8,10,11,,12,,3,5,9,22,1,14,,6,5,7,17,26,,6,23,,10,,,3,2,,,1,,,23,14,28,13,12,17,9,,,15,,8,2,11,5,,13,7,19,14,9,,6,,,,,9,3,,4
2563,3,2,1,1,3,1,3,3,1,1,2,3,1,2,3,1,3,1,1,1,2,3,3,1,1,1,2,1,2,3,2,1,1,1,1,1,2,1,1,1,1,2,1,3,1,2,1,3,1,1,2,1,2,3,1,3,2,1,3,1,1,1,1,1,1,1,2,1,1,2,1,1,2,2,1,1,2,3,1,1,2,2,1,3,3,1,1,1,2,2,1,1,1,3,1,1,2,1,1,2
2564,0,0,0,0,0,0,0,0,0,0,0,0,0,0,0,0,0,0,0,0,0,0,0,0,0,0,0,0,0,0,0,0,0,0,0,0,0,0,0,0,0,0,0,0,0,0,0,0,0,0,0,0,0,0,0,0,0,0,0,0,0,0,0,0,0,0,0,0,0,0,0,0,0,0,0,0,0,0,0,0,0,0,0,0,0,0,0,0,0,0,0,0,0,0,0,0,0,0,0,0
2565,8,14,5,6,,14,2,3,8,,,,3,4,4,16,3,1,5,8,13,1,4,1,8,7,11,,1,3,1,3,4,3,2,,14,1,4,16,1,14,3,1,5,7,2,3,11,2,,1,1,2,2,,1,,,3,13,3,,4,1,8,1,7,4,2,1,12,2,11,1,5,9,,2,3,3,1,6,9,18,1,2,5,1,1,2,1,2,2,4,1,1,3,,22
2566,14,8,3,,12,14,12,1,,8,2,,,,9,10,2,10,14,12,17,6,17,1,8,14,14,8,,11,,,19,,,,9,2,6,1,,12,,8,10,14,2,7,12,,9,8,7,10,1,,18,13,,3,14,24,9,13,,,13,,,22,9,12,11,11,12,7,1,4,19,,5,5,6,5,14,,1,16,13,,,14,,,5,9,13,,,
2567,14,12,12,,9,31,4,8,,5,,,,1,7,8,5,28,8,2,15,10,15,7,8,11,23,16,,9,,,23,,,,11,19,9,,1,11,,10,9,,12,16,13,4,,7,15,13,19,,26,15,,5,1,25,2,10,,,7,,,21,2,11,2,10,7,,,,22,,3,2,4,16,14,,17,11,11,,,17,,,3,10,19,,,
2568,7,12,8,,9,21,11,11,2,3,1,,,,3,13,12,35,10,16,12,6,16,8,11,7,25,18,,9,,,26,,,,14,14,12,,2,11,,,5,,12,11,12,,,7,20,5,13,1,27,16,,9,18,1,14,15,1,,8,,,16,3,13,8,12,12,,,,26,,6,8,9,16,16,,16,14,12,,,18,3,,,9,17,,,
2569,1,1,1,1,1,1,1,1,1,1,1,1,1,1,1,1,1,1,1,1,1,1,1,1,1,1,1,1,1,1,1,1,1,1,1,1,1,1,1,1,1,1,1,1,1,1,1,1,1,1,1,1,1,1,1,1,1,1,1,1,1,1,1,1,1,1,1,1,1,1,1,1,1,1,1,1,1,1,1,1,1,1,1,1,1,1,1,1,1,1,1,1,1,1,1,1,1,1,1,1
2570,13,7,7,,14,11,17,15,,12,1,,,3,17,24,9,4,19,10,16,5,16,7,12,17,13,23,2,22,,,5,6,,6,15,8,2,5,,20,,,6,12,4,24,11,,6,9,9,19,27,,8,25,,12,,1,11,8,,,16,,,3,7,24,24,10,13,13,,,10,,13,13,11,6,,11,7,17,13,14,,2,,3,,,7,17,,11
2571,17,14,10,2,9,26,11,17,,2,,,,,13,14,11,34,10,13,17,9,11,6,10,9,29,22,,11,,,22,,,,9,9,10,,,8,1,,8,,9,15,12,,,9,13,1,19,2,,13,,10,16,24,6,16,2,,10,,,24,9,5,10,12,12,,,,1,,1,3,7,12,3,,15,17,8,,2,20,1,,,11,19,,,
2572,16,1,10,,3,30,11,4,,3,1,,,6,3,3,3,35,8,11,16,9,13,6,10,5,30,3,,8,,,24,,,3,12,2,1,,,6,,,8,,3,14,16,3,1,7,4,12,8,,5,15,,6,18,25,15,16,,,10,,,8,2,3,7,4,5,2,5,2,21,,9,1,1,1,13,,19,14,13,1,,19,3,1,,4,1,,,
2573,1,1,1,1,1,1,1,6,1,2,2,2,3,1,3,2,1,3,1,1,1,3,1,3,1,2,1,2,1,2,1,3,3,3,1,1,2,1,1,1,1,3,1,5,1,2,2,1,3,2,2,1,3,1,2,2,2,1,1,2,1,1,1,1,2,1,1,1,2,3,3,1,2,1,3,1,1,2,1,3,1,1,2,3,2,2,2,2,1,2,2,4,2,3,1,1,1,1,1,3
2574,2,2,2,2,1,2,1,4,2,3,2,4,4,1,1,2,3,1,3,2,3,4,1,1,3,1,1,4,3,3,3,2,1,2,1,1,2,2,3,2,2,2,2,2,3,3,1,2,2,1,2,2,1,3,3,2,2,2,2,2,1,2,1,2,2,2,2,2,1,1,2,3,4,1,2,3,1,1,2,1,1,2,1,1,1,1,2,4,1,1,3,3,1,3,2,3,2,2,2,1
2575,2,1,4,1,2,3,3,1,2,1,1,2,3,1,2,2,2,1,2,2,3,1,2,1,2,3,1,4,1,3,2,3,2,4,1,1,3,2,4,1,1,1,3,2,1,3,3,1,4,2,2,2,1,2,1,2,2,2,2,1,2,1,3,3,3,3,1,1,4,2,3,1,3,1,2,1,2,3,1,2,3,2,1,2,1,1,3,2,1,2,3,2,2,1,1,1,1,2,1,3
2576,1,1,3,3,1,2,1,3,2,3,3,1,1,1,4,1,1,3,2,2,3,2,2,4,1,1,1,1,3,3,1,4,3,2,2,1,2,4,2,3,2,3,2,2,2,1,4,1,1,1,1,1,2,3,2,1,1,2,2,1,2,3,2,1,1,3,3,1,2,2,1,1,3,3,2,3,2,1,1,1,2,1,3,1,2,2,1,5,2,3,3,2,1,,2,1,3,1,3,2
2577,12,6,8,,17,4,18,15,,8,,,,,20,21,1,8,20,12,15,7,19,8,12,16,13,21,,22,,1,11,7,,7,13,11,11,12,,18,,,4,9,6,23,14,,7,10,7,17,26,,3,22,,4,,,7,6,,,18,,,20,8,21,21,14,18,6,5,,12,,10,12,11,5,,3,6,20,13,7,,7,,,,,4,13,,12
2578,2,2,1,2,3,1,3,3,1,2,1,3,3,4,2,2,1,1,2,1,3,2,2,1,1,2,3,1,2,3,3,2,4,1,2,4,2,2,3,3,1,2,1,3,2,1,1,3,3,1,2,3,1,2,1,1,3,1,1,3,1,3,3,1,1,2,2,2,2,2,1,2,2,1,1,1,1,1,2,3,3,3,3,2,3,1,2,2,1,1,2,2,3,3,3,3,2,1,1,1
2579,1,1,1,2,3,1,3,1,1,1,3,1,1,1,1,2,1,2,2,3,2,2,1,3,1,2,2,1,1,1,2,2,1,2,1,4,1,1,1,1,2,2,1,1,1,2,2,3,1,4,2,1,1,1,1,2,2,1,3,2,4,2,1,2,2,1,1,1,1,1,2,1,1,3,2,1,2,1,3,1,2,2,2,2,3,2,2,3,1,1,2,1,1,2,2,1,1,1,1,1
2580,12,8,5,1,19,14,18,13,3,8,1,1,1,2,1,1,1,5,18,1,12,9,19,1,1,25,12,22,,1,,,2,9,1,12,1,10,1,14,,17,,,1,11,1,23,1,1,1,9,5,1,24,,4,24,,11,,21,10,1,,,16,1,1,21,1,21,2,1,17,1,2,,1,1,9,11,1,8,1,1,1,18,9,1,1,8,,1,,,1,12,,8
2581,7,8,4,6,5,15,1,1,6,5,1,,2,2,3,15,2,16,14,14,14,1,14,5,6,6,16,18,,2,,,1,,,,13,16,2,14,,13,3,3,4,,15,5,10,,,9,10,3,3,1,13,13,,8,11,1,13,6,4,7,12,8,3,23,6,10,1,10,9,4,7,,20,,2,5,5,8,16,2,1,14,,,4,13,1,,,9,10,,,
2582,15,1,11,,10,28,8,10,,9,,,,,11,1,8,29,12,8,1,5,8,7,13,9,23,15,,10,,,14,,,,12,18,10,,,5,,,3,,13,13,14,,,2,18,12,18,,23,11,,2,17,21,13,12,,,12,,,22,5,8,9,5,9,,,,27,,4,8,6,15,17,,18,13,13,,,22,,,,10,22,,,
2583,,,20,,,32,13,5,,,,,,,,15,,47,,14,7,,,11,,,42,23,,,,,30,,,,24,23,20,,,10,,,,,18,21,19,,,17,,18,17,,,22,,17,9,27,,,7,9,,,,31,26,,21,15,,,3,,12,,,,11,13,,,,,18,,,,,,,18,24,,,
2584,2,3,2,1,4,5,6,4,3,3,3,3,2,1,6,3,1,5,3,3,4,3,2,4,4,3,3,4,3,3,4,1,3,2,3,3,3,4,2,3,2,1,3,2,3,3,3,3,4,2,3,2,3,4,3,4,4,2,4,3,3,4,3,2,3,4,4,3,5,4,3,4,4,3,2,4,2,4,2,3,4,1,3,4,9,3,5,3,2,3,4,3,2,2,2,2,3,2,4,5
2585,,,19,,,16,9,17,,,,,,,,19,,44,,19,13,,,14,,,39,26,,13,,,28,,,,21,24,20,,,7,,,,,17,23,13,,,18,,1,19,,,23,,14,4,,,18,10,12,,,,22,24,,21,18,,,,,12,,,,10,13,,,,,15,,,,,,,17,26,,,
2586,3,1,1,3,2,2,2,2,2,1,2,1,1,2,2,3,2,3,3,1,2,2,4,3,2,2,1,3,1,2,3,1,2,2,1,1,3,2,1,1,3,1,3,1,2,2,2,1,1,2,3,2,1,1,3,2,2,1,3,1,3,4,3,3,1,1,1,2,2,3,3,4,1,1,2,2,2,2,3,2,3,3,2,3,2,2,3,3,3,1,1,3,2,2,1,1,2,1,2,4
2587,2,9,1,,14,1,17,14,,10,,,,,20,21,8,5,21,10,6,4,17,10,2,18,10,19,1,22,,,10,8,,5,14,8,11,7,4,19,1,,3,8,22,22,12,,8,10,3,18,25,,6,1,,11,,,7,9,,,18,,,20,7,28,25,12,17,11,,,11,,12,16,9,8,,15,4,10,12,13,,1,,,,,10,16,,6
2588,16,13,12,,8,31,11,5,4,8,,,,,10,13,10,33,12,14,17,12,14,3,7,8,27,16,,9,,,13,,,,8,17,10,,,9,,2,5,,12,14,11,,,4,12,5,7,,20,14,,9,18,25,13,14,,,9,,,19,2,12,10,12,7,2,5,4,23,,11,7,2,11,9,,17,5,1,,,17,,,,2,19,,,
2589,15,14,12,,6,29,9,10,,9,,,,,9,4,5,22,10,1,15,7,14,10,10,9,19,14,,9,,,23,,,,2,5,12,,,11,,,6,,11,15,12,,,2,1,11,10,,26,14,3,10,18,26,15,14,,,11,,,22,12,4,9,7,9,,1,,25,,10,8,5,15,9,,13,10,10,,,16,2,,,9,21,,,
2590,0,0,0,0,0,0,0,0,0,0,0,0,0,0,0,0,0,0,0,0,0,0,0,0,0,0,0,0,0,0,0,0,0,0,0,0,0,0,0,0,0,0,0,0,0,0,0,0,0,0,0,0,0,0,0,0,0,0,0,0,0,0,0,0,0,0,0,0,0,0,0,0,0,0,0,0,0,0,0,0,0,0,0,0,0,0,0,0,0,0,0,0,0,0,0,0,0,0,0,0
2591,2,1,1,1,1,2,1,2,1,3,1,1,1,1,1,1,2,1,1,2,2,2,2,1,2,2,2,3,2,1,1,3,3,5,1,4,2,1,3,1,4,2,4,1,2,1,1,1,2,2,2,1,1,3,1,1,3,2,1,4,3,1,1,2,2,2,1,2,2,1,2,2,4,2,2,2,2,3,3,2,1,1,1,3,2,1,1,3,2,1,3,2,1,2,1,1,2,2,2,2
2592,15,13,9,2,10,26,11,8,,3,,,,,9,10,11,34,8,16,17,3,14,8,9,11,27,15,,1,,,22,,,,12,17,2,,,11,,,6,,1,9,15,,,5,20,14,17,,26,13,,1,20,3,11,15,,,12,,,22,2,12,9,11,7,,,4,27,,6,4,3,15,16,,14,11,2,,,14,,,,7,18,,,6
2593,3,2,2,1,2,2,1,2,2,2,1,1,2,3,1,3,2,2,1,2,4,4,3,3,1,2,3,3,2,3,3,1,2,2,3,4,1,3,3,3,1,2,2,3,1,2,1,3,2,3,4,2,3,1,1,1,1,3,3,2,2,2,1,4,1,2,2,2,3,2,4,3,3,2,3,1,2,3,1,1,2,2,2,3,3,1,1,4,2,1,2,2,3,4,3,2,2,3,2,4
2594,2,4,9,,2,28,4,7,8,7,,,,,8,12,3,1,11,8,17,6,11,9,11,10,9,12,,9,,,21,,,1,7,7,6,,,,,,8,,11,14,15,,1,9,18,1,13,,26,16,,11,18,24,14,11,1,,10,,,2,13,8,10,5,11,,7,,18,,6,9,7,15,16,,7,4,9,,,16,,,,4,1,,,1
2595,1,1,1,,2,1,,1,1,6,1,6,1,1,1,,2,2,1,1,1,1,5,1,,1,,,6,,1,1,1,1,1,1,1,1,5,1,,,1,1,2,2,1,1,,,,2,7,1,,2,1,2,1,2,,5,1,1,1,2,2,4,1,6,,1,1,,1,2,1,1,,,8,,2,6,2,1,10,,,7,1,1,1,2,2,1,2,6,7,
2596,1,1,1,1,1,1,1,1,1,1,1,1,1,1,1,1,1,1,1,1,1,1,1,1,1,1,1,1,1,1,1,1,1,1,1,1,1,1,1,1,1,1,1,1,1,1,1,1,1,1,1,1,1,1,1,1,1,1,1,1,1,1,1,1,1,1,1,1,1,1,1,1,1,1,1,1,1,1,1,1,1,1,1,1,1,1,1,1,1,1,1,1,1,1,1,1,1,1,1,1
2597,8,9,4,,9,26,10,9,2,2,,1,,,5,3,11,34,11,10,10,6,12,1,8,9,27,10,1,11,,,23,2,5,,13,17,7,,,1,,,1,,13,14,14,,,9,17,4,4,,24,12,,4,18,19,11,13,,,9,,,19,8,12,5,7,12,,,,25,,1,5,7,2,12,,14,9,11,,,19,,,,6,19,,,
2598,16,13,5,,9,24,6,9,,1,,,,,5,13,1,31,8,7,13,4,11,10,11,11,28,12,,11,,,10,,,,8,16,10,,,10,,,1,,2,14,13,,,9,19,11,18,,25,16,,8,18,26,10,11,,,10,,,20,13,11,8,10,9,,,,23,,9,9,6,15,18,,12,11,12,,,18,,,,9,18,,,
2599,1,11,1,1,10,30,6,8,,4,,,,1,12,15,5,33,11,12,17,11,14,11,5,3,28,16,,9,,,10,,1,,13,1,9,,1,11,1,,1,,9,14,14,,,6,19,12,14,,22,15,2,7,15,25,14,12,,,9,,,15,10,13,6,1,11,6,,,28,,11,8,4,1,12,,18,9,12,,,3,,,,9,19,,,
2600,2,2,2,1,3,1,3,5,2,4,1,1,2,4,1,3,1,2,2,3,3,2,1,2,2,2,2,4,2,3,2,2,3,2,2,3,2,2,1,3,1,2,2,2,2,1,1,2,3,1,1,4,3,2,3,4,2,3,3,1,1,2,3,1,2,2,1,2,2,3,1,2,2,3,1,3,4,1,2,2,2,2,1,3,1,3,4,1,4,2,3,2,3,3,2,2,2,4,2,2
2601,0,0,0,0,0,0,0,0,0,0,0,0,0,0,0,0,0,0,0,0,0,0,0,0,0,0,0,0,0,0,0,0,0,0,0,0,0,0,0,0,0,0,0,0,0,0,0,0,0,0,0,0,0,0,0,0,0,0,0,0,0,0,0,0,0,0,0,0,0,0,0,0,0,0,0,0,0,0,0,0,0,0,0,0,0,0,0,0,0,0,0,0,0,0,0,0,0,0,0,0
2602,0,0,0,0,0,0,0,0,0,0,0,0,0,0,0,0,0,0,0,0,0,0,0,0,0,0,0,0,0,0,0,0,0,0,0,0,0,0,0,0,0,0,0,0,0,0,0,0,0,0,0,0,0,0,0,0,0,0,0,0,0,0,0,0,0,0,0,0,0,0,0,0,0,0,0,0,0,0,0,0,0,0,0,0,0,0,0,0,0,0,0,0,0,0,0,0,0,0,0,0
2603,9,12,10,,13,18,11,13,,6,,,,,4,13,11,26,9,16,17,8,15,6,10,6,29,19,,8,,,25,11,,,13,13,11,,,12,,,7,,12,15,12,,,8,21,6,18,2,12,12,,8,19,25,16,16,,,12,,,22,4,12,9,12,14,,,,27,,8,9,8,5,14,,18,12,11,,,10,,,,9,15,,,
2604,0,0,0,0,0,0,0,0,0,0,0,0,0,0,0,0,0,0,0,0,0,0,0,0,0,0,0,0,0,0,0,0,0,0,0,0,0,0,0,0,0,0,0,0,0,0,0,0,0,0,0,0,0,0,0,0,0,0,0,0,0,0,0,0,0,0,0,0,0,0,0,0,0,0,0,0,0,0,0,0,0,0,0,0,0,0,0,0,0,0,0,0,0,0,0,0,0,0,0,0
2605,14,1,9,,7,33,10,1,1,6,,,,,1,13,12,15,2,13,18,1,13,4,12,11,8,15,2,1,1,8,1,,,,13,20,6,,,3,,8,9,,13,13,1,,,10,1,11,17,1,1,1,1,1,14,25,2,14,,,8,,1,21,1,11,1,7,8,,,,23,,9,7,1,1,16,,17,14,12,,,18,,,,12,21,,1,1
2606,2,1,1,3,1,2,2,1,1,1,1,3,2,1,3,1,1,2,3,3,2,1,1,1,2,1,2,3,2,1,1,4,1,1,1,2,1,1,1,1,1,1,1,1,3,1,1,4,3,1,1,1,2,1,3,3,1,2,1,3,1,2,4,1,3,3,1,2,3,1,1,1,4,1,1,1,2,1,2,3,1,1,1,3,2,1,2,2,1,3,2,1,1,3,2,1,2,1,1,2
2607,0,0,0,0,0,0,0,0,0,0,0,0,0,0,0,0,0,0,0,0,0,0,0,0,0,0,0,0,0,0,0,0,0,0,0,0,0,0,0,0,0,0,0,0,0,0,0,0,0,0,0,0,0,0,0,0,0,0,0,0,0,0,0,0,0,0,0,0,0,0,0,0,0,0,0,0,0,0,0,0,0,0,0,0,0,0,0,0,0,0,0,0,0,0,0,0,0,0,0,0
2608,5,15,1,,11,29,9,11,,8,3,,,,12,13,11,30,7,13,16,9,15,9,10,9,22,11,,9,3,,23,,,,12,15,2,,,2,2,,7,,13,15,12,,13,7,16,1,18,,25,1,,8,17,10,14,13,,,13,,,23,11,13,4,2,10,,,,16,,2,4,5,10,16,,16,13,11,,,15,,,,8,20,,,
2609,15,10,12,1,3,24,11,8,,8,,,,4,12,12,8,20,5,13,17,7,15,8,3,5,29,9,,5,,,8,,,,11,18,8,,1,11,,,5,1,1,12,14,,,4,20,9,13,,21,15,,3,17,25,14,15,,,1,,,21,2,10,7,8,8,,,2,27,,7,9,5,15,13,,2,12,11,,,18,,,,6,22,1,,
2610,8,13,7,,11,16,9,10,,8,,3,,,2,15,4,31,13,13,16,5,15,7,6,12,14,19,,11,,,15,,,,12,11,10,,,13,,2,9,,4,24,1,,,8,8,10,7,3,11,7,,11,10,25,14,13,7,,13,,,17,8,13,8,11,11,8,,7,25,,6,9,7,1,3,,18,15,12,,,12,,3,,8,12,1,1,
2611,0,0,0,0,0,0,0,0,0,0,0,0,0,0,0,0,0,0,0,0,0,0,0,0,0,0,0,0,0,0,0,0,0,0,0,0,0,0,0,0,0,0,0,0,0,0,0,0,0,0,0,0,0,0,0,0,0,0,0,0,0,0,0,0,0,0,0,0,0,0,0,0,0,0,0,0,0,0,0,0,0,0,0,0,0,0,0,0,0,0,0,0,0,0,0,0,0,0,0,0
2612,13,7,5,,9,20,6,1,,5,2,3,,,5,1,4,20,15,12,10,4,17,3,10,10,16,18,,6,,,20,,,,3,16,7,,,11,,,11,,4,24,14,,2,9,1,16,1,2,10,12,,8,21,24,8,15,7,,13,,,21,12,12,10,10,10,2,,3,18,,12,3,7,4,14,3,10,14,1,2,,12,,,,11,18,,,
2613,1,3,1,1,1,1,1,2,5,1,3,1,2,1,1,2,2,2,2,2,1,1,1,1,1,3,1,1,3,2,3,2,3,1,1,1,1,1,1,2,5,2,1,3,1,3,2,3,2,1,1,2,1,3,3,3,1,1,1,1,1,1,1,1,1,2,1,3,1,1,1,1,1,1,1,1,1,1,2,2,3,1,1,1,1,1,1,1,3,1,1,3,1,1,1,1,1,1,1,2
2614,10,7,8,,14,10,19,3,,4,,,,,16,25,2,7,18,10,9,6,1,10,5,3,3,20,,16,,,14,3,3,10,11,2,10,5,,19,2,,6,7,17,24,15,,5,8,11,21,23,,4,24,2,6,24,31,10,8,,,15,,,9,13,28,12,8,16,14,,,13,,13,11,5,2,,17,5,11,11,1,,8,,6,,,8,14,,16
2615,2,2,1,1,3,1,3,1,3,2,1,2,3,1,2,2,1,2,2,4,1,1,2,1,1,2,2,4,2,2,3,3,2,1,2,3,3,4,3,2,1,2,2,2,4,3,1,2,4,3,3,3,2,1,1,2,1,1,2,3,1,3,2,3,5,2,3,4,2,2,1,3,2,2,2,3,2,3,3,3,2,1,2,3,2,2,2,1,3,1,1,2,4,2,3,1,3,2,1,2
2616,11,14,12,,5,32,3,10,,10,,,,4,10,17,12,36,11,13,3,6,8,9,12,9,33,19,,9,,,19,,,,2,19,8,,,7,,3,7,,10,6,10,,,1,7,13,17,,25,13,,11,11,9,13,16,,,8,,,22,8,11,8,10,10,3,,,24,,8,7,6,16,17,,18,14,13,,,17,,,,2,21,,,
2617,16,11,11,,11,29,4,6,,7,,,1,,11,13,10,35,12,15,16,5,16,8,9,9,29,1,,4,,,23,,,,8,16,3,,,11,,7,10,,10,14,9,,,8,20,11,13,,28,15,,10,16,6,2,16,,,11,,,22,7,12,7,9,11,,,,23,,8,8,5,16,16,,15,12,3,,,14,,,,12,20,,,
2618,4,6,4,,14,8,18,8,,7,,,,,18,20,7,8,18,10,14,5,2,4,8,20,10,13,,16,,,2,9,,9,9,4,10,6,,20,,,9,8,17,25,14,,5,12,9,18,24,,7,21,,2,,,4,8,2,,17,,,22,13,26,14,12,16,14,,,14,,12,14,11,6,,14,6,20,1,13,,8,,,,,9,18,,15
2619,1,2,1,3,1,2,2,5,1,1,1,1,4,2,1,3,3,3,1,2,2,3,2,3,1,2,3,3,3,2,1,1,1,1,3,2,1,5,2,3,2,3,2,3,2,2,1,1,1,2,4,3,3,2,3,3,1,1,2,2,1,1,1,2,2,2,2,3,2,2,2,2,3,3,1,1,2,2,2,3,1,2,2,4,1,1,2,2,1,1,2,3,1,2,2,2,3,2,1,2
2620,,,19,,,28,,13,,,,,,,,20,,38,,18,12,,,12,,,41,22,,,,,19,,,,27,23,20,,,10,,,,,19,23,17,,,18,,19,15,,,22,,15,8,,,,5,12,,,,30,17,,24,17,,,,,12,,,,13,13,,,,,20,,,,,,,16,26,,,
2621,6,2,9,6,2,5,1,8,,3,,,,,1,27,7,1,21,2,4,6,1,10,3,2,1,1,6,17,,,17,1,,11,8,5,3,5,1,15,,,2,15,22,16,1,,7,2,4,23,25,,1,24,1,5,26,,8,1,,,14,2,,23,14,31,1,3,15,1,2,2,2,,14,9,2,4,1,,8,17,4,1,3,1,,1,,,3,18,1,2
2622,5,15,2,1,1,4,10,10,1,9,,,,5,8,5,6,1,7,4,,,21,13,14,5,1,23,,,,,2,7,,5,2,6,3,4,8,,3,5,11,6,3,,7,3,,9,2,19,,,2,,3,15,4,2,3,3,1,,3,9,6,11,5,4,13,1,22,,,2,1,3,5,14,6,,5,6,9,20,2,,,20,8,1,5,3,4,4,5,
2623,3,2,1,2,2,1,1,1,2,1,1,3,3,2,3,2,3,2,3,1,1,1,2,1,4,2,3,2,3,1,3,2,1,3,2,1,3,1,1,2,1,3,2,2,1,1,3,1,2,2,2,1,2,1,3,3,3,3,3,2,1,1,1,1,2,1,2,2,1,1,3,4,3,2,1,1,3,1,1,1,2,3,1,3,2,2,3,4,2,1,3,2,2,2,2,2,3,1,2,2
2624,0,0,0,0,0,0,0,0,0,0,0,0,0,0,0,0,0,0,0,0,0,0,0,0,0,0,0,0,0,0,0,0,0,0,0,0,0,0,0,0,0,0,0,0,0,0,0,0,0,0,0,0,0,0,0,0,0,0,0,0,0,0,0,0,0,0,0,0,0,0,0,0,0,0,0,0,0,0,0,0,0,0,0,0,0,0,0,0,0,0,0,0,0,0,0,0,0,0,0,0
2625,3,1,1,1,1,2,3,2,2,1,2,1,2,3,2,2,2,5,2,2,3,2,3,3,2,2,4,1,4,3,1,2,3,2,2,2,3,2,3,3,2,2,1,1,1,2,3,3,2,2,1,3,2,2,3,2,3,2,3,2,3,2,2,2,4,2,3,2,2,2,1,3,2,1,3,2,2,2,1,1,3,3,3,1,4,1,2,1,2,3,2,1,2,1,2,2,2,2,3,3
2626,,,16,,,15,,5,,,,,,,,20,,48,,18,12,,,15,,,37,24,,,,,20,,,,25,26,23,,,9,,,,,20,22,20,,,17,,18,10,,,20,,15,7,,,,10,9,,,,29,25,,24,19,,,,,12,1,,,13,13,,,,,21,,,,,,,13,25,,,
2627,,18,16,,12,33,,18,,,,,,,,20,,37,,18,4,,,14,,,43,23,,,,,5,,,,22,25,22,,,5,,,,,16,22,18,,,18,,19,15,,,24,,11,7,,,,6,1,,,,29,27,,24,17,,,,,11,,,,12,14,,,,,19,,,,,,,17,23,,,
2628,13,3,3,,1,12,18,2,,7,,,,,19,19,6,8,16,10,14,7,16,12,1,21,12,23,,20,,,7,6,,8,8,2,10,13,,18,1,2,8,13,3,23,13,,6,6,10,18,24,,9,16,,11,,,6,4,,,16,,,20,10,25,1,1,1,11,,,15,,12,16,13,7,,15,2,19,11,13,,3,,,,,20,13,,8
2629,15,6,9,,8,29,11,1,,9,,,,,11,13,4,32,8,14,16,3,15,10,12,9,29,15,,8,,,1,,2,,12,19,8,8,,13,,11,8,,12,9,7,,,3,18,6,16,,26,2,,3,15,18,11,9,,,8,,,21,13,11,4,8,12,,,,27,,7,3,6,14,15,,16,10,11,,,14,,,,11,20,,1,
2630,1,4,2,1,3,2,3,3,2,2,2,2,1,1,1,2,3,1,3,3,4,1,1,1,3,2,2,1,2,2,2,3,2,2,1,1,2,5,2,1,2,2,1,2,4,1,1,2,3,2,2,2,2,1,2,1,4,2,1,3,3,3,1,2,3,2,1,2,1,2,1,3,3,1,2,3,3,2,2,3,2,4,1,2,2,2,3,1,2,1,2,3,1,1,2,1,2,1,2,1
2631,2,2,3,1,4,2,2,2,3,1,3,3,1,1,1,1,2,2,1,1,2,1,2,3,1,1,1,1,1,1,2,1,2,5,1,1,2,2,1,1,3,1,1,3,2,1,2,3,2,1,2,1,4,1,3,1,3,3,1,3,2,3,1,2,1,1,3,1,3,1,1,4,3,1,1,1,1,2,2,2,1,2,2,2,1,2,1,2,1,1,4,3,1,3,1,3,1,3,3,1
2632,4,8,8,2,,8,20,11,,8,,,1,,2,25,7,8,19,10,10,6,2,10,5,1,8,8,4,17,,,16,3,1,1,6,1,1,5,1,20,,,6,13,28,,16,,8,5,12,21,1,2,11,24,,7,26,1,11,6,,,14,,6,11,13,28,11,3,17,17,3,1,4,,12,2,1,5,,17,6,12,12,14,,4,2,5,,,12,15,,19
2633,,,13,,,29,,16,,,,,,,,22,,42,,18,11,,,14,,,42,21,,13,,,30,,,,15,24,20,,,11,,,,,16,24,14,,,16,,22,12,,,25,,15,5,,,,8,8,,,,30,26,,15,18,,,,,11,,,,13,7,,,,,16,,,,,,,11,23,,,
2634,3,9,2,,3,4,1,4,,9,3,3,2,1,17,22,4,4,4,2,5,4,2,1,6,15,10,2,1,1,3,,2,4,7,12,,9,2,18,,1,,2,8,6,1,2,5,6,,2,11,4,21,,1,4,7,2,4,7,1,2,,,1,3,1,3,1,3,4,9,2,10,1,,8,,8,12,2,1,1,17,3,2,15,1,,7,5,,,,3,2,,1
2635,17,13,6,,8,10,7,6,,2,,,,,12,13,9,2,11,10,17,8,1,5,10,11,23,17,,11,,,21,,,,9,5,17,3,,2,,,7,,2,12,12,,,9,10,13,6,,19,14,4,9,17,24,14,16,8,,12,,,23,4,12,8,3,11,,,,14,,9,7,8,10,16,,14,12,1,,,18,,,7,9,17,,,
2636,,,19,,,33,,18,,,,,,,,19,1,47,,18,10,,,15,,,43,26,,,,,32,,,,26,24,21,,,6,,,,,15,24,17,,,15,,19,17,,,25,,15,6,,,,10,1,,,,30,17,,17,16,,,,,11,,,,2,13,,,,,1,,,,,,,16,23,,,
2637,10,14,14,,8,30,12,7,,6,,,,,12,14,11,1,10,8,15,8,15,7,9,8,16,17,,10,,,18,,,,11,9,13,,,13,,5,8,14,8,10,15,,,9,8,5,20,,16,14,,10,13,26,15,15,,,12,,,21,10,11,9,9,11,2,,,26,,10,5,7,1,5,,22,8,13,,,13,,,,4,18,16,5,16
2638,3,2,2,3,3,2,3,2,2,2,2,1,2,2,1,2,2,2,3,1,4,5,5,1,2,2,4,2,2,3,4,1,2,2,1,2,1,1,3,4,2,2,2,3,1,2,4,1,2,2,1,2,2,1,2,1,3,2,3,2,2,3,2,2,3,2,3,2,1,1,2,4,3,3,2,2,2,2,3,1,2,1,2,3,1,1,3,1,2,2,3,4,2,2,2,3,2,2,2,2
2639,18,,14,,,31,,16,,,,,,,,18,,41,,19,8,,,10,,,37,26,,15,,,30,,,,25,22,21,,,9,,,,,13,20,11,,,17,,21,15,,,23,,16,8,,,,11,9,,,,33,22,,23,14,,,2,,11,,,,15,14,,,,1,17,,,,,,,17,20,,,
2640,,14,17,,,32,,17,,,,,,,,18,,49,,16,8,,,11,,,35,26,,,,,6,,,,26,21,17,,,4,,,,1,12,22,19,,,18,,18,8,,,21,,15,1,,,,4,8,,,,29,25,,25,15,,,,,10,,,,10,13,,,,,18,,,,,,,13,18,,,
2641,7,9,12,,8,23,11,11,,8,,4,,4,2,14,11,30,12,13,13,11,15,9,1,12,28,18,,10,,,4,,,1,12,14,11,,,11,,,8,,14,11,15,2,,1,9,11,15,,16,10,,11,20,22,15,13,,,12,,,20,8,10,10,13,10,11,4,,26,,6,8,7,16,15,,20,14,14,,,15,,,1,4,17,16,,
2642,15,13,10,,9,30,12,10,,7,,,,,11,14,10,12,12,15,14,9,15,5,8,10,30,19,,9,,,1,,,,13,18,10,,,10,,5,5,,4,12,15,1,,8,18,12,17,,17,13,,1,19,21,15,10,,,10,,,20,9,12,9,7,9,,,,25,,11,7,6,16,16,,19,15,12,,,9,,,,3,5,,,
2643,13,10,7,,6,1,9,11,,10,,,,,12,13,11,35,3,15,18,9,12,5,7,2,26,18,,5,,,23,,,,13,16,10,,,13,,,3,,2,11,12,,,1,18,12,16,,21,14,,11,4,23,14,12,,14,7,,,19,9,11,7,11,10,,,,24,1,10,3,2,12,17,,13,10,11,,,17,,3,,11,19,,1,
2644,15,8,7,,11,12,16,17,,8,,,,,18,16,5,8,18,9,15,5,19,12,1,22,12,24,,21,,,6,2,1,4,8,1,9,12,,19,,,3,13,23,21,12,,6,7,6,15,25,,8,23,,12,,28,10,7,1,2,15,,2,24,13,27,22,10,17,11,,,13,,8,12,10,8,,5,6,22,1,13,,8,,,,,1,18,,7
2645,,,17,,,15,,12,,,1,,,,,15,,46,,17,6,,,13,,,42,22,,16,,,29,,,,26,13,21,,,10,,,,,18,23,18,,,18,,16,13,,,15,,16,7,,,,10,11,,,,31,18,,22,18,,,,1,13,,,,14,11,,,,,19,,,,,,,15,21,,,
2646,2,1,1,1,1,2,1,1,3,2,2,2,4,2,1,2,4,2,1,1,1,1,1,3,1,1,2,1,1,2,2,3,2,1,1,2,2,2,2,2,1,3,2,3,2,2,1,1,2,1,3,1,1,2,2,1,2,3,1,4,1,3,3,1,2,1,1,1,1,2,2,3,4,1,4,2,3,1,2,3,1,1,2,3,1,1,2,1,2,1,4,3,3,2,4,1,2,2,1,2
2647,,,19,,,33,,17,,,,,,,,21,,43,,16,7,,,14,,,40,20,,,,,29,,,,24,23,20,,,9,,,,,18,23,18,,,17,,21,17,,,23,,15,5,,,,7,7,,,,27,28,,23,17,,,,,11,,,,13,6,,,,,19,,,,,,,16,22,,,
2648,,,15,,,31,,15,,,,,,,,18,,48,,18,14,,,14,,,28,27,,14,,,29,,,,23,25,21,,,8,1,,,,19,22,19,,,17,,19,18,,,23,,13,6,,,,6,10,,,,26,25,,23,18,,,,,8,,,,12,1,,,1,,18,,,,,,,14,26,,,
2649,17,12,7,,4,31,6,12,,10,,,,,8,12,8,33,8,12,17,9,15,9,11,11,21,17,,10,,,20,,,,8,19,8,,,12,,1,4,,11,5,8,,,8,13,11,19,,26,15,,10,17,23,10,14,,,12,,,21,8,10,7,4,6,,,,22,2,8,10,1,10,15,,18,15,7,,,17,1,,,13,22,,,
2650,9,15,5,4,12,9,1,11,5,13,,,5,9,8,6,7,5,9,4,1,,20,14,12,2,9,22,,,,,2,7,,6,5,7,4,7,8,,7,4,13,6,5,,5,6,,7,1,18,,,6,,4,16,17,7,4,7,,,,8,2,8,5,6,13,4,22,,,4,26,1,3,16,12,1,7,3,24,18,10,,,5,7,,10,,2,9,5,
2651,13,13,9,,12,11,1,6,,8,,,,,21,14,2,18,11,8,1,7,2,10,6,14,16,3,5,10,,10,1,10,,9,5,2,11,,,14,,,12,,13,7,10,,2,2,3,12,15,1,17,1,,5,15,24,11,12,,,14,5,,23,2,2,12,12,1,12,,,20,4,10,7,8,15,1,6,21,14,13,,1,2,4,,,12,16,,,
2652,9,11,8,,12,24,10,7,,7,,,,,9,13,11,33,8,14,17,6,15,10,8,5,28,17,,11,,2,26,,,,11,15,9,,,10,,,8,,11,13,12,,,10,20,13,18,,26,13,,11,18,26,16,14,,,13,,,23,3,9,7,13,12,,,,26,,9,8,3,15,2,,16,13,12,,,17,,,,12,15,,,
2653,10,6,6,,6,30,8,10,,9,,,,3,12,14,10,33,11,14,17,6,4,8,11,1,30,14,,2,,,24,,,,12,19,10,,,12,,,3,,11,15,13,,,4,21,10,19,,27,14,,9,15,26,13,11,,,6,,,10,7,6,8,12,11,,,,3,,1,7,6,16,10,,19,13,12,,,12,,,,8,23,,,2
2654,1,1,2,2,2,1,2,1,3,3,2,1,3,3,3,1,2,1,3,2,1,3,3,1,4,1,2,3,1,3,1,2,1,1,3,3,2,1,1,2,1,1,2,3,2,2,3,3,1,4,5,3,1,3,2,3,1,1,3,1,2,2,2,1,3,3,1,1,1,1,3,2,1,1,3,1,1,3,1,1,1,1,1,2,2,1,2,2,1,1,3,2,3,2,1,1,1,2,2,1
2655,2,4,3,2,5,3,3,1,1,1,1,1,2,3,1,3,1,1,3,2,2,2,3,1,3,2,2,4,2,2,3,1,2,3,1,3,1,1,2,3,2,2,2,1,1,2,2,3,4,2,2,1,3,3,3,2,1,3,1,2,2,4,2,3,3,1,2,2,1,3,2,2,3,1,4,4,1,1,3,2,1,2,1,1,2,2,2,2,1,1,3,1,2,4,3,4,1,3,3,2
2656,12,8,4,,14,11,13,12,,8,,,,,17,18,3,6,17,13,16,8,20,12,12,1,1,21,,22,,,19,7,,6,12,5,11,12,,13,,,1,12,18,10,13,,7,2,8,18,25,,4,22,,13,,25,3,9,,,14,,,24,14,1,13,12,10,1,,,14,,12,9,8,1,17,16,4,14,13,12,,9,,10,,,13,4,,3
2657,,,19,,,32,,17,,,2,,,,,21,,49,,18,11,,,13,,,40,25,,,,,28,,,,15,25,21,,,4,,,,,18,24,18,,,16,,21,17,,,24,,14,4,,,,10,2,,,,32,25,,22,18,,,,,12,,,,13,11,,,,,19,,,,,,,17,26,,,
2658,18,,15,,,28,,15,,,,,,,,17,,39,,19,12,,,8,,,43,26,,,,,26,,,,23,24,1,,,3,,,,,17,23,16,,,13,,19,18,,,24,,14,3,,,,4,7,10,,,30,27,,23,20,,,,,11,,,,14,13,,,,,10,,,,,,,18,24,,,
2659,,,15,,15,11,,15,,,3,,,,,19,11,44,,13,13,,,14,,,41,26,,,,,30,,,,13,12,20,,,2,,,14,,18,18,16,,,10,,16,18,,,18,,11,12,,,,11,10,19,,,30,11,,23,16,,,,,6,,,,1,5,,,,,19,,,10,,,,16,25,,,18
2660,,,17,,,29,,16,,,,,,,,20,,49,,18,10,,,12,,,35,24,,,,,2,,,,24,15,19,,,10,,,,,18,16,19,,,15,,21,14,,,23,,16,7,,,,9,9,,,,31,24,,23,19,,,,,13,,,,13,14,,,,,19,,,,,,,18,25,,,
2661,26,,31,,,,,,68,,,18,29,,,,19,,,,,,,,26,,,,,,,,,,,,,18,,,,2,,,,1,,18,,5,,,21,,,,,,,,15,,30,,,,,,,18,5,,40,,,,,5,,,26,,,,,,,,,37,,,,,,28,,,,
2662,8,,3,,,,,,69,,,13,29,,,,20,31,,,,,,,22,,,,,,,,,,13,,,17,,,,,,8,,20,,24,,,,,20,,,,,,,,10,,32,,,,,,,17,,,43,,,,,8,,,3,,,,,,,,,32,,,,,,29,20,,,
2663,,,,,,,,7,,,,,,,,7,,5,,,,,,,,,,,,,,,,,,,,,,,,,,2,,,,,,,,,,,,,,,,,,,,,,,2,,,,,,25,,,,,,,,,,,,1,,,15,,,,,4,,,,,,,
2664,,,,,,,,,,,,,,,,,,,,,,,,,,,,,,,,,,,,,,,,,,,,,,,,,,,,,,,,,,,,,,,,,,,,,,,,,22,,,,,,,,,,,,,3,,11,,,,,,,,,,,,
2665,23,,28,,,,,,64,,,17,18,,,,6,39,,14,,,,,19,,,,,,,,,,,,,18,,,,,,,,23,,16,,,,,17,,,,,2,,,20,,20,,,,,,,17,,,10,,,,,9,,,20,,,,,,,,,28,,,,,,26,,,,
2666,,,,,,,,,,,,,,,,,,,,2,,,,,,,,,,,,,,,,,,,,,,,,,,,,,,,,,,,,,,,,,,,,,,,,,,,,,27,,,,,,,,,,,,,,,5,,1,,,,,,,,,,
2667,29,2,33,,,,,,47,,,3,18,,,,7,43,,,,,,,5,,,,,,,,,,,,,15,,,,,,18,,25,,25,,3,,,21,7,,1,,,,,9,,34,,,,,,,8,,,6,,,,,17,,,22,12,,,,,,,,33,,,,,,25,,,,
2668,28,,5,,,,,,68,,,20,14,,,,18,43,,,,20,,,25,,,,,,,,,,,,,18,,4,,,,,,21,,23,,,,,8,,,,,,,,20,,22,,,,,,,16,,,52,,,,,9,3,,26,,,,,,,1,,37,,,,,,28,,,,
2669,,,,,,,,,,,,,,,,,,,,,,,,,,,,,,,,,,,,,,,,,,,,,,,,,,,,,,,,,,,,,,,,,,,,,,,,,25,,,,,,,,,,,,,,,9,,,,,,,,,,,,
2670,,,,6,,,5,1,,2,,,,,,,,,4,3,5,6,,3,5,,,,27,,5,,,,,5,,,,,6,8,,,,,,29,,,,,4,1,,,,,,4,15,3,,1,,,,,,,5,,4,,,,,,,,,,,,,,9,,,2,,,6,,,,,,,
2671,6,,32,,,,,,50,,,20,,,2,,25,9,,3,,1,,,21,,3,,4,2,2,1,,2,11,1,,4,1,1,,,,4,,1,,26,,1,2,,22,,2,,,,11,4,1,1,,3,,,1,1,,20,2,1,3,6,,2,,4,,,2,16,,,,,,,,31,,1,1,2,,28,11,1,6,1
2672,25,,34,,,,,,70,,,23,12,,,,15,37,,,,,,,28,,,,,,,,,,,,,16,,,,,,,,18,,22,,,,,24,,,,,,,,22,,34,,,,1,,,3,,,49,,,,,12,,,23,2,,,,,,,,39,,,,,,1,,,,
2673,,,,,,,,,,,,,,,,,,,,,,,,,,,,,,,,,,,,1,,,,,,,,,,,,,,,,,,,,,,,,,,,,,,,1,,,,,,24,,,,,,,,,,,,,,,9,,,,,10,,,1,,,,
2674,18,,29,,,,,,70,,,23,31,,,,20,42,,,,,7,,24,,,,,,,,,,,,,20,,,,,,,,19,,4,,,,,23,2,,,,,,,19,,30,,,,,,,9,,,53,,,,,13,,,23,,,,,,,,,39,,,,,,28,,,,
2675,19,,33,,11,,,,64,,,9,13,,,,14,40,,,,20,,,19,,,,,,,,,,,,,13,,,,,,,,23,,14,,,,,15,,,,,,,,21,,17,,,,,,,12,,,42,,,,,14,,,17,,22,,,,,,,30,,,,,,25,,,,
2676,,,,,5,,,,,,,,,,,,,,,,,,,,29,,3,,,,,,,,,,,,,,,,,,,,,,,,,,,,,,,,,,,,,3,,,,,,,,,10,,,,,,,,,,,,,,,6,,,,,8,,,,,,,
2677,19,,12,9,9,,,11,7,,,12,12,,6,13,14,21,4,2,,6,13,14,11,3,,5,23,,,,7,,2,6,7,8,,8,,,,8,,2,1,23,,1,10,,18,8,,,12,,,,15,,2,,31,,,,14,8,13,,8,,9,,,11,2,,9,8,2,,,,16,6,12,36,2,2,,,,9,16,,,18
2678,5,13,9,1,27,11,,4,38,8,7,11,9,,12,12,13,1,,2,19,24,14,14,10,5,,4,5,10,18,8,,11,15,,14,6,12,12,2,4,1,11,,1,,10,,8,,,13,17,13,,13,9,8,,14,,9,1,6,1,9,1,,9,,,5,,3,5,,16,10,15,9,8,9,,,10,12,,2,8,,,,15,1,8,1,,,16
2679,,,,,,,,,,,,,,,,,,,,,,,,,,1,,,,,,,,,,,,,,,,,,,,,,,,,,,,,,,,,,,,,,,,,,,,,,,25,,,,,,,,,,,,,,,13,,,,,,,,,,,,
2680,,,,,,,,,,,,,,,,,,,,,,,,,,,,,,,,,,,,,,,,,,,,,,,,,,,,,,,,,,,,,,,,,,,,,,,,,1,,,,,,,,,,,,,,,11,,,,,,,,,,,,
2681,,,,,,,,,,,,,,,,,,,,,,,,,,,,,1,1,,,,,,,,,,,,,,,,,,,,,,,,,,,,,,,,,,,,,,,,,,,24,,,,,,,,,,,,,1,,15,,,,,,,,,,,,
2682,12,,11,,2,,,,67,,,14,27,,,,23,4,,,,23,,,27,,5,,,,,,,,11,,,18,,,,,,,,1,,24,,13,,,17,,,,1,,,,4,,35,,,,,,,19,,,48,,1,,3,15,,,7,,,,,,,,,29,,,,,,30,11,,1,4
2683,,,,,,,,,,,,,,,,,,,,,,,,,,,,,,,,,,,,,,,,,,,,,,,,,5,,,,,,,,,,,,,,,,,,,,,,,,4,,,,,,,,,,,,,,,13,,,,,,,,,,6,,
2684,10,,32,,,,,,1,,,20,28,,,,15,,,,,,,,27,,,,,,,,,,,,,13,,,,,,,,18,,18,,,,,20,,,,,,,,21,,33,,,,,,,18,2,,47,,,,,2,,,24,,,,,13,,,,5,,,,,,25,,,,
2685,9,,34,,,,,1,60,,7,15,29,,,2,23,31,,1,,,,,26,,,,25,,,,,,3,,,14,4,,1,,,1,5,5,,22,5,,,,13,,,,,,12,,18,,33,,,,,,,20,,3,38,,,1,,15,2,,8,,12,,14,,4,,,1,,,,,,12,,,,5
2686,13,,33,,,,,,68,,,14,16,,,,1,42,,,,1,,,21,8,,,,,,,,,,,,16,,,,,2,11,,24,,10,,,,,22,,,,,,,,21,,20,1,,,,,,14,,,1,7,,,,15,,,15,,21,,,,,2,,28,,,,,,23,,,,
2687,29,,33,,,,,,72,,1,20,28,6,,,16,,,,,,,,23,,,,1,2,,,,,,,,21,,,,,,1,,23,,23,,,,,20,,,,,,,,2,,31,,,,,,,18,,,50,,,,1,8,1,,24,,,,,,,,,4,,,,,,29,,1,,
2688,3,,13,,10,,,5,57,,8,14,1,,,14,15,43,,1,,19,,13,12,2,13,1,,,,9,,,1,,13,19,9,,,,,13,,1,,1,,11,,18,18,5,,8,,,16,,22,1,1,8,8,,9,,13,10,,,4,,10,,1,2,3,19,8,,,,3,,,,,32,13,,,,7,9,18,,,17
2689,,,,,,,,,,,,,,,,,,,,,,,,,,,,,,,,,,,,,,,,,,,,,,,,,,,,,,,,,,,,,,,,,,,,,,,,,1,,,,,,,,,,,,,,,11,,,,,,,,,,,,
2690,28,,31,,,,,,65,1,,4,19,,,,4,35,,,,,,,18,,,,,,,,,,,,,19,,,,,,,,22,,27,,,,,19,6,,2,,,,,8,,28,,,,,,,12,9,,42,,,,5,18,11,,12,14,,,8,,,,,28,,,,,,28,,,2,
2691,2,1,2,2,1,,1,,2,,2,1,,2,3,2,2,2,,,1,1,2,2,,1,,1,,2,1,1,3,2,,2,1,,2,,1,,,,1,1,,2,,1,1,2,2,1,1,,,2,,,,,2,2,,2,3,1,,1,,1,3,1,,2,2,2,2,2,3,1,,,,1,2,1,1,1,3,1,2,,,2,2,,1,2
2692,5,,12,,3,,,,68,5,,1,28,,,,23,5,,,,24,,1,22,,,1,,,,,,,15,,,17,1,1,,,,,,20,,4,,14,,,18,,,,2,,,,5,,35,1,,,,,,17,,,46,,16,,,16,,2,7,,,,,2,,,,1,,,,,,30,12,,2,1
2693,2,,12,,11,,,3,41,1,9,23,10,,9,15,9,21,1,,,18,13,13,11,8,3,,11,11,15,,,,11,,12,1,7,9,,,,10,,9,,2,,16,,10,18,15,,8,19,,13,,23,,16,,,,3,,,5,,,1,,,10,6,15,6,,10,,11,,16,,,,,8,,,,,,10,16,,,21
2694,,,,,,,,,,,,,,,,,,,,,,3,,,,,,,,,,,,,,,,,,,,,,,,,,,,,,,,,,,,,,,,,,,,,,,,,,,19,,,,,,,,,,,,,,,13,,,,,,,,,,,,
2695,,,,,,,,,,,,,,,,,,,,,,,,,1,,,,,,,,,,,,,,,,,,,,,,,,,,1,,,,,,,2,,,,,1,,,,,,,,,,23,,,,,,,,,,,,,1,,13,,,,1,,,4,,,,,
2696,20,,13,,,,1,6,64,,,16,25,,,,22,7,,,,10,,,1,,,,,,,,,,,7,,19,,,,,,,,13,,26,,,,,22,7,,,2,,,4,10,,20,2,,,,,,18,,,37,10,,13,,14,,,6,11,1,,,,,,,30,,,,,,28,,,,
2697,30,,6,,,,,,10,,,18,26,,,,10,7,,,,9,,,2,,,,,,,17,1,,12,1,,20,,,,,1,,,21,,25,,,,,22,6,,,1,,1,,9,,20,,,,,,,19,,,47,4,,14,,14,,,6,,4,1,,,,,,13,,,2,,,26,,,,3
2698,,,,,,,,,,,,,,,,,,,,,,,,,28,,,,,,,,,,,,,,,,,,,,,,,,,,,,,,,,,,,,,,3,,,,,,,,,,22,,,,,,,,,,,,,,,12,,,,,,,,,,,,
2699,,,,5,,2,4,9,,1,,,,,,,2,,4,2,3,1,,1,3,,,,28,,4,,,,,1,,,,,3,1,,1,,,,30,,3,,1,3,2,,2,,,,5,14,2,,,,,,,,,5,,5,,,,,,,,,,,,,,7,,,,,,7,,,,,,,
2700,20,2,34,,,,2,,2,,,17,13,,,8,13,33,,,,1,,1,4,10,,,,,,,,,,,,5,,,,,,19,,2,,1,2,,,,22,,,,5,,,,15,,29,,,,,,,20,,,40,1,,1,,13,,,13,,,,,,3,,,29,,,,,,27,2,,,
2701,11,,33,,,,,,68,,,21,17,,,,14,,,,,,,,24,,,,,,,,,,,,,11,,,,,,,,17,,23,,,,,2,,,,,,,,20,,34,,,,,,,1,,,49,,,,,11,,,23,,,,,,,,,31,,,,,3,25,12,,,
2702,3,,31,,,,,,67,,,16,6,,,1,15,43,,,,22,,2,2,2,,,,,,,,,14,,,17,,3,,,,1,,24,,18,,,,,16,,,,,,,1,12,,24,,,,,,,1,,,41,,,,,10,,,25,,,,,,,,,14,,,,,,23,3,,,19
2703,,,,4,,,3,9,,2,,,,,,,,,2,3,6,4,,,4,,,,27,,8,,,,,2,,,,,1,2,,,,,,28,,,,,6,5,,,,,2,5,15,,,,,,,,,,4,,6,,,,,18,,,,,,,,,6,,,,,,5,,,,,,,
2704,1,1,1,1,1,1,13,1,1,1,,4,6,1,3,18,1,1,1,1,18,4,1,1,15,1,1,1,1,1,20,,1,5,1,1,9,1,1,1,1,1,1,1,1,1,1,2,37,1,1,1,1,7,1,1,1,1,11,,15,1,1,1,1,1,10,1,1,2,1,1,1,1,1,1,1,,2,1,1,1,3,3,1,1,1,3,1,1,1,1,5,5,1,3,2,1,1,1
2705,,,,,,,,,,,,,,,,,,,,,,,,,,,,,,,,,,,,,,,,,,,,,,7,,,,,,,,,,11,,,,,,,,,,,,,,,,,27,,,,,,,,,,6,,,3,,9,,,,,,,,,,,,
2706,,,,,,,,,,,,,,,,,,,,,,,,,,,,,,,,,,,,,,,,,,,,,,,,,,,,,,,,,,,,,,,,,,,,,,,,,24,,,,,,,,,,,,,,,14,,,,,,,,,,,,
2707,9,,32,,,,,,69,2,1,19,25,,,,22,36,,,,,4,,26,,,,,,,,,12,,,,6,,,,,,,,24,16,20,,,,1,2,,,,,,,,14,,32,,,,,,,20,,,43,,,5,,15,,,23,,,,,,,,,35,,,,,1,27,,,9,
2708,23,,37,,,,,,71,,1,23,29,,,14,2,,,,,,,,26,,,,,,,,,,,,,15,,,,,,,,16,,1,,,,,23,,,,,,,,17,,33,,,,,,,3,,,49,,,,,6,,,23,,,,,,,,,38,,,,,,29,,,,
2709,21,3,29,,,,,,1,,,17,12,,,7,11,,,19,2,,1,,22,,2,,,,,,,,,2,,1,,,,1,,1,,3,,24,,,,,10,,,,4,,1,,14,,27,,,,,,,14,,,37,2,,,,15,,,23,,,,20,,,,,34,,,,,,28,,,,
2710,,,,,1,2,,6,,,,,,1,,6,5,4,,,,,,,3,,,1,,,,,,,,,1,,,,,,,1,,,,,,,4,,2,,,,,,,,,,,,,,,,,,,6,22,,,,,,,,,,4,,,,8,15,,,,,5,,,,,,,
2711,5,,33,,,,,,64,,,16,16,1,,,22,26,,,,,,,18,,,,,,,,,,16,,,16,,,,,,,,23,,22,,,,,13,,,1,,,,,6,,19,,,,,,,19,,,7,,,,,16,,,8,,,,,,,,,31,,,,,,31,,,,
2712,28,,35,,,,,,72,,,20,27,,,,20,,,1,,,,,23,,,,3,,,,,4,,,,20,,,,,,,,20,,21,,,,,19,,,,,,,,21,,32,,,,,,,22,,,53,,,,,9,,,24,,,,,,,,,30,,,,,,26,5,,,
2713,14,,32,,,,,,51,,,14,27,,,,23,23,,,,,,,23,,,,,,,,,,,,,16,,,,,,1,,23,,23,,,,,20,,,,,,,,4,,32,,,,,,,21,,,49,,,,,12,1,,23,,,,,3,,,,34,,,,,,32,14,,,
2714,1,1,16,1,,1,1,,65,,11,17,13,1,12,1,19,1,,1,,1,,1,15,,1,,1,,,,1,1,1,,1,19,,,1,,,1,,14,,12,,1,,1,1,,1,1,,,1,5,7,,9,1,1,,1,,1,14,1,,1,,1,1,1,16,,1,9,1,1,,1,,1,1,,1,,,1,1,,1,,,11,1
2715,23,,12,,,,4,13,68,,,13,20,,11,,12,45,,,,,,,21,,,,,,,1,,,,,,17,,,,,,,5,5,,7,,,,,14,,,,,,,,24,,32,2,,,,,,16,,,39,,1,,,14,,,17,,20,,,,,,,40,,,,,,15,,,,
2716,28,,35,,,,,,68,,,12,22,8,,,18,,,,,,,,24,,,,,,,,,,,,,14,,,,,,,,18,,15,,,,,12,,,,,,,,20,,35,,,,,,2,17,,,50,,,,,9,1,,25,,,,,,,,,37,,,,,,28,,,,
2717,,2,,,,,,,,,,,,,,,,,,,,,,,,,,,,,,,,,,,,,,,,,,,,,,,,,,,,,,,,,,,,,,,,,,,,,,,23,,,,,,,,,,,,,,,7,,,,,,,,,,,,
2718,19,,33,,,,,,67,,,9,19,,,,7,35,,,,23,,,18,,4,,,,,,,,,,,13,,,,,,,,19,,21,,,,,21,,,,,,,,17,,25,,2,,,,,2,,,36,,14,,,17,,,12,,,,,,16,,,40,,,,,,26,,,,
2719,25,,32,,,,,,71,,,22,26,,,,16,,,,,,,,24,,,,,,,,,,,,,5,,,,,,,,13,,19,,,,,23,,,,,,,,22,,28,,,,,,,19,,,50,,,,,10,,,24,,,,,,,,,33,,,,,,29,,,,
2720,15,,31,,,,,,69,,,22,25,4,,,21,40,,,,,,,21,,,,,,,,,,,,,15,,,,,,,,13,,21,,,,1,8,,,,,,,,21,,27,,,,,,,13,,,6,,,,,12,,,23,,,,,,,,,40,,,,,,27,,,,
2721,1,,32,,,,,,50,,,18,26,,1,,26,9,,1,2,21,,,21,,,,3,3,2,5,,12,11,3,,5,6,3,,1,,1,1,2,,24,,2,4,1,21,,,,,,10,4,2,3,,4,,1,,,,21,1,2,4,5,,1,,17,,,2,15,,2,1,,,,,1,,,,1,,28,9,3,4,1
2722,1,1,31,2,,,,11,71,,1,22,1,,,1,20,1,1,,1,5,9,,1,,,,1,1,,1,,,,,1,1,,11,1,,1,21,,3,,24,1,,,,24,1,,,,,,1,1,,3,1,,1,,,1,9,1,,53,,3,1,1,14,1,,1,,,,,,,,,1,,,1,1,1,28,1,,,
2723,28,,30,,,,,1,70,,,16,23,,,,22,27,,,,,,,1,,,,,,,,,,,,,17,,,,,,,,10,,28,,,,,25,,,,,,,,21,,25,,,,,,,14,,,40,,,,2,17,,,20,,21,,,,,,,32,,,,,,26,,,,
2724,32,,10,,,,,,61,,,12,28,,,,23,28,,,,,,,18,,4,,24,,,,,,9,,,17,,,,,,,,3,,1,1,,,,17,,,,,,,,7,,14,,,,,,,18,,,45,,,,,16,,,9,,,,14,,,,,10,,,,,,19,,,,1
2725,29,,24,,,,8,3,71,,7,4,2,,,,15,6,4,1,,7,17,11,25,1,14,3,11,,,13,,,2,,15,3,9,12,,,,14,,5,,12,,8,14,19,25,9,,9,,,16,,16,12,9,7,,1,7,,1,7,1,,3,,8,,8,2,4,15,1,11,11,13,1,1,,,,32,9,,,,2,4,14,,,
2726,,,,,,3,,5,,,,,2,,,,,,,,,,,3,,,,,,,3,,,,,,,,,,,,,,,,,,,,,4,,,,,1,1,,,,,,,,,,1,,,,,25,,3,,1,,,,,,,,,,2,16,,,1,,,,,,,,,
2727,2,,20,19,1,,,,68,,,18,22,8,,7,18,5,,,,,,2,1,2,,8,,,,,,,,,,3,,,,,,,,20,,22,,,,,11,,,,1,,10,,18,,29,,1,1,,,,16,1,,1,,18,6,1,15,,,28,,,,2,3,,3,,9,,,,,,28,,,,
2728,9,,19,,,,,7,3,,,13,25,,,,25,25,,,,,,,24,,,,1,,,,,,13,,,13,1,,,,,8,,18,,25,,12,,,14,,,,,,,,10,,1,1,,,,,,20,,,4,,,,,15,,,6,,,,,,,,,29,,,,,,31,20,,,
2729,,,,,,,,,,,,,,,,,,,,,,,,,,,,,,,1,,,,,,,,,,,,,,,,,,3,,,,,,,,,,,,,,,,,,,,,,,,26,,,,,,,,,,,,,,,16,,,,,,,,,,,,
2730,21,,30,,,,,,67,,,1,11,,,,3,34,,,,,,,17,,,,,,,,,,,,,12,,,,,,,,2,,23,,,,,10,,,,,,,,19,,27,,,,,,,20,,,32,,,,,17,9,,15,,,,,,,,,27,,,,,,23,,,,
2731,,,,,,,,,,,,,,,,,,,,,,,,,2,,,,,,,,,,,,,,,,,,,,,,,,,,,,,,,,,,,,,,,,,,,,,,,,8,,,,,,,,,,,1,,,,17,,,,,,,,,,,,
2732,,2,,,,,,,,3,,,,,3,,6,4,3,7,4,5,5,2,,,,,,,4,8,3,,,,,1,2,5,,,4,,2,4,,,11,4,,1,,1,,,,,2,,,,,,,2,3,,4,,4,5,,,4,,,,4,,,,,,5,4,,2,4,3,2,1,4,2,3,,,,,1
2733,27,,33,,,,,,71,,,23,26,,,,20,,,,,,,,27,,,,,,,,,,,,,13,,,1,,,,,23,,20,,,,,22,,,,,,,,20,,33,,,,,,,6,,,1,,,,,14,,,23,,,,,,,,,34,,,,,,26,,,,
2734,3,11,34,,,,,2,63,,2,15,3,,,,10,24,,,,24,,,24,,,1,9,,,,10,,12,3,15,5,,12,,,,,,9,,21,,8,,,23,,2,,11,,11,7,16,,25,4,,,7,,,11,,,51,,,5,,17,15,,11,2,,,,,9,,,30,9,,,12,,23,19,,2,
2735,20,,28,,,,,,61,,,17,18,,,,10,,,20,1,2,,,21,,,,,,,,,,,,,20,,,,,,,,23,,19,,,,,12,,,,,,,,15,,20,,,,,,,14,10,,43,,,,,13,,,9,,,,,,,,,29,,,,,,27,,,1,
2736,22,1,24,,1,,,,45,,,2,20,,14,20,18,14,,1,1,1,,,2,,,,,,,,,,,,,6,1,,,,,,,10,,29,,,,,5,2,3,,2,,,,4,3,23,,,,7,,,20,6,,18,2,,8,,17,,,9,3,,,,,1,,,37,,,,,,29,,,,
2737,9,,34,1,,,,,68,,,24,23,,,,4,31,,,,,,,25,,,,,,,,,,8,,,18,,,,,,,,1,,18,,12,,,21,,,,,,,,17,,34,,1,,,,,18,,,48,,,,,14,12,,19,,,,,,,,,33,,,,,,31,,,,
2738,,,,,,,,6,,,,,,,,,,,,,,,,,,,,,,,,,,,,,,,,,,,,,,,,,,,,5,,,,,,,,,,,,,,,,,,,,,20,,,,,,,,,,,,,,,11,,,,,,,12,,,,,
2739,25,,30,8,1,,,,66,,,16,27,,,,22,38,,,,,,1,1,,,,,,,,,,13,,,18,,,,,,,,21,,19,,1,,,13,,,,,,,,10,,23,,,,,,,11,,,44,4,,,,16,,,24,,,,,,,,,31,,,,,,29,,,,
2740,24,1,3,3,1,3,13,1,12,,1,1,1,1,1,1,,,1,1,18,1,1,3,1,,3,1,13,1,1,1,1,1,12,1,9,1,2,1,1,4,8,1,1,1,1,2,1,2,1,1,1,1,13,1,1,1,1,1,1,4,1,1,1,1,1,1,,1,1,1,1,4,5,1,1,1,2,1,1,14,1,3,4,1,1,1,1,1,1,1,1,1,1,3,2,,4,4
2741,,,,,,,,,,,,,,,,,,,,,,,,,,,,,,,,,,,,,,,,,,,,,,,,,,,,,,,,,,,,,,,,,,,,,,,,,25,,,,,,,,,,,,,,,12,,,,,11,,,1,,,,
2742,28,,26,,,,,,73,,,22,23,,,,21,,,,,,17,,23,,,,,,,,,,,,,20,,,,,,,,21,,20,,,,,19,,,,,,,,21,,31,,,,,,,17,,,51,,2,,,6,,,23,,,,,3,,,,34,,,,,,27,,,,
2743,,,,,,,,,,,,,,,,,,,,,,,,,,,,,,,,,,,,1,,,,,,,,,,,,,,,,,,,,,,,,,25,,,,,,,,,,,,25,,,,,,,,,,,,,,,13,,,,,9,,16,,,,,
2744,22,,32,,,,,,1,,,9,10,,,,7,38,,,,1,,,12,,,,,,1,,,,,,,14,,,,3,,,,22,,2,,1,7,,12,,5,,,,,,19,,27,,1,,,,,15,11,,36,,,12,,18,,,17,,14,,13,,,3,,19,,,,,,3,,,,
2745,,,,,2,,,,,,,,,,,,,1,,,,,,,,,,,,,,,,,,,,,,,,,,,,,,,,,,,,,,,,2,,,,,,,,,,,,,,,8,,1,,,,,,2,3,,,,,,7,,,,,,,,,,,,
2746,,,,,,,,,,,,,,,,,,,,,,,,,,,,,,,,,,,,,,,,,,,,,,,,1,,,,,,,,1,,,1,,,,1,,,,,,,,,,23,,,,,,,,,,,,,,,13,,,,,,,,,,,,1
2747,22,,34,,,,,11,71,,,17,12,1,,,14,2,,,,20,,1,16,,,,,,,,,2,,,,16,,,,2,,21,,5,,6,,,,,19,,,,,,,,20,,31,,,,,,1,7,,,38,,,,,15,,,15,18,,,13,,,3,,35,,,,,,1,,,,
2748,27,,34,,,,,,71,,,22,27,4,,,23,,,,,,,,25,8,,,,,,,,,,,,21,,,,,,,,21,,21,,,,,19,,,,,,,,19,,32,,,,,,,16,,,50,,,,,13,,,24,,,,,,,,,39,,,,,,28,,,,
2749,,,38,,,,,,,,,,,,,,,,,,,,,,,,,,,,,,,,,,,,,,,,,,,,,,,,,,,,,,,,,,,,,,,,,,,,,,27,,,,,,,,,,,,,,,4,,,,,,,,,,,,
2750,,,,,,,,,,,,,,,,,,,,,,,,,,,,,,,,,,,,,,,,,,,,,,,,,,,,,,,,,,,,,,,,,,,,,,,,,26,,,,,,,,,,,,,,,11,,,,,,,,,,,,
2751,28,,31,,,,,7,46,,,21,15,,,,21,,,,,15,,,26,9,,,,,,,,,,,,18,,,,,,,,21,,18,,,,,23,,,,,,,,21,,1,1,,,,,,16,,,28,,,,,15,,,21,,,,4,,,,,37,,,,,,27,,,,
2752,4,1,34,,,7,,1,2,2,,9,5,,,,4,1,2,1,,1,,,10,6,1,2,8,,,,,10,7,,16,7,5,8,6,,,,,2,,22,,,6,,16,6,,,,,8,6,1,3,26,,,1,,,,12,1,,6,,,,,13,6,,5,7,,1,,4,,6,7,29,,,1,,,9,,,,
2753,26,,29,,,,,,70,,,22,27,,,,21,,,,,,,,4,,,,,,,,,,,,,16,,,,,,,,17,,18,,,,,7,,,,,,,,19,,30,,,,,,,18,,,51,,,,,7,,,24,,,,,,,,,38,,,,1,,30,,,,
2754,,,,,,,,,,,,,,,,,,,,,,5,,,,,,,,,,,,,,3,,,,,,,,,,,,,,,,,,,,,,,,,,,,,,,,,,,,,23,,,,,,,,,,,,,,,13,,,,,7,,,,,,,
2755,,,,,,,,,,,,,,,,,,,,,,4,,,,,,,,,,,,,,,,,,,,,,,,,,,,,,,,,,,,,,,,,,,,,,,,,,,27,,,,,,,,,,,,,,,9,,,,,,,,,,,,
2756,,,,,,,,12,,,,,,,,,,,,,,,,,,,,,,,,1,,,,,,,,,,,,,,,,,,,1,,,1,,,,,,,,,,,,,,,,,,,1,,,,,,,,,,,,,,,15,,,,,,,,,,,,
2757,,,,,,,,,,,,,,,,,,,,,,,,,,,,,,,,,,,,,,,,,,,,,,,,,,,,,,,,,,,,,,,,,,,,,,,,,27,,,,,,,,,,,,,4,,14,,,,,11,,,,,,,
2758,22,,34,,,,,,67,,,3,10,,,,6,33,,,,,,,23,,,,,,,,,,,,,9,,,,,,,,22,,8,,,,,18,,,3,,,,,14,,26,,,12,,,,18,,,38,,,,,19,,,7,,24,,15,,6,,,24,,,,,,13,,,,
2759,,,,,,,,,66,,,9,,,,,18,36,3,,,,,,,,,,,2,,,,,,,,,,,,,,,,25,,29,,,,,20,1,,,,,,,8,,,,,,,,,8,,,26,,,,,,,,27,,,,,7,,17,,,,,,,,32,,,,
2760,5,15,8,,,,,4,35,,8,13,1,,,11,2,23,,1,20,22,14,17,20,,,14,4,12,13,10,,13,13,,15,1,,12,,4,,12,7,8,1,22,,7,,,13,17,12,,10,2,8,,17,,7,3,1,,7,2,,10,1,11,11,,12,4,,15,11,,12,4,19,,20,10,13,,,1,,,,1,,7,20,,,17
2761,,,,,,,,1,,,,,,,,,,,,,,,,,,,,,,,,,,,,,,,,,,,,,,,,,,2,,,,,,,,,,,,,,,,2,,,,4,,,23,,,,,,,,,,,,,,,10,,,,,,,,,,6,,
2762,8,,31,,,,,,45,,,1,26,,,,18,5,,,,,,,26,,,,,1,,,,,,,,17,,,,,,,,22,,25,,2,,,23,6,,,,,,,7,2,29,,,,,,,5,,,40,12,,5,,15,,,17,13,,,,,,,,40,,,,,,27,,,,
2763,,,,,,,,,,,,,,,,,,,,,,,,,,,,,,,,,,,,,,,,,,,,,,,,,,,,,,,,,,,,,,,,,,,,,,,,,25,,,,,1,,,,,,,,,,11,,,,,,,,,,,,
2764,29,,22,,2,,,5,58,,9,15,11,,10,16,13,19,,4,25,22,15,13,5,,12,4,11,1,15,,,,16,,12,2,,13,,6,,12,,3,,10,,10,,17,17,16,,7,11,,,,14,,15,,32,,4,,,12,10,,10,,8,,,15,6,17,10,14,17,,14,,16,12,,4,12,,,1,2,8,17,,,16
2765,28,,27,,,,,,71,,,22,29,,,,19,,,,,,,,26,,,,,,,,,,,,,20,,,,,,,,11,,3,,,,,23,5,,2,,,,,20,,31,,,,,,,19,,,53,,,,,4,,,25,,,,,,,,,39,,,,,,29,,,,
2766,,1,,,,,,,,,,2,,,,,,,,,,,,,,1,1,2,,,,,,,,,,,,,,,,,,,,,1,,,,,,,2,,,2,,,,,,,,,,,3,,,26,,2,,,,,,,,,,,,,15,,1,,,5,,1,,,,,
2767,,1,2,1,,2,2,7,,5,,,,,,,2,,3,1,6,7,,4,1,,,,1,,2,,1,,,4,,,,,7,8,,,,,,1,,,,,6,2,,1,,,,1,17,1,,3,,,,,,,6,,5,,,,,,,,18,,,,,,10,,,38,,,4,,3,,1,1,,
2768,20,,15,,1,,,,68,,,14,6,,,,4,28,,,,,,,25,4,,,,,,,,,,,,17,,,,,,,,23,,21,,,,,19,,,,,,,,3,,34,,,,,,,15,,,50,,,,,15,,,16,6,,,,,,,,28,,,,,,28,13,,,
2769,,1,,,,,,4,,,1,,,,,1,7,3,,,,,,,,,,,,,,,,,,,,,,,,,,2,,,,,,,6,,,,,,,,,,,,,,,,,,,,,4,26,,,4,,,,,,,,,,,6,16,,,,,6,,,,,1,,
2770,27,,30,,,,,,66,,,24,30,,,,21,,,,,,,,25,,,,,,,,,,,,,19,,,,,,,,13,,19,,,,,22,2,,,,,,,21,,33,,,,,,,20,,,52,,,,,7,,,24,,,,,,,,,40,,,,,,28,,,,
2771,27,,23,,,,,,42,,,1,20,,13,21,18,5,,,1,2,,,1,,,,,,,,,,,,,5,1,,,,,,,23,,29,,,,,16,1,4,,2,,,,3,4,24,,,,6,,,10,5,,1,1,,,,17,,,8,5,,,,,1,,2,38,,,,,,27,,,1,
2772,27,,30,,,3,,,58,,,19,22,,,,8,43,,,,2,,,25,,,,,,,,,,,,,18,,,,,,,,12,,26,,,,,9,,,,,,,,17,,26,,,,,,,16,,,38,,,2,,14,3,,25,,,,10,,,7,,33,,,,,,5,,,,
2773,,,39,,,,,11,,,2,,,,,,,,,,,,,,,,,,,,,,,,,,,,,,,,,,,,,,,,,,,,,,,,,,,,,,,,,,,,,,23,,,,,,,,,,,,,,,14,,,,,1,,,,,,,
2774,3,,,3,,2,,,3,,1,3,,2,3,,5,,1,,,,2,,4,1,1,,2,,1,,,,,,1,,,,4,,,3,,,3,2,,,2,,,3,3,,,,,1,2,3,,3,3,2,,,,1,,,3,3,,,,,,1,6,,2,3,,4,2,1,,4,2,1,1,,,2,1,,4,3
2775,12,,2,,1,,3,,61,,,16,24,,,,5,29,,,,,,,26,,,5,,,4,,,,18,,,19,,,,,,,8,22,,20,,,,,21,,,,,,,,8,,15,,,,,,,16,,,49,8,,4,,5,,,4,9,,,,,,,,28,,,,,,30,,,,
2776,4,2,2,3,1,7,2,2,,,,,,6,,,4,6,,5,3,6,,5,2,,6,,4,1,7,2,,2,1,,1,,4,1,1,,5,6,1,2,,,8,4,,2,,,3,5,5,2,,2,4,,1,,1,,,,3,5,6,,27,3,,,3,,6,3,3,,,1,2,9,,,1,,,,3,2,1,1,5,,2,
2777,,,,,,,,,,,,,,,,,,,,,,,,,,,,,,,,,,,,,,,,,,,,,,,,,,,,,,,,,,,,,,,,,,,,,,,,,26,,,,,,,,,,,,,,,11,,,,,,,7,,,,,
2778,23,,30,,,,4,,67,,,24,28,,,,21,,,,,,,,25,,,,,,,,,1,,,,14,,,,,,,,23,,24,,,,,3,,,,,,,,20,,33,,,,,,,15,,,51,,9,,,12,,,25,,,,,,,,,37,,,,,,27,,,,
2779,5,,32,,,,,,52,3,,13,27,,,,23,26,,,,,,,21,,,,,,1,,,,12,3,,7,,,,,,,,21,,24,,,,,21,,,,,,,,4,,21,,,,,,,19,,,15,,,,,17,,,9,,,,,,,,,33,,,,,,30,,,,
2780,28,,33,,,,,,66,,,20,29,,,,21,,,,,,,,19,,,,,,,,,,,,,11,,,,,,,,22,,22,,,,,20,,,2,,,,,16,,34,,,,,,4,11,6,,48,,,,,16,,,25,,,,,2,,,,40,,,,1,,27,,,,4
2781,26,,31,,,,,,72,1,2,14,26,,,,22,36,1,,9,,,,27,,,,,,,,,,,,,10,,,,,,,,16,,1,,,,,21,,,,,,,,22,,32,,,,,,,14,,,51,,,,,13,,,22,,,,,,,,,36,,,,,,4,,,,
2782,,1,38,,,,,,,,,,,,,,,,,,,,,,,,,,,,,,,,,,,,,,,,,,,,,,,,,,,,,,,,,,,,,,,,,,,,,,12,,,,,,,,,,,,,,,12,,,,,,,,,,,,
2783,8,,28,,,,,,66,,,12,26,,,,4,44,,,,,,,25,,,,,,,,,,,,,13,,,,,,,,21,,18,,,,,21,,,,,,,,17,,33,,,,,,,12,,,41,5,,,,14,,,24,,14,,,,,,,22,,,,,,26,,,,
2784,26,3,34,,,,,,64,,,2,18,,,,7,37,,,,,,,27,,,,,,,,,,,,,19,,,,,,20,,3,,26,,,,,21,,,3,,,,,1,,27,,,,,,,13,,,43,,,,,16,,,13,10,,,13,,8,,,30,,,,,,28,,,,
2785,28,,34,,,,,,67,,,16,21,,6,,19,,,,,,,,22,,,1,,,,,,2,13,,,21,,,,,,,,22,,5,,,,,20,,,,,,,,22,,31,,,,,,,20,,,38,11,,,,16,,,22,,,,,8,,,,30,,,,,,29,,,,
2786,,,,,,,,,,,,,,,,,,,,,,,,,,,,,,,,,,,,,,,,,,,,,,,,,,,,,,,,,,,,,,,,,,,,,,,,,26,,,,,,,,,,,,,,,11,,,,,,,,,,,,
2787,24,,29,,,,,11,44,,2,16,4,,,,21,44,,,,12,,,25,,,,,,,,,,,,,16,,,,,,,,19,,24,,,,,24,,,,,,,,20,,29,,,,,,,11,,,53,,,,,15,,,16,,,,3,,,,,39,,,,,4,27,,,,
2788,1,2,4,2,2,1,5,1,1,1,1,1,2,1,,1,1,8,1,1,1,2,1,1,1,1,,,1,1,1,1,1,5,1,1,1,1,1,4,3,,1,7,1,1,,1,9,1,,1,1,1,6,8,6,1,1,2,,1,1,,1,1,1,1,1,1,1,1,1,1,,1,5,1,8,1,1,2,1,1,5,1,,1,2,,1,1,1,2,6,2,1,1,1,2
2789,,,,,,,,4,,,,,4,,,5,,1,,,,,,,,,,,,,,,,,,,1,,,,,,,4,,,,,,1,,4,1,,,,,,,,,,,,,,,,,,,4,26,,,2,,,,,,,,,2,,8,17,,,,,,,,,,,,
2790,1,,32,1,,1,,3,67,,1,16,6,,,12,6,23,,,1,1,,,23,,,,,,,,,,14,,,18,,13,,1,,,,8,,25,,6,,,23,,,1,11,1,,,12,,26,4,2,,8,,,14,13,12,36,,,2,,16,13,,1,,,,,1,8,,,9,,,,3,,24,,,,
2791,1,3,33,,,,1,,65,2,,20,18,,,,14,31,,,,16,,,23,,,,,,,,,,,,,7,7,,,,2,,,13,,24,,,,,18,,,1,,,,,15,,28,,,,,,,10,3,,26,,,,,14,,,19,,,,,,,,,32,,,,,,4,3,,,
2792,1,2,1,2,2,,2,,1,,2,1,,1,1,1,1,1,,,,2,2,2,,2,,2,,1,1,1,1,3,,2,1,,1,1,1,,,,2,1,,1,,2,2,3,2,1,2,,,1,,,,,1,1,,3,2,,,2,,2,2,2,,2,2,2,1,2,1,3,,,,2,2,1,2,1,1,2,2,,,1,1,,1,2
2793,28,,34,,,,,,73,,,21,26,,,,22,,,,,,,,23,,,,,,1,,,,,,,19,,,,,,3,,20,,21,,,,,22,,,,,,,,17,,34,,,,,,,18,,,52,,,9,,4,,,25,,,,,,,,,41,,,,,,26,,,,
2794,,,,2,,,,,,,,,,,,,,,,,,,,,,,,,,,,,,,,,,,,,,,,,,,,1,2,,,,,,,,,,,,,,,,,,,,,4,,,5,,3,,,,,,,,,,,,,11,,,,,,,,,,,,
2795,29,,19,,,,,,50,,,18,6,7,,,19,21,,,,,,9,20,,,1,,,,,,,,,,16,,,,,,,,19,,23,,,,,10,,,1,14,,,,17,,32,,,,,,,14,,,37,,,,,14,5,,18,,,,,,,4,,33,,,,,,28,19,,,
2796,27,,29,,,,,,71,,3,21,28,,,,17,,,,,,,,26,,,,,,,,,,,,,11,,,,,,,,1,,19,,,,,16,,,,,,,,11,,34,,,,,1,,21,,,54,,,,,14,,,21,,,,,,,,,40,,,,,,29,,,,
2797,26,,32,,,,,,70,,,23,11,,,,3,,,,,,,,25,,,,,,,,,,,,,14,,,,,,,,20,,22,,1,,,19,,,,,,,,22,,31,,,,,,,2,,,47,,,,,1,,,24,,,,,,,,,38,,,,,,24,,,,
2798,,1,1,,1,,,1,,1,,,1,,,,,,,1,,,,,,1,,,,1,,1,1,,,1,,,1,,1,1,,,,,1,,1,,,6,,1,1,1,1,1,1,,,,,,,,,1,1,2,,,23,,,1,1,1,1,,,,1,,,,1,12,1,1,,1,1,,1,,,,,
2799,4,,2,3,4,1,5,1,,,,,,5,,,4,7,,1,1,6,,3,2,,2,,4,2,3,6,,3,3,,6,,4,,,,9,6,4,,,,3,1,,,,,3,3,2,3,,,,,,,5,,,,,1,5,,1,4,,,4,,1,3,,,,,5,6,,,,,,,,2,2,4,5,,2,
2800,,,,,,,,,,,,,,,,,,,,,,,,,,,,,,,,,,,,,,,,,,,,,,,,,,,,,,,,,,,,,,,,,,,,,,,,,26,,,,,,,,,,,,,,,10,,,,,,,10,,,,,
2801,17,,33,,,,,,59,,,4,11,1,,,7,35,,,,,,,19,1,,,,,,,,,,,,1,,,,,,1,3,1,1,3,,,,,15,,,,,,,,20,,26,,,,,,,18,,,33,,,,,18,,,16,3,,,,,18,,1,3,,,,,4,15,,,,
2802,28,,30,,,,,,57,,,22,27,,2,,21,31,3,,,,,,18,,,,,12,,,,,,3,,2,1,,3,,,,,17,,2,,,,,21,,,,20,,1,,19,,30,,1,,,,1,17,,,44,1,1,,1,10,,,23,,,,,1,,,,38,,,,,,28,,,,
2803,25,,17,,,,,,66,,,19,18,,,,16,5,,3,,,,,22,,,,,,,,,,,,,3,,,,,,13,2,22,,26,,8,,,24,,,,,,,,23,,31,,,,,,,12,12,,35,,,1,,14,12,,26,,,,,,,6,,25,,,,1,,27,,,,
2804,28,,1,,1,,1,1,71,,1,14,30,,,,18,32,,,,,,,24,,,,,,,,,,,1,,18,,,,,,9,,10,,23,,,,,21,,,,,,1,,1,,25,,,,,,,18,,,18,1,,,,8,3,,1,,,,,,,,,38,,,,,,29,,,,
2805,32,,,3,1,,1,1,,,,2,17,,2,4,25,2,7,2,3,21,1,,16,,,2,,10,24,,,,,7,,3,,6,,7,2,1,,,,1,,3,17,,22,3,,,2,3,2,,25,,7,,,6,,,,2,2,,13,,2,,,2,2,,15,,7,,2,1,,2,,10,,,,1,,19,5,,,22
2806,,,,4,,,,,,,,,,,,,,,,,,,,,,,,,,,,,,,,,,,,,,,,,,,,,,,,,,,,,,,,,,,,,,,,,,,,,20,,,,,,,,,,,,,2,,13,,,,,,,8,,,,,
2807,7,,,,,,,4,,,,,,,,6,,,,,,1,,,,,,,,,,,,,,,,,,,,,,5,,,,,6,,,,,,,,,,,,,,,,,,,,,,,5,7,,,,,,,1,,,,,,,2,15,,,,,,1,,,,2,,
2808,2,1,35,1,2,,,1,64,,3,4,1,1,2,6,11,1,1,1,5,25,3,,1,,,2,10,2,,1,1,,14,1,16,5,,14,1,9,2,2,,10,,1,2,1,2,,24,1,3,,2,,12,8,17,,26,1,,,8,1,,1,,,2,1,1,1,2,1,16,1,2,1,,,2,1,1,1,1,31,10,,,3,,21,20,1,1,
2809,10,1,,,,,,10,,,,,,,,7,,,,,,,,,,,,,4,,,,,,,,,,,,,,,,,,,1,,,3,,,,,,,,,,,,,,,,,,,,,,3,,,,,,,,1,,3,,,,,14,,,,,3,,,,,,,
2810,,,,,,,,,,1,,,,,,,,,,,,,,,,,,,,2,,,,,,,,,,,,,,,,,,,,,,,,,,,,,,,,,,,,,,,,,,,26,2,,,,,,,,,,,,,,12,,,,,3,,,,,,,
2811,5,,33,,,,,,3,,,18,17,,,,14,34,,1,1,,,,26,,,,1,,,,,,,,,4,,,1,,,8,,22,,2,,,,,11,,,,,,,,16,,30,,,,,,,17,,,41,2,,,,17,1,,14,,20,,,,2,,1,37,,,,,,2,,,,
2812,24,4,33,,,,,,65,,,8,11,,,,6,30,,3,,,,,21,,,,,,,,,,,,,19,,,,3,,,,22,,25,,,,,15,,,,,,,,22,,35,,,,,,,15,,,33,,,,,13,,,24,3,,,,,,,,28,,,,,5,3,,,,
2813,6,,18,,,,8,9,66,,9,3,5,5,,,17,22,,,21,14,16,8,22,2,,,1,,,,9,,,,,17,,,,,,12,,9,,,,,,,1,18,,2,12,,1,,6,,26,,29,11,1,,,12,11,,36,,,,,13,,,11,5,25,,7,,7,,,8,,,,,,14,,,,19
2814,1,1,5,4,3,1,15,5,1,1,2,3,2,1,2,1,1,2,2,1,1,2,1,1,1,1,1,1,15,3,1,,1,2,1,1,1,1,4,1,1,1,2,1,1,2,1,1,1,1,1,,21,1,3,4,2,1,13,,1,1,2,1,1,1,1,1,3,1,4,,,2,1,3,1,2,1,2,1,1,5,1,1,5,4,1,4,1,1,1,1,1,,1,1,,1,2
2815,,,,,,,,,,,,,,,,,,,,,,,,,,,,,,,,,,,,,,,,,,,,,,,,,,,,,,,,,,2,,,,,,,,,,,,,,,26,,,,,,,,,,,,,,,7,,,,,9,,,,,,,
2816,19,,31,,,,,,69,,,2,2,,,,7,38,2,,,,,,19,,,,,,,,,,,,,8,,3,,,1,,,1,,14,,,,,16,,,2,,,,,18,,21,,,13,,,,16,,,36,,,,,16,10,,10,,16,,,,21,,,23,,,,,4,26,,,,
2817,3,,,1,,3,,,4,,,1,,3,1,,4,,2,,1,,1,,1,,3,,1,,3,,,,,,2,,,,1,,,3,,,2,1,,,1,1,,4,4,1,,,,2,2,4,,4,1,2,,,,2,,,2,4,,,1,,,4,3,,1,2,,4,3,2,,3,1,2,1,,,1,2,,5,1
2818,5,1,26,,,,,1,72,,,21,4,,1,,18,25,,,,3,,1,24,9,,,10,,,,,,8,,17,6,,,,,,,,1,,,,,,1,24,,,2,,,,8,17,,30,,,2,,,,16,,,35,,,9,,12,,,12,,24,,,,,,,1,,,,,,29,20,,3,
2819,26,,29,,,,,,67,,,20,28,,,,2,45,,,,23,,,25,,,,,,,,,,,,,17,,,1,,,,,23,,5,,,,,13,,,,,,,,21,,28,,,,,,1,18,,,3,,,,,12,,,22,,17,,,,,8,14,35,,,2,1,,24,,,,
2820,20,,34,,,,,,63,,,16,28,,,,19,5,,,,10,,,4,,1,,,,,,2,,11,3,,9,,,,,2,,,10,,26,3,,,,21,3,,,,,,3,9,,18,,,,,,1,25,,,47,9,,13,,1,,,5,12,,,,,,,,28,,,,,,1,,,,
2821,,,,,,,,,,2,,,,,,1,,,,,,,,,,,2,,,,,,,,,,,,,,,,1,,,,,,,,,,,,,,,,,1,,,,,,,,,,,,,26,,,1,,,,,,,,,,,,17,,,1,,,,11,,,,,
2822,11,,10,,25,,,13,40,,,14,9,,10,19,8,32,,9,18,21,12,1,10,,,6,17,2,17,12,12,15,11,,11,20,10,8,,7,9,1,,5,,14,,9,12,,12,1,,9,18,14,10,,24,14,13,7,,,6,9,,6,11,,11,11,9,8,,13,8,1,9,16,18,,11,,13,8,,7,13,,,,4,1,17,,,14
2823,9,,33,,,,,,70,,,23,29,,,,10,,,1,,,18,,24,,,,,,,,,,,,,14,,,,,,,,19,,22,,,1,,23,,,,,,,,16,,31,,,,,,,3,,,49,,2,,,13,,,25,,,,,,,,,36,,,,1,,25,,,,
2824,2,,33,,,,1,,50,,,19,26,,3,,1,8,,3,,22,,,20,,,,5,1,2,4,,1,11,3,,3,2,4,,2,,4,,1,,25,,1,1,,21,,,1,,,9,3,1,2,5,1,1,,,,,20,2,1,5,5,,15,,17,,,2,14,,1,,,,,,31,,,2,2,,26,12,2,5,2
2825,23,,32,,,,,,4,,,10,17,1,,,22,42,,1,,11,,,4,,,,,,1,,,,,,,3,,,,,,,,19,,25,,,,,23,,1,,,,,,19,,26,,,,9,,,11,,,38,,,,,18,,,7,,,,2,,,,,18,,,,,,28,,1,,
2826,4,10,5,10,,,12,,35,3,9,4,3,6,7,,9,19,9,17,27,24,10,9,15,5,,4,14,10,13,,10,11,11,,12,13,7,8,,6,11,13,7,6,,23,8,8,10,,22,5,14,4,8,1,7,3,12,,27,,30,10,8,,1,13,10,11,5,,1,,1,1,11,19,11,5,25,14,8,1,15,13,,5,9,,,,,6,1,,9,13
2827,,,,,,,,,,,,,,,,,,,,,,5,,,,,,,,,,,,,,,,,,,,,,,,,,,,,,,,,,,,,,,,,,,,,,,,,,,13,,,,,,,,,,,,,,,6,,,,,,,,,,,,
2828,28,,28,,,,,,69,,,22,30,,,,22,,,,,,,,26,,,,,,,,,,,,,13,,,,,,,,21,,16,,,,,24,,,,,,,,22,,34,,,,,,,19,,,50,,,,,3,2,,21,,,,,,,,,37,,,,,,29,,,,
2829,12,,32,,,,,,62,,,12,26,,,,23,24,,,,,,,24,,,,,,,,,,11,,,5,,,,,,,,20,,21,,8,,,12,,,,,,,,8,,21,,,,,,,20,,,45,,,,,17,,,8,,,,,,,,,30,,,,,,30,,,,
2830,11,,30,1,,,,,70,,,14,23,,,,11,3,,,,,,,25,,,,,,,,,,11,,,19,,,,,,1,,4,,2,1,3,,,18,,,,,1,,,19,,25,,,,,,,18,,,49,,,,,11,12,,2,,,,,,,,,31,,1,,,,32,19,,,
2831,27,,11,,,,,12,69,,,19,14,,,,13,38,,,,,,,2,,,,,,,,,1,,,,19,,,,,,,,3,,26,,,,,3,,,,,,,,19,,30,,,,,,,15,1,,1,,,,3,12,,,13,17,19,,,,21,,,24,,,,,,16,,,,1
2832,8,,28,,,,,,56,,8,18,26,,,,18,5,,,,21,,1,1,,,,,,,,,,,,,17,,,,1,,,,19,,22,,,,,20,,,,,,,,21,,29,,,,,,,14,,,35,,3,,,12,,,14,,,,,,,,,39,,,,,,26,,,,
2833,27,,35,,,,,,71,,,22,28,,,,19,,,,,,,,26,,,,,4,,,,,,,1,20,,,,,,,,24,,23,,,,,23,,,,,,,,22,,34,,,,,,,19,,,50,,,,,7,,,23,,,,,,,,,39,,,,,,27,,,,
2834,,1,,5,1,,4,2,,6,,,,,,,,,6,4,8,6,,,2,,,,28,1,1,,,,,3,,,,,5,7,,,,,,25,,,,1,5,4,,,,1,,6,16,,,2,1,,,,,,1,,1,,,1,,,,,,,,,2,,8,,,,,,6,2,,,11,,,
2835,,,,,,,,8,,,1,,,,,,,,,,,,,,,,,,,,,,,,,,,,,,,1,,,,,,,,,,,,,,,,,,,,,,,,,,,,,,,25,,,,,,,,26,,,,,,,14,,,,2,8,,,32,,,,
2836,23,,25,,,,,,70,,,17,18,,,,17,24,,,,,,,21,,,,,,,,,,,,,18,,,,,,,,9,,30,,,,,13,,2,3,4,,,,5,6,24,,,,,,,9,,,17,13,,7,,17,,,14,4,,,,,,,,40,,,,,,28,,,,
2837,,,,,,1,,9,,,,,5,,,,,,,,,1,,,,,,,5,,,,,,,,,,,,,,,,,,,,5,,,,,,,,,,4,,,,,,,,,,,3,,,6,,4,,1,,,,3,,3,,,,,14,,,,,,,,,,3,,
2838,21,,3,1,3,1,13,3,2,,2,1,2,,1,1,2,1,3,3,2,2,3,3,15,,3,2,13,3,3,,1,2,13,2,1,14,1,1,2,4,3,1,2,2,2,2,3,3,1,2,19,7,1,2,3,1,11,,2,4,1,,2,2,3,4,1,5,4,1,,2,6,3,2,2,2,2,3,14,5,4,1,4,2,1,2,2,1,2,2,2,1,1,3,1,1,4
2839,,,,,,,,,,,,,,,,,,,,,,,,,,,,,,,,,,,,,,,,,,,,,,,,,,,,,,,,,,,,,24,,,,,,,,,,,,26,,,,,,,,,,,,,,,11,,,,,,,,,,,,
2840,28,,28,,,,,,70,,,17,27,,,,17,28,,,,,,,27,,,,3,,,,,,,,,19,,2,,,,,,19,,21,,,,,12,,,,,,,8,19,,34,5,,,,,,12,,,50,,,,,14,,,18,,,,,,,,,34,,,,,,27,,,,
2841,21,,24,,,,,,2,,,4,17,,12,,18,4,,,,,,,4,,,,,,,,,,,,,3,4,,,,,,,23,,26,,,,,18,,,,3,,,,6,3,23,,,,,,,14,4,,29,,,,,15,,,17,13,,,,,,,,34,,,,,,26,,,,
2842,1,1,1,1,1,1,1,1,1,1,1,1,1,1,1,1,1,1,1,1,1,1,1,1,1,1,1,1,1,1,1,1,1,1,1,1,1,1,1,1,1,1,1,1,1,1,1,1,1,1,1,1,1,1,1,1,1,1,1,1,1,1,1,1,1,1,1,1,1,1,1,1,1,1,1,1,1,1,1,1,1,1,1,1,1,1,1,1,1,1,1,1,1,1,1,1,1,1,1,1
2843,8,,33,,,,,,66,,,4,9,,,,1,35,,,,,,,20,,,,,,,,,,,,,7,,,,,,,,15,,23,,,,,13,,,,,,,,18,,21,,,,,,,14,,,35,,,,,17,,,26,,16,,,,,,,22,,,,,,26,,,,
2844,22,,33,,,,,,65,,,12,19,,,,18,44,,,,,,,23,,,,,,,,,,,,,17,,,,,,,,4,,1,,,,,22,,,,,,,,14,,29,,,,,,,15,,,11,,,,,14,1,,18,,,,,,,,,19,,,,,,24,,,,
2845,8,,35,,,,,,63,,4,18,27,,,15,1,,,,,,,2,26,,,,,,,,,,,,,16,,,2,,,,,17,,19,,,,,18,,,,,,,,15,,32,,,1,,,,14,,,42,,,,,5,,,18,,,,,,,,,34,,,,,,20,,,,
2846,29,,34,,,,,,71,,,21,28,1,,,20,26,,,,,,,26,,,,,,5,,,,2,,,20,,,,,,,,24,,21,,,,,19,,,,,,,,21,,32,,,,,,3,17,,,49,,,,,12,,,23,,,,,,,,,39,,,,,,29,,,,
2847,22,,35,,,,,,62,,4,18,18,,,,2,42,,,,18,,,20,,,,,,,,,,15,,,9,,,,7,,,,1,,19,,,,,13,,,,,,,2,1,,14,,,,,,,5,,,38,,13,,,16,,,10,1,22,,,,,,1,35,,,1,,,11,,,,
2848,9,,33,,,4,,,71,,,17,17,,,,19,25,,,,,,,23,,,,,,,15,,,,,,6,,,,,,,,7,,6,,,,,22,,,,1,,,,17,,30,,,,,,,12,,,42,,,3,,15,4,,17,,,,,,9,,,21,,,,,,27,1,,,
2849,28,,21,,,,,,72,,,22,29,,,,20,,,,,,,,24,,,,,,,,,,,,,19,,,,,,,,10,,18,,,,,20,,,,,,,,23,,33,,,,,,,19,,,53,,,,,11,,,23,,,,,,,,,36,,,,,,28,,,,
2850,,,40,,,,,,,,,,,,,,,,,,,3,,,,,,,,,,,,,,,,,,,,,,,,,,,,,,,,,,,,,,,,,,,,,,,,,,,27,,,,,,,,,,,,,,,1,,,,,,,1,,,2,,
2851,,,,,,1,,1,,,,,1,,,7,4,,,,,,,,,,,,,,,,,,,,,,,,,,,,2,,,,,,,5,,,,,,,,,2,,,,,,,,,,,2,26,1,2,,,,,,,,,,,,,16,,,,,,,,,,,,
2852,,,,,,1,,,,1,,,,,,,,,,,,,,,,,,,1,,,,,,,,,,,,,,,,,,,,,,,,,,,,,,,,,,,,,,,,,,,,26,,,,,,,,,,,,,,,14,,,,,8,,,,,1,,
2853,27,,34,,,,,,71,,,23,29,,,,21,,,,,,,,23,,,,,,,,,,,,1,20,,,,,,,,18,,21,,,,,23,,,,,,,,19,,35,,,,,,,20,,,52,,,,,10,,,18,,,,,,,,,39,,,,,,28,,,,
2854,,,37,5,,,,,,,,,,,,,,,,,,,,,1,,,,,,,,,,,,,,,,,,,,,,,,,,,,,,,,,,,,,,,,,,,,,2,,,23,,,,,,,,,,,,,,,16,,,,,12,,,,,4,,
2855,24,,32,,,1,1,2,71,,,1,26,5,,,16,45,1,,,,1,,26,,1,,,,,,1,,,,,1,,1,4,,1,1,,22,,5,,,,,24,1,,1,1,1,1,,21,1,30,,,,,1,1,17,,,1,,,,,10,4,1,26,,20,,,,,,,35,,1,,,,1,1,,,
2856,26,5,33,,,,,,63,,2,4,19,,,,5,37,1,18,,,,,25,,,,,,,,,,,,,20,,,,,,,,23,,25,,,,,19,,,4,,,,1,10,,33,,,,,,,8,,,5,,,,,14,,2,11,,,,,1,,,,25,,,1,,,26,,,,
2857,1,1,1,3,1,5,1,1,1,1,1,1,1,2,1,,1,10,1,1,6,1,,1,5,,4,1,1,1,6,1,,1,1,,1,1,7,,1,1,1,1,6,,1,,1,1,1,,1,1,1,1,1,5,1,1,1,1,1,1,6,,1,1,,1,1,1,1,1,,,1,3,1,5,,,,,,1,1,,,1,2,,1,1,4,1,5,,1,1
2858,22,,,,,,,,47,,,18,21,,13,2,19,43,,17,,,,,6,,,,,,,,,,4,,,6,5,,,,,,,5,,2,,,,,5,,,,,,,2,8,,27,,,,,,,1,5,,14,12,,,,13,,,13,5,1,,,,,,3,37,,,,,,24,,,1,
2859,28,,35,,,,,,68,,,11,17,9,,4,19,43,,20,,20,,,21,,,4,,,,,,,15,,,18,,,,,,,,22,,18,,,,,15,,,,,,,,20,,28,,,,,,,17,,,7,,,14,,15,,,9,,1,,,,,,,33,,,,,,28,,,,
2860,8,1,30,,1,,1,7,67,,1,1,1,,,,22,3,1,,,1,,1,1,1,5,1,1,1,,,,,11,,1,19,6,,,,,,,17,1,7,1,1,,1,1,1,,,,1,,1,6,1,23,1,,,1,1,,16,,,1,1,,4,3,1,1,,2,4,,,,,,1,,1,,1,1,1,,31,1,1,1,1
2861,3,,1,3,2,6,4,3,,,,,,3,,,3,7,,3,2,8,,4,3,,5,,4,3,6,3,,4,2,,3,,3,,,,7,5,5,,,,6,3,,,,,4,6,1,3,,,,,,,5,,,,,4,1,,26,4,,,2,,6,1,,,,,3,9,,,,,1,,,2,2,3,4,,1,
2862,,,,,,,,,,,,,,,,,,,,,,,,,,,,,,,,,,,,,,,,,,,,,,,,,,,,,,,,,,,,,,,,,,,,,,,,,25,,,,,,,,,,,,,,,9,,,,,,,,,,,,
2863,26,,30,1,,,,10,70,,,21,26,,,,19,,2,,,4,,,26,,,,,,,,,,,,,15,,,,,,20,,2,,24,,,,,23,4,,,,,,,20,,30,,,,,,,21,,,52,,,,,13,,,24,,,,,,,,,39,,,,,,27,,,,
2864,,,,,,,,9,,,,,,,,,,,,,,,,,,,,,,,,,,,,,,,,,,,,,,,,,,,,,,,,,,,,,,,,,,,,,,,,,24,,,,,,,,,,,,,,,14,,,,,,,,,,,,
2865,16,,14,,,,,,58,,,11,10,,,1,6,29,1,,,,,,15,,,,,,,,,,,,,13,,,,,,,,4,,22,,,,,12,,,1,,,,,20,,23,,,,,,2,19,,,38,,,,,15,,,9,,15,,12,,20,,,22,,,,,,14,,,,
2866,,,,,,,,,,,,,,,,,,,,,,,,,,,,,,,,,,,,,,,,,,,,,,,,,,,,,,,,,,,,,,,,,,,,,,,,,11,,,,,,,,,,,,,,,8,,,,,,,,,,,,
2867,,,,,,,,,,,,,,,,,,,,,,,,,,,,,,,,,,,,,,,,,,,,,,,,,,,,,,,,,,,,,,,,,,,,,,,,,28,,,,,,,,,,,,,5,,12,,,,,10,,,,,,,
2868,27,,34,22,,,,8,67,,,14,26,,,,11,43,,,,,,1,22,,,,,,,,,,1,,,19,,,,,,,,24,,24,,,,,23,,2,2,,,,,22,,33,,,,,,,7,,,4,,,1,,15,,,8,,,,3,,1,,,32,,,,,,27,,,,
2869,25,,35,,,,,,71,,,20,28,,,,20,,,,,,,,24,,,,,,3,,,,,,,20,,,,,,,,15,,22,,14,,,22,,,,,,,,21,,34,,,,,,,20,,,51,,,,,13,,,25,,22,,,,,,,35,,,,,,30,,,,
2870,14,,12,,,,,,62,,,12,23,,,,11,11,,,,,,,3,,,,,,,,4,,,,,22,,,,,,,,22,2,25,,,,,20,2,,,,,,,3,,17,,,,,,,19,1,,46,5,,9,,5,,,4,,,,,,,,,27,,,,,,24,,,,
2871,22,,27,,1,,,,67,,,15,20,,,,16,39,,,,21,,,17,,,,,,,,,,,,,16,,,,,3,,,23,,22,,,,,17,,,,,,,,20,,18,,,,,,,10,,,43,,,,,15,,,23,,,,,,,,,25,,,,,,12,10,,,
2872,,,,,,,,,,,,,,,,,,,,,,,,,,,,,,,,,,,,,,,,,,,,,,,,,,,,,,,,,,,,,,,,,,,,,,,,,24,,,,,,,,,,,,,,,7,,,,,,,,,,,,
2873,,,,,,,,,,,,,,,,,,,,,,,,,,,,,,,,,,,,,,,,,,,,,,,,,,,,,,,,,,,,,,,,,,,,,,,,,6,,,,,,,,,,,,,,,5,,,,,,,,,,,,
2874,,,,,,,,7,,,,,,,,1,,,,,,,,,,,,,,,,,,,,,,,,,,,,,,,,,,,,,,,,,,,,,,,,,,,,,,1,,,26,,,,,,,,,,5,,,,,13,,,,1,,,,,,,,
2875,22,,25,1,,,,,2,,,22,11,,,,11,,,,,,,,17,,,,,,,,,,,,,14,,,,,,,,18,,19,,,,,25,,,,,,,,22,,1,,,,4,,,19,,,48,,,,,7,,,22,,,,,4,,,,31,,,,,,4,,,,
2876,24,,32,1,,5,,,71,3,,18,26,,,,1,,,,,,,,24,,,,,,,16,,,,,,9,,1,,,,,,22,,5,,,,,22,,,,,,,,16,,31,,,,,,6,9,4,,50,,,4,,16,,,21,,20,,,1,,,,33,,,,1,,28,,,,
2877,,,,,,,,,,,,,,,,,,,,,,,,,,,,,,,,,,,,,,,,,,,,,,,,,,,,,,,,,,,,,,,,2,,,,,1,,,,21,,,,,,,,,,,,,,,12,,,,,,,,,,,,
2878,28,7,27,,1,,,,48,,,19,20,,,,13,45,,,,14,,,24,1,,,,,,1,,,,,,18,,,,,,,,19,,8,,,,,21,3,,,1,1,,,23,,4,,,,,1,,17,,,12,,,,,13,,,25,,,,,,,,,32,,,,1,,28,11,,,
2879,,,,2,,,2,5,,4,,,,,2,,,,3,1,6,6,,,2,,,,25,,2,,,,,4,,,,1,5,3,,,,,,32,,,,,7,2,,,,,,1,16,,,,,,,,,,5,,4,1,,,,,,,,,,,,,1,,,,,,6,,1,,,,,
2880,,,,,,,,,,,,,,,,,,,,,,1,,,,,,,,,,,,,,,,,,,,,,,,,,,,,,,1,,,,,,,,,,,,,,,,,,,,17,,,,,,,,,,,,,,,10,,,,,4,,9,,,,,
2881,26,,32,,,,,,67,,,16,27,,,,21,38,,2,,,,,19,,,,,,,,,,,,2,11,,,,,,,,22,,10,,,,,1,,,,,,,,7,,25,,,,,,,15,,,47,,,7,,12,,,25,,,,,,,,,20,,,,,,28,,,,
2882,24,,30,17,1,,,1,66,,6,18,28,,2,,10,1,,,,22,,2,23,,1,,,,,,,,18,,14,7,,8,,8,9,,,23,3,10,10,1,,,20,,1,1,,,1,,19,,1,,,,,11,,11,1,,43,,,8,,13,6,,13,10,,,,,2,7,,24,,,,,,26,,,,
2883,9,15,9,18,,1,,,37,13,,10,9,10,,,8,21,,,19,24,15,,24,,,,22,9,13,9,,,19,,16,1,,,,4,,,,15,,9,,,8,,24,,16,,,,7,11,1,,27,,1,,,5,,11,12,,1,,10,,,12,8,,3,4,26,3,8,8,15,12,,6,,,,,,4,1,,,20
2884,,,28,,2,,,8,,,,,,5,,,,2,,,,2,,,,1,,,2,,2,,2,,,,,,2,1,,,2,,,,,1,,1,,,,,,,,,,1,,,,1,,,,,,,,,2,,,2,1,2,,,2,,1,2,,2,,8,,,,,,,8,,,1,1,
2885,1,,3,4,1,1,1,3,11,1,,4,2,3,1,7,2,2,2,3,18,2,3,2,16,,3,2,11,3,20,,3,5,10,2,9,13,2,3,1,1,2,2,2,1,2,1,2,2,3,,19,6,1,4,2,4,11,,3,2,4,,2,2,3,2,3,2,7,12,,1,1,2,2,,2,2,2,14,3,3,5,3,3,1,1,43,1,2,2,2,14,3,4,,2,4
2886,23,,,,14,,,1,1,6,,25,9,,7,20,27,3,2,4,,21,7,,5,,,6,6,2,17,,,,5,,4,22,2,9,2,1,,12,,,,27,,,18,,21,,,2,,,11,,22,,8,,,5,,,,,3,,14,,,,8,11,8,,2,2,7,,,,,,,13,,,,,1,20,16,,,
2887,,,,,,,,,,,,,,,,,,,,,,,,,,,,,,,,,,,,,,,,,,,,,,,,,,,,,,,,,,,,,,,,,,,,,,,,,22,,,,,,,,,,,,,,,16,,,,,11,,,1,,,,
2888,,,,,,,,1,,,,,,,,8,,,3,,,,,,3,,,,,,,2,,,,,,,,,,,,6,1,1,,,,,,,,,,,,,,,,,,,,,,,,,,2,2,,3,,,,,,1,,,,,,9,16,,,,,,,,,,,,
2889,,,,7,,,1,9,,4,,,,,1,,,,4,3,7,6,,,3,,,,24,,6,,,,,5,,,,,7,7,,,,,,27,,,,,6,3,,4,,,,1,12,,,,,,,,,2,5,,4,,,,,,,,17,,,,,,4,,,37,,,4,,,,,1,,
2890,,,,,,,,,,,,,,,,,,,,,,,,,,,,,,,,,,,,,,,,,,,,,,,,,,3,,,,,,,,,,,,,,,,,,,,,,,24,,,,,,,,,,,,,,,14,,,,,,,,,,,,
2891,,,,,,,,,,,,,,,,,,,,,,,,,,,1,,,,,,,,,,,,,,,,,,,,,,,,,,,,,,,,,,,,,,,,,,,,,,19,,1,,,,,1,,,,,,,,14,1,,,,,,,,,,,
2892,5,,33,,,,,,53,,,15,26,,,,23,28,,,,,,,25,,,,,,,,4,,7,,,7,,,,,,,,17,,6,,,,,19,,,,,,,,8,,15,,,,,,,18,2,,17,,,,,15,,,3,,,,,,,,,29,,,,,,30,10,,,
2893,27,,26,,2,,,10,41,,,19,19,,14,20,2,23,,,23,12,,2,20,,,,,1,,,,,2,,,3,,,,,,,,6,,30,,,1,,12,20,,,12,2,1,,2,7,1,,,,5,1,,18,6,,34,14,,8,,16,,20,15,2,11,2,,,,,1,38,1,,,,,25,,,,
2894,2,,25,,,,,,70,,,20,29,,,,17,,,,,,16,,23,,,,,,,,,,,,,11,,,,,,,,23,,20,,2,,,21,,,,,,,,12,,33,,,,,,,13,,,49,,,,,11,,,24,1,,,,,,,,37,,,,,,28,,,,
2895,27,3,34,,,,,,59,,,17,28,,,9,21,44,,1,,3,,,27,,,,1,,,,,,,,,11,1,,,,,,,13,,8,,6,,,13,,,1,,,,,18,,1,,,,,,,18,,,41,,,1,,15,,,25,,,,,,,,,34,,,,,,27,,,,
2896,,,,,,,,,,,,,,,,,,,,,,,,,,,,,,,,,,,,,,,,,,,,,,,,,,,,,,,,,,,,,,,,,,,,,2,,,,17,,,,,,,,,,,,,,,10,,,,,10,,2,,,,,
2897,,,,,,,,,,,,,,,,,,,,5,,,,,,,,,,,,,,,1,,,,,,,,,,,,,,,,,,,,,,,,,,,,,,,,,,,,,,26,,,,,,,1,,,,,,,,12,,,,,,,,,,,,
2898,1,,18,,,,1,,45,,,17,18,,,1,16,25,,,,,,,9,,,,,1,,,,,1,,,1,1,,,,,,,24,,27,,,,,23,1,1,,5,,1,,6,4,1,,,,,,,12,6,,15,14,,6,,1,,,15,6,2,1,,,3,,4,38,,,,,,26,2,,2,
2899,,,,,,1,,3,,,1,,1,,1,8,,,1,,1,,,,,,,,,,1,,,,,,,1,,,,,,,,,1,,,,,5,,1,,,2,,,2,1,,,,,,,4,,,,,26,,,,2,,,4,,,,,1,,1,16,,,3,,1,,,,,,,
2900,6,,31,1,,,,,64,,,13,26,1,,,21,3,,3,,,,,20,,5,,,,,,,1,12,,,8,,,,1,,,,17,,26,,5,,,18,,,,1,,,,5,,35,,,1,,,,20,,,50,,16,4,4,1,,2,3,,,,,,,,,28,,,,,,31,1,,2,
2901,27,,33,17,,,,,68,,,15,27,3,,,21,,,,,,,,2,,,,,,,,,,,,,20,,,,,,,,6,,21,,,,,18,,,,,,,,21,,32,,,,,,,13,,,52,,,,2,11,,,20,,,,,,,,,40,,,,,,25,,,,
2902,,2,,,,,,,,1,,,,,3,,7,1,3,6,3,1,4,3,,,,,,,3,9,4,,,,,2,3,2,,,4,,3,5,1,,9,4,,,,,,,,,1,,,,,,,3,2,,1,,4,2,,,4,,,,5,,,,,,2,4,,3,1,7,3,3,3,1,8,1,,,,2
2903,13,,23,,1,,,6,41,,8,3,12,,10,17,14,20,2,2,,1,14,12,5,3,13,2,11,9,,9,,,10,,14,2,8,14,,,,,,6,,25,,,14,18,18,17,,9,18,,15,,15,12,16,8,7,,5,,,4,3,,2,,9,,7,3,6,18,2,15,10,,2,2,,6,,33,10,,,,6,9,19,,,17
2904,21,,33,,,,,1,72,,,18,25,4,,,20,,,,,,,,25,,,,,,,,,,,,,18,,,3,,,,,22,,4,,,,,22,,,,,,,,20,,29,,,,,,,18,,,45,,,,,17,,,25,,,,,,,,,34,,,,,,29,,,,
2905,,,,,4,,,,,,,,,,,,,,,,,,,,,,,,,,,,,,,,,,,,,,,,,,,,,,,,,,,,,,,,,,,,,,,,,,,,28,,,,,,,,,,,,,,,3,,,,,,,,,,1,,
2906,,,35,,,,,,,,,,,,,,,,,,,,,,,,,,,,,,,,,,,,,,,,,,,,,,,,,,,,,,,,,,,,,,,,,,,,,,26,,,,,,,,,,,,,,,4,,,,,,,,,,,,
2907,,,,,,,,,,,,,,,,,,,,,,,,,,,,,,,,,,,,,,,,,,,,,,,,,,,,,,,,,,,,,,,,,,,,,,2,,,24,,,,,,,,,,,,,,,16,,,,,,,,,,,,
2908,,,,,,,,,,,,,,,,,,,,,,,,,,2,,,,1,,,,,,,,,,,,,,,,,,,,,,,,,,,,,,,,,,,,,,,,,,,26,,,,,,,,,,,,2,,,11,,,,,,,,,,,,
2909,1,,,,,,,,,,,,,,,,,1,,,,,,,,,,,2,,,,,,,,,,,,,,,,,,,,,,,,,,,,,,,,,,,,,,,,,,,,27,,1,,,,,,,,,,,,,7,,,,,5,,,,,,,
2910,,,39,,,,,,,,,,,,,,,,,,,,,,,,,,,,,,,,,,,,,,,,,,,,,,,,,,,,,,,,,,,,,,,,,,,,,,11,,,,,,,,,,,,,,,8,,,,,,,,,,,,
2911,,,,,,,,,,,,,,,,,,,,,,,,,,,,,,,,2,,,,,,,,,,,,,,,,,,,,,,,,,,,,,,,,,,,,,,,,,27,,,,,,,,,,,,,,,6,,,,,,,,,,,,
2912,,,,,,,,,,,,,,,,,,,,,,,,,,,,,,,,,,,,,,,,,,,,,,,,,,,,,,,,,,,,,,,,,,,,,,,,,26,,,,,,,,,,,,,,,1,,,,,10,,,,,,,
2913,,,,,,,,,,,,,,,,,,,,,,,,,,,2,,,,,,,,,,,,,,,,,,,,,,,,,,,,,,,,,,,,,,,,,,,,,,15,,,,,2,,,,,,,,,,13,,2,,,,,,,,,,
2914,12,,34,,,,,,64,,,17,17,5,,,19,,,,,,15,,26,,,,,,,,,,3,,,15,,,,,,,,23,,25,,,,,20,,,,,,,,1,,31,,,,,,,15,,,46,,,,,12,,,1,,,,,,,,,28,,,,,,28,,,,
2915,,,,,,,,,,,,,,,,,,,,,,,,,,,,,,,,,,,,,,,,,,,,,,,,,,,,,,,,,,,,,,,,,,,,,,,,,23,,,,,,,,,,,,,,,15,,,,,5,,2,,,,,
2916,,,,,,,,,,,,,,,,,,,,,,,,,,,,,,,,,,,,,,,,,,,,,,,,,,,,,,,,,,,,,,,,,,,,,,,,,8,,,,,,,,,,,,,,,6,,,,,,,,,,,,
2917,,,,,,,,,,,,,,,,,,,,,,6,,,,,1,,,,,,,,,,,,1,,,,,,,,,,,,,,,,,,,,,,,,,,,,,,,1,,,2,,,,,,,,,,,,,,,8,,,,,,,,,,,,
2918,19,,33,,,,,,61,,,3,8,,,,5,29,,,2,,,,22,,,,,,,,,,,,,8,,,,,,,,24,,21,,,,,11,,2,,,,,,12,,21,,1,,,,,2,,,39,,,,,15,,,12,,16,,11,,,,,23,,,,,2,25,,,,
2919,,,,,,,,,,,,,,,,,,,,,,,,,,,,,,,,,,,,,,,,,,,,,,,,1,,,,,,,,,,,,,,,,,,,,,,,,,16,,,,,,,,,,,,,,,5,,,,,,,,,,,,
2920,,,,,,,,,,,,,,,,,,,,,,2,,,,,,,,,,,,,,,,,,,,,,,,,,,,,,,,,,,,,,,,,,,,,,,,,,,25,,,,,15,,,,,,,,,,12,,,,,,,,,,,,
2921,24,,31,,,,,,46,,,5,18,,,,22,30,,,,,,,25,,,,,,,,,,,,,19,,,,,,,,25,,25,,,,,15,,,,,,,,10,5,25,,,,,,,14,,,44,,,,,1,,,7,1,,,9,,,,,28,,,,,,28,,,3,16
2922,1,1,37,1,1,,1,2,68,1,1,3,16,,1,1,1,1,7,1,4,21,2,,16,,,1,6,10,23,,,,,6,,2,1,1,1,7,3,1,1,,,2,1,4,1,1,23,4,1,,3,4,14,,1,,6,,,1,,1,3,1,1,,14,,1,,,1,1,1,2,,7,1,1,2,,1,,1,,1,,1,1,19,1,1,1,23
2923,29,,34,,,,,,50,,,13,30,,,,23,24,,,,,18,,6,,,5,,,,,,,3,,1,6,,,,,,13,,4,,20,,,,,24,,,3,,,,,15,,21,,,,,,,12,11,,8,,9,,,12,16,,12,1,,,2,,,,,36,,,,,1,3,17,,,5
2924,,,,,,,,,,,,,,,,,,,,,,,,,,,,,,,,,,,,,,,,,,,,,,,,,,,,,,,,,,,,,,,2,,,,,,,,,,26,,,,1,,,,,,,,,,,13,,,,,,,15,,,,,
2925,,,,,,,,,,,,,,,,,,,,,,,,,,,,,,,,,,,,,,,,,,,,,,,,,,,,,,,,,,,,,,,,,,,,,,,,,26,,,,,,,,,,,,,,,9,,,,,,,,,,,,
2926,19,,35,,,,,3,68,,,10,12,,,,1,,,2,3,,,3,18,,2,,,1,,,,,2,5,1,6,,,5,,,3,,20,,9,,,,,19,,,,,,,,3,,25,,,4,,,,5,11,,35,5,3,5,,17,,,,,18,,,,22,3,,14,3,,1,,,4,,2,,
2927,,,,,,,,,,,,,,,,,,,,,,,,,,,,,,,,,,,,,,,,,,,,,,,,,,,,,,,,,,,,,,,,,,,,,,,,,22,,,,,,,,,,,,,,,11,,,,,,,,,,,,
2928,,,,,,,,,,,,,,,,,,,,,,,,,,,,,,,,,,,,,,,,,,,,,,,,,,,,,,,,,,,,,,,,,,,,,,,,,13,,,,,,,,,,2,,,,,12,,,,,,,,,,,,
2929,,,,,,,,,,,,,,,,,,,,,,,,,,,,,,,,,,,,,,,,,,,,,,,,,,,,,,,,,,,,,,,,,,,,,,,,,25,,,,,,,,,,,,,,,14,,,,,,,,,,,,
2930,,3,1,,,,,,,2,,,,,2,,5,2,2,6,3,5,6,1,,,,,,,5,11,3,,,,,2,3,4,,,4,,3,2,,,10,4,,,,,,,,,2,,,1,,,,4,1,,5,,4,3,,,2,,,,5,,,,,,4,5,,3,2,1,2,5,4,5,1,,,,,5
2931,,,,,,,,,,,,,,,,,,,,,,,,,,,,,,,,,,,,,,,,,,,,,,,,,,,,,,,,,,,,,,,,,,,,,,,,,1,,4,,,,,,,,,,,,,14,,,,,10,,,,,,,
2932,14,,15,,13,,3,,67,,,9,10,,1,,2,40,,,,,,,21,,,,,,,,,,,,,17,,,,,,,,23,,14,,,,,13,,,,,,,,18,,28,,1,,,,,16,,,40,,,,,12,,,18,,18,,6,,,,,21,,,,,,27,,,,
2933,23,,2,,13,,,12,,,,2,14,,12,2,25,48,4,6,,19,,,25,,,9,1,9,23,,,,,,,16,,6,,6,,13,,22,,16,,,14,,17,3,,,,2,11,,25,,4,,,1,,,1,,,,11,,,,,2,,,15,,4,,,,,,,16,,,,,,13,4,,,20
2934,6,,5,,,,,,54,,,16,24,,,,25,5,,,,22,,,8,,,,1,,,,,,14,6,,14,,5,,,,,,21,,24,2,,,,21,5,,,,,2,1,9,,1,,,,,,,20,,,18,,,12,,4,,,4,2,1,,15,,,,,11,,,,,,24,,,,
2935,27,,1,,11,,,,6,,,2,12,,9,4,20,49,7,4,,21,1,,25,,,8,,5,22,,,1,,,3,16,,3,,3,,15,,6,1,17,,,13,,20,5,,,1,,2,,24,,7,,,3,,,,,3,,12,,,,,1,,,16,,3,,,1,,,,8,,,,,,17,3,,,19
2936,28,,30,,,,,,70,,,20,21,,,1,16,,,,,,,,27,,,,,,,,,,,,,12,,,,,,,,22,,20,,,,,22,,,,,,2,,23,,32,,,,,,,18,,,52,,,,,13,,,25,,21,,,,,,,39,,,,,,26,,,,
2937,28,,33,,,,,,67,,,18,28,,,,14,,,,,,,,26,,,,,,,,,,,,,13,,,,,,,,14,,17,,,,,23,,,,,,,,20,,34,,,,,,,5,,,43,,,,,2,,,25,,,,,,,,,39,,,,,,30,,,,
2938,24,,34,,,,,3,66,,,1,10,,,,13,35,,,,,1,,25,,,,,2,,,,,,,,19,,,,,,,,23,15,8,,,,,10,,,1,,,,,13,,31,,,,,,,23,,,41,4,10,13,,16,,,12,5,,,,1,,,14,35,,,,,,28,,,,19
2939,24,,2,,,,,,71,,,13,29,,,,17,,,,,,,,24,,,,,,1,,,,,,,20,,,,3,,,,21,,2,,,,,23,,,,,,,,22,,34,,,,,,,18,,,52,,,,,8,,,23,,,,,,,,,40,,,,,,25,,,,
2940,,,,,,,,,,,,,,,,,,,,,,,,,,,,,,,,,,,,,,,,,,,,,,,,,,,,,,,,,,,,,,,,,,,,,,2,,,24,,,,,,,,,,,,,,,11,1,,,,8,,,,,,,
2941,12,,11,,26,,,,38,,4,3,11,,9,21,4,35,,8,,21,17,12,9,9,,5,19,1,16,,,,12,,,20,,11,,8,,13,,5,,9,,,14,,17,,12,10,16,,,,16,13,14,8,,,,,,11,12,,13,,,,,14,10,8,11,15,15,,,,12,1,12,11,13,,,,,9,,,,16
2942,6,,35,,,,,,65,,,18,18,1,,,7,41,,16,,,,,17,,,,,,,,,,13,,,9,,2,,,,,,24,,24,,,,,9,,2,,,,,,19,,21,,,,10,,,1,,,28,,,,,17,,,9,,,,1,,,,,39,,,,,,32,,,,
2943,,,,,,,,,,,,,,,,,,,,,,,,,,,,,,,,,,,,,,,,,,,,,,,,,,,,,,,,,,,,,,,,,,,,,,,,,22,,,,,,,,,,,,,,,11,,,,,5,,,,,,,
2944,,,,1,,,,,,,,,,,,,,1,,4,,,,,,,,,,,,,,,,,,,,,,,,,,,,,,,,,,,,,,,,,,,,,,,,,,,,,8,,,,,,,,,,,,,,,13,,,,,10,,,,,,,
2945,,,,,,,,,,,,,,,,,,,,,,,,,,,,,,,,,,,,2,,,,,,,,,,,,,,,,,,,,,,,,,,,,,,,,,,,,,26,,,,,,,,,,,,,,,11,,,,,,,10,,,,,
2946,,,25,,,,,,65,,,20,,,,,24,,,,,,,,,9,,,,,,,,,,,,,,,,,,,,22,,22,,,,,,,1,,,,,,7,,,,,,,,,,,,27,,,,,,,,26,,,,,,,13,,38,,,,,,,21,,,
2947,20,,33,,,,,,67,,,3,24,,,,22,35,,,,,,,22,,5,,3,,,,,,14,,,17,,,,,1,,,24,,24,,3,,,18,7,,,,,9,,6,,28,,,,,,,16,10,,46,1,,11,5,17,7,,3,5,,,1,,,,,11,,,,,,20,,,1,
2948,,,,,,1,,,,,,,,,,,,,,,,,,,,,,,,,,,,,,,,,,,,,,,,,,,,,,,,,,,,,,,,,,,,,,,,,,,25,,,,,,,,,,,,,,,12,,,,,11,,,,,,,
2949,30,,,,4,,,9,,4,,27,11,,8,19,26,48,3,5,,17,4,,12,,,7,8,3,21,,,,5,,,17,,7,,4,,10,,,,28,,,17,,19,4,,,18,,12,,23,,6,,,3,,,,,,,16,,,,11,12,,,11,,5,,,,,,,11,,,,,8,19,3,,,18
2950,2,,34,,,,,,67,,,19,17,,,,11,,,,,,,,22,,,,,,,,,,,,,13,,,,,,10,,24,,20,,,,,21,,5,,,,,,20,,27,,,,,,,17,,,51,,,,,12,,,24,,20,,,,,,,31,,,,,,27,,,,
2951,19,,16,,,,,,60,,,2,25,,,,20,1,,,,,,,24,,,,,,,,,,17,,,16,,,,,,,,22,,21,,,,,21,,,,,,,,14,,31,,,,,,,19,,,45,,,,,14,,,6,,,,,1,,,,27,,,,,,29,,,,
2952,,1,1,,,5,,,66,1,,2,4,1,,7,1,5,4,1,1,,,1,,10,,1,1,1,1,,,,,,1,,,2,,,,1,,23,,4,1,1,,,1,,1,1,1,1,,,1,1,1,,,,1,,,1,,2,28,,,1,,1,,,27,,,,,1,1,14,,39,3,,,,1,,,,,1
2953,,1,,,,,,,,,,,,,,1,,2,,,,,,1,,,,,,,,,,,,,,,,,,,,,,,,,,,,,,,,1,,,,,,,,,,,1,,2,,,,9,,,,,,,,,,,,,,,12,,,,,,,,,,,,
2954,26,,23,,,,,,68,,,17,25,,13,,14,25,,,,,,3,6,1,,,,,,,,,,,,13,,,,,,19,,22,,29,,,,,15,,,,,,,,7,2,23,,,,,,,16,,,35,13,,,,16,,,25,,,,,,,,,34,,,,,,26,2,,,
2955,18,,1,,,,,,61,,,10,7,,,,3,38,,,,4,,,19,,,,,,,,,,,,,6,,,,,,,,23,,21,,,,,14,,,,,,,,17,,16,,,,,,,13,,,14,,,,,16,,,10,,15,,10,,,,,26,,,,,,27,,,,
2956,,,,,,,,9,,,,,,,,,,,,,,,,,,,,,,,,,,,,,,,,,,,,,,,,,,,,,,,,,,,,,,,,,,,,,,,,2,24,,,,,,,,,,,,,,,8,,,,,,,,,,,,
2957,19,,33,,,,,,58,,6,19,12,,,11,13,32,,,,,,,19,,,16,25,,,12,,,4,,,15,,,,,,,,11,2,4,2,,,,23,,,,13,,,,17,,33,,,,,,,23,,,42,,,,,15,5,,10,,,,15,,3,,,9,,,,,,16,,,,16
2958,27,,29,,,,,,69,,,18,10,,,,24,3,,,,,,,25,,,,,,,1,,,,,,19,,,,,,,,24,,23,7,,,,19,,,,,,3,,17,,21,,,,,,,20,,,44,,,,,16,5,,26,,,,,,,6,,32,,,,,,27,,,,
2959,,,,1,,,3,7,,4,,,,,,,1,,3,3,6,5,,,1,,,,29,,3,,,,,2,,,,,1,7,,,,,,31,,,,,5,3,,2,,,,3,15,,,2,,,,,,,3,,6,,,,,,,,,,,,,,3,,,39,,,8,,,,,,,
2960,,,,,,,,,,,,,,,,,,,,,,,,,,,,,1,,,,,,,,,,,,,,,,,,,,,,,,,,,,,,,,,,,,,,,,,,,,27,,,,,,,,,,,,,,,13,,,,,,,,,,,,
2961,,,1,,,,,,,,,,,,,,19,,4,,,,,,2,,,,,,,,,,,2,,,,,1,,,,,26,,,,,,,1,,,,,2,1,,9,,,,,1,,,,2,,,1,,,2,2,,,,28,,,,,,,10,,,,,11,,,,,,,
2962,5,,33,,,,,,1,,,17,25,,,,27,7,,,,20,,,9,,2,,2,,3,3,,11,10,2,,8,5,4,,,1,5,,3,,26,,1,3,,21,5,1,,,,8,7,3,,4,,,,,,,17,,,5,3,,12,,2,,,4,13,,2,,,,,,30,,,,,,25,,,3,
2963,,1,,,,,1,7,,,,1,2,,,,,,,,1,,,1,1,1,,,1,1,,,1,,,3,,,,1,,1,,,1,,,,,,,,,,,,,,,1,,,,2,1,,,,,,,,6,,,,,1,1,,,,,,,,,14,,2,1,,,,,1,,2,4,
2964,20,11,6,,,,,,67,3,,18,24,,,9,14,38,,,,3,,,26,,,,14,1,,,,13,,15,,5,,,,10,,16,,1,14,9,,,,,11,,,2,,,,,17,,10,,,,,,,22,8,,47,,,12,,14,,,11,,23,,,,,,,8,,,,11,,26,,,9,
2965,23,2,33,22,,,,4,67,,,18,26,,,,9,1,,,,,,,26,9,,,,,,,,,16,,,19,,,,8,,,1,23,,19,,,,,21,,,,,,,,14,,31,,,,,,1,19,,,52,,,,,5,,2,11,,,,,,,,,38,,,,,,25,,,,
2966,,,,,3,,,,,,,,,,,,,,,,,,,,,,,,,,,,,,,,,,,,,,,,,,,,,,,,,,,,,,,,,,,,,,,,,,,,4,,,,,,,,,,,,,,,7,,,,,,,,,,,,
2967,,,,,,,,,,,,,,,,,,,5,,,2,,,3,,,,,,,,,,,,,,,,,,,,,,,,,,,,,,,,,1,,,,2,,,,,,,,,,,23,,,,,,,,,,,,,,,14,,,,,,,1,1,,,,
2968,14,13,9,16,,,,7,2,,5,10,11,,11,,9,7,,8,,,14,16,15,6,11,,20,,,,,10,17,,13,8,,7,,6,,9,,22,15,14,9,9,,,21,,,2,,13,1,,6,,11,8,,6,7,7,1,10,9,,47,,1,7,,16,12,1,5,9,11,,12,,12,,,6,9,,,,6,3,15,,,
2969,,,,,,,,,,,,1,,,,,,,,,,,,,,,,,,,,,,,,,,,,,,,,,,,,,,,,,,,,,,2,,,,,,,,,,,,,,,27,,,,,,,,,,,,,,,13,,,,,10,,,,,,,
2970,28,,34,,,,,,71,,,23,30,,,,21,,,,,,,,23,,,,,,,,,,,3,,21,,,,,,,,21,,24,,,,,23,,,2,,,,,22,,32,,,,,,,2,,,54,,1,,,8,,,26,,,,,,,,,39,,,,,,26,,,,
2971,8,,2,1,1,7,1,10,1,,10,7,7,9,1,5,1,7,1,1,22,1,14,9,4,4,7,1,1,,1,1,8,10,,7,,9,1,7,,4,,7,,1,11,1,5,2,6,15,2,7,,1,13,6,1,8,7,8,1,12,30,8,1,,9,7,12,,9,8,8,4,,12,2,3,10,7,8,7,7,,9,1,13,6,8,3,6,,,8,14,,2,19
2972,,,,4,,,3,5,,1,,,,,1,,,,1,3,1,2,,,4,,,,26,,3,,,,,5,,,,,3,7,,,,,,31,,,,,6,3,,,,,,6,14,,,,,,,,,,4,,2,,,,,,,,,,,,1,,7,,,1,,,7,,,,,,,
2973,29,,34,,,,,,70,,,23,27,5,,,1,,,,,,,,25,,,,,,,,,,,,,18,,,,,,,,21,,20,,,,,22,5,,,,,,,22,,34,,,,,,1,22,,,51,,,,,9,,,27,,,,1,,,,,35,,,,,,26,,,,
2974,,,,,,,,,,,,,,,,,,,,,,1,,,,,,,,,3,,,,,,,,,,,,,,,,,,,,,,,,,,,,,,,,,,,,,,,,,,18,,,,,,,,,,,,,,,14,,,,,11,,,,,,,
2975,2,1,4,5,7,1,5,1,66,1,1,,1,,,,4,1,,5,1,6,,1,1,,1,,4,,2,1,,,1,1,9,1,6,,,,1,,1,14,,,1,1,,,1,,3,2,2,3,,1,1,1,29,1,1,,,,1,3,4,1,25,1,1,,1,15,3,4,,1,,1,1,,,,1,33,1,,,1,1,1,1,,1,
2976,25,,27,15,,,,,71,,,16,14,,,,14,,,,,,,,26,,,,,,,,10,,,,,11,,,,,,,,24,,22,,,,,1,,,,,,,,20,,33,,,,,10,,17,1,,40,,,,,12,,,23,,,,,,,,,30,,,,,,26,,,,
2977,,,,,,,,,,,,2,,,,,,,,,,,,,,,,,,,,,,,,,,,,,,,,,,,,,,,,,,,,,,,,,,,,,,,,,,,,,24,,,,,,,,,,,,,,,15,,,,,,,,,,,,
2978,,,,,,,,3,,,,,5,,,4,,,,,,,,,,,,,,,3,,,,,,,,,,,,,1,,,,,,,,5,,,,,,,,,,,,,,,,,,,,2,5,,,,,,,,,,,,,,6,15,,,,,,,,,,,,1
2979,7,6,15,,,,,,65,,10,19,12,7,11,10,18,39,,,,15,,9,14,7,,,13,,,,,,14,,,18,,,,7,,3,,13,,11,,,,17,21,,4,2,,,,4,15,,8,,,,,,3,13,7,2,37,,,,,15,,,12,6,24,,12,,8,,,26,,,,,,15,,,10,6
2980,1,1,28,2,,1,,12,5,,,22,29,,,,11,,,,1,,,,25,,,,,,4,,,,,,,21,2,1,,,,21,,1,,1,,15,,,24,,2,,1,,,,22,,1,1,,,,1,1,1,1,,32,1,,,,1,1,,26,,,,,2,,,1,1,1,,,,,31,,,,
2981,,,,,,,,,,,,,,,,,,,,,,,,,,,,,,,,,,,,,,,,,,,,,,,,,,,,,,,,,,,,,,,,,,,,,,,,,7,,,,,,,,,,,,,,,15,,,,,,,,,,,,
2982,,,,5,,,5,8,,5,,,,,1,,,,5,4,3,6,,2,3,,,,30,,4,,,,,5,,,,,7,7,,,,,,28,,,,,7,1,,4,,,,6,17,,,,,,,,,,6,,5,,,,,17,,,,,,,,,6,,,40,,,3,,,,,,,
2983,31,,,,11,,,,,,,1,14,,4,6,25,49,5,3,2,19,4,,13,,,10,3,7,20,,,,,3,1,15,,2,,7,,14,,,,18,,2,16,,22,4,,,,2,13,,23,,8,,,1,,,,,1,,10,,,,,13,,,14,,6,,,,,,,10,,,,,,18,4,2,,21
2984,16,,13,,,,,,68,,,13,26,,,,21,5,,,,,,,24,,,,,,,,,,,,,17,,,,,,,,19,,22,,,,,21,,,,,,,,11,,31,1,,,,,,17,7,,14,,,,,14,2,,3,,,,,,,,,33,,,,,,29,,,,
2985,,,,,,,,,,,,,,,,,,,,,,,,,,,,,,,,,,,,,,,,,,,,,,,,,,,,,,,,,,,,,,,,,,,,,,,,,25,,,,,,,,,,,,,,,8,,,,,,,,,,,,
2986,,,,,,,,,,,,,,,,,,,,,,,,,,,2,,,,,,,,,,,,,,,,,,,,,,,,,,,,,,,,,,,,1,,,,,,,,,,26,,,,,,,,,,,,,4,,14,,,,,,,,,,,,
2987,,,,,,,,,,,,,,,,2,1,,,,,,,,4,,,,,,,,,,,,,,,,,,,,,,,,,,,,,,,,,,,,,,,,,,,,,1,,1,1,,,,,,,,,,,,,,,14,,,,,,,,,,,,
2988,,,,,,,,,,,,,1,,,,,,,,,,,,,,,,,,,,,,,,,,,,,,,,,,,,,,,,,,,,,,,,,,,,,,,,,,,,21,,,,,,,,,,,,,,,12,,,,,,,13,,,,2,
2989,28,,34,,,,,,69,,,18,19,,,,7,,,15,,,,,16,,,,,,,,,,,,,15,,,,,,,,20,,5,,,,,19,,,,,,,,18,,33,,,,,,,20,,,1,,,,,10,,,20,,,,,,,,,38,,,,,,28,,,,
2990,11,,11,,,,,,69,,,13,26,,,,21,4,,,,,,,25,,,,,,,,1,,,,,15,,,,,,1,,19,,1,,,,,13,,,,,,,,8,,32,,,,,,,20,,,47,,,,,13,2,,3,,,,,3,,,,28,,,,,,32,,,,
2991,24,,30,,,,,,71,,,23,27,,,,19,,,,,,6,,26,,,,,,,,,,,,,19,,,,,,,,22,,23,,,,,22,,,,,,,,22,,33,,,,,,,16,,,52,,,,,13,13,,28,,,,,,,,,40,,,,,,26,,,,
2992,29,,33,,,,,,46,,,22,27,,,,19,44,,,,,,,23,,,,,,,,,,,,,18,,,,,,,,19,,16,,,,,24,,,,,,,,19,,30,,,,,,,19,,,48,1,,,,13,,,25,,,,,,,,,31,,,,,,29,,,,4
2993,,,,,,,,13,,,1,,,,,,,,,,,,,,,,,,,,,,,,,,,,1,,,,,,,,,,,,,,,,,,,,,,,,,,,,,,,,,,24,,,,,,,,,,,,,,,15,,,,,,,,,,,,
2994,,,37,,,,,,,,,,,,,,,,,,,,,,,,,,,,2,,,,,,,,,,,,,,,,,,,,,,,,1,,,,,,,,,,,,,,,,,,11,,,,,,,,,,,,,,,14,,,,,,,,,,,,
2995,13,,33,,,,,,68,,,18,27,,,,4,33,,,,,,,26,,,,,,,,,,,,1,19,6,,,4,,,,17,,24,,,,,20,,,,,,,,6,,32,,,,,,,1,3,,46,1,17,,,6,,,6,,,,,,,,,30,,,,,,29,,,,
2996,26,,34,,,,,,64,,,16,13,,,,12,,,17,,2,,,24,,,,,,,,,,,,,19,,,1,,,,,22,,18,,7,,,11,,1,,,,,,18,,29,,,,,,,9,,,2,,,,,13,1,,25,,,,,,,,,35,,,,,,26,,,,
2997,30,,,,12,,,10,,,,4,16,,10,3,24,47,8,5,,18,2,,15,,,9,,6,21,,,,,1,,12,,5,,6,,15,,,,17,,,18,,22,3,,,19,4,1,,,,1,,,4,,,,,,,14,,,,,2,,,12,,6,,,2,,,,12,,,,,,16,2,,,19
2998,29,,1,1,1,,1,1,71,,,1,22,1,,2,16,1,,,1,4,,1,24,,3,,1,5,1,,,1,,,,13,,1,1,1,,,,2,1,21,1,,,1,1,,4,,,1,1,,18,1,33,1,,,,1,1,19,1,,48,1,1,14,1,14,1,,16,,22,,,,,,,31,,,,,,1,1,,1,1
2999,21,15,,,10,,,7,58,,,10,8,,9,18,13,1,2,7,,16,12,,10,,,5,21,10,21,,,,3,,,1,,,,4,,9,,21,2,24,2,,12,,16,,,,17,,10,,20,,15,,,,,,,12,2,,15,,,,,10,8,,9,,6,,,,,,,11,11,,,,6,11,15,,,
3000,,,,,,,,,,,,,,,,,,,,,,,,,,,,,,,,,,,,,,,,,,,,,,8,,,,,,,,,,,,,,,,,,,,,,,,,,,25,,,,,,,,,,,,,,,10,,,,,,,,,,,,
3001,13,,1,,,,,,61,,,15,23,,,2,23,4,,,,,,,22,,,,,,,,3,,10,5,,19,,,,,,,,3,,25,,,,,13,6,,,,,,,6,,20,,,,,,,21,9,,46,,,11,3,3,,,6,,,,,,,,,26,,,,,,28,,,,
3002,30,,9,,,,,,55,,,12,26,,,,10,29,,,,,,,22,,,,,,,,,,17,1,,13,,,,,,,,21,,23,,,,,13,,,,,,,,10,,33,,,,,,,13,,,45,,,15,,15,,,23,,,,,,,,,33,,,,,,22,9,,,
3003,22,,3,1,1,2,1,3,1,,1,3,2,,1,1,2,1,4,4,2,1,4,2,15,,1,1,13,2,2,,1,3,14,4,9,13,2,2,1,4,2,2,2,2,1,3,3,2,1,1,19,7,2,1,3,1,12,,3,4,1,,2,3,1,5,1,5,4,2,,3,5,3,2,1,2,2,2,15,6,3,2,3,1,2,1,1,2,1,1,2,2,2,2,2,2,4
3004,,,,5,,,,,,,,,,,,,,,,,,,,,,,,,1,,,,,,,,,,,,,,,,,,,,,,,,,,,,,,,,,,,,,,,,,,,,25,,,,,,,,,,,,1,,,13,,,,,,,,,,,,
3005,5,13,34,,,,,,38,,,14,1,,,,21,37,,,19,,,,18,10,,14,,,15,,,,,,,12,,,,,,,1,8,,20,,,,,19,,,,,,,,19,,30,,,,9,,,20,,,44,,,,,16,14,,18,,,,12,,,,,39,,,,,2,22,,,,
3006,27,1,31,2,1,,1,11,1,1,1,1,27,,1,,1,1,1,1,,1,1,1,1,1,1,,,1,1,,,,1,1,,16,,1,1,1,,21,,1,,25,,,,1,24,1,,,1,1,1,1,21,1,1,1,1,,1,1,1,22,1,1,53,,1,1,1,14,1,1,1,,,1,,1,1,1,1,1,,1,1,,,1,1,,,
3007,12,,10,,,,,,68,,,1,28,,,,23,24,,,,,,,24,,,,,,,,,,18,,,7,,,,,,,,1,,22,,,,,21,1,,2,,,,,8,,31,,,,,,,18,,,51,,,8,,7,,,24,,,,,,,,,31,,,,,,30,,,,
3008,,,,2,,,5,8,,3,,,,,1,,,,4,4,6,7,,,2,,,,29,,6,,,,,4,,,,,5,2,,,,,,29,,,,,2,4,,5,,,1,5,13,,,,,,,,,,6,,5,,,,,,1,,,,,,,,5,,,,,,6,,,,,,,
3009,28,,30,,,,,,44,,,19,22,,,,20,4,,,,,,,26,5,,,,,,,,,3,,,16,,,,,,,,13,,20,,,,,15,,,,,,,,18,,18,,,,,,2,20,,,43,,,1,,14,,,27,8,,,,,,,,35,,,,,,12,,,,
3010,6,,,,,,,,,,,,,,,,22,,,,,,,,,,,,3,,,,,,,,,,,,,,,6,,,,,,,5,,,,,,,,,,,,,,,,,,,,,,7,,6,3,,,,,2,,5,,,,,15,,,,,,,,,,1,,
3011,9,,21,15,,,,,59,,10,20,27,,,12,11,32,,,,,15,,26,,,,,,,,,,,,,8,,,,,,,,19,,21,6,,,,23,,,,12,,,,20,,12,,,,,,,19,,,48,,,,,15,,,22,10,14,,,,11,,,4,,,,,,24,,,,
3012,31,,,,3,,,,,,,5,13,,3,3,27,48,6,6,,20,1,,25,,,11,,9,23,,,,,,,15,,5,,5,,16,,,,18,,,16,,21,5,,,2,1,1,,24,,7,,,4,,,,,,,12,,,,,2,,,15,,2,,,,,,,9,,,,,,19,3,,,19
3013,29,,33,,,,,,71,,,2,29,6,,,21,,,,,,,,1,,,,,,,,,1,,,,21,,,,,,,,23,,19,,,,,21,,,1,,,,,17,,34,,,,,,,19,,,50,,,,,13,,,21,,,,,,,,,3,,,,,,29,,,,
3014,,,,,,,,,,,,,,,,,,,,,,5,,,,,,,,,,,,,,,,,,,,,,,,,,,,,,,,,,,,,,,,,,,,,,,,,,,17,,,,,,,,,,,,,1,,14,,,,,,,,,,,,
3015,1,4,13,,,,,,69,,,18,22,,,,17,34,,18,,,2,,23,,,,,,,,,,,1,,13,,,1,,,,,19,,21,,,,,14,,,,,,2,,8,4,28,,,,,,,19,,,36,1,,,,14,,,22,,,,,,,,,35,,,,,,27,,2,,
3016,20,,29,,,,,,3,,,21,21,2,,,16,,,,,,,,25,,,,,,,,,,,,,18,,,2,,,,,23,,23,,,,,20,,,,,,,,20,,25,,,,,,,16,,,30,,4,,,11,,,17,,,,,,,,,42,,,,,,28,,,,
3017,25,,30,,,,,,60,,,16,28,,,,20,,,,3,,,,26,5,,,,,,,,,,,,10,,,,,,,,22,,7,,,,,18,,,,,,,,19,,33,,,,,,,17,,,51,,,,,12,,,24,2,,,,,,,,38,,,,,,22,,,,
3018,25,,3,,,,,,62,,,15,20,,,,21,31,,,,8,,,18,,2,,,,,,,,19,,,7,,,,,,,,21,,21,,,,,16,,,,,,,,6,,25,,,,,,,21,8,,48,,,,,17,,,8,,,,,,,,,27,,,,,,29,,,,
3019,7,,32,,5,,,,54,,,22,28,,,,23,2,,,,,,,20,,4,4,,,,,,,15,,,18,,,,,,,,16,,21,2,,,,19,,,,,,,,7,,34,,,,,,,15,,,49,,,3,,15,,,1,,,,,,,,,41,,,,,,30,,,,
3020,29,,23,,,,,,49,,,4,14,,10,14,12,20,,10,,13,,15,7,,,4,22,,,,,,,,,10,,4,,,,8,,4,,15,,,,,18,5,,,,3,,,24,,3,,28,,9,,,16,,,9,,,,,16,,,10,,12,,,,,,,7,,,,,,27,,,,17
3021,27,,33,,,,,,71,,,20,29,,2,,19,,,,,,,,25,,,,,,,,,,,,,19,,,,,,,,16,,20,,,,,22,3,,,,,,,20,,35,,,,,,,21,,,49,,,,,12,,,27,,,,,,,,,34,,,,,,29,,,1,
3022,,,,,,,,,,,,,,,,,,,,,,,,,,,,,,,,,,,,,,,,,,,,,,,,,,,,,,,,,,,,,,,,,,,,,,,,,25,,,,,,,,,,,,,2,,6,,,,,,,,,,,1,
3023,,,,5,,,,,,,,,,,,,,,,,,,,,,,,,,,,,,,,,1,,,,,,,,,,,,,,,,,,,,,,,,,,,,,,,,,,,,22,,,,,,,,,,,,,6,,11,,,,,,,5,,,,,
3024,26,,30,,,,,,69,,,17,26,9,,,19,5,,1,,,,,23,,5,,,,,1,,,,,,13,,,,,,,,19,,23,,,,,18,,,,,,11,,19,,33,,,,,,,18,,,40,,13,7,,6,,,9,,,,,,,,,30,,,,,,29,,,,
3025,,,,,,,,,,,,,,,,,,,,,,,,,,,,,,,,,,,,,,,,,,,,,,,,,,,,,,,,,,,,,,,,,,,,,,,,,9,,,,,,,,,,4,,,,,15,,,,,4,,,,,2,,
3026,,,,,,,,10,,,,,,,,1,,,,,,,,,,,,,,,,,,,,,,,,,,,,,,,,,,,,,,,,,,,,,,,,,,,,,,,,,25,,,,,,,,,,,,,,,12,,,,,,,,,,,,
3027,27,,1,,,,,,65,,,2,28,,,,21,45,,,,4,,,22,,,,,,,,,,,,,15,,,2,,,,,17,,17,,,,,10,,,,,,,,19,,27,,,,,,,23,,,40,,,,,14,,,26,,,,,,,,,32,,,1,,,30,10,,,
3028,9,,36,4,2,,2,,67,,,4,15,,1,2,24,49,6,7,,20,3,,15,,,10,5,9,22,,,,,5,,1,,7,,6,,11,,,,19,,,15,,22,2,,,,,13,,24,,5,,,5,,,2,13,,,17,,1,,,1,,,1,,6,,,,,,,13,,,,2,,18,4,1,,22
3029,,,34,,,,,,,,,1,,,,,,,,,,,,,,,,,,,,,,,,,,,,,,,,,,,,,,,1,,,,,,,,,,,,,,,,,,,,,,23,,,,,,,,,,,,,,,14,,,,,,,,,,,,
3030,11,2,,,,,,10,,,,1,6,,1,9,,,,1,1,,1,,,,1,,,,,,,,,,,,,,,,,,,,,,6,,6,,,,,,,,5,,,,,,1,,,2,,,,,6,,,,,,,,4,,6,,,,3,14,,,,,14,,,,1,2,,
3031,1,1,1,1,1,1,1,1,1,1,1,1,1,1,1,1,1,1,1,1,1,1,1,1,1,1,1,1,1,1,1,1,1,1,1,1,1,1,1,1,1,1,1,1,1,1,1,1,1,1,1,1,1,1,1,1,1,1,1,1,1,1,1,1,1,1,1,1,1,1,1,1,1,1,1,1,1,1,1,1,1,1,1,1,1,1,1,1,1,1,1,1,1,1,1,1,1,1,1,1
3032,23,,31,,,,,,60,,,6,19,,,,4,36,,,,,,,20,,,,,,,,,,,,,14,,,,,,,,23,,2,,,,,14,,1,,,,,,15,,23,1,,,,,,15,,,33,,,,,19,,,12,,,,14,,17,,,1,,,,,5,24,,,,
3033,,,,,,,,,,,,,,,,,,,,,,,,,,,,,,,,,,,,,,,,,,,,,,,,,,,,,,,,,,,,,,,,,,,,,,,,1,25,,,,,,,,,,,,,,,13,,,,,,,,,,,,
3034,25,4,36,,,,,,69,,,13,5,,,,23,45,,1,,,,,24,5,,,,,,,,,,,,16,,,,,,,1,5,,22,,,,,23,,,,,,,,6,,28,,,,,,,8,,,42,4,,,1,15,,,15,,,,,,,,,34,,,,,,29,,,,
3035,29,,30,,,,,,69,,,20,28,,,,19,,,,,,,,24,9,,,,,,,,,,,,19,,,2,3,,,,20,,1,,,,,23,,,,,,,,15,,30,,,,,,,20,,,53,,,,,11,,,22,,,,,,,,,36,,,,,,27,,,,
3036,,,,1,,,,,,,,,,,,,,,,,,,,,,,,,,,,,,,,2,,,,,,,,,,,,,,,,,,,,,,,,,,,,,,,,,,,,,9,,,,,,,,1,,,,,,,14,,,,,,,,,,1,3,
3037,3,1,2,1,1,,2,,1,,1,1,,2,2,3,2,2,,,,1,1,1,,2,,1,,2,2,2,2,1,,1,1,,2,,1,,,,2,2,,2,,2,1,1,1,2,1,,,2,,,,,1,3,,1,1,,,2,1,2,1,1,,1,1,1,1,1,2,2,,,,2,1,2,1,2,2,1,1,,,2,2,,2,1
3038,28,,32,,,,,,69,,,21,28,5,,,19,39,,,,,,,26,,,,,,3,,,,,,,19,,,,,,,,23,,2,,6,,,18,,,,,,,,21,,32,,,,,,,17,,,52,,,,,8,,,22,,,,,,,,,38,,,,,,29,,,,
3039,22,,30,17,,,1,,72,,,23,23,,,8,19,,,,,,,,26,,,,,,,,,,,,,12,,,,,,,2,21,2,22,,,,,18,,,,,,,,23,,30,,,,,,,11,,,52,,,,,15,,,22,,,,,,,,,33,,,,,2,28,,,,
3040,,,,,,,,,,,,,,,,,,,,,,,,,,1,,,,,,,,,,,,,,,,,,,,,,,,,,,,,,,,,,,,,,,,,,,,,,,27,,,,,,,,,,,,,,,5,,,,,,,,,,,,
3041,23,5,34,,,,,,71,,,13,29,,,,22,,2,,,,,,23,,,,,,1,,,,,,,21,,,,,,,1,21,,22,,,,,20,,,,,,,,23,,35,,,,,,,18,,,51,,,,,12,,,22,,,,,1,,16,,29,,,,,,27,,1,,
3042,,,,,,,,6,,,,,1,,,,,,,,,,,,,,,,,,,,,,,,,,,2,,,,,,,,,,,,,,,,,,,,,,,,1,,,,,,,,,24,,,,,,,,,,,,,,,15,,1,,,,,,,,,5,
3043,27,5,10,1,,,,,68,,,9,1,,,,4,22,,2,,,,,19,12,,,,,,,,,,,,6,,,,,,1,,1,,24,,,,,11,,,,,,,,21,,2,,2,,,,,18,,,33,,,,,8,,,14,,,1,,,,,,35,,,,,,31,,,,
3044,,1,27,,1,,,9,,,1,,1,,,,,1,,,,1,1,,,,,,1,,,,1,,,,,,1,,,,,,,,,1,,2,,,,,,1,1,,,2,,1,,,,,,,,,1,1,1,,,,,1,,,,,,,1,1,,1,,,,,,,9,,,,,
3045,,2,,,,4,,4,,2,,1,3,2,,6,,4,3,,,,,2,1,,,,1,2,2,,,,,,,,,1,,1,,5,,,,3,,2,,3,,,,,,2,,,,,,,,,2,,,2,,1,26,,,1,,,,,,,,,,1,4,15,,,2,,,,,,,,,
3046,28,,35,,,,,,71,,,19,30,6,,,21,25,,,,,,,25,,,,,,,,,,1,,,20,,,,,,,2,21,,22,,,,,21,,,,,,,,21,,33,,,,,,,18,,,38,,,,,11,,,21,,,,,,,,,39,,,,,,29,18,,,
3047,,,,,,,,,,,,,,,,,,,,,,,,,,,,,,,,,,,,,1,,,,,,,,,,,,,,,,,,,,,,,,,,,,,,,,,,,,26,,,,,,,,,,,,,,,2,,,,,3,,,,,,,
3048,30,,27,18,,1,,,68,,,19,16,,,,21,,,4,,,,,4,2,,8,,,,,,,1,,,3,,,,,,2,,23,,7,,,,,23,,,,,,,,16,,30,1,1,,,,,16,2,,49,,,,,15,4,,27,,,,18,,,5,,32,,,,1,,18,,,,
3049,28,,26,,,,,,72,,,23,26,,,,12,,3,,,,,,26,,,,,5,,,,,,,,15,,,,,,,,15,,18,,,,,22,,,,,,,,22,,34,,,,,,,10,,,51,,,,,12,,,24,,,,,,,,,39,,,,,,26,,,,
3050,28,,1,,,,,12,68,,,17,15,,,,14,44,,,,,,2,4,,,,,,,,,,,,,14,,,,,,,,20,,23,,,,,13,,,,,,,,21,,31,1,,,,,,15,,1,35,,,,,15,,,23,,16,,,,,,,34,,,,,,15,,,,
3051,28,,32,,,,,,70,,,22,28,,,,8,32,,,,,,,25,,,,,,,,,,,,,10,1,,,,,,,15,,23,,,,,17,,,3,,,,,16,,32,,,,,,,4,,,50,,,,,4,,,24,,,,,,,,,35,,,,,,28,,,,
3052,,,,,,,,,,,,,,,,,,,,,,,,,,,,,,,,,,,,4,,,,,,,,,,,,,,,,,,,,1,,,,,,,,,,,,,,,,,21,,,,,,,,,,,,,,,13,,,,,,,,,,,,
3053,6,,2,3,3,5,4,5,,,,,,,,,4,9,,5,3,9,,3,4,,5,,3,2,5,5,,2,4,,1,,4,,,,7,1,4,,,,5,3,,,,,1,1,7,4,,,,1,,,5,,,,,3,3,,1,4,,,2,,5,4,,,,,4,7,,,,,,,,2,1,4,5,,5,
3054,,,,,,,,,,,,,,,,,,,,,,,,,,,,,,,,,,,,,,,,,,,,,,,,,,,,,,,,,,,,,,,,,,,,,,,,,22,,,,,,,,,,,,,,,10,,,,,,,4,,,,,
3055,3,,,2,,2,,,3,,,3,,1,4,,4,,,,,,2,,4,,2,,3,,2,,,,,,2,,,,5,,,1,,,3,,,,3,,,1,4,,,,,1,1,2,,2,1,1,,,,3,,,1,3,,,,,1,1,4,,3,2,,2,3,3,,2,1,2,2,,,3,1,,6,3
3056,,,,,,,,,,,,,,,,,,,,,,,,,,,,,,,,,,,,,,,,,,,,,,,,,,,,,,,,,,,,,,,,,,,,,,,,,7,,,,,,,,,,,,,,,10,,,,,,,,,,,,
3057,7,12,31,,27,,,,39,,5,12,8,,,10,1,21,,1,21,21,,16,21,,,13,21,12,14,4,,12,14,,16,5,10,11,,9,8,12,,9,,9,,,,,12,18,14,,12,13,9,,18,14,11,3,2,,,10,,8,,,10,,12,4,,16,1,19,10,,13,,,9,1,,5,7,,,,1,,10,16,,,5
3058,28,,34,,,,,,69,,,17,29,5,,,22,,,,,,,,24,,,,,3,,,,,,,,19,,,,,,,,22,,4,,,,,20,,,1,,,,,20,,34,,,,,,,19,,,48,,,,,13,,,4,,,,,,,1,,31,,,1,,,28,,,,
3059,,,,,,,,4,1,,,,4,2,,5,1,1,1,,,,,,,,,1,,4,1,1,,,,,,,,,,,,2,,,1,,,2,,4,2,,,,,,,,,1,1,,,,,,,,,4,27,,,1,,,1,,1,,,,,1,1,15,1,,,,,1,,1,,,,2
3060,25,,32,,,,,,70,,,22,28,4,,,12,,,,,,,,28,7,,,,,,,,,,,,12,,,,,,,,20,,18,,,,,3,,,,,,1,,21,,34,,,,,,,13,,,51,,,,,6,,,20,,,,,4,,,,38,,,,,,3,,,,
3061,21,,2,,,,,,59,,5,21,13,,,,12,30,,11,,,,,20,,,3,24,,,13,,,6,,,,5,,,1,,,4,20,,23,4,,,,22,17,1,,14,,11,,19,,14,,,,,15,,21,,,2,,,,,17,3,,8,,14,7,13,,2,,,3,,,,1,,15,,,,4
3062,11,,5,,,,,,68,5,,15,23,,,,17,38,,,,18,5,,18,,,,,,,,,,11,,,18,,,,,,,7,21,,20,,,,,11,,,,,,,,7,1,24,,,,1,,,15,9,,45,3,,4,,17,,,21,4,,,,,,,,32,,,,,,13,,,,
3063,30,,,,12,,,12,68,,2,3,12,,11,2,25,46,8,6,3,20,1,,16,,,10,,7,21,,,,,4,,11,,2,,6,,12,,5,,18,,,15,,23,4,,,,6,12,,25,,2,,,2,11,,,17,,,10,,,,,2,,,13,,5,,,,,,,9,,,,,,17,4,,,22
3064,,,,,,,,,,,,,,,,,,,,,,,,,,,,,,,1,,,,,,,,,,,,,,,,,,,,,,,,,,,,,,,,,4,,,,,,,,,27,,,,,,,,,,,,,,,8,,,,,,,3,,,,,
3065,,,,,,2,,,,,,,,,,,,,,,,,,,,,,,,,,,,,,,,,,,,,,,,,,,,,,,,,,,,,,,,,,2,,,,,,,,,27,,,,,,,,,,,,2,,,12,,,,,,,10,,,,,
3066,22,,,,12,,,8,5,3,,27,13,,7,20,21,3,7,5,,20,8,,4,,,9,2,4,19,,,,6,,2,18,1,1,,2,,17,,,,26,,,2,,18,5,,,,,2,,23,,3,,,3,,,,,1,,12,,,,10,2,,,10,6,2,,,,,,,13,,,,,7,12,2,,,
3067,19,,36,,,,,2,71,,,14,6,1,,20,16,,,,,2,,,21,,,,,,,1,,,,,,14,10,,,,,,,2,1,23,,,,2,19,,,1,,,,,18,1,1,,,,,,,17,,,34,,,14,1,17,,,20,,,,,,,,,40,1,,,,,25,,,,
3068,11,,32,,,,,,63,,,15,26,,,,23,27,,,,22,,,23,,,,,,,,,,16,4,,19,,,,,,,,22,,6,,14,,,16,,,,,3,,,3,,20,,,,,,,18,,,14,,,2,,16,,,8,,7,,,,,,,32,,,,,,30,,,,
3069,26,,33,,12,,,,64,2,,2,11,,,2,21,26,,,1,,,2,24,,,,,,2,,,,13,,,2,8,,,4,,,,22,,6,,5,,,1,,,,,,,,6,,24,,,,,,,12,,,46,,,,,6,,,7,,7,1,,,,,,31,,,,,,30,,,,2
3070,26,,30,,,,,,72,,,22,29,,3,,19,,,,,,,,24,,,,,,,,,,,,,18,,,,,,,,19,,23,,,,,19,,,,,,,,21,,30,,,,,,,17,,,52,,,,,10,,,27,,,,,,,,,33,,,,,,29,,,,
3071,1,1,1,1,1,1,1,1,1,1,1,1,1,1,1,1,1,1,1,1,1,1,1,1,1,1,1,1,1,1,1,1,1,1,1,1,1,1,1,1,1,1,1,1,1,1,1,1,1,1,1,1,1,1,1,1,1,1,1,1,1,1,1,1,1,1,1,1,1,1,1,1,1,1,1,1,1,1,1,1,1,1,1,1,1,1,1,1,1,1,1,1,1,1,1,1,1,1,1,1
3072,13,,35,,,,,,51,,1,16,15,,5,4,19,44,8,8,,,,,24,,,,,,2,,,,,,,14,,,,8,,16,,4,,24,,,16,,20,2,,,2,,,,22,,26,,,,,,,1,,1,13,,,,,15,,,16,,,,,,,,,14,,,,,,21,12,,,21
3073,,,,,,,,,,,,,,,,,,,,,,,,,,,1,,,,,2,,,1,,,,,,,,,,,,,,,,,,,,,,,,,,,,,,,,,,,,,,6,,,,,,,,,,,,,,,15,,,,,,,,,,,,
3074,1,,,1,,1,,,2,,,2,,3,2,,1,,,,,,1,,4,,4,,2,,4,,,,,,2,,,,2,,,2,,,4,,,,1,,,2,5,,,,,2,2,1,,4,2,1,,,,3,,,3,2,,,,,,2,1,,1,3,,4,2,6,,1,2,1,2,1,,3,2,,2,2
3075,24,,27,,1,,,,57,,,17,20,,,3,2,6,,,,,,,26,,,,,,,,,,,,,16,,,,1,,,,23,,1,,,,,6,6,,,,,,,21,,27,,,1,,,,16,,,2,,,,,9,,,23,,,,,,,,,28,,,,,,27,,,,
3076,11,,33,,,,,,71,,,21,25,,,6,13,,,,,,,,26,,,,,,,,,,,,,12,,,,,,,,22,,22,,,,,20,,,,,,,,19,,32,,,,,,,16,,,50,,,,,14,,,13,,,,,,,,,39,,,,,,25,,,,
3077,13,,31,,,,,,49,,,14,25,,,,24,10,,2,,,,,19,,,,,,,,,,11,,,2,,6,,,,3,,17,,23,,,,,20,,,,,,,2,2,,16,,,,,,,19,,,2,,14,14,,16,,,3,,,,,,,,,30,,,,,,27,8,,,
3078,,,,,,,,,,,,,,,,,,,,,,,,,,,,,,,,,,,,,,,,,,,,,,,,,,,,,,,,,,,,,,,,,,,,,,,,,23,,,,,,,,,,,,,,,1,,,,,6,,,,,,,
3079,27,,9,,,1,,,70,,,22,9,,,,13,,,,,,17,,26,,2,,,,,,,,,,,19,,,,,,,,24,,18,,,,,21,,,,,,,,18,,33,,,,,,,18,,,48,,,,,11,,,24,,,,,,1,,,39,,,,,,30,,,,
3080,,1,,6,,,,10,,,1,,,,,10,,,,,,,,,,,,,,,,,,,,,,,,,,,,,,,,,4,,6,,,,,,,,2,,,,,,,,,,,,,,4,,,3,,,,,,,6,,,,2,14,,,,,4,,,,,3,,
3081,8,,25,,,,,,60,,5,4,11,,11,,18,32,,11,,,,,23,,,,21,,,3,,,3,,,15,3,,,,,2,2,25,,23,3,,,,21,,,,,,11,,16,,2,,,,,13,,20,,,37,,,,,14,1,,10,,13,,18,,5,,,4,,,,,,15,,,,17
3082,27,,32,,,,,,69,,,21,27,,,,19,,,,,2,,,22,,,,,,,,,,,,,17,,,,,,,,20,,19,,,,,23,,,,,,,,21,,29,,,7,,,,7,,,53,,,,,13,,,24,,,,,,,,,38,,,,,2,29,,,,
3083,30,,,,14,,,11,2,7,,28,11,,6,15,26,2,3,3,,20,5,,6,,,6,3,2,1,,,,4,,5,11,3,10,4,5,,11,,,1,25,,3,17,,20,,,,,,11,,24,,9,,,4,10,,,,3,,11,,,,10,12,,,11,,5,,,,1,,,8,,,,,7,21,1,,,19
3084,,,,,,,,,,,,,,,,,,,,,,,,,3,,,,,4,,,,,,,,,,,,,,,,,,,,3,,,,,,,,,,,,,,,,,,,,,,,5,,,,,,,,,,,,,,,13,,,,,,,,,,,,
3085,,,,,,,,,,,,,,,,,,,,,,,,,,,,,,,,,,,,,,,,,,,,,,,,,,,,,,,,,,,,,,,,,,,,,,,,,28,,,,,,,,,,,,,,,8,,,,,8,,11,,,,,
3086,3,,31,,,,,,56,,,14,25,,,,22,25,,,,,,,18,,,,,,,,,,16,,,18,,,,,,,,23,,23,,13,,,20,,,,,,,,2,,14,,,,,,,21,,,16,,,,,16,,,7,,8,,,,,,,32,,3,,,,31,,,,
3087,16,,32,,,,,,63,,,8,9,,,,11,42,,,,,,,20,,,,,,,,,,,,2,14,,,1,,,,,23,,11,,,,,17,,,,,,,,19,,30,3,,1,,,,15,,,3,2,,,,13,,,15,,19,,,,,,,24,,,,,,23,,,,
3088,22,,34,1,,1,,,65,,,21,26,,,1,16,27,,,,1,,,6,,,,,,,,,,,,,9,1,1,,,,10,,21,,1,,6,1,,2,,,,,,2,,21,,29,,,1,,1,,11,2,,47,,,,,10,,,21,,1,,,,,,,33,,,,,,31,,,,
3089,28,,32,16,,,,,71,,,22,20,,,,15,,,,,,,,25,,,,,,,,,5,,,,20,,,,,,,,23,,21,,,,,20,,,,,,,,20,,32,,,,,,,18,,,46,,,,,10,,,25,,,,,,,,,40,2,,,,,29,,,,3
3090,,,33,,,,,,,,,,,,,,,,,,,,,,,,,,,,,,,,,,,,,,,,,,,,,,,,,,,,,,,,,,,,,,,,,,,,,,23,,,,,,,,,,5,,,,,14,,,,,2,,,,,,,
3091,7,,33,,,,,,50,,,19,,,3,,25,8,,3,1,22,,,10,,,,3,2,1,2,,3,12,4,,4,7,2,,,,4,,2,,1,,2,3,,22,6,,,,,1,5,2,2,1,2,,,,,,20,3,2,6,4,,13,,3,1,,1,15,1,3,,,,,,32,,2,3,1,,27,10,4,5,2
3092,,,1,,,,,,,,,,,,1,,,,,,,,,,4,,,,,,,,,,,2,,,,,,,,,,,,,,,,,,,,,,1,,,,1,,,,2,,,,,,,24,,,,,,,,,,,,,1,,12,,,,,14,,,,,,,
3093,26,,29,,,,,,64,,,18,25,,,,19,,,,,6,,,26,11,,,,,,,,,,,,20,,,,,,,,22,,25,,5,,,24,,,,,,,,22,,27,,,,,,,18,,,34,,,,,9,,,26,,,,4,,,,,25,,,,,,28,,,,
3094,27,,31,,,,,,67,1,,23,12,,,,18,,,,,5,,,1,,,,,1,1,,,,,,,18,1,,,,,21,,12,,22,,,,,24,,,,,1,,,19,,1,,,,,,1,15,2,,52,,,,,11,,,24,,,,,,,,1,38,,,,,,30,1,,,
3095,,,,,,,,,,,,10,,,,9,19,,,6,,,,,,,,,,,,,,,,,,,,,,,,,,26,,,,,5,,,,,,,,,,,1,,3,,,,,1,,,,10,,1,,,,,,,1,,,,,,15,,,,,,,12,,,,,
3096,,,,,,,,,,,,,,,,,,,,,,,,,,,,,,,,,,,,,,,,,,,,,,,,,,,,,,,,,,,,,,,,,,,,,,,,,25,,,,,,,,,,,,,,,2,,,,,,,,,,,,
3097,23,,31,,,,3,,69,,,12,28,,,,12,,,16,,,15,,25,,,,,,,,,,,,,5,,,,,,,,16,,25,,,,,21,,,,,,,,20,,24,,,,,,,8,,,44,,,,,14,,,4,,,,,,,,,34,,,,,,25,,,,
3098,,,,,,,,,,,,,,,,,,,,,,,,,,,,,,,,,,,,,,,,,,,,,,,,,,,,,,,,,,3,,,,,,,,,,,,,,,14,1,,,1,,,,,,,,,,,2,,,,,11,,,,,,,
3099,27,6,33,23,,,,,48,,3,15,20,,,,6,1,,,,,,,20,,,,,,1,,,,,,,21,,,,,,20,,24,,26,,,,3,22,,4,1,,,,,9,,33,,,,,,,2,,,7,,,,,18,,,9,15,,,10,,2,1,,1,,,2,,,27,15,,,
3100,1,,8,,,,,,64,,,19,21,,,,22,,,,8,,,,19,,,,,,,17,,,13,,,6,,,,,,,,23,,20,,,,,18,,,,,,,,8,9,30,,,,,,,15,15,,44,,17,5,4,16,10,,7,,,,,,,,,7,,,,,,28,10,,,
3101,11,5,33,17,,,,,70,,,22,28,,,,22,,,,,,,,26,,,,,,,,,,,,,20,,,,,,,,19,,22,,,,,23,,,,,,,,17,,30,,,,,,,16,,,51,,,,3,13,,,17,,,,,,,,,40,,,,,,24,,,,5
3102,29,,28,,,,,,71,,,24,29,,,,19,,,,,,,,27,,,,,,,,,,,,,19,,,,,,,,10,,24,,,,,24,1,,,,,,,20,,35,,,,,,,14,,,53,,,,,12,,,24,,,,,,,,,38,,,,,,30,,,,
3103,12,,32,8,,,,,57,,,11,26,,7,,23,2,,,,7,,,19,,,,,,,,,,15,,,22,,,,,,,,21,,22,,,,,1,,,,,,,,4,,18,,,,,,,20,,,48,,,,,14,,,6,,24,,,,,,13,29,,1,,,,32,14,,,
3104,,,36,,,,,6,,,,,,,,,,,,,,,,,2,,,,2,,,,,,,,,,,,,,,,,,,,,,,,,,,,,,,,,,,,,,,,,,,,2,,,,,,,,,,,,,,,13,,,,,,,,,,,,
3105,5,,3,4,6,8,4,2,,,,,,,,,3,5,,4,4,5,,3,1,,1,,3,1,1,6,,2,5,,8,,5,,,,4,,2,,,,7,3,,,,,2,3,1,2,,,2,1,,,4,,,,,2,5,,24,1,,,2,,2,3,,,,,2,5,,,,,,,,3,5,5,2,,3,
3106,27,,32,,,,,,61,,,22,29,,,,24,,,,,,,,24,,,,,,,,,,,2,,17,,,,,,,,14,,22,,,,,20,,,,,,,,18,,31,,,,,,,18,,,49,,,,,9,,,27,,,,,,,,,40,,,,,,27,,,,
3107,2,,12,,,,2,,68,,,17,22,,,,10,47,,19,,,,,24,,,,,,,,,,,,,14,,,,,,,,23,,21,,,,,22,,,,,,,,11,,24,,,,,,,13,,,42,6,12,,,14,,,20,,,,20,,,,,29,,,,,,22,,,,
3108,,,,,,,,,,,,,,,,,,,,,,,,,30,,,,,,,,,,,,,,,,,,,,,,,,,,,,,,,,,,,,,,,,,,,,,,,,27,,,,,,,,,,,,,,,12,,,,,,,,,,,,
3109,18,,34,,,1,,,71,,,19,21,7,,,20,,,,,,,,27,,,2,,,,,,2,2,,,20,,,,,,,,24,,23,,,,,14,,,,,,,,21,,32,,,,,,1,20,,,50,,,,,13,,,27,,1,,,,,,,33,,,,,,29,,,,
3110,27,,32,,,,,,69,,,19,15,,,,15,41,,,,,,,22,,,,,,,,,,,,,21,,2,,,,,,7,,22,,,,,9,,,,,,,,16,,23,,,,,,,10,,,51,,,,,17,,,17,,,,,,,,,31,,,,,2,26,,,,
3111,24,14,26,,,,,,72,,,19,23,,,,10,28,,,,,,,25,,,,,,,,,,,,,12,,10,2,,4,,,20,1,21,,,,,18,,,,1,,,,19,,31,,,,,,,16,,,45,,,,,13,,,23,,,,,,,,,32,,,,,,28,11,,,
3112,3,,33,21,,,,,69,,,17,29,,,,16,1,,,,,,,27,,,,,,,,,,,,,15,,,1,,,,,1,,10,,,,,13,,,,,,,,21,1,34,,,,,,,14,,,53,,10,,,10,,,23,,,,,,,,,36,,,,,,28,1,,,1
3113,26,,33,,,,,,70,,,20,12,3,,,15,,,,,,,,25,,,,,,,,,,,,,18,,,,,,,,16,,23,,,,,2,,,,,,,,20,,34,,,,,,,22,,,52,,,,,12,,,22,,,,,,,,,38,,,,,,26,,,,
3114,,,,,1,,,8,,,,,,,,,,,,,,,,,,,,,,,,,,,,,,,,,,,,,,,,,,,,,,,,,,,,,,1,,,,,,,,,,,21,,,,,,,,,,,,,,,15,,,,,,,,,,,,
3115,27,,34,,,,,,70,,,22,26,,,,18,,,,,,,,24,7,,,,,,,,,,,,14,,,,,,,,22,,22,,,,,23,,,,,,,,18,,26,,,,,,,15,,,52,,10,,,15,,,14,,,,,,,,,37,,,,,,28,,,,
3116,27,,22,,,,,,2,,,21,29,,,,21,,,,,,,,23,,,,,,,,,,,,,8,,,,,,,,12,,22,,,,,21,,,,,,,,21,,28,,,,,,,17,,,55,,,,,12,,,21,,,,,,,,,41,,,,,,31,,,,
3117,,,,,,,,,66,,,,16,,,,11,,,,,,,,27,,,,,,,,,,,,,9,,,,,,,,7,,,,,,,,,,,,,,,,,2,,,,,,,7,,,26,,,,,,,,25,,,,,,,9,,,,,,,,31,,,,
3118,9,,14,,,,,,65,,,15,21,,,,18,27,,,,,,,25,,,,,,16,,,,,,,18,6,,,,,,,20,,22,,,,,14,,,,,,,,15,,23,,,,,,,18,,,13,,,,,15,12,,20,,,,,,,,,30,,,,,,29,,,,
3119,,,26,,,,,,,,,,,,,,,,,,,,,,,,,,,,,,,,,,,,,,,,,,,,,,,,,,,,,,,,,,,,,,,,,,,,,,25,,,,,,,,,,,,,,,14,,,,,,,10,,,,,
3120,27,,31,,,,,,1,,,22,27,,,,18,,,,,,,,3,,,,,,,,,,,3,,19,,,,,,2,,19,,22,,,,,24,,,,,,,,23,1,29,,,,,,,23,,,52,,,,,10,,,26,,,,,,,,,39,,,,,,29,,,,
3121,1,1,35,2,1,,,2,64,,3,3,4,2,1,5,11,25,2,2,4,25,2,,25,,,1,10,1,1,2,11,,13,2,16,4,,13,2,8,1,1,,10,,2,1,2,1,,23,2,4,,1,4,12,,17,,1,5,,,9,2,,1,,,1,2,3,1,1,1,3,,1,3,8,,1,2,10,1,1,11,11,,,2,1,20,20,,1,23
3122,5,,2,2,4,3,5,2,,,,,,5,,,3,8,,3,5,7,,2,4,,3,,2,4,5,6,,3,1,,7,,3,,,,10,4,5,,,,6,1,1,,,,4,4,5,3,,,3,,,,2,,,,,6,6,,27,3,,,5,,2,4,,,,,,6,,,,,,,,4,3,5,4,,4,
3123,,,,,2,,,,,,,,,,,,,,,,,,,,,1,,,6,,,,,,,,,,,1,,,,,,,,,,,,,,,,,,,,,,,,,,,,,,,,,7,,,,,,,,,,,,,,,13,,,,,,,,,,,1,
3124,23,,16,,,,,,70,,7,17,25,,,,17,2,,,1,,,,14,,,,,,,,,,,1,,8,,,,7,,,,22,2,14,,,,,2,,,,,1,,,18,,26,,,,,,,14,,,53,,,,,14,,,15,,,,,,,,,23,,,,,,25,,,,
3125,14,,32,,,,,1,50,1,,1,26,1,,,25,1,,3,,1,1,1,1,,1,1,,1,1,1,1,1,1,,1,1,,7,1,,,1,,1,,1,1,,,1,1,,,,1,1,1,3,1,,17,1,1,1,1,1,1,1,1,1,1,1,15,1,,1,1,1,1,1,,,1,1,,,,1,1,,1,,1,28,1,,,
3126,23,,,,5,,,9,4,2,,26,12,,2,21,28,3,4,6,,21,7,,2,,,8,6,1,20,,,,6,1,4,21,2,12,3,1,,11,,,,27,,,18,,20,,,,,1,3,,23,,2,2,,1,,,,,2,,14,,,2,1,12,,,1,,6,,,,2,,,13,,,,,8,21,2,,,
3127,2,1,,2,,2,,,1,,,3,,2,2,,3,,,,,,2,,2,,3,,3,,3,,,,,,1,,,,5,,,3,,,1,,,,3,,,3,1,,,,,2,2,2,,1,2,1,,,,3,,,4,2,,,2,,,3,2,,2,1,,3,1,5,,4,2,1,2,,,4,1,,1,2
3128,24,,,,13,,,10,3,5,,27,14,,5,19,28,1,4,4,1,22,6,,3,,,8,4,2,18,,,,1,,2,20,5,11,4,4,,12,2,,,19,,,19,,19,,,,,,1,,21,,7,1,,2,,,,,2,,15,,,1,9,11,,,12,4,3,,,,,,,12,,,,,8,20,3,,,
3129,,,,2,,,,,,,,,,,,2,,,,,,,,,,,,,,,,,,,,,,,,,,,,,,,,,,,,,,,,,,4,,,,,,,,,,,,,,,7,,,,,,,,,,,,,,,9,,,,,,,12,,,,,
3130,,,,,,,,5,,,,,6,2,,6,,2,,,,,,,1,,,,,,,,,,,,,,,,,,,3,,,,,7,,,,1,,,,,,,,1,,,,,,,,,,,1,23,,,,,,,,,,,,,,7,16,,,,,,,,,,,,
3131,,3,,,,,,,,1,,,,,3,,6,4,3,7,3,2,2,5,,,,,,,4,10,2,,,,,1,2,5,,,1,1,1,2,,,11,3,,,,,,,,,3,,,,,,,2,2,,3,,1,1,,,3,,,,3,1,,,,,3,3,,1,3,6,1,4,3,3,7,,,,,4
3132,27,,32,,,,1,,72,,,18,28,,,,14,,,,,,,,21,,,,,,,,,,,,,20,,,,,,,,9,,19,,,,,22,,,,,,,,19,,29,,,,,,,4,,,54,,,,,12,,,24,,,,,,,,,40,,,,,,27,,,,
3133,8,,33,,1,,,,64,3,,17,28,,,,21,3,,,,,,,21,,,,,,,,,11,,1,,18,,,,,,,,19,,22,,,,,1,,,,,,,,10,,35,,,,,,,17,,,46,,,6,,16,,,6,,,,,,10,,,21,,,,,,30,,,,
3134,29,1,6,,,1,1,1,69,1,1,1,15,,1,1,19,1,1,1,,1,1,,26,1,,,,,1,1,1,1,,,1,1,1,5,1,1,,,,1,1,1,,1,1,,9,,1,,1,1,1,,21,1,23,1,1,1,1,1,,1,1,1,1,1,1,,,1,1,1,27,,1,,1,,1,1,1,38,1,1,1,,,29,1,1,1,
3135,,,,1,,,,,,,,,,,,,1,,,,,,,,,,,,,,,,,,,,,,,,,,,,,,,,,,,,,,,,,,,,,,,,,,,,,,,,25,,,,,,,,,,,,,,,14,,,2,,,,,,,,,
3136,7,,35,,,,,,67,,,19,12,,,,22,36,,17,,15,,,9,,,,,,,,,,,,,16,,,,,,,,14,,23,,,,,8,,2,,,,,,16,,22,,,,,,,10,,,37,,,,,16,,,7,,23,,,,,,,30,,,,,,26,,,,
3137,,,,,,,,11,,,,,,,,,,,,,,,,,,,,,,,,,,,,,,,,,,,,,,,,,,,,,,,,,,,,,,,,,,,,,,,,,25,,,,,,,,,,,,2,,,16,,,,,,,11,,,,,
3138,23,,22,,,,,,69,1,,16,17,,7,,15,42,,3,,,,,18,2,,,,,,,,,,,,2,4,,,,,,3,6,,24,,,,,13,,,,,,,,15,,28,1,,,,,,13,13,,31,,,,,15,,,27,,,1,19,,,,,1,,,,,2,28,,,,
3139,,,,1,,,,2,,,,,,,,2,3,,,,,,,,,,,,,,4,,,,,,,,,,,,,,,,,,,,,,,,,,,,,1,,,,,,1,,3,,,,4,26,,,,,,,,,,,,,,6,15,,,2,,,,,,,,,
3140,24,,32,,,,,,64,,,19,16,,,,17,45,,,,,,,20,,,,,,,,,,,,,19,,,,,,,,23,,22,,4,,,2,,,,,,,,22,,31,,,,,,,14,,,44,,,,,10,,,22,,,,,,,,,35,,,,,,2,,,,
3141,7,,3,2,2,5,3,1,,,,,,5,,,2,8,,4,6,11,1,4,3,,4,,1,2,6,3,,3,1,,4,,2,2,,,7,2,4,,,,7,1,,1,,,4,3,4,1,,,,,,,3,,1,,,5,3,,25,2,,,4,1,4,3,,,,,2,8,,,,,,,,3,4,2,4,,4,2
3142,,,,,,,,,,,,,,,,,,,,,,,,,,,,,,,,,,,,,,,,,,,,,,,,,,,,,,,,,,,,,,,,,,,,,,,,,13,,,,,,,,,,,,,,,6,,,,,,,,,,,,
3143,1,,1,1,1,,,1,,,,1,,,,5,2,,1,6,,,,,,,1,,,,,,1,,1,1,,,,,,1,,1,,,,,,1,6,,,,,,,1,,,2,2,,1,,,,,,,,,9,1,2,,,,2,1,1,2,1,,1,,,1,,,,,1,,1,1,,,,
3144,26,8,34,,,,,,4,,,19,20,,,,1,41,,,1,,,,22,3,,,,,,,,,,,,4,,,,,,,,4,,7,,,,,9,2,,,,,,,6,,30,,,,1,1,,18,,,45,,14,,,17,,,22,,21,,,9,2,,,34,,,,,,29,,,,1
3145,24,,31,,,,,,71,,,22,11,,,,9,43,,,,,5,,20,,,,,,,,,,14,,,20,,,,,,,,23,,2,,,,,23,,,,,,,,18,,33,,,,,,,14,,,51,,,,,13,,,24,,,,,,,,,37,,,,,,29,,,,
3146,29,,31,,,,,,2,,,21,28,,,,20,,,,,,,,14,11,,,,,,,,,,,,17,,,,,,,,21,,4,,,,,13,4,,,,,,,21,,31,,,,,,,19,,,49,,,,,13,,,26,,,,,,,,,39,,,,,,29,,,,
3147,2,,,3,,1,,,2,,,3,,3,3,,2,,,,,,1,,3,,3,,4,,1,,,,,1,2,,,,3,,,2,,,4,,,,2,,,4,2,,,,,1,1,2,,3,2,2,,,,2,,,2,1,1,,,,,2,5,,1,3,,1,1,4,,3,1,2,1,,,4,2,,3,3
3148,27,,18,19,,,,,70,,,23,25,,,,20,,,,,,,,26,,2,,,,,,,,,,,18,,,1,,,,,22,,21,,,,,22,,,2,,,,,15,,33,,,,,,,16,,,52,,,,,13,14,,23,,,,,,,,,33,,,,,,28,,,,
3149,,,,,,,,,,,,,,,,,,,,,,,,,,,,,,,,,,,,,,,,,,,,,,,,,,,,,,,,,,,,,,,,,,,,,,,,,26,,,,,,,,,,,,,1,,7,,,,,,,,,,,,
3150,27,,29,,,,,,65,,,21,27,,,,20,,,,,,,,27,,,,,,,,,,,,,21,,,,,,,,18,,18,,,,1,23,,,,,,,,20,,34,,,,,,,22,,,43,,,,,11,,,25,,,,,,,,,40,,,,,,23,,,,
3151,6,14,16,,,,,,45,,,17,20,,,,20,40,,,,14,,,28,9,,,,,,,,,,,,1,,,,,,,2,17,,19,,,,,22,,,,,,,,21,6,23,,,,8,1,,16,,,51,,,,,11,,,1,8,,,12,,,,,29,,,,,,16,,1,,
3152,25,,27,,,,,,70,,,15,29,,,,20,,,,,,,,23,,,,,,,,,,,,,16,,,,,,,,21,,24,,,,,21,,,,,,,,21,,1,,,,,,,19,,,48,3,,,,16,,,25,,,,,,,,,33,,,,,,28,3,,,
3153,,,,,,,,3,,,,,,,,4,1,,,5,,,,,,,,,,,,,,,,,,,,,,,,,,,,,,,,,,,,,,3,,,1,,,2,,,,,,,,,9,,,,,,1,4,,3,,,,,,14,,,,,2,,1,,,,,
3154,21,,,,,,,,63,,,1,22,,,,20,30,,,,,,,17,,,,,,,,,,17,,,18,,,,,,,,22,,5,,4,,,19,,,,,,,,10,,29,,,,,,,20,,,53,,,,,11,,,25,,,,,,,,,32,,,,,,30,,,,
3155,31,,,,14,,,9,,,,4,12,,12,5,23,47,7,4,,21,3,,14,,,10,4,8,22,,,,,2,,14,,1,,5,,18,,,,20,,,16,,21,3,,,19,,3,,25,,1,,,3,,,,3,6,,5,,,,1,2,,,14,,1,,,,,,,12,,,,,,20,1,,,20
3156,22,1,14,,,,,4,66,,,9,3,,,,8,38,,,,,,,13,,,,,,,,,,,,1,10,,1,,,,,,20,,26,,17,,,13,,,,,,,,17,,24,,,,,,,2,11,1,38,,,11,,16,,,17,,12,,14,,,,,17,,,,,,15,,2,,
3157,24,,33,,,,,,70,,,17,23,,,,15,25,,,1,3,,,23,,2,,10,4,,,,,,,,15,,,,11,,,,1,,22,,,,1,22,,3,,,,,,17,,34,5,,,,,,9,,,47,,,13,,13,,,15,,,,,,,,,30,2,,,,,5,,,,
3158,,,,3,,,,,,,,,,,,1,,,,,,,,,,,,,,,,,,,,,,,,,,,,,,,,,,,,,,,,,,,,,,,,,,,,,,,,,25,,,,,,,,,,,,,,,16,,,,,,,,,,,,
3159,28,,27,,1,,,7,42,,,18,20,,,3,1,24,,,,,,,2,,,,,1,,15,,,1,,,17,2,,,,,,,2,,2,,,,,22,21,,,1,,,1,3,,1,,,,,14,,1,7,1,47,,,,,17,,2,7,1,,1,,,,,,3,,,,,,30,,,,3
3160,28,,34,2,,,,,72,,,21,24,,,,12,31,,,,,,,27,,,,,,,,,,,,,19,,,,,,,,16,,22,,,,,18,,,,,,,,17,,34,,,,,,,19,,,47,,,,,11,,,25,,,,,,,,,40,,,,,,31,,,,
3161,12,1,1,,,,,8,3,,6,11,17,,,,12,24,1,12,,16,,17,21,,,,1,2,,11,,,1,,,1,,,,8,,13,,21,,15,,,,,1,8,1,,,3,10,,7,,12,1,31,7,,,1,15,,,47,,13,8,,16,2,18,8,,,,13,13,12,,,3,,2,,,7,1,16,,,3
3162,4,,32,,,,,,68,4,,17,25,,,,22,26,,,,17,,,21,,,,,,,,,,14,,,3,,,,,,7,,22,,3,,,,,10,,,,,,,,5,,32,,,,,,,18,,,1,,15,,,15,,1,4,,,,,,,,,28,,,,,,31,,,,
3163,,,,,,,,,,,,,,,,,,,,,,,,,,,,,,,,,,,,,,,,,,,,,,,,,,1,,,,,,,,,,,,,,,,,2,,,,,,14,,,,,,,,,,,,,,,13,,,,,,,,,,,,
3164,8,9,9,,26,,,3,38,13,4,13,8,,11,13,7,35,,8,20,23,13,16,20,,,7,6,9,15,8,5,12,15,,13,15,9,12,1,8,9,1,,3,,8,10,9,8,3,8,17,15,,14,13,8,,9,14,12,2,28,11,8,11,,10,12,,11,,3,6,,14,1,15,2,17,12,,8,8,11,8,4,6,,,,,6,8,2,,,1
3165,5,9,6,1,,,,6,66,,8,3,2,4,7,,11,20,1,16,17,,11,,15,10,5,1,,,13,,11,1,2,1,13,14,,13,,9,,16,2,8,,12,9,8,8,1,20,,1,5,11,8,8,,13,,10,5,4,10,8,3,3,8,,,5,,14,1,1,8,10,20,12,6,9,,13,8,,12,,5,10,,,11,3,6,2,,3,
3166,,,,,,,,,,,,,,,,,,,,,,,,,1,,,,,,,,,,,3,,,,,,,,,,,,,,,,,,,,,,,,,,,,,,,1,,,,,,26,,,,,,,,,,,,,,,8,,,,,,,12,,,,,
3167,20,,34,,,,,,65,,,5,9,,,,6,36,1,,1,,,,19,,,,,,,,,,,,,2,1,,,,,1,,4,,22,,,,,16,,3,,,,,,18,,26,,,,,,,5,,,6,,,14,,12,10,,13,,,,12,,,,,13,,,,,3,16,,,,
3168,10,,29,,,,,6,66,,,13,24,,,,21,25,,,,,,,19,,,,,,,,,,10,,,18,5,,,,,,,21,,6,,2,,,17,,,,,,,,5,,22,,,,,,,17,,,47,7,16,,2,16,,,6,3,6,,,,,,,29,,,,,,21,7,,,
3169,25,,33,,,,,,67,,,22,1,,,,18,,,,,,,,26,,,,,,,,,,,,,19,,,,,,,,20,,23,,,,,22,,,,,,,,20,,34,,,,,,,19,,,53,,,,,11,,,24,,,,9,,,,,30,,,,,,29,,,,
3170,28,,32,,,,,,68,,,22,1,,,,21,,,,,,,,26,11,,,,,,,,,,,,9,,,,,,,,14,,18,,,,,23,,,,,,,,22,,33,,,,,4,,18,,,51,,,,,15,3,1,22,,,,,,,,,38,,,,,,24,,,,
3171,9,,28,,,,,,55,,,14,20,,,,5,42,,,,15,17,,4,,,,,,,,,,,,,16,,,,,,,,22,4,25,,,1,,22,,,,1,,,,21,,25,,,,,,,16,2,,36,,,,,15,1,,18,1,,,16,,,,,33,,,,,,27,,,,
3172,9,,32,,,,,,66,,,19,22,,,,19,,,,,,,1,25,6,,,,,,,,,,,,19,,,,,,,,13,,21,,,,,19,,,,,,,,20,,33,,,,,,,16,,,49,4,1,,,9,,,23,,,,,,,,,35,,,,,,27,,,,
3173,21,,34,,,,,,61,,,18,2,3,,,10,1,2,1,,19,,,21,,,2,,,,,,,,,,3,,,,6,,,3,22,,31,,,3,,22,,,,,,,,11,,2,,,,,,,8,,,40,,,1,,14,2,,11,,,,,,,4,1,41,,,,,,12,,,2,
3174,,,,,,,,,,,,,,,,,,,,,,,,,,,,,,,,,,,,,,,,,,,,,,,,,,,,,,,,,,,,,,,1,,,,,,,,,,24,,,,,,,,,,,,,,,8,,,,,,,11,,,,,
3175,30,,35,,,,,,72,,1,1,28,5,,,21,,,,,,1,,27,,,,1,,,,1,,,,,20,,,,,,,,1,,20,,1,,,20,,,,,,,,18,,31,,,,,,6,20,,,1,,,,,13,,,24,1,,1,1,,,,,2,,,,,,1,1,,,1
3176,11,,31,,,,,,1,,,16,25,,,,22,23,,,,,,,23,,,,,1,,18,,,1,2,,19,,,,,,,,21,,24,,,,,14,,,,,2,,,3,,33,,,,,,,22,,,47,,,1,,15,,,7,,,,,,,,,31,,,,,,28,10,,,
3177,31,,4,,,,,,55,,,11,25,,,,22,32,,,,,,,21,,,,,,,,,,,,,4,,,,,,,,18,,24,,3,,,11,,,,,,,,5,,23,,,,,,,18,,,45,,,,,18,,,3,,,,3,,,,,33,,,,,,31,,,,
3178,28,,21,,,,,,67,,,17,13,,,6,20,4,,2,,,,1,21,,,7,,,,,5,,,,,17,,,,,,,,8,,7,,,,,7,,,,3,,2,,14,,22,,,,,,,13,9,,54,,,,,14,,,16,,,,1,,,2,,30,,,,,1,28,,,,
3179,14,,7,,,,,,72,,,23,30,,,,12,,,,,,,,27,8,,,,,,,,,,,,9,,,,,,,,24,,17,,,,,21,,1,,,,,,21,,33,,,,,,,7,,,53,,8,,1,15,,,23,,,,,12,,,,1,,,,,,22,,,,
3180,,2,,,,,,,,3,,,,,3,,6,3,2,7,3,3,4,1,,,,,,,1,10,1,,,,,2,1,1,,,3,,2,4,,,11,2,,,,,,,,,3,,,,,,,4,3,,2,,2,4,,,3,,,,1,,,,,,1,3,,1,3,4,1,4,2,6,6,,,,,3
3181,,1,,,,1,,,,2,,,,,3,,5,3,1,6,1,6,3,4,,,,,,,3,9,1,,,,1,3,2,3,1,,2,,4,5,,,12,4,,,,,,,,,4,,,,,,,5,1,,5,,3,5,,,5,1,,,4,,,,,,6,2,,2,3,2,1,4,1,4,2,,,,,2
3182,10,6,33,,,,,,68,,,21,28,,,13,14,,,,,,,,24,,,,,,,,,,,,,19,,,,,,,,21,,21,,,,,22,,,,,,,,23,,32,,,,,,,15,,,48,,,,,15,,,22,,,,,,,,,35,,,,,2,5,,,,
3183,1,1,1,1,1,1,1,1,1,1,1,1,1,1,1,1,1,1,1,1,1,1,1,1,1,1,1,1,1,1,1,1,1,1,1,1,1,1,1,1,1,1,1,1,1,1,1,1,1,1,1,1,1,1,1,1,1,1,1,1,1,1,1,1,1,1,1,1,1,1,1,1,1,1,1,1,1,1,1,1,1,1,1,1,1,1,1,1,1,1,1,1,1,1,1,1,1,1,1,1
3184,,,,,,,,,,,,,,,,,,,,,,,,,,,,,,,,,,,,,,,,,,,,,,,,,,,,,,,,,,,,,,,,,,,,,,,,,23,,,,,,,,,,,,,4,,11,,,,,,,6,,,,,
3185,22,,33,17,,,,,71,,,13,13,,,,16,,,,2,,,,26,,,,,,,,,,,,,15,,,,,,,,21,,21,,,,,22,,,,,,,,20,,32,,,,,,,19,,,52,,,,,13,,,22,,,,,,,,,35,,,,,1,26,,,,
3186,11,,11,,,,2,1,62,,,17,26,,,,9,33,,,,11,,,26,,,,,4,,,,,13,,,20,,,1,,,,,20,,23,,,,,22,,,,2,,,,10,,33,,,,,,,17,2,,50,11,,,,3,,,1,,,,19,,13,,,12,,,,,,23,,,,
3187,23,,13,,,,3,,68,,,7,9,,,,5,37,2,,,21,,,19,,,,,,,,,,,,,7,,,,2,,,,23,,24,,,,,15,,,,,,,,13,,23,,,,,,,14,,,40,,,,,2,,,11,,13,,13,,,,,3,,,,,,25,,,,
3188,22,,34,,,,,,69,,,18,27,,,,19,,,,,,,,27,,,,2,,,,,,,1,,19,,,,,,,,23,,22,,,,,19,,,,,,,,21,,30,,,,,,5,19,,,49,,,,,6,,,24,,,,,,,,,32,,,,,,29,,,,
3189,12,,35,,,,,,66,,,15,16,,2,,2,38,,,,,,,20,,,,,,,,,,,,,14,,,,,3,,,22,,24,,2,,,18,,4,2,,,,,20,,18,,,,,,,10,,,1,6,,,,11,,,19,,21,,,,,,,26,,,,,,25,,,,
3190,24,,35,,,1,,,69,,,19,18,,,,10,25,,13,,11,,,6,1,,1,,,,,,,,,,18,5,,,,1,,,23,,29,2,,,,12,,,,,,,2,6,4,27,1,,,,,,7,,,30,9,,8,,16,,,15,3,,,,,,,,35,,,,,,29,1,2,,
3191,29,,33,,,,,,56,1,,14,27,,,,12,39,,,,18,,,23,,,,,,,,,11,,,,7,,,1,,,,,21,,22,,,,,20,,,,,,,,18,,32,,,,,,,16,,,50,,17,,,8,,,2,,,,,,,,,30,,,,,,26,,,,
3192,17,,2,,,,,,67,,1,17,27,,,1,19,43,,1,,,,,25,,,,,,,,,,,,,16,,,,3,,,,20,,21,,,,,18,3,,,,,,,15,,34,2,,,,,,17,,,52,,,,,14,3,,4,2,,,,,,,,23,,,1,2,,25,11,,,
3193,,1,,,,,,,,,,,,,,,,,,,,,,,,,,,,,,,,,,,,,,,,,,,,,,,,3,,,,,,,,,,,,,,,,,,,,,,,20,,,,,,,,,,,,,2,,9,,,,,,,2,,,,,
3194,23,,36,,,,,1,1,,,19,29,6,,,20,,3,,,,,,26,,,,2,1,,,,,,,,16,,,,,,,,24,,22,,5,,,20,,,1,,,,,22,,28,,,,,,,17,,,47,,,,,13,,,4,2,,,,,,,,1,,,,,,30,,,,2
3195,,,,,,,,,,,,,,,,,,,,,,,,,,,,,,,,,,,,,,,,,,,,,,,,,,,,,,,,,,,,,,,,1,,,,,,,,,27,,,,,,,,,,,,,,,12,,,,,,,,,,,,
3196,18,,31,,,,,,68,,,9,12,,,,8,38,,,,,,,17,,,,,,,,,,,,,6,,,,,,,,23,1,22,,,,,20,,,,,,,,17,,22,,,,,,,11,,,41,,,2,,18,,,11,,17,,16,,,3,,11,,,,,,24,14,,,
3197,1,,32,4,,,,,71,,,22,29,5,,,20,,,6,,,19,,1,2,,,,4,,,,2,2,,,20,,,,,,,,24,,23,,,,,,,3,,2,,,,21,,31,,,,,,,10,1,,52,,12,,1,12,,,25,,,,2,1,,,,37,,,,,,27,,,,
3198,24,,35,,,,,1,66,,,16,15,,,,19,,,,,,,,15,,,,,,,,,,,,,16,,,,2,,,,23,,20,,,,,12,,,,,,,,17,,20,,,,,,,16,,,39,,,,,8,,,24,,,,5,,,,,29,,,,,,30,,,,
3199,26,,34,,,,,,69,,,22,18,,,,16,,,,,,,,21,,,,,,,,,,,,,20,1,,,,,,,22,,19,,,,,15,,,,,2,,,16,,26,,,,,,,18,,,52,,,8,,13,,,14,1,20,,,,,,,32,,,,,,25,,,,
3200,7,,1,2,5,4,4,3,,,,,,1,,,5,9,,2,5,10,,4,4,,3,,2,3,5,5,,4,3,,2,,6,,,,9,4,5,,,,2,2,,,,,3,5,2,4,,,2,,,,5,,,,,2,6,,25,2,,,3,2,1,4,,,,,,8,,,,,1,,,2,3,2,4,,3,
3201,13,,30,,,,,,73,,,21,28,,,,18,,,,,,,,25,,,,,6,,,,,,,,14,,,,,,,,12,,19,,,,,18,,,,,,,,16,,33,,,,,,,15,11,,52,,,,,11,,,24,,,,,,,,,39,,,,,,26,,,,
3202,,,,,,,1,,,,,,,1,,,,,,,,,,,,,,,,,,1,,,,,,,,,,,,,,,,,,1,,,,,,,,,,,9,,,,,,,,,,,,22,,,,,,,,,,,,,,,14,,,,,,,,,,,,
3203,18,,32,,,,,,48,,,23,28,,,,24,41,,,,,,,24,,,,,,,,,,,,,2,,,,,,,,23,,24,,,,,18,,,,,,,,11,,33,,,,,,,13,,,2,,,,,14,,,17,,,,16,,,,,34,,,,,,26,,,,
3204,27,,32,,,,,,45,,,24,29,,,,19,,,,,,,,25,7,,,,,,,,,,,,17,,,,,,,,14,,21,,14,,,20,2,,,,,,,20,2,33,,,,,,,17,1,,51,,,,,10,,,23,,,,10,,,,,36,,,,,,29,,,,
3205,21,2,14,20,2,,,4,65,,6,9,11,,9,13,1,44,1,,1,14,,12,13,3,,2,23,,,8,,,,,14,8,,,,8,,,,23,,13,,,,,10,,,,,,9,,17,,12,2,29,,8,,12,9,9,,47,,9,1,,1,2,,18,6,10,,1,1,,,,8,,,,,,25,,,,16
3206,27,,34,,,,,,68,,,23,27,,,,20,32,,,,1,,,25,,,,,,,,,,,,,19,,,,,,,,13,,23,,,,,15,,,,,,,,20,,33,,,,,,,18,,,50,,,,,6,,,26,,,,,,,,,37,,,,,,28,,,,
3207,10,,30,,,,,,64,,,12,27,,,,22,27,,,,,,,23,,,,,,,,,,13,,,18,,,,,,2,,20,,24,,5,,,19,,,,,,,,7,,18,,,,,,,20,,,48,,,,,16,,,7,,,,,4,,,,31,,8,,,,31,13,,,
3208,22,,26,,,,1,,49,,,5,30,,,,17,6,,12,,1,,,5,,,,,,,2,,,,,,10,,,,,,1,4,24,,25,,,,,8,,,,2,,1,,21,,24,3,2,,,,,15,1,,30,,,,,13,,,16,,,,17,,,,,31,,,,,,16,,,,
3209,29,,33,,,,,,72,,,14,29,7,,,22,,,,,,,,27,,2,,,,4,,,,,,,20,,,,,,,,24,,17,,,,,22,,,,,,,,1,,34,,,,,,,16,,,51,,,,,7,,,2,,,,,,,,,33,,,,,,28,,,,
3210,21,,27,2,,,,,66,,,6,29,,,,11,35,,,,,,,17,,,1,,,,,,,1,,1,1,2,,,,,,,17,,6,,12,,,19,,,,,,,2,10,,1,,,,1,,,18,,,46,12,,,,13,3,,14,,,,15,,,,,30,,,,3,,31,,,,
3211,28,4,30,,,,,,65,,,17,19,,,,8,43,,,,,,10,23,,,,,,,,,,,,,12,,,,9,,17,,5,,7,,15,,,21,3,,2,,,,,13,,27,,,,,,,14,,,36,,,,,16,,,19,,,,,,,,,31,,,,,,22,,,,
3212,29,,35,,,,,2,71,,2,17,30,1,,,23,,,,,,,,25,,,,,2,,,,,,,,21,,,,,,,,23,,3,,,,,20,,,3,,,,,21,,27,,,,,,,19,,,49,,,,,16,,,9,,,,,,,,,37,,,,,,25,,,,
3213,,,,,,,,,,,,,,,,,,,,,,,,,,,,,,,,,,,,,,,,,,,1,,,,,,,,,,,,,,,,,,,,,,,,,,,,,,24,,,,,,,,,,,,,6,,11,,,,,,,3,,,,,
3214,27,,30,,,,,,43,,,2,19,,,,21,2,,,,,,,23,4,,,,,,,,,,,,16,,,,,,,1,18,,25,,,,,22,,,,,,,,7,4,30,,,,,,,8,,,41,,,,1,16,,,15,,,,,,,,,34,,,,,,3,,,,
3215,28,,32,,,,,,71,,,15,24,,,,4,41,,,,,,,22,,,,,,,,,,,,,9,,,,,,18,,22,,22,,,,,22,,,,,,,,21,,26,,,,,,,15,,,33,,,,1,15,2,1,24,,,,,,,,,37,,,,,,28,,,,
3216,2,,3,3,3,6,1,2,,,,,,4,,,3,9,,5,4,12,,5,1,1,,,3,3,6,6,,1,1,,2,,5,3,2,,6,,1,,,,7,4,,1,,,2,4,3,,,,3,,32,,6,,,,,1,2,,26,4,,,3,13,5,5,,,,,1,8,,,,,,,,1,1,1,5,,3,
3217,14,5,34,1,,,,1,60,,,14,17,,,,22,43,,,,2,,,1,9,1,1,1,,,,,,,1,,18,,,3,,,,,1,,9,,14,,,14,,,2,,,,,23,,21,2,,,,1,1,19,,,1,,,,,15,,,16,,,,,,,1,,35,,,,,,24,11,,,
3218,4,,1,1,4,2,5,3,,,,,,5,,,4,1,,2,4,10,,1,3,,2,,5,4,2,5,,3,2,,5,,1,,,,9,5,3,,,,5,3,,,,,3,2,6,2,,,,,,,4,,,,,3,1,,1,3,,,1,,3,2,,,,,3,7,,,,1,,,,3,2,3,5,,5,
3219,1,,17,,,,,,67,,,3,15,,,,11,43,,13,,,,17,16,,,,,,,,,,,,,17,,2,,,,,,8,,22,,,,,18,,,,,,,,13,,21,,,,,,,9,,,46,,,,,16,10,,25,5,,,,,,,,25,,,,,,24,,,,
3220,,,,,,,,,,,,,,,,,,,,,,,,,,,,,,,,,,,,,,,,,,,,,,,,,,,,,,,,,,,,,,,,,,,,,,,,,12,,,,,,,,,,,,,,,13,,,,,,,13,,,,,
3221,27,,21,,,2,,,60,,,17,13,,,,9,3,1,,,,,,20,,,,,,,,,,,,,11,,,,,,,2,22,,30,,,,,14,,,,,,,,6,7,27,,,,,,,17,,,34,12,,3,,15,,,10,7,,,,,,,15,35,,,,,,26,,,1,
3222,6,14,7,,26,,,6,3,13,6,1,8,,11,17,10,11,1,5,24,16,13,12,9,,11,11,19,11,17,9,,14,10,,13,21,,12,,8,7,10,,4,,15,,8,11,,13,15,,,1,12,9,,6,13,12,2,1,2,3,8,8,8,,,9,,11,6,,14,11,16,8,,18,,19,13,13,,,2,,,,,4,9,17,,,1
3223,11,,2,,,,,,50,,,14,27,6,,,19,5,,,20,,,,23,,,,,,,,6,1,14,,,1,,7,,2,,,,8,,24,,,,,24,,,,,,,,2,,19,,,,,,,21,,,50,,,,,1,,,4,,2,,,,,,,30,,,,,,30,1,,,
3224,25,,30,,,,,9,72,,,21,27,,,,21,,,,,,18,,25,6,,,,,,,,,,,,10,,,,,,,,22,,17,,,,,15,,3,,,,,,20,,33,,,,,,,6,,,52,,,,,11,,,25,,,,,4,,,,39,,,,,,27,1,,,
3225,27,,31,,,,,,69,,,18,24,,,,18,,,,,,,,21,,,,,,,,,,,,,12,,,,,,,,20,,23,,,,,18,,2,,,,,,20,,34,,,,,,,16,,,49,,,,,14,,,23,,,,,,,,,36,,1,,,,26,,,,
3226,,,,,,,,,,,,,1,,,,,,,,,,,,,,,,,,,,,,,,,,,,,,,,,,,,,,,,,,,,,,,,,,,,,,,,,,,,25,,,,,,,,,,,,,,,10,,,,,,,,,,,,
3227,,,2,,,,,,,,,1,1,4,,1,20,,,,,3,,,1,,,,1,1,1,,,,,,,,,2,,,1,,1,1,,,,3,,1,1,,,,,3,1,,1,,,,1,,,,,,,,2,,,1,1,3,,,1,,1,1,,1,1,11,,1,1,,10,1,,,,5,,
3228,,,,,,,,,,,,,,,,,,,,,,,,1,,,,,,,,,,,,,,,,,,,,,1,,,,,3,,,,,,,,,,,,,,,,,,,,,,,25,,,,,,,,,,,,,,,11,,,,,,,13,,,,,
3229,,,,,,2,,4,,,,,,,,5,,6,2,,,,,,,,1,,,,,,,,,,,,,,,,,,3,,,,,,,5,,,,,,,,,2,,,,,,,,,,,,24,,,,,,,4,,,,,,,,15,,,,,3,,13,,,,,
3230,1,1,1,1,1,1,1,1,1,1,1,1,1,1,1,1,1,1,1,1,1,1,1,1,1,1,1,1,1,1,1,1,1,1,1,1,1,1,1,1,1,1,1,1,1,1,1,1,1,1,1,1,1,1,1,1,1,1,1,1,1,1,1,1,1,1,1,1,1,1,1,1,1,1,1,1,1,1,1,1,1,1,1,1,1,1,1,1,1,1,1,1,1,1,1,1,1,1,1,1
3231,,,,,,,,8,,,,,5,,,8,5,,,,,,,,,,,,5,,,3,,,,,,,,,,,,,,,,,,,1,3,,,,,,,4,,,,,,,,,1,,1,,,7,,,,,,,,,,,,1,,1,16,,,,,,,,,,,,
3232,,,,,,1,,,,,,,,,,,,,,,,,,,,,,,,,,,,,,,,,,,,,,,,,,,,,,,,,,,,,,,,,,,,,,,,,,,27,,,,,,,,,,,,1,,,12,,,,,,,,,,,,
3233,4,,31,,,,,,65,,,3,27,,,,11,40,,,,,,,21,,,,,,,,,,12,,,10,,,,,,,,19,,23,,11,,,19,,,,,,,,9,,34,,,,,,,16,,,49,10,,,,17,11,,2,,,,,,,,,25,,,,2,,29,1,,,
3234,,,,,,,,,,,,,,,,,,,,,,,,,,,,,,,,,,,,,,,,,,1,,,,,1,,,,,,,,,,,,,,,,,,,,,,,,,,21,,,,,,,,,,,,,,,13,,1,,,,,,,1,,,
3235,26,,32,,,,,,71,1,,20,21,,,,21,,,,,5,,,23,12,,1,,,,,,,,,,5,,,2,,,,,3,,2,,1,,,24,,,,,,,,16,,31,,,,2,1,,19,,,49,,,,,6,,,23,,22,,,,1,1,,35,,,,,,28,,,,
3236,15,,34,,,,,,62,,,9,8,,2,,6,36,,,,,,,20,,,,,1,,,,,,,,6,,,,,,,,23,,25,,,,,15,,,,,,,,16,,29,,,,,,,14,,,34,1,,,,14,,,1,,17,,11,,19,,,12,,,,,,24,,,,
3237,,,,,1,,,,,,,,,,,,,,,,,,,,5,,,,,,,,,,,,,,,,,,,,,,,,,,,,,,,,,,,,,,,,,,,,,3,,,25,,1,,,,,,,,,,,,,11,,,,,13,,,,,5,,
3238,,,,,,,,11,,,,,,,,,,,,,,,,,,,,,,,1,,,,,,,,,,,,,1,,,,,,,,,,,,,,,,,,,,,,,,,,,,,24,,,,,,,,,,,,,,,10,,,,,,,,,,,,
3239,28,,29,,,,,,72,,,25,29,,,,17,,,,,,,,23,,,,,,,,,,,1,,20,,,,,,,,12,,20,,,,,13,,,,,,,,19,,32,,,,,,,2,1,,52,,3,,,11,,,18,,,,,,,,,40,,,,,,28,,,,
3240,28,,33,,,,,,67,,,20,15,3,,,19,,,13,,,,,24,,,,,,,,,,,,,15,,,,,,,,20,,22,,,,,19,,,,,,,,21,,21,,,,,,,20,,,49,,,,,8,,,25,,,,,,,,,39,,,,,4,27,,,,
3241,4,,17,,,,,,52,,,13,26,,,,24,23,,,,,,,24,,,,,,,,,,16,,,6,,7,,1,,,,2,,25,,,,,21,,,,,,,,1,,33,,,,,,,23,,,46,,,,,15,,,7,,1,,,2,,,,28,,4,,,,31,15,,,
3242,22,1,32,21,,,,9,69,,,19,12,,,,9,46,,1,,,,,23,,,,,,,,,,17,,,21,,,,,,,,24,,25,,,,2,20,,,,,,,,16,,34,,,,,,,1,,,43,,,,,2,,,21,,,,9,,,,,26,,,,,,24,14,,,
3243,,,,,,,,,,,,,,,,,,,,,,,,,1,,,,,,,,2,,,,,,,,,,,,,,,,,,,,,,,,,,,,,,,,,,,,,,,,24,,,,,,,,,,,,,,,13,,,,,8,,,,,,,
3244,12,,3,,,,,,62,,,15,25,,,,11,6,,,,3,,,5,,,,3,,,,5,,11,,,20,,,,,,4,,11,,26,,,,,20,4,,,,,1,8,10,,17,,,,,,,20,10,,3,6,,13,4,5,,,5,,,,,,,,,27,,,,,1,26,,,,
3245,11,12,2,19,,,,7,4,,5,10,10,,,11,11,5,,11,,15,14,11,26,9,,11,21,12,11,10,12,17,10,,14,8,,13,,7,,12,,5,,10,,9,10,7,11,7,,7,13,,9,,7,14,11,1,30,7,7,7,11,8,9,,46,,12,8,,1,1,17,7,,9,,20,12,11,,13,2,,,,,5,8,18,,,2
3246,14,,4,,,,,,63,,,16,28,,,,11,6,,,,4,,,23,,,,,5,,,4,,13,,,21,,,,,,,,12,,26,,,,,19,1,,,,,3,,11,,21,,,,,,,19,,,51,7,,,,2,,,7,,3,,,,,,,14,,,,1,,24,,,,
3247,29,,32,,,,,,70,,,20,29,,,,20,,4,,,,,,26,,,,,,,,,,,,,19,,,,,,,,8,,19,,,,,22,,,1,,,,,17,,35,,,,,,,18,,,52,,,,,5,,,25,,,,,,,,,40,,,,,,29,,,,
3248,21,,27,,,,,5,46,,,16,16,,,,15,13,,,,,,,7,,,,,,,,,,,,,14,,,,,,,,24,,28,,,,,15,,,,1,,,,7,3,22,,,,3,,,19,,,36,11,,4,,16,,,7,7,,,,,,,,36,,,,,,28,1,,,
3249,25,5,29,,,3,,,49,,,13,21,,,,7,46,,,,,,,23,,,,,,,,,,,,,16,,,,,,,,24,,9,,,,,14,,,,,,,,23,6,34,,,,,,,1,,,11,,,,,11,,,1,1,,,,7,,,,31,,,,,,28,10,,,
3250,,,,,4,,,,,,,,,,,,,,,,,,,,,,,,,,,,,,,,,,,,,,,,,,,,,,,,,,,,,,,,,,,,,,,,,,,,26,,,,,,,,,,,,,,,9,,,,,,,,,,,,
3251,,1,,,,,,,,1,,,,,1,,4,4,4,5,2,4,1,4,,,,,,,2,7,3,3,,,,3,3,6,,,3,2,2,1,,,8,3,,,,,,1,,3,3,,,,,,,6,2,,6,,2,1,,,1,,,,3,,,,,,5,4,,3,2,5,3,2,3,3,4,,,,,3
3252,26,,29,,,,,,68,,,22,27,1,,,17,,,,,,,,24,,,,,,,,,,,1,,21,,,,,,,,20,,22,,,,,12,,,,,,,,21,,33,,,,,,,20,,,51,,,,,12,,,26,,,,,,,,,40,,,,,,28,,,,
3253,22,6,18,,,,,,59,,2,8,26,,,,12,34,,,,,,,26,,,,,,,,,,,,,15,,,,,,,,18,,23,,,,,18,,,,,3,,,19,,29,,,,,,,19,,,42,,,,,1,,,14,,,,,,,,,23,,,,,,18,,,,
3254,7,,20,,,,,,70,,,25,15,,,,1,33,,,,,16,,26,,,15,,,,,11,,,,,6,,13,1,,,,,10,,21,3,,,,23,,1,,13,,,,17,,31,,,,8,,,12,,,49,,,,,14,2,,21,,,,,,,,,34,,,,,4,2,,,,
3255,21,,32,,,,,,64,,,2,18,,,,7,37,,,1,,,,19,,,,,,,,,,,,,11,,,,,,,,21,,1,,,,,17,,4,,,,,,16,,30,,,,,,,4,,,37,,,,,17,,,16,,,,7,,,,,2,,,,,,25,,,,
3256,17,,34,,,,,,67,,,20,10,,,,12,34,,2,,,,,18,,,,,,,,,,,,,5,,,,,,,,21,,13,,,,,18,,,,,,,,18,,25,,,,,,,14,,,34,,,,,15,,,25,2,20,,,,18,,,11,,,,,3,2,,,,
3257,,,,,,,,,,,,,,,,,,,,,,,,,,,,,,,,,,,,,,,,,,,,,,,1,,,,,,,,,,,,,,,,,,,,,,,,,,5,,,,,,,,,,,,,,1,15,,,,,,,11,,,,,
3258,24,,24,,,,,9,71,,,22,28,,,,13,,,,,,,,25,,,,21,,,8,,,18,,,9,,,,,,,,24,,23,,,,,20,,,,,,,,21,,34,,,,,4,,3,,,46,,,,,11,,,21,,27,,,,,,,39,,,,,,26,,,,
3259,14,,29,,2,,,,63,,,16,17,,,,5,32,,19,,,,,20,,,,,,,,,,,,,17,5,,,,1,,,24,,22,,,,,15,,3,,,,10,,17,,19,,,,,,,2,9,,46,,,,,15,,,11,,22,,14,,,,,26,,,,,,11,,,,
3260,22,,36,,,,,,70,,,23,28,,,,21,,,,,,,,21,,,,,,,,,4,,,,19,,,,,,,,24,,20,,,,,20,,,1,,,,,21,,33,,,,,,,15,,,48,,,,,11,,,26,,,,,,,,,39,,,,,,30,,,,
3261,25,7,35,,,,,,72,,,19,29,,,,16,,,,,,,,26,,,,,,,,,,,,,13,,,1,,,,,16,,8,,,,,22,,,,,,,,3,,31,,,,,,,20,,,47,,1,,,11,,,22,,,,,,,,,36,,,,,1,29,,,,
3262,24,,30,,,,,,72,,,24,21,,,,14,,,,,,,,27,,,,,,,,,,,,,12,,,,,,,,24,,23,,,,,24,,,,,,,2,21,,33,,1,,,,,4,1,,47,,,,,13,,,22,,1,,,,,,,1,,,,,,25,,,,
3263,20,,10,,,,,,57,,3,10,10,,,10,12,31,,9,,22,,18,19,,,3,20,9,,11,,,12,,,3,,13,,,,,,21,,23,,,,,19,15,,,,,9,,13,,13,,,,,10,,24,,,12,,13,,,14,,,1,,11,3,,,15,,,10,,,,,3,10,,,,15
3264,18,,32,,,,,,65,,,5,2,,,,3,35,,,,,,,20,,,,,,,,,,,,,15,,2,,,,,,22,,12,,,,,13,,,,,,,,17,,20,,,,,,,14,,,2,3,,,,19,,,8,,20,,,,,,,12,,,,,10,26,,,,
3265,29,,33,,,,,,70,,,21,17,,,,21,,,,,,8,,24,,,,,,,,,,,,,1,,10,,,,,,11,,23,,6,,,23,,,,,,,,19,,2,,,,,,,8,,,52,,2,,4,15,,,25,,,,,,,,,33,,,,,,28,,,,
3266,21,,11,,,1,,,2,1,5,21,13,,1,,13,31,,,,,,19,21,,,1,23,11,,12,2,,4,,,,2,,,,,,3,2,,24,2,,,,21,,,,15,,10,,8,,1,,1,,,11,,22,,1,3,,14,,,18,2,2,11,,,6,15,,3,,,4,,,,2,,11,1,,,3
3267,27,,27,,,,,,66,,,23,29,,,,10,,,,,,,,25,,,,,,,,,,,,,21,,,,,,,,18,,23,,,,,23,,,,,,,,21,,34,,,,,,,16,,,53,,,,,12,,,25,,,,,,,,,37,,,,,,30,,,,1
3268,1,1,1,1,2,2,1,1,1,,1,1,1,1,2,1,1,2,2,1,1,1,,1,,1,1,1,1,1,1,2,1,2,1,,1,1,1,1,1,,1,1,1,2,,2,1,,2,2,1,1,1,1,1,1,1,1,2,1,1,,1,1,1,,2,,1,2,1,2,,1,1,1,2,1,1,1,1,1,1,1,1,1,1,2,1,1,,1,1,1,2,1,1,
3269,,3,,,,,,10,,,,2,4,3,,9,,,1,,,,,,,,,,2,2,,,,,1,,,,,1,,,,,,,,2,,,7,2,,,,,,,,,,,,,1,,3,,,2,,,5,,,4,,,,,,,2,,,,3,15,,,,,11,1,,,,4,,1
3270,21,,30,,,,,11,4,,,21,30,1,,,17,,,,,,,,26,,,,,,,,,,,1,,19,1,,1,,,22,,3,,23,,16,,1,24,,1,,,,,,21,,26,2,,,,1,,22,,,31,2,,,,12,1,1,25,,,,,1,,,2,36,2,,,,,31,,,,
3271,2,1,3,1,1,7,4,2,1,,,2,1,2,,,1,7,,2,3,1,,2,3,,,,5,1,7,1,,4,2,2,2,,3,3,2,,2,6,5,1,,,8,2,,2,,2,5,7,5,1,,1,,2,1,,2,2,2,,2,6,4,2,26,1,,,4,,7,2,2,1,,2,4,10,,1,1,,,,2,1,5,1,5,,2,1
3272,27,,33,,,1,,,70,,,24,28,,,,15,44,,,,,,,26,,,,,,,,,,,,,9,,,,,,9,,21,,19,,,,,22,,,,,,,,20,,33,,,,,,,16,,,1,,,,,13,,,20,,19,,,,,,,36,,,,,,1,,,,
3273,33,,5,,2,,,,65,,,17,26,1,,,5,26,,,,,,,23,,,,,,,,,,9,,,19,6,,,,,,,17,,24,,4,,,14,,,,,,,,8,,27,,,,,,,17,,,2,,,10,,15,,,5,,,,,,,,,29,1,,,,,30,,,2,
3274,26,2,4,,,,,,70,,,17,27,,,8,19,43,,,,,,,25,,,,,,,,,,,,,10,,,,,,,,17,,25,,,,,20,,,,,,,,18,,34,,,,,,,14,,,51,,,,,13,,,25,,,,,,,,,33,,,,,,29,,,,
3275,19,,24,,,,3,,63,,,17,17,,,,11,42,,,,8,,,7,,,,23,,,,,,13,,,18,,,,,,,,22,,26,,,,,17,5,,,,,,1,11,,19,,,,,,,6,,,43,8,,14,,15,,,16,14,2,,,,,,,36,,,5,,,23,,1,,
3276,7,,29,,1,,,2,64,,,14,15,,10,,20,,,,,,,,26,3,,3,,,,,,,4,,,15,,,,,,,,22,,14,,6,,,19,,,,,,,,16,,31,,,,,,,15,1,,45,,2,,,17,,,16,7,23,,,,,,,38,,,,,,27,,,,
3277,29,,33,,,,,,65,,,15,27,,,,18,,,1,,,,,23,,,,,,2,,,,,,,18,,,,1,,,,21,,3,,,,,23,7,,,,,,,21,,29,,,,,,,17,12,,52,,,,,11,,,25,,,,,,,,,41,,,,,,30,,,,
3278,10,13,9,,24,,,,42,14,5,14,11,,7,16,10,20,,10,17,22,14,14,12,,,12,24,9,12,11,13,12,15,,13,2,,10,,6,7,11,,8,,10,,8,11,,12,14,15,7,14,13,8,,15,15,10,1,31,1,5,9,,7,10,11,8,,9,7,,15,2,18,10,,9,2,9,11,14,,,1,,9,,,,3,15,,,13
3279,24,,23,,,,,,69,,,11,13,,,,13,29,,4,,,,,25,,,,,2,,2,,,,,,1,,,,2,,,2,21,,24,,2,,,12,,,,,,,,19,1,1,,,,,,,21,,,39,,,2,,14,2,,26,,,,,,5,,,33,,,,,,11,,,,
3280,23,,31,,,,,,70,,,23,16,,,,15,,,,,,,,25,,,,,,,,,,,,,19,,,1,,,,,21,,22,,,,,23,,,,,,,,20,,31,,,,,2,,18,,,53,,,,,9,3,,24,,,,,,,,,38,,,,,,27,,,,
3281,28,,31,,,,,,70,1,,21,28,,,,16,,,,,,,,27,,,,1,,,,,,,,,11,,1,1,,,,,21,,8,,,,,19,,,,,,,,19,,33,,,,,,,15,,1,51,,,15,,15,,,19,,,,,,,,,34,,,,,,27,,,,
3282,1,,36,,1,,,,1,,1,1,1,1,,,23,1,,1,1,16,1,1,1,1,1,,,1,1,1,1,,1,1,1,1,1,,1,1,1,1,1,1,,1,1,1,1,1,9,1,1,1,,,,,17,1,1,,1,,,1,1,1,1,1,38,,,1,1,1,,1,1,1,1,1,1,1,1,,1,1,1,1,1,1,1,27,,,,
3283,,,,6,2,1,1,7,,4,,,,,,,,,5,3,4,7,,,1,,,,30,,6,,,,,5,,,,,5,6,,,,,,29,,2,,,6,2,,,,,,7,18,,,,,,,,,,5,,7,,,,,,,,,,,,,,2,,,,,,6,1,,,,,,
3284,1,,,2,,,,,,,,,,,,,,,,3,,,,,,,,,,,,,,,,,,,,,,,,,,,,1,,,,,,,,,,,,,,,,,,,,,,,,,23,,,,,,,,,,,,,,,5,,,,,12,,,,,,,
3285,13,,32,,,,,,51,,,12,27,,,,24,23,,,,,,,22,,,,,,,,,,14,,,8,2,,,,,,,18,,25,,,,,20,,,,,,,,2,,20,,,,,,,20,,,46,,,2,,2,,,5,,,,,,,,,25,,2,,,,31,9,,,
3286,,,,,,,,,,,,,,,,,,,,,,,1,,,,,,,1,,,,,,,,,,,,,,,,,,,,,,,,,,,,,,,,,,,,,,,,3,,,24,,,,,,,,,,,,,,,14,,,,,,,,,2,,,
3287,21,,33,2,,,,,66,,,19,21,,,7,17,,,9,,,,,25,,,,,,,,,,,,,13,,,,,,,,18,,20,,,,,13,,,,,,10,,22,,32,,,,,,,13,,,41,,,,,14,,,21,,,,,,,,,34,,,,,,26,,,,
3288,28,,34,,,,,,70,,,19,25,,,,22,,,,,,,,23,,1,,,,,,,,,,,17,,,,,,,1,17,,21,,,,,23,,,,,,,,21,,33,,,,,,,17,,,1,,,,,14,,,27,,,,,,,,,38,,,,,,29,,,,
3289,21,,31,,,,,,71,1,,19,15,,,,4,39,,,,,,,16,,,,,,,,,,,,,9,,,,7,,,,22,,6,,7,,,11,,,,,,,,21,9,23,,,,,11,,16,10,,39,,,3,,5,,,13,,11,,,,,1,13,28,,,,,4,25,,,,
3290,19,,3,3,2,1,2,3,10,,,4,1,1,2,6,1,1,1,4,18,2,3,2,15,5,4,2,10,2,20,,4,6,9,2,10,14,2,2,,4,3,2,3,2,1,1,1,2,1,,9,5,3,4,3,3,11,,2,3,4,,2,1,1,4,7,3,6,11,10,2,3,1,3,,2,2,2,14,3,6,5,3,4,2,2,43,3,4,3,3,14,1,4,,1,1
3291,27,,29,,,,,,69,,,18,27,,,,20,,,,,,,,24,10,,,,,,,,,,,,16,,,,,,,,20,1,17,,,,,16,,,,,,,,20,,32,,,,,,,21,,,50,,,,,12,,,19,,,,,,,,,40,,,,,,25,,,,
3292,28,,33,9,,,,,69,1,,15,29,,,,22,43,,,1,,19,,4,1,,,,,,,,,14,4,,1,,,,,,,,9,,18,,,,1,18,,,,,,,,20,,31,,,,,,,24,,,39,13,,,,15,15,,16,,23,,,,,,,32,,,1,,,2,,2,,4
3293,,,,,,,,,,,,,,,,,,,,,,,,,,,,,,,,,1,,,,,,,,,,,,,,,,,,,,,,,,,,,,,,,,,,,,,,,3,27,1,,,,,,,,,,,,,,15,,,,,7,,14,,,,,
3294,,,,,,,,,,,,,,,,,1,,,,,,,,,,,,,,,,,,,1,,,,,,,,,,,,,,3,,1,,,,,,,,2,,,,,,2,,,,,,,24,,,,3,,,,,,,,,,,12,,1,,,1,,3,,,1,,
3295,29,,28,,,,,,9,,,17,27,,,,22,8,,,,21,,,3,,,,,,,16,,,12,,,13,,,,,,,,2,,25,,7,,,23,,,,,,,,8,,19,,,,,,,18,,,51,,,8,,17,,,5,,,,,,,,,28,,10,,,,29,,,,2
3296,29,,28,,,,,,71,,,19,29,,,,18,,,,,,,10,24,5,,,,,,,,,,,,13,,,,,,,,7,,7,,,,,21,,,,,,,,19,,31,,,,,,,18,,,4,,,,,13,,,24,,,,,,,,,36,,,,,,26,4,,,
3297,27,,32,,,,,,71,,,23,28,,,,16,,,,,,8,,22,,,,,,,,,,,,,18,,,,,,,,14,,23,,,,,22,,,,,,,,20,,34,,,,,,1,4,,,53,,,,,12,,,25,,,,,,,,,39,,,,,,31,,,,
3298,4,,34,20,,,,,69,,,22,28,,,,21,,,,,1,,,24,,,,,,,,,,,,,10,,,,,,,,22,,19,,,,,20,,,,,,,,19,,33,,,,,,,12,1,,48,,,,,10,13,,24,,,,,,,,,32,,,,,,31,11,,,
3299,17,,35,,,,,,70,,,16,28,,,,20,,,,,,,,26,,,,,,,,,3,1,,,18,,,,,,,,23,,26,,,,,21,,,,,,,,20,,32,,,,,,,18,,,52,,,,,12,,,21,,,,,5,,,,38,,,,,,28,,,,
3300,,,,,,,,3,,,,,,1,,5,6,3,2,,,,,,2,,1,,,3,,,,,,,,,,,,,,,,,,,,,,6,1,,,,,,,,,,,,,,1,,,,,3,25,,,5,,,,,,,,,,,5,14,,,,1,,,,,,,1,
3301,,,,,,,,1,,,,,,,,,,,,,,,,,,,,,,,,,,,,,,,,,,,,,,,,,,,,,,,,,,,,,,,,,,,,,,,,,5,,,,,,,,,,,,,,,7,,,,,10,,,,,,,
3302,28,,32,,,,,,70,,,13,25,,,,5,42,,,,,,,26,4,,,,,,,,,,,,17,,,,,,,,19,,5,,13,,,17,,,,,,,,22,,30,,,,,,,6,,,6,,,,,14,,,15,,,,,,,,,31,,,,2,,26,,,,
3303,,,2,,,,,2,,,,,,,,,,,,,,,,,,1,,,,,,,,,,1,,,,,,,,,,,,,,,,,,,,,,,,3,,,,,,1,,,,1,,,22,,,,,,,,,,,,,,,12,,,,,,,,,,,,
3304,,,,,,,,,,,,,,,,,,,,,,,,,,,,,,,,,,,,1,,,,,,,,,,6,,,,,,,9,,,10,,1,,,23,,,,,,,,3,,,,27,,,,,,,,,,,,,,,12,,,,,,,16,,,,,
3305,25,,24,,,,,,69,,2,12,15,,,22,14,30,,,,21,,,20,2,,1,,,3,1,,,,1,,2,,,1,1,,17,1,14,,24,,3,,,21,1,,,,1,,,20,2,23,,,,,,,17,,,1,,1,3,1,1,1,,17,,1,,,,6,,,34,,,,,1,12,,,1,22
3306,1,,33,20,,,,,71,,,19,26,,,,18,,,,,24,6,,22,,,,,,,,,3,,,,7,,2,2,,,,,21,,21,,,,,20,,,,,,,,21,,32,,,,,,,19,,,46,,,,,16,,,22,,18,,,,1,,,34,,1,,,,25,,,1,
3307,22,,31,,,,,,68,,,17,14,,,,3,,,,,1,,,23,1,1,,,,,,,,,,,8,,,,,,,,22,,2,,,,,12,,,,16,,,,13,,27,,,,,,,19,,,4,,1,,,11,3,,8,,,,20,,,9,,36,,,,,,12,,,,1
3308,20,,3,,,2,,,3,1,6,20,11,,,14,14,29,,10,,,,,20,,,2,23,,,12,1,,7,,,16,4,,,,,,,22,,3,4,2,,1,20,16,2,,14,,10,,1,,15,2,,,,14,,21,,,3,,18,,,17,4,,8,,12,4,14,,5,,,4,,,,,,13,,,,1
3309,,,,3,,3,2,6,,3,,,,,,,,,2,1,2,1,,,1,,,,30,,3,,,2,,5,,,,,4,5,,,,,,30,,1,,,6,1,,3,,,,6,16,,,,,,,,,,6,,5,,,,,,,,,,,,,,8,,,,,,8,,9,,,,,
3310,1,16,,,5,,,2,42,5,10,24,10,,8,1,14,4,1,1,,18,5,14,6,,1,1,7,3,16,,,,6,,,2,8,10,,5,,10,,10,,3,1,1,18,,19,,1,1,20,,12,,21,1,9,,1,,,,,,,,1,,,,7,11,7,,11,1,6,,,1,,,,9,12,,,1,2,11,4,,,22
3311,,,,6,,,2,5,,3,,,,,,,,,3,2,1,5,,,3,,,,28,,1,,,,,1,,,,,2,4,,,,,,28,,,,,2,2,,1,,,,3,15,1,,,,,,,,,6,,3,,,,,,,,,,,,,,10,,,38,,,8,,2,,,,,
3312,24,5,15,,,,,14,70,,,14,13,,,,13,6,,,,13,,1,3,,,,,,,,,,,,,17,,,,,,,,6,3,15,,,,,17,,,,,,,,19,5,30,,,,,,,15,,,42,,,,4,16,,,16,,,,,,,,,34,,,,1,1,15,,,,
3313,26,,26,,,,,,67,,,20,21,,,,22,40,,,,,,,24,,,,,,,,,,,,,15,,,,,,,,24,,23,,,,,12,,,,,,,,20,,33,,,,,,,15,,,49,,,,,16,,,23,,,,,2,,7,,36,,,,,,26,2,,,
3314,,,,4,,1,4,8,,4,,,,,,,,,2,2,3,3,,,3,,,,26,,6,,,,,3,,,,,6,7,,,,,,30,1,,,,5,2,,,,,,6,16,,,2,,,,,,,6,,6,,,,,,2,,,,,,,,7,,,,,,3,,2,,,,,
3315,,,,,,,,1,,,,,,,,,,,,,,,,,,,,,,,,,,,,,,,,,,,,,,,,,,,,,,,,,,,,1,,,,,,,,,,,,,26,,,,,,,,,,,,1,,,14,,,,,,,1,,,,1,
3316,29,,30,,2,,,11,74,,,22,29,,2,,21,,,,,,,,25,,,,,,,,,,,5,,19,,,,,,,,19,,20,,,,,22,,,,,,,,16,,35,,,,,,,18,6,,52,,,,,13,,,26,,,,,,,,,40,,,,,,28,,,,
3317,11,,,7,,,,1,,,,,,,,9,1,,1,1,,,,,,,,1,4,,,4,,,1,,,,,,,,,,,,,,6,,2,,,,,,1,,3,,,,1,,,,,,1,4,,,8,,,4,,,,,3,,4,,,,,15,,,1,,4,,,,,2,,
3318,,,1,5,,,2,6,,5,,,,,,,,,6,4,5,7,,,2,,,,29,,1,,,,,5,,,,,6,6,,,,,,27,,,,,1,4,,,,,,2,16,,,1,,,,,,,4,,6,,,,,,,,17,,,,,,11,,,,,,7,,,,,,,
3319,26,,20,,,,,,59,,7,22,15,,,,14,,,,,,,,24,,4,,10,,,,1,,17,,,18,,,,,,,,13,,11,,,,,22,,,,,,,,11,,35,,33,,,,,8,,,48,,,,,10,,,1,3,,,,,,,,40,,,,,3,28,18,,,
3320,28,,32,,,,,,69,,,20,28,,,,22,,,,,,,,25,,,,,3,,,,,,,,11,,,,,,,,21,,22,,,,,24,,,,,,,,19,,35,,,,,,,10,,,50,,,9,,12,,,19,,,,,,,,,32,,,,,,30,,,,
3321,26,,31,,,,,,52,,,2,14,,,,21,,,,,,,,25,,,,,,,,,,,,,19,,,,,,,,25,,4,,,,,18,,,,1,,,,20,,30,,,,,,,9,,,51,,,,,15,,,7,,,,,,,,,38,,,,,,26,,,,
3322,25,,,,13,,,10,3,1,,26,10,,6,20,28,2,5,2,,22,8,,1,,,7,5,3,18,,,,5,,4,19,4,9,,4,,12,3,,,26,,,19,,20,1,,,,,12,,23,,8,1,,4,,,,,4,,13,,,2,9,1,,,11,5,4,,,,1,,,12,,,,,8,22,2,,,20
3323,3,,32,,,,,,1,,,18,21,,,2,3,30,,,,4,,1,1,3,,1,1,,1,,,,,,,17,,,,2,,,,25,,22,,,,,1,1,,,,,,,5,,28,1,1,,,,,14,,,46,,,,,6,,,21,1,,,,,,,,34,,,,,,23,1,,,1
3324,,,,,,,,,,,,,,,,,,,,,,,,,,,,,,,,,,,,,,,,,,,,,,,,,,2,,,,,,,,,,,,,,,,,,,,,,,18,,,1,,,,,,,,,,,,14,,,,,9,,,,,,,
3325,,,,4,,,3,4,,5,,,,,,,,,5,4,7,6,,,4,,,,29,,5,,,,,3,,,,,2,6,,,,,,27,,,,,7,3,,3,,,,4,17,,,1,,,,,,,2,,4,,,,,16,,,,,,,,,12,,,,,,7,,,,,,,
3326,24,,32,,,,,,68,,,6,18,,,,22,37,1,,,5,,,22,,,,,,,1,,2,,1,,21,,,,,,,,4,,17,,,,,1,,,,,1,,,21,1,34,,,,,,,14,9,,24,,,,2,17,,,16,,,,,,6,15,,37,,,,,,28,,,,
3327,25,,17,,,,,,44,,,18,19,,,19,17,35,,,,,,,21,,1,,,,,,,,,,,4,,,,,,,,24,,28,,,,,4,,,,,,,,5,2,20,,,,,,,9,,,33,,,8,,16,,,14,2,,,,,,,,37,,,,,,24,,,,
3328,25,1,14,,11,,,,58,,,19,27,,,9,1,40,,,,2,,,22,8,,,11,9,,,,,,1,,18,,,,,9,20,,1,,6,1,,,,8,1,12,,6,1,,,21,,32,,,,,,,17,,,39,,,,,3,4,,10,,,,,,,9,,29,14,,,,,4,,,,
3329,27,6,19,,,,,,4,,,17,19,,,,11,45,,17,,,,,24,,,2,,,,,,,,,,20,,,,,,,,4,,24,,2,1,1,22,1,3,,,,,,10,3,25,,,,,,,14,,,44,4,,,,15,,1,17,,,,,,,,,31,1,,,,,23,,,,
3330,27,,30,,,,3,,72,,,22,21,,,,11,,,,,,,,22,,,,,,,,,,,,,18,,,,,,,,10,,5,,,,,21,4,,,,,,,15,,28,,,,,,,1,,,5,,,,,9,,,16,,,,,,,,,39,,,,,,28,,,,
3331,1,,33,,,,,,68,,,18,26,,,,21,37,,,,,,,2,,,,,,,,,,,,,6,,,,,,,,15,,3,,5,,,12,,,1,,,,,17,,2,,,,,,,18,,,38,3,,12,,16,6,,20,,22,,,,1,,,34,,,,,,27,,,,
3332,27,,26,,,,,,73,,,23,10,,,,9,,,,,,,,25,,,,,,,,,,,,,18,,,,,,,,21,,21,,,,,24,,,,,,,,21,,32,,,,,,,17,,,50,,,,,14,,,22,,,,,,,,,34,,,,,2,28,,,,
3333,10,,,,,,,11,,,,1,,,,1,,,,,2,,1,,,,,,2,,,,,,,,,,,,,,,,,,,,,1,1,,,1,,1,,1,1,,1,,,,,,,1,,,,1,1,,4,4,,,,,4,,4,2,1,,,15,,1,,,2,,,,,2,,
3334,13,1,1,,,1,,,64,,,13,23,,,,21,25,,,2,24,,,22,,,,,,,,,,12,,,4,,,,,,,,4,1,22,1,6,,,2,,,,,,,,7,,25,,,,,,,19,,,46,,16,,1,7,,,8,,,,,,,,,11,,,,,,31,,,,3
3335,22,,36,,,,,,72,,,19,31,,,,22,,,,,,,,13,,,,,,,,,,,,,18,,,,,,,,21,,2,,15,,,22,,,,,,,,21,,28,,,,,,,15,,2,52,,,,,11,1,,23,,,,,,,,,38,,,,,,27,,,,
3336,25,,,,13,,,10,2,4,,26,1,,1,21,27,2,6,1,1,22,7,,2,,,8,1,3,19,,,,6,,3,21,3,8,1,3,,11,1,,,27,,,1,,20,,,,,,3,,22,,1,,,1,,,,,1,,15,,,,9,2,,,1,3,6,,,,,,,14,,,,,9,21,1,,1,
3337,14,,16,,12,,,,63,,,17,14,,,,17,44,,,,,,,20,,,,,,,,,,,,,15,,3,,,,,,24,,6,,,,,16,,,,,,,,14,,19,,,,,,,15,1,,43,,,4,,13,,,14,,19,,,,,,,13,,,,,,24,,,,
3338,18,,36,,,,,7,1,1,,9,10,,,,10,39,,3,3,1,,2,21,,1,,,,,,,,4,1,,4,,,2,,,3,,21,,14,,,,,19,,1,,,,,,19,,27,4,,2,,,,4,,,36,5,2,6,,17,,,,,19,,,,21,1,,12,3,,,,,4,,,,
3339,,,,,,,,,,,,,,,,,,,,,,,,,,2,,,,,,,,,,,,,,,,,,,,,,,,,,,,,,,,,,,,,,,,,,,,,,,23,,,,,,,,,,,,,,,1,,,,,,,,,,,,
3340,22,,36,11,,,,7,69,,,4,13,,,,14,37,,18,26,25,,16,15,,,1,12,,16,,,,13,,16,6,,9,,8,8,,,23,,22,,,12,,22,,3,,,13,12,,16,,25,,,,,,,14,11,,38,,3,,,14,,,11,1,,,13,,,,,6,,,,,,1,18,,,
3341,21,,32,,,,,,61,,,18,11,,,,7,44,,12,,19,,,3,,,,22,,,,,3,,,,17,,,,,,,,21,,19,1,,,,10,,,,,,,,12,,27,,,,,,,17,,,38,12,12,,,16,,,21,,,,,,,,,34,,,,,,3,,,,18
3342,25,,31,,,,,,70,,,1,24,,,,18,38,,,,,,,26,12,,,,,,,,,,,,20,,,,,,,,7,,22,,,,,23,,,,,,,,18,,30,,,,,5,,13,,,45,,11,,,13,,,24,,,,,7,,,,36,,,2,,,27,,,,
3343,6,12,7,,,,,5,65,,7,10,3,,8,,2,21,,,,,15,,16,11,,2,,,,,,2,,4,14,20,,13,,,,,,24,,13,10,7,,,22,,,,14,,,,14,,12,9,30,,,,13,10,,,50,,13,5,,17,13,,17,5,,,,,,,,33,,,,12,,7,,,,
3344,26,,33,,,,,,47,,,22,25,,3,,21,41,,,,,,,24,,,,,,,,,,,,,21,,,,,,,,20,,21,,,,,21,,,,,,,,18,,30,,,,,,,19,,,51,,,,,12,,,26,,,,,,,,,41,,,,,,29,,,,
3345,26,,35,,,,,,71,,,14,26,3,,,21,,,,,,,,26,,,,,,,,,,,,,16,,,,,,,,22,,21,,,,,13,,,,,,,,19,,32,,,,,,,18,,,48,6,12,,,11,,,25,,,,,,,,,38,,,,,,29,,,,
3346,5,,20,,,,,,47,,,18,22,,,,3,30,,,,22,,,23,2,,,1,,,,,,12,,,20,,,,,,,,22,,6,2,14,,,20,,,,,,,,9,,26,,,,,,,16,,,44,11,,,,16,,,26,8,,,,8,,,,28,,,,,,28,,,2,
3347,23,,33,,,,,,67,,,23,27,,,,19,,,,,,,,25,,,,,,,,,,,,,20,,,,,,,,19,,24,,,,,20,1,,,,,,,22,,34,,,,,3,,5,,,52,,,,,15,,,25,,,,,,,,,36,,,,,,27,,,,
3348,,,,,,,,,,,,,,,,,,,,,,,,,,,,,,,,,,,,,,,,,,,,,,,,,,,,,,,,,,,,,,,,,,,,,,,,,24,,,,,,,,,,,,,,,9,,,,,,,10,,,,1,
3349,27,4,32,,,,,,66,,1,16,20,,,,9,36,,,,,,1,27,,,1,,,,,,,,,1,20,,,,,,19,,18,,26,,1,,,24,,1,1,1,,,,9,,32,,,,,,,16,,,8,,,,,16,,,12,11,,,4,,,,,32,,,,,,28,,,,
3350,27,,31,,,,,,71,,,21,27,,,,17,,,,,,,,19,,3,,,,,,,,14,,,19,,,,,,,,17,,20,,,,,21,,,,,,,,18,,35,,,,,,,18,,,46,,,,,15,,,23,,,,,,,,,39,,,,,,24,,,,
3351,24,,34,,,,,,71,,,15,27,,,,20,,,,,,,,21,6,,,,,,,,,,,,20,,,,,,,,20,,20,,,,,22,,,,,,,,21,,33,,,,,,,3,,,52,,,,,14,,,22,,,,,,,,,38,,,,,,27,2,,,
3352,27,,34,,,,,,70,,,16,24,7,,,22,,,,,,,,20,,,,,,,,,,3,,,21,,,,,,,3,23,,20,,,,,21,,,,,,,,22,,33,,,,,,6,19,,1,51,,,,,7,,,23,,,,,,,,,34,,,,,,28,,,,
3353,9,,32,,,,,,70,,,17,27,1,,,18,4,,,,,,,27,,,,,,,,,,,,,18,,,,,,,,18,,24,,4,,,19,,,,,,,,14,,31,,,,,,,15,,,44,,,,,13,,,21,,,,,,,,,33,,,,,,27,12,,,
3354,6,,3,3,3,5,5,4,,,,,,4,,,4,6,,4,3,10,,4,4,,4,,5,4,4,4,,1,2,,6,,5,,,,8,3,3,,,,4,3,,,,,2,1,2,1,,,,,,,1,,,,,4,4,,2,3,,,3,,1,4,,,,,,6,,,,,1,,,1,1,4,3,,5,
3355,27,,27,,,,,,71,,,23,20,2,,,18,,,,,,,,26,,,,,,,,,,,,,20,,,,,,,,22,,21,,,,,17,,,,,,,,20,,33,,,,,,,19,,,50,,13,,,12,,,27,,,,,,,,,39,,,,,,27,,1,,
3356,5,,32,,,,,,2,,,14,26,,,,23,24,,,,,,,21,,,,,,,17,,,13,,,7,,,,,,,,3,,24,,8,,,20,,,,,,,,8,,21,,,,,,,20,,,16,,,10,,17,,,4,,,,,,,,,27,,,,,,32,,,,
3357,28,,32,,,,,,70,,,20,24,,,,20,,1,,,16,,,22,,,,,,,,,,,,,19,,,,,1,11,,23,,20,,,,,8,,6,,,,,,21,,23,2,,,,,,17,,,53,,,,1,10,1,,24,,,,1,,,,,26,,,,,,30,,,,
3358,19,,31,,,,,,64,,,18,3,,,,7,38,,,,,,,19,,,,,,,,,,,,,12,1,,,,,,,23,,12,,6,,1,1,,,,,1,,,19,,23,,,,,,,19,,,4,3,,,,14,,,17,,17,,1,,,,,1,,,,,1,3,,,,
3359,11,,32,,,,,,64,,,10,24,,,,12,28,,,,,,,19,,,,25,,,,,11,15,,,19,,,,,,,,21,1,24,,,,,18,,,,,,,,2,,33,,,,,,,21,,,3,,,,,16,,,7,,,,,,,,,11,,2,,,,30,15,,,
3360,24,,35,,,,,,47,,,15,23,,,,21,,,,,,,,21,,1,,,,,,,,,,,19,,,,,,,,17,,21,,,,,21,,,2,,,,,20,,33,,,,,,,18,,,47,,,,,12,,,3,,,,,,,,,33,,,,,,26,,,,
3361,3,,9,,24,,,,39,,5,3,9,,8,20,10,33,,1,24,19,11,12,12,7,2,5,1,1,14,,11,,10,,11,16,11,7,,,10,12,,7,,8,8,15,13,,13,15,,10,15,,9,,15,14,16,,,,9,,,11,4,,12,11,10,,,2,7,8,10,4,16,13,10,1,14,,,3,1,,,,,7,14,,,17
3362,,,,,,,,,,,,,,,,,,,,,,,,,,,,,,,,,,,,,,,,,,2,,,,,,,,,,,,,,,,,,,,,,,,,,,,,,,2,,,,,,,,,,,,,,,13,,,,,,,,,,,,
3363,,,,,,,,,,,,,,,,,,,,,,,,,,,,,,,,,,,,,,,,,,,,,,,,,,,,,,,,,,,,,,,,,,,,,,,,,3,,,,,,,,,,,,,,,8,,,,,,,,,,,,
3364,,,,,,,,,,,,,,,,,,,,,,,,,,,,,,,,,,,,,,,,,,,,,,,,,,,,,,,,,,,,,,,,,,,,,,,,,10,,,,,,,,,,,,,,,10,,,,,,,,,,,,
3365,21,,34,,,,,,68,,,9,11,,,,5,37,,18,,,,,17,,,,,,,,,,,,,18,,,,,,,,3,,8,,,,,16,,4,,,,,,21,,30,,,,,,,1,10,,37,,,13,6,17,,,12,,,,,,,2,,16,,,,,,1,,,,
3366,10,,29,,,,,,63,,,14,26,,,,20,4,,,,,,,22,,,,,,,,,10,12,,,17,,,,,,,,18,,23,,,,,15,,,,,,,,1,,24,,,,,,,17,,,47,,,,,17,,,8,,,,,,,,,29,,9,,,,31,,,,
3367,27,,32,,,,,1,70,1,,18,28,,,9,1,,,,,,,,26,6,,,2,,,,,,,,,11,,,,,,,,23,,8,,,,,4,,,,,,,,19,,33,,,,,1,,17,,,49,,1,,1,15,,,14,3,,,,,,,,37,,,,1,,29,,,,
3368,30,,,,13,,,11,50,,,3,15,,2,1,24,45,8,4,,20,3,,14,,,1,,8,23,,,,,3,,13,,7,,7,,15,,,,19,,1,16,,21,1,,,,5,14,,25,,2,,,6,10,,,,,,12,,,,,3,,,15,,5,,,,,,1,15,,,,,,19,3,,,21
3369,20,,32,,,,,,66,,,8,1,,,,6,37,,,,,,,19,,,,,,,,,,,,,9,,,,,,,,22,,7,,,,,9,,5,,,,,,20,,22,,,,,,,1,,,5,,,3,,1,,,13,,13,,13,,,,,21,,,,,1,26,,,,
3370,33,,11,,,,1,,62,,,1,28,,,,21,5,,,,,,,18,,,,25,,,,1,1,15,7,,15,,,,,,,,1,,24,2,1,,,20,,,,,,3,2,8,,2,,,1,,,,1,,,46,,,13,,17,1,,5,,1,,16,,,,1,11,1,,,1,,20,,,,
3371,2,,3,,,1,,,65,,,14,27,,8,,24,1,,,,1,,,24,,,,,,,,,,15,,,1,,,,,1,8,,19,,25,,,,,20,,,,,,,,3,,15,,,,,,,19,,,47,,,9,,13,,,8,,1,,,,,,,32,,,,,,32,10,,,
3372,,2,,,,,,,1,2,,,,,1,,5,4,3,1,4,4,2,3,,,,,,,1,10,1,,,,,3,2,5,,,1,,1,3,,,13,1,,,,,,,,,4,,,,,,,1,2,,6,,5,4,,,5,,,1,2,,,,,,5,1,,3,1,6,3,5,2,5,5,,,,,3
3373,12,,34,,,,,,71,,,14,24,,,1,18,33,,,,19,,,23,,,,,,,,,12,,,,19,,,,,,,,16,,23,,,,,15,,3,,,,,,7,,3,,,,,,,18,,,3,2,,15,,3,,,21,,,,,,,,,32,,,,,,26,,1,,
3374,28,,24,,,,,,69,,,20,14,,,21,14,42,,,,2,,,19,1,,,,,,,,,,,,17,,,,2,,,,13,,8,,,,,11,,,,15,,,,17,,23,,,2,,,,17,10,,40,,,,,15,2,,12,,24,1,,,,,,10,,,,,,23,,,,
3375,20,3,1,,,,,12,1,,,13,13,1,1,9,20,22,1,3,,1,1,15,12,4,,6,1,,,1,,1,1,7,1,1,,9,1,,,9,1,3,1,24,1,2,11,,19,1,,,13,,,1,1,,3,,1,,1,,,9,,,9,,10,1,,12,1,1,1,1,,1,,1,1,1,1,34,3,1,,,,1,1,1,,1
3376,18,,37,,,,,5,67,,,11,11,,,,13,,,4,4,,,1,22,,,,,,,,1,,4,1,2,1,,,4,,,2,,18,,10,,,1,,1,,,,,,,,1,,26,,,3,,,,1,,,35,1,4,5,,16,,,,2,19,,1,,20,3,,14,1,,,,,3,1,,1,
3377,27,,29,,,,,,68,,,17,13,,,,22,,,,,,,,25,,,,,,,,,,,,,18,,,,,,,,21,,9,,,,,14,,,,,,1,,2,,31,,,,,,,17,,,45,,,,,14,1,,2,,,,,,,,,36,,,,,,28,,,,
3378,29,,31,16,,,,,69,,,23,15,,,,15,,,,,,,,26,,,,,,,,,,,,,20,,,,,,,,22,,9,,,,,23,,,,,1,,,22,1,33,,,,,,,16,,,52,,,,,11,,,3,,,,,,,,,37,,,,,,29,,,,
3379,10,,32,,,,,,66,,,17,24,,,,18,1,,18,,16,,,21,,5,,,,,,,,,,,17,7,,,,,,2,19,,7,,10,,,11,,,,,,,,8,,25,,,,,,,18,,,45,,,,,12,,,3,,,,,,,,,30,,9,,,,30,,,,
3380,15,,33,,,,,,64,,,19,18,,,,18,6,,,,5,,,25,,,,,,,,,,,,,20,,,,,,,,22,,25,,,,,17,,,,,,11,,21,,31,,,,,,,17,,,51,,,,,16,,,26,,,,,,,2,,24,,,2,,,28,,1,,
3381,28,,34,,,,,,70,,,19,28,,,,18,,,,,,,,20,,,,,,,,,,,,,21,,,,,,,,17,,21,,,,,23,,,2,,,,,21,,30,,,,,,,17,,,54,,,,,12,,,29,,,,,,,,,40,,,,,,28,,,,
3382,,,,5,,,3,5,,3,,,,,,,,,4,1,5,5,,,2,,,,31,,7,,,,,6,,,,,3,6,,1,,,,29,,,,,4,3,,4,,,,4,18,2,,,,,,,,,5,,6,,1,,,,,,,,,,,,13,,,,,,2,,,,,,,
3383,28,,22,,,3,,,47,,,18,26,,,,18,26,,,,,,,5,,,,,,,,,,,,,12,5,,,,,,,24,,28,,,,,20,,,,2,,,,7,,26,2,,,,,,20,6,,43,,,,,15,,,16,6,15,,,,,,,35,,,,,,25,,,,
3384,,,,,,,,,,,,,,,,,,,,,,,,,,,,,,,,,,,,,,,,,,,,,,,,,,,,,,,,,,,,,,,,,,,,,,,,,24,,,,,,,,,,,,,,,13,,,,,,,,,,,,
3385,7,,1,,,,,,66,,,11,2,,,,6,44,,,,,,,23,,,,,,,,,,,,,15,,,,,,,,22,,20,,,,,11,,,,,,,,18,,28,,,,,,,13,,,38,,,,,13,,,16,,16,,8,,,4,,10,,,,,,23,13,,,
3386,27,,,,,,,,63,,,21,12,,,,21,,,,,,,,25,,,,,,,,10,,,,,17,,,,,,,,21,,20,,,,,21,,,,,,,,14,,34,,,,,,,19,,,5,,,,,14,,,25,,,,,,,,,38,,,,,,30,,,,
3387,,,,,,,,,,,,,,,,,,,,1,,,,,,,,,,,,,,,,,,,,,,,,,,,,,,,,,,,,,,,,,,,,,,,,,,,,,26,,,,,,,,,,,,,3,,12,,,,,,,,,,,,
3388,9,,,,,,,,,,,2,,,,,,,,,1,,,,,,,,1,,,,,1,,,,,,,,,,,,,,2,,,4,,,,,,,,,,,,,,,,,,,,,,14,,5,2,,,,,3,,1,1,,,,15,,,,,5,1,,,,4,,
3389,26,1,18,,,,,11,1,,,18,18,,15,,10,6,,,2,,,1,21,1,,,,,,1,,,,1,,4,,,,,1,,,24,,29,,,,,16,21,,,13,3,1,,1,8,21,,,,4,,,18,6,,34,2,,,,17,,,9,8,,1,,,,,1,37,2,,,,,27,2,,2,
3390,,,,,3,,,7,,,,,,,,,,,,,,,,,,1,,,,,,,,,,,,,,,,,,,,,,,,,,,,,,,,,,1,,,,,,,,,,4,,,3,,,2,,,,,,,,,,,,12,,,,,,,,,,,,
3391,26,,33,,,,,,70,,,22,28,,,,18,,,,,,,,25,,,,,,,,,,,,,17,,,,,,,1,22,,22,,,,,19,,,,,,,,5,,31,,,,,,,18,,,52,,,,,10,,,24,,,,,,,,,37,,,,,,28,,,,
3392,,,,,,,,1,,,,,,,,8,,7,,6,,,,,,,,,,,,,,,,,,,,,,,,,,,,,,,2,4,,,,,,,,,,,,4,,,,2,,,,,25,,,,,,,3,,,,,,,2,17,,,,,,,,,,,,
3393,25,5,34,,,,,10,60,,,4,14,,,,13,30,,,22,,,,23,,,,,,,,,,,2,,20,,,,,,,,1,,22,,,,,1,,,,,,,,22,,33,,,,,,,16,,,39,,,,,14,,,1,,,,,,,,,30,,,,,4,2,,1,,
3394,8,,,,,,,9,,,,,,,,9,,,,,,,,,,,,,,,,,,,,,,,,,,,,,,,,,,,,,,,,,,,,,,,,,,,,,,,,,5,,3,,,,,,,,,,,,,9,,,,,13,,,,,,,
3395,25,,32,,14,,,,65,,,5,17,,,,1,45,,,,,,,23,,,,,,,,,,,,1,12,,,,,,,,23,,22,,,,,17,,,,,,,,18,,19,,,,,,,14,,,37,,,,,13,,,25,,,,7,,,,,20,,,,,,27,,,,
3396,26,,36,,,,,,69,,,21,20,,,,15,,,,,,,,26,,,,,,,,,,,,,20,,,,,,,,22,,18,,,,,20,,,,,,,,21,,30,,,,,,,2,,,48,,,14,,12,,,17,,,,,,,,,38,,,,,,23,,,,
3397,25,,31,,,,,,56,,,22,31,,1,,20,,,,,3,,,22,11,,,,,,,,,,,,19,,,,3,,,,22,,22,,,,,20,1,,,,,,,4,,32,,,,,,,19,,,41,,,,5,5,,,22,,,,,,,,,39,,,,,,26,,,,
3398,21,,1,,,2,,8,1,,4,21,12,,,13,12,1,,12,,23,,,22,,,2,22,10,,13,,,5,,,16,3,,,,,,1,3,1,2,5,1,,2,20,1,,,15,,,,21,,3,1,,,1,12,,20,,,4,,15,,,18,2,,11,,14,5,16,,4,,1,3,,,,,,12,,,,3
3399,,,,,,,,,,,,,,,,,,,,,,,,,,,,,,,,,,,,,,,,,,,,,,,,,,,,,,,,,,,,,,,,,,,,,,,,,27,,,,,,,,,,,1,,,,14,,,,,,,,,,,,
3400,,,,,,,,,,,,,,,,,,,,,,,,,,,,,,,,,,,,,,,,,,,,,1,,,,,,,,,,,,,,,,,,,,,,,,,,,,8,,,,,,,,,,1,,,,,14,,,,,,,,,,,,
3401,18,,1,,,,,2,69,,,21,11,,,,8,,4,4,2,,,3,22,,2,,,,,,,,3,2,,3,,,1,,,1,1,19,,14,,,1,,19,,,,,1,,,1,,23,,,3,,,,5,,,36,2,1,5,,15,,,,3,20,,,,20,4,,14,4,,,,,4,,1,,
3402,17,,36,,,,,4,66,,,8,8,,,,7,36,,3,,,,4,21,,,,,,,,,,,3,,6,,,,,,4,,21,,23,,,,,20,,,,,,,,19,,22,,,5,,,,3,,,36,,4,3,,18,,,,,16,,,,19,,,13,4,,,,,5,,,,
3403,26,,34,18,,,,,71,,,11,21,,,5,19,29,,,,,,,25,,,,,,,,11,,,,,17,,,,,,,,22,,23,,,,,4,8,,,,,,,13,,29,,,,,6,,12,,,45,,,,,12,,,17,,,,,,,,,37,,,,,2,21,,,,
3404,10,,,,14,,,,48,,,19,18,,,,4,41,,18,,,,,21,,,,,,,,,,,,,8,5,1,,,,,,23,8,13,,,,,14,,,,,,,,22,,29,,,,,,,10,,,4,,,,,2,,,19,,14,,,,,,,27,,,,,9,28,,,,
3405,21,,4,,,3,,7,60,2,7,19,12,,,,20,32,,10,,,,,1,,,3,23,10,,14,,,2,,,18,1,,,,,,,1,,1,5,,,,21,,,2,15,1,,,9,,31,,,,,13,,21,,2,1,,17,,,16,3,1,7,2,,7,1,,5,,2,2,,,,,,12,2,,,2
3406,28,,36,,,,,,46,,,22,28,,,,18,,,,,,,,26,,,,,,,,,,,,,21,,,,,,,,21,,22,,1,,,19,,2,,,,,,19,,31,,,,,,,18,,,42,5,,,,10,,,19,7,,,,,,,,35,,,,,,28,,,,
3407,2,2,1,2,1,1,1,2,1,,1,2,2,1,1,2,2,1,1,2,2,1,,1,,1,1,2,1,2,2,1,1,1,1,,1,2,1,2,2,,2,1,2,1,,1,1,,1,1,1,1,1,2,1,1,1,1,1,1,2,,1,1,1,,1,,1,1,2,1,,2,1,1,1,1,2,2,2,1,1,1,1,2,1,1,1,1,,2,1,2,1,1,2,
3408,1,1,1,1,1,,1,1,1,1,,1,1,,1,1,6,38,1,1,1,22,1,1,1,1,1,1,,,1,1,1,1,1,1,,1,,,1,1,1,1,1,24,1,25,1,1,,1,16,1,1,1,1,1,1,1,1,,1,1,1,,1,1,1,15,,,41,1,,1,1,3,1,,1,1,1,1,1,,1,1,1,1,1,1,,1,1,26,1,,1,
3409,28,,18,,,,,,67,,,18,14,1,,1,12,46,,18,,16,14,,10,8,,,,,,,,,4,,,17,,,,,,1,,8,,22,,,,2,21,,,,,,,,2,,22,,,6,7,,,14,,1,44,,,,,14,1,,13,9,,,11,,8,,,29,,,,,3,15,,,,
3410,14,,18,7,,,,,9,,,15,26,,,,25,2,,,,10,,,2,,,,,,,,,,1,,,9,,,,1,,7,,19,,24,,,,,21,,,,,,,,3,,17,,,,,,,20,,,46,,,,,15,2,,8,,,,1,4,,,,33,,7,,,,32,11,,,
3411,28,,19,,,,,,69,,,7,29,,,,22,,,,,,,,16,,,,,,,,,,,,,15,,,,,,,,11,,19,,,,,22,,,,,,,1,18,,31,,,,,,,19,1,,47,,,,,10,,,25,,,,,13,,,,35,,,,,,25,,,,
3412,1,,30,,,,1,,8,,,11,25,,,,24,25,,,,,,,20,,,,,,,,,,17,,,6,,,,,,,,19,,25,,9,,,20,,,,,,,,6,,34,,,,,,,19,,,2,,18,9,,16,,,7,,,,,,,,,30,,8,,,,29,,,,
3413,1,1,1,,1,,,,,1,1,1,,1,,1,,1,,,,1,,,1,2,1,1,1,,,,,,1,1,,,,,,,2,,,1,,1,1,1,,,,1,,1,1,1,1,1,1,,,,,1,,,1,1,1,1,27,,1,2,1,,,1,1,,,,,,,18,,2,2,1,1,,2,,,1,,1
3414,,,,,,2,,,,,,,,,,,,,,,,,,,,,,1,,,,,,,,,,,,,,,,,,,,,,1,,,,,,,,,,,,,,,,,,,,,,,25,,,,,,,,,,,,,,,14,1,,,,1,,,,,5,,
3415,11,,36,1,,,1,7,62,,,16,24,,,,19,31,,,,,,,22,,,,,,,,,,13,,,19,,,,,5,,,21,,4,,,,,20,,,,,,,,8,,19,,,,,,,15,,,46,,,,,13,,,24,6,,,4,,,,,33,,,,,,30,,,,
3416,24,,35,,,,,,70,,,21,29,,,,19,,,,,,,,27,12,1,,,,,,,,,,,20,,,,,,,,14,,23,,,,,21,6,,,,1,,,18,,3,,,,,,,20,,,53,,,,,7,,,26,,,,,,,,,37,,,,,,28,,,,
3417,,,,,,,,,,,,,,,,,,,,,,,,,,,,,,,,,,,,,,,,,,,,,,,,,,,,,,,,,,,,,,,,,,,,,,,,,26,,,,,,,,,,,,,,,13,,,,,,,,,,,,
3418,22,,32,,,,1,,62,,,16,26,1,,,9,,,4,,3,,,1,,,,,,,,,,,,,7,,,,,,,,23,1,22,,9,,,19,,,,,,,1,22,,23,,,,,,,12,13,,37,,,3,,14,,,21,,,,,,,4,,41,,,,2,,13,,,,
3419,28,,34,,,,,,2,,,20,30,,,,21,,,,,,,,24,,,,,,,,,,,4,,20,,,,,,,,16,,20,,,,,22,,,,,,,,22,,31,,,,,,,15,7,,52,,,,,10,,,25,,,,,,,,,31,,,,,,25,,,,
3420,14,,32,,,,,,52,,,14,26,,,,24,22,,,,,,,22,,,,,,,,,,15,2,,7,,,,,,2,,22,,24,,,,,21,,,,,,,,3,,33,,,,,,,20,,,9,,,,,16,1,,6,9,1,,,5,9,,14,32,,2,,,,31,12,,,
3421,27,,31,,,,,,47,,,19,26,,,,8,40,,4,,,,,25,,,,,,,,,,,,,16,,1,,,,,,21,,23,,7,,,19,,,,,,,,21,,33,,,,,,,8,,,51,,1,,,14,,,18,,,,,6,,1,,30,,,3,,,27,,,,
3422,26,,37,,,,,2,68,,,18,30,,,,17,,,1,,,,,24,,,,,,,,,,,,,4,,,,,,,,22,,22,,,,,17,,,,,,,,20,,34,,,,,,,13,,,46,,,,,13,,,22,1,,,,,,,,40,,,,,,27,,,,
3423,,,,5,,,4,3,,5,,,,,3,,,,5,2,7,5,,,2,,,,31,,7,,,1,,4,,,,1,4,8,,,,,,26,,,,,5,4,,3,,,,5,17,,,,,,,,,,3,,6,1,,,,,,,18,,,,2,,7,,,,,,1,,,,,,,
3424,24,,19,,,,,,47,,,17,17,,,,17,14,,,,,1,,8,1,,,,2,,,,,2,,,5,,1,,,,1,,24,,30,,,,,14,,3,,2,1,,,4,5,21,1,,,,,,11,,,16,1,,5,,17,1,,15,6,,,,1,2,,3,38,,,,,,25,,,,
3425,20,,36,,,,,1,69,,,8,11,,,,9,38,3,3,3,22,,1,22,,,,,,,1,,,4,2,,4,,,,,,3,,17,,11,,1,,,21,,,,,,,,2,,24,,,3,,,,5,,,37,4,3,6,,14,,,,1,17,,,,22,2,,15,2,,,,,3,,,,
3426,,,,,,,,,,,,,,,,,,,,,,,,,,,,,,,,,,,,,,,,,,,,,,,,,,,,,,,,,,,,,,,,,,,,,,,,,21,,,6,,,,,,,,,,,,14,,,,,,,,,1,,,
3427,19,,36,,1,,,6,68,,,12,12,1,,,12,35,,1,1,,,2,19,,,,,,,,,,1,4,,2,,,3,,,2,,20,,10,,,2,,18,1,,,,,,,2,,26,,,5,,,,4,,,36,3,,4,,18,1,,,3,21,,,,21,2,,15,4,,,,,3,,,,
3428,,,,,,,,5,,,,,5,,,3,2,,,,,,,,,,,,,,1,,,,,,,,,,,,,6,,,,,,,,,,,,,,,,,,,,5,1,,,,,,,5,8,,1,,,,,2,,,,,,,1,18,1,,1,,3,,1,,,,,
3429,20,,35,2,,1,,,69,1,,11,12,,,1,1,,3,3,,5,,4,1,,,,,1,,,,,,,1,7,,1,6,1,,,1,1,,10,,,,,17,5,,,1,1,,,21,,26,,1,,1,,,15,12,,36,,1,1,,16,,,25,,19,,,,19,1,1,15,4,,,,,3,,1,,
3430,,,,5,,,,3,,,,,,,,3,,2,,,,,,,,2,,,,,,,,,,,,,,,,,,3,,,,,,,1,,,,,,,,,,,,,,,,,,,,,,24,,,,,,,,,,,,,,,14,,,,,,,,,,,,
3431,25,,27,,,,1,,3,,,16,24,,,,11,34,,18,,1,,,3,,,,,,,,,,,,,2,,,2,,,18,,7,,6,,,,,22,,,,,,,,19,,28,,,,,,,21,3,,39,,,,,12,,,1,,,,,,,,,32,,,,,,17,,,,
3432,8,13,24,,9,,,9,40,,,20,1,,15,12,3,22,,2,22,11,,18,21,,,1,3,13,,3,,1,15,,,2,10,1,,3,,12,9,5,12,10,1,1,,14,13,19,13,,11,1,1,,18,1,9,4,27,,8,,,22,7,,11,,9,3,,17,2,19,16,3,10,,,1,,,,11,1,,,2,,6,7,,,6
3433,,,38,,,,,,,,,,,,,,,,,,,,,,,,,,,,,,,,,,,,,,,,,,,,,,,,,,,,,,,,,,,,1,,,,,,,,,,23,,,,,,,,,,,,,,,15,,,,,,,,,,,,
3434,28,,33,,,,,,69,,,23,28,,,,13,,,,,,8,,26,,,,,,,,,,,,,9,,,,,,,,22,,1,,,,,14,,,1,,,,,21,,31,,,,,,,17,,,53,,,,,10,,,26,,,,,,,,,38,,,,,,24,,,,
3435,,1,,,,,,,,,,,,,,1,,,,,,,,,,,,,,,,,,,,,,,,,,,,,,,,,,,,,,,,,,,,,,,,,,,,,,,,,7,,,,,,,,,,,,,,,13,,,,,,,,,,,,
3436,1,,,3,,,,,,,,,,,,1,,,,,,,1,,1,,,,,,1,,,,,,,,1,,,,1,1,,,,,,,1,1,,,,,,5,,,,,,,,,1,,,,,,8,,,1,,,,,,,,,,1,1,10,,1,,,1,1,1,,,1,,
3437,0,0,0,0,0,0,0,0,0,0,0,0,0,0,0,0,0,0,0,0,0,0,0,0,0,0,0,0,0,0,0,0,0,0,0,0,0,0,0,0,0,0,0,0,0,0,0,0,0,0,0,0,0,0,0,0,0,0,0,0,0,0,0,0,0,0,0,0,0,0,0,0,0,0,0,0,0,0,0,0,0,0,0,0,0,0,0,0,0,0,0,0,0,0,0,0,0,0,0,0
3438,,,,,,,,,,12,9,,,,,,,,,,,,,,,9,,,,11,,,,,,,,,,23,,3,,,,,18,,,,,,,,,,29,,,21,,,,3,,,,,,,9,,,,2,,10,,,,13,,,11,,17,,1,,,,,,,,,3,,,
3439,,,4,,2,,2,2,5,2,23,6,2,,,,6,,3,,,4,,2,10,,,2,5,6,4,,,5,,,,,,49,3,3,,3,1,11,4,3,,17,2,,5,,,3,,3,,5,3,,3,2,2,,,2,,,15,,,5,,,5,2,,,25,2,,5,6,10,18,1,,3,,,1,,,4,10,3,,
3440,,,10,,,,,,,15,11,,,,,,,,,,,,,,,10,,1,,9,,,,,,,,,,19,,5,,,,,17,,,,,,,16,,,37,,,16,,,,29,,,,,,,12,,,,9,,10,,,,12,,,2,13,17,,8,,,,,,,,,13,,,
3441,12,,5,,8,,7,2,1,,2,,,4,,8,,4,1,6,,1,11,8,,,3,4,,27,1,5,11,5,3,1,,1,2,,3,1,4,,9,2,1,,8,6,4,,6,,,,,,4,10,1,,,39,3,1,6,,7,1,5,1,2,6,1,,4,,,3,4,5,,,,20,1,1,3,10,,,,,3,,6,9,,3
3442,,,,,,,13,,,,,3,,,,,3,,5,12,4,,,,4,25,,,,4,,3,4,,5,,,,5,36,,,,,,,2,,,11,,,,,,,9,,,37,,,13,,,,,,,,9,,,6,,,,,,3,,2,,2,,3,14,10,,,,,,,,,17,,,
3443,9,,4,,,,29,,,,1,8,,6,,,20,,14,13,8,,,5,1,7,,,9,11,3,23,18,,,,7,,,9,,10,,,2,12,10,,,14,1,,,,,21,,3,1,,,1,16,46,23,,,,,,,,,2,,,,,,,21,,,4,15,3,11,10,1,,,,,,,,2,,2,
3444,1,,1,2,2,1,2,1,2,3,1,9,,11,,2,,1,14,,,,8,,4,2,2,,1,2,,3,23,,,,,2,4,11,,2,2,47,,17,14,3,,19,,2,,4,6,15,,6,1,1,,,11,29,2,2,22,4,3,,3,2,2,15,8,,1,1,,,5,1,,16,,2,,12,3,,,,,2,2,3,1,1,2,1
3445,5,,1,5,,,,1,1,,,,,,,8,4,8,3,,,,,15,,,5,,6,,,,3,,5,1,,4,,,,,,,,,,,,6,1,3,2,,,,10,3,2,1,,,,,,1,,,,,17,5,,,1,1,1,,,3,1,,,1,,,,6,,3,,,1,,,,4,,,
3446,,,4,,5,,2,3,6,,,,,2,,14,1,4,2,4,,3,9,7,,,3,2,,25,4,5,7,4,3,7,,9,2,,,7,4,,7,15,1,,7,,2,,5,,,,,,1,9,5,,12,41,18,,5,,5,,,4,4,3,,,8,,,4,,2,,,,15,,6,2,5,,,33,,1,,2,2,,
3447,,1,1,,1,,4,6,3,1,3,2,,4,,15,,1,2,4,1,3,1,9,,,2,4,3,28,1,4,10,4,7,10,,7,5,,,8,2,,4,1,6,,8,,2,,3,,1,,,,5,3,4,,6,3,2,,1,1,8,,,5,3,4,,,1,,,4,,8,,,,3,,6,11,6,,,1,,5,,3,9,2,4
3448,4,2,,,,,,,,10,14,,,,,,,,,,,,,,,10,,,,9,,,,,,,,,,25,,12,6,,,,1,,,,,,,,,,38,,,28,1,,,,,,,,,,13,,,,15,,13,,,,12,,,11,,3,,16,,,,,,,,,14,,,
3449,,,,,,,,,,15,11,,,,,,,,,,,,,,,11,,,,11,,,,,,,,,,18,,2,,,3,,15,,,,,,,7,,,35,,,22,,,,,,,,,,,6,,,,11,,8,,,,13,,,10,,19,,7,,,,,,,,,10,,,
3450,,1,,,,,,,1,14,14,,,,,,,,,,,,,,,11,,,,9,,,,,,,,,,26,,13,6,,,,9,,,,1,8,,,,,39,,,24,,,21,,,,,1,,,3,,,,15,,7,,,,2,,,4,,19,,18,1,,,,,,,,8,,,8
3451,1,1,1,1,1,1,1,1,1,1,1,1,1,1,1,1,1,1,1,1,1,1,1,1,1,1,1,1,1,1,1,1,1,1,1,1,1,1,1,1,1,1,1,1,1,1,1,1,1,1,1,1,1,1,1,1,1,1,1,1,1,1,1,1,1,1,1,1,1,1,1,1,1,1,1,1,1,1,1,1,1,1,1,1,1,1,1,1,1,1,1,1,1,1,1,1,1,1,1,1
3452,1,1,,,,,,,,14,13,,,,,,,,,,,,,,,6,,,,8,,,,,,,,,,23,,13,,,,,10,,,,,,,,,,37,,,28,,1,,,44,,,,,,16,,,,10,,11,,,6,7,,,9,,21,,18,,,,,,,,,15,,,
3453,1,1,1,1,1,1,1,1,1,1,1,1,1,1,1,1,1,1,1,1,1,1,1,1,1,1,1,1,1,1,1,1,1,1,1,1,1,1,1,1,1,1,1,1,1,1,1,1,1,1,1,1,1,1,1,1,1,1,1,1,1,1,1,1,1,1,1,1,1,1,1,1,1,1,1,1,1,1,1,1,1,1,1,1,1,1,1,1,1,1,1,1,1,1,1,1,1,1,1,1
3454,,,18,,,3,,2,,15,7,,1,,,,,,19,,6,,,,4,4,,,,8,,,8,,,2,,,1,1,,6,,,13,12,15,,,22,,3,15,1,,,17,,,22,,,10,28,,2,20,,,,4,2,5,,13,,13,,2,,3,,8,13,,13,2,12,,,,,3,,,15,13,,18,
3455,,,,6,,,13,,,,,5,,,,,9,,,7,5,,,,5,25,,2,,8,,10,9,,2,,,,6,34,,,,,,,2,,,3,,,,,4,,2,,,40,,,,,,,,,,,13,,,6,,,6,,,,,12,,6,,8,1,5,,,,,,,,,22,,,
3456,,,,,,,1,,,11,11,,,,,,,,,,,,,,,9,,,,4,,,,,,,,,,27,,7,7,,,,19,,,,,,,8,,,26,,,17,,,,,,,,,,,15,,,,14,,13,,,,11,,,10,,2,,16,,1,,,,,,,16,,,
3457,,,4,,,,1,,1,5,4,,,1,,,,,,16,1,,,,2,4,1,,,1,,,27,,,,,,,27,2,13,,,,,13,,,,,,,11,,1,37,,,17,1,,,,,1,,,,,14,,,,8,,12,,,4,12,15,,12,,21,,17,1,,,,1,,1,,12,,,
3458,8,,5,,,,21,,,,29,,,1,,,18,,18,9,10,,2,,19,17,,,4,27,,28,18,,,,16,,,7,,6,,,12,7,14,,,17,,,,,,5,,5,,,,13,15,36,16,,,,,,,,,,,,,,,,24,3,,9,9,3,13,9,,,,,,,,,7,,,
3459,14,,5,,,,2,,,,13,,,11,,,22,,11,11,4,,1,10,6,1,,,9,21,9,28,19,,,,1,,,6,,8,,,10,5,14,3,4,15,,,,,3,9,,2,,,,12,3,33,13,,,,,,,5,,13,16,,,,,,19,,,9,,10,15,10,,,3,,,,,,13,,,
3460,14,,7,3,,,31,,1,,2,,,15,,,22,,16,13,5,,4,4,2,9,,,7,18,7,29,20,,,,4,,,13,,10,,,10,6,10,,,13,,,,,,16,,2,4,,,10,14,47,16,,,,,,,,,13,,,,,,,15,,,7,13,12,11,13,,,,,,,,,1,,,
3461,,,,3,,,,,1,13,14,,,,,,,,,,,,,,,12,,,,7,,,,,,,,,,24,1,15,2,,3,,17,,,,,,,11,,,35,,,1,2,1,,,,,,,,,14,,,,1,,12,,,,1,,,10,,1,,17,,,1,,2,,1,,13,,,1
3462,,2,,,,,,,,13,12,,,,,,,,,,,,,,,5,,,6,12,,,,,,,,,,24,,13,,,,,11,3,,,,,,1,,,39,,,24,,,,,,,,,,,16,,,,14,,10,,,,9,,,10,,20,,16,,1,,,,,,,17,,,12
3463,9,,6,,,,19,,,,29,,,18,,,6,,18,9,2,,,,17,19,,,7,25,,33,17,,,,17,,,8,,7,,,14,12,14,,,23,,,,,,10,,6,,,,8,15,48,14,,,,,,,,,8,,,,,,,25,,,11,1,10,6,4,,,,,,,,,11,,1,
3464,12,,5,,3,,30,,,,7,,,4,,2,19,3,15,8,7,,5,,3,2,,,8,10,4,24,16,,,,6,,,12,,9,,,5,15,12,,3,10,4,,,,,15,,4,8,,,1,17,47,25,,,,,,6,,,11,,1,,,,,2,,,7,14,15,10,7,,,,,,,,,6,,,
3465,,,6,,11,,,,,8,17,,6,6,,,8,,,,,5,3,,3,5,,,,3,1,5,5,,,1,,,,42,,1,,,12,8,,,,19,,,11,,,5,,,,,,,1,,7,,,,,,,,,,3,,6,2,,,,,9,5,,4,5,10,,,,1,4,,,,1,,,4
3466,14,,3,,2,,32,,,,11,,,4,,1,17,,14,14,9,2,3,,4,13,,,8,12,8,21,19,,,,1,,,7,,11,,,4,12,11,,,1,3,,,,,10,,5,5,,,6,16,1,25,,1,,,,,,4,15,,,,,,,19,,,6,14,14,11,9,2,,,3,,3,,,7,,,
3467,1,1,1,2,1,,1,,6,1,3,1,,1,3,,,,,,,1,1,1,,1,,,1,5,,1,,1,1,,,,,,,1,1,,1,,16,1,,1,,,,7,,1,37,,,17,,,19,,1,,2,,,,1,,,,14,,15,,1,1,14,,,12,,21,,15,,,,,5,,1,1,1,,,
3468,15,,4,,,,22,,,,17,,,8,,,21,,14,12,10,,3,,1,12,,,3,21,,30,5,,,,15,,,4,,8,,,11,10,14,,,16,,,,,,5,,6,,,,2,13,45,8,,,,,,,,,16,,,,,,,23,,,9,10,14,12,7,,,,,,,,,6,,,
3469,12,,8,1,,,32,,,,9,,,5,,,22,,11,14,7,,,,5,2,,,6,19,9,18,19,,,,5,,,6,,10,,,1,13,11,,,13,,,,,,15,,5,3,,,3,16,2,26,,,,,,,,,,,,,,,,18,,,1,16,17,4,12,,,,,,,,,9,,,
3470,,,,9,,1,15,,1,13,,4,,,,,6,,,11,10,,,,5,1,,,,3,,10,7,,8,,1,,10,27,,,,,,,3,,,6,,,,,,,3,,,41,,,14,,,,,,,,10,,,7,,,1,,,,22,3,,7,,9,2,9,,,,,,,,,23,,,
3471,,,,,,,,,,13,27,,,,,,,,,,,,,,,9,1,,,11,,,,,,,,,,23,,13,,,12,,12,,,,,,,,,,37,,,28,,,,,,,,,,,1,,,,14,,1,,,4,11,,,7,,20,,13,,,,,,,,,1,,1,
3472,,,2,7,,,12,,,,,5,2,,,2,7,,,13,10,,,,7,26,,,,7,,14,3,1,6,,,,7,35,,,,,12,,3,,3,5,,,,,,,10,,,40,,,14,,,,,,,1,10,,,1,,,,,,7,,10,,3,,1,12,5,,,,,,,,,21,,,3
3473,3,,,2,,,,5,,,,,,,,5,2,3,3,,,,13,13,,,8,,3,,,,6,,4,,,5,,,,,,,,,,,,7,,2,5,,,,9,,,8,,,,,,7,,,,,,2,,,3,,8,,,6,8,,,,,,,6,,8,,,,,,,9,,,
3474,12,,6,,,,24,,,,6,,,9,,,22,,16,,6,,,,7,13,,,8,15,4,21,19,,,,12,,,13,,4,,,7,14,13,,,14,,,,,,14,,7,,,,6,16,,26,1,,1,5,,,,4,15,,,,,11,,18,,,6,,15,1,14,,,,1,,,,,1,,,
3475,5,,,,,,,,,11,14,,,,,,,,,,11,,,,,11,,,,12,,,26,,,,,,,26,,10,1,,,,6,,,,,,,,,,37,,,30,1,,,1,,,,,,,11,,,,2,,11,,,,9,,,11,,20,,16,,,,,,,,,15,,,
3476,,,1,,2,,,,,12,15,,3,9,,,7,,,,,6,5,,3,1,,4,,3,,1,,,,,,,,13,,20,,,15,4,,,,16,,,13,,,5,,,,,7,,,3,8,,,,,,,,,,7,,5,1,,,,,10,2,,4,6,14,,,,3,5,,,1,6,,1,5
3477,,2,1,,,1,,,3,6,19,,4,2,,1,,,1,,,,3,,3,12,2,,,3,,1,,,,,2,2,22,9,2,13,2,,3,,1,,,1,,,,,2,2,1,,,16,,,1,,41,,,,2,1,3,,2,9,3,1,14,,,,7,,,4,,6,,2,,2,,6,,,,,2,,,4
3478,,,,11,,,,,,,,6,,2,,7,6,,,4,2,,6,,,,,,10,10,1,15,9,,10,11,14,,,39,,,,,5,1,11,,7,,,4,14,,,,,,1,4,,,8,,,,,,,,4,,,12,,,,,7,10,7,5,6,5,,18,1,17,,,,10,9,,4,,18,,,
3479,,,3,5,2,,,6,2,,4,,,,5,,,,,,,,7,,7,,,,,7,,,,1,,,,,,,,19,3,,,,17,,,,2,,,4,,,40,,,3,,3,22,,,,,,,,4,,3,,17,,,,2,,16,,9,14,,22,,17,,,,7,8,,,,18,,,
3480,,,,,,,,,,14,5,,,,,,,,1,,,,,,,10,,,3,10,,,,,,,,,,23,,1,1,,,,18,,,,,,,,,,28,,,22,,,,,,1,,,,,11,,,,11,,9,,,,10,,,11,,22,,14,,4,,,,,,,11,,,
3481,,,4,3,3,,,8,,,4,,,,3,,,,,,,1,6,,6,,,,,7,,,,3,,,,,,,,19,5,,,,15,,,,4,,2,2,1,,39,,,5,,,22,,,1,,,,,3,,1,,17,,,1,,,15,,1,15,,23,6,,,,,4,10,,,,19,,,
3482,,,,7,,,7,,5,,16,6,,,,,11,,,13,8,,,,1,6,,,,9,,12,9,,5,,,,1,36,,,,,12,,9,,9,6,,,,,1,,10,,,39,,,17,,2,,,,,1,12,,1,8,,,1,,,7,,4,,7,,12,11,4,,,,13,,,,,23,,,
3483,9,,5,,,,21,,,,2,,,9,,,1,1,5,8,13,,8,3,15,16,,,4,24,3,26,2,,2,,15,9,,4,,1,,,10,1,6,,,19,,,1,,,10,,5,,,,1,6,45,9,,,,,,,8,,11,1,,,,,3,23,2,,20,5,11,11,2,,,,,,,,,,,,
3484,,,12,,,,11,,2,14,4,,,,,,,,,8,10,,,,,12,,,,10,,,7,,,,,,,20,,8,,,12,8,12,,,,,,,,,,38,,,28,,8,,,1,,,,,,13,,,,1,1,7,,,7,11,,,12,,21,,14,,,,,,1,,,2,,,
3485,3,,,,,,,,,15,1,,,,,,1,1,,2,,,,,1,10,,,,1,,,,,,,,,,26,,11,5,,,,5,,,,,,,,,,38,,,28,,,,,,,,,,,14,,,,14,,10,,,,4,,,9,,18,,17,,,,,,,,,14,,,
3486,4,,8,,,,23,,,,27,,,18,,,7,,13,4,9,,8,1,19,19,,,5,26,,31,16,,,,16,,,6,,9,,,9,11,14,,,22,,,,,,10,,8,,,,9,17,43,19,,,,,,,,,6,,,,,,,23,,,20,4,3,13,9,,,,,,,,,13,,,
3487,,3,4,,3,,4,2,36,1,1,11,2,18,,3,,3,14,3,2,,,33,,8,3,,4,14,,2,9,,2,5,1,21,,,2,17,,3,13,2,10,,,22,1,4,33,12,,3,2,8,,27,,2,5,38,35,3,2,7,4,30,4,2,1,,17,,17,4,,2,,16,1,6,1,5,3,9,20,,29,,,3,3,,16,1,1,
3488,2,,,,,,,,,14,13,,,,,,,,,,,,,,,12,,,,11,,,,,,,,,,2,,14,,,,,9,,,,,,,,,,38,,,28,,,,,,,,,,,16,,,,14,,11,,,7,8,,,7,,20,,16,,,,,,,,,15,,,
3489,9,,4,2,1,2,8,,1,1,13,2,,7,1,1,22,1,13,16,10,,2,,2,10,,1,10,20,10,1,2,1,,4,13,,,8,,1,,1,2,1,2,6,,1,,,,3,1,1,1,1,1,,,3,10,34,7,1,,,1,,,2,,17,,,1,1,,4,3,2,1,1,13,2,2,11,,,2,5,,4,,1,10,,3,
3490,13,,6,,7,,4,5,6,,,,,4,,15,,3,3,6,3,4,8,5,,,4,5,,26,6,3,8,6,6,8,17,10,3,,,5,5,,6,18,5,,5,,5,,4,,,,,,5,1,5,,14,40,20,,1,,6,,,4,2,1,,,6,,,2,,6,,,,14,,4,8,,,,34,,2,,5,4,,
3491,,4,,,,,,,,8,11,,,,,,,,,,,,,,,10,,,,11,,,,,,,,,,24,,8,,1,11,,17,,,,,,,,,,36,,,27,,,,,,,,,,,11,,4,,10,,13,,,,12,,,10,,20,,1,,,,,,,,,11,,,
3492,,,,,,,,2,,14,6,,,,,,,,8,,,,,,,9,,,6,1,,,,,8,,,1,13,19,,11,,,8,,1,,,,1,,35,,,13,28,,,27,,,,,,,1,,,,14,,,,15,,1,,,,2,,,5,,21,,5,,,,,,1,,,15,,,1
3493,7,,8,,,,5,,,,27,,,20,,,18,,8,10,7,,5,2,19,16,,,10,28,,29,17,,,,18,,,4,,7,,,8,11,1,,,22,,,,1,,6,,6,,,,13,14,35,14,,,,,,,,,6,,,,,,,19,2,,14,9,7,11,10,,,,,,,,,14,,,
3494,14,1,3,3,,,1,,,,20,,2,1,,4,9,1,6,1,9,1,5,,6,1,1,1,10,8,,29,13,4,10,,12,,,41,,11,,,10,6,1,,1,8,1,,,,1,1,1,1,,,3,1,1,34,1,,,1,,,,1,,10,6,,1,,,3,21,,,3,1,12,10,11,,,3,,,1,,,14,,,
3495,,,,,,,,,,14,3,,,,,,,,,,,,,,,9,,,,9,,,,,,,,,,17,,5,,,,,16,,,,,,,,,,34,,,25,,,,3,,,,,,,14,,,,9,,13,,,,13,,,9,,19,,14,,,,,,,,,13,5,,
3496,,,,,,,32,1,,,7,7,,,,5,,2,17,,12,,,,,12,2,,5,7,,3,,,,,,,12,,,4,,,,,9,,,9,4,,34,11,3,,37,6,,28,,,12,,1,4,,1,13,,3,,,8,14,,7,,,,4,6,,6,,4,2,1,,,,,,,,,15,,,
3497,,,2,,,,,,,12,15,,,,,,,,,,,,,,,11,,,,8,,,,,,,,,,26,,13,,,,5,17,,,,,9,,,,,36,,,28,,,,,,,,,,,4,,,,10,,4,,,,3,,,10,,18,,20,,,,,,,,2,16,,,9
3498,,,,,,,16,,,,,1,,,,,6,2,,11,5,,,,8,24,,,,6,,14,11,5,8,,,,6,35,,,,,,,7,,,6,,,,,,,3,,,35,,,,,,,,,,,,,,4,,,,,,5,,7,3,4,3,7,9,14,,,,,,,,,22,,,
3499,14,,1,,,1,2,,,,26,,,8,,,21,2,11,9,9,,8,,16,8,,10,5,23,7,31,9,,1,,15,,,3,,8,,,9,5,12,4,,17,,,,,,11,,7,1,,,6,5,47,6,,,,,,,4,,11,,,,,,4,22,,,14,5,6,2,1,,,,,1,,,,9,,,
3500,,,,4,,,,,,,,3,,5,,9,1,,,2,1,1,7,,,,,,12,7,3,2,5,,9,5,19,,,40,,,,,2,,14,,6,,,4,12,,,,,,,7,,,7,,,,,,,,4,,,8,,,,,10,11,1,7,1,6,,18,15,15,,,,7,6,,3,,19,,,
3501,5,,,,,,,,,13,5,,,,,,,,,,,,,,,10,,,,7,,,,,,,,,,19,,7,,,,,19,,,,,,,9,,,37,,,24,,,,,,,,,,,12,,,,5,,12,,,,13,,,11,,21,,15,,,,,,,,,16,,,
3502,,,4,,,,2,,,6,3,3,,4,1,,,,,,1,,,2,1,1,,,,1,,13,,4,2,,,,5,,3,18,5,,,,18,,3,,3,,,3,,,,,,4,,2,19,3,4,,,,,,14,,2,,2,,4,,2,,15,,,14,1,,4,17,,,3,,3,,,4,13,,,
3503,,1,,,,,,,,2,13,,,,,,,,,,1,,,,,7,1,,,11,,1,,1,,,,,,26,,9,7,,,2,2,,,1,,,,,2,,36,,,24,,,,,,,,,,,15,,,,2,1,5,1,,,1,,2,15,,1,,20,,,,,,,4,,1,,,8
3504,,4,3,,,6,3,,1,15,2,9,3,19,2,4,2,5,,1,4,,,36,,11,4,1,1,13,,1,2,1,,,5,22,,,1,18,,47,15,,16,,,23,3,1,,,1,2,2,10,,1,,3,4,,37,1,2,1,5,1,3,3,4,,2,,16,1,,,6,18,11,3,,14,,9,21,,1,,,2,1,12,6,3,6,
3505,,,,4,,,8,,,,,6,,,,1,10,,,14,11,,,,5,26,,,,9,,2,3,,5,,,,11,34,,,,,,,2,,8,8,,,,,3,,7,,,38,,,,,,,,,,1,10,,,9,,,,,,4,,9,,9,,3,10,13,,,,1,,,7,,22,,,
3506,3,,8,,,,6,,,,25,,,16,,,20,,15,11,10,,6,,17,18,4,,12,23,,29,2,,,,17,,,7,,9,,,13,12,17,,,21,,,,,,12,,5,,,,10,18,37,13,,,,,,,,,7,,,,,,,22,,,17,8,5,12,10,,,,,,,,,12,,,
3507,9,1,3,1,,,7,,1,,17,,2,9,,,23,1,6,12,12,,7,,13,18,5,,10,24,1,21,18,,2,,9,,,6,,5,,,10,13,10,,,10,,,,,3,12,,6,,,,4,17,32,4,,,,,,2,,,12,6,,,,,,1,,,18,9,6,11,4,,,,,,,,,8,,,
3508,,,,8,,,10,,,,,6,,,,,12,,,12,9,,,,5,14,,,,6,,13,4,,4,12,,,6,36,,,,,11,,6,,7,12,,1,16,1,,,9,,,6,,2,2,,,,,,,,11,,,11,,,2,,,,,8,6,10,,13,10,6,,,,12,,2,6,,18,,,
3509,6,,6,,,,26,,,,29,,,17,,,13,,17,2,4,,4,,20,18,,,10,25,,31,18,,,,13,,,12,,9,,,10,9,2,,,22,,,,,,7,,7,,,2,11,17,48,20,,,,,,,,,5,,,,,,,23,,,19,4,9,1,8,,,,,,,,,10,,,
3510,12,,3,,,,7,,,,13,,,6,,2,4,,14,10,9,,1,,8,11,,,7,14,6,20,18,,,,8,,,13,,1,,,5,14,13,,,13,,,,,,19,,4,5,,,6,17,45,25,,,,,1,,,,13,,,,,,,20,,,3,17,14,12,8,3,,,4,,,,,14,,,
3511,1,,3,,,,25,,,,4,,,17,,,,,12,6,15,,6,,19,11,2,,8,25,11,32,17,,,,8,,,7,,5,,,10,11,12,,,22,,4,,,,12,,7,,,,11,16,36,13,,,5,,,6,,,12,,,3,,,,2,,,19,4,14,8,7,,,,,,,,,13,,,
3512,,,,,,,,,2,14,5,,,,3,,1,,,,,,,,,1,,,,9,,14,21,,,,,,,27,,11,1,,,,13,,1,,,,,,,,33,,,19,,,,,,,,,,,13,,4,,14,,14,,,,13,,,1,,20,,2,,,,,,,,,1,1,,
3513,1,,3,,1,,4,3,5,1,24,6,4,,,,7,,1,,1,1,,3,11,,1,3,1,5,2,,,4,,3,,,,50,2,2,,1,2,13,3,1,,18,,,5,,,4,,1,,4,2,,4,,2,,,2,,,14,,,,,,3,5,,,26,1,,6,5,10,17,3,,1,,,2,,,4,10,7,,
3514,,,,,,,,,,10,14,,,,,,,,,3,,,,,,7,,,,11,,,,,,,,,,27,,6,6,,,,5,,,,,,,,,,39,,,29,,,,,,,,,,,17,,,,15,,10,,,,5,,,12,2,19,,18,,,,,,,,,15,,,3
3515,10,3,2,2,,,23,,,16,3,,,15,,,18,,14,12,4,,7,,18,20,1,,8,12,13,28,4,,1,,11,,,8,,11,,,12,12,10,,,21,,1,,,,13,,8,8,30,,3,14,32,2,,,6,1,,,,,8,,,,,,,20,,,17,1,8,10,8,,1,,,,,,,2,1,,
3516,,,4,6,5,,,4,,,5,,,,5,,,,,,,,7,,5,,,2,,8,,,1,6,,,,,,1,,16,7,,,,13,,,,4,,,5,,,41,,1,2,,1,22,,,,,,,,5,,5,,18,1,,,1,,15,,2,16,,22,,,,,,3,10,,,,20,,1,2
3517,,,,,,,,,,14,6,,,,,,,,,,,,,,,1,,,,3,,,22,,,,,,,22,,10,,,,,14,,,,,,,,4,,36,,,19,,1,,,,6,,,,,13,,,,13,,11,,,,14,,,6,,20,,16,,,,,,1,,,3,,,
3518,,,,,,,,,,13,13,,,,,,,,,,,,,,,8,,,,7,,,26,,,,,,,28,,7,,,,,4,,,,,,,,,,39,,,28,,,,,,,,,,,16,,,,14,,7,,,,14,,,10,,21,,20,,,,,,,5,,15,,,
3519,,,6,,3,,1,,,10,16,,4,3,2,,7,,,,,,4,,6,1,,,,2,,5,1,,,,,,,41,,21,1,,10,1,,,,15,,,14,,,4,,,,,,,,2,7,,,,,,,,,2,,,5,5,,,,,9,6,,4,4,14,,,,6,3,,,,21,,,5
3520,,,,,,,,1,,12,8,,,,,6,,,,,,,,,,13,,,,5,,14,,,,,,,,26,,3,,3,,9,10,,,10,,,35,,,,33,,,30,,,13,1,,,,,14,,14,,,,11,,6,,,7,1,,,2,,17,5,10,,,2,,,13,1,3,16,,,
3521,,,,,,,16,,,,,2,,,,,5,,,13,9,,,,9,13,,,,6,,11,6,,7,,,,9,36,,,,,9,,4,,2,8,,,,,,,5,,,33,,,,,,,,,,,7,,,,,,,,,,,5,,4,,11,,3,,,,,,,,,22,,,
3522,,,,1,,2,,,,15,14,,1,,,,,1,,4,,,,,,11,8,,8,4,4,,,6,,1,,3,18,17,,9,,,1,5,14,,,,,,,,,1,30,,,22,,,2,,,5,,,,,8,,7,3,4,,16,1,,,14,,1,6,,16,,1,,,,,1,3,1,4,10,,,20
3523,,,5,6,2,1,,6,,,3,,,,5,,,,,,,,2,,6,,,,,5,,,,2,,,,,,,,18,8,,,,17,,,,4,,,4,,,41,,,2,,5,22,,,,,,,,3,,6,,18,,,,,,17,,5,15,,23,4,,1,,,3,7,,,,18,,,
3524,13,,5,,7,,27,,,,24,,,10,,,20,,1,9,12,,2,4,16,15,,,7,28,,29,16,,,,9,,,7,,8,,,9,10,13,,,15,,,1,,,11,,5,,,,3,12,43,9,,2,,,,,7,,15,,,,,,,17,1,,14,11,12,1,12,,,,,,,,1,5,1,,
3525,,,,,,,,,,14,1,,,,,,,,,,2,,,,,8,,,,7,,13,,,,,,,,28,,10,,,,,19,,,,,,,,,,32,,,18,,,,,,,,,,,12,,3,,10,,14,,,,11,,,2,,20,,13,,,,,,,,,13,,,
3526,,,3,,,,11,,,15,,5,,,,,9,,,2,11,,,,6,14,,,,6,,17,8,,4,,,,8,32,1,,,,,,5,,,9,,,,,,,8,,,31,,,,,,,,,,2,12,,,2,,,5,,,,,6,,6,,21,4,11,,3,,,,,,,16,,,1
3527,,,,,,,,,,5,14,,,,,,,,,,,,,,,8,,,,11,,,21,,,,,,,26,,13,,,,,12,,1,,,,,,,,37,,,27,,,,,,,,,,,14,,,,14,,8,,,4,5,,,12,,19,,18,,,,,,,4,1,13,1,,
3528,,2,,,,,,,,16,15,,,,,,,,,,,,,,,11,,1,,7,,,,,,,,,,27,,9,,,,,6,,,,,,,,,,39,,,27,1,,,,,,,,,,16,,,,11,,9,,,4,1,,,9,,18,,19,,,,,,,,,14,,,11
3529,13,,1,4,,,31,,,,6,,,7,,,1,,13,11,6,,2,2,8,11,,,8,17,,26,17,,,4,6,,,9,,1,,,9,11,11,,,13,2,,,,,17,,1,2,,,8,17,46,25,,,1,,,,,,14,,,,,,,20,,,8,11,13,10,8,,,,,,,,,13,,,
3530,,3,3,,,,3,,37,2,3,10,3,18,,3,,5,1,4,3,,,34,,7,6,,5,16,,2,9,3,2,2,5,21,,9,3,18,,1,14,3,6,,,2,3,2,,15,,13,3,8,2,,,3,12,1,1,2,3,6,4,2,4,2,3,,15,1,15,2,,,6,19,,6,5,2,4,8,,,2,,,1,2,,14,2,,
3531,12,,4,,6,,7,2,8,,,,,1,,15,,1,5,4,,10,7,4,,,4,6,,25,3,3,8,7,6,9,,11,7,7,,5,4,,8,16,4,,4,,1,,3,,,,,,3,8,3,,,39,19,,6,,1,,,5,3,2,,,6,,,4,,3,,,,13,,10,1,4,,,34,,4,,2,3,,
3532,15,,2,,,1,8,,,,17,,2,2,2,,21,,10,10,3,,5,,10,4,,,4,1,,30,7,,2,,14,,,10,,10,,,10,1,13,,,18,,,,,,10,,8,,,3,1,16,46,8,,,,,,,2,,15,5,,,,,,21,,,16,13,16,9,5,,,,9,4,,,,14,,,
3533,,,,1,,,,,5,2,4,,,,,,,,,,,,,,,4,,,,2,,,,,,,,,,23,,7,,,,,15,,,,,,,7,,,38,,,18,,,20,,,,1,,,,13,,,,14,,14,,,,13,,,12,,21,,14,,,,,,,,,5,,,
3534,16,,6,,,,3,,,,7,,,12,,,20,,10,12,10,,2,1,8,13,,6,7,19,12,27,18,,10,,6,,,13,,8,,,12,11,15,,,16,,,,,,12,,5,,,,11,8,48,17,,,,,,,,,1,,,,,,,23,2,,11,9,15,10,6,2,,,,5,,,,10,,,
3535,15,,5,,5,,3,,,,8,1,,9,,,19,,9,11,11,,7,,9,14,,5,8,20,,28,8,,,,3,,,6,,9,,,12,2,14,3,,17,,,,,,8,5,6,,,1,5,10,31,7,,3,,5,,,,,14,1,,1,,,,23,6,,12,10,13,10,6,,,,,4,,,,3,,,
3536,,,4,,6,,7,1,7,2,1,2,,3,,1,,2,7,2,,9,10,9,1,2,2,4,,25,5,2,10,4,6,10,,5,1,,2,2,6,,5,1,5,,2,,3,,5,,,,,,6,3,2,,2,42,2,,8,,,,4,2,1,5,2,,3,,,4,3,6,,,,21,17,15,5,7,,,2,,2,,5,7,,
3537,9,,,2,,,11,1,3,4,,2,1,1,,5,1,,,2,1,2,6,2,,1,2,,8,12,7,2,1,1,2,1,10,1,1,1,7,,,2,1,,11,3,2,1,3,1,14,1,,,,,,4,,,3,,12,,,,,,3,3,,8,1,2,2,1,4,5,1,1,5,7,1,1,1,20,2,,,6,5,1,1,3,27,,,
3538,1,,,7,,,,4,,,,,,,,7,2,5,2,,,,12,9,,,4,,2,,,,5,,4,,,4,3,,,,,,,,,,,5,,2,3,,,,9,,2,6,,,,,1,9,,,,2,,3,,,3,,6,,,4,7,,,,2,,2,5,,9,,,,,,,9,,,
3539,4,,3,,,,23,,,,2,11,2,9,,2,21,2,16,1,9,,5,,4,2,,10,3,27,9,29,2,,,,13,1,2,9,1,7,,,10,10,12,1,5,17,,,,,3,8,2,7,,,,5,10,45,15,,,1,1,,4,,,,6,,,,,,,,,18,11,7,8,12,6,,,,,,,,11,2,,
3540,,5,,,,,,,,1,9,,,,,,,,,,,,,,,7,,,,8,,,,,,,,,1,21,,6,,,7,,18,,,,,,,,,,30,,,20,,13,,,,,,,,,13,,,,11,,14,,,,12,,,6,,22,,9,,,,,,,,,10,,,
3541,6,,,6,,,,3,,,,,,,,5,3,5,1,2,,1,,15,,,3,,7,,,,4,,5,,,1,4,,,1,,,,,1,,,2,,5,6,,,,1,,,3,,,,,,6,,,,,,7,,,4,,2,,,1,8,,,,,,,6,,7,,2,,,,1,7,,,
3542,,,,,,,,,,15,15,,,,,,,,,,,,,3,,10,,,,8,,,,,,,,,,27,,9,,,1,,11,,,,,,,,,,39,,,29,,,1,,,6,,,,,15,,,,13,,8,,,3,12,,,10,,19,,18,,,,,,,,,16,,,
3543,,,2,,1,,,1,,14,26,6,,,,,,,,,,,,2,5,12,,,,9,,,25,,,,,,,24,,14,2,,,,6,,,,,,,,,,39,,,29,,,,,,,,,,,13,,,,17,,9,,,,7,,1,6,,19,,12,,,,,,,,,4,,,
3544,,2,,,,11,1,,,9,,,1,2,4,,22,2,,1,2,2,1,2,16,,2,1,7,2,5,,2,1,,4,2,10,14,2,,1,1,1,6,6,15,,,,6,,2,,,,2,1,,20,,2,16,2,,2,1,,,,6,,1,1,15,1,1,2,2,,6,,1,6,1,2,,1,,14,,1,2,1,6,2,12,,2,20
3545,,,,,,,,,,15,12,,,,,,,,,,,,,,,8,,,,6,,,,,,,,,,28,,14,,,,,16,,,,,,,,,,36,,,21,,,,,,,,,,,4,,,,8,,10,,,,6,,,9,,22,,17,,,,,,,,,16,,,
3546,,,4,,7,,3,3,5,,,,,1,,14,,3,3,3,,8,6,6,,,2,3,,26,5,4,10,5,5,11,,9,5,,,8,2,,1,3,1,,7,,4,1,3,,,,,,2,8,3,,11,40,18,,5,,2,,,5,2,2,,,5,,,2,,9,,,,17,,2,9,3,,,33,,3,,3,9,,
3547,,,,,,,33,,,12,8,,,6,,,,,6,1,14,,,,,3,10,,,8,,,10,,,3,,25,,11,2,5,,,,,11,,1,,,,14,5,,,33,,,18,,,15,29,,5,21,,,,5,,,,6,,13,,1,,12,,6,6,,18,2,16,,,,2,2,,,,4,,,22
3548,,,,,1,,3,,2,14,6,,,,,,,,,2,,,3,,,2,,1,,,,,,,,,,,,3,,7,9,,,,12,,,,,,,4,,,38,,3,25,3,,16,1,,3,4,17,1,,3,,,,10,4,10,,2,,13,1,1,3,,20,,24,,,,2,,3,,,5,2,,2
3549,,,3,,8,,1,3,6,,,,,2,,12,,4,6,5,,9,9,6,,4,3,5,,24,1,1,6,2,7,5,,22,2,,,8,6,,7,13,2,,,,3,,4,,,,,,4,7,,,13,41,19,,3,,6,,,1,3,4,12,,1,,,3,,3,,,,22,,9,9,,,,31,,1,,1,5,,
3550,,,,,1,1,,,,,11,8,,,,7,,,6,,16,,,,,12,,,1,3,,13,,,,,,,,27,2,7,,2,,8,5,,,,,,,,,,26,,,27,,,15,,19,25,,,,,17,,,,4,,15,,,,10,,,5,,13,,2,,,,,,12,,2,15,,,
3551,,1,2,,,,2,,38,3,3,8,3,20,,1,,1,1,2,3,,,,,12,4,,6,15,,2,10,2,3,,2,23,,9,1,18,,46,15,3,2,,,3,3,5,,14,,14,1,7,1,29,,1,11,39,36,3,1,2,1,,2,1,3,,1,,15,4,,2,5,17,,4,,3,,10,,,30,,,2,35,,15,3,7,26
3552,,,,,,2,,,1,5,3,,,,,,,,,,,,1,,1,11,,,,9,,13,,,,,,,,28,1,10,,,,,11,,,,,1,,2,,,28,,,18,,,19,1,20,,,,,,17,,,1,12,,13,,,,10,,,10,,17,,12,,,,,,,,1,16,,,
3553,,,,2,,,10,,2,,,3,3,,,,10,,,12,9,,,,8,24,,,,8,,11,8,1,6,,,,8,36,,,,,,,6,,,,,,,,,,9,,,42,,,16,,,,,,,,12,,,3,,,,,,,,7,,6,,10,2,10,,,,,,,,,24,,,
3554,12,,7,,,,31,,,,12,,,7,,,21,,15,12,12,,6,,2,6,,,1,14,7,23,18,,,,20,,,11,,11,,,10,13,13,,,12,,,,,,18,,2,,,,5,18,47,25,,,2,,,,,,12,,,,,,,20,,1,5,16,14,11,12,,,,3,,1,,,7,,,
3555,10,,5,,,,22,,,,19,,3,12,,,18,7,16,11,3,1,8,,18,17,3,,7,11,,27,3,,,,15,,,8,,4,,,14,7,9,,,20,1,5,,,,13,,4,,,,11,18,31,2,,,,,,,,,12,,,,,,,21,,,17,9,14,10,3,,,,,,,,,12,,,
3556,,,,,,,2,,,15,5,,,,,,,,,,,,,,,8,,,,8,,,,,,,,,,1,,12,,,7,10,17,,,,,,2,,,14,31,,,22,,,,,,,,,,9,12,,2,,13,,12,,,2,12,,,10,1,3,,4,,,,,,,1,,12,,,
3557,,1,,,,,,,,13,13,,,,,,,,,,,,,,,10,,,,11,,,22,,,,1,,,24,,11,,,,,4,,,,,,,,,,36,,,29,,,,,,,,,,,16,,,,16,,8,,,,8,,,9,,3,,15,,,,,1,,,,15,,,
3558,15,,6,,,,27,,,,27,,,13,,1,7,,6,8,6,,5,,9,18,,,7,22,,30,12,,,,12,,,7,,8,,,13,8,15,,,23,,,,,,11,,5,,,,9,15,39,14,,,,,,,,,8,,,,,,,17,4,,17,2,8,10,9,,,,,,,,,14,,,
3559,,,,2,,,,,,15,14,,,,,,,8,,,,,,,,9,,,,6,,,,,,,,,,25,,15,1,,2,,14,,,,,,,,,,39,,,23,1,,,,,,,,,,16,,,1,12,,10,,,,9,,1,11,,17,,16,,,,,,,,,15,,,
3560,1,,1,1,,1,2,,2,5,1,2,,,3,1,,1,1,2,2,2,,,,4,1,,,1,,13,,,1,,1,,,2,1,1,,,1,,13,2,,,1,2,1,7,,1,1,2,,17,,2,20,,,,2,,1,1,2,2,1,1,2,2,15,,2,,2,,1,1,1,1,,1,,,,,5,2,,,12,,,1
3561,2,1,9,,,,30,,,,11,7,,8,2,5,21,,16,13,3,,10,,8,13,,,7,21,,17,21,,,13,19,,,13,,8,,2,7,9,12,,,13,,,,,,19,,5,,,,5,11,48,10,,,,,,,,,12,,,,,,,10,,,8,17,4,1,14,5,,,6,3,1,,,9,2,,
3562,,,2,6,4,,,4,,,3,,,,4,,,,,,,,7,1,1,,,,,8,,,,5,,,,,,,,17,7,,,,16,,,,5,,1,5,,,37,,,4,,4,1,,,,,,,,4,,2,,16,,,,,,2,,8,1,,24,,,,,,1,10,,,,16,,,
3563,,,,,,,,,,13,9,,,,,,10,,,,,,,,,12,,,,5,,13,,,,,,,,24,,11,,,,,19,1,,,,,,,,,38,,,26,,,,,,1,,,,,14,,,,12,,14,,,,13,7,,1,,17,3,11,2,,,,,,,,8,,,
3564,15,,6,,,,3,1,,1,16,,1,12,,,21,,14,10,,,2,,13,9,,7,4,24,,28,18,,,,2,,,2,1,8,,,5,10,14,2,,18,,,,,,8,,7,,,2,3,2,46,14,,,,,,,,,12,3,,,,,,24,1,,17,12,9,1,5,,3,,,2,,,,13,,,
3565,,2,,1,,1,,,4,1,8,,6,3,,1,1,,2,4,,2,2,,4,1,1,,,3,3,1,,,,1,1,1,22,25,1,14,4,,2,1,2,,,1,4,,,,1,1,41,,,15,,,1,,43,2,,,1,2,3,,1,9,2,2,13,,,1,8,,1,5,,6,,1,,3,,8,,,,,1,,,6
3566,11,5,2,,,,5,,37,15,2,,3,16,,3,,5,13,5,3,,,36,,7,2,,9,13,12,3,5,,,4,3,21,3,22,1,10,,,9,12,11,,,,4,3,,13,,,1,9,5,29,,,6,37,37,5,1,8,2,,4,2,3,9,11,,2,,,2,14,4,,20,,15,,8,8,,30,,28,,35,,3,2,,
3567,3,,,1,,,,4,,,,,,,,2,1,5,3,,,,,13,,,7,,2,,1,,4,,3,,,5,,,,,,,,,,1,,4,,3,5,,,,5,,,7,,,1,,,11,,,,1,,3,,,3,,7,,,5,5,,,,,,,3,,6,,,,,,,4,,,
3568,14,,3,,,,4,,,,29,,,11,,,20,,13,12,9,,4,,12,17,,,7,24,7,32,17,,,,9,,,5,,8,,,6,5,11,,,14,,,,,,9,,4,,,,7,10,42,16,,,5,,,,,,9,,,,,,,16,,,13,11,14,11,11,,,,,,,,,13,,,
3569,10,,6,,,,23,,,,28,,,18,,,13,,16,3,10,,10,,21,18,,,6,26,,32,17,,,,15,,,7,,6,,,11,11,14,,,22,,,,,,10,,6,,,,13,14,41,21,,,,,,,,,12,,,,,,,21,,2,21,5,6,7,8,,3,,,,,,,11,,,
3570,1,1,1,1,1,1,1,1,1,1,1,1,1,1,1,1,1,1,1,1,1,1,1,1,1,1,1,1,1,1,1,1,1,1,1,1,1,1,1,1,1,1,1,1,1,1,1,1,1,1,1,1,1,1,1,1,1,1,1,1,1,1,1,1,1,1,1,1,1,1,1,1,1,1,1,1,1,1,1,1,1,1,1,1,1,1,1,1,1,1,1,1,1,1,1,1,1,1,1,1
3571,,,8,,4,,6,,,6,5,,5,6,,,10,,,1,,,,,5,3,,,,4,,5,,,,,,,2,46,,19,,,15,6,,8,,18,,,13,,3,2,,,,,,,,3,10,,,,,,,,,,8,2,4,5,,,,,7,4,,2,3,8,,,,5,5,,,,24,,,4
3572,6,,10,1,,,25,1,,,28,,,19,,,9,,14,4,12,,7,,19,17,,,7,26,,30,17,,,,6,,,12,1,10,2,,10,2,9,,,21,,,,,,7,,8,,,,1,17,39,21,,1,,2,,,,,2,,2,,,,,24,1,,20,5,1,12,8,,,,,,,,1,21,,,
3573,,,,,,,,,,14,2,,,,,,,8,,,12,,,,,9,,,,10,,12,,,,,,,,26,,15,,,,,12,,,10,,,,,,,37,,,24,1,,,,45,,,,,,16,,,,11,,12,,1,,9,,,4,,12,,14,,,,,,,,,17,,,
3574,,,,,,,,1,,1,9,,,1,,,,,,,,,,,,4,,,,12,,,25,,,,,,,25,,14,8,,,,13,,,,,1,,,,,39,,,24,,,,,1,,,,,,15,1,4,,17,,11,,,,1,,,7,2,15,,18,1,,,,,,3,,12,,,9
3575,,1,,1,1,4,1,1,,1,1,1,,,1,1,,1,,1,18,,1,,1,1,1,1,1,6,4,,,,,,,,18,1,1,10,,2,3,5,11,,,1,,,1,,,13,1,,,23,,1,17,,1,,,,,,13,,7,7,15,1,1,1,,,11,1,,10,,16,1,4,1,12,1,,,1,1,1,1,1,1,1
3576,,,,,,,,,,1,15,,,,,,,,,,,,,,,6,,,,10,,,,,,,,,,27,,14,6,,,,14,,,,,,2,,,,38,,,26,,,,,,,,,,,16,,,,11,,11,,,,13,,1,11,,21,,18,,,,,,,,,12,,,
3577,,,,,,,,,,13,12,,,,,,,,,,,,,,,9,,,,8,,,,,,,,,,15,,1,,,,,19,,,,,,,,,,34,,,18,,,,,39,,,,,,14,,,1,14,,14,,,,14,,,10,,1,,14,,,,,,,,,13,,,
3578,,,1,,,,,,,16,14,,,,,,,8,,,,,,,,1,,,,9,,,,,,,,,,27,,6,,,,11,14,,,,,8,,7,,,39,,,29,,,,,,,,,,,17,,,,11,1,4,,,,10,,,12,,15,,13,,,,,,,,,15,,,
3579,,,7,,7,,,,,9,16,,3,7,,,5,,,,,,5,,6,6,,2,,1,,5,,,,,,,1,42,,19,,,13,8,,,,18,,,12,,4,5,,9,,,9,,,,9,,,,,,,,,,8,,2,4,,,,,8,5,,3,2,12,,,,5,4,,,3,22,,,1
3580,,,5,,6,,8,4,4,,,,,4,1,15,,6,1,2,1,5,9,10,,,1,3,,28,4,4,11,5,8,8,,8,4,,,8,5,,5,5,7,,8,,1,,2,,1,,,,1,5,1,2,10,42,1,,3,1,3,,,4,1,4,,,7,,,3,,1,,,,4,,5,11,7,,,34,,5,,4,7,,
3581,,,2,7,3,,,6,,,4,,,,6,,,,,,,,6,,3,,,,,7,,,,4,,,,,,,,17,3,,,,18,,,,4,,,1,,,39,,,3,,2,22,,,,,,,,6,,2,,17,,,,,,17,,8,13,,24,,,,,,3,9,,,,13,,,
3582,10,,5,3,,1,33,,,1,5,9,,1,,,1,1,1,1,1,1,1,6,1,8,1,1,3,12,4,28,22,,,1,1,,1,1,1,1,,,1,13,8,,,12,1,1,1,,,21,1,5,1,1,,2,16,1,1,,1,4,,1,,,,1,1,1,,,,1,1,,,5,16,1,4,11,2,,,5,2,,,1,1,,1,1
3583,13,2,4,,1,,7,,,,19,,1,2,1,,10,2,15,2,8,,4,,5,1,,2,9,13,9,28,19,,11,,11,,1,11,,10,,,11,5,11,,4,17,,,,,,8,1,3,2,,2,9,16,33,16,,,,,,2,4,,12,11,,,,,,20,,,17,13,1,9,10,,,,,,2,,,10,,,
3584,12,,7,,,,26,,,,19,,,20,,2,16,,10,12,9,,5,,15,16,,,2,26,,28,18,,,,16,,,2,,7,,,6,9,12,,,16,,,,,,7,,3,,,,11,11,41,16,,,,,,,2,,,,,,,,,24,,,19,13,13,13,7,,,,,,,,,4,,,
3585,,,4,,8,1,1,4,1,,,,,4,2,13,,5,3,6,,6,8,4,,,4,4,,27,3,5,9,6,8,7,,9,3,,,8,6,,5,15,2,,4,,2,,3,,,,,,1,3,4,1,11,41,19,,2,,6,,4,2,4,5,13,,9,,,4,,7,1,,,16,,6,10,,,,34,,5,,3,1,,
3586,,,,,,,,,,10,4,,,,,,,,,,,,,,,9,,,,7,,,,,,,,,,19,,9,,,,,17,,,,,,,,,,33,,,20,,,,,,,,,,,5,,,,13,,11,,,,7,,,10,,21,,6,1,,,,,,5,,2,,,
3587,,,,3,,,,,,2,,8,,5,,5,4,,,4,2,,6,,,,,,13,10,5,16,7,,11,5,15,,,40,,,,,11,1,13,,4,,,5,12,1,,,,,,4,2,,6,,,,,,,,4,,,9,,,,,9,9,8,5,5,8,,19,17,18,,,,8,5,,1,,22,,,
3588,,,1,6,,,14,,,,,1,,2,,1,1,,,8,1,,,9,1,25,,4,,8,,2,1,1,3,,,2,4,1,,,,,,,3,,,4,,,,,1,,1,,,1,,,,,,2,,,,3,14,1,,7,,,1,,,,,9,,1,,1,10,6,,1,,,1,,,,23,,,
3589,1,1,1,1,,10,,,1,1,15,,1,,1,1,1,1,1,1,1,1,1,1,1,7,8,,1,1,1,13,5,1,,1,1,1,11,26,1,1,1,,1,1,1,,1,4,,,1,1,1,1,23,1,1,1,,,,,1,4,5,1,,,1,1,1,1,1,1,1,1,,1,12,,1,2,1,1,,6,,1,,,1,1,1,1,12,1,1,1
3590,,,,,,,17,,,,,4,,,,,8,,,8,4,,,,7,25,,,,8,,6,8,,6,,6,,3,33,,,,,,,6,,,8,1,,,,,13,7,,,37,,,,,,,,,,,,,,4,,,,,,,,,,5,,4,10,12,,,,,,,,,20,,,
3591,8,,8,,,,20,,,,29,,,19,,,7,,15,12,10,,7,,19,18,2,,7,23,,31,1,,,,19,,,8,,8,,,13,2,15,,1,22,,,,1,,1,,4,,,,12,17,42,15,,,,6,,,,,10,,,,,,,23,,,20,2,8,12,6,,,,,,,,,12,,,
3592,,,,,,9,,,,12,14,,2,,2,,,,,,17,,,,10,6,7,,10,3,5,12,4,5,,3,,11,10,25,,7,8,,3,2,15,,,3,,,,,2,1,22,,,20,,,,,,3,4,,,,6,,6,4,3,,18,2,,,11,,1,1,,19,,5,,,,,2,12,,4,11,,8,19
3593,8,1,4,,,,28,,,,27,,,14,,,17,,15,5,9,,5,,17,18,,,6,24,,27,13,,,2,18,,,7,,7,,1,7,8,12,,,18,,,,,,11,,5,,,,1,13,45,16,,,,,,,,,10,,,,,,,19,,,16,5,12,8,8,,,,,,,,,12,,,
3594,,,3,1,3,,,2,,,3,,,,6,,,,,,,,7,,1,,,4,,1,,,,4,,,,,,3,,18,3,,,,13,,,,6,,,1,,,41,,,3,,1,21,,,,,,,1,6,,1,,14,,,,,,16,,6,14,,25,5,,,,,4,5,,,,15,,,
3595,7,,,3,,,,4,,,,,,,,1,3,4,4,,,,,1,,,6,,4,,,,3,,1,,,6,,,,,,,,,,,,1,,4,6,,,,4,,,4,,,,,,8,,,,,,3,,,4,,9,,,5,7,,1,,,,,5,1,6,,1,,,,,4,,,
3596,,,,,,,,,,13,14,,,,,,,,,,,,,,,6,,,,11,,,,,,,,,,26,,8,,,,,17,,,,,,,,,,36,,,26,,,,,,,,,,,14,,,,15,,10,,,,12,,,8,,16,,12,,,,,,,,,14,,,
3597,1,1,1,,,1,17,1,,,1,3,,1,,,1,,1,1,1,,,1,1,26,1,,,1,1,4,5,1,1,,,,6,1,,,,1,1,1,5,,1,9,,,,,1,1,6,,,34,,,14,,,1,1,1,,1,1,,,1,1,1,,1,,1,1,1,,1,,1,1,1,,1,1,,,,,,1,,1,
3598,,,1,6,,,9,,,,,6,,,,,6,,1,13,10,1,,,7,27,,,,8,,13,1,,6,,,,7,37,,,,1,,,8,,10,5,,,17,,,,10,,,40,,,18,,,,,,,2,1,,,9,,,,,,6,,8,,11,,12,12,1,,,,,,,,,24,,,
3599,18,,,,,,14,,,,,3,,,,,9,,,10,5,,,9,2,21,,,,5,,13,10,,7,,4,,5,38,,,,,,,3,,,5,,,,,,,1,,,38,,,,,,,,,,,9,,,6,,,,,,6,,8,,6,,8,10,13,,,,,,,,,24,,,
3600,15,1,5,,,,6,,,,20,,,7,2,,1,,19,3,7,,9,1,6,10,4,3,1,12,,27,18,,,,,,,9,,10,1,,15,6,12,6,5,19,2,3,,,,1,,5,3,4,1,10,11,28,4,,,,,,1,,,1,10,,1,,,,5,,,1,12,4,12,9,,,,,3,,,,3,1,,
3601,14,,3,3,6,,28,,,,15,,,13,,,21,,14,12,1,,3,,13,13,,1,8,26,,28,14,,,,5,,,8,,9,,2,6,11,13,4,,14,,,2,,,14,,5,,,,8,15,46,9,,,,,,,,,15,,,,,,,16,,,10,12,14,11,8,,,,,,,,,2,,,
3602,13,,2,,,,3,,,,1,,,7,,,21,4,2,13,6,,3,,3,13,,,6,21,3,23,19,,,,7,,,11,,10,,,10,13,13,,,12,,,,,,13,,6,4,,,9,13,46,23,,,2,1,,,,2,12,,,,,,,1,,,8,17,13,2,12,,,,,,,,,6,,,
3603,2,3,,,,,,,,12,13,,,,,,,,,,,,,5,,4,,,,9,,,,,,,1,1,,28,1,1,,,,4,9,,,,,,,,,,40,,,26,,3,,,,,,,,,1,,,,13,,1,,,7,9,,,8,,17,,14,,,,,,,,,16,,,15
3604,,,,,,,,,,15,12,,,,,,,,,,,,,,,11,,,5,10,,,20,,,,,,,27,,8,,,,,8,,,,,6,,,,,37,,,26,,,,,,,,,,,9,,,,14,,,,,,12,,,10,,19,,14,,,,,,,,,7,,,
3605,,,,,,,,,,14,13,,,,,,,,,,,,,,1,8,,,,10,,,24,,,,,,,28,,16,5,,,,8,,,,,,,,,,35,,,23,,,,,,,,2,,,2,,3,,16,,8,,,2,6,,,3,1,22,,17,,,,,,,,,14,,,
3606,1,1,1,,8,,8,2,9,3,2,3,,1,,1,,1,8,1,,11,5,2,2,1,2,6,,24,4,1,11,8,1,2,1,7,4,,1,1,3,,10,15,1,,2,2,1,1,6,2,,,,,5,,4,,3,45,3,,6,,8,,4,4,1,2,3,,2,,,5,1,5,1,1,1,22,,15,6,8,1,,31,,1,,6,1,,
3607,,,,10,,1,12,,,,,7,,,,2,4,1,,5,6,,4,,,28,,1,,7,6,14,5,1,6,,1,,11,1,,1,,,11,,9,,8,7,,2,17,,3,,,,2,5,,,7,,,,,,,3,2,,,9,,,,,,6,,6,7,9,1,4,11,8,,,,11,,1,5,,17,,,
3608,,,,,,,15,,,,,5,,,,,4,,,10,4,,,,1,16,,2,,8,,15,9,,3,,,,2,35,,,,,,,8,,,8,,,,,,,3,,,40,,,2,,,,,,,,15,,,5,,,,,,,,10,,7,,5,9,13,3,,,,,,,,21,,,
3609,,,,,,,,,,10,6,,,,,,,,,,,,,,,11,4,,,2,,,,,,,,,,24,,6,,,,,20,,,,,,,9,,,35,,,22,,,,,,,,,,,14,,,,12,17,9,,,,13,13,,11,,20,,17,,,,,,,,,7,,,
3610,,,,2,,7,7,,,2,16,,,,1,,23,6,4,2,,,10,,15,3,,,7,8,,,2,3,,,1,6,13,6,2,2,,,2,2,13,,,14,3,,,,,2,22,,,24,,,14,3,,4,3,,,,8,,7,6,6,1,16,,,,11,,,15,,18,,9,,14,2,4,,,2,4,11,,,4
3611,,,,,,,,,,14,13,,,,,,,,,,,,,,,10,,,,11,,,,,,,,,,25,,15,,,,,12,1,,,,,,,,,38,,,19,,,,,,,,,,,15,,,,13,,13,,,,11,,,11,,19,,18,,,,,,,,,15,,,
3612,14,2,6,,,,5,,,,3,,,2,3,1,9,,8,3,4,,1,,6,1,,5,8,21,2,26,19,,,,17,,,13,,9,,,10,10,4,6,,12,5,,,,,2,,6,,,,,10,29,5,,,,,,,,,14,,,,,,,6,,,4,12,4,11,5,,,,,4,,,,12,,,
3613,,,2,4,3,3,,6,3,,2,,,,3,,,,,,,,1,,4,,,3,,8,,,,3,,,,,,,,18,2,,,,17,,,,4,,,6,,,40,,,5,,2,2,,1,,,,,,5,,4,,18,,,,,,15,,2,16,,24,,,,1,,5,10,,,,17,,,
3614,15,,3,,,,4,1,,4,7,,,10,,,21,,13,12,7,,2,,9,10,,2,8,18,11,23,18,,,,12,,,6,1,7,,,5,3,12,6,,15,1,,1,,,12,,4,,1,,10,16,31,14,,,6,,,1,4,,17,,,,,,,2,,,10,12,11,11,9,5,,2,,,,,,11,,,
3615,,,,,,,16,,,,,2,,,,,5,1,,10,4,,,,9,25,,,,7,,14,5,,7,,,,6,41,,,,,10,,6,,,5,,2,,,,,8,1,,34,1,,,1,,,,,,,,,,5,,,,,,,4,10,2,4,,4,11,14,,,,,,,,,21,,,
3616,,,2,,4,,1,2,4,2,22,5,2,,,,8,,2,,,2,,1,9,,,2,4,3,1,,,3,,2,,,,51,2,3,2,1,2,12,5,,,2,,,4,,,2,,2,,2,1,,2,,11,,,,,,13,,,,,,4,4,,,26,3,,7,7,9,19,6,,2,,,7,,,2,9,7,,
3617,6,,5,,,,21,,,,16,,,7,,,20,,14,12,,,4,2,2,10,,,3,22,,28,15,,,,15,,,6,2,9,,,11,13,14,,,15,,,,,,9,,9,,,,12,17,46,17,,,,3,,,,,10,16,,,,,,22,,,12,12,13,10,3,,,,,,,,,12,4,,
3618,,,,,,,2,,,14,11,,,,,,,,,,,,1,,,8,,,,5,,,,,,,,,,24,,5,8,,11,1,19,,,9,,1,,,,,35,,,21,,,,,,,,,,,12,,,,7,,11,,,,4,,,10,,22,,8,,,,,,,,,9,,,
3619,8,,,,1,2,,,4,7,3,,,,1,1,,,,,,,,2,,1,,1,1,12,,15,,2,,2,,1,1,4,,4,7,,,1,1,1,2,,1,1,1,,,,34,,,18,3,,20,5,,6,,,,,14,,1,1,4,,14,1,3,,1,,,13,,1,,2,,2,1,1,1,,,,17,6,,1
3620,7,,7,,,,27,,,,27,,1,18,,,10,,18,10,4,,7,,16,5,,,9,27,,32,18,2,,,10,,,6,,8,,,11,5,16,,,20,,,,,,13,,6,,,,12,17,40,17,2,,,,,,,,6,1,,,,,,23,,,14,7,9,12,7,,,,,,1,,,1,,,
3621,,,,,,,,,,14,4,,,,,,,,,,,,,,,10,,,,9,,,,,,,,,,18,,5,,,,17,16,1,,1,,,16,3,,,24,,,23,,,,28,,1,1,4,,,15,,,,8,,3,,2,,2,,,14,,3,2,10,1,,,,,2,,13,14,,3,
3622,16,,6,,,2,23,,,,16,,,13,,5,21,,13,7,17,,5,,1,13,,,8,25,,29,8,,,,13,,,4,1,8,,,10,10,12,1,,20,,,,,,9,,8,,,3,2,1,47,11,,,,,1,,,,12,4,,,,,3,21,1,,13,12,10,2,11,,2,,,,,,,12,,,
3623,15,,4,,,,21,,,,28,,,15,,,19,,15,10,10,,6,,14,15,,,1,23,,32,15,,,,12,,1,9,,9,,1,1,12,12,,,16,,1,,4,,13,,5,,,,5,12,45,8,,,,,,,7,,16,1,,,,,,5,,,15,9,10,10,9,,,,,,,,,13,,,
3624,,,4,,4,,5,5,4,,4,1,,1,,13,,2,7,4,5,2,5,10,,,1,4,2,25,3,5,9,3,6,11,,6,3,,,8,3,,6,15,4,,8,,2,,2,,,,,,6,9,4,,3,41,21,,2,,4,,,2,1,2,3,,2,,,2,1,6,2,,,17,,5,10,,,,32,,6,,3,9,,
3625,,,,,,,3,,,15,4,,,,,,,,,,,,,,,10,,,,2,,,,,,,,,,17,,2,,,,,16,,,,,,,1,,,27,,,23,,,,,40,,,,,,9,,,,10,,13,,,,14,,,9,,20,,11,,,,,,,,,17,,,
3626,,6,2,,,7,2,,,6,3,,5,1,3,,,,,4,5,,,,17,11,6,,9,3,,13,4,2,,5,,5,,,,8,2,48,5,2,17,,1,24,1,3,,,3,4,1,,,22,,,3,,,6,4,,,,5,,7,,2,,17,2,,,2,,9,2,,20,,7,,,1,,,,1,5,12,1,5,
3627,,,,,,,,,,11,13,,,,,,,,,1,3,,,,,9,,,,10,,,,,,,2,,,24,,13,,,,,2,,,,,,,,,,38,,,28,,,,,,,,,,,16,,,,11,,8,,,,10,,2,9,,18,,19,,,,,,1,,1,13,,,12
3628,6,,,4,,,,5,,,,,,,,6,3,7,3,,,,,14,,,7,,,,,,3,,5,,,3,,,,,,,,,,,,,,4,7,,,,6,,,2,,,,,,11,,,,,16,1,,,5,,9,,,2,4,,,,,,,4,,4,,,,,,,3,,,
3629,,,,,,,12,,,,,1,,5,,,7,,3,1,11,,,,7,26,,,,6,,12,7,,3,,,,11,30,,,,,,,8,,,8,,,,,,,6,,,40,,,,,,,,,,,,,,5,,,,,,,,9,,9,,10,13,8,,,,,,,,,23,,,
3630,13,,4,2,,,4,,,,8,,,8,,,22,,12,12,2,,5,,6,8,,,7,20,9,23,19,,,,12,,,10,,2,,,2,7,12,,,13,,,,,,16,,3,9,,,4,18,48,24,,,3,,,,,,14,,,,,1,,19,,,3,15,4,11,13,,,,,1,,,,14,,,
3631,7,,2,2,,1,7,,,,20,,,17,,,20,,14,11,10,,1,,18,19,,,13,27,,29,20,,1,,17,,,7,,6,,,11,10,13,,,17,,,,,,1,,4,,,,13,12,33,12,1,,,,,,6,1,11,1,,,,,,1,4,,20,7,6,12,8,,,,,,2,,,15,,,
3632,,,,,1,,9,,5,6,18,5,,11,,,5,,,3,10,2,9,9,,15,1,6,,10,4,15,3,,5,,19,,,37,8,20,,2,9,3,3,1,9,1,,2,17,1,,,6,,,7,,,5,2,15,,,,,,4,,1,10,,,4,,8,1,,1,2,8,,1,6,4,,8,,3,4,3,,9,2,,2,
3633,,,11,,,,,,,9,12,,,,,,,,,,,,,,,2,,,,6,,,,,,,,,,16,,4,8,,,,15,,,,,,,,3,,40,,,27,,,,,1,5,,,,,12,,,,10,,10,,,,9,,,6,,22,,13,,,,,,,,,12,,,
3634,12,,3,,,,32,,,,8,,,8,,,21,,13,12,4,,4,,7,1,,,9,13,8,22,17,,,,11,,,10,,10,,,6,13,8,,,12,,,,,,19,,4,2,,,7,16,47,26,,,,,,,,1,12,,,,,,,20,,,7,16,14,12,13,,,,2,,,,,13,,,
3635,,,,5,,,,,,11,10,,,,,,,,,,,,,,,9,,,,1,,,27,,,,,,,27,,14,,,,5,3,,,2,,,,,,,36,,,28,,,,,,,,,,,16,,,,8,,9,,,,10,6,2,4,,16,,14,,,,,,,,2,16,,,
3636,,,,,,,15,,,,,5,,,,,8,,,9,2,,,,8,24,,,,4,,13,10,,6,,,,5,29,,,,,,,4,,,7,,,,,,,1,,,35,,,,,,,,,,,,,1,7,,,,,,,,10,,6,,7,12,11,,,,,,,,,21,,,
3637,,1,1,2,,,,,2,1,18,,5,1,,2,,,2,3,,1,1,,4,2,,,,4,2,2,1,,,,,3,21,11,1,12,3,,4,2,13,,,1,3,,,,1,1,40,,1,16,,,,,42,1,,,1,,3,,1,8,1,3,13,,,,1,,,5,,5,,1,,4,,7,,,,2,2,,,5
3638,,,1,2,2,,4,3,3,3,19,3,4,,,,7,,2,,,3,,4,11,,,4,6,5,5,2,,2,,5,,,,48,1,5,3,4,4,11,4,5,,16,,,3,,,3,,3,,3,4,,3,1,12,,,,,,15,,,2,,,6,4,,,24,2,,,3,8,17,4,,3,,,7,,,5,7,5,,
3639,,,6,5,5,3,,5,,,4,,,,6,,,,,,,,3,,6,,,,,7,,,2,2,,,1,,,,,18,6,,,,18,,,,1,,3,6,,,41,,,1,,3,3,,,,,,,,5,,5,,14,,,,,,2,,9,15,1,24,2,,,1,,3,9,,,,18,,,1
3640,,,,,,,,,,2,12,,,,,,,,,,2,,,,,4,,,,12,,,,,,,,,,26,,11,,,,3,6,,,,,,,,,,37,,,25,,,,,,,,,,,16,,,,12,,4,,,4,14,,,7,,21,,20,,,,,,,,,15,,,9
3641,,,,6,,,27,,9,,,7,,5,,4,2,1,,2,5,,5,,,1,,,3,9,6,17,1,,8,2,18,,,44,,1,,,11,,15,,7,9,,5,12,,,,1,,,4,,,8,,,,1,,,,1,,,7,,,,,2,10,6,5,3,8,,,17,1,,,,7,7,,4,,21,,,
3642,,,,,,,,,,11,13,,,,,,,,,1,,,,,,9,,,,12,,,,,,,,,,27,,15,5,,,,1,,,,1,,,,,,39,,,28,,,,,1,4,21,,,,10,,9,,16,,12,,,,9,,,6,,21,,17,,,1,,,,4,,14,,,8
3643,11,,8,,,,26,,,,21,,,19,,,16,,18,11,7,,5,,19,18,,,9,28,4,29,17,,,,15,,,7,,6,,2,9,4,3,,,22,,,,,,11,,4,1,,,10,17,39,15,,,,,,,3,,11,,,,,,,19,,,20,7,7,14,6,,,,,,,,,10,,,
3644,,,,9,,,11,,,,,4,,,1,1,13,,3,13,5,,,,6,15,,,,10,,13,4,2,6,,,,7,34,,,,,10,,8,,8,6,,,,,2,,10,,,41,,,,,,,,,,2,11,,,11,,,,,,4,,10,,8,,2,13,5,,,,12,,,6,,20,,,
3645,14,,3,2,,,22,,,,14,,,12,,,19,,14,14,11,,5,,5,2,,,4,22,8,29,16,,,,8,8,,5,,2,,,12,1,2,4,1,14,,,,,,12,,7,,2,,8,13,45,10,,1,,,1,,6,,16,15,,,,,,19,,,13,8,4,13,12,,,,,,,,,7,,,
3646,15,,7,,,,25,,,,28,,,17,,,17,,15,11,3,,6,,17,11,,,13,24,2,27,18,,,,6,,,5,,6,,1,12,7,13,,,22,,,,,,8,,7,,,,13,17,31,15,,,,,,,,,10,,,,,,,22,7,,21,4,6,10,6,,,,,,,,,13,,,
3647,,,6,,5,,4,2,5,3,22,5,1,,,,8,,4,3,,3,,2,8,,,3,6,4,3,,,4,,3,,,,45,3,1,3,,2,10,1,4,2,17,,,6,,1,4,,3,,1,1,,3,2,4,,,,,,16,,,5,,,5,5,,,23,3,,3,9,7,17,2,,4,,,4,,,6,8,4,,
3648,9,,2,,,,5,,,,29,,,19,,,19,,13,10,6,,6,3,18,18,,,2,27,,31,18,,2,,11,,,6,,7,,,12,6,2,,,21,,,,,,2,,7,,,,13,17,34,14,2,,,,,,,,10,,,,,,,20,5,,20,6,6,13,8,,,,,,,,,14,2,,
3649,,,5,1,3,,,3,,,2,,,,5,,,,,1,,,7,,7,,,,,5,,,,4,,,,,,2,,20,9,,,,16,,,,6,,,2,,,42,,,4,,,21,,,,,,,,1,,6,,16,,,,,,15,,4,1,,25,3,,,,,5,9,,1,,19,,,
3650,1,1,1,1,1,1,1,1,1,1,1,1,1,1,1,1,1,1,1,1,1,1,1,1,1,1,1,1,1,1,1,1,1,1,1,1,1,1,1,1,1,1,1,1,1,1,1,1,1,1,1,1,1,1,1,1,1,1,1,1,1,1,1,1,1,1,1,1,1,1,1,1,1,1,1,1,1,1,1,1,1,1,1,1,1,1,1,1,1,1,1,1,1,1,1,1,1,1,1,1
3651,6,,,,,,,,4,14,3,,,,,,,,,,,,,,,10,,,,8,,,,,,,,25,,18,,12,5,,,,18,,,,,,,,,,35,,,16,,,,,40,,,,,,11,,,,8,,12,,,,10,,,11,,22,,16,,1,,,,,,,14,,,
3652,16,,2,1,1,2,6,,,3,13,,,5,2,,21,2,13,15,8,,1,,1,11,,1,9,19,10,22,3,1,,1,11,,,9,,1,,,1,2,2,7,2,19,4,,,2,2,11,,6,2,,,7,11,33,6,3,,,,,,2,,16,,1,,,,3,1,,,7,14,1,2,5,,,1,4,,3,,2,8,,2,
3653,,,,,8,4,7,,5,2,4,3,1,1,,,5,1,2,2,1,5,2,9,8,4,3,2,,3,5,19,1,,9,,4,,,,6,22,,4,16,10,4,3,,3,,7,8,1,,6,5,,,,,,1,,13,,,,,,1,,2,1,5,,6,1,13,4,4,2,1,3,,1,3,3,1,1,2,3,2,1,,8,5,,4,4
3654,,,,,,,,,,10,13,,,,,,,,,,,,,,,4,,,,8,1,,,,,,,,,27,,8,9,,1,,14,,,,1,,,,,,27,,1,19,,,19,,,6,,,,,16,,,,9,,15,,,,12,,,12,,21,,20,,,,,,,,,16,,,
3655,,,,3,,,,,,,,6,,4,,8,3,,,3,5,,1,,,,,,9,9,5,3,6,,7,3,17,,,43,,,,,10,,14,,5,,,2,13,,,,,,,3,3,,7,,,,,,,,3,,,8,,,,,8,5,7,4,2,8,,19,18,8,,,,8,8,,2,,17,,,
3656,,,12,,,,,,,15,5,,,,,,,,,,,,,,,4,,,1,7,1,3,,,,,,,,23,,11,,,11,8,19,,,,,,,,,,31,,,1,,,,,,,,,,,13,,,,11,,14,,,,12,,,11,,22,,12,,,,,,,,,12,,,
3657,5,,,2,,,,5,,,,,,,,3,4,5,4,,,,,14,,,5,,7,,,1,2,1,4,,,5,,,,,,,,,,,1,1,,1,4,,,,2,,2,4,,,,,,6,,,,,,6,,,4,,5,,,3,7,,,,,,,5,,6,,,,,,,1,,,
3658,2,,,,,,2,,,13,14,,,,,,,,,,,,,,,7,,,,11,,,,,,,,,,1,,13,1,,,,11,,,,,,,,,,38,,,29,,,,,42,5,,,,,17,,3,,9,,20,,,4,4,,,9,,21,,1,,,,,,,,,15,,,
3659,,,2,4,,7,,,1,12,17,,1,2,,,,,3,2,,,,,1,14,,,,9,1,,4,4,,,,7,20,10,2,10,4,,4,4,12,,,16,2,,,,,4,1,,,21,,,12,,,2,,,,,9,,4,7,1,2,16,,,,10,,,5,,4,,8,,,,4,,,,1,3,,,6
3660,,,,3,,,10,,1,,9,,2,20,1,,22,4,,,14,,11,,1,9,1,,8,10,,33,2,1,,2,2,6,14,7,5,1,1,,5,11,17,1,,3,1,,,,,6,19,,,25,,,1,1,,6,1,,4,,1,,,,5,,12,,,,1,2,,4,,3,,5,,1,,5,2,,1,,15,,,1
3661,,2,,,3,,2,,1,16,11,,,1,,,,,,2,,,1,,,1,,2,,,,,1,,,,,,1,2,,1,1,,,1,10,,,,,,,4,,,36,,2,26,2,,17,1,,1,3,,2,,1,,,,12,2,10,,,,15,,,3,,21,,22,,,1,3,2,3,,,6,1,1,3
3662,,,3,,7,,6,4,6,,,,,3,,14,,3,5,3,,10,8,7,,8,2,5,,1,2,2,9,4,2,2,,5,3,,2,9,3,,8,14,4,,,,4,,6,,,,,,5,,4,,15,38,3,,5,,6,,,2,5,3,,,3,,,3,15,4,,,,16,,14,7,,,,29,,2,,5,3,,
3663,,,,,,,15,,3,,,4,,,,,3,,,7,1,,,,3,23,,,,5,,8,7,,3,,7,,7,1,,,,1,,,6,,,6,,,,,,,6,,,41,,,,,,,,,,,10,,,7,,,,,,8,,9,,3,,4,3,13,,,,,,,,2,19,,1,
3664,,,,1,,,12,,,3,,2,,5,,8,1,,,1,7,3,7,,,2,,,11,8,4,1,7,,3,2,19,,,42,6,,,,2,,15,4,7,2,,3,13,,,,,,,35,,,2,,,,,,,,1,,,7,,,,,5,4,3,2,3,5,,6,8,18,,,,9,4,,2,,26,,,1
3665,8,,3,3,2,1,7,,2,4,14,1,,8,2,1,1,2,13,2,9,,1,,4,12,,2,10,20,9,2,1,3,,3,12,,,9,,2,,,3,5,1,7,3,20,,,,,2,12,,7,3,,,1,11,33,6,4,,,,1,,2,,17,18,,,1,,1,2,1,2,8,12,2,3,4,,,1,5,3,2,,1,10,,1,
3666,,,,8,,,15,,,,,3,,,,,9,,1,9,3,,,,2,14,,,,1,,12,9,,7,,,,4,40,,,,,,,6,,,6,,,,,,,5,,,36,,,,,,,,,,,,,,5,,,,,,7,,9,,7,,8,15,12,,,,,,,,,22,,,
3667,,,,,,,,,,7,8,,,,,8,,,,,,,,,,12,,,5,4,,16,,,,,,,,26,,16,,,,9,18,,,,,,,,,,32,,,27,,,,,,2,,,,,13,,,,11,,14,,3,,9,,,1,,22,,3,1,,,,,,,,7,,,
3668,12,,2,,,,31,,,,10,,,5,,,18,,12,12,2,,6,,5,11,,,9,10,6,19,19,,,1,10,1,,11,,2,,,3,13,14,,,14,,,,,,18,,2,6,,,4,17,46,26,,,,,,3,,,15,,,,,,,1,,,7,12,16,11,9,4,,,,,,,,4,,,
3669,,,5,,,,3,,,6,4,3,,2,2,,,,,,3,,,1,,3,,,,1,,1,,2,3,,1,,4,1,4,18,7,,,,21,,2,,2,,,3,,,,,,2,,3,20,2,2,,,,,,13,,1,2,3,,1,,1,,16,,,13,,,3,1,,,2,,1,,,4,13,,,
3670,,1,,,,,,,,14,14,,,,,,,,,,,,,,,5,,,,12,,13,,,,,,,,2,,3,6,,,,5,,,,,,,8,,,19,,,25,,1,,,,,,,,,17,,,,12,,8,,,3,15,,,9,,1,,19,,,,,,,,,16,,,
3671,9,,4,,,,1,3,,,1,,,18,,,20,,9,12,8,,7,,15,9,1,,7,23,,1,21,,,,8,,,8,,10,,,9,7,15,5,,23,,,,,,11,,8,,,,10,13,44,7,,,1,,,13,1,,10,,,,,,5,15,,,13,11,17,2,11,,,,,2,,,,13,,,
3672,,2,,,,,,,,11,12,,,,,,,,,,,,,,,13,,,,8,,13,,,,,,,,25,,9,,,,,10,,,,,,,,,,36,,,29,,2,,,,,,,,,14,,,,14,,6,,,,10,,,8,,16,,17,,,,,,,,,16,,,
3673,,1,7,,1,,1,,38,16,8,11,2,3,4,4,10,6,9,4,5,,,35,5,5,7,6,6,9,1,3,9,4,1,1,18,,,2,4,1,,,11,11,5,,,1,1,4,,16,1,3,18,1,,23,,4,11,2,2,1,21,7,,,5,3,4,,14,2,14,,3,,4,,,5,1,14,5,9,,1,1,,4,,1,,13,3,19,
3674,,,,,,,8,,,6,7,,,,,,,,,,,,,,15,6,,,,10,,,,,,,,,,20,,12,,,,,18,,,,,,,,,,29,,,19,,,17,1,,,,,,,10,,1,,14,,15,1,,,12,,,11,,21,,9,,15,,,,1,,,10,,,19
3675,,,5,,8,,,,1,10,15,,5,6,,,6,,,,,,,,1,2,,,,3,6,4,,,,,,1,,43,,18,,,13,7,,,,17,,,11,,1,1,,1,,,,,,,2,,,,,,,,,,7,1,1,2,,,,,6,3,,2,3,13,,,,6,4,,,,22,,,2
3676,16,,1,2,2,1,7,,2,2,13,1,,6,1,1,21,3,1,,10,,1,,3,11,,2,10,21,10,2,3,2,,2,12,,,8,,2,,,2,3,3,7,1,20,5,,,1,2,1,,2,2,,,2,1,34,7,2,,,,2,,1,,17,,2,,1,,2,2,2,2,2,13,3,1,10,,,2,1,,1,,2,9,,2,
3677,3,,,,,4,,,,14,11,,,,,,1,,,,,,,,,5,9,,,12,,,,,,,,24,11,24,,5,,,,,15,,,,,,,,2,,36,,,19,,,,,,,,2,,,7,,3,2,15,,16,,,,14,,,5,,19,,15,,,,,,,,11,8,,,
3678,16,1,7,6,,,4,,6,,17,8,2,13,,1,22,,,2,8,,6,,5,1,,11,5,25,1,15,5,,7,1,14,2,1,1,2,8,,1,6,11,13,3,1,12,1,1,14,,4,,3,,,4,1,4,11,46,15,,,,1,,6,,,,,,1,,8,,,2,,18,,8,15,11,,1,,5,1,,3,,14,3,,
3679,,,5,,5,,6,5,2,,2,,,3,,14,,2,8,1,,8,4,10,,,5,3,2,27,4,3,11,2,7,9,,8,6,,,7,3,,4,4,5,,7,,4,,3,,4,,,,2,2,3,,7,41,20,,3,2,2,,3,3,2,5,3,,2,,,3,,8,,,,2,,7,10,5,,,33,,6,,2,8,,
3680,6,,7,,,,19,,,,15,,,18,,,18,,15,11,,,6,,13,16,,,4,22,,29,2,,,,20,,,3,,4,,,11,11,13,,,22,,,,,,2,,7,,,,1,17,46,17,,,,,,,,,10,,,,,,,17,,,20,4,9,5,10,,2,,,,,,,12,,,
3681,,1,,,,,,,,14,13,,,,,,,,,5,1,,1,,1,10,,,,7,,,,,,,,,,27,,11,4,,,,13,,,,,1,,,1,1,40,,,28,1,,,,,,,,,,15,,,,13,,9,,1,,9,,,9,,19,,18,,,,,,,,,14,,,1
3682,14,,1,,7,,3,2,2,,2,3,,4,,10,,1,7,3,5,10,1,8,,3,3,5,,23,6,3,10,1,6,9,,4,4,,3,9,1,,6,14,6,,1,,2,,4,,,,,,7,11,5,,5,42,1,,6,,7,,,7,3,5,4,,4,,,1,,5,,,,15,,12,2,,,,33,,3,,4,7,1,3
3683,,,,,,,,,,8,10,,,,,,,,,6,,,,1,,2,,,,6,,,,,,,,,,22,,15,,,,10,18,,,,,,,,,,38,,,25,,,,,,,,,,,13,,,,11,,13,,,,14,,,12,,16,,1,,,,,,,1,,12,,,
3684,,,,,,,,,,14,15,,,,,,,,7,,,,,,,8,,,4,2,,,,,,,,,,20,,4,,,10,7,17,,,,,,,,,,27,,,26,,,,,,,,,,,13,,,,12,,10,,1,,3,,,2,,2,,9,,,,,,,,,14,,,
3685,,,,7,,,13,,,,,5,,,,,6,,1,14,7,,,,5,26,,,,7,,12,2,,5,,,,6,37,,,,,12,,4,,9,4,,,17,,1,,11,,,39,,3,17,,,,,,,3,11,,,12,,,,,,5,,7,,8,,22,12,10,,,,,,,,,19,,,
3686,,,,6,,,,,,14,11,,1,,1,1,,,1,,1,,,,,7,,1,,12,,1,1,,,,,,1,1,,1,7,,,6,18,,,1,,,,9,,,20,,,1,,1,,,,1,,,,,17,,,1,1,1,9,,,4,11,7,1,5,,17,,1,1,,1,1,,,,1,15,1,,1
3687,,,,,,,,,,12,14,,,,,,,,,,,,,,,9,,,6,10,,,,,,,,,,29,,13,,,,,7,,,,4,,,,,,37,,,23,3,,,,,,,,,,16,,6,,16,,9,,,,8,,,7,,16,,21,,,,,5,,1,,15,,,
3688,1,1,1,1,,1,1,1,1,1,1,1,1,1,1,,1,1,,1,1,1,1,1,1,9,,,1,9,,,,,1,,1,1,1,1,,1,1,,1,11,1,1,1,1,1,1,1,1,1,15,32,,,1,1,,1,1,1,1,1,1,,1,13,1,3,,1,1,1,,1,1,1,1,,11,2,4,1,1,1,1,1,1,1,1,1,1,13,1,,1
3689,1,1,1,1,,,,1,,13,1,,,,1,,,1,,,,,,,1,10,,,1,1,1,1,1,,1,,,,,23,,1,,,1,18,17,2,,2,1,,17,4,1,,25,,,24,,,,1,,1,2,5,1,1,15,1,,1,9,1,1,,1,,3,,,4,1,1,1,11,1,1,1,,,,1,14,13,,1,1
3690,11,,2,2,,,24,,,,17,,,14,,3,22,3,5,11,,,1,,12,15,,,3,25,,28,14,,,,12,,,42,,9,,,9,11,11,,,18,,,,,,11,,6,,,,3,9,44,12,,,,,,,,,9,5,,,,,2,23,,,2,10,11,7,11,,,,,,,,,13,,,
3691,2,,1,2,,,1,1,1,5,2,1,,1,3,1,1,2,2,1,1,1,,,,4,1,1,,1,,13,,1,2,,,,,1,2,2,,,2,,13,1,,,2,1,1,7,,2,2,1,1,17,,1,19,,,,1,,2,,1,1,6,1,1,1,15,,1,,1,,2,2,1,2,,2,,,,,5,1,1,1,12,,,
3692,1,,,,,,,,9,7,6,,,,,,,,,,,,,,,11,,,,2,,,,,,,,,,23,,3,,,,,17,,,,,,,,,,35,,,25,,,,,,,,,,,11,,,,12,,15,,,,13,,,13,,20,,13,,,,,,,,,11,,,
3693,,,,,,,11,,,14,1,,,,,,,,,,,,,,,9,,,,9,,,,,,,,,,22,,6,,,4,,14,,,,,,,,,,32,1,,21,,,,,,,,,,,6,,,,12,,12,,,,11,,,9,,20,,13,,,,1,,,,,10,,,
3694,2,,,,6,,1,,1,,2,6,,,,,2,,1,10,4,,,,10,15,2,3,1,2,,14,9,,2,2,13,,1,38,2,,1,,2,1,9,2,1,23,,,,,6,9,4,7,,1,2,1,1,36,2,,4,1,6,,,,,4,,,1,2,,,6,1,2,13,2,6,11,1,2,1,,,5,,,,1,,,
3695,,,5,4,4,2,,1,,,3,,,,4,,,,,,,,5,,2,,,,1,6,,,,2,,,,,,,,17,2,,,,14,,,,4,,,5,,,38,,,3,,1,21,,,,1,,,,6,,1,,15,,,,,,1,,8,15,1,23,,,,,,,6,,,,12,,,
3696,,,,5,,,,,,4,,9,,2,,7,2,,,3,1,,4,,,,,1,10,8,4,17,6,,11,1,18,,,43,,,,,3,3,14,,6,,,2,12,,,,,,,2,,,5,,,,,,,,2,,,11,,,,,3,3,6,1,3,4,,,13,18,,,,12,3,,4,,19,,,
3697,,,,,,,,,,15,12,,,,,,,,,,,,,,,9,,,,7,,,,,,,,,,23,,10,,,2,,13,,,,,,,,,,37,,,26,,1,,,21,,,,1,,15,,,,14,,13,,,,1,,,12,,20,,19,,2,,,,,,,14,,,
3698,,,,5,,,11,,,,,4,1,,,,14,3,2,13,10,,,,6,27,,,,5,,13,7,,4,,,,10,37,,,,,10,,7,,11,6,,,,,,,7,,,39,,,15,,1,,,,,3,1,,,8,,,,,,6,,9,,5,,11,11,9,,,,13,,,,,18,,,
3699,,,1,1,1,,1,1,1,1,23,7,1,1,,,7,,3,,,3,,1,1,1,,1,1,4,2,,,4,,1,,,,50,3,1,3,2,3,12,5,4,,1,3,,5,1,,3,,3,,1,2,,4,1,1,,1,1,,,1,1,,6,1,,5,1,,,1,3,,1,7,10,19,2,,1,1,,1,,,5,10,4,1,
3700,,,4,,,,5,,,5,3,1,,3,4,,,,,,2,,,3,,2,,,1,1,1,2,,3,2,,,,1,1,4,16,6,,,,22,,1,,4,,,2,,,,,,1,,2,19,4,5,,,,,,13,,2,4,2,,3,,5,,17,,,12,,,2,3,,,,,2,,,3,12,,,
3701,,,7,,10,,1,,,9,14,,7,7,,,6,,,,,,7,,5,5,,,,3,,4,,,,,,,,42,,18,,,14,5,,,,15,,,11,,3,6,,,,,6,,2,4,7,,1,,,,,,,,7,,5,3,,,,,9,6,,2,5,13,,,,2,1,,,,24,,,5
3702,,,,,,,,,,13,12,,,,,,,,,,,,,,,11,,,,11,,14,,,,,,,,26,,12,,,,,19,,,,,,,7,,,38,,,29,,,,,,,,,,,15,,,,10,,9,,,,13,,,8,,13,1,19,,,,,,,,,12,,,
3703,,,,,,,,,,6,11,,,,,,,,,15,,,,,,9,3,,,9,,,28,,,,,,,25,,6,,,,,13,,,,,,,,,,35,,,17,,,,,,,,,,,13,,,,7,,14,,,,11,,,11,,20,,16,,,,,,,,16,13,,,
3704,2,,1,1,1,,1,1,,1,1,1,1,1,,1,1,,,1,,,1,1,1,8,1,1,1,1,1,1,,,,1,1,1,1,1,1,1,1,1,1,,17,,1,2,1,1,1,,,,37,1,,29,,1,,1,1,,1,,,,1,,,3,1,1,20,1,1,,3,1,3,1,,17,1,1,1,1,,1,,1,1,,1,1,1,1
3705,17,,,,,,17,,1,,,,,4,,,8,,,4,10,,,,7,20,,,6,7,,8,12,3,9,,5,,,40,,7,,,9,12,7,,,7,,,,,,5,,7,,36,,,18,,20,,,,,,,,,1,,,,,,,,,,15,,5,14,10,,,2,,1,,,,20,,,
3706,9,2,9,1,,,25,1,,,24,,,17,,,9,,14,11,5,,6,,20,19,,,9,25,,30,17,,,,15,,,11,,5,1,,11,12,8,,,21,,,,3,,9,,6,,,,13,16,41,1,,,,1,,,,,9,,1,,,,,21,,,18,5,7,9,9,,1,,,,,,,10,,,
3707,,,,,,,,,,11,16,,,,,,,,,4,,,,,2,4,,1,,11,,,,,,,,,,25,,8,,,,,12,,,,,,,,,13,39,,,27,2,,,,,,,,,,3,,3,,14,,5,,,1,8,,,8,3,20,,19,,,,,,,4,,15,,,13
3708,,,5,,9,,3,,,7,14,,2,8,,,8,,,2,,,6,,6,2,,4,,2,1,4,,,,,,,,43,,18,,,15,5,,,,18,,,13,,,3,,,,,8,,,4,7,,,,,,,,,,5,,3,3,,,,,8,1,,4,6,9,,,,4,5,,,1,23,,,3
3709,1,1,1,1,1,1,1,1,1,1,1,1,1,1,1,1,1,1,1,1,1,1,1,1,1,1,1,1,1,1,1,1,1,1,1,1,1,1,1,1,1,1,1,1,1,1,1,1,1,1,1,1,1,1,1,1,1,1,1,1,1,1,1,1,1,1,1,1,1,1,1,1,1,1,1,1,1,1,1,1,1,1,1,1,1,1,1,1,1,1,1,1,1,1,1,1,1,1,1,1
3710,,,,,,,14,,3,,,2,,,,,8,,,8,4,,,,5,2,,3,,2,,4,10,5,3,,,,4,39,,,,,,,5,,,2,,,,,,,8,,,39,,,,,,,,,,,14,,,4,,,,,,,,10,,5,,6,14,13,,,,,,,,,18,,,
3711,6,,4,,,,4,,,,21,,,18,,,17,,11,12,9,1,4,2,18,7,2,,8,26,,1,19,,,,5,,,6,,5,,,10,10,14,,,21,,,,,,1,,7,,,,12,19,32,15,,,,,,,,,10,,,,,,,23,6,,13,7,7,12,10,,,,,,,,,14,,,
3712,,1,,,1,,1,,,11,5,,,,,,2,,,,,,,,1,6,,,,9,,,,,,,,,12,20,,7,,,,,18,,,,,,,,,,36,,,1,,,,,,,,,,,1,,,,8,,12,,,6,13,,,12,,21,,14,,1,,,1,1,,,12,,,
3713,19,,,,,,17,,,,,2,,,,,2,,,5,4,,,,8,15,,,,9,,9,8,,4,,4,,4,35,,,,2,,,7,,,8,,,,,,,4,,,39,,,,,,,,,,,,,,3,,,,,,,,8,,4,,3,4,12,,,,,,,,,20,,,
3714,2,3,7,,,,10,,,,28,,,17,,,18,,18,3,3,3,7,,17,19,2,,11,26,,31,18,,,,16,,,10,,4,,,10,10,15,,,8,,,,,,6,,4,,,,10,14,40,20,,,,5,,,,,11,,,,,,,21,,,21,4,7,6,6,,,,,,,,,12,,,
3715,1,,,,,,17,,,,,3,,,,,11,,,10,5,,,,2,24,,,,6,,5,10,,4,,,,3,42,,,,,,,4,,,9,,,,,,,8,,,39,,,,,,,,,,,,,,1,,,,,,,,10,2,3,,2,5,14,,,,,,,,,21,,1,
3716,,,5,,3,1,3,1,4,4,21,4,1,,,,9,,5,4,,4,,3,11,,1,3,5,1,2,,,3,,1,,,,47,3,3,,,3,2,3,5,,3,1,,5,,,2,,3,,4,5,,2,,5,1,,,,,16,,,6,,,1,1,,,24,3,,8,7,10,18,3,,4,,,8,,,4,8,3,,
3717,,2,1,,,,,1,2,1,3,1,,,1,1,,1,1,2,,2,,,2,2,,,,1,2,1,1,1,1,1,,1,2,1,,16,1,2,1,2,13,,,1,,,,2,,,,1,,17,,,2,,1,,2,1,,1,13,2,6,1,2,,15,,1,1,16,1,,2,1,22,1,2,1,1,1,2,5,1,,1,1,,1,
3718,7,,7,,,,25,,,,28,,,17,,,17,,18,13,6,,6,,18,17,,,11,25,,29,16,,,,12,,,3,,10,,,12,11,16,,,20,,,,,,8,,6,,,,11,17,38,12,,,,,,,4,,11,,,,,,,24,,,14,10,11,11,7,,,1,,,,,,9,,,
3719,14,,7,,,,27,,,,28,,,19,,,19,,12,6,8,,3,,18,10,,,7,23,,28,14,,,,6,,,8,,7,,,8,9,13,,,22,,,,,1,7,,7,,,,13,16,37,14,,,,,,,,,11,,,,,,,23,8,,13,8,8,3,10,,,,,,,,,13,,,
3720,,,,,9,3,7,,4,1,3,4,1,12,,,5,,3,1,11,,3,8,8,3,4,5,,3,3,16,2,,10,,3,,1,,7,21,,2,17,2,4,2,,2,,6,9,2,,1,3,,,,,,4,,14,,,,,,4,,1,9,4,,8,4,12,2,3,1,1,6,,3,4,3,,1,1,2,1,1,,7,4,,3,8
3721,,,,,,,,,,12,5,,,,,,,,,,,,,,,9,,,,9,,,,,,,,,,22,,9,,,7,,18,3,,,,,,7,,,35,,,24,,,,,,,,1,,,14,,,,7,2,7,,,,12,,,3,,14,,12,,5,,,,,,,12,,,
3722,,,,1,,,16,,,,,4,,,,,9,,,11,4,,,7,6,13,,,,10,,2,7,,2,,,,8,31,,,,,,,3,,2,7,,,2,,,,6,,,39,,,,,,,,,,,13,,,7,,,,,,,,8,,8,,5,8,14,,,,,,,,2,19,,,
3723,,2,3,,,,2,,2,2,3,11,2,17,,4,,4,2,4,4,,,35,,6,5,,7,14,,1,8,2,3,3,4,20,,8,2,18,,2,14,2,17,,,22,2,2,33,14,,15,3,9,,30,,2,10,38,36,6,3,9,1,31,3,1,2,,18,,19,1,,1,,18,,5,,13,,8,20,,30,,27,1,34,,5,1,19,25
3724,2,1,4,,,,22,,,,5,,1,8,,1,22,1,13,7,14,,9,4,5,11,,11,1,11,10,25,3,,3,,7,2,,10,,6,,,11,12,13,1,,20,1,,,,1,11,,5,,,,6,7,46,14,,,,1,,5,,,11,2,,,,,,23,,,19,12,16,9,4,,,,,,,,,,1,,
3725,4,,,6,,,,5,,,,,,,,5,3,7,2,,,,,11,,,1,,5,,,,2,,1,,,7,,,,,,,,,,,,3,,4,6,,,,10,,,3,,,,,,4,,,,,,4,,,1,2,8,,,4,2,,,,,,,6,,6,,,,,,,8,,,
3726,11,,11,,3,,30,,,,8,,1,3,,,13,,12,12,3,,7,,9,12,,,7,18,5,22,20,,,3,6,,,9,2,12,,,3,14,6,,5,10,4,,,,,18,,5,6,,,3,17,46,21,,,,,,,,,14,,,,,,,19,,,9,15,12,10,14,,,,,,,,,8,,,
3727,2,,1,,9,,7,2,8,2,1,,,3,,2,,2,7,2,,10,3,1,,3,1,7,,26,3,1,11,7,5,10,17,8,5,,2,3,2,,9,16,5,,1,3,4,2,1,1,,,,,5,4,3,,3,44,3,,7,,1,1,3,5,1,2,,,1,,,5,2,7,2,,,22,15,16,3,6,,,31,2,3,,5,5,,
3728,,,,7,,,16,,,,,3,,,,,7,,,8,3,,,,9,23,,,,8,,12,5,,1,,,,1,38,,,,,,,5,,,7,,,,,,,4,,,34,,,,,,,,,,,,,,4,,,3,,,,,8,,5,,9,9,13,,,,,,,,,23,,,
3729,1,1,1,1,1,1,1,1,1,1,1,1,1,1,1,1,1,1,1,1,1,1,1,1,1,1,1,1,1,1,1,1,1,1,1,1,1,1,1,1,1,1,1,1,1,1,1,1,1,1,1,1,1,1,1,1,1,1,1,1,1,1,1,1,1,1,1,1,1,1,1,1,1,1,1,1,1,1,1,1,1,1,1,1,1,1,1,1,1,1,1,1,1,1,1,1,1,1,1,1
3730,,,,,,,,,,14,14,,,,,,,1,,,,,,,,6,,,,9,,,,,,,,,,25,,12,,,,,1,,,,,7,,,,,38,,,28,,,20,,,,,,,,4,,,,15,,7,,,,9,,,8,,20,,18,,,,,,,,,16,,,
3731,3,,,4,,,,,,2,13,,,,,,,,,,,,,,,9,,,,11,,,,,,,,,,25,,15,,,,,4,,,,,,,,,,37,,,22,,,,,,,,,,,14,,,,15,,1,,,,7,,,2,,14,,18,,,,,,,,,13,3,,
3732,1,,1,1,,8,1,1,,3,1,1,1,1,1,,1,1,1,1,,1,1,1,1,4,1,1,1,9,1,,3,1,,1,1,1,1,7,1,1,,,1,3,1,,,1,4,,,1,1,1,1,1,1,1,,,15,1,1,1,4,,,1,9,,1,1,1,1,1,1,,1,12,1,1,16,1,19,,10,1,1,1,5,1,1,1,5,1,,,5
3733,17,,,3,3,3,1,20,1,2,7,1,,1,1,1,,,19,,1,2,1,,2,12,2,,1,5,1,2,22,,,,2,1,1,1,,1,3,46,,1,1,1,1,1,1,,,1,,23,,4,1,1,,,11,29,2,,1,3,14,,1,1,3,1,3,,3,,,1,6,1,,1,1,3,1,2,1,,1,,,2,2,1,3,3,4,1
3734,,,,,,,,,,14,8,,,,,,,,,,,,,,,3,,,,9,,,,,,,,,,22,,6,,,,,18,,,,,,,,,,35,,,15,,,,,,,,,,,10,,,,1,,13,,,,14,,,14,,18,,15,,,,,,,,,8,,,
3735,,,,,,,16,,,,,4,,,,,6,,,6,1,,,,9,22,,,,1,,11,10,,4,,5,,1,38,,,,,,,5,,,6,,,,,7,,4,,,40,,,,,,,,,,,8,,,6,,,,,,7,,11,,5,,12,5,14,,,,,,,,,19,,,
3736,,,,,,,,,,3,9,,,,,,,,,,,,,,,9,,,1,5,,17,,,,,,,,22,,1,5,,,10,18,3,,,,,,7,,2,36,,,23,,,,,,,,,,,12,,,,12,,10,,2,,2,,1,1,,21,,17,,,,,,,,,1,,,
3737,,,,,,,,,,13,15,,,,,,,,,,,,,,,5,,,,10,,,,,,,,,,26,,12,,,,,9,,,,,,,,,,37,,,27,,,,,,,,,,,16,,,,17,,10,,,,7,,,3,,20,,21,,,,,,,,,14,,,8
3738,13,,4,,,,33,,,,7,,,7,1,,4,,14,10,6,,8,,7,12,,,8,20,1,19,18,,,,11,,,10,1,9,,,10,14,14,,,13,,,,,,20,,6,2,,,3,17,47,14,,,,,,,,,14,,,,,,,20,,,2,16,13,9,14,2,,,,,,,,3,,,
3739,6,,,3,,,,4,,,,,,,,8,3,3,3,,,,,10,,,6,,2,,,,4,,4,,,6,,,,,,,,,,,,7,,5,5,,,,8,,4,5,,,,,,5,,,,,,4,,,2,,9,,,4,8,,,,,,,4,,5,,,,,,,5,,,
3740,,,,,,,17,,,,,6,,,,,9,,,8,4,,,,8,26,,,,3,,10,10,,5,,2,,5,41,,,,,,,5,,,9,,,,,6,,7,,,41,,,,,,,,,,,,,,6,,,,,,,,9,3,6,,4,11,13,,,,,,,,,20,,,
3741,,,,5,,,,,,13,5,,,,,,,,8,,,,,,,11,,,,7,,12,,,,,,,,20,,2,9,,,,16,5,,,,,,,4,,34,,,25,,,,,39,,,,4,,15,,,,11,,11,,,,14,,,3,,21,,10,,,,1,,,,,10,,,
3742,2,,2,3,4,3,2,20,2,2,8,1,,,,1,,2,15,,,,9,,4,1,1,,2,3,,2,22,,,,,3,1,10,,1,1,46,,18,16,1,,2,,1,,3,1,15,,2,2,2,,,11,28,1,1,3,1,13,,2,1,1,15,1,,2,,1,,5,3,,16,,1,,2,3,,,,,2,1,2,3,1,3,2
3743,4,,,4,,,,3,,,,,,,,2,3,7,4,1,,,,13,,,1,,8,,,,3,,6,,,5,,,,,,,,,,,,6,,1,5,,,,10,,1,6,,,,,,7,,,,,,3,,,2,,4,,,5,8,,,,,,,5,,2,,,,,,,8,,,
3744,,1,2,,,1,1,1,1,1,3,2,,,2,2,,2,1,1,,1,,,1,1,,,,1,1,13,2,,1,1,,2,1,,,16,2,1,,1,13,1,,1,,,1,1,1,,,1,,17,,,1,,2,,1,1,,1,13,1,7,1,1,,16,,2,,15,,,1,2,21,2,1,2,2,2,1,1,1,1,2,1,,,
3745,12,,3,,8,,7,3,8,3,,5,1,2,,10,,3,8,2,,11,4,1,,1,2,7,,23,1,2,1,7,6,1,2,6,5,,1,10,4,,9,18,4,5,2,1,2,2,3,1,,,,,4,,5,,5,46,4,,6,,7,,3,3,2,1,,,2,,,4,2,8,3,,,23,,15,3,7,,,30,,1,,7,1,,
3746,1,1,2,1,2,1,1,1,1,1,1,1,1,1,2,2,1,2,1,1,1,,2,1,1,1,2,1,1,1,1,1,2,2,1,1,1,1,1,2,1,1,2,1,,1,1,1,1,2,1,1,2,1,1,,2,2,1,1,1,,1,1,1,1,1,1,1,1,2,1,1,1,1,2,1,2,1,1,2,1,1,1,2,1,2,1,1,1,1,2,1,2,1,1,2,,2,1
3747,,,,4,,,,,,,,5,,5,,8,3,2,,4,3,,6,,,,,,,10,5,15,9,,5,7,15,,11,41,,,,,9,2,10,2,8,,,3,13,,,,,,,6,,,6,,,,,,,,4,,,10,,,,,8,7,,10,5,9,,19,12,14,,,,11,4,2,4,,16,,,
3748,1,1,1,1,1,1,1,1,1,1,1,1,1,1,1,1,1,1,1,1,1,1,1,1,1,1,1,1,1,1,1,1,1,1,1,1,1,1,1,1,1,1,1,1,1,1,1,1,1,1,1,1,1,1,1,1,1,1,1,1,1,1,1,1,1,1,1,1,1,1,1,1,1,1,1,1,1,1,1,1,1,1,1,1,1,1,1,1,1,1,1,1,1,1,1,1,1,1,1,1
3749,4,2,1,,10,2,1,,5,1,4,3,2,13,,,3,,,2,,,,1,3,2,1,2,,3,2,19,3,,9,,1,,,,8,20,,3,16,3,1,3,,3,,8,10,,,6,1,,,,,,4,,11,,1,,,1,4,,,8,5,,4,2,11,2,2,5,2,3,,2,3,2,,2,5,4,2,7,1,7,3,,4,4
3750,,,,,,,9,,,11,4,,,,,,,,,,,,,,,6,3,,,7,,,,,,,,,,23,,5,,,,,16,,,,,,,,,,35,,,17,,2,,,,4,,,,,10,,,,15,,16,,,,11,,,10,,21,,11,,,,,,,,,8,,,
3751,3,3,,,10,2,7,,2,2,1,5,2,12,,,3,,2,2,,1,2,9,1,2,3,3,,1,2,1,1,,8,1,2,,,,9,21,4,1,2,2,1,3,,1,,5,11,2,,7,3,1,,,,,3,2,13,,,,,,5,,2,8,1,,7,4,10,1,1,4,3,6,,3,3,3,,3,3,5,2,5,1,8,1,,3,6
3752,12,,10,2,,,32,,,,4,,,9,,,20,,15,13,2,,5,,1,8,,,2,16,5,27,21,,,2,10,,,12,,11,,,4,16,7,,,11,,,,,,20,,4,6,,,4,15,45,26,,,3,,,,,,13,,,,,,,20,,,5,16,13,3,13,1,,,4,1,,,,10,,,
3753,,,,,,,14,,,,,4,,,,,8,,,10,2,,,,6,24,,,,3,,9,8,,9,,,,5,32,,,,,,,2,,,1,,,1,,,,9,,,39,,,,,,,,,,,13,,,8,,,2,,,,,7,,6,,4,3,13,,,,,,,,,23,,,
3754,8,,6,,,,22,,,,16,,1,8,,,19,6,14,9,11,,8,1,18,17,,,9,23,2,20,1,,,,16,,2,7,,6,,,14,13,11,,,22,,,,,,13,,6,,,,2,7,33,3,,,,,,1,2,,11,1,,,,,,23,1,,1,10,2,12,3,,,1,,,,,,4,,,
3755,,,1,,,,,,,5,12,,,,,,1,,,,,,,,,10,,,,7,,1,,,,,,,,1,,15,10,,12,,3,,,,,,1,,,1,36,,,18,,,19,,1,,,,,,15,,,,2,,15,,,,12,,1,12,,16,1,18,,,,,1,,,16,15,,,1
3756,,,,,,,,,,14,7,,,,,,,,,5,,,,,,11,,,,2,,,,,,,,,,24,,11,,,1,,17,,,,,,,,,12,39,,,14,,,,,,,,,,,2,,2,,14,,12,,,,12,,,10,,20,,11,,3,,,,,,,10,,,
3757,,,9,,6,,,,,7,16,1,5,5,1,,8,,,4,,,,,4,4,,,,2,,4,,,,,,,,45,,20,,,14,7,4,10,,14,,,1,,2,4,,,,,,,,,8,,,,,,,,,,6,,4,1,,,,,9,1,,1,3,1,,,,6,4,,,2,23,,,5
3758,14,,3,,,,1,,,,18,,,9,,,18,1,14,10,2,,3,,18,16,,,7,24,,26,14,,,,13,,,10,,6,,,11,11,9,,,21,,,,,,10,,2,,,,10,8,30,15,,,4,,,,,,8,,,,,,,21,,,3,8,10,9,4,,,,,,,,,12,,,
3759,,,8,,3,,4,,,8,4,,4,2,,,9,,9,,,,2,,2,7,,,,3,,5,,,,,,,,44,,19,,,15,9,3,,,16,,,12,,,4,,,,,2,,3,5,8,,,,,,2,,,,7,,2,4,,,,,5,2,,3,5,6,,,,5,3,,,,22,,,2
3760,7,,,,,,,,3,7,3,,,,,,,,,,,,,1,,4,,,,11,,,,,,1,,,,20,,3,7,,,,19,,,,,,,,,,35,,,20,,,,4,,,,,,,6,,,,3,,13,2,,,14,,,13,,19,,1,,5,,,,,,,4,,,2
3761,11,,1,,,,31,,,,6,,,6,,,21,,15,12,8,,4,,4,10,,7,9,15,7,23,18,,,,11,,,12,,1,,,5,12,9,,,12,,,,,,19,,5,1,,,5,15,47,26,,,,,,,,,15,,,,,,,3,,,8,13,15,5,12,1,,,5,,,,,2,,,
3762,,,,3,,,,,,12,12,,,,,,,,,,1,,,,,9,,,,12,,,,,,,,,,26,,15,,,,,13,,,,,,,,,,38,,,18,2,,,,,,,,,,16,,,,16,,21,,,,8,,,5,1,18,,19,,,,,,,,,16,,,
3763,15,,6,,,,3,,,,1,,,20,,,9,,3,6,5,,2,,15,18,,,10,26,12,30,19,,,,12,,1,1,,6,,,12,8,3,3,,20,,,,,,6,,8,,,,10,8,35,15,,,,,,,,,11,,,,,,,21,,,18,,7,14,8,,,,,7,,,,14,,,
3764,13,,5,,,,28,,,,13,,,7,,,19,,13,7,3,,6,,14,4,,,8,17,3,31,18,,,,8,7,,5,,1,,2,10,13,13,,2,13,,,,,,4,,7,9,,,10,16,48,17,1,,2,,,,,,15,,,,,,,22,,,18,10,11,2,11,,,,,,,,,11,,,
3765,,,4,,,1,,,,5,14,1,,1,,,,,,,,,,,,11,,,,5,,13,,1,,,1,,,28,,10,,,,,13,,,,,,,7,,,1,1,1,17,1,1,19,,,,,,,,6,1,6,,14,,15,,,,8,,,5,,22,1,7,2,1,,,2,,4,,1,,1,
3766,,,,4,,,,,,1,,1,,6,,4,5,,,3,4,,5,,,,,,11,11,6,15,10,,10,6,17,,,39,,,2,,8,2,13,,8,,,4,13,,,,,,,5,3,,4,1,,,,,,,5,,1,9,,,,,8,8,8,3,1,7,16,,13,1,,,,5,5,3,3,,22,,,
3767,,,7,,1,,1,,,14,6,,,3,,,1,,14,10,5,,8,,4,1,,,5,2,6,31,8,,,,15,,,28,,11,,,12,9,6,,,10,,,,,,9,,2,8,42,,1,17,32,9,,,,3,,,,,14,,,,,,,21,4,,18,12,2,10,6,,,3,,5,,,,13,,,
3768,13,,8,,,,28,,,,26,,,14,,4,20,,5,11,2,,3,,14,16,,,8,28,,31,13,,,,3,,,9,,8,,,8,12,3,,,1,,,,,2,12,,4,,,,8,11,43,11,,,,,,12,,,4,,,,,,,14,,,16,8,13,12,10,,,1,,,2,,,15,,,
3769,,,,8,,2,16,,1,,,3,,,,,8,,,14,10,1,,,6,22,,1,,1,,13,9,,4,,,,5,28,,,,,,,4,,,6,,,,,,,6,,,36,,,,,,1,,,,,1,1,,6,,,4,,,5,,8,,8,,9,5,14,,1,,,,,,,24,1,,
3770,14,,1,,,,2,,,,8,,,11,1,,23,,13,12,7,,1,,15,14,,,6,22,4,33,20,,,,7,,,8,,9,,,9,13,15,,,23,,5,,,2,13,,8,,,,12,12,44,12,,,1,,,13,2,,12,,,,,,,13,,,12,10,16,1,13,,,,,3,,,,14,,,
3771,10,,3,,9,,7,1,7,1,,,,5,,16,19,1,6,5,,1,4,2,,4,2,6,,26,7,2,5,8,7,11,16,12,,6,,4,1,,1,17,5,,5,,4,,2,,,,1,,4,2,1,,1,43,15,,7,,4,2,1,5,,3,,,7,,,6,1,7,,,,12,14,1,,6,,,35,1,3,,4,4,,
3772,,,,,,10,1,,,4,17,,4,,,,24,1,1,1,1,,,,16,4,,,9,7,,,3,2,,,,1,13,9,5,11,9,,2,1,3,,,15,,,,,1,4,3,,1,23,,,13,,,5,,,,,5,,3,7,5,,17,,1,,11,,,15,,18,2,10,,,,3,,,4,17,12,,,7
3773,,,4,1,,,12,,,,,4,,,,1,10,,,1,7,,,8,3,22,,,,4,,10,7,,7,,5,,9,33,,,,,,,3,,2,4,,,,,4,,7,1,,32,1,,,,,,,,,,1,,,8,,,,,,,,9,,8,,10,2,12,,1,,,,,,1,18,,,
3774,,,8,,8,,4,,,11,16,,4,8,,,7,,,,,5,6,,7,5,,3,,3,,3,,,,,,,,46,,17,,,12,8,,,,17,,,10,,,4,,,,,5,,,,8,,,,,,1,,,,6,,3,1,,,,,7,6,,1,2,9,,,,4,2,,,,23,,,6
3775,,,,,,,33,2,,13,8,8,2,3,,,21,3,16,,13,3,12,,1,1,1,2,6,11,4,34,1,2,,3,,9,13,10,4,2,,,14,13,16,,,,5,4,,,,,18,,,24,,3,15,3,,5,2,,,,5,,,2,6,,8,3,3,,5,1,,5,,5,1,2,,,,6,1,,5,1,14,,,1
3776,,,,2,,,,,,3,,7,,,,7,2,,,2,3,,8,,,,,,12,9,1,15,8,,12,11,18,,,44,,,,,6,,14,,1,1,,1,15,,,,,,,35,,,3,,,,,,,,5,,,6,,,,,6,10,2,4,4,6,,,11,17,,,,8,7,3,3,,19,,,
3777,16,,2,5,,,2,,,,17,,,5,,,20,,15,11,2,,6,1,4,8,,,6,2,,30,6,,,,14,,,5,,2,,1,12,2,10,,,1,2,,,,,11,,5,8,,,9,18,47,9,,,1,,,,,,16,2,,,,1,,1,,,13,4,15,11,6,,,1,,,1,,,7,5,,
3778,,,,2,,2,16,,,,,2,,1,,2,7,,,13,11,,,,7,25,1,4,,5,1,2,8,,7,,6,,10,31,,,,,,,4,,1,3,,,3,,3,,6,,,40,,,,,,,,,,,2,,,7,,,3,,,4,,1,,7,,1,10,6,,,,1,,,,,24,,,
3779,,1,,,,8,,1,,3,9,,,,,,,,,3,,,,,,2,,,1,6,2,,5,4,,,,,19,15,,7,8,,1,3,2,,,,,,,,1,,2,,,23,,14,11,,,3,,,,,11,,8,,2,,17,,,,13,,7,14,,2,,19,,,,,,,,16,12,,,5
3780,,,,4,,,,,,14,10,,1,,,,,6,,16,,,,,,8,,2,,9,,1,1,,,1,,,,21,,7,,,,,18,,,,3,,,,,,33,,,27,,,,,38,,1,,3,,13,,,,10,,11,,,,13,,,1,,2,,14,9,,,6,1,,,,14,,,
3781,12,,3,4,2,1,1,2,,,18,,1,6,,4,23,4,7,3,5,2,2,4,5,1,1,1,2,17,7,1,2,1,,,,,1,1,,10,,2,8,12,15,,,10,1,,,,1,1,1,6,,1,2,1,19,45,13,1,1,,,1,,,,2,,,,,,2,23,1,,3,11,2,1,9,2,,,,,,1,1,1,1,,
3782,14,,2,,,,1,,,1,16,,,20,,,18,,4,11,12,,4,,14,13,,,5,22,,29,15,,,,2,,,11,,7,,,13,7,12,2,,14,,,,,,11,,3,,1,,11,16,44,8,,,,,,,,,15,,,,,,,25,,,17,12,13,12,11,,,,,,,,,14,,,
3783,,,,6,,,,,6,,,6,,4,,1,5,,,4,5,,9,,,,,,11,9,4,16,10,,10,2,17,,,43,,,,,4,1,15,,3,,,1,12,,,,,,,1,,,4,,,,,,,,3,,,12,,,,,2,4,7,3,5,7,,,18,18,,,,10,8,1,2,,1,,,
3784,3,,6,,,,24,,,,28,,,19,,3,16,,16,5,9,1,5,,18,15,3,,11,24,,30,19,,,,18,,,9,,4,,,5,11,12,1,,21,4,,,,,12,,4,,,,9,15,46,11,,,,,,,,,8,,,,,,,20,,,12,12,13,11,3,,,,,,,,,5,,,
3785,,,,,,,,,,4,14,,,,,,,,,,,,,,,9,,,,11,,,,,,,,,,26,,9,,,,3,1,,,,,,,,,14,35,,,27,,,,,,,,,,,1,,,,13,,9,,,3,9,,,11,,22,,19,,,,,,,,,16,,,
3786,9,,7,1,,,27,,,,26,,1,17,,,19,,15,11,11,,4,,8,14,1,,8,23,,33,16,,,,8,,1,6,,7,,2,7,12,14,,,16,,,,3,,12,,6,,,,10,8,44,11,,,,,,,,,8,,,,,,,15,,,15,7,9,10,3,,,,,,1,,,14,,,
3787,4,2,,,11,3,8,,1,2,2,5,1,13,,,4,,3,3,12,1,2,8,,1,4,4,,3,3,16,2,,6,,4,,,,8,22,3,1,1,1,3,2,,2,,3,10,1,,8,1,,,8,,,4,1,16,,,,,,1,,2,10,2,,7,5,9,3,2,5,4,7,,2,5,1,,2,2,4,3,4,,8,1,,1,7
3788,,,,,,,,,,7,9,,,,,,,,,,,1,,,,7,,,,12,,,,,,,,,,19,,7,,2,,,9,,,,,,1,,,,34,,,27,,,,,,,,,1,1,10,,4,,9,,9,,,,13,,,1,,22,,8,,,,,,,,,3,,,
3789,2,,,,9,1,6,,4,3,2,5,3,11,,,2,,1,2,,,1,2,2,3,2,6,,3,2,18,2,,8,2,4,,,,10,21,1,3,16,1,3,4,,2,,7,10,,,7,4,,,,,,2,,12,,,,,,5,,,7,5,,5,1,13,3,2,3,2,5,,2,2,2,,3,3,3,1,6,,7,3,,4,5
3790,,,,,,,,,,16,14,,,,,,,,,,,,,4,,7,,,,10,,,,,,,,,,23,,14,1,,,,8,,,,,,,,,,40,,,24,,,,,,,,,,,16,,,,16,,3,1,,6,8,,,8,,17,,20,,,,,,,,,13,,,
3791,,,,5,,,,,5,,,7,,7,,6,4,,,3,7,,8,,,,,,6,9,5,14,6,,6,6,18,,,38,,,,,8,,12,,8,,,2,13,,,,,,,3,,,6,,,,,,,,5,,,11,,,,,7,2,,3,4,7,,,19,20,,,,4,7,,2,,15,,,
3792,8,,1,1,,,23,,,,29,,,20,,,17,,7,11,9,,1,,19,6,,,1,28,,32,19,,3,,18,,,3,,8,,,12,10,14,,,21,,,,,,4,,5,,,,12,13,35,13,,,,,,,5,,5,,,,,,,23,1,,13,11,6,11,10,,,,,,1,,,15,,,
3793,8,,6,,,,20,,,,25,,,19,,,15,,16,5,8,,3,,16,17,,,6,25,,30,18,,,,7,,,10,,9,,,14,6,13,,,19,,,,2,,10,,3,,,,9,7,45,15,,,,2,,,,,9,,,,,,,20,,,20,6,12,11,2,,,,,,,,,13,,,
3794,1,4,10,,,,24,,,,22,,,15,,,15,,16,6,11,2,6,,16,18,1,,8,24,,31,16,,,,10,,,6,,9,,,9,3,15,,,23,,,,,,10,,8,,,,14,18,,17,,,,,,,,,11,,2,,,,,22,,,21,3,8,9,8,,4,,,,,,,1,,,
3795,1,,1,,,,,1,4,1,5,,,,3,,,1,,1,,,,1,,5,4,,,1,,13,,,,,,,,24,,3,,,2,,17,1,,,1,,1,1,1,,37,1,,1,,1,19,,,1,,,,,13,1,6,,15,,1,,,,15,1,,11,,21,1,1,,,,,5,,1,,9,1,,1
3796,,,,,,2,,,,1,5,,,,,,7,,,,1,,,,,8,,,,10,,,,,,,,,,20,,9,,,,,17,4,,,,1,,8,,,4,,,21,,,,1,2,,,,,,11,,,,12,,1,,,,23,,,8,3,18,,15,,,,,,,,3,12,,,
3797,,,,,,2,3,,,13,10,,,,,,,,,,,,,,,8,,,,8,,,,,,,,,,19,,8,,,,,19,,,,,,,,,,25,,,22,,,,,20,24,,3,,,15,,3,,13,,12,,,,13,,,3,,19,,15,,,,,,,,12,8,,,
3798,1,1,1,1,1,1,1,1,1,1,1,1,1,1,1,1,1,1,1,1,1,1,1,1,1,1,1,1,1,1,1,1,1,1,1,1,1,1,1,1,1,1,1,1,1,1,1,1,1,1,1,1,1,1,1,1,1,1,1,1,1,1,1,1,1,1,1,1,1,1,1,1,1,1,1,1,1,1,1,1,1,1,1,1,1,1,1,1,1,1,1,1,1,1,1,1,1,1,1,1
3799,,,6,,4,,3,2,5,3,20,4,3,,,,5,,2,,,2,,5,11,,,2,2,4,3,,20,4,,,,,,45,3,2,,,13,12,4,1,,16,,,2,,,5,,2,,3,6,,1,,3,,,,,,12,,,4,,,2,6,,,22,3,,,9,6,15,2,,5,,,6,,,3,9,2,,
3800,,,,,,,,,,15,11,,,,,,,,,,,,,,,8,,,,12,,,,,,,,,,26,,10,,,,1,14,,,,,,,,,,34,,,15,,,,,,,,,,,15,,,,15,,9,,,,8,,,9,,19,,16,,,,,,,,,15,,,
3801,2,2,1,1,1,1,15,2,,,2,1,2,,,1,1,,2,12,2,,2,,2,25,2,2,1,,1,2,1,1,1,1,,1,1,2,2,,,2,1,2,1,,2,8,1,1,,1,,,1,1,2,42,2,,,2,1,2,,1,2,2,1,1,1,2,1,,,1,2,2,1,10,1,7,2,2,11,12,1,2,2,2,1,1,,2,2,,1,1
3802,,,,2,,,11,,,,,4,,,,,3,,,2,6,,,,7,21,,,,1,,8,11,,6,,,,6,37,,,,,,,1,,3,6,,,,,,,1,,,1,,,,,,,,,,,8,,2,3,,,,,,1,,8,,5,4,4,3,13,,,,,,,,,21,,,
3803,1,,6,,,,22,,,,17,,,11,1,4,22,,15,6,4,,7,,15,19,,,7,12,,29,22,,2,,14,,,6,,7,2,,11,8,14,1,,21,,,1,,,8,,7,,,,12,15,47,16,,,,,,,,,11,,,,,,,22,,,19,11,4,8,4,,,,,,,,,11,,,
3804,,,,,,,,,,14,13,,,,,,,,,,,,,,,9,,,,12,,,,,,,,,,26,,10,3,,,,9,,,,,,,,,,38,,,24,,,,,,,,,,,13,,,,15,,7,,,,11,,,11,,20,,19,,,,,,,,,15,,,2
3805,,,,,,7,,1,,2,12,1,2,,,,,,6,1,1,,,,,9,,,11,1,1,,,,2,,,3,2,18,2,1,,,2,,16,1,,1,,,,8,,,36,,,22,,,1,30,,,,,1,,7,1,6,,1,1,9,5,1,,13,,1,3,3,20,,7,,,1,1,,,,1,14,1,,22
3806,,,6,,3,1,6,5,3,,5,1,,6,,15,1,3,3,2,1,1,3,9,,,5,1,1,26,4,5,11,1,8,12,,7,7,,4,,4,,2,5,5,2,9,,3,,1,,3,,,2,3,3,1,,9,1,21,,1,3,4,,2,3,2,4,2,,3,,,3,,6,,,,3,,4,2,,,,34,1,5,,3,6,,6
3807,1,,,1,1,1,7,1,1,1,1,1,4,1,,,1,,1,1,,,1,1,1,4,1,7,1,1,1,1,1,,1,1,1,,1,1,11,1,1,1,1,1,4,5,1,1,1,1,11,1,,8,5,,1,1,,,1,1,1,1,1,,1,1,1,,,1,1,1,6,1,1,1,3,4,1,1,,1,1,1,1,4,4,1,2,7,,8,1,,1,6
3808,,1,1,1,,1,2,,,10,,1,2,1,1,,1,1,,1,1,1,1,1,17,,1,1,1,1,6,,1,1,1,1,1,1,1,1,1,2,1,2,1,7,1,,1,1,1,1,1,1,1,,1,1,,1,1,1,1,3,,1,2,,1,,7,1,1,1,16,1,2,1,1,1,1,,2,7,1,1,,1,1,15,1,1,3,1,1,1,13,1,1,21
3809,,,,4,,,,,,4,,8,,1,,5,5,,,4,3,2,4,,,15,,,12,10,5,14,9,,12,8,16,,,41,,,1,,7,3,12,,9,,,3,14,,2,,,,,2,,,5,,,,,,,,6,,,11,,,,,2,6,9,2,5,6,,,19,1,,,,6,7,,3,,20,,,
3810,15,,9,,,,23,,,,20,,,19,,,18,,17,9,5,,1,,13,19,,,11,20,1,30,11,,,,13,,,6,,5,,,11,3,2,,,19,,,,,,12,,4,,,,12,17,41,1,,,,,,,,,9,,,,,,,18,,,4,10,12,12,2,,,,,,,,1,13,,,
3811,1,,3,,8,,1,4,1,1,1,,,2,,15,,1,4,1,,9,1,4,,1,3,8,,27,6,1,11,6,5,10,,3,1,,,9,3,,2,4,2,,4,,2,1,1,1,,,,,3,9,1,,1,41,17,,6,,1,1,1,5,3,3,1,,6,,,3,,7,,,1,18,,3,3,1,1,,34,1,1,,1,10,,1
3812,15,,2,,8,,3,1,7,3,,4,1,4,1,1,,1,8,3,,10,5,9,,2,3,6,,22,7,3,2,8,7,10,,6,4,,3,9,5,,7,6,3,4,3,,4,,7,,,,1,,8,12,,,4,34,3,1,7,,8,,,6,2,5,3,,1,,,5,,7,,,,22,16,13,4,,,,30,,1,,6,6,,
3813,,,5,,,,4,,,6,4,3,,1,3,,,,,,4,,,4,,2,1,,,2,,3,,2,1,,,,4,,2,17,7,,,,20,,3,,4,,,1,,,,,,3,,1,19,1,1,,,,,,14,,3,1,4,,4,,5,,16,,,14,,,1,1,,,1,,2,,,2,13,,,
3814,,,4,,5,,2,5,2,,1,,,4,,11,,4,4,5,4,3,6,7,,1,4,1,,25,4,4,8,3,5,8,,3,1,,,9,2,,7,15,5,,,,1,,3,,,,,,6,10,5,,14,42,17,,3,,5,,,3,3,3,,,7,,,3,,5,,,,16,,7,1,,,,32,,3,,2,9,,
3815,,1,,,,,17,,,,,1,,,,,6,2,,9,4,,,,8,26,,,,7,,13,9,,6,,,,2,1,,,1,,,1,7,,,4,,,,,5,,8,,,34,,,,,,,,,,,,,,3,,,,,,,5,10,,7,1,1,13,12,,,,,,,,,22,,,
3816,1,1,3,,7,1,2,,2,,1,7,,20,,,1,1,2,11,5,,1,1,11,16,1,4,2,1,,15,10,,1,1,12,,1,7,1,,1,,1,2,3,1,2,22,,,,,7,1,,8,1,2,1,1,2,35,1,1,1,,1,1,1,,1,1,1,1,1,1,,1,7,6,1,14,1,7,12,1,1,1,,,,,1,,2,1,1,1
3817,,,,,,,1,,,15,2,,,,,,,2,,,11,,,,,11,,,,2,,,,,,,,,,21,,8,,,8,11,6,3,,,,,35,,,,37,,,27,,,13,,,,,,,,14,,1,,13,,11,,1,3,10,,,12,,21,,15,2,,,,,,,,13,,,
3818,15,,1,,,,27,,2,,29,,,13,,,20,,14,6,10,,4,1,15,16,,,7,25,1,30,15,,,,9,,,8,,8,,3,11,9,8,1,3,15,,,,,,6,,4,,37,,2,16,46,16,,,3,,,,,,1,,,,,,,1,,,17,7,11,12,9,,,,,,,,,12,1,,
3819,5,,,6,,,,4,,,,,,,,7,3,2,2,,,,,14,,,7,,8,,,,1,,5,,,4,,,,,,,,,,,,7,,2,1,,,,1,,2,5,,,,,,2,,,,,,5,,,3,,7,,,4,1,,,,,,,5,,3,,,,,,,2,,,
3820,1,1,1,1,1,1,1,1,1,1,1,1,1,1,1,1,1,1,1,1,1,1,1,1,1,1,1,1,1,1,1,1,1,1,1,1,1,1,1,1,1,1,1,1,1,1,1,1,1,1,1,1,1,1,1,1,1,1,1,1,1,1,1,1,1,1,1,1,1,1,1,1,1,1,1,1,1,1,1,1,1,1,1,1,1,1,1,1,1,1,1,1,1,1,1,1,1,1,1,1
3821,12,,5,,,,6,2,,,14,,,5,,3,3,,11,13,16,,7,,14,14,,,8,18,8,27,16,,,,11,,,4,,8,,3,10,10,13,,,20,,,1,,,9,,6,,,,11,3,48,15,,,3,,,,,,10,2,,,,,,22,,,2,1,14,1,6,,,,,,,,,,,,
3822,9,,9,,,,26,,,,29,,,19,,,16,,16,12,9,,4,,18,16,,,5,26,,32,16,,,,17,,,4,,9,,,1,1,15,,,20,,,,,,9,,6,,,,13,17,41,18,,,,,,,,,4,,,,,,,24,,,19,9,4,11,6,,,,2,,,,,13,,,
3823,13,,2,,4,,23,1,,,16,,3,5,,,22,,8,2,4,2,8,3,3,13,,9,4,16,6,20,1,,1,,,,,5,,9,,,7,13,13,,,9,2,,,,2,9,,5,,,,6,18,,10,,,,4,,,,,13,,2,,,,,22,,,13,11,14,11,8,,,,,,,,,2,3,,
3824,,,,,,,,,,15,14,,,,,,,,,,,,,,,4,,,,7,,,,,,,,,,24,,10,9,,,,14,,,,,,,,,,39,,,26,,,,,,,,,,,15,,,,6,,5,,,,9,,,11,,20,,19,,,,,,,,,16,,,11
3825,15,,4,,,,5,,,,12,,,6,1,,20,4,12,,6,,1,,7,9,,4,9,20,,27,17,,,,10,,,7,,9,,,4,4,10,5,,18,,,,,,7,,7,1,,,11,9,32,5,,,,,,,3,,13,,,,,,,4,3,,8,11,3,12,9,,,,,2,,,,10,,,
3826,7,,9,,,,18,,,,28,1,,9,,,11,,17,13,11,,6,,19,17,,,6,24,,32,16,,,,16,,1,4,,8,,,5,10,14,,,21,,,,,,9,,7,,,,13,18,49,15,,,,,,,4,,4,,,,,,,24,,,20,9,10,13,9,,,1,,,,,,9,,,
3827,,,,5,,,14,,,,,1,,,,1,10,,1,13,10,,,,6,26,,3,,7,,1,4,,4,,,1,9,35,,,,,,,3,,3,4,,,4,,2,,7,,,34,,,,,,1,,,,2,14,,,8,,,2,,,,,8,,1,,1,9,11,,,,,,,,,23,,,
3828,,,,,,,1,,,12,14,,,,,1,,,,,,,,,,3,,,,11,,,,,,,,,,27,,5,,,,,7,,,,,,,,,,38,,,27,,,,,41,,,,,,3,,4,,8,,9,,,5,8,,,12,,18,,14,,,,,,,,,15,,,14
3829,11,,1,,,,30,,,,5,,,2,,,20,,13,9,1,,8,,3,7,,,5,11,5,26,19,,,,10,,,11,,3,,,6,9,5,,,9,,,,,,12,,1,7,,,2,14,46,1,,,,,,,,3,13,1,,,,,,20,,,8,3,17,11,13,,,,,,,,,3,,,
3830,,,3,,,,,,,4,2,,,,2,,,,,,,,,,,3,,,,4,,12,,,,,,,,,,15,4,,,,12,,,,,,,6,,,36,,,16,,,18,,,,,,,,12,,5,,13,,14,,,,14,,,11,,20,,16,,,,,4,,,,11,,,
3831,,,,,,,10,,,5,3,,,,,,,1,,,12,,,,7,11,,,,6,,,,,,,,,,22,1,12,,,,,15,,,,,,,10,,1,36,,,18,,,,,,,,,,,13,,,,13,,6,,,,10,,,11,,21,,16,1,,,,,,,,12,,,
3832,,,,,,,,,,14,15,1,,,,,,,,,,1,,,,5,,,,8,,,,,,,,,,27,,13,,,,,2,,10,,,,,,,,37,,,27,,,19,,,,,,,,17,,,,9,,10,,,5,13,5,,1,,18,,19,,,,14,,,,,16,1,,
3833,8,,8,,,,8,,,,29,,,19,,,14,,16,4,10,,6,,19,16,,,10,24,,32,15,,,,16,,,8,,5,,,12,9,4,,,20,,,,,,3,,3,2,,,13,15,41,16,,,,,,,5,,9,,,,,,,2,,,19,11,4,10,8,,,,,,,,,8,,,
3834,13,1,1,,,,5,,,,1,,,8,,4,20,,12,13,17,,6,,15,11,,11,7,21,1,32,17,,,,1,,,5,3,9,,3,1,6,14,,,14,,,,,,10,,7,7,,,8,4,43,18,,,4,,,,,,11,,,,,,,23,,1,14,1,12,11,12,,,,1,,,,1,9,,2,
3835,,,,,,,15,,,,,3,,,,,2,,,11,5,,,,8,25,,,,4,,14,9,,5,,3,,3,39,,,,,,,1,,,8,,,,,,,9,,,38,,,,,,,,,,,,,,2,,,,,,4,,7,,3,,8,13,13,,,1,,,,,,25,,,
3836,,,7,,9,,2,,,10,13,,6,4,,2,7,,,,,,7,,5,4,,,,1,,2,,,,,,,,12,,17,,,14,5,,7,,13,,,9,,,5,,7,,,,,,,7,,,,,,,,,,4,,4,4,,,,,10,3,14,3,2,12,,,,6,5,,,,23,,,1
3837,,,5,,7,,,,,9,15,,4,9,,,6,,,2,,,4,,4,6,,,,4,5,1,,,,,,,,43,,20,,,11,8,,1,,18,,,12,,,6,,,,,6,,,1,6,,,,,,,,,,4,,3,2,,,,,1,5,,4,1,11,,,,5,1,,,,23,,,4
3838,,,,,,,,,,10,3,,,,,,,,,,,,,,,10,,,,10,,,25,,,,,,,25,,12,,,,4,13,,,,,,,,,,35,,,27,,,,,,,,,,,15,,,,16,,2,,,5,7,,,11,,20,,13,,,,,,,,,13,,,
3839,,5,4,,,5,1,,,7,4,10,4,20,1,,3,,,,,1,,,,10,5,,10,8,1,1,1,2,,,6,23,,,,9,3,49,16,1,16,,,24,2,2,,,1,1,1,11,,21,,,5,,,7,3,,6,,6,,8,,1,,12,2,,,8,19,10,1,,20,,7,1,1,,,,,1,6,3,1,7,
3840,,,,8,,,12,,,,,5,,,,,11,,3,12,11,,,,6,27,,,,8,,13,3,,4,,,,9,33,,,,,13,,1,,8,7,,,,,,,8,,,39,,4,,,,,,,,,9,,,3,,,,,,6,,6,,10,,12,11,6,1,,,,1,,,,17,,,2
3841,,,,,,5,,,,13,8,,,,,,,,,,,,,,,10,,,,8,,,,,,,,,,18,,8,,,,,19,,,,,,,,,,36,,,26,,,,,,,,,,,8,,1,1,4,,14,,,,13,,,11,,22,,10,,,,,,,,,12,,,
3842,,,,,,,,,,15,10,,,,,,,,,14,,,,,,8,,,1,11,,,,,,,,,,28,,7,,,,,17,2,,,,,,,,,37,,,28,,,,,,,,,,,14,,,,11,,13,,,,13,,,10,,20,,18,,,,,,,,,14,,,
3843,1,,4,,,,23,1,,,6,,1,1,,,21,5,14,13,10,,5,,4,15,,9,10,1,6,27,3,1,2,,9,,2,4,1,3,,,7,5,1,,1,15,,,,,,8,,8,2,1,,2,10,46,2,,,,,,,2,,14,,,,1,,1,18,4,,14,6,5,12,13,,,,,4,,,,1,,,
3844,,,3,1,3,,2,3,2,1,1,2,5,,,,6,,1,,,1,,6,10,,,3,1,4,2,2,,1,,6,,1,,46,3,1,1,2,4,11,5,6,,17,,,1,1,,1,,4,,2,7,,1,,13,,,,,,14,,,4,,,5,5,,1,25,4,,,1,2,1,5,,3,,,7,,1,2,6,6,,1
3845,5,3,,,,,,,,11,13,,,,,,,,,,,,,,,11,1,,,13,,,,,,,,,,26,,13,,,,,7,,,,,,,,,,38,,,29,,,,,,,,,,,12,1,,,9,,12,,,,5,,,10,,21,,16,,,,,,,,15,15,,,
3846,1,1,1,1,1,1,2,1,1,2,1,1,2,1,1,1,1,1,1,1,2,,1,1,2,2,1,2,2,2,2,1,1,1,1,1,1,1,1,1,2,1,1,2,,1,2,1,1,1,1,2,1,2,2,,1,1,1,1,2,,1,1,1,1,1,2,2,1,1,1,1,1,1,1,1,1,1,1,1,1,2,1,1,1,1,1,1,1,1,1,1,1,1,2,1,,1,1
3847,,,,,,9,9,,,5,18,,3,,,,2,5,,,,,,,2,4,2,,8,10,,,1,1,,4,,5,12,8,4,1,1,,4,14,1,,,2,,,,,,5,20,,,22,,,14,2,,5,3,,,,4,,2,6,4,,17,,,,6,,,3,,19,,4,,,,5,,,3,3,1,,,3
3848,,,4,2,1,,4,3,1,4,18,1,5,,,,6,1,3,,,3,,5,10,15,,3,3,6,3,1,21,2,1,6,,,,45,4,4,2,2,3,10,6,,,16,,,3,2,,4,,3,,1,7,,2,,12,,,,,1,14,,,3,,,4,5,,,25,1,5,,2,1,2,7,,6,,,7,,,1,5,7,,4
3849,2,,3,2,3,3,1,21,1,4,7,9,,1,,4,,2,16,,,,9,,4,3,1,,2,4,,2,23,,,,,1,2,11,,1,1,46,,17,15,3,,18,,3,1,3,5,14,,1,3,1,,1,12,1,2,1,21,4,3,,1,2,1,15,8,,1,,2,,4,4,,15,,1,,13,4,,,,,2,2,15,2,2,1,1
3850,,,,8,,,1,,,,,5,,,,,3,,,11,6,,,,6,26,,,,7,,13,2,,3,,,,7,37,,,,,11,,3,,8,4,,,,,,,7,,,38,,1,,,,,,,,3,8,,,7,,1,,,,,,10,,7,,11,11,6,,,,,,,,,23,,,
3851,2,,,,,,10,,,15,4,,,,,,,,,,,,,,,7,,,,10,,,,,,,,,,21,,11,,,,,19,,,,,,,,,,28,,,26,,,,,,,,,,,10,,,,12,,9,,,,10,,,10,,21,,17,,,,,,,,,9,,,
3852,,,,,,,,,,12,13,,,,,,,,,,,,,,,11,,,,5,,15,,,,,,,,27,,10,,,,6,11,,,,1,,,,,,36,,,28,,,,,,,,,1,,12,,,,15,,14,,,,8,,,9,,18,,16,,,1,,,,,,2,,,
3853,1,1,1,1,1,1,1,1,1,1,1,1,1,1,1,1,1,1,1,1,1,1,1,1,1,1,1,1,1,1,1,1,1,1,1,1,1,1,1,1,1,1,1,1,1,1,1,1,1,1,1,1,1,1,1,1,1,1,1,1,1,1,1,1,1,1,1,1,1,1,1,1,1,1,1,1,1,1,1,1,1,1,1,1,1,1,1,1,1,1,1,1,1,1,1,1,1,1,1,1
3854,1,1,1,1,8,1,6,,1,6,18,3,1,1,1,1,1,1,1,1,1,1,,7,1,1,1,2,1,1,1,1,5,1,,1,1,1,1,45,1,1,1,1,16,10,1,,,1,,1,1,,,1,6,,1,1,,1,5,1,1,1,1,,1,,1,1,,1,1,,1,1,,1,1,1,1,3,,1,1,17,1,8,1,1,1,1,,7,5,1,1,4
3855,9,,1,,10,,25,,,17,19,,,20,,,18,2,14,9,5,,6,,14,19,,,6,27,,31,1,,,,18,,,5,,12,,,8,2,6,,,24,,,,,,10,,,5,,1,11,16,42,14,,,,7,,,,,8,,,,,,,19,,,18,2,11,13,7,,,,,,,,,11,,,
3856,1,1,1,1,1,1,1,1,1,1,1,1,1,1,1,1,1,1,1,1,1,1,1,1,1,1,1,1,1,1,1,1,1,1,1,1,1,1,1,1,1,1,1,1,1,1,1,1,1,1,1,1,1,1,1,1,1,1,1,1,1,1,1,1,1,1,1,1,1,1,1,1,1,1,1,1,1,1,1,1,1,1,1,1,1,1,1,1,1,1,1,1,1,1,1,1,1,1,1,1
3857,2,,,3,,,,1,,,,,,,,7,1,6,3,,,,,14,,,8,,6,,,,3,,5,,,6,,,,1,,,,,,,,2,,3,6,,,,3,,,4,,,,,,10,,,,,,4,,,4,,7,,,4,6,,,,3,,,6,,5,,,,,,,5,,,
3858,,,,,,,,,,3,13,,,,,,,,,,,,,,,11,,,,6,,,,,,,,,,24,,8,,,,,19,,,,,,,,,,39,,,23,,,,,1,,1,,,,17,,,,14,,6,,,,9,,,9,,19,,17,,,,,,,,,16,,,
3859,1,1,1,,1,1,1,,,,25,7,,,,,5,,18,1,,,,1,4,19,3,,10,1,,24,19,1,,1,4,,,10,,10,3,,1,11,15,,,20,1,,,,,21,40,4,2,30,,13,11,47,15,,21,,,,,,,3,,,10,1,,,6,,1,5,,3,10,13,3,,,,,,,,1,1,3,
3860,,,,,,,,,,17,3,,,,,,,,,,,,,,,10,,,,9,,,23,,,,,,,25,,13,,,,,10,,,,,,,,,,40,,,24,,,,,,,,,,,15,,,,15,,8,,,,7,,,5,,22,,18,,,,,,,,,14,,,10
3861,16,,17,2,2,2,31,19,3,3,6,8,,,,4,,,18,,,,8,,3,11,2,,3,4,,1,21,,,,,,,8,,3,,45,,16,14,2,,20,,2,,2,,22,,5,2,3,,,10,27,3,,20,3,12,,2,1,4,14,4,,2,,,,5,,,14,,2,,11,2,,,,,1,3,14,2,2,2,3
3862,,,,,,,17,,,,,5,,1,,,9,,,1,1,,,8,2,24,,,,7,,16,9,,4,,5,,3,36,,,,,,,7,,,3,,,,,,,5,,,35,,,,,,,,,,,,,,3,,,,,,,,8,,5,,6,9,7,,2,,,,,,,24,,,
3863,,,5,,6,2,5,4,6,,1,,,2,,1,,3,4,6,,7,7,6,,,4,5,,26,6,4,8,4,8,6,,10,4,,,6,4,,7,14,3,,6,,4,,5,,,,,,4,10,5,,15,40,20,,4,3,5,,,3,4,4,,,5,,,5,,1,1,,,1,,3,9,4,,,34,,3,,1,4,,
3864,,,4,,,,1,,,5,5,4,1,,3,,,,,,3,,,5,2,1,2,,,3,,13,,1,3,,,,2,2,4,17,5,,,,19,,2,,1,,,2,,,,,,2,,2,20,4,5,,,,,,15,,4,3,4,,2,,4,,15,,,1,1,,3,2,,,3,,2,,,1,13,,,
3865,,,4,1,,,18,,1,1,,4,,,,,4,,6,3,1,,,1,9,15,,,,1,,4,5,1,5,,3,1,6,1,1,,,,1,,3,,,10,,,,1,1,1,10,,,38,,,1,,,1,1,1,1,3,10,1,,3,,,6,,,1,,3,4,3,,4,5,11,,4,,,,,,,17,,,
3866,14,,5,,,,26,,,,18,,,12,,,20,1,5,11,12,,6,,11,14,,,7,27,,32,15,,,,4,,,7,1,8,,,2,8,13,,,18,,,3,,,9,,4,,,,4,16,43,10,,,,,,,,,13,,,4,,,,3,,1,14,12,12,11,10,,,,,,,,,14,,,
3867,1,,,,,,16,,,,,4,,,,,9,,,9,3,,,,9,23,,,,5,,13,8,,1,,,,4,37,,,,,,,6,,,4,,,,,5,,3,,,2,,,,,,,,,,,,,,3,,,,,,,5,6,1,5,2,2,11,14,,,,1,,,,,19,,,
3868,4,,,2,,,,2,,,,,,,,3,3,1,3,,,,14,14,,,6,,7,,,,5,,5,,,2,,,,,,,,,,,,2,,3,1,,,,7,2,3,6,,,,,,6,,,,,,6,,,3,1,10,,,5,6,,,,,,,5,,2,,,,,,,6,1,,
3869,5,,5,,,,25,,,,28,,,18,,,8,,7,7,13,,6,,18,16,,,7,25,,29,18,,,,16,,,11,,8,,,10,10,14,,,16,,,,,,6,,8,,,,8,16,38,21,,,,,,,,,11,,,,,,,1,,,16,10,9,4,7,,,,1,,,,,9,,,
3870,3,,8,,,,25,,,,24,,,19,,,17,,17,12,10,,4,,17,18,,,11,26,,32,18,,,,3,,,9,,9,,,10,10,14,,,19,,,,,,7,,4,,,,12,16,39,18,,,,,,,,,10,,,,,,,24,,,21,13,6,14,10,,,,,,,,,15,,,
3871,5,,,5,,,,1,,,,,,,,8,2,6,4,,,,,12,1,,6,,4,1,,,4,,5,1,,4,,,,,,,,1,,,,6,,2,7,,,,10,,,7,,,,,2,10,,,,,17,1,,,4,1,5,,,5,3,,,,,1,3,6,,3,,,,,,,9,,,
3872,,,,,2,3,10,1,,2,13,,,,,,,1,,2,17,,,,,12,,1,5,5,3,,,,,,,,17,21,,9,,1,2,4,17,,,,,,,,,12,2,,,22,,13,16,,2,4,,,,,12,,6,6,3,,7,12,,,13,,,9,,15,,3,,11,,,,2,,3,9,,,8
3873,,,,,,,,,1,8,16,,,,,,,,,7,,,,,,9,,,,7,,14,,,,,,,,18,,4,,,,,19,,,,,,,,,,36,,,26,,,,,,,,,,,11,,,,2,,13,,,,11,,,12,,21,,1,,,,,,,,,15,,,
3874,5,,1,4,,,,5,,,,,,,,7,2,2,1,,,,2,12,,,6,,1,,,,5,,4,,,5,,,,,,,,,,,,5,,6,4,,,,1,1,3,6,,,,,,7,,,,3,,4,,,2,,7,,,5,6,,,,5,,,2,,6,,,,,1,,8,,,
3875,1,1,1,1,1,1,11,,1,1,,1,,1,,1,1,1,2,1,3,1,1,1,1,1,2,1,,12,1,1,3,1,2,1,1,,2,1,1,1,,1,1,1,1,1,2,1,1,3,1,1,2,1,1,1,,1,1,1,1,1,1,,1,2,1,1,5,1,,1,19,2,2,,4,8,1,1,7,1,3,1,1,3,1,1,,8,7,,3,1,29,1,,1
3876,,,,10,,1,14,,,,,3,,,,,8,1,4,8,5,,,,5,25,,,,5,,1,7,,6,1,,,9,31,,,,,,,3,,1,2,,,3,,1,,4,,,40,,,,,,,,1,,,1,1,,8,,,7,,,,,3,,8,,9,9,4,,,,,,,,,24,,,
3877,,,,,,,,,,13,8,,,,,,,7,,,,,,,,5,,,,1,,,,,,,,,,22,,11,,,,,13,,,,,,1,,,,38,,,25,,,,2,,,,,,,11,,,,10,,12,,,,8,,,12,,3,,17,,,,,,,,,14,,,
3878,10,,7,,,,23,,,,17,,,6,,1,20,,1,14,18,,4,,13,13,,1,5,28,,29,1,,,,14,,,5,,9,,,11,12,13,,,20,,,,,,9,,7,,,,4,3,47,10,1,,,,,,,,11,4,,,,,,23,,,3,4,10,1,4,,1,,,,,,,13,,,
3879,,,1,,8,1,1,1,5,1,1,3,1,1,,,5,1,,1,1,1,1,1,1,1,1,2,1,1,1,1,1,,1,1,1,1,1,45,6,20,,,16,1,3,,1,16,1,,1,,1,1,6,1,1,,1,1,5,,11,1,,,,1,1,1,1,7,1,1,1,1,1,,1,5,1,1,1,6,1,1,1,8,1,1,4,1,,1,1,1,1,1
3880,9,,,,,2,,,5,6,4,,2,,,,,,,,,,,2,1,6,,,,12,,,,,,3,,,,3,,5,6,,,,14,,,,,2,,2,,,18,,,27,2,,,4,,5,,,,,3,,5,,14,,14,,2,,13,,,12,,20,,15,,,,,,,,,15,4,,
3881,15,,2,,,,3,,,,12,,,19,,,19,,10,12,6,3,5,,10,12,,1,6,20,9,31,16,,,,4,,,12,4,9,,1,11,13,14,5,,14,,,,,,9,,6,6,,,11,16,42,17,,,,,,,,,16,,,,,,,20,,,11,6,14,1,9,,,,,,,,,8,,1,
3882,9,,1,2,,,2,4,,,30,,1,19,,,1,,8,12,1,,8,,16,7,2,,2,23,,30,20,1,1,,9,1,,1,,11,,,1,11,14,6,1,24,1,,,,,5,,8,,1,,11,14,36,1,,1,,,,,2,,1,,,,,1,6,16,,,14,12,7,3,11,1,3,,,,2,,1,14,,,
3883,,,4,2,4,,,5,,,4,,,,6,,,,,,,,3,,5,,,,,5,,,,5,,,,,,4,,16,4,,,,18,,,,3,,,4,,,40,,,2,1,4,1,,,,1,,,,2,,3,,16,,,,,,16,,10,12,,23,,,,,,2,8,,,,19,,,
3884,,,,,,,,,,15,13,,,,,,,,,,,,,,,8,,,,8,,,,,,,,,,25,,9,,,,,14,,,,,,,9,,,39,,,15,,,,,,5,,,,,14,,,,15,,6,,,,11,,,12,,18,,19,,,,,,,,,15,,,
3885,1,1,1,1,1,1,16,1,,,1,1,1,,1,2,2,,1,13,1,,1,,3,1,1,1,2,,1,1,1,1,2,1,,1,1,1,1,1,,1,1,1,1,,1,1,2,2,,1,,,1,2,1,1,1,,,1,1,1,,1,1,1,1,1,2,1,2,,,2,1,1,1,11,1,8,1,1,12,1,1,1,1,1,1,1,1,1,1,,1,1
3886,,,,7,,,3,,,9,7,,,,,,1,,,6,,,,,,8,,,,6,,,,,,,,,,27,,3,,,,,18,,,,,,,,,,26,,,17,,,,,,,,,,,12,,,,13,,14,,,,10,,,11,,19,,10,,,,,,,,,6,,,
3887,8,,,3,,,10,,2,5,,1,,2,,2,2,2,1,3,2,1,7,1,,16,1,,,11,8,2,2,2,1,2,9,,1,2,,10,,1,8,2,12,2,1,2,2,2,2,1,1,,,2,,3,2,8,2,,2,,,1,,,4,2,,12,18,1,1,,3,7,2,1,6,2,2,1,2,2,,,,7,6,,2,2,28,1,,
3888,,,,,,10,9,,,8,,,2,1,3,,,,6,3,16,,,,2,13,8,,6,11,,,,4,,,,5,15,25,,9,,,5,5,14,,,,,,,,,4,30,,,20,,,15,,,1,2,,,,7,,5,3,2,2,8,3,,,14,,,7,,3,,8,,13,,5,,,,2,11,,,7
3889,,,,,,,,,,14,14,,,,,,,,,,,,,,,7,,1,,12,,,,,,,,,,22,,10,,,,,17,,,,,,,,1,,38,,,19,,,,,,,,,,,13,,1,,8,,15,,,,13,,,2,,17,,14,,1,,,,,,,15,,,
3890,5,,8,4,,,1,,,,16,1,3,10,,5,3,,14,2,5,,1,,9,20,,1,7,1,8,30,17,,1,,7,,1,5,,1,1,,12,9,13,2,6,20,,,1,1,,10,,8,,,,13,16,46,16,,,,,,5,,,16,6,,,,,1,23,,,18,10,5,9,13,,,,1,1,1,,,11,,1,
3891,1,,,,,,,,,12,3,,,,,,,,,,,,,,,7,,,,12,,,,,,,,,,28,,13,7,,,,16,,,1,,,,,,,36,,,28,,,,,44,,,,,,15,,,2,9,,19,,,,2,,2,3,,16,2,15,,,,,,,2,,14,2,,
3892,5,,,1,,,,5,,,,,2,,,4,4,4,3,,,,1,14,,,2,,6,,,,4,,3,,,4,,,,,,,,,,,,2,,6,6,,,,8,,,4,,,,,,5,,,,,,5,,,5,,1,,,3,7,,,,1,,,5,,7,,,,,,,7,,,
3893,1,2,1,,,,3,,,,4,,,3,,,8,,7,13,5,,1,,7,5,1,7,10,27,,27,1,4,,,17,,,13,,9,,,12,6,,6,,17,1,,,,,6,,7,2,,,12,10,42,17,,,,,,,4,,15,2,,,,,1,1,2,,1,13,4,3,6,,,,,,,1,,17,,,
3894,,,7,,2,,7,5,5,,6,1,,5,,15,,4,1,5,2,5,2,6,,,6,2,,27,5,4,9,3,7,9,,8,6,,2,,3,,3,4,4,,8,,4,,1,,2,,,1,4,4,4,,9,2,20,,4,2,5,,3,4,1,3,1,,4,,,4,,7,,,1,4,,3,10,2,,,35,,4,,4,5,3,5
3895,13,,6,,,,20,1,,,1,,1,1,,,20,,15,9,5,,6,4,7,17,,3,9,25,3,30,3,,,,16,8,,7,5,10,,,9,12,5,,,18,,,,,4,3,,8,,,,2,16,46,14,,,,,,,,,3,,,,,,,23,,,19,9,6,8,4,,,,,,,,,12,,,
3896,13,,7,,,,23,,,,27,,,17,,,18,,17,13,8,,3,,20,18,,,10,27,,31,16,,,,17,,,8,,8,,,8,1,1,,,16,5,,,,,9,,8,,,,14,19,38,12,,,,,,,,,8,,,,,,,19,,,18,9,12,12,1,,,,,,,,,9,,,
3897,,3,,,2,,1,,2,15,1,,4,,,,,,,1,,,2,,,1,,1,,,,,,,,,,,1,1,,1,8,,,2,12,,1,,,1,1,1,,,1,,1,26,2,,18,2,,2,1,,1,,2,,,1,11,1,11,,3,1,14,,,4,,21,,23,,1,1,1,1,2,,,1,1,1,1
3898,,,1,6,5,,,7,1,,1,,,,5,,1,,,,,,4,,2,,,,,6,,,,5,,,,,,,,18,9,,,,17,,,,5,,,3,,,40,,,3,,4,20,,,,,,,,5,,3,,17,,15,,,,16,,7,12,,22,1,,,,,6,9,,,,14,,,
3899,,,5,1,5,,3,,,10,14,2,6,5,,,9,,,5,,1,,,6,3,,,,4,1,3,,,,,,,,46,,17,,,14,6,,9,,18,,,2,,4,5,,,1,,,,,,1,,,,,,2,,,,5,,4,1,,,,,8,4,,2,1,9,,,,6,5,,,,1,,,3
3900,9,,6,,,,25,,,,28,,2,16,,,10,,19,14,8,,5,3,15,15,,,3,24,,31,18,,,,9,,,11,,10,,,13,4,15,,,21,,,,,,11,,4,,,,9,15,48,19,,,,,,,3,,11,,,,,,,25,,,8,11,1,7,8,,,,,,,,,8,,,
3901,,,,,,,6,,4,1,,1,,6,,4,1,,,5,7,,5,,,1,,,7,3,6,13,7,,12,9,11,2,,37,,,,,8,,10,,3,1,,4,14,,,1,,,,4,,,5,,11,,,,,,2,4,,8,,,,,8,6,,3,4,6,,13,9,19,1,,,5,4,,3,,24,,,
3902,,,,,,,,,,6,14,,,,,,,,,,,,,,,8,,,,8,,,,,,,,,,25,,14,,,,,15,,,,,,,,,,36,,,27,,,,,,,,,,,15,,,,15,,20,,,1,6,,,11,,17,,15,,,,,,,,14,15,,,
3903,6,,9,,,,25,,,,18,,,16,,,19,,14,10,11,,6,,18,17,,,9,27,,32,17,2,,,17,,,6,,10,,,13,10,15,,,20,,,,,,8,,1,,,,12,18,37,11,,,,,,,,,11,,,,,,,18,3,,19,3,9,12,8,,,2,,,,,,15,,,
3904,3,,2,1,1,2,26,22,3,,5,10,,10,,3,,2,13,,10,,7,,5,3,,,3,1,12,1,22,,,,14,3,3,8,,4,,1,7,11,13,,,17,,5,,,4,13,,7,3,2,,12,11,30,3,,22,4,2,,3,3,5,13,7,,3,,,,3,,,15,14,3,9,12,5,,,,,3,,,3,1,1,2
3905,,,6,,6,,5,4,5,,,,,5,,1,,3,2,2,2,5,4,8,,,4,5,,27,7,6,12,2,3,9,,7,4,1,3,6,5,,5,6,6,1,10,,4,,3,,2,,,,6,6,2,,8,42,21,,4,,3,,4,3,2,6,,,2,,,1,,5,3,,,4,,6,10,,,,33,,6,,2,6,,
3906,2,,7,,,,26,,,,23,,,15,,,9,,18,12,9,,5,,18,14,,,7,28,,28,17,,,1,18,,,10,,6,,,8,6,15,,,21,,,,,,11,,6,,,,10,18,47,10,,,,,,,,,3,,,,,,,24,,,14,12,2,10,10,,,,,,,,,2,,,
3907,,,,,,,13,,,,,2,,,,,1,,,3,3,,,,7,25,,,,10,,16,9,4,6,,,,4,43,,,,,,,5,,,8,,,,,,,4,,,38,,,,,,,,,,,,,,6,,,3,,,,,6,,2,3,9,12,14,,,2,,,,,,22,,,
3908,,1,,,,,4,,1,15,5,,3,,,,,,,2,,,1,,,9,,2,,,,,,,,,,,2,4,,6,7,,,,11,,,,,1,,3,,,35,,1,26,1,,,4,,4,2,,2,,4,,,,15,3,11,,3,,14,,,5,,22,,23,,,,1,,1,,,7,3,,3
3909,10,,7,,,,27,,,,22,,,16,,,12,,16,7,11,,9,,14,18,,,6,25,,31,17,,,,18,,1,9,,7,,,4,5,3,,,20,,,,,,10,,4,,,,12,16,48,20,,,2,,,,,,11,,,,,,,21,,,10,10,11,10,5,,,,,,,,,10,,,
3910,1,,1,,9,,3,,,1,15,,8,5,,3,1,,1,,,6,8,,6,5,,4,1,2,,4,,,1,,,,,43,,19,,,15,6,,8,,14,,,10,,,6,1,,,,6,,,5,1,,2,,,,2,,1,,5,,4,4,,1,,1,1,4,15,2,1,1,,1,1,7,3,,1,1,24,,,6
3911,,,6,,,,3,,,5,4,2,,,2,,,,,,4,,,3,,3,,,,3,,1,,2,2,,,,3,,1,16,6,,,,20,,4,,3,,,3,,,,,,3,,1,20,2,3,,,,,,14,,2,3,1,,3,,3,,16,,,13,,,4,4,,,2,,4,,,4,12,,,
3912,4,1,,5,,,,3,,,,,,,,6,2,3,2,,,,,14,,,5,,1,,,,2,,5,,,4,,,,,,1,,,,,,4,,1,6,,,,7,,2,4,,,,,,3,,,1,,,4,,,1,,3,,,5,2,,,,,1,,4,,1,,,,,,,6,,,1
3913,,2,,,,,,,,15,14,,,,,,,,,,,,,,,9,,,,10,,,,,,,,,,26,,11,2,,,,9,,,,,7,,,,,38,,,25,,,,,,,,,,,16,,,,14,,6,,,,1,,,6,,21,,15,,,,,,,,,15,4,,1
3914,2,,11,,,,25,,,16,1,,,12,,,,,14,12,10,,4,,15,19,,,1,25,,21,9,,,,12,,,7,,9,,,9,2,12,,,2,,,,,1,1,,9,,2,,,,,18,,1,,,,11,,,5,1,,15,,,2,13,,,8,9,9,13,11,,2,,,1,1,6,,1,,,
3915,11,,2,,,,31,,1,,10,9,,8,,,20,,14,9,8,3,9,,8,5,,,9,10,6,20,19,,,,11,,,11,,2,,,6,15,12,,,12,3,,,,,18,,6,6,,,4,16,47,24,,,,,,,,,1,15,,,1,,,17,,,7,,14,12,10,,,,2,,,,,6,,,
3916,,,,,,8,12,1,,1,13,,1,,,,,,7,4,18,,1,,3,8,8,,10,2,,,5,,1,,,6,1,19,5,2,3,1,2,3,17,,,1,,,,,,4,21,,,21,,,2,3,,,,1,2,,7,2,1,3,3,,18,5,,,3,,3,2,1,20,,6,,,,2,,,,2,13,,9,20
3917,6,,,4,,,,4,,,,,1,,,6,1,7,3,,,,,13,,,5,,7,,,,1,,2,,,3,,,,,1,,,,,,,3,,1,7,,,,2,,3,5,,,,,,8,,,,,,2,,,4,,6,,,5,8,,,,4,,,1,,7,,,,,,,7,,,
3918,,,,,7,,5,,4,5,17,2,1,10,,,4,,,2,,4,,6,7,14,,1,5,2,4,18,4,,,,,,,44,5,19,,,15,9,2,,,15,,,7,,,5,5,,,,,,4,,10,,,,,,3,,,6,2,,3,3,,,,4,4,2,,5,7,16,,7,,7,3,,,6,4,,,3
3919,,,3,1,1,,,5,,,4,,,,5,,,,,,,,1,2,6,,,1,,8,,,,1,,,,,,,,17,1,,,,18,,,,3,,,5,,,41,,,4,,2,22,,,,,,,,4,,4,,18,,,2,,,16,,3,2,,21,,,,,,4,9,1,,,19,,,
3920,,,,6,,,,,8,5,,4,,3,,6,4,,,4,4,,7,,,,,,12,10,4,17,9,,7,11,17,,,44,,,,,1,2,14,,9,,,4,11,,,,,,,3,1,,4,,,,,,,,3,,,11,,1,,,1,4,5,6,3,8,,,20,16,,,,6,7,,4,,20,,,
3921,,,,,2,,14,,,,,4,,,,,10,,,11,2,,,,1,24,,1,,7,,7,6,,5,,,,6,39,,,,,,,8,,,7,,,,,,,10,,,41,,,,,,,,,,,,,2,2,,,,,,,,9,,6,,7,10,11,,,,,,,,,22,,,
3922,,1,1,,1,1,1,1,1,1,1,3,,1,1,2,,1,8,1,,10,1,10,1,1,1,1,,26,6,3,1,1,1,11,,1,2,1,1,3,7,1,1,2,1,,1,,4,1,6,,1,,1,,7,1,3,1,1,1,1,1,1,1,,1,5,1,1,1,1,1,4,,1,1,1,7,,1,1,1,1,16,6,1,1,,1,,1,1,6,8,,
3923,3,1,,,11,1,6,,3,4,3,4,1,13,,,3,,3,3,,,1,7,2,1,4,2,,2,1,17,3,,7,,3,,,1,8,22,2,2,16,1,2,1,,2,,4,10,3,,8,2,,,1,,,4,,1,,,,,,5,,,7,3,,6,3,1,2,2,4,3,4,,1,4,1,,3,4,1,2,6,,7,2,,2,6
3924,10,,8,,,,24,,,,29,,,18,,,16,,15,6,8,,7,,20,17,,,5,23,,32,18,2,10,,17,,,10,,7,,,11,7,13,,,22,,,,,,3,,5,,,,12,16,40,15,,,,,,,,,10,,,,,,,22,,,12,3,5,13,5,,,,,,,,,13,,,
3925,,2,1,,2,,4,,37,2,2,9,2,19,,2,,2,2,1,1,,,1,,1,7,,1,15,,1,9,,1,5,1,22,,,2,18,,1,1,4,1,,,4,4,3,34,13,,1,3,8,,28,1,2,12,40,2,3,2,3,3,31,1,2,2,,16,,16,3,,,6,18,,5,1,1,1,9,,,3,,,2,4,1,17,2,2,27
3926,,,,,,,,,,15,14,,,,,,,,,,,,,,,11,,,,9,,,,,,,,,,28,,15,,,,,2,,,,3,,,,,,39,,,22,,,,,,,,,,,14,,,,1,,3,,,1,10,,,8,3,15,,17,,,,,,,,15,14,,,
3927,7,,7,3,,,6,,,,15,,,1,,,2,5,13,13,,,9,,8,14,,8,4,22,7,29,19,,,,6,,1,3,,10,,,12,12,11,,,19,,,,,,10,,6,,,,4,17,45,9,,4,,,,,1,,15,5,,,,,,23,5,,17,11,1,12,12,,,,,3,,,,10,,,
3928,1,1,12,1,1,,,1,,10,1,,1,,,1,,,1,,1,1,,,,14,,,,1,,14,,,,,1,,,17,1,1,9,,,,1,1,1,1,,,,,4,,37,1,,28,1,1,,,1,,1,1,,,1,,,1,11,,7,,,1,10,,,7,1,1,,18,,1,,,,,,,13,1,,
3929,,,,,1,,,,3,15,9,,,,,1,,,,15,,,,,,9,,,,2,,2,,,,,,,,23,,2,,,1,,16,1,,,,,,8,,,37,,,15,,,,,,,,,,,12,,,,5,,13,,,,14,,,10,,3,,16,,,,,,,,,13,,,
3930,,,,3,,,,,,12,13,,,,,,,,,,,,,,,10,,,,5,,,,2,,,,,,27,,15,,,,,11,2,,,,,,,,,37,,,23,,,,,,,,,,,14,,,,13,,10,,,,3,,,4,,21,,14,,,,,1,,3,,15,,,7
3931,7,,1,,,,9,,,,14,,,19,,,5,3,14,1,10,,1,,5,15,,,7,18,8,28,18,,,3,8,,,10,,9,,,9,5,11,,,19,,,,,,12,,8,,,1,7,15,39,15,,,,,,,3,,11,17,,,,,,20,,,1,12,12,3,3,,,,8,4,1,,,13,,,
3932,,,5,,3,,3,1,5,2,23,6,3,,,,7,,4,,,3,,3,10,,2,3,6,4,4,,,4,,6,,,,46,1,4,,,1,1,2,2,1,17,,,5,,,1,,3,,3,4,,3,,6,,,,,,15,,,1,,,5,2,,,25,1,,4,8,11,16,2,,2,,,5,,,3,9,6,,
3933,,,,4,,,,,10,2,,6,,6,,3,4,,,3,6,,3,,,,,,7,9,5,16,9,,11,10,19,,,42,,,,,9,,11,1,6,,,4,2,,,,10,7,,3,,,1,,,,,,,,2,,,10,,,,,6,5,4,5,4,3,,,18,7,,,,9,8,,3,,25,,,
3934,,,,1,,,,,,13,14,,1,,,,,,,1,,,,,,11,,,,9,,,,,,,,,,18,,14,,,,5,3,,,,,,,,,,38,,,26,,,,,,,,,,,16,,,,14,,11,1,,,4,,,10,4,16,,15,,,1,,3,,,,16,,,
3935,1,1,1,1,1,1,1,1,1,1,1,1,1,1,1,1,1,1,1,1,1,1,1,1,1,1,1,1,1,1,1,1,1,1,1,1,1,1,1,1,1,1,1,1,1,1,1,1,1,1,1,1,1,1,1,1,1,1,1,1,1,1,1,1,1,1,1,1,1,1,1,1,1,1,1,1,1,1,1,1,1,1,1,1,1,1,1,1,1,1,1,1,1,1,1,1,1,1,1,1
3936,,,2,3,,,9,,3,,,3,4,,,,6,,,1,10,,,,1,25,,,,7,,12,1,,6,,,,8,37,,,,2,,,5,,11,9,,,,,4,,6,,,38,,1,19,,,,,,,,10,,1,7,1,,1,,,,,8,,10,,4,1,2,,,,2,,,,,23,,,
3937,15,,4,,,,30,,,,3,,,8,1,,21,,15,13,5,,2,6,2,9,,,8,14,6,27,20,,,,11,10,,11,,10,,,9,12,10,,,1,,,,,,20,,4,,,,7,15,47,16,,,,,,,,,12,,,,,,,21,,,8,9,15,10,3,3,,,,,,,,14,1,,
3938,,,,,,,,,,12,13,,,,,,,,,,,,,,,7,,,,8,,,,,,,,,,26,,16,,,,,16,,,,,,,,,,38,,,28,,,,,,,,,,,15,,,,7,,11,,,3,13,14,,11,,20,,18,,,,,,,,,15,,,
3939,,,5,,6,,4,1,5,,1,,1,2,,15,,4,10,2,,7,1,1,,,1,3,1,27,5,4,11,3,6,10,,9,6,,,10,1,,5,1,2,,8,,5,1,1,,5,1,,1,4,3,2,,1,3,19,,6,4,1,,2,2,3,2,,,1,,,1,,9,,,,1,,3,1,1,,1,34,,7,1,1,9,,
3940,,3,1,,,,,,,11,28,,,,,,,,,,,,,,,12,,,,10,,,,,,,,,,21,,11,,,,,12,,,,,,,,,,38,,,29,,,,,,,,,,,12,,,,15,,3,,1,,11,,,9,,19,,13,,,,,,,,,3,,,10
3941,,1,2,,,,6,,,,5,,,3,,,10,,6,1,12,,6,,,1,,6,9,1,,28,6,3,1,,,,,14,,8,,,11,2,3,3,,13,,,,,,1,3,8,,24,,13,12,46,,,,,,2,12,5,,15,1,,,,,,20,1,,2,,5,1,20,1,,,,,,4,1,16,,,
3942,1,1,1,1,1,,31,,1,,1,8,,9,3,6,1,,17,1,4,,1,1,1,1,1,1,1,1,,1,22,1,,1,20,1,1,1,1,9,1,1,8,1,1,1,,1,1,,1,1,1,1,1,1,,,1,1,1,1,1,,,,1,,,1,,13,,1,1,1,1,,1,1,1,1,1,1,1,15,6,1,1,1,4,1,,1,10,1,1,1
3943,,,,,,,,,,14,12,,,,,,,,,,,,,,15,12,,,,3,,,,,,,,,,25,,16,,,,,18,,,,,,,,1,,36,,,27,,13,,,,24,,,,,14,,,3,15,,1,,,,11,,,1,,16,,15,,,,,,,,,6,,,
3944,,,,,,,,,,1,12,,,,,,,,,,,,,,1,10,,,,7,,,26,,,,,1,,26,,3,,,3,,15,,,,,,,,,2,36,,,24,2,,,,,,,,,,15,,,,15,,15,1,,,14,,2,10,,18,,14,,,,,,,,,11,,,
3945,10,,8,,,,29,,,,2,,,8,,,1,,15,11,3,,2,,7,12,,,6,21,,25,20,,,,9,,,12,,9,,,8,15,4,,4,11,,,,,,17,,3,,,,3,15,44,24,,,,,,,,,16,,,,,,,18,,,6,,11,12,11,4,,,,,,,,8,,,
3946,13,,1,3,1,,1,2,,,17,,1,6,1,5,23,4,6,1,5,1,2,4,4,16,,1,1,18,8,2,3,,,,,,1,2,,10,,1,9,1,14,,,10,3,,,,2,2,,7,1,2,1,1,10,46,14,2,,,1,,,,1,1,,,,,,1,24,2,,1,12,1,8,1,1,,1,,,,1,1,1,4,,
3947,9,,5,,,,25,,,,27,,,20,,,14,,7,1,1,,1,1,17,17,,,9,23,,31,10,,,,11,,,10,,8,,,8,10,1,1,,15,,,,,,11,,5,,,,6,13,42,11,,,,,,,,,12,,,5,,,,4,,1,21,3,14,3,9,,,,,,,,,7,,,
3948,,,,,,,,,,14,10,,,,3,,,,,,,,,,,11,,,,1,,,,,,,,,,21,,2,,,,,18,,,,,,,,,,37,,,24,,,,,,,,16,,,13,,,,12,,9,,,,10,,,2,,21,,10,,4,,,,,,,7,,,
3949,11,,2,,8,,6,1,1,,3,,,4,,9,,3,6,5,,10,2,3,,,3,7,,26,2,2,10,6,4,9,,2,6,,,9,3,,8,17,1,,3,,1,,2,,,,,,3,9,2,,,40,16,,6,,3,,2,4,2,2,,,3,,,3,3,6,,,,19,,11,2,5,,,33,,4,,3,8,,2
3950,,,,,,6,11,,,8,12,,,,,,,,5,3,15,,,,,13,,,7,10,,,,,,,,2,,17,1,10,,,1,,15,,,15,,,,,,3,31,,,21,,,14,,,4,,,,,9,,5,1,3,,15,4,,,12,,,7,2,17,,7,,,,2,,,,2,11,,,21
3951,5,,9,,,,9,,,,29,,,19,,,12,,17,7,7,,6,,18,18,3,,11,25,,32,17,,,,14,,,7,,8,,,13,12,15,,,21,,,,,,9,,5,,,,13,16,40,13,,,,,,,,,9,,,,,,,18,,,20,9,3,11,7,,,,,,,,,11,,,
3952,2,,4,,2,,5,1,4,2,25,5,1,,,,1,,1,,2,2,,4,12,,1,1,3,5,3,,21,3,,4,,,,49,3,1,,,3,14,4,1,1,17,1,1,1,,,4,,2,,4,3,,4,2,1,,,1,,,13,,,3,,,4,5,,,1,2,,,4,11,18,3,,6,,,7,,,4,10,1,,
3953,,,,3,,8,8,3,,1,9,9,1,,,,1,4,5,,,,11,,2,2,3,,1,9,,35,1,4,,1,2,10,13,9,3,3,2,,1,14,14,,,,,,,,,3,19,,,23,,4,1,4,,1,4,,,,5,,3,1,5,2,18,1,,,6,2,,4,,19,2,3,,15,1,1,,,4,2,1,,,2
3954,18,,,4,3,3,2,20,1,1,9,2,,,,5,,,19,,2,1,1,,1,12,1,,4,4,,2,23,,,,1,2,2,9,,2,2,46,,17,2,2,2,1,2,,,4,2,23,,3,3,3,,,12,28,1,,2,2,13,,2,2,2,2,2,,3,,,,6,2,,17,2,1,2,1,2,,,,,1,1,1,4,2,3,2
3955,7,1,1,1,,,25,1,1,1,16,1,,15,,4,19,4,6,12,1,,1,1,13,1,,,4,1,,29,3,,,,13,,,43,,5,,1,1,12,1,1,1,23,,,,,,1,,1,1,,,2,10,1,18,,,,,,,,,1,6,,,,,3,18,1,1,1,1,10,6,11,,1,1,,,,,,13,1,,
3956,12,,7,,,,33,,,,11,,,6,,,14,,12,13,7,,7,1,3,10,,,10,9,5,19,4,,,13,15,,,9,,3,,,2,12,13,,,17,3,,,,,20,,5,3,,,9,17,32,23,,,,,,2,,,14,,,,,,,2,,,7,12,16,10,13,,,,1,,,,,5,,,
3957,,,4,,1,,,,,9,18,,4,5,1,,8,,,3,,,4,,6,6,,,,4,,2,,,,,,,,13,,16,,,14,6,,,,19,,,13,,,5,,,,,4,,,2,1,,,,,,,,,,6,,3,2,,,,,8,5,,3,7,15,,,,7,4,,,,5,,,5
3958,10,,10,,,,7,,,,2,,,19,,,19,,7,12,9,,7,,5,19,5,1,12,3,,30,5,,,,13,,,1,,11,,,12,11,16,,,22,,,,,,10,,9,9,1,,11,18,47,3,,,,2,,,,,9,,,,1,,,18,,,1,3,4,6,11,,,2,,1,,,,12,,,
3959,,1,1,1,1,1,1,,1,1,1,1,,1,,1,1,,1,,2,1,1,,,1,1,,1,1,,2,1,1,1,1,1,,1,1,1,1,1,,,3,3,1,,2,1,,1,1,1,1,37,1,,25,1,,1,1,1,,1,,1,,16,1,1,1,1,1,1,1,,1,2,,1,16,1,1,,21,,1,1,1,1,,5,1,1,,1,1
3960,,,,3,,,,,7,,,7,,4,,8,3,,,2,6,,7,,,,,,11,10,2,18,8,,12,5,16,,,42,,,,,7,,14,,2,,,5,14,,,,,,,2,,,7,,,,,,,,3,,,9,,,,,1,8,6,5,4,1,,,16,17,1,,,9,8,,3,,20,,,
3961,,4,1,,1,,1,,35,3,3,12,1,15,,2,,2,15,4,1,,,34,,8,4,,3,1,,3,8,1,3,4,2,19,,8,3,17,,45,10,1,21,27,,23,3,5,,14,,16,3,8,,28,15,3,10,38,36,4,3,9,2,,3,1,1,,18,,18,2,,1,,17,,5,2,2,2,8,21,,29,,1,2,34,,4,2,18,1
3962,,5,,,,,4,,,2,10,,,,,,,,4,,,,,15,,6,,,,9,,,,,,1,,,,17,,11,,,1,,17,,,,,,,,,,33,,,23,,,,,,,,,,,13,,,,13,,14,,,,13,,,10,,21,,15,,,,,,,,,1,,,
3963,,,7,,1,,7,2,4,,,2,,7,,15,,4,9,4,2,6,5,1,,,6,2,2,28,6,5,10,3,7,10,,8,7,,1,9,1,,1,4,5,,8,,5,,2,,3,2,,1,3,1,1,,8,2,19,,5,3,3,,1,1,3,1,3,,3,,,2,,8,,,,2,,4,1,1,,,34,2,8,,2,6,4,
3964,,,,1,,,,,6,,12,6,,7,,7,5,,,3,2,,6,,4,,,,8,8,4,16,,,,12,18,,,40,,,,,2,2,13,,7,,,3,10,,,,,,,4,,,5,,,,,,,,4,,,1,,,1,,9,1,9,5,4,7,15,17,14,16,,,,5,6,4,1,,21,,,
3965,,,9,,4,,2,,,7,15,,5,1,,,1,,1,2,1,,8,,3,1,,,1,1,1,6,,,,,,,,43,1,19,,,1,1,,9,1,16,,,13,1,,1,,1,,1,1,1,4,5,9,1,1,,1,,,,,,1,,3,4,,,,1,6,5,,1,6,7,,1,,1,1,,,,25,,,3
3966,,,,,,,,,,9,13,,,,,,,,,,,,,,,8,,,,11,,,,,,,,,,25,,12,,,,,18,4,,,2,,,,,,35,,,27,,,,,43,,,,,,13,,,,3,,10,,,,4,,,10,,20,,17,,,,,,,,,11,,,
3967,3,,,2,,,26,,,,,5,,1,,7,1,,,1,3,,2,,,,,,2,1,5,18,8,,8,4,13,,,43,,,,,8,,11,,8,,,3,11,,,,,,,1,,,7,,,,,2,,,3,,,6,,,,,10,11,1,2,2,7,,,14,15,,1,,9,2,,5,,20,,,
3968,,,,,,,,,,14,8,,,,,,,,,,,,,,,11,,,,10,,,,,,,,,,23,,6,,,,,20,,,,,,,,,,39,,,26,,,,,,,,,,,11,,,,6,,13,,,,1,,,11,,22,1,16,,,,,,,,,9,,,
3969,16,,8,,,,22,,,,26,,,21,,,17,,12,8,12,,6,,19,1,,,8,27,,32,18,1,11,,15,,,4,,9,,,14,8,13,,,21,,,,,,10,,8,1,,,13,18,33,16,,,,,,,,,7,,,,,,,23,7,,21,8,2,10,9,,,,,,,,,13,,,
3970,10,,1,,1,1,,,1,5,2,,,,2,,1,,,,1,,,1,,7,,,,1,,14,,1,,1,,1,,4,,5,5,,,1,13,,1,,1,1,,1,1,,33,,,17,3,,19,,,6,,,,,13,,4,,5,,13,,1,,12,1,,1,,21,,14,,1,1,,2,,,,16,5,,
3971,,,,,,,2,,,5,10,,,,,,,,,,,,,,,10,2,,,9,,,,,,,,,,24,,4,,,11,,18,,,,,,,,,,34,,,21,,,,,,,,,,,6,,,,12,,12,,,6,9,,,11,,19,,18,,,1,,,,,,11,,,
3972,12,,6,,,,32,,,,7,,,7,,,20,,15,13,7,,7,,6,9,,,3,17,2,22,20,,,,5,,,8,,2,,,7,13,9,,,13,,,,,,18,,4,3,,,4,16,45,22,,,,,,,,,13,,,,,,,19,,,8,14,12,12,14,1,,,3,,,,,2,,,
3973,1,,4,,,1,25,,,,24,1,1,20,,,15,,17,13,10,2,1,,19,15,,,1,25,,31,19,,,,17,,,11,,5,,,9,6,12,2,,15,1,,,1,,11,,4,,,,8,14,46,16,,,1,,,,,,10,,,,,,,21,,,20,7,5,4,1,,,,,,,,,6,,,
3974,1,1,1,1,1,1,1,1,1,1,1,1,1,1,1,1,1,1,1,1,1,1,1,1,1,1,1,1,1,1,1,1,1,1,1,1,1,1,1,1,1,1,1,1,1,1,1,1,1,1,1,1,1,1,1,1,1,1,1,1,1,1,1,1,1,1,1,1,1,1,1,1,1,1,1,1,1,1,1,1,1,1,1,1,1,1,1,1,1,1,1,1,1,1,1,1,1,1,1,1
3975,,,1,,5,,5,,,9,15,,1,8,,,8,,,,,,4,,7,6,,,,3,,2,,,,1,,,,44,,17,,,1,2,4,,,19,,,8,,,6,,8,,,3,,3,5,8,,,,,,,,,,1,,4,3,,,,,6,5,,3,6,14,,,,2,6,,,,23,,,2
3976,8,,7,,,,24,,,,20,,,20,,,15,,16,5,8,,2,4,19,17,,,4,25,,32,16,,,,17,,2,1,,8,,,7,5,14,,,23,,,,,,8,,5,,,,14,16,42,16,,,,,,,,,7,,,,,,,20,,,19,10,13,11,7,,,,,,1,,,14,,,
3977,,,,1,,,17,,,,,5,,,,,4,,4,2,11,,,,7,26,,,,4,,9,8,,4,,1,1,6,1,,,1,,,,6,,,9,,,,,,,7,,,1,,,14,,,1,,,,,10,2,,1,,,,,,1,,10,,4,,4,15,14,,1,,,,,,1,20,2,2,
3978,,,,,,1,4,,,15,2,,1,13,,,,,1,13,,,,,16,10,,1,,10,,22,,,1,,13,,,1,,3,,,1,1,17,,1,1,,,,2,,,35,10,,24,,,,,19,,,1,,,10,,,6,10,,14,,,1,14,1,,10,1,10,1,12,,,1,,,1,,1,18,1,,1
3979,,,,,,1,,1,,7,15,,,,,,,,,3,,,,,16,13,3,,7,10,,,3,5,,2,,4,11,16,,8,,,3,3,13,,,16,,,,,,3,21,,,21,,14,1,,,3,4,,,,10,,6,5,3,,16,5,,,13,,8,7,,18,,6,,12,,,1,,,3,10,,,20
3980,,,,,,,,,,,,,,,,,,,,,,,19,,,,,,,,,,,,,,,,,,,,,,,,,,,,,,,,,,,,,,,,,,,,,,,,,,,,,,,,,,,,,,,,,,,,,,,,,30,,,,
3981,,,,,,,,,,,,,,,,,,,,,,,24,,,,,,,,,,,,,,,,,,,,,,,,,,,,,,,,,,,,,,,,,,,,,,,,,,,,,,,,,,,,,,,,,,,,,,,,,34,,,,
3982,,,,,,,,,,,,,,,,,,,,,,,25,,,,,,,,,,,,,,,,,,,,,,,,,,,,,,,,,,,,,,,,,,,,,,,,,,,,,,,,,,,,,,,,,,,,,,,,,34,,,,
3983,,,,,,,,,,,,,,,,,,,,,,,20,,,,,,,,,,,,,,,,,,,,,,,,,,,,,,,,,,,,,,,,,,,,,,,,,,,,,,,,,,,,,,,,,,,,,,,,,31,,,,
3984,,,,,,,,,,,,,,,,,,,,,,,20,,,,,,,,,,,,,,,,,,,,,,,,,,,,,,,,,,,,,,,,,,,,,,,,,,,,,,,,,,,,,,,,,,,,,,,,,31,,,,
3985,,,,,,,,,,,,,,,,,,,,,,,22,,,,,,,,,,,,,,,,,,,,,,,,,,,,,,,,,,,,,,,,,,,,,,,,,,,,,,,,,,,,,,,,,,,,,,,,,35,,,,
3986,,,,,,,,,,,,,,,,,,,,,,,23,,,,,,,,,,,,,,,,,,,,,,,,,,,,,,,,,,,,,,,,,,,,,,,,,,,,,,,,,,,,,,,,,,,,,,,,,33,,,,
3987,,,,,,,,,,,,,,,,,,,,,,,20,,,,,,,,,,,,,,,,,,,,,,,,,,,,,,,,,,,,,,,,,,,,,,,,,,,,,,,,,,,,,,,,,,,,,,,,,31,,,,
3988,,,,,,,,,,,,,,,,,,,,,,,25,,,,,,,,,,,,,,,,,,,,,,,,,,,,,,,,,,,,,,,,,,,,,,,,,,,,,,,,,,,,,,,,,,,,,,,,,37,,,,
3989,,,,,,,,,,23,,,,21,,,,,,,,,22,,,,,,,,,,,,,,,,,,,,,,,,,,,,,,,,,,,,,,,,,,,10,,,,,,,,,,,,,,,,,,,,,,,,,,27,,,,31,,,,
3990,,,,,,,,,,,,,,,,,,,,,,,21,,,,,,,,,,,,,,,,,,,,,,,,,,,,,,,,,,,,,,,,,,,,,,,,,,,,,,,,,,,,,,,,,,,,,,,,,,,,,
3991,,,,,,,,,,24,,,,,,,,,,,,,20,,,,,,,,,,,,,,,,,,,,,,,,,,,,,,,,,,,,,,,,,,,11,,,,,,,,,,,,,,,,,,,,,,,,,,,,,,31,,,,
3992,,,,,,,,,,,,,,,,,,,,,,,21,,,,,,,,,,,,,,,,,,,,,,,,,,,,,,,,,,,,,,,,,,,,,,,,,,,,,,,,,,,,,,,,,,,,,,,,,33,,,,
3993,,,,,,,,,,,,,,,,,,,,,,,25,,,,,,,,,,,,,,,,,,,,,,,,,,,,,,,,,,,,,,,,,,,,,,,,,,,,,,,,,,,,,,,,,,,,,,,,,34,,,,
3994,,,,,,,,,,,,,,,,,,,,,,,23,,,,,,,,,,,,,,,,,,,,,,,,,,,,,,,,,,,,,,,,,,,,,,,,,,,,,,,,,,,,,,,,,,,,,,,,,35,,,,
3995,,,,,,,,,,,,,,,,,,,,,,,21,,,,,,,,,,,,,,,,,,,,,,,,,,,,,,,,,,,,,,,,,,,,,,,,,,,,,,,,,,,,,,,,,,,,,,,,,36,,,,
3996,,,,,,,,,,,,,,,,,,,,,,,22,,,,,,,,,,,,,,,,,,,,,,,,,,,,,,,,,,,,,,,,,,,,,,,,,,,,,,,,,,,,,,,,,,,,,,,,,31,,,,
3997,,,,,,,,,,,,,,,,,,,,,,,23,,,,,,,,,,,,,,,,,,,,,,,,,,,,,,,,,,,,,,,,,,,,,,,,,,,,,,,,,,,,,,,,,,,,,,,,,33,,,,
3998,,,,,,,,,,,,,,,,,,,,,,,22,,,,,,,,,,,,,,,,,,,,,,,,,,,,,,,,,,,,,,,,,,,,,,,,,,,,,,,,,,,,,,,,,,,,,,,,,33,,,,
3999,,,,,,,,,,,,,,,,,,,,,,,21,,,,,,,,,,,,,,,,,,,,,,,,,,,,,,,,,,,,,,,,,,,,,,,,,,,,,,,,,,,,,,,,,,,,,,,,,32,,,,
4000,,,,,,,,,,,,,,,,,,,,,,,22,,,,,,,,,,,,,,,,,,,,,,,,,,,,,,,,,,,,,,,,,,,,,,,,,,,,,,,,,,,,,,,,,,,,,,,,,36,,,,
4001,,,,,,,,,,,,,,,,,,,,,,,20,,,,,,,,,,,,,,,,,,,,,,,,,,,,,,,,,,,,,,,,,,,,,,,,,,,,,,,,,,,,,,,,,,,,,,,,,31,,,,
4002,,,,,,,,,,,,,,,,,,,,,,,21,,,,,,,,,,,,,,,,,,,,,,,,,,,,,,,,,,,,,,,,,,,,,,,,,,,,,,,,,,,,,,,,,,,,,,,,,32,,,,
4003,,,,,,,,,,,,,,,,,,,,,,,25,,,,,,,,,,,,,,,,,,,,,,,,,,,,,,,,,,,,,,,,,,,,,,,,,,,,,,,,,,,,,,,,,,,,,,,,,33,,,,
4004,,,,,,,,,,,,,,,,,,,,,,,20,,,,,,,,,,,,,,,,,,,,,,,,,,,,,,,,,,,,,,,,,,,,,,,,,,,,,,,,,,,,,,,,,,,,,,,,,35,,,,
4005,,,,,,,,,,,,,,,,,,,,,,,20,,,,,,,,,,,,,,,,,,,,,,,,,,,,,,,,,,,,,,,,,,,,,,,,,,,,,,,,,,,,,,,,,,,,,,,,,31,,,,
4006,,,,,,,,,,,,,,,,,,,,,,,20,,,,,,,,,,,,,,,,,,,,,,,,,,,,,,,,,,,,,,,,,,,,,,,,,,,,,,,,,,,,,,,,,,,,,,,,,31,,,,
4007,,,,,,,,,,,,,,,,,,,,,,,20,,,,,,,,,,,,,,,,,,,,,,,,,,,,,,,,,,,,,,,,,,,,,,,,,,,,,,,,,,,,,,,,,,,,,,,,,,,,,
4008,,,,,,,,,,,,,,,,,,,,,,,20,,,,,,,,,,,,,,,,,,,,,,,,,,,,,,,,,,,,,,,,,,,,,,,,,,,,,,,,,,,,,,,,,,,,,,,,,31,,,,
4009,,,,,,,,,,,,,,,,,,,,,,,24,,,,,,,,,,,,,,,,,,,,,,,,,,,,,,,,,,,,,,,,,,,,,,,,,,,,,,,,,,,,,,,,,,,,,,,,,32,,,,
4010,,,,,,,,,,,,,,,,,,,,,,,20,,,,,,,,,,,,,,,,,,,,,,,,,,,,,,,,,,,,,,,,,,,,,,,,,,,,,,,,,,,,,,,,,,,,,,,,,31,,,,
4011,,,,,,,36,21,,22,,,,,,,,,,,,,21,,,,,,,,,,,,,,,,,,,,,,31,,,,,,,,,,,28,,,,,,,,,,9,,,,,,,,5,,,,,,,,,,,,,,,,,,26,,,,30,,,,
4012,,,,,,,,,,,,,,,,,,,,,,,21,,,,,,,,,,,,,,,,,,,,,,,,,,,,,,,,,,,,,,,,,,,,,,,,,,,,,,,,,,,,,,,,,,,,,,,,,31,,,,
4013,,,,,,,,,,,,,,,,,,,,,,,21,,,,,,,,,,,,,,,,,,,,,,,,,,,,,,,,,,,,,,,,,,,,,,,,,,,,,,,,,,,,,,,,,,,,,,,,,32,,,,
4014,,,,,,,,,,,,,,,,,,,,,,,23,,,,,,,,,,,,,,,,,,,,,,,,,,,,,,,,,,,,,,,,,,,,,,,,,,,,,,,,,,,,,,,,,,,,,,,,,37,,,,
4015,,,,,,,,,,,,,,,,,,,,,,,20,,,,,,,,,,,,,,,,,,,,,,,,,,,,,,,,,,,,,,,,,,,,,,,,,,,,,,,,,,,,,,,,,,,,,,,,,31,,,,
4016,,,,,,,,,,,,,,,,,,,,,,,22,,,,,,,,,,,,,,,,,,,,,,,,,,,,,,,,,,,,,,,,,,,,,,,,,,,,,,,,,,,,,,,,,,,,,,,,,,,,,
4017,,,,,,,,,,,,,,,,,,,,,,,20,,,,,,,,,,,,,,,,,,,,,,,,,,,,,,,,,,,,,,,,,,,,,,,,,,,,,,,,,,,,,,,,,,,,,,,,,32,,,,
4018,,,,,,,,,,,,,,,,,,,,,,,24,,,,,,,,,,,,,,,,,,,,,,,,,,,,,,,,,,,,,,,,,,,,,,,,,,,,,,,,,,,,,,,,,,,,,,,,,34,,,,
4019,,,,,,,,,,,,,,,,,,,,,,,24,,,,,,,,,,,,,,,,,,,,,,,,,,,,,,,,,,,,,,,,,,,,,,,,,,,,,,,,,,,,,,,,,,,,,,,,,31,,,,
4020,,,,,,,,,,,,,,,,,,,,,,,20,,,,,,,,,,,,,,,,,,,,,,,,,,,,,,,,,,,,,,,,,,,,,,,,,,,,,,,,,,,,,,,,,,,,,,,,,31,,,,
4021,,,,,,,,,,,,,,,,,,,,,,,23,,,,,,,,,,,,,,,,,,,,,,,,,,,,,,,,,,,,,,,,,,,,,,,,,,,,,,,,,,,,,,,,,,,,,,,,,38,,,,
4022,,,,,,,,,,,,,,,,,,,,,,,20,,,,,,,,,,,,,,,,,,,,,,,,,,,,,,,,,,,,,,,,,,,,,,,,,,,,,,,,,,,,,,,,,,,,,,,,,31,,,,
4023,,,,,,,,,,,,,,,,,,,,,,,22,,,,,,,,,,,,,,,,,,,,,,,,,,,,,,,,,,,,,,,,,,,,,,,,,,,,,,,,,,,,,,,,,,,,,,,,,33,,,,
4024,,,,,,,,,,,,,,,,,,,,,,,20,,,,,,,,,,,,,,,,,,,,,,,,,,,,,,,,,,,,,,,,,,,,,,,,,,,,,,,,,,,,,,,,,,,,,,,,,31,,,,
4025,,,,,,,,,,,,,,,,,,,,,,,21,,,,,,,,,,,,,,,,,,,,,,,,,,,,,,,,,,,,,,,,,,,,,,,,,,,,,,,,,,,,,,,,,,,,,,,,,,,,,
4026,,,,,,,,,,,,,,,,,,,,,,,22,,,,,,,,,,,,,,,,,,,,,,,,,,,,,,,,,,,,,,,,,,,,,,,,,,,,,,,,,,,,,,,,,,,,,,,,,35,,,,
4027,,,,,,,,,,,,,,,,,,,,,,,21,,,,,,,,,,,,,,,,,,,,,,,,,,,,,,,,,,,,,,,,,,,,,,,,,,,,,,,,,,,,,,,,,,,,,,,,,32,,,,
4028,,,,,,,,,,,,,,,,,,,,,,,20,,,,,,,,,,,,,,,,,,,,,,,,,,,,,,,,,,,,,,,,,,,,,,,,,,,,,,,,,,,,,,,,,,,,,,,,,31,,,,
4029,,,,,,,,,,,,,,,,,,,,,,,20,,,,,,,,,,,,,,,,,,,,,,,,,,,,,,,,,,,,,,,,,,,,,,,,,,,,,,,,,,,,,,,,,,,,,,,,,32,,,,
4030,,,,,,,,,,,,,,,,,,,,,,,24,,,,,,,,,,,,,,,,,,,,,,,,,,,,,,,,,,,,,,,,,,,,,,,,,,,,,,,,,,,,,,,,,,,,,,,,,33,,,,
4031,,,,,,,,,,,,,,,,,,,,,,,20,,,,,,,,,,,,,,,,,,,,,,,,,,,,,,,,,,,,,,,,,,,,,,,,,,,,,,,,,,,,,,,,,,,,,,,,,31,,,,
4032,,,,,,,,,,,,,,,,,,,,,,,22,,,,,,,,,,,,,,,,,,,,,,,,,,,,,,,,,,,,,,,,,,,,,,,,,,,,,,,,,,,,,,,,,,,,,,,,,33,,,,
4033,,,,,,,,,,,,,,,,,,,,,,,24,,,,,,,,,,,,,,,,,,,,,,,,,,,,,,,,,,,,,,,,,,,,,,,,,,,,,,,,,,,,,,,,,,,,,,,,,37,,,,
4034,,,,,,,,,,,,,,,,,,,,,,,20,,,,,,,,,,,,,,,,,,,,,,,,,,,,,,,,,,,,,,,,,,,,,,,,,,,,,,,,,,,,,,,,,,,,,,,,,34,,,,
4035,,,,,,,,,,,,,,,,,,,,,,,20,,,,,,,,,,,,,,,,,,,,,,,,,,,,,,,,,,,,,,,,,,,,,,,,,,,,,,,,,,,,,,,,,,,,,,,,,31,,,,
4036,,,,,,,,,,,,,,,,,,,,,,,20,,,,,,,,,,,,,,,,,,,,,,,,,,,,,,,,,,,,,,,,,,,,,,,,,,,,,,,,,,,,,,,,,,,,,,,,,33,,,,
4037,,,,,,,,,,,,,,,,,,,,,,,21,,,,,,,,,,,,,,,,,,,,,,,,,,,,,,,,,,,,,,,,,,,,,,,,,,,,,,,,,,,,,,,,,,,,,,,,,31,,,,
4038,,,,,,,,,,24,,,,,,,,,,,,,23,,,,,,,,,,,,,,,,,,,,,,,,,,,,,,,,,,,,,,,,,,,,,,,,,,,,,,,,,,,,,,,,,,,,,,,,,33,,,,
