nodeID,iter_1,iter_2,iter_3,iter_4,iter_5,iter_6,iter_7,iter_8,iter_9,iter_10,iter_11,iter_12,iter_13,iter_14,iter_15,iter_16,iter_17,iter_18,iter_19,iter_20,iter_21,iter_22,iter_23,iter_24,iter_25,iter_26,iter_27,iter_28,iter_29,iter_30,iter_31,iter_32,iter_33,iter_34,iter_35,iter_36,iter_37,iter_38,iter_39,iter_40,iter_41,iter_42,iter_43,iter_44,iter_45,iter_46,iter_47,iter_48,iter_49,iter_50,iter_51,iter_52,iter_53,iter_54,iter_55,iter_56,iter_57,iter_58,iter_59,iter_60,iter_61,iter_62,iter_63,iter_64,iter_65,iter_66,iter_67,iter_68,iter_69,iter_70,iter_71,iter_72,iter_73,iter_74,iter_75,iter_76,iter_77,iter_78,iter_79,iter_80,iter_81,iter_82,iter_83,iter_84,iter_85,iter_86,iter_87,iter_88,iter_89,iter_90,iter_91,iter_92,iter_93,iter_94,iter_95,iter_96,iter_97,iter_98,iter_99,iter_100
0,,,,,,,,,,,,,,,,,,,,,,,,,14,,21,,,,,,,17,,4,,,,,,,,,,,,,,,,,,,,,,,,,,,,,,,,,,,,,,0,,15,,,,,,8,,,,,,,,,,,,,,,,,,
1,,,,,11,,,5,1,,8,,,,6,,,,,,,0,,,0,,19,,,,,,,14,,16,,,,,,,,3,,,,,,,,,13,,,,,,,,,,,,,,,,,,,,8,8,,12,,,,,,10,,,,,,,,,,,,,,,,,,
2,,,,,,,,,,,,,,,,,,,,,,,,,,,,,,,,,,22,,14,,,,,,,,,,,,,,,,,,,,0,,,,,,,,,,2,,,,,,,,13,,5,,,,,,16,,,,,,,,,,,,,,,,,,
3,,,,,4,0,,3,,,,,,,,,,,,,,,,,13,,20,,,,,,,7,,7,,,,,,,,,,,,,,,,,7,,,,,,,,,0,,,,,,,,,,,,6,,10,,,,,,8,,,,,,,,2,,,,,,,,,,
4,,,,,,,3,,,,,,,,,,,,,,,,,3,,,,,,,,,,20,,6,,,,,,,,4,,,,,,,,,,,,,,,,,,,,0,,,,,0,,,,,,,,,,,,,,,,,,,,,,,,,,,,,,,
5,,,,,7,,,9,,,,,,,,,,,,,,,,,9,,,,,,,,,11,,10,,,9,,,,,,,,,,,,,,16,,,,,,,,,,,,,,,,,,,,,1,,13,,,,,,9,,,,,,,,,,,,,,,,,,
6,,,,,,,,,,,,2,,,,,,,,,,1,,,18,,22,,2,,,,,20,,9,,,,,,,,,,,,,,,,,,,,,,,,,,,,,,,,,,,,,,,,18,,,,5,,11,,,,,,,,,,,,,,,,,,
7,,,,,8,,,9,,,,,,,,,,0,,,,,,,7,,18,,,,,,,13,,10,,,17,,,,,,,,,,,,,,12,,,,,,,,,,,0,,,,,,,,,,8,,9,,,,0,,10,,,3,,,,,,,,,,,,,,,
8,,3,,0,,1,,,,0,,,,,,,,,,,,,,,15,,,,,,,,,18,,8,,,,,,,,,,,,,,,,,,,,,,,,,,,,,,,,,,,,,,1,,,,,,,,12,,,,,0,,,,,,,,,,,,,1
9,,3,,,5,,0,5,,,,,,,,,,,,,,,,,11,,19,,,,,,,8,,2,,,,,,,,,,,,,,,,,8,,,,,,,0,,,,,,,,,,,,,,7,,5,,,,,,10,,,,,,,,,,,0,,,,,,,
10,,0,,,6,,,7,,,,,,,2,,,,,,2,,,,11,,20,,,,,,,5,,7,,,15,,,,,,,,,,,,,,10,,,,,,,,,1,,,,,,,,,,,7,3,,8,,,,0,,5,,,,,,,,,,,,,,,,,,
11,,,,,0,,,,,,0,,,,,,,,,,,,,,15,,22,,,,,,,18,,5,0,,,,,,,,,,,,,,,,,,,,,,,,,,,,,,,,,,,,,1,,16,,,,,,9,,,,,,,,,,,,,,,,,,
12,,,,,,,,,,,,,,,,,,,,,,,,,15,,22,,,,,,,18,,5,0,,,0,,,,,,,,,,,,,,,,,,,,,,,,,,,,,,,,,,1,,16,,,,,,9,,,,,,,,,,,,,,,,,,
13,,,,,4,,,10,,2,,,,,,10,,,,,,,,,7,,3,,,,,,2,9,,4,,,,,,,,,,,,,,,,,14,,,,,,2,,,,,,,,,,,,,,,6,,9,,,,,,10,,,,,,,,,,,,,,,,,,
14,,,,,,,,,,,,,,,,,,,,,,,,,15,,,,,,,,0,23,,15,,,,,0,,,,,,,,,0,,,,,,2,,,,,,,,,,,,,,,,,,13,,3,,,,,,16,,,,,,,,,,,,,,,,,,
15,,,,,,,,,,0,,,,,,,,,,,,,,,15,,22,,,,,,,18,0,5,,,,,,,,,0,,,,,,,,,,,,,,,,,,,,,,,,,,,,,1,,16,,,,,,9,,,,,,,,,,,,,,,,,,
16,2,,,,6,,,10,,,,,,,,10,,,,,,,,0,11,,1,,,,,,,18,,3,,1,,,,,,,,,,,,,,,0,,,,,,,,,,0,0,,,,,1,,,,6,8,,8,,,,,,9,,,,,,,,,,0,,,,,,,,
17,,,,,,,,,,,,,,,,,,,,,,,,,,,,,,,,,,22,,13,,,,,,,,,,,,,,,,,,,,,0,,,,,,,,,,,,,,,,,13,,16,,,,,,15,,,,,,,,,,,,,,,,,1,
18,,,,,,,,,,,,,,,,,,,,,,0,,,15,,22,,,,,,,18,,5,,,,,,,,,,,,,,,,,,,,,,,,,,,,,,,,,,,,,,1,,16,,,,,,9,,,,,,,,,,,,,,,,,,0
19,,,,,,,,,,,,,,,,,,,,,,,,,,,23,,,,,,,21,,14,,,2,,,0,,,,,,,,,,,,,,,,,,,,,,,,,,,,,,,,13,,0,,,,,,12,,,,,,,,,,,,,,,,,0,
20,,,,,,,,,,,,,,,,,,,,,,,,,,,,,0,,,,,23,,13,,,,,,,,,,,,,0,0,,,,,,,,,,2,,,,,,,,,,,,,,14,,2,,,,,,15,,,,,,,,,,,,,,1,,,,
21,,,,,6,,,4,,,,,,,,,,,,,,,,,5,,18,,,,,,,5,,8,,,,,,,,,,,,,,,,,13,,,,,,,,,,6,,,,,,,,,,,4,,10,,,,,,1,,,,,,,,,,,,,,,,,,
22,,,,,4,,,12,,,,,,,,,,,1,,,,,,8,,20,,,,,,,12,,8,,,19,,,,,,,,,,,,,,9,,,,,,,,2,,,,,,,,,,,,,0,,9,,,,,,2,,,3,,,,1,,,,,,,,,0,,
23,,,,,,,,,,,,,,,,,,,,,,,,,16,,23,,,,,,,19,,5,,,,,,,,,,,,,,,,,,,,,,,,,,,,,,,0,,,,,,,,,13,,,,,,10,,,,,,,,1,,,,1,,,,,,
24,,,,,16,,,12,11,,,,,,,,,,,,,,,,9,,24,,,,,,,16,,5,,2,10,,,,,,,,,,,,,,25,,,,,,,,,,,,,,,,,,,,0,10,,11,,,,1,3,16,,,,,,,,,,2,,,,,,,,
25,,,,,1,,,1,,,,,,,,,,,,,,,,,12,0,14,,,,,,,3,,9,,,,,,,,,,,,,,,,,6,,,,,,,,,,9,,,,,,,,,,,5,,7,,,,,,10,,,,,,,,,,,,,,,,,,
26,,,,,8,,,5,,,,,,,,4,,,,,,,,,9,,18,,,,,,0,0,,6,,,3,,,,,,,,,,,,,,13,,,,,,,,,,,,0,,,,,,,,0,6,,9,,,,,,0,,,,,,,,,,,,,,,,,,
27,,,,,7,,,7,,,,,2,,,,,,,,,,,,11,1,20,,,,,,,15,,5,,,,,,,,,,,,,,,,,12,,,,,,,,,,,,,,,2,,,,,,7,,9,,,,,,9,,,,,,,,,,,,,,,,,,
28,,,,,,,,,,,,,,,,,,,,,,,,,,,,,,,,,,22,,11,,2,,,,,,,,,,,,1,,,2,,,,,,,,,,,,,0,0,,,,,,,14,,1,,,,,,15,,,,,,,,,,,,,,,,,,
29,,,,,10,,,10,,,,,,3,,1,,,,,,,,,12,,2,,,,,,,10,,4,,,,,,,,,,,,,,,,,10,,,,,,,,,,,,,,,,,,,,,9,,12,,,,,,7,,,,,,,,,,,,,,,,,,
30,,,,,6,,,8,,,2,,,,,,,,,,,,,,1,1,18,,,,,,,14,,5,,,,,,,,,,,,,,,,,10,,,,,,2,,,,2,,,,,,,,,1,,8,,6,,,,,,6,,,,,,,,,1,,,,,,,,,
31,,,,,6,,,5,,,,,,,,,,,,,,,,,12,,19,,,,,,,14,,10,,,,,,,,,,,,,,0,,,11,,,,,,,,,,,1,,,,,,,,,,3,,8,,,,,,9,,,,,,,,,,,,,,,,,,
32,,,,,,,,,,,,,,,,,,,,,,,,,,,,,,,,,,4,,6,,,,,,,,,,1,,,,,0,,,,0,,,,,,,,,,,0,,,,,,,,13,,0,,,,,,0,,,1,,,,,,,,,,,,,,,0
33,,,,,,,,,,0,,,,,,,,,,,,,,1,15,,22,,,,,,,19,,5,,,,,,,,,,,,,,,,,,,,,,,,,,,0,,,,,,,,,,,1,,16,,,,,,9,,,,,,,,,,,,,,,,,,
34,,,,,,,1,,,,,,,,,3,,,,,30,16,,,,,24,15,,,,,,,,,,,4,,,,,,,,,12,22,,,,,,,,,,,,,,3,,,,11,,,,,,,,,16,,,,,,,,,,,1,,,,,,,,,,,,,
35,0,,,0,12,4,0,,,,,,,,,,,,,,,,,0,,,22,,,,,,,18,,7,,0,,,,,,,,,,,,,,,,,,,,,,,,,,,1,,,,,,,,,1,,16,,,,,,9,,,,,,,,,,,,,,,,,,
36,,,,,10,,,3,,,,3,,,,,,,,,,,,,15,5,,,,,,,,12,,11,,,,,,,,,3,,,,,,,,,,,,,1,2,,,,8,,,,,,,,,5,,3,,18,,,,,,10,,,,,,,,,,,,,,,,,,
37,,,,,,,,,,,,,,,,,,,,,,,,,15,,22,,,,,,,18,,5,,,,,,,,,,,,,,,,,,,,,,,,,,,,,,,,,,,,,,1,,16,,,,,,9,,,,,,,,,,,,,,,,,,
38,,,,,4,,,10,,,,,,,,,,,,,,,,2,6,,16,,,,,,0,12,,3,,,18,,,,,,,,,,,,,0,2,,,,,,,,,,,,,,,,,,,,,6,,16,,,,,,8,,2,6,,,,,,,,,,,,,,,
39,,,,,6,,,0,,,,,,,,,0,,,,,,,,10,,19,,,,,,,9,,9,,,8,,,,,,,,,,,,,,12,,,,1,,,,,,,,,,,,,,,,,8,,4,,,,,,8,,,,,,,,,,,,,,,,,,
40,,,,,5,,,5,,,,,,2,2,,,,,,,,,,1,,20,,,,,,0,11,,5,,,3,,,0,,,,,0,,,,,,10,,,,,,2,,,,,,,,,,,,,,,7,,11,,,,,,7,,,,,,,,0,,,,,,,,,,
41,,,,,,,,3,,,,,,,,,,,,,,,,,15,,,,,,,,,18,,8,,,,,,,,,,,,,,1,,,,,,,,,,,,,,,0,,,,,,0,,,11,,5,,,,,,11,,,,,,,,,,,,,,,,,,
42,,,,,,,,,,1,,,,,,,,,,,,,,0,15,,22,,,,,,,18,,6,,,,,,,,,,,,,,,,,,,,,,,,,,,,,,,,,,,,,,2,,17,,,,,,9,,,,,,,,,,,,,,,,,,
43,,,,,,,,,,,,,,,,,,,,,,,,,15,,22,,,,,,,18,,5,,,,,,,,,,,,,,,,,,,,,,,,,,,,,,,,,,,,,,1,,16,,0,,,,9,,,,,,0,,,,,,,,,,,,
44,,,,,,,,,,,,,,,,,,,,,,,,,,,,,1,,,,0,19,,9,,,,,,,,,,,,,,2,,,,,,,,,,3,,,,,,,,,,,1,,,3,,4,,,,,,14,,,,,,,,,,,,,,,,,,
45,,,,,5,,,9,,,,,,,6,,,,,,,,,,10,,19,,,,,,,11,,8,,,,,,,,,0,,,,,,,,6,,,,,,,,,,,,,,,,,,,,,7,,2,,,,,,5,,,,4,,,,,,,,,,,,,,
46,,,,,9,5,,0,,,,,,,,,,,,,,,,,,,25,,,1,,,,5,,5,,,1,,,,,,,,,,,,,,,,,,,,,,,,,,,,,,,,,,,1,,,,,,,,12,,,,,0,,,,,,,,,,,,,
47,,,,,,,,,,,0,,,,,,,,,,,,,,12,3,21,,,,,,,16,,5,,,,,,,,,,,,,,,,,12,,,,,1,1,,,,,,,,,,,,,,,1,,0,,,,,,9,,,1,,,,,,,,,,,,,,,1
48,,,,,10,,,11,,,1,,,,,,,,,,,,,,6,8,18,,,,,,,13,,11,,,12,,,,,2,,,,,,,,,13,,,,,,,,,,,,0,,,,,,,,6,9,,7,,,,,6,10,,,,,,,,,,,,,,,,,,
49,,,,,,,,,,,,,,,,,,,,,,,,,16,,23,,,,,,0,19,,6,,,,,,,1,,,,,,,,,,,,,,,,,,,,,,,,,,0,,0,,,2,,16,,,,,,,,,,,,,,,,,,,,,,2,1,
50,,,,,7,,,7,,,1,,1,,,,,,,,,,,,10,,15,,,,,,,10,,6,,,18,,,,,,,,,,0,,,,9,,,,,,,,,,,,,,,,,,,,,4,,9,,,,,,9,,,1,,,,,0,,,0,,,,,,,
51,,,,,8,,,,,,,,,,,,,,,,,,,,13,,15,,,,,,,15,,5,,,,1,,,,,,,,,,,,,,,,,,,,,,,,,,,,,,,,,,1,,12,,,,,,11,,,,,,,,,,,,,,,,,,0
52,,,,,,,,0,,,,,,,,,,,,,,,,,15,,22,,,,,,,23,,5,,,,,,,,,,,,,,,,,,,,,,,,,,,,,,,,,2,,,,,3,,16,,,,,,,,,,,,,,,,,,,1,,,0,,
53,,,,,,,,10,4,,,0,,,,,,,,,,,,,5,,6,,,,,,,17,,14,,0,6,,,,,,,,,,,1,,,15,,,,,,,0,,,11,,,,,,,,,,4,10,,12,,,,,2,10,,,,,,,,,,,,,,,,,,
54,,,,,11,,,6,,,2,1,1,,,,,,,,,,,,6,,19,,0,,,,,12,,0,,,13,,,,,,,,,,,,,,12,,,,,,,,,,,,,,,1,,,,,5,9,,8,,,,,,10,,,,,,,,,,,,,,,,,,
55,,,,,4,,,0,,,,,,,,,,,,,,,,,0,,19,,,,,,,5,,9,,,,,,,,,,,,,,,,,3,,,,,,,,,,,,,,,,,,,,,7,,5,,,,,,1,,,,,,,,,,,,,,,,,,
56,,,,,0,,,8,,,,,,,,,,,,,,,,,0,,5,,,,,,,8,,6,,,,,,9,,,,,,,,,,,12,,,,1,,,,,,11,,,,,,,,,,,5,,4,,,,,,9,,,,,,,0,,,,,,,,,,,
57,,,,,15,,,10,,,,,,,,,,,,,,,,,8,9,20,,,,,,,19,,6,,,,,,,,,,,,,,1,,,25,,,,,,,,,,,,,,,,,,,,7,5,,8,,,,3,5,13,,,,,,,,,,,,,,,,,,
58,,,,,,,,,,,,,0,,,,,,,,,,,28,,,24,,,,,,,,,,,,,,,,,,,,,,,,,,,29,11,,,,,,,,,,,3,,,,,,,,3,0,18,,,,,,,,,,,,,,,13,,,,,,,,,
59,,,,,6,,,10,0,,,,,,,10,,,,,,,,,1,,16,,,,,,3,10,,0,,,,,,,,,,,,,,,,,11,,,,,,,,,,,,,,,,,,,,,4,,9,,,,,,8,,,,,,,,,,,,,,,,,,
60,,,,,11,,,9,,,,,,,,,,,,,1,,,,11,,14,,,,,,,11,,6,,,4,,,,,,,,,,,,,,11,,,,,,,,,,,,,,,,,,,,,4,,10,,,,,,9,,,,,,,,,,,,,,,,,,
61,,1,,,,3,,,,,,,0,,,,,,,,,,,,,,24,,,,,,,20,,5,,,,,,,,,,,,0,,,,,,,,,,,,,,,,,,,1,,,0,,,,1,,,,,,,,9,,,,,,,,2,,,,,,,2,,,2
62,,,,,5,,,3,,,1,,,,,,,,,,,,,,12,,18,,,,,,,10,,7,,,19,,,,,,,,,,,,,,13,,,,,,,,,,,,,,,,,,,,,6,,2,,,,,,0,,,,,,,,,,,,,,,,,,
63,,0,,,1,,,9,,,,,,,,,,1,,,,,,,11,,14,,,,,,,9,,5,,,,,,,,,,,,,,,,1,8,,,,2,,4,,,,,,,,,,,,,,,4,,5,,,,,,10,,,,,,,,,,,,,,,,,,
64,3,,,,,,,,,,,,2,,,,,,,,,,,,8,,20,,,0,,,0,14,,,,,,,,,,,,,,,,0,,,,,,,,,,,0,,,,,,,,,,,1,2,7,,10,,,,,,11,,,,,,,,,,,,,,,,,,
65,,,,,7,,,10,,,,1,,,,,,,,,,,,,1,,15,,,,,,,8,,8,,,16,,,9,,,,,,,,,,,13,,,,,,,,,,,1,,,,,,,,,,7,,9,,,0,,,10,,,4,,,,,,0,,,,,,,,,
66,,,,,9,,,7,,,,,,,,6,,,,,,,,,11,,6,,,,,,,1,,7,,,4,,,,,,,,,,,,0,,9,,,,2,,,,,0,0,,,,,,,,,,,5,,9,,,,,,9,,,,,,,,,,,,,,,,,,
67,,,,,3,,,7,,,,,,,3,7,,,,,,,,,10,,20,,,,,,1,6,,3,,,,,,,,,,,,,,,,,5,,,,,,,,,,,,,,,,,,,,,7,,7,,,,,,8,,,,,,,,,,,,,,,,,,
68,,,,,8,4,,,,,,,,,,,,,,,0,,,,,,23,,,,,,,2,,5,,,,,,2,,1,,,,,,,,,,,,,,,,,,,,,,,,,,,,,,,,,,,,,,11,,,,2,,,,,,,,,,,,,,
69,,,,,2,,,4,,,2,,,,,,,3,,,,,,0,11,,19,,,,,,,9,,4,,,6,,,,,,,,,,,,,,11,0,,,,,,,,,,,,,,,,,,1,,9,,10,,,,,,9,,,,,,,,,,,,,,,,,,
70,,,,,,,,,,,,,,,,,,,,,,,,,15,,22,,,,,,,14,,5,,,,,,,,,0,,,,,,,,,,,,,,,,,,,,,0,2,0,,,,0,,11,,16,,,,,,9,,,,,,,0,1,,,,,,,,,,
71,,,,,,,,,,,,,,,,,,,,,,,,,15,,25,,,,,,,14,,7,,,,,,0,,,,0,,,,,,,,1,,,,,,,,,,,2,,0,,,,,,,9,0,16,,,1,,,9,,,,,,,,2,,,,,,,,,,
72,,,,,7,,,3,,,,,,,,,,,,,,,,,9,,8,,,,,,,10,,0,,,,,,,,,,,,,,,,,7,,,,,,2,,,,,,,,,,,,,,,7,,10,,,1,,,6,,,,,,,,,,,,,,,,,,
73,,,,,7,,,7,,,,,,,0,,,,,,,,,,2,,20,,,,,,,14,,16,,,,,,,,,,,,,,,,,,,,,,,,,,,,,,,,,,,,1,7,10,,11,,,,,5,11,,,,,,,,,,,,,,,,,,
74,,,,,,,,,,,,,,,,,,,,,,,,,15,,22,,,,,,,18,,5,,,,,0,,,,,,,,,,,,,,,,,,,,,0,,,,,,,,,,,,1,,16,,,,,,9,,,,,,,,,,,,,,,,,,
75,,,,,7,,,3,,,,,,,,8,1,,,,,,,,16,,21,,,,,,,9,,4,,,,,,,,,,,,,0,,,0,9,,,,,,,,,,,,,,,,,,,,,4,,10,,,,,,8,,,,,,,,,,,,,,,,,,
76,,,,,,,,2,,,,,,,,,,,,,,0,,,14,,15,,,,,,,13,,5,,,,,,,,,,,,,,,,,,,,,,,,,,,11,,,,,0,,,,,,5,,13,,,,,,9,,,,,,,,0,,,,,,,,,,
77,,,,,6,,,,,,,,,,,,,,0,,,,,,9,,19,1,,,,,,13,,6,,0,4,,,,,,,,,,,0,,,13,,,,,,,,,,,,,,,,,,,,,1,,0,,,,,,5,,,,,,,,,,,,,,,,,,
78,,,,,,,5,,,,,,,,,,,,,,,,,1,15,,,,,,,,,19,,5,,,,,,,,2,,,,,,,,,,,,,,,,,,,,,,,,,,,,,,,,1,,,,,,,,,,,,,,,,,,,,,,,,
79,,,,,9,,,2,,,,,,,6,1,,,,,2,,,,8,1,19,,,,,,,1,,4,,,,,,,,,,,,,,,,,,,,,,,,,,,,,,,,,,0,,,,0,,8,,,,,,1,,,,,,,,,,,,,,,,,,
80,1,,,,14,,,8,11,,,,,,,,,,,,,,,0,9,7,21,,,,,,,19,,16,,4,13,,,,,1,,,,,,,,,24,,,,,,,,,,,,,,,,,,,,6,0,,9,,,,,,12,,,,,,,,,,,,,,,,,,
81,,,0,,,,,,,,,,1,,,,,,,,,,,,15,,22,,,,,,,,,6,,,,,,,,0,,,,,,,,,,,,,,,,,,,,,0,1,,,,,,,,1,,16,,,,,,11,,,,,,,,,,,,,,,,,,
82,,,,,5,,,8,,,,,,,4,9,,,,,,,,,10,,12,,,,,,,7,,7,,,,,,,,,,,,,2,,,,12,,,,,,,,,,,,0,,,,,,,,,7,,8,,,,,,7,,,,,,,,,,,,,,,,,,
83,,,,,7,,,6,,,,,,,,,,,,,,0,,,13,,20,,,,,,,14,,5,,,,2,,,,,,,,,,,,,,,,,,,,,,,,,,,,,,,,,,3,,8,,,,,,9,,,,,,,,,,,,,,,,,,0
84,,,,,8,,,7,,,,,,,,,,,,,,,0,,11,,8,,,,,,,13,,3,,,6,0,,,,,2,,,,,,,,15,,,,,,,,,,,,1,,,,,,,,,4,,11,,,,,,6,,,,,,,,,,,,,,,,,,
85,,2,,,8,,2,0,,,,,,,,,,,,,,,,,15,,19,,,,,,,9,,6,,,,,,,,,,,,,1,,,,8,,,,,,,,,0,,,,,,,,,,,,5,,11,,,,,,9,,,,,,,,,,,,,0,,,,,
86,,,,,9,3,,,,,,,,,,,,,,,,,,,,,24,,,,,,,5,,,,,,,,2,,,,,,,,,,,,,,,,,,,,,,1,,,,,,,,,,,,,,,,0,,11,,,,,,,,0,,,,,,0,,,,
87,,,,,5,,,8,,,0,,,,,,,,,,,,,,9,,19,,,,,,,12,,9,,,18,,,,,,,,,,,,,,15,,,,,,,,1,,,,,,,,,,,,,2,,8,,,,,,10,0,,,,,,,,,,,,,,,,,
88,0,,,,12,,,8,,,,,,,,,,,,,,,,,0,,18,,,,,,,13,,15,,,,,,,,,,,,,,,,,13,,,,,,,,,,,,,,,,,,0,,,10,,12,,,,,,9,,,,,,,,,,,,,,,,,,
89,,,,,,,,,,,,4,,,,0,,,,,,3,,,19,,24,,0,,,0,,21,,8,,,,,,,,,,,,,,,,,,,,,,,,,,,,,,,,,,,,,,1,,18,,,,2,,9,,,,,,,,,,,,,,,,,,
90,,,,,,,,,,,,,,,,,,,,,,,,,17,,23,0,,,,,,18,,,,,,,,,,,,,,,,,,,,,,,,,,,,,,,,,,,,,,,,2,,16,,,,,,9,,,0,2,,,,,,,,0,,,1,,,
91,,1,,,,0,,,,,,,,,,,,,,,,,,,,,,,,,,,,19,,6,,,,,,,,,,,0,,,,,,,,,,,,,,,,,,,,,,,,,,,3,,,,,,,,10,,,,,,,,,,,,,,,0,,,0
92,,,,,,,,12,6,,,,,,,,,,,,,,,,7,,24,,,,,,,16,0,15,,1,3,,,,,,,,,,,,,,24,,,,,,0,,,3,,,,,,,,,,,5,12,,10,,,,,4,10,,,,,,,,,,,,,,,0,,,
93,,,,0,,,,,,,,,,,,,,,,,,,,,,,,,,,,,,3,,7,,,,,,,,,,,,,,,,,,,,,,,,,,,,,,,,,,,,,,12,,3,,,,,,1,,,,,,,,,,,,,,,,,,
94,,,,,,,,1,12,,,,,,,0,,,0,,,,,,10,,25,,,,,,,0,,15,,1,14,,,,,,,,,,,,,,18,,,,,,,,,,,,,,,,,,2,,4,11,,12,,,,,3,15,,,,,,,,,,2,,,,,,,,
95,,,,,,,,1,,1,,4,,,,,,,,,,4,,,19,,23,,1,,,,,21,,6,,,,,,,,,,,,,,,,,,,,,,,,,,,,,,,,,,,0,,,,,16,,,,0,,10,,,,,,,,,,,,,,,,,,
96,,,,,5,,,7,,,1,,,,,,,,,,,,,,15,,19,,,,,,,9,,8,,,20,,,,,,,,,,,,,2,14,,1,,,,,,,,,,,,,3,,,,,,10,,3,,,,,,9,,,,,,,,,,,,,,,,,,
97,,,,,,,,,,,,,,,,,,,,,,,,,17,,22,,,,,,,,,,,,,,,,,,,,,,,,,,,,,,,,,,,,,,,,2,,,,,,,1,,16,,,,0,,13,,,,,,,,1,,,,3,,,,,,
98,,,,,9,,,7,,,0,,,,,13,,,,,,,,,11,,19,,,,,,,10,,8,0,,,,,,,,0,,,,,,,,11,,,,,,,,,1,,,,,,,,,,,,8,,9,,,,,,12,,,,0,,,,,,,,,,,,,,
99,,,,,9,1,,,,,,,,,,,,,,,,,,,,,24,,,,,,,1,,6,,0,,,,5,,0,,,,,,,,,,,,,,,0,1,,,,,,,,,,,,,,,,,,,,,,11,,,,0,,,,,,,,,,,,,,
100,2,,,,,,,,,,,,1,,,,,,,,,,,,7,,19,,,2,,,,16,,9,,,,,,0,,,,,,,,,,,,,,1,,,,,,,,,,,,,,,,0,1,6,,17,,,,,,11,,,,0,,,,,,,,,,,,,,
101,,,,,,,,11,10,,,,,,,,,,,,,,,,11,,25,,,,,0,,18,,13,,3,5,,,,,,,,,,,,,,22,,,,,,,,,,,,,,,1,,,,,6,0,,13,,,0,0,3,12,,,,,,,,,,3,,,,,,,0,
102,,,,,0,3,,,,,,,,0,,,,,,,,,,,,,21,,,,,,,2,,7,,,,0,,6,,,,,,,,,,,,,,,,,1,0,,,,,,,,,,,,,0,,,,,,,,,1,,,,2,,,,,,,,,,,,,,
103,,,,,2,,,10,,,,,,,,,,,,,,,,0,8,,15,,,,,,,7,,9,,,16,,,,,,,,,,,,,,7,,,,,,,,,,12,,,,,,,,,,,0,,10,,,,,,10,,0,,,,,1,,,,,,,,,,,
104,,,,,7,,1,6,,,,,,,,,,,,,,,0,,8,,19,,,,,,,10,,7,,1,,,,,,,,,,,,0,,,10,,,,,,,,,,,,,,,,,,,,,5,,3,,,,,,0,,,,1,,,,,,,,,,,,,,
105,,,,,7,,,5,,,,,,,2,,,,,,,,,,10,,0,,,,,,,11,,8,,,7,,,3,,,,,,,,,,,11,,,,,,,,,,,,,,,,,,,,,9,,3,,,,,,10,,,,,,,,,,,,,,,,,,
106,1,,,0,11,,,11,,,,,,0,,,,,,,,,,,9,,3,,,,,,,12,,16,,1,,,,,,,1,,,,,,,,12,,,,,,,,,,0,,,,,,1,,,,,9,0,10,,,,,,9,,1,,,,,,,,,,,,,,,,
107,,27,,,,,,,,,,,,,,,,,,,10,18,,,,,,,,,,,,18,,,,0,,,,,,,,4,,,51,,,,,,1,,,,,,,,,,,,27,,,,,,,,,,,,,,,,,,,,,,,,,,,,,,,,,
108,,,,,16,,,0,,,,,,,,,,,,,,,,,6,6,,,,,,,,11,,9,,,,,,,,,2,,,,,,,,,,,,,0,0,,,,9,,,,,,,,,,,4,,19,,,,4,,14,,,,0,,,,,,,,,,,,,,
109,0,,,,5,,,7,,,,,,,,11,,,,,,,,0,8,,17,,,,,,,9,,8,,,,,,7,,,,,,,,,,,15,,,,,,,,,,,,,,,,,,,,,4,,0,,,,,,3,,,,,,,,0,,,,,,,,,,
110,,2,,,,1,,,,,,,,,,,,,,,,,,,,,,,,,,,,19,,9,,,,,,,,,,,,,,,,,,,,,,,,,,,,0,,,,,,,,,,2,,,,,,,,11,,,,,,,,,,,,,,,,0,,
111,,,,,,,,,,,,,,,,,,,,,,,,,,,,,,,,,,19,,6,,,0,,,,,,,,,,,3,,,,,,,,,,,,,,,,,,,,,,,,12,,2,,,,,,16,,,,,,,,,1,,,,,,,,,
112,,,,,,,,,,,,,,,,,,,,,,,,,15,,23,,,,,,,18,,5,,,3,,,,,,,,,,,,,,,,,,,,,,,,,0,,,,,,,,,,1,,1,,,,,,13,,,,,,,,,,,,,,,,,3,
113,,,,,6,,,0,,,0,,,,,,,0,,,,,,,2,,7,,,,,,,9,,5,,,2,,,,,,,,,,,,,,8,,,,,,0,,,,,,,,,,,,,,,7,,9,,,0,,,8,,,,,,,,,,,,,,,,,,
114,,,,,,,,,,,,,,,,,,,,,,,,,15,,22,,,0,,,,18,,5,,,,,,,,,,,,,,,,,,,,,,,,0,,,,,,,0,,,,,,,1,,16,,,,,,9,,,,,,,,,,,,,,,,,,
115,,,,,,,,2,,,,,,,,,,,,,,,,,,,,,,,,,,21,,15,,,,,,,,,,,,,,,,,,,,,,,,,,,,,,,,,,0,,,,13,,17,,,,,,16,,,,,,,,,,,,,,,,,,
116,,,,,,,,,,,,,,,,,,,,,,,,,,,,,,,,,,23,,11,,,,,,,,,,,,,,,,,,,,,,,,,,,,,,3,,,,,,,,12,,17,,,,,,17,,,,,,,,,,,,,,,,0,,
117,,,,,3,,0,9,,0,,,,,,,,,1,,,,,,10,,20,,,,,,,13,,5,,,19,,,,,,,,,,,,,,11,,,,,,,,,,,,,,,,,0,,,,5,,16,,,,,,7,,,,,,,,,,,,,,,,,,
118,,,,,,,,9,,,,,,,,,,,,,,,,,11,,16,,,,,,,5,,5,,,,,,8,,,,,,,,,,,13,,,,,,,,,,,,,,,,,,,,,6,,7,,,,,,8,,,,,,,,,,0,,,,,,,,
119,2,,,,8,,,8,,,,,0,,5,1,,,,,,,,,6,0,18,,,,,,,12,,7,,,,,,,,,,,,,,,,,11,,,,,,,,,,,,,,,,,,,,,8,,8,,,,,,8,,,,,,,,,,,,,,,,,,
120,,,,,,,,0,,,,,,,,,,,1,,,,,,,,4,,,,,,,12,,6,,,20,,,0,0,,,,,,,,,,13,,0,,,,,,,,,,3,,0,,,,,,,11,,5,,,,,,9,,,2,,,,,,,,,,,,,,,
121,,,,,6,,,5,,,2,,,,,,,2,,1,,,,,5,,19,,,,,,,8,,10,,,,,,,,,,,,,,,,,13,,,,,,,,,,,,,,,,,,,,,0,,9,,0,,,,10,,,,,,,,,,,,,,,,,,
122,,,,,6,,,6,,,,,,,,,,,,,,,,,11,,15,,,,,,,9,,9,,,,,,,0,,,,,,,,,,16,,,,,,,,,1,,,,,,,,0,,,,6,,10,,,0,,,0,,,,0,,,,,,,,,,,,,,
123,,,0,,4,,0,9,,,,,,,4,8,,,,,,,,,6,,19,,,,,,,8,0,9,,,,,,,,,,,,,,,,,10,,,,,,,,,,5,,,,,,,,,,,8,,9,,,,,,8,,,,,,,,,,,,,,,,,,
124,,,,,,,,,,,,,,,,,,,,,,,,,15,,21,,,0,,,,18,,5,,,,,,,,,,,,,,,,,,,,,,,,,,,,0,,,,,,,,,,,,11,,,,,,9,,,,,,,,,,,,,,,,,,
125,0,,,,3,,,7,,,,,1,,,,,,,,,,,,7,,22,,,,,28,,12,,8,,,20,,,,,,,,,0,,,,,11,,,,,,,,,,,,,,,,,,,,,10,,9,,,,,,0,,,,,,,,,,,,,,,,,,
126,,,,,11,,,12,,,7,,,,,,,2,,,,,,,3,,19,,,,,,,15,,10,,,,,,,,,,,,,,,,,12,,,,0,,,,,,,,0,,,,,,,,,11,,14,,,,0,4,9,,,,,,,,,,,,,,,,,,
127,,,,,7,,,1,,,,,,,0,,,,,,,,,,12,4,,,,,,,,19,,12,,,,,,,,,5,,,,,,,,,,,,,,,,,,11,,,,,,,,,,,5,,18,,,,,,12,,,,,,,,,,,,,,,,,,
128,,,,,11,,,7,,,,,,,,2,,,,,,,,,7,,19,,,,,,,9,,7,,,17,,,,,,,,,,,,,,9,,,,,,,,,,,,,,,,,,,,0,8,,6,,,,,,13,,,,,,,,,,,,,,,,,,
129,,,,,0,,,10,,,,,,,,,,,,,,,,,12,,20,,,,,,,2,,11,1,,,,,,,,,,,0,,,,1,11,,0,,,,,,,,,2,,,,,,,,,,0,,8,,,,1,,9,,,,,,,,,,,,,,,,,,
130,,,,,,,,6,,,,,,,,,,,,,,,,,12,9,22,,,,,,0,14,,8,,1,13,,,,,1,,,,,,,,,14,,,,,,,,,,,,,,,,,,,,5,10,,10,,,,,,10,,,2,,,,,,,,,,,,,,,
131,,,,,10,4,,,,,,,,,,,,,,,,,,,,,24,,,,,,,2,,7,,,,,,4,,,,,,,,,,,,,,,0,,1,,,,,,,,,,,,,,,,,,,,,,,11,,,,,,,,,,,,,,0,,,,
132,,1,,,7,,0,7,,,,,,,,,,,,,,,,,5,8,9,,,,,,,12,,5,,,12,,,,,1,,,,,,,,,14,,,,,,3,,,,,,,,,,,,,,,8,,11,,,,,5,9,,,,,,,,1,,,,,,,1,,,
133,,,,,5,,,4,,,2,,,,7,15,,,,,,,,,16,,19,,,,,,,16,,3,,,,,,11,,,,,,,,,,,3,,,,,,,,,4,,,,,,,,,,,,7,,7,1,,,,,1,,,,,,,,,,,,,,,,,,
134,,,,,7,,,6,,,,,,,,5,,,,,,,,,3,,18,,,,,,,7,,4,,,,,,,,,,,,,,0,,,5,,,,,,,,,,,,,,,,,,1,,,5,,10,,,,,,4,,,,,,,,,,,,,,,,,,
135,,,,,10,,1,2,,,,,,,2,,,,,,,,,,16,6,,,,,,,,12,,11,,,,,,,,,6,,,,,,,,9,,,,,,,,,,11,,,,,,,,,,,3,,19,,,,,,11,,,,,,,,,,,,,,,,,,
136,18,,,,,,,,,,,,,,,,,,,,,,,,,,,,,,,27,17,11,,,,,19,,,,,,,,,,,,,,10,,,,,,,,,,,,,,,,,,,,,,,4,,,,,,,,,,,,,,,,,,,,,,,,
137,,,,,,,,,,,,,,,,,,,,,,,,,16,,,,,,,,,1,,7,,,,,,,,,,0,,,,,,,,,,,,,,,,,,,,,,,,,,,,12,,1,,,,,,18,,,,,,,,,,,,,,,,,,
138,,,,,,,,,,,0,,,,,,,,,,,,,,,,22,,,,,,,18,,5,,,3,,,1,,,,,,,,,,,,,,,,,,,,,,,,,,,,,,,,14,,1,,,,,,13,,0,,,,,,,,,,,,,,,1,
139,,,,,15,,1,5,,,,1,,,,,,0,,,,,,,12,2,,,,,,,,3,,11,,,,,,,,,4,,,,,,,,15,,,,,,,,,,10,,,,,,,,,2,,5,,18,,,,,,9,,,,,,,,,,,,,,,,,,
140,0,,,0,,,,,,,,,,,,,,,,,,,,,,,,,,,,,,20,,12,,,0,,,,,,,,,,,,,,,,,,,,,0,,,,,,,,,,,,,,14,,0,0,,,,,18,,,,,,,,,,,,,,,,,,
141,,,,,1,,,6,,,,,,,,,,,,0,,,,,10,,15,,,,,,,10,,2,,,,,,,,,,,,,,,,,3,,,,,,,,,,,,,,,,,,,,,5,,6,,,,,,7,,,,,,,,,,,,,,,,,,
142,,,,,3,,,8,,,,,,,5,,,,,,,,,,4,,19,,,,,,,0,,6,,,14,,,8,,,,,,,,,,,13,,,,2,,,,,,,,,,,,,,,,8,4,,1,,,,,,4,,,,5,,,,,,,,,,,,,,
143,,,,,11,3,,,,,,,,,,,,,,,,,,,,,25,,,0,,,,1,,6,,,0,,,,,,,,,,,,,,,,,,,,,,,,,,0,,,,,,,,,,,,,,,,,11,,,,,,,,,,0,,,,,,,,
144,,,,,,,,,,,,,,,,,,,,,,,,,17,,,,,,,,,23,,10,,,,,,,,,,,,,,0,,,,,,,,,,,,,,,,,,,,,,,,14,,17,,,,,,14,,,,,,,,,,,,0,,,,1,,
145,,,,,,,,,,,,,,,,,,,0,,,,,,15,,22,,,,,,,19,,,,,,,,,,,,,,,,,,,,,,,,,,,,,,,,,,,,,,,,1,,16,,,,,,11,,,,0,,,,,,,,2,,,1,,,
146,,,,,9,,,9,,,,,0,,,,,,0,,,,,3,7,,14,,,,,,,12,,8,,,17,,,,,,0,,,,,,,,7,,,,,,,,,,13,,,,0,,,,,,,0,,7,,,,,,10,,,,,,,,,,,,,,,,,,
147,,,,,,,,,,0,,0,,,,,,,,,,3,,,18,,24,,,,,,,20,,10,,,,,,,,,,,,,,,,,,,,,,,,,,,,,,,,,,,,,,,,17,,,,3,,11,,,,,,,,,,,,,,,,,,
148,3,,,,8,,,6,,,,,1,,,,,,,,,,,,11,,4,,,,,,,9,,6,,,,,,,,,10,,,,,,,,10,,,,,,,,,,,,1,,,,,,,,,2,,8,,,,,,11,,,,,,,,,,,,,,,,,,
149,,,,,0,,,,,0,,,,,,,,,,,,,,,,,,,,,,,,23,,14,,,,,,,,,,,,,,0,,,,,,,,,,,,,,,,,,,,,,,,13,,4,,,,,,17,,,,,,,,,,,,,,0,,,,
150,3,,,,13,,,9,,,,,0,,,,,,,,,,,,8,,21,,,1,,,,14,,5,,,,,,,,,,,,,,,,,,,,,,,,,,,,,,,,,,,,2,2,2,,10,,,,,,10,,,,,,,,2,,,,,,,,,,
151,,,,,,,,,,,,,,,,,,,,,,,,,16,,,,,,,,,19,,9,0,3,,,,,,,,,,,,1,,,,,,,,,,,,,,,1,,1,,,,,,,3,,6,,,,,,16,,,,,,,,,,,,,0,,,,,
152,5,,,,,,4,,,,,,0,,,,,,,,,,,4,,,,,,,,,,18,,5,,,,,,,,3,,,,,,,,,,,,,,,,,,,,,0,,,,,,,,,6,,4,,,,,,10,,,6,,,,,0,,,,,,,,,,
153,,,,,,,,7,,,,,,,1,,,,,,,,,,15,,20,,,,,,4,18,,5,,,,,,3,,,,,,,,,,,,,,,,,5,,,,,,,,,,,,,,,5,,5,,,,,,9,,,,,,,,,,,,,,,,,,
154,,,,,,,,,,,,,,,,,,,,,,,,,15,,22,,,,,,,19,,10,,0,,,,,,,,,,,,,,,,,,,,,,,,,,,,,,,,,,,,2,,16,,,,,,11,,,,,,,,,,,,,,,,,,
155,,,,,,,,,,,,,,,,,,,,,,,,,17,,23,,,,,,,,,6,,,,,,,,,,,,,,,,,,,,,,,,,,,,,,,,,,,,,,,,14,,1,,,,9,,,,,,,0,,,,,,,,,,,
156,,0,,,6,,,7,,,,,,,,,,,,,,,,,12,,,,,,,,,10,,7,,,,,,,,,,,,,,,,,13,,,,,,,,,,,,,,,,,,,,,6,,12,,,,,,10,,,,0,,,,,,,,,,,,,,
157,,,,,,,,,,,,,,,,,,,,,,,,,16,,22,,,,,,,,,7,,,,,,,,,,,,,,,,,,,,,,,,,,,,1,,,,,,,,,,,,12,,0,,,,9,,,,,,,1,,,,,,,,,,,
158,,,,,4,,,8,,,,,,,,,,1,,,,,,,10,,19,,,,,,,10,,7,,,3,,,,,,,,,,,,,,9,,,,,,2,,,,,,,,,,,,,,,7,,10,,,,,,1,,,,,,,,,,,,,,,,,,
159,,,,,8,,,3,,,,,,,,,,,,,,,,,11,2,,,,,,,,11,,9,,,,,,10,,,0,,,,,,,,14,,,,,,,,,,1,,,,,,,,,,,5,,16,,,,,,13,,,,1,,,,,,,,,,,,,,
160,,,,,,,,12,,,,2,,,,,,2,,,,,,3,2,,22,,2,,,0,,18,,10,,,,,,,,,,,,,,,,,12,,,,,,,,,,,,,,,,,,,,,1,,16,,,,,4,11,,,,,,,,,,,,2,,,,,,
161,,,,,4,,,5,,,,,,,,,,,,,,0,,,8,,15,,,,,,,1,,7,,,20,,,,,,,,,,,,,,14,,,,,,,,,1,,,,,,,,,,,,5,,3,,,,,,1,,,,,0,,,0,,,,,,,,,,
162,,,,,,,,0,,,,,,,,,,0,,,,,,,,,,,,,,,,24,,14,,,,,,,,,,,,0,,,,,0,,,,,,,,,,,,,,,,,,,,,15,,3,,,,,,16,,,,,,,,,,,,,,,,,,
163,,,,,,,,10,,,,,2,,,,,,,,,,,,11,,22,17,,3,,,,15,,8,,,,,,,,,,,,,,,,,12,0,,,,,,,,,,,,,6,,,,,,,7,,16,,,,2,,9,,,,,,,,1,,,,,,,,,,
164,1,,,,,,,9,,,,,,,,,,0,,,,,,,1,,19,,,,,,,7,,8,,,17,,,,,,,,,,,,,,14,,,,,,,,,,,,,,1,,,,,,,11,,16,,,,,,10,,,,,,,,,,,,,,,,,,
165,,,,,1,,,5,,,,,,,6,,,1,,,,,,,10,,9,,,,,,,9,,1,,,1,,,,,,,,,,,,,,9,,,,,,2,,,,,,,,,,,,,,,7,,10,,,,,,7,,,,,,,,,,,,,,,,,,
166,,31,,,,,,,,,,,,,,,,,,,,,,,7,,22,,,,,,,,,5,,,6,,,,,,6,,,23,,,,,,,,,,,,,4,,1,,,,,,,,,,,8,,17,,,,,,,,,,,,,,,,,,,,,,,,
167,,,,,,,,,,,,,,,,,,,,,,,,,,,,,,,,,,2,,5,,,,0,,,,,,2,,,,,,,,,,,,,,,,,,,,,,,,,,,,1,,4,,,,,,2,,,,,,,,,,,,,,,,,,
168,,,,,2,,0,12,,,,,1,,,,,,,,,,,,11,,19,,,,,,,15,,6,,,,,,,,,,,,,,,,,10,,,,,,3,,,,,,2,,,,,,,,,1,0,9,,,,,,10,,,,,,,,,,,0,0,,,,,,
169,,,,,2,,,6,,,,,,,,,,,,,,,,,8,,8,,,,,,,6,,8,,,0,,,,,,,,,,,,,,14,,,,,,,,,,,,,,,,,,,,,9,,8,,,,,,8,,,,,,,,,,,,,,,,,,
170,,,,,5,,,1,,,,,,,,,,,,,,,,,8,,20,,0,,,,,7,,8,,,18,,,,,,,,,,,,,,10,,,,,,,,,,,,,,,,,,,,,3,,10,,,,,,7,,,,,,,,,,,,,,,,,,
171,,,,,9,,,,,,,,,,26,,,,,,17,21,,,,1,22,,,,,,,13,,,,,1,,,,0,,,,,,24,,,,,,,,,,,,,,,,,,29,,,,,,1,1,1,12,,,,,,,,6,,,,,,,,,,,,,,,,
172,,,,,7,,,7,,1,,,,,,0,,,,,,,,,8,,0,,,,,,,10,,2,,,,,,,,,,,,,,,,,0,,,,,,,,,,,,,,,,,,,,,7,,5,,,,,,9,,,,,,,,,,,,,,,,,,
173,,30,,,,,,11,,,,,,,,,,,,,,,,,12,,23,16,,,,,,,,,,,5,,,,2,,5,,,22,,,,,,,,,,,,,,,2,,,,5,,,,,,,,,16,,,,,,,,,,,,,,0,,,,,,,,,,
174,,,0,,,,,,,,,,,,,,,,,,,,,,15,0,22,,,,,,,19,,6,,,,,,,,,,,,,,,,,,,,,,,,,,,,1,,,,,,,,,,1,,16,,,,,,13,,,,,,,,,,,0,,,,,,2,
175,,,,,6,4,,,,,,,,,,,,,,,,,1,,,,20,,,,,,,4,,8,,,,,,,,,,,,,,,,,,,,,,,,,,,,,,,,,,,,,,,,,,,,,,9,,,,,,,,,,,,,,,,,,
176,4,,,,7,,,6,,,,,,,,,,,,,,0,,,12,,20,,,,,,,5,,8,,,,,,,,,,,,,,,,,9,,,,,,,,,,,,,,,,,,,,,9,,10,,,,,,8,,,,,,,,,,,,,1,,,,,
177,,,,,9,3,,,,,,,,,,,,,,,,,,,,,24,,,,,,,3,,8,,,,,,4,,,,,,,,,,,0,,,,,,,,,,,,,,,,,,,,,,,,,,,,,12,,,,,,,,,,,,,,,,,,
178,,,,,7,,,9,,,4,,,,,,,0,,,,,,,7,6,19,,,,,,,11,,6,,,,,,,,,,,,,,,,,9,,,,,,,,,,,,,,,,,,,,,7,,11,,,,,,7,,1,,,,,,,,,,,,,,,,
179,,,,,,,,,,,,,,,,,,,,,,,,,16,,22,,,,,,,18,,,,,,,,,,,,,,,,,,,,,,,,,,,,,,,,,,,,,,,,1,,17,,,,,,10,,,,1,,,,,,,,1,,,0,,,
180,,,,,,,,11,,,,,,,,,,,,,,,0,,10,,26,,,,,,,18,,12,,5,8,,,,,,,,,,,,,,17,,,,,,,,,,,0,,,,,,,,,7,11,,11,,,,,3,16,,,0,,,,,,,1,,,,,,,,
181,,,,,,,5,,,,,,,,,,,,,,,0,,4,,,,,,,,,,22,,6,,,,,,,,1,,,,,,,,,,,,,,,,,,,,,,,,,,,,,,1,,,,,,,,,,,,,,,,,,,,,,,,,,
182,,,,,,,,,,,,,,,,,,,,,,,,,18,,22,,,,,,,,,,,,,,,,,,,,,,,,,1,,,,,,,,,,,,,,,3,,,,,,,1,,17,,,,0,1,14,,,,,,,,,,,,4,,,,,,
183,,,,,,,,,,,,,,,0,16,,,,,,,,,15,,22,,,,,,,17,,5,,,,,,12,,,,,,,,,,,4,,,,,,,,,,,,,0,,,,,,,,8,,16,2,,,,,9,,,,,,,,,,,,,,,,,,
184,,,,,8,,,3,,,,4,,,1,,,,,,,,,,14,4,,,,,,,,12,,9,,,,,,,,,7,,,,,,,,8,,,,,0,,,,,0,,,,,0,,1,,4,,4,,17,,,,,,3,,,,,,,,,,,,,,,,,,
185,,,0,,3,,,1,,0,,,,0,,,1,,,,,,,,10,,16,,,,,,,11,,7,,,,,,,,,,,,,,,,,4,,,,,,,,0,,,,2,,,,,,,,,1,,4,,,,,,9,,,,,,,,,,,,,,,,1,,
186,,,,,2,,,0,,,,,,,,,,,,,,,,,2,,17,,,,,,,9,,7,,0,,,,,,,,,,,,,,,10,,,,,,,,,,,,,,,,,,,,,6,,10,,,,,,2,,,,,,,,,,,,,,,,,,
187,,,,,15,,,0,10,,,,,,,,,,,,,,,,8,,27,,,,,,,17,,16,,,0,,,,,,,,,,,,,,24,,,,,,,,,,,,,,,,,,,,4,2,,12,,,,,3,12,,,,,,,,,,,,,0,,,,,
188,,1,,,5,,,7,,,,,,,,0,0,,,,1,,,,11,,20,,,,,,,11,,5,,,,,,,,,,,,,,,,,7,,,,,,,,,,,,,,,,,,,,,6,,9,,,,,,7,,,,,0,,,,,,,,,,,,,
189,1,,,,,,,,,,,,3,,,,,,,,,,,,7,3,19,0,,0,,,1,14,,6,,,,,,,,,,,,,,,,,,,,0,,,,,,,,,,,,,,,,3,2,8,,9,,,,,,12,,,,,,,,,,,,,,,,,,
190,,,,,,,,8,,,,,,,,,,,,,,,,,15,,22,,,,,,,20,,6,,,,,,,,,,,,,,,,3,15,,,,,,,,,,,,,,,,,,,,,11,,4,,,,,,10,,,,,,,,,,,,,,,,,,
191,,,,,,,,7,5,,,,,,,,,,,,,,,,13,,22,,,,,,,15,,5,,,14,,,,,0,,,,,,,,,,,,0,,,,,,,0,,,,,,,,,,5,1,,13,,,,,3,9,,,3,,,,,,,,,,,,,,,
192,,,,,,,,1,,,,,,,,,,,,,,,,,,,22,,,,,,1,22,,6,,,,,,,0,,,,,,,,,,,,,,,,,,,,,,,,,,1,,,,,2,,17,,,0,,,,,,,,,,,,,,,,0,,,1,2,
193,,0,,,,2,,,,,,,0,,,,,,,,,,,,,,25,,,,,,,19,,7,,,,,,,,,,,,,,,,,,,,,,,,,,,,,,,,,,,,,,4,,,,,,,,13,,,,,,,,,,,,,,,1,,,1
194,,,,,,,,11,2,,,,,,,0,,,,,,,,,10,,23,,,,,,,19,,16,,1,10,,,,,,,,,,,1,,,19,,,,,,,,,,,,,,,,,,,,4,1,,11,,,,2,3,13,,,,,,,,,,0,,,,,,,,
195,,,,,,,2,,,,,,,,,,,,,,,,,2,,,,,,,,,,18,,6,,,,,,,,3,,,,,,,,,,,,,,,,,,,,,,,,,,,,,,,,,,,,,,,,,,,,,,,,,,,,,,,,
196,,,,,,,,12,1,,,,,,0,,,,,,,,,,4,,25,,,,,,,18,,14,,,2,,,,,,,,,,,,,,20,,,,,,,,,2,,0,,,,,,,,,6,10,,14,,,,,4,9,,,,,,,,,,,,,,,,,,
197,,,,,13,,,2,,,,,,,,,0,,,,,,,,15,5,,,,,,,,12,,10,,,,,,,,,1,,,,,,,,,,,,,,,,,,10,,,,,,,,,,,4,,16,,,,,,2,,,,,,,,,,,,,,,,,,
198,,26,,,0,,,,,,,,,,,,,,,,,2,,,6,,,10,,,,,,,,,,45,7,1,,,,,5,,,,23,,,,,,,,,,,,3,,0,,,,,,,2,,,,,,,,,,,,,,,,,,,,,,,,,,,,,,
199,,,,,9,,,7,,,0,,,,,0,,,,,0,,,,9,,1,,,,,,,0,,6,,,,,,,,,,,,,,,,,4,,,,,,,,,,,,,,,,,,0,,,5,,5,,,,,,5,,,,,,,,,,,,,0,,,,,
200,,,,,7,,,8,,,2,,,,1,,,,,,,,,,7,,18,,,,,,,4,,6,,,,,,,,,,,,,,,,,9,,,,,,,,,,4,,,,,,,,,,,10,,3,,,,,,6,,,,,,,,,,,,,,,,,,
201,,4,,1,,2,,,,0,,,,,,,,,,,,,,,,,,,,,,,,20,,9,,,,,,,,,,,1,,,,,,,,,,,,,,,,,,,,,,,,,,,1,,16,,,,,,9,,,,,,,,,,,,,,,,,,2
202,,31,,,,,,12,,,,,,,,,,,,,,,,,8,1,22,,,,,,,12,,6,,,0,,,,,,6,,,,,,,,,,,,,,,,,,3,,,,6,,,,0,,,7,,10,,,,,,,,1,,,,,,,1,,,,,,,,,
203,,,,,9,,,8,,,,,,,6,,,,,,,,,,7,,15,,,,,,,11,,7,,,,,,,,,,,,,,0,,,0,,,,,,,,,,,,,,,,,,,,,3,,11,,,,0,,2,,,0,,,,,,,,,,,,,,,
204,,,,,,,,11,8,,,,,,,,,,,,,,,,11,,21,,,,,,,18,,14,,,,,,,,,,,,,,,,,17,,,0,,,,,,,,,,,,,,,,,3,11,,12,,,,,1,10,,,,,,,,,,,,,,,,,,
205,,,,,,,,,,,,,,,,,,,,,,,,,,,22,,,,,,,18,,7,,,,,,,1,,,,,,,,,,,,,,,,,,,,,,,,,,,,,,,1,,18,,,0,,,9,,,,,,,,,,,,,1,,,2,,
206,,,,,,,,10,,,5,,,,,,,,,2,,,,3,6,,20,,,,,,,12,,11,,,,,,,,,,,,,,,,,12,,,,,,,,,,,,,,,,,,,,,5,,0,,,,,0,9,,,,,,,,,,,,,,,,,,
207,,,,,1,,,,,,,,,2,,,,,,,,,,,6,,22,,,,,,,11,,7,,,,,,,,,,,,,,,,,2,,,,2,,,,,,,,,,,,,,,,,4,,16,,,,,,9,,,,,,,,,0,,,,,,,,,
208,3,,,,6,,,9,,,,,,,6,,,,,,2,0,,,10,,19,,,,,,,0,,6,,,17,,,,,,,,,,,,,,13,,,,,,,,,,2,,,,,,,,,,,7,,8,,,,,,8,,,,,,,,,,,,,,,,0,,
209,,,,,,,,,,,,,,,,,,,0,,,,,,15,,22,,,,,,,18,,5,,,,,,,,,,,,,,,,,,,,,,,,,,,,,,,,,,,,,,1,,16,0,,,,,9,,,,,,,,,,,,,,,,,,
210,,,,,,,,,,,,,,,,,,,,,,,,,15,,22,,,,,,0,18,,5,,,0,,,,,,,,,,,,,,,,,,,,0,,,,,,,,,,,,,,,1,,0,,,,,,9,,,,,,,,,,,,,,,,,,
211,,,,,9,,,11,,,,,,,,,,,,,,,,,10,,19,,,,,,,6,,1,,,,,,,,,,,,,,,0,,8,,,,,,,,,,12,,,,,,,,,,,10,,7,,,,,,9,,,,,,,0,,,,,,,,,,,
212,,,,,4,,,6,,,,,,,,,,,,,,,,,7,,17,,,,,,,11,,4,,,0,,,,,,,,,,,,,,12,,,,,,,,,,,,,,0,,,,,,,6,,11,,,,,,9,,,,2,,,1,,,,,,,,,,,
213,,,,,2,,,6,,,,,,,,,,,,,,,,,6,,20,,,,,,,10,,8,,,,,,,,,,,,,,0,,,13,,,,,,,,,,,,,,,,,,,,,8,,0,,,,,,10,,,,,,,,,,,,,,,,,,
214,,,,,,,,,,,,,,,,,,,,,,,,,,,,,,,,0,,19,,14,,,1,,,,,,,,,,,,,,,,,,,,,1,,,,,2,,,,,,,,,11,,1,,,,,,17,,,,,,,,,,,,,,,,,,
215,,,,,,,,,,,,,,,,,,,,,,,,,15,,22,,,,0,,,18,,5,,,,,,,,,,,,,,,,0,,,,,,,,,,,,,,,,,,,,,,1,,16,,,,,,9,,,,,,,,,,,,,,,,,,
216,,,,,,,,,,,,,,,,,,,,,,,,,15,,23,,,,,,,18,,5,,,0,,,,,,,,,,,,,,,,,,,,,,,,,,2,,,,,,,,,1,,7,,,,,,9,,,,,,,,,,,,,0,,,,,
217,0,,,,7,,,,,,,,4,,,,,,,,,,1,,9,2,22,,,1,,,2,14,,8,,,,,,,,,,,,,,,,,,,,,,0,,,0,,,,,,,,,,,0,0,7,,11,,,,,,12,0,,,1,,,,,,,,,,,,,,
218,,,,,,,0,,,,,,,,,,,,,,,,,0,,,,,,,,,,22,,8,,,,,,,,0,,,,,,,,,,,,,,,,,,,,,,,,,,,,,,,,0,,,,,,,,,,,,,,,,,,,,,,,,
219,,,,,,,,,,,,1,,,,3,,,,,,2,,,16,,23,,,,,,,18,,9,,1,,,,,,,,,,,,,,,,,,,,,,,,,,,,,,,,,,,,1,,17,,,,3,,10,,,,,,,,,,,,,,,,,,
220,,,,,,,,3,,,,,,,,,,,,,,,,,,,,,,,,,,18,,5,,3,,,0,,,,,,,,,,,,,,,,,,,,0,,,,,,,,,,,,0,3,,16,,,,,,17,,,,,,,,,,,,,0,,,,,0
221,,,,,3,,,10,,,,,,,,,,,,,,,,,4,,7,,0,,,,,7,,7,,,,,,,,,,,,,,,,,7,,,,,,,,,,,,,,,,,0,,,,6,,9,,,,,,6,,,,5,,,,,,,,,,,,,,
222,,,,,6,,,12,,,1,,,,6,,,,,,,,,,11,,17,,,,,,,7,,2,,,,,,,,,,,,,,,,,9,,,,,,,,,,,,,,,,,,,,,11,,9,,,,,,9,,,,,,,,,,,,,,,,,,
223,,,,,10,,,8,,,,,,,2,1,,,,,,,,,12,,8,,,,,,,10,,7,,,,,,10,,,,,,,,,,,6,,,,,,,,,,,,,,,,,,,,,7,,9,,,,,,10,,,,,,,,,,,,,,,,,,
224,,,,,7,,,7,,,0,,1,,4,16,,,,,,,,,11,,18,,,,,,,15,,2,,,,,,,,,,,,,,,,,2,,,,,,,,,,,,0,,,,,,,,,9,,9,,,,,,9,,,,,,,,,,,,,,,,,,
225,,,,,7,3,,,,,,,,,,,,,,,,,,,,,22,,,,,,,0,,7,,,,,,,,,,,,,,,,,,,,,,,,,,,,0,,,,,,,,,,,,,,,,,,10,,,,,,,,,,,,,,,,,,
226,,,,,,,,,,,,,,,,,,,,,,,,,,,,,,,,,,22,,13,,0,,,,,,,,,,,,,,,,,,1,,,,,,,,,,,,,,,,,,13,,4,,,,,,15,,,,,,,,,,,,,,,,,,
227,,,,,1,2,,,,,,,,,,,,,,,,,,,,,25,,,,,,,1,,,,,3,,,1,,,,,,,,,,,,,,,,,,,,,,,,,,,,,,,,,,,,,,,,10,,,,,,,,,,,,,,,,,,
228,,,0,,,,,4,,,,,,,,,,,,,,,,,13,,18,,,,,,,5,,8,,,,,,,,,,,,,,,,,8,,,,,,,,,,,,,,,,,,,,,7,,11,,,0,,,9,,,,,,,,0,,,,,,,0,0,,
229,3,,,,9,,,9,,,,,,,,12,,,,,,,,,0,0,11,,,,,,,10,,7,,,,,,8,,,,,,,,,,,11,,,,,,,,0,,,,,,,,,,,,,5,,9,,,,,,9,,,,,,,,,,,,,,,,,,
230,,,,,,,,,,,,,,,,,,,,,,,,,16,,24,,,,,,,13,,,,,,,,,,,,,,,,,,,,,,,,,,,,,,,1,,1,,,,,,,10,,17,,,,,,12,,,,,,,,0,,,,2,,,,,,
231,,,,0,7,,,8,,,,,,,,10,,,,,,,,,8,,1,0,,,,,,12,,7,,,,,,,,,,,,,,,,,11,,,,,,0,,,,,,,,,,,,,,,6,,11,,,,,,6,,2,,,0,,,,,,,,,,,,,
232,,,,,7,,,7,,,,,,,,,,,,,,,,,9,,18,,,,,,2,9,,8,,,,,,,,,,,,,,,,,0,,,,,,4,,,2,7,,,,,,,,,,,7,,11,0,,,,,7,,,,1,,,,,,,,,,,,,,
233,,,,,,,,,,,,,,,,,,,,,,,,,16,,22,,,,,,,18,,5,,,1,,,,,,,,,,,,,,,,,,,,,,,,,,,,,,,,1,,,1,,17,,,,,,9,,,1,,,,,,,,,,,,,0,,
234,,,,,,,0,,,,,,,,,,,,,,,,,,12,,1,,,,,,,8,,5,,,,,,,,,,0,,,,,,,3,,,,,,,,,,1,,,,0,,,,,,,1,,0,,,2,,,9,,,,,,,,,,,,,,,,,,
235,,,,,7,,,8,,,,,,,,,,,0,,,,,,13,,,,,,,,,11,,8,,,10,,,,,,,,,,,,,,14,,,,,,0,,,,,,,,,,,,,,,5,,11,,,1,,,2,,,,1,,,,,,,0,,,,,,,
236,,,,,4,,,5,,,1,,,,,,,,,0,,,,,9,,7,,,,,,,11,,7,,,,,,,,,,,,,,,,0,10,,,,,,,,,,,,,,,,,,,0,,6,,10,,,,,,7,,,,,,,,,,,,,,,,,0,
237,,,,,7,,,7,,,,,,,,,,,,,,,,,0,,9,,,,,,,15,,4,,,,,,,,,,,,,,,,,,,,,,,,,,,10,,,,,,,,,,,2,,12,,,,,,9,,,,,,,,,,,,2,,,,,,
238,,,,1,7,,,13,,,,,,,5,,,,,,,,,,9,,2,,,,,,,11,,5,,,,,,,,,,,,,3,,,,10,,,,,,,,,,,,,,,,,,,,,9,,9,,,,,,6,,,,,,,,,,,,,,,,,,
239,,,,,0,,,5,,,,,,,,,,,,,,,,,11,,0,,,,,,,7,,8,,,,0,,,,,0,,,,,,,,2,,,,,,,,,,0,,,,,,,,,,,2,,9,,,1,,,7,,,,,,,,,,,,,,,,,,
240,,,,,,,,13,,,,,,,,,,,,,,,,,15,,18,,,,,,,18,,6,,,,,,,,,,,,,,,,,10,,,,,,,,,,,,,,,,,,,,,12,,10,,,,,,9,,,,,,,,2,,,,,,,,,,
241,,,,,,,,,,,,,,,,,,,0,,,,0,,17,,24,,,,,,,20,,5,,,,,,,2,,,,,,,,,,,,,,,,,,,,,,,,,,1,,1,,,1,,17,,,,,,9,,,,,,,,,,,,,,,,3,2,
242,,,,,,,,9,,,,,,,,,,,,,,,,,10,,25,,,,,,,16,,16,,,11,,,,,,,,,,,0,,,23,,,,,,,,,,,,,,,,,,,,,12,,10,,,,,,9,,,,,,,,,,,,,,,,,,
243,,,,,,,,,,,,,,,,,,,,,,,,,,,22,,,,,,,19,,6,,,,,,,,,,,,,0,,,,,,,,,,,,,,,,1,,,,,,,,,2,,6,,,,,,9,,,,,,,,,,,,,,,1,,,
244,,,,,,,,,,,,,,,,,0,0,,,,,,,15,,22,,,,,,,,,6,,,,,,,,,,,,,,,,,,,,,,0,,,,,,,,,,,,,,,,1,,16,,,,,,,,,,,,,,,,,,,,,1,,,
245,,,,,,1,,,,,,,,,,,,,,,,,,,16,,,,,,,,,19,,7,,,,,,,,,,,1,,,,,,,,0,,,,,,,,,,,,,0,,,,,,4,,,,,,,,11,,,,,1,,,,0,,,,0,,1,,,
246,,,,,2,,,10,,,2,,,,,,,,,,,,,,8,,17,,,,,,,14,,8,,,16,,,,,,,,,,,0,,,7,,,,,,,,,,,,,,,,,,,,,7,,10,,,,,,0,,,6,,,,,,,,,,,,,,,
247,,,,,,,,11,,,,,,,,2,,,,,,,,,13,,3,,,,,,,18,,5,,,,,,,,,,,,,,,,,,,,,,,,,,,,,,,1,,,,,,,10,,16,,,,,,10,,,,,,,,,,,,,,,,,,
248,,,,,8,,,1,,,,,,,,,,,,,,,,,8,,19,,,,,,,1,,7,,,16,0,,,,,,,,,,,,,10,,,,,,,,,,,,,,,,,,,,,5,,4,,,,,,7,,,,,,,,,,,,,,,,,,
249,,,,,,,,10,5,,,,,,,,,,,,,,,,10,,25,,,,,,,16,,7,,,1,,,,,,,,,,,,,,20,,,,,,,,,1,,,,,,,,,,,1,11,,10,,,,1,0,12,,,,,,,,,,,,,,,,,,
250,,,,,6,,,11,,,,,,,,11,,,,,,,,,6,,17,,1,,1,,,10,,0,,,,,,,,,,,,,,,,,12,,,,,,,,,,,,,,,,,,,,,1,,11,,,,,,9,,,,,,,,,,,,,,,,0,,
251,,,,,9,,0,4,,,,1,,0,,,,,,,,,,,13,3,,,,,,,,3,,12,,,,,,,,,6,,,,,,,,,,,,,,,,,,9,,,,,,,0,,,0,3,,19,,,1,,,11,,,,,,,,,,,,,,,,,,
252,,,,2,6,,,9,,,,,,,,3,,,,,,,,,6,,13,,,,0,,,9,,2,,,,,,,,,,,,,,,,,9,,,,,,,,,,,,,,,,,,,,,6,,8,,,,,,10,,,,,,,,,,,,,,,,,,
253,,,,,,,,,,,,,,,,,,,,,,,,,17,,25,,,,,,,,,,,,,,,,,,,,,,,,,0,,,,,,,,,,,,,,,4,,,,,,,11,,16,,,,,0,13,,,,,,,,,,,,5,,,,,,
254,,,,,,,,12,9,,,,,,,,,,,,,,,,11,,24,,,,,,,20,,13,,,7,,,,,,,,,,,,,,23,,,,,,,,,,,,,,,,,,,,5,11,,14,,,,,1,11,,,,,,,,,,,,,,,,,,
255,,,,,,,,,,,,,,,,,0,,,,,,,,15,,22,,,,,,1,18,,0,,,,,,,2,,,,,,,,,,,,,,,,,0,,,,,,,,,,,,,,1,,16,,,,,,,,,,,,0,,,,,,,,,,,0,
256,,,,,,,,,,,,,,,,,,,,,,,,,15,,23,,,,,,,19,,6,,0,0,,,,,,,,,,,,,,,,,,,,,,,,,,,,,,,,0,,,1,,16,,,,,,9,,,0,,,,0,,,,,,,,,1,,
257,,,,,6,,,5,,,,,,0,,,,,,,,,,,4,,18,,,,,,1,9,,5,,,,,,,,,,,,,,,,,13,,,,,,,,,,8,,1,,,,,,,,,6,,8,,,,,,9,,,,,,,,,,,,,,,,,,
258,,2,,,5,,,6,,,,,,,,,,,,,,,,,15,,20,1,,,,,,9,,6,0,,,,,,,,,,,,,,,,12,,,,,,,,,1,,,,,,,,,,,,6,,10,,,,,,10,,,,,,,,,,,,,,,,,,
259,,2,,,,0,,,,,,,,,,,,,,,,,,,,,,,,,,,,20,,9,,,,,,,,,,,,,,,,,,,,,,,,,,,,,,,,,,,,,,3,,,,,,,,12,,,,,,,,,,,,,,,,,,
260,,,,,,,,11,,,6,1,,2,,,,1,,,,,,2,1,,21,,1,,,,,14,,9,,,,,,,,,,,,,,,,,11,,,,,,,,,,,,,,,,,,,,,4,,13,,,,,3,10,,,,,,,,,,,,1,,,,,,
261,,,,,9,,,9,,,,,,,,,,2,,,,,,,10,,17,,,,,,,4,,8,,,,,,,,,,,,,,,,,1,,,,,,,,,,,,,,,,,,,,,3,,8,,,,,,7,,,,,,,,,,,,,,,,,,
262,,,,,,,,3,,,,,,,,0,,,,,,,,,,,,,,,,,,18,,6,,2,,,,,,,,,,,,,,,,,,,,0,,,,,,,,,,,,,,,1,14,,18,,,,,,18,,,,,,,,,,,,,,,,,,
263,,,,,9,5,,,,,,,,,,,,,,,2,,0,,,,24,,,,,,,2,,8,,,,,,3,,,,,,,,,,,,,,,,,1,1,,,,,,,,,,,,,,,,,,,,,,0,,,,1,,,,,,,,,,,,,,
264,,,,,,,,,,,,,,,,,,,,,,0,,,,,,,,,,,,20,,5,,,,,,,,,,,,,,,,,,,,,,,,,,,,,,,,,,,,0,,3,,,,,,,,12,,,,,,,,,,,,,,,,,0,
265,,,,,9,,,9,,3,,,,,,4,,,,,,,,,10,,14,,,,,,,12,,5,,,,,,11,,,,,,,,,,,13,,,,,,0,,,,,,0,,,,,,,,,7,,9,,,,,,11,,,0,,,,,,,,,,,,,1,,
266,,,,,,,,10,7,,,,,,,,,0,,,,,,,5,,25,,,,,,,17,,6,,,9,,,,,0,,,,,,,,,21,,,1,,0,,,,,,,,,,,,,,,2,10,,13,,,,,3,10,,,,,,,,,,,,0,,,,,,
267,,,0,,,,,,,,,,,,,,,,,,,,,,17,,22,,,,,,,18,,5,,,,,,,,,,,,,,,,,,,,,,0,,,,,,,,,1,,,,,,,,,14,,,,,,11,0,,,,,,,,,,,,,,,,,
268,,,0,,10,,,10,,,,,,,,,,,,,,,,,9,,16,,,,,,,6,,2,,,,,,,,,,,,,,,,,12,,,,,,,,,,,,,,,,,,,,,4,,9,,,,,,0,,,,,,,,,,,,,,,,,,
269,,,,,,,,,,,,,0,,,,,,,,,,,,15,,20,,,,,,,,,7,,,,,,,,,,,,,,,,,10,,,,,,,,,,,,,0,,,,,,,,9,,17,,,,,,10,,,,,,,,,,,,,,,,,,
270,,,,,10,,,3,,,,,,,7,,,,,,,,,,13,,15,,,,,,,12,,6,,,0,,,,,,,,,,,,,,7,,,,,,,,,,10,,,,,,,,,,,4,,12,,,,,,10,0,,,,,,,,,,,,,,,,,
271,,,,,10,,,6,,,,,,,,,,,,,,,,,6,,17,,,,,,,10,,8,,,,,,,,,,,,,,,,,10,,,,,,3,,,,3,,,,,,,,,,,3,,6,,,,,,9,,,,,,,,,,,,,,,,,,
272,,,,,6,,,2,,,,,,,1,,,,,,,,,,9,5,18,,,,,,,11,,8,,,,0,,,,,9,,,,,,,,7,,,,,,,,,,,,,,,,,,,,,5,,10,0,,,,,11,,,,,,,,,,,,,,,,,,
273,,,,,,,4,,,,,,,,,,,,,,,,,2,,,,,,,,,,18,,7,,,,,,,,4,,,,,,,,,,,,,,,,,,,,,,,,,,,,,,,,,,,,,,,,,,,,,,,,,,,,,,,,
274,,,,,6,,,2,,,,,,,,,,,,,,,,,16,,21,,,,,,,6,,6,,,,,,,,,,,,,,,,,14,,0,,,0,,,,,,,,,,,,,,0,,11,,10,,,,,,8,,,,,,,,,,,,,,,,,,
275,,,,,,,3,,,,,,,,,,,,,,,,,3,,,,,,,,,,19,,5,,,,,,,,2,,,,,,,,,,,,,,,,,,,,,,,,,,,,,0,,,,,,,,,,,,,,,,,,,,,,,,,,,
276,,,,,2,,,7,,,,,,,,14,,,,,,,,,12,,6,,,,,,,9,,8,,,,,,10,,,1,,,,,,,1,14,,,,,,,,,3,,,,,,,,,,,,8,0,8,,,,,,8,,,,,,,,,,,,,,,,,0,
277,,,,,5,,,4,,0,,,,,,,,,0,,,,,,9,,19,,,,,,,10,,15,,,13,,,4,,,,,,,,,,,12,,,,,,,,,,1,,2,,,1,,,,,,2,,2,,,,,,3,,,1,,,,,,,,,,,,,,,
278,,,,,8,0,,,,,,,,,,,,,,,,,,,,,23,,,,,,,4,,9,,,,,,3,,,,,,,,,,,,,,,,,,,,,,,,,,,,,,,,,,,,,,,,9,,,,,,,,,,,,,,,,,,
279,,,,,,,,,,,,,,,,,,,,,,,,,15,,22,,,,,,,18,,5,,,,,,,,,,,,,,4,,,,,,,,,,,,,,,,,,,,,,,,13,,16,,,,,,9,,,,,,,,,2,,,,,,,,,
280,,,,,2,,,6,,,,,,,0,,,,,,,,,,8,,19,,,,,,3,12,,9,,,,,,2,,,,,,,,,,,10,,,,,,4,,,,,,,,,,,,,,,4,,4,,,,,,8,,,,,,,,,,,,,,,,,,
281,,,,0,14,,,1,,,,1,,,,,,,,,,,,,15,,,,,,,,,11,,10,,,,1,,,,,0,,,,,,,,15,,,,,,,,,,11,,,,,1,,,,3,,2,,18,,0,,,,13,,,,,,,,,,,,,,,,,,
282,,,,,,,,,,,,,,,,,,1,,,,,,,0,,22,,,,,,,,,5,,,,,,,,,,,,,,,,,,,,,,1,,,,0,,,,,,,,,,,,1,,17,,,,,,,,,,,,,,,,,,,,,0,,,
283,,,0,,,,,,,,,,,,,,,,,,,,,,12,1,17,,,,,,,4,,8,,,,,,,,,,,,,,,,,7,,,,,,,,,,,,,,,,,,,,,6,,11,,,,,,9,,,,,,,,1,,,,,,,,,,
284,,,,,13,,,5,,,,2,,,,,,,,,,,,,11,1,,,,,,,,10,,11,,,,0,0,,,,3,,,,,,,,,,,,,,,,,,7,,,,,,,,,1,,4,,11,,,,,,9,,,,,,,,,,,,,,,,,,
285,,,,,10,,,8,,,,,,,0,,0,1,,,,,,,3,,16,,,,,,,6,,7,,,16,,,,,,,,,,,,,,10,,,,,,,,0,,,,,,0,,,,,,,6,,9,,,,,,4,,,,,,,,,,,,,,,,,,
286,,,1,,,,,,,,,,2,,,,,,,,0,,,,15,,23,,,,,,,,,5,,,0,,,,,,,,,,,,,,,,,,,,,,,,,,1,2,,,,,,,,1,,17,,,,,,9,,,,,,,,,,,,,,,,,,
287,,,,,,,,,,,,,,,,,,,0,,,,,,15,,22,,,,,,0,18,,5,,,,,,,,,,,,,,,,,,,,,,,,,,,0,,,,,,,,,,,1,,16,,,,,,9,,,,,,,,,,,,,,,,,,
288,,,,,10,,,0,,,1,,,,,,,,,,,,,,10,,2,,,,,,,14,,7,,,,0,,,,,,,,,,,,,,,,,,,,,,,,,1,,,,,,,,,6,,6,,,,,,10,,,,,,,,,,,,,,,,,,
289,,,,,,,,,,,,,,,,,,,,,,,,,15,,,,,,,,,18,,8,,,2,,,,,,,,,,,,,,,,,,,,,,,,,,,,,0,,,,,,12,,2,,,,,,18,,,,,,,,,,,,,,,,,,
290,,,,,0,,,2,,,,,,,,6,,,,,,1,,,11,,0,,,,0,,2,4,,6,,,,,,,,,,,,,,,,,11,,,,,,0,,,,,0,3,,,,,,,,,6,,5,,,,,,10,,,,,,,,,,,,,0,,,,,
291,1,3,,,6,0,,6,,,,,0,,,,,,,,0,0,,,10,,19,0,,,,,,1,,5,,,,,,,,,,,,,,,,0,11,,,,,,3,,,0,,,,,,,,,,,6,7,,7,,,,,,9,,,,,,,,,,,,,,,,,,
292,,,,,,,,,,,,,,,,,,,,,,,,,15,,22,,,,,,,18,0,5,,,,0,,,,,,,,,,,,,,,,,,,,0,,,,,,0,,,,,,,,1,,16,,,,,,9,,,,,,,,,,,,,,,,,,
293,,,0,,,,,,,,,,,,,,,,,,,,,,16,,23,,,,,,0,20,,15,,,3,,,,,,,,,,,,,,,,,,,,,,,,,,,,,,,,,,,1,,16,,,,,,13,,,,,,,,,,,,,,,,,1,
294,,,,,7,,,,,,,,,,,,0,,1,,,,,,15,,20,2,,,,,,18,,5,,1,14,,,,,,,,,,,1,,,14,,,,,,,,,,2,,,,,0,,,,,,0,,1,,,,,,4,,,,,,,,,,,,,,,,,,
295,,,,,1,,,6,,,,,,,,,,,,,,,,,12,,18,,,,,,,9,,6,,,,,,,,,,,,,,,,,0,,,,,,,,,,,,,,,,,,,,,7,,6,,,,,,4,,,,,,,,,,,,,,,,,,
296,,0,,,7,6,,,,,,,,,,,,,,,1,,,,,0,22,,,,,,,3,,0,,,,,,6,,,,,,,,,,,,,,,,,,2,,,,,,,,,,,,,,,,,,,,,,9,,,,,,,,,,,,,,,,,,
297,,,,,5,,,5,,,,,,1,,,,,,,2,,,,11,,16,,,,,,,3,,8,,,,,,,,,,,,,,,,,12,,,,,,,,,,,,,,,,,,,,,5,,9,,,,,,3,,,,,,,,,,,,,,,,,,
298,,,,,0,,,8,,,,,,,,5,,,,,,,,,1,,18,,,,,,1,11,,6,,,,,,,,,,,,,,,,,11,,,,,,,,,,4,,,,,,,,,,,4,,10,,,,,,10,,,,,,,,,,,,,,,,,,
299,,,,,,,,9,10,,0,,,,,,,,,,,,,,7,,22,,,,,0,,15,0,17,,,11,,,,,,,,,,,,,,20,0,,,,,,,,,,,,,,,,,0,,5,12,,12,,,,,1,11,,,,,,,0,,,,,,,,,,,
300,,,,,,,,9,11,,,,,,,,,,,,,,,,11,8,26,,,,,,,1,,16,,,14,0,,,,2,,,,,,,,,19,,0,,,,,,,,,,,0,,,,,1,,6,10,,11,,,,,,12,,,,,,,,,,,,,,0,,,0,
301,,,,,,,,,,,1,,,,,,,,,,,,,,11,2,20,,,,,,,15,,8,,,,,,,,,,,,,,,,,11,,,,,0,0,,,,,,,,,,,,,,,1,,1,,,,,,10,,,0,,,,,,,,,,,,,,,0
302,,,,,,,,10,3,,0,,,,,,,,,,,,,,6,,24,,,,,,,18,,14,,4,13,,,,,,,,,,,,,,22,,,,,,,,,,,,,,,0,,,,,2,11,,13,,,1,0,2,12,,,,,,,,,,,,,,,,,,
303,,,,,4,,,9,,,3,,,,,,,,,,,,,,9,7,6,,,,,,,12,,9,,,13,,,,0,0,,,,,,,,,8,,,,,,,,,,,,,0,,,,,,,,6,,10,,,,,,5,,,,3,,,,,,,,,,,0,,,
304,,,0,,5,,,3,,,1,,,,,,,,,,,,,,3,,17,,,,,,,10,,1,0,,5,,,,,,,,,,,,,,9,,,,,,,,,0,7,,,,,,,,,,,9,,8,,,,,,5,,,,,,,,,,,,,,,,,,
305,,,,,,,,1,,,,,,,,,,,,,,,,,15,,,,,,,,,18,,0,,2,,,,,,,,,,,,,,,,,,,,,,,,,,,,,,,,,,,,1,,16,,,,,,9,,,,,,,,,1,,,,,,,,,
306,,,,,,,4,,,,,,,,,,,,,,,,,4,,,,,,,,,,22,,7,,,,,,,,3,,,,,,,,,,,,,,,,,,,,,,,,,,,,,,,,,,,,,,,,,,,,,,,,,,,,,,,,
307,,,,,,,,,,,,,,,3,,,,,,,,,,16,,25,,,,,,1,12,,6,,,,,,1,,,,,1,,,,,,,0,,,,,,,,,,,2,,1,,,,,,,8,,17,,,0,,,8,,,,,,,,1,,,,,,,,,,
308,,,,,7,,,4,,,,,,,,,,,,,,,,,6,,18,,,,,,,10,,8,,,3,,,,,,,,,,,1,,,8,,,,3,,,,,,,,,,,,,,,,,8,,5,,,,,,9,,,2,,,,,,,,,,,,,,,
309,,,,,11,,,0,,,,,,,,,,,,,,,,,15,4,,,,,,,,13,,11,,,,,,,,,4,,,,,,,,,,,,,,,,,,10,,,,,,,,,,,2,,18,,,,,,10,,,,,,,,,,,,,,,,,,
310,,,,,,,,,,,,,,,,,,,,,,,,,,,,,,,,,,18,,7,,,,,,,,,,,,,,2,,,,,,,,,,,,,,,,,,,,,,,,1,,5,,,,,,10,,,0,,,,,,,,,,,,,,,
311,,0,0,,6,,1,0,,,,,,,1,5,,,,,,,,,6,,17,,,,,,,9,,6,,,,,,5,,,,,,,,,,,12,,,,,,4,,,0,,,,,,,,,,,,6,,9,,,,,,8,,,1,,,,,,,,,,,,2,,,
312,,,,,,0,,0,,,,,,,,,,,,,,,,,,,,,,,,,,23,,13,,1,,,,,,,,,,,,,,,,,,,,,,,,,,,,,,,,,,,,2,,0,,,,,,17,,,,,,,,,0,,,,,,,,,
313,,,,,8,,,8,,,,,,,,11,,,,,,,,2,11,,13,,,,,,,10,,1,,,4,,,,,,,,,,,,,0,6,,,,0,,,,,,,,,,,,,,,,,3,,6,,,,,,3,,,,,,,,,,,,,,,,,,
314,,,,,1,,,6,,,,,,,,12,,,,,,,,,10,,14,0,,,,,,8,,8,,,19,,,,,,,,,,1,,,1,10,,,,,,,0,,,,,,,,,,,,,,7,,11,,,,,,2,,,,,,,,,,,,,,,,1,,
315,,,,,10,,,7,,,,,,,,,,,,,,1,,,4,,7,,,,,,,13,,6,,,14,,,1,,,,,,,,,,,12,,,,,,,,0,,,,0,,,,,,,,,8,,9,,,,,,9,,,,,,,,,,,,,,,,,,
316,,0,,,8,,,0,,,,,,,,,,,,,,,,,10,,,,,,,,,18,,5,,,10,,,,,,,,,,,,,,17,,0,,,0,,,,,,,,,,,,,,,,0,,14,,,,,,9,,,,0,,,,,,,,,,,,,,
317,,,,,6,,,10,,,,,,,,,,2,,,,,,4,2,,22,,,,,,,13,,6,,,4,,,,,,,,,,,,,,11,,,,,,,,,,12,,,,,,,,0,,5,1,,12,,,,,4,11,,,,,,,,,,,0,,,,,,,
318,0,,,,6,,,7,,,,,,,,,,,,,,,,,7,,11,,,,,,,11,,5,,0,,,,,,,,,,,,,,,12,,,,,,,0,,,,,,,,,,,,,,6,,9,,,,,,8,,,,,,,,,,,,,,,,,,
319,,,,,,,,,,,,3,,,,2,,,0,,,0,,,17,,24,,,,,,,19,,7,,,,,,,0,,,,,,,,,,,,,,,,,,,,,,,,,,,,2,,,,,16,,,,4,,10,,,,,,,,0,,,,,,,,,,
320,,,,,13,,,6,,,,0,,,,,,,,,,,,,10,3,,,,,,,,2,,12,,,,,,,,,2,,,,,,,,,,,,,2,1,,,,10,,,,,,,,,,,1,,19,,,,,,0,,,,,,,,,,,,,,,,,,
321,,,,,12,5,,,,,,,,,,,,,,,,,,,,,21,,,,,,,5,,5,,,1,,,,,0,,,,,,,,,,,,,,,,,0,,,,1,,,,,,,,,1,,,,,,,,10,,,,,,,,,,1,,,,,,,,
322,,,,,1,,,4,,,,,,1,,,,,,0,,,,,5,,5,,,,,,,10,,0,,,,,,,,,,,,,,,,,1,,,,,,,,,,,,,,,,,,,,,3,,8,,,,,,6,,,,,,,,,,,,,,,,,,
323,,,,,4,,1,2,,,,,,,,5,,,,,,,,,12,,20,,,,,,,2,,7,,,15,,,1,,,,,,,,,,,13,,,,,,,1,,,,,,,,2,,,,,,5,,9,,,,,,0,,,,,,,,,,,,,,,,,,
324,,,,,6,,,8,,,,,1,,,,,,,,,,0,,10,1,19,,,,,,,14,,7,1,,,,,,,,,,,,,,,,10,,,,,1,,,,,,,1,,,,,,,,,1,,9,,,,,,10,,,,,,,,,,,,,,,,,,
325,,,,,8,,,9,,,,,,,0,,,,,,,,,,8,1,16,,,,,,,11,,6,,,,,,6,,,,,,,,,,,11,,,,,,1,,,,,,,,,,,,,,,9,,8,,,,,,4,,,,,,,,,,,,,,,,,,
326,,,,,,,,,,,,,,,,,,,,,,,,,,,,,,,,,,24,,12,,,,,,,,,,,,,,,,,1,,,,,,,,,,,,,1,,,,,,,,14,,2,,,,,,16,,,,,,,,,,,,,,,,,,
327,,,,,,,,0,,,,4,,,,1,,,,,,5,,,18,0,24,,2,,,,,18,,5,,,,,,,,,,0,,,,,,,,,,,,,,,,,,,,,,,,,1,,,,,16,,,,1,,9,,,,,0,,,,,,,,,0,,,,
328,,,,,,,1,,,,,,,,,,,,,,,,,0,,,,,,,,,,21,,7,,,,,,,,4,,,,,,,,,,,,,,,,,,,,,,,,,,,,,,2,,,,,,,0,,,,,,,,,,,,,,,,,,,
329,,,,,12,,,5,,,,0,,,,,,,,,,,,,11,0,20,,,,,,,11,,6,,0,,,,,,,0,,,,,,,,9,,,1,,1,1,,,,1,,,,,0,0,,,0,,6,,9,,,,,,9,,0,,,,,,,0,,,,,,,,,
330,,,,,,,,11,1,,2,,,,,,,,,,,,,,12,,25,,,,,,,17,,15,,,,,,,,,,,,,,,,,25,,,,,,,,,,,,,,,,,,,,6,1,,11,,,2,,2,11,,,,,,,,,,0,,,,,,,,
331,1,,,,9,,,0,,,,,,,,12,,,,,,,,,11,,16,,,,,,,12,,6,,,,,,,,,,,,,,,,,11,,,,,,3,,,,10,,2,,,,,,,0,,0,,7,,,,,,9,,,0,,,,,,,,,,,,,,,
332,0,,,,5,,,9,,,,,,,,,,,,,1,,1,,7,,18,,,,,,,13,,5,,,,,,,,,,,,,,,,,12,,,2,,,,,,,10,,,,,,,,,,5,8,,1,,,,,,8,,,,,,,,,,,0,,,,,,,
333,,,,,,,,,,,,,,,,,,,,,,,,,,,,,,,,,,24,,15,,1,,,,,,,,,,,,,,,,,,,,,,,,,,,,,,,,,,,,14,,3,,,,,,16,,,,,,,,,,,,,,,,,,
334,4,,,,6,,,8,,,,,,,,,,,,,,,,,1,,10,,,,,,,10,,7,,,2,,,,,,,,,0,,,,,13,,,,,,,,,1,,,,,,,,,,,,6,,8,,,,,,8,,,,,,,,,,,,,,,,,,
335,,,,,,,,,,,,,,,,,,,,,,,,,15,,22,,,,,,,18,,5,,,,,,,,,,,,,,,,,,0,,,,,,,,,,,,,,,,0,,,,1,,16,,,,,,9,,,,,,,,,,,,0,,,,,,
336,0,,,,13,,,9,,,,,,,,,,,,,,,,,1,,19,,,,,,,14,,10,,,,,,,,,,,,,,,,,14,,,,,,,,,,,,,,,,,,,,,6,,13,,,,,,10,,,,,,,,,,,,,,,,,,
337,,,,,,,,,,,,,,,,,,,,,,,,,,,,,,,,,,0,,7,,,,,,,,,,,,,1,2,,,,,,,,,,,,,,,,1,,,,,,,,13,,2,,,,,,1,,,,,,,,,,,,,,,0,,,
338,,,,,10,,,6,,,,,,,,,,,,,,,,,7,,14,,,,,,,12,,3,,,,,,,,,,,,,,,,,9,,,,,,,,,,,,,,,,,,,,,3,,9,,,,,,8,,,1,,,,,,,,,,,,,,,
339,4,,,,1,,,11,,,,0,,,,,,0,,,,,0,1,0,,8,,,,,,,13,,4,,,15,,,,,,,,,1,,,,,8,,,,,,,,,2,,,1,,,,,,,,,5,,3,,,,,,9,,,5,,,,0,,,,,0,,,,,,
340,,,,,9,,,10,,,,,,,,,,,,,,,,0,11,,19,,,,,,,15,,9,,,16,,0,,,,,,,,,,,,14,,,0,,,,,,,,,,,,,,,,,,9,,10,,,,,,11,,,4,,,,,,,,,,,,,,0,
341,,,,,1,,,4,,,,,,,,,,,,,,,,,8,,21,,,,,,,9,,3,,,,,,,,,,,,,,,,,14,,,,,,,,,0,,,,,,,,,,,,4,,9,,,,,,6,,,,,,,,,,,1,,,,,,,
342,,,,,0,,,9,,1,,,,,5,,,0,,,,,,,7,,4,,,,,,,5,,3,,,,,,,,,,,,,,,,,7,,,,,,1,,,,,,,,,,,0,,,,8,,6,,,,,,8,,,,,,,,,,,,,,,,0,,
343,,,,,,,,,,,,,,,,,,,,,,,,,,,,,,,,,,22,,13,,,,,,,,,,,,,,2,,,,,,,,,,,,,,,,,,,,,,,,12,,3,,,,,,13,,,,,,,,,,,,,,,,,,
344,,1,1,,1,,,1,,,,,,1,4,,,,,,,,,,12,,16,,,,,,,8,,4,,,,1,,,,,,,,,,,,,11,,,,,,,,,,,,,,,,,,,,,7,,9,,,,,,9,,,,,,,,,,,,,,,,,,
345,,,,,4,,,5,,,,,,,,,,,,,,,,,11,,18,,,,,,,1,,7,,0,,,,9,,,,,,,,,,,9,,,,,,,,,,,,,,0,,,,,,,5,,10,,,,,,8,,,,2,,,,,,,,,,,,,,
346,,,,,,,,12,0,,,,,,,,,,0,,,,,,9,6,23,,,,,,,18,,15,,,,,,,,,8,,,,,,,,18,,,,,,0,,,,,,,,,,,,,,3,9,,13,,,,2,2,14,,,,,,,,,,0,,,,,,,,
347,,,,,3,,,11,,,,1,,,,,,,,,,,,,9,,18,,,,,,,14,,11,0,,,,,,,,,,,,0,,,,10,,0,,,,,,,,,,2,,,,,,,,,1,,10,,,,,,10,,,6,,,,,,,,,,,,,,,
348,,24,,,,0,0,,,,,,,,,,,,,,29,15,,,1,,,7,,,,,,,,,,42,3,,,,1,,1,,,21,21,,,,,,,,,,,,2,,,,,,2,0,,,,,,,,,,,,,,,,2,,,,,,,,,,,,,,,,
349,,25,,2,,2,23,2,,,,,,,,,,,,,30,14,,,,,,22,,,,,,,,,,33,4,,,,,12,,,,22,17,,,,,,,,,,1,,1,,,,,0,4,,,,,,,,,,,,,,,,,3,,,,,,,,,,,,,,,,
350,,28,,,,,14,,,,1,,,1,,,,,0,,31,14,,,,,,6,,,,,,,,,,40,,1,,,5,,,,,22,11,,,,,,,,,,,,,,0,,,,0,,,,,,,,,,,,,,,,,4,,,,,,,,,,,,,,,,
351,,25,,,6,1,1,,,,,,,,,,,,,,,16,,,4,,1,10,,,,,,,,,,43,8,2,,,,,8,,,,22,,,,,,,,,,,,3,,,,,,,,,,,,,,,,,,,,,,,4,,,,,,,,,,,,,,,,
352,,23,,,0,,23,,,,,,,,,,,,,,25,13,,,,,,22,,,,,,49,,,,42,,,8,,,,,,1,0,7,,,,,,,,,,1,,4,,,,,,13,,0,,,,,,,1,1,,,,,,,,,,,,,,,,,,,,,,,
353,,25,,,,,33,,,,,,,,,,,,,,11,13,,,,,,16,,,,,,42,,,,26,,,6,,,,,,,17,5,,,,,,,,,,,,,,,,,,17,,,,,,,,,,,,,,,,,,0,,,,,,,,,,,,,,,
354,,26,,,,,19,,,,,,,,,,,,,,30,13,,,,,,6,,,,,,,,,,38,,,,,,,,,,22,16,,,,,,,4,,,,,,,,,,,7,,,,,,,,,,,,,,,,,,,,,,,,,,,,,,,,,
355,,25,,,,,19,,,,,,,,,,,,,,31,15,,,,,,7,,,,,,,,,,36,,,,,,,,,,21,17,,,,,,,,,,,,,,,,,,7,,,,,,,,,1,,,,,,,0,,,,,,,,,,,,,,,,,
356,,25,,,,1,1,,,,,,,,,,,,1,,34,16,,,,,,25,,,,,,,,,1,43,5,,,,3,,,,,22,22,,,,,0,,,,,,0,4,,,5,,,3,,,,,,,,,,,,,,,,,3,,,,,1,,,,,,,,,,,
357,,27,,,1,1,23,,,,,,,,,,,,,,31,23,,,,,,3,,,,,,47,,,,40,,,,,,,,,,21,19,,,0,,,,,,,,,,,,,,,7,,,,,,,,,,,,,,,,,,,,,,,,,0,,,,,,,,
358,,25,,,,1,1,,,,,,,,,,,,,,30,16,,,2,,,8,,,,,,,,,,43,4,,,,2,,2,,,22,22,,,,,,,,,,,,3,,,,,,3,1,,,,,,,,,,,,,,,,3,,,,,0,,,,,,,,,,,
359,,16,,,,,19,,,,,,,,,,,,,,30,16,,,,,,9,,,,,,,,,,37,,,,,,,,,,22,17,0,,,,,,,,,,,,,,,,,9,,,,,,,,,,,,,,,,3,,,,,,,,,,,,,,,,,
360,,24,,,,,19,,,,,,,,,,,,,,26,3,,,,,,13,,,,,,,,,,34,,,,,5,,,,,10,14,,,,,,,,,,1,,,,,,,,10,,,,,,,,,,,,,,,,,,4,,,,,0,,,,,,,,,,
361,,26,,,,,21,,1,,,,,,,,,,,,29,15,,,,1,,7,,,,,,,,,,37,,,,,,,,,,22,17,,,,,,,2,,,,,,,,0,,,4,,,,,,,,,,,,,,,,,,,,,,,,,,,,,,,,,
362,,13,,0,,,6,,,,,,,,,,,1,,,0,13,,,,,,21,,,,,,,,,,0,,0,,,4,,,,,17,15,,,,,,,,,,2,,,,,,,,12,,,,,,,,,,,,,,,,,,,,,,,,,,,,,,,,,
363,,25,,,,,29,,,,,,,,,,,,,,17,13,,,,,,25,,,,,,43,,0,,32,,,,0,,,,,,16,18,,,,,,,,,,,,10,,,,,,13,,,,,,,,,,,,,,,,,,,,,,,,,,,,,,,,,
364,,27,,,3,,,,,,,,,,,,,,,,,3,,,7,,1,9,,,,,,,,,,44,9,3,,,,,9,,,,23,,,,,,,,,,,,4,,,,,1,,,,3,,,,,,,,,,,,,,,,,,,,,,,,,,,,,,
365,,20,0,,,,22,,,,,,,,,,,,,,27,0,,,,,,0,,2,,,,,,,,30,,,,,6,,,,,14,9,,,,,,,,,,,,,,,,,,8,1,,,,,,,,,,,,,,,,,,,,,,,,,,,,,,,,
366,,17,0,,,0,0,,,,,,,,0,,,,,,26,10,,,,0,,23,,,,,,45,0,,,25,,,,,,,,,,19,16,,,,,,,,,,,,,,,,,,18,,,,,,,,,,,,0,,,,,,,,,,,,,,,0,,,,,,
367,,24,,,,,23,,,,,,,,,,,,,,23,12,,,,,,4,,,,,,,,,,26,2,,,,,,,,,21,17,,,,,,,,,,11,,,,,,,,7,,,,,,,,,2,,,,,,,,,,,,,,,,,,,,6,,,,
368,7,25,,,,,23,,,,,,,,,,,,,,24,15,,,,,,24,,,,,,52,,4,,40,8,,,,,,,,,2,3,,0,,,,2,,,,,,,0,,,,,7,,,,,,0,,,,0,,,,,0,,,,,,,,,,,,,,,,,,
369,,25,,,,,,,,,,,,,,,,,,,32,15,,,,,,4,,,,,,45,,,,42,,,,,,,,,,19,17,,,,,,,,,,,,,,,,,,1,,,,,,,,,,,,,,,,,,,,,,,,,,,,,,,,,
370,,24,,,,,21,,,,,,,,,,,,,,28,8,,,,,0,22,,,,,,,,,,40,,,,,,,,,,15,13,,,,,,,,,,5,,,,,,,,9,,,,,1,,,,,,,,,,,,,,,,,,,,,,,,,,,,
371,6,24,,1,,,6,,,,,,,,0,,,,,,30,14,,,2,,,20,,,,,,53,,,,35,6,1,,,3,,,,,3,17,,,,,,,,,,2,,,1,,,,,3,,,,,,1,,,,,,,,,,,,,,,,,,,,,,,,,,,
372,,11,,,,,16,,,,,,,0,,,,,,,31,14,,,,2,,13,,,,,,,,,,41,,,,,,,,,,22,19,,,1,,,,,,,1,,,,,,,,15,,0,,,,,,,,,,,,,,,,,,,,,,,,,,,,,,,
373,,3,,,,,21,,,,,,,,,,,0,,,28,14,,,,,,22,,,,,,,,,,25,,0,,,,,,,,0,14,,,,,,,,,,,,8,,,2,,,9,,,,,,,,,,,,,,,,,,,,,,,,,,,,,,,,,
374,,8,,,,,10,,,,,,,,,,,,,,22,12,,,,,,23,,,,,,,,,,30,4,,,,,,,,,2,11,,,,,,,,,,,,10,,,,,,11,,,,,,,,,,,,,,,,,,,,,,,,,,,0,,,,,,
375,,25,0,,,1,22,,,,,,,,,,,,,,23,14,,,0,,,25,,,,,,50,,,,42,,,,,,,,,,3,1,,,,,,,,,,,,,,,,,,8,,,,,,,,,,,,,,,,,,,,1,,,,,,,,,,,,,
376,,30,,,,,23,,,,,,,,,,0,,,,28,11,,,,,,22,,,,,,,,,,28,1,5,,,,,,,,20,13,,,,,,,,,,,,,,,1,,,4,,,,,,,,,,,,,,,,,,,,,,,,,,,,,,,,,
377,,25,,,,1,2,,,,,,,,,,,,,,31,17,,,3,,,8,,,,,,,,1,,43,4,,,,2,,2,,,23,22,,,3,,,3,1,,,,,3,,,,,,4,1,,,,,,0,,,,,,,,,,3,,,,,,,,,,,,,,,,1
378,6,25,,,,,22,,,0,,,,,,,,,,,20,10,,,,,,22,,,,0,,,,,,33,,,8,,,,1,,0,20,15,,,,,,,,,,,,,,,,,,12,,,,,,,,,,,,,,,,,,,,,,,,,,,,,,,,,
379,,25,,,,2,24,,,,,,,,,,,,,,30,1,,,5,,,,,,,,,,,,,31,4,,,,6,,2,,0,22,22,,,,,,,,,,9,,3,,,,,,3,1,,,,,,,,,,,,0,,,,3,,,,,,,,,,,0,,,,,
380,,27,,,,,,,,,,,,,,,,,,,33,24,4,,,,,6,,,,,,51,,,,43,,0,,,,,,,,23,20,,,,,,,,,,,,,,,,,1,7,,,,,,,,,,,,,,,,,,,,,,,,,,,,,2,,,,
381,,28,,,,,,,,,,,,,,,,,,,31,23,,,,,,4,,,2,,,,,,,15,0,,,,,,2,,,21,19,,,,,,,,,,,,,,,,,,5,,,,,,,,,,,,,,,,,,,,,,,,,,,,,,,,,
382,,27,,,,,15,,,,,,,,,,,,,2,30,14,,,,,,8,,,,,,,,,,39,,,,,6,,,,,20,18,,,,,,,0,1,,,,,,,,,,10,,,,,,,,,,,,,,,,,,,,,,,,,,,,,,,,,
383,,26,,,,,1,,,,,,,,,,,,,,30,16,,,2,,,8,,,,,,,,0,,43,5,,,,2,,2,,,22,16,,,2,,,2,0,,,,,4,,,,,,3,1,,,,,,,,,,,,,,,,4,,,,,,,,,,,,,,,,0
384,,26,,,,,1,,,,0,,,,,,,,1,,30,16,,,,,,14,,,,,,,,,,41,,,,,2,,4,,,23,22,,,,,,,,,,,,4,,,,,,1,2,,,,,,,,18,,,,,,,,3,,,,,,,,,,,,,,,,
385,,11,,,,,21,,,,,,,,,,0,,,,28,11,,,,,,23,,,,,,,,,,38,11,,11,,2,,1,,,16,15,0,,,,,,,,,,,,,,,,,12,,,,,,,,,0,,,,,,,,,,,8,,,,,,,,,,,,,
386,,26,,,,2,2,,,,,,,,,1,,,,,30,,,,3,,,9,,,,,,,0,,0,43,5,,,,2,,2,,,,23,,,,,,,,,,,,7,,,,,1,3,,,,,,,,,,,,,,,,,3,,,,,,,,,,,,,,,,
387,,25,,,,,3,,,,,,,,,,,,,,26,13,,,0,,,21,,,,,,,,,,28,,,,,,,,,,15,15,,,1,,,1,,,,,,,,,,,,12,,,,,,,,,,,,,,,,,,,,,,,,1,,,,0,,,,,
388,,13,,,,,19,,,,,,,,,,,,,,24,12,,,,,,14,,,,,,,,,,31,,,,,,,,,,15,16,,,,,,,,,,,,0,,,,,,12,,,,,,,,,,,,,,,,,,0,,,,,,,,,,,,,,,
389,,29,,,,,,,,,,,,,,,,,,,22,21,,,,,,1,,,,,,21,,,,14,,,,,,,,,,25,19,,0,,,,,,,,0,,,,,,,,6,,,,,,2,,,3,,,,,,,,,,,,,,,,,,,,,,,,
390,,31,,,,,1,,,,,,,,,,,,,,29,13,,,,,,6,,,,,,,,,,27,4,6,,,,0,,,,22,18,,,,,,,,,,,,9,,,,,,3,1,,,,,,,,,,,,,,,,,,,,,,,,,,,,,,,,
391,,11,,,,,23,,,,,,,,,,,,,,21,14,,,,,,20,,,,,,,,2,,38,6,,,,,,,,,17,16,,,,,,,,,,8,,,,,,,,9,,,,,,,,,,,,,,,,,,,,,,,,,,,,,,,,,
392,,3,,,,,19,,,,,,,,,,,,,,22,15,,,,,,21,,,,,,,,,,39,6,,,,,,,,,12,15,,,,,,2,,,,2,,,,,,,,10,,,,,,,,,,,,,,,,,,,,,0,,,,,,,,,,,,
393,,27,,,3,,,,,,,,,,,,,,2,,,3,,,4,,,11,,,,,1,,,,,45,8,4,,,2,,2,,,,24,,,,,,,,,,,,4,,,,,1,,,,0,0,,,,,,,,,,,,,,,,,,,,,,,,,,,,,
394,,22,,,,3,22,,,,,,,,,,,,,,20,11,,,,,,20,,,,,,,,,,30,,,,,,,,,,13,6,,,,,,,,,,,,,,,,,,13,0,,,,,,,,,,,,,,,,,,,,,0,,,,,,,,,,,
395,,16,,,,,2,,,,,,,,,,,,,,30,12,,,,1,,21,,,,,,,,,,41,0,,,,,,,,,13,0,,,0,,,,,,,,0,,,,,,,13,,,,,,,,,,,,,,,,,,,,4,,,,,,,,,,,,,
396,,0,,,,,23,,,,,,,2,,,,,,,26,13,,,3,,,3,,,,,,,,,,39,,,,,,,,,,22,17,,,,,,,1,,,,7,,,,,,,8,,0,0,,0,,,,,,0,,,,,,,,,,,,,,,,,,,,,,
397,,25,,,,,,,,0,,,,,,,,,,,30,14,,,,,,5,,,,,,,,,,45,,2,,,,,,,,21,17,,,,,,,,,,,,,,,,,,4,,,,,,,,,,,,,,,,,,,,,,,,,,,,,,,,,
398,,0,,,,4,21,,,,,,,,,,,,,,29,13,,,0,,,19,,,,,,50,,,,43,7,,,,1,,,0,0,20,5,,,,,,,,,,,,,,,,,,14,,,,,,,,,,,,,,,,,,,,0,,,,,,,,,,,,,
399,,28,,,1,,,,,,,,,,,,,,0,,,2,,,5,,,10,,,,,0,,,,,46,10,2,,,,,9,,,,22,,,,0,,,,,,,,4,,,,,0,3,,,1,,,,,,,,,,,,,,,,,,,,,1,0,,,,,,,,
400,,24,,,,4,4,,,,,,,,,,,,,,23,13,,,,,,6,,,,,,,,4,,37,,,,,,,,,,13,7,,,,,,,,,,,,,,,,,,12,,,,,,,,,,,,,,,,,,,,,,,,,,,,,,,,,
401,,25,,,,1,1,,,,,,,,,,,,,,31,,,,2,,,8,,,,,,,,,1,43,4,,,,2,0,2,,,,22,,,,,,,,,,,,8,,,,,0,0,,,,,,,,,,,,,,,,,3,,,,,,,,,,,,,,,,
402,,12,,,,,20,,,,,,,,,,,,,,28,3,,,,,,20,,,,,,,,,,35,,,,,,,,,,15,16,,0,,,,,,,,,,,,,,,,13,,,,,,,,,,,,,,,,,,,,,,,,,,,,,,,,,
403,,27,,,,,19,,,,,,,,,,,,,,29,13,,,,,,10,,,,,,,,,,40,,,,,6,,,,,23,17,,,,,,,,,,,,,,,,,,8,,,,,,,,,,,,,,,,,,,,,,,,,,,,,,,,,
404,,2,,,,,18,,,,,,,,,,,,,,22,14,1,,,,,22,,,,,,,,,,40,,,,,,,,,,17,18,,,,,,,,,,,,,,,,,,11,,,,,,0,,0,,,,,0,,,,,,,,,,,,,,,,,,,,
405,,20,,2,,,25,,,,,,,,,,,,,,25,3,0,,,,,10,,,,,,,,,,34,,,,0,,11,,,,21,16,,,,,,,,,,,,3,,,,,,3,,,,,,,,,,0,,,,,,,,,,,,,,,,,,,,,,,
406,,27,,,,3,4,,,,,,,,,,,,,,30,16,,,5,,,22,,,,,,,,,,29,,,,,4,,,,,16,16,,,,,,2,,,,,,,,,,,,13,1,,2,,,,,,,0,,,,,,,3,,,,,,,2,,,,1,,,,,
407,,26,,,,,6,,,,,,,,,,,,,,31,15,,,,,,5,,,,,,,,,,41,,0,,,0,,,,,21,17,,,,,,,,,,,,,,,,,,9,,,,,,,,,,,,,,,,,5,,,,,,,,,,,,,,,,
408,,26,,,,,21,,,,,,,,,,,,,,27,14,,,,,,22,,,,,,43,,,,29,,,,,,,,,,4,2,,,,,,,,,,,,,,,,,,14,,,,,,,,,,,,,,,,,1,,,,,,,,,,,,,,,,
409,4,12,,,0,,22,,,,,,,,,,,,,,28,12,,,,,,18,,,,,,48,,,,41,5,,,,2,,,,,6,13,,,,,,,,,,7,,5,,,,,,8,1,,,,,,,,,,,,,,,,,,,,,,,,,,,,,,,,
410,,25,,,,,17,,,,,,,,,,,,,,29,13,,,,,,6,,,,,,0,,,,40,,,,,,,,,,22,14,,,,,,,,,,2,,,,,,0,,5,,,,,,,,,,,,,,,,,,,,,,,,,,,,,,,,,
411,,25,,,,2,2,,,,0,,,,,,,,0,,33,16,,,,,,24,,,,0,,,,,0,43,4,,,,2,,,,,23,23,,,,,1,,,,,,,3,,,4,,,4,,,,,,,,,,,,,,,,,2,,,,,,,,,,,,,,,0,
412,,19,,,,,22,,,,,,,0,,,,,,,18,13,,,,,,21,2,,,,,,,3,,36,,,,,,,,,,16,13,,,,,,1,,,,,,,,,,,,15,,,,,,,,,,,,,,,,,,,,,,,,,,,,,,,,,
413,,13,,1,,,6,,,,0,,,,,,,,,,,14,,,,,,17,,,,,,,,,,40,6,,,,1,,,,,16,14,,,,,,,,,,,1,,,,,,,10,,,,,,,,,,,,,,,,,,,,,,,,,,,,,,,,,
414,,7,0,,,,35,,,,,,,,,2,,,,,27,7,,,,,,15,,,,,,,,,,,,,,,,,,,,11,,,,,,,,,8,,,2,,,,,,,15,,,,,,,,,,,,,,,,,,,,0,,,,12,,,,,0,,,,
415,,3,,,,,5,,,,,,,,,2,,,,,29,5,,,,,,22,,,,,,,,,,39,,,,,0,,,,,16,16,,,,,,,,,,,,,,,,,,13,,,,,,,,,,,,,,,,,,,,,,,,,,,,,,,,,
416,,27,,,,,20,,,,,,,,,,,,,,24,14,,,,,,18,,,,,,,,,,37,,,,,,,,,,17,14,,,,,,,,,,,,,,,,,,9,,,,,,,,,,,,,,,,,1,,,,,,,,,,,,,,,,
417,,18,,,,,1,,,,,,,,,,,,,,18,13,,,,,,17,,,,1,,,,,0,40,,,,,,,,,,16,6,,,,,,,,,,,,,,,,,,11,,,,,,,,,,,,,,,,,0,1,0,,,,,,,,,,,,,,
418,,25,,,,,21,,,,,,,,,,,,,,24,14,,,,,,19,,,,,,,,,,35,,,,,3,,,,,22,17,,,,,,,,,,,,2,,,,,,1,,,,,,,,,,,,,,1,,,,,,,,,,,,,,,,,,,
419,,14,,,0,,22,,,,,,,,,,,,,,29,13,,,,,,7,,,,,,53,,,,39,,,,,,,,,,5,9,,,,,,,,,,6,,,,,,,,10,,,,,,0,,,,,,1,,,,,,,,,,,,,,,,,,,,,
420,,16,,,,,21,,,,,,,,,,,,,,26,11,,,,,,19,,,,,,,,,,31,,,,,,,2,,,19,11,,,,,,,,,,,,,,,0,,,13,,,,,,,,0,,,,,,,,,,,,,,,0,,,,,,,,,,
421,0,13,,1,,,3,,,,,,,,,3,,,,,31,4,,,,,,11,,,,,,,,,,1,,,,,,,,,,16,16,,,,,,,,,,9,,,,,,,,11,,,,,,,,,,,,,,,,,,,,,,,,,,,,,,,,,
422,,10,1,,,,3,,,,,,,,,,,,,,25,15,,,,,,,,,,,,,,,,30,,,,,,,,,,23,16,,,,,,,0,,12,,6,,,,,,,11,,,,,,,,,,,,,,,,,,,,,,,,9,,,,,5,,,,
423,,10,,,,,20,,,,,,,,,,,,,,27,10,,,,,,22,,,,,,,,,,37,,,,,,,,0,,15,13,,,,,,,,,,7,,,,,,,,5,,,,,,,,,,,,,,,,,,,,5,,0,,,,,,,,,,,
424,,26,,,,2,,,,,,,,,,,,,,,33,23,1,,,,,2,,,1,,,47,,,,41,,,,,,,,,,24,18,,,1,,,,,,,,,,,,,,,4,,,,,,1,,,,,,,,,,,,,,,,,,,,,,,,,,,
425,1,21,,,,,21,,,,,,0,,,,,,,,26,11,,,,,,20,,0,,,,42,,,,28,6,,,,,,,,,21,13,,,,,,0,,,,8,,0,,,,,,8,,,,,,,,,,,,,,,,,,1,,0,1,,,,,,,,,,,,
426,,26,,,,,15,,,,,,,,,,,,,,30,13,,,,,,14,,,,,,,,,,42,,,,,5,,,,,21,13,,,,,,,,,,,,,,,,,,7,,,,,,,,,,,,,,,,,4,,,,,,,1,,,,,,,,,
427,,8,,,,,,,,,,,,,,3,,,,,25,8,,,,,,12,,,,,,,,,,41,4,,,,,,2,,,22,16,,,,,,,,9,,,,5,,,,,,3,,,,,,,,,,,,,,,,,,,,1,,,,,,,,,,,,,
428,,29,,,,,22,,,,,,,,,1,,,,,24,1,,,,,,14,,,,,,0,,,,38,,,7,,,,,,,10,9,,,,,,,,,,,,,,,,,,10,,,,,,,,,,,,,,,,,,,,0,,,,,,,,,,,,,
429,,12,,,,,14,,,,,,,0,,1,,,,,31,17,,,,,,0,,,,,,,,,,42,,,,,,,,,,21,18,,,2,,,,,,,,,,,2,,,,4,,,,,,,,,,,,,,,,3,,,,,,,,,,,,,,,,,
430,,25,,,,,20,,,,,,,,,,,,,,28,9,,,,,,10,,,2,,,,,,,36,5,,,,,,,,,15,13,,,,,,,,,,,,,,,,,,3,,,,,,,,,0,,,,,,0,,,,,,,,,,,,,,,,,,
431,,24,,,,,1,,,,,,,,,,,,,,27,11,,,,,,21,,,,,,44,,,,35,2,,,0,,,,,,15,6,,,,,,,,,,,,,,,,,,11,,,,,,,,,,,0,,,,,,,,,,,,,,,,,,,,,,
432,,25,,,,,8,,,,,,,,,,,,,,18,10,,,,,0,20,,,0,,,,,,,37,,,,,,,,,,20,5,,,,,,,,,,,,,,,,,,12,,,,,,,,,,,,,,,,,,,,,,,,,,,,,0,,,,
433,,26,,,,,5,,,,,,,,,,,,,,32,,,,,,,7,2,,,,,,,,,42,,,,,,,,,,21,18,,,,,,,,,,,,,,,,,,10,,,,,,,,,,,,,,,,,7,,,,,,,,,,,,,,,,
434,1,20,,0,,,22,,,,,,,,,,,,,,25,12,,,,,,21,,0,,,,41,,,,32,6,,,,,11,,,,16,14,,,,,,,,,,,,,,,,,,3,,,,,,,,,,,,,,,,,0,2,,,,,,,,,,,,,,,
435,,27,,,,,,0,,,,,,,,,,,,,31,22,,,,,,5,,,,,,53,,,,36,,,,,,,2,,,19,20,,,,,,,,,,,,,,,,,,7,,,,,,2,0,,,,,,,,,,,,,,,,,,,,,,,,,,
436,,18,,,,,20,,,,,,,,,,,,,,19,12,,,,,,22,0,,,,,,,2,,33,12,,,,,,,,,22,14,,,,,,,,,,,,,,,,,,11,,,,,,,,,,,,,,,,,,,,7,,,,,,,,,,,,,
437,1,26,,,,2,24,,,,,,,,,,,,,,31,16,,,4,,,,,,,,,,,,1,42,5,,,,3,,,,,,25,,,,,0,,,,,,,4,,,0,,,5,,,0,,,,,,,,,,,,,,4,,,,,,1,,,,,0,,,,,
438,,9,,,,,21,,,,,,,,,,,,,,27,9,,,,,,20,,0,,,,46,,,1,32,,,,,,,,,,12,9,,,,,,,,,,,,,,,,,,8,,1,,,,,,,,,,,,,,,,,,,,,,,,,,,8,0,,,
439,,9,,,,,12,,,,,,,,,,,,,,29,13,0,,,,,12,,,0,,,,,,,26,,,,,,,,,,16,15,,,,,,,,,,,,,,,,,,12,,,,,,,,,,,,,,,,,,,,,0,,,,0,,,,,,,,
440,,22,,,,,2,,,,,1,,,,,,,,,23,14,,,,,,0,,,,,,45,,,,43,,,,,,,5,,,16,11,,,,,,,,,,,,,,,,,,14,,,,,,,,,,,,,,,,,,,,,,,,,,,,,,,,,
441,,25,,,3,,,,,,,,,,0,,,,,,,1,,,4,,,8,,,,,,,,,,46,9,1,,,,,8,,,,23,,,,,,0,,,,,,5,,,,,2,5,,,1,,,,,,,,,,,,,,,,,,,,,,,,,,,,,,
442,,27,,,,,13,,,,,,,,,,,,,,27,13,,,,,,14,,,,,,,,,,37,,,,,,,,,,17,19,,,,,,0,,,,,,6,,,,,,9,,,,,,,,,,,,,,,,,,,,,,,1,,,,,,,,,,
443,,25,,,,1,1,,,,,,,,1,,,,,,30,16,,,4,,,8,,,1,0,,,,,,43,4,,,,2,,2,,,22,22,,,0,,,,,,,,,9,,,2,,,3,1,,,,,,,,,,,,,,,,3,,,,,,1,,,,,,,,,,
444,1,12,,,,,0,,,,,,,,,,,,,,25,3,,,,,,12,,,,,,,,,,29,3,,,,,,,,0,17,17,,,,,,,,,,2,,11,,,,,,13,,,,,,,,,,,,,,,,,,,,,,,,,,,,,,,0,,0
445,,18,,,,,18,,,,,,0,,,,,0,,,28,14,,,,,,15,,,,,,,,,,39,,,,,,,2,,,17,13,,,,,,,,,,10,,,,,,,,15,,,,,,,,,,,,1,,,,,,,,,,,,,,,,,,,,,
446,,26,,,,0,19,,,,,,,,0,,,,,0,27,10,,,,,,18,,,,,,47,,,,37,0,,,,,,,,,18,10,,,,,0,,,,,,,,,,,,,10,,,,,,,1,,,,,,,,,,,,,,,,,,,,,,,,,,
447,,25,,,,1,1,,,,,,,,,,,,,,30,16,,,2,,,8,,,,,,,,,,43,4,,,,2,,2,,,22,22,,,,,,,,,,,,3,,,,,,3,1,,,,,,,,,,,,,,,,3,,,,,,,,,,0,,,,,,
448,1,0,,,,,1,,,,1,,,,,,,,,,,16,,,,,,8,,,,,,0,,,,41,4,,,,2,,,,,1,5,,,,,,,,,,,2,,,,,,,11,1,,,,,,,,,,,,,,,,,,,,,,0,,,,,,,,,,
449,,26,,,,1,13,,,,,,,,,,0,,,,26,9,,,,,,13,,,,,,,,,,38,8,,,,6,,4,,,18,21,,,,,,,,,,11,,,,,,,,5,,,,,,,,,,,,,,,,,,,,,,,,,,,,,,,,,
450,,25,,,,,19,,,,,,,,0,,,,,,28,12,,,,1,,2,,,,,,,,,,26,,,,,,,,,,23,15,,1,,,,,,,,,,,,,,,,10,,,,,,,,,,0,,,,,,,,,,,,,,,,,,,,,,,
451,,12,,,,,19,,,,,,,,,,,,,,27,14,,,,2,,17,,,,,,,,,,35,,,,,,,,,,16,13,,,,,,,,,,,,,,,,,0,13,,,,,,,,,,,,,,,,,,,,,,,,,,0,,,,,,,
452,,15,,,,,18,,,,,,,,,,,,,,28,12,,,,,,8,1,,,,,,,,,29,,,,,3,,0,,,17,12,,,,,,2,,0,,7,,,,,,,,8,,,,,,,,,,,,,,,,,,,,,,,,,,,,,,,,,
453,,25,,,,1,23,,,,,,,,0,,,,,,31,16,,,3,,,,,,0,,,,,,,44,5,,,,2,,3,,,,23,,,,,,,,,,,,8,,,1,,,4,2,,,,,,,,,,,,,,,,0,,,,,,0,,,,,,,,,,
454,,25,,,5,2,,,,,,,,,,,,,,,,1,,,2,,1,10,,,,,,,,,,43,4,3,,,,,8,,,,23,,,,,,,,,,,,6,,,,,,,1,0,,,,,,,,,,,,,,,3,,,,,,,,,,,,,,,,
455,,25,,0,,,4,,,,,,,0,,,,,,,31,16,,,,,,10,,,,,,44,,,,33,,,,,,,,,,22,17,,,,,,,,,,10,,,,1,,,,5,,,,,,,,,,,,,,,,2,6,,,,,,,,,,,,,,,,
456,,10,,,,,20,,,0,,,,,,,,,0,,27,14,,,,1,,20,,,,,,,,,,41,3,,,,,,,,,16,12,,,,,,,,,,0,,,,,,,,13,,,,,,,,,,,,,,,,,,,,,,,,,,,,,,,,,
457,,28,,,,,,,,,,,,,,,,,,,30,16,,,,,,4,,,,,,,,,,44,,,,,,,,,,20,17,,,,,,,,,,,,,,,,,,5,,,,,,,,,,,,,,,,,,,,,,,,,,,,,,,,,
458,,27,,,0,,21,,,,,,,,,,,,,,28,12,,,,,,10,,,,,,,,,,36,8,,,,,12,,,,15,14,,,,,,,,,,,,,,,,,,13,,,,,,,,,0,,,,,,,,,,,,,,,,,0,,,0,,,,
459,,28,,,,1,,1,,,,,,,,,,,,,30,25,,,,,0,2,,,,,,,,,,43,,,,,,11,,,,21,20,,1,,,,,,,,,,,,,,,,6,,,,,,,,,,,,,,,,,,,,,,,,,,,,,,,,,
460,0,4,,,,,19,,,,,,,,,,,,,,28,9,,,,,,19,,,,,,,,,,34,5,,,,2,,,,,0,4,,,,,,,,,,1,,,,,,,,14,,,,,,,,,,,,,,,,,,0,,,,,,,,,,,,,,,
461,,26,,,,,0,,,,,,,,,,,,,,27,10,,,,,,16,,,,,,,,,,35,10,,10,,,,,,,18,8,,,,,,,,,,,,,,,,1,,14,,,,,,,,,,,,,,,,,,,,,,,,,,,0,,,,,0,
462,0,26,,,,,24,,,,,,,,,,,,,,28,14,1,,,,,21,,,,,,,,,,41,9,,,,3,,,,,,17,,,,,,,,,,7,,5,,,,,,14,,,,,,,,,,,,,,0,,,,,,,,,,,,,,,,,,,
463,,25,,,,,17,,,,,,,,,,,,,,30,0,,,5,,,17,,,,,,,,,,39,,,,,2,,,,,15,10,,,,,,,,,,,,,,,,,,13,,,,,,,,,,,,2,,,,,,,,,,,,0,,,,,,,,,
464,,25,,,,,,,,,,,,,,,,,,,31,17,,,,,0,13,,,,,,,0,,,42,,,,,0,,3,,,23,23,,,,,,,,,,,,5,,,,,,4,2,,,,,,,,17,,,,,,,,5,,,2,,,,,,,,,,,,,
465,,26,,,,,19,,,,,,,,,,,,,,25,13,,,,0,,21,,,,,,,,,,38,,,,,,,,,,17,16,,,,,,,,,,,,,,,,,,10,,,,,,0,,,,,,,,,,1,,,,,,,,,,0,,,,,,2,
466,0,21,,,,,14,,,,,,,,,0,,,,,30,15,,,,,,8,,2,,,,49,,,,0,,,,,,,,,,21,16,,,,,,,,,,,,,,,,,,3,,,,,,,,,,,,,,,,1,,0,,,,,,,,,,,,,,,
467,,27,,,,0,24,,,,,,,,,1,,,,,30,17,,,3,,,,,,,,,,,1,,31,4,,,,4,,,,,,24,,,,,,,,,,,,5,,,2,,,4,,,1,,,,,,,,,,,,,0,5,,,,,,,,,,,,,,,,
468,,25,,,,1,1,,,,,,,,,,,,,,30,17,,,2,,,,,,,,,,,,,43,4,,,,3,,2,,,,22,,,,,,,,,0,,,3,,,2,,,3,3,,,,,,,,,,,,,,,,1,,,,,,,,,,,,,,,,
469,,26,,,,,,,,,3,,,,,,,,,,25,22,2,,,,,4,,,,,,,,,,44,6,,,,,11,2,,,20,20,,,,,,,,,,,,,,,,,,8,,,,,,,,,4,,,0,,,,,,,,,,,,0,,,,,0,,,,
470,,26,,,,,16,,,,,,,,,,,,,,31,13,,,,,,8,,,,,,,,1,,38,,,,,,,2,,,23,18,,,,,,,,,,,,,,,,,,9,,,,,,,,,,,,,,,,,,,,,,,,,,,,,,,,,
471,,25,,,,,17,,,,,,,,,,,,,,28,0,,,,,,21,,0,,,,,,,,0,,,,,,,,,,22,12,,,,,,,,,,,,,,,,,,12,,,,,,,,,,,,,,,,,3,,,,,,,,,,,,,,,,
472,,21,,,,2,2,,,,,,,,,,,,,,30,16,,,2,,,8,2,,,,,,,,,44,,,,,,,,,,16,17,,,,,,,,,,,0,,,,,,,4,,,,,,0,,,,,,,,,,,,,,,,0,,,,,,,,,,,
473,,14,,,,,6,,,,,,,1,0,3,,,,,29,14,,,2,2,,21,,,,,,50,,,,39,2,,,,,,,,,15,0,,,,,,,,,,3,,,,,,,,13,,3,,,,,,,1,,,,,,,,,,,,,,,,,,,,,,,3,
474,,26,,,,,20,,,,,,,,,,,,,,30,16,,,,0,,1,,,,,,,,,,35,,,,,,,,,,23,12,,,,,,,,,,,,,,,,,,8,,,,,1,,,,,,,,,,,,,,,,,,,,,,,,,,,,
475,0,30,,,,,21,,,,,,,,,,,,,,25,12,,,,,,2,,,,,,,,,,36,,,,,,,,,,21,16,,,,,,0,,,,,,5,,,,,,12,,,,,,,,,,,,,,,,,,,,,,,,,,,,,,,,,
476,,26,,,2,,,,,,,,,,,,,,2,,,3,,,7,,,10,,,,,,,,,,47,10,0,,,,,7,,,,23,,,,,,,,,,,,5,,,,,3,6,,,,,,,,,,,,,,,,,,,,,,,,2,,,,,,,,,
477,,25,,,,4,23,,,,,,,,,,,,,,31,16,,,,,,7,,,,,,53,,,,41,,,,,,0,,,,20,0,,,,,,,,,,,,,,,,,,3,,,,,,,,,,,,,,,,,,,,,,,,,1,,,,,,,,0
478,,19,,1,,1,24,1,,,,,,,2,,,,,,26,2,,,,,,22,,,,,,,,,,33,4,,,,,,,,,22,15,,,,,,,,,,,,3,,,,,,4,,,0,,,,,,,,,,,,,,,,,,,,,,,,,,,,,,
479,3,11,,,,2,22,,,,,0,,,,,,,,,27,10,,,2,,,21,,,,,,49,,,,40,6,,,,0,,,,,14,7,,,,,,,,,,,,,,,,,0,15,,,,,,,,,,,,,,,,,,,,,,,,,,,,,,,,0,
480,,8,,,,2,13,,,,,,,,,,,,,,25,8,,,,,,12,1,,,,,,,,,40,7,,,,,,5,,,19,20,,,1,,,,,9,,12,,,,,,,,16,0,,,,,,,,,,,,,,,,3,,,,,,,,,,,,0,,,,
481,,26,,,,,20,,,0,,,,,,,,,,,31,14,,,,,,0,,0,,,,,,,,36,,,,,,,,,,23,15,,,,,,,,,,,,,,,,,,4,,,,,,,,,,,,,,,,,,,,,,,,,,,,,,,,,
482,,22,,,,,2,,,,,,,,,,,,,,23,13,,,,,,20,,,,,,46,,,,37,,4,,,,,2,,,19,14,,,,,,,,,,,,,,,,,,13,,,,,,,0,,,,,,,,,,,,,,,,,,,,,,2,,,,
483,2,50,,0,,,26,,,,,,,,,,,,,,22,9,,,,,,16,,,,,,,,,,30,,,,,,,,,,18,25,,,,,,,,,,,,,,,,,,20,,,,,,,,,,,26,,,,,,,,,5,,,,,,,,,,,,,
484,,28,,,,,36,,,,,,,,,,,,,,20,8,,,,,,24,,,,,,21,,,,36,,,5,,,,,,,19,10,,,,,,,,,,,,,,,,,,13,1,,,,,,,,1,,,,,,,,,,,,,,,,,,,,,,,,
485,,26,,,,5,1,0,,1,,,,,,,,,,,31,17,,,,,,6,,,,,,,,,,0,,,,,,11,2,,,22,20,,,,,,,,,,,,,,,,,,5,,,,,,,,,,,,,,,,,,,,,0,,,,,,,,,,,,1
486,,26,,,,2,,,,,,,,,,,,,0,,23,24,,,,,,3,,,,,,48,,,,43,,,,,,,,,,20,21,,,,,,,,,,,,,,,,,0,0,,,,,,,,0,,,,,,,,,,,,,,,,,,,,,,0,,,
487,,19,,,,,23,,,,,,,,,,,,,,28,15,,,,,,17,,,,,,43,,,,40,,,,,2,,,,,17,17,,,,,,,,,,,,,,,,,,13,,,,,,,,,,,,0,,,,,,,,,,,,,,,,,,,,,
488,,17,,,,,17,,,,,,,,,,,,,,28,10,,,,,,21,,,,,,,,3,,38,,,8,,,,,,,13,8,,,,,,,0,,,,,,,,,,,11,,,,,,,,,,,,,,,,,,,,1,,,,,0,,,,,,,,
489,,26,,,,,21,,,,,,,,,,,,,,30,12,,,,,,5,,,,,,,,,,30,,,,,4,,,,,22,18,,,,,,,,,,,,,,,,,,6,,,,,,,,,1,,,,,,,,,,,,,,,,,,,,,,,,
490,,25,,,1,,1,,,,,,,,,,,,,,26,13,,,,,,3,,,,,,48,0,,,37,2,6,,,,,,,,15,15,,,,,,,,,,12,,,,,,,,8,,,,,,,0,,,,,,,,,,,,,,,,,,,,,,,,,,
491,,25,,,,,22,,,,,,,,,,,,,,29,13,,,,,,1,,,,,,,,,,27,3,,,,,,,,,22,18,0,,,,,,,,,,,,,,,,,4,,,,,,,,,,,,,,,,,3,,,,,,,,,,,,,,,,0
492,,25,,,,,6,,,,,,,,,,,,,,20,13,,,,,,22,,,,1,,,,,,37,,,,,,,,,,15,14,,,,,,,,,,6,,,,,0,,,9,,,,,,,,,,,,,,,,,,,,,,,,,,,,,,,,,
493,,23,,,,,24,,,,,,,,,,,,,,28,14,,,,,,21,,,,,,,,,,39,,,,,,,,,,1,16,,,,,,,,,,,,,,,,,,13,,,,,,,,,,,,,,,,,,,,,,0,,,,,,,9,,,,
494,,25,,,,,24,,,,,,,,,,,,,,26,13,0,,2,,,8,,,,,,44,,5,,43,,,,,,,,,,7,13,,,,,,,,,,,,,,,,,,9,,,,,,,,,,,,,,,,,,,,,,,,,,,,,,,,,
495,6,27,,,,,3,,,,,,0,,,,,,,,30,4,,,,,,20,,,,,,,,,,40,,1,,,3,,,,,1,15,,,,,,,,,,3,,,,,,,,12,,2,,,,,,0,,,,,,,,,,2,,,,,,,,,,,9,,,,
496,,2,,,,,21,0,,,,,,,1,,,,,,22,13,,0,,,,24,,,,,,,,,,40,,,,,,,,,1,21,15,,0,,,,,,,,,,4,,,,,,10,,,,,,,,,,,,,,,,,,,,,,,,,,,,,,,,,
497,,26,,,,,20,,,,,,,,,,,,,,23,11,,,,,,18,,,,,,,,,,38,9,,,,,,,,,19,9,,,,,,1,,,,,,,,,,,,10,0,,,,,,,,,,,,,,,,,,,,,,,,,,,,,,,,
498,2,25,,,,2,22,,,,,,,,,,,,,,32,15,,,2,,,23,,,,,,,,,0,31,7,,,,4,,,,,,24,,,,,1,,,,,,,7,,,3,,,6,,,,,,,,,,,,,,,,,1,,,,,,,,,,,,,,,,
499,2,27,,,,2,1,,,,,,,,,,,,,,30,1,,,5,,,,,,,,,,,,,43,6,,,,4,,,,,22,22,,,,,,,,,,,,3,,,,,,15,,,2,,,,,,,,,,,,,,5,,,,,,2,,,,,,,,,,
500,,10,,,,,17,,,,,,,,,,,,,1,28,10,,,,0,,18,,,1,,,47,,,,33,,,,,,,,,,19,17,,,,,,,,,,8,,,,,,,,12,,,,,,,,,,,,,,,0,,,,,,,,,,,,,,,,,,
501,,27,,,2,,,,,,,,,,,,,,1,,,3,,,5,,,10,,,,,,,,,,46,8,3,,,,,6,,,,24,,,,,,,,,,,0,4,,,,,2,4,,,,0,,,,,,,,,,,,,,,,,,,,0,,,,,,,,,
502,7,12,,,,,22,,,,,,,,,,,,,,0,15,,,,,,4,,,,,,,,,,38,4,,,,,,2,,,21,18,,,,,,,,,,,,6,,,,,,3,1,,,,,,,,,,,,,,,,,,,,,,0,,,,,,,,,,
503,,13,,,,,22,,,,,,,,,,,,,,26,13,,0,,,,22,,,,,,,,1,,39,,,,,,,,,,14,0,,,,,,,,,,,,,,,,,,13,,,,,,,,,0,,,,,,,,,0,,,,,,,,,,,,,,,
504,,27,,,,,13,,,,,,,2,,,,,,,31,,,,,,,1,,,,,,,,,,41,,,,,,,,,,20,15,,,,,,,,,,,,,,,,,,0,,,,,,,,,,,,,,,2,,,,,,,,,,,0,,,,,,,
505,,27,,,,2,,,,,,,,,,,,,,,24,24,3,,,,,6,,,,,,50,0,,,42,,,,,,,,,,23,22,,,,,,,,,,1,,3,,,,,,5,,,,,,,,,,,,2,,,,,,,,,,,,,,,,,1,,,,
506,,25,0,,,,21,,,,,,,,,,,,,,28,13,,,,,,21,,,,,,45,,,,33,,,,,,,2,,2,9,14,,,,,,,,,,,,,,,,,,14,,,,,,,,,,,,,,,,,,,,,,,,,,,,,1,,,,
507,,27,,,,,3,2,,,,,,,,,,,,,27,2,,,,,,18,,,,,,,,,,37,,3,,,,,0,,,14,11,,,,,0,,,,,,,,,,,,,11,,,,,,,,,,,,,,,,,,,,,,,,,,,,,,,,,
508,,21,,,,,0,,,,,,,,,,,,,,30,1,,,0,,,22,,,,,,,,,,35,,,,,,,,,,17,16,,,,,,,,,,,,,,,,,,5,,,,,,,,,,,,,,,,,,,,,,,,,,,,,,,,,
509,,29,,,2,,1,,,,,,,,,,,,,,25,22,,,,,,5,,,0,,,46,,,,44,,,,,,,,,,22,18,,,,,,,,,,,,,,,,0,,5,,,,,,,,,,,,,,,,,,,,,,,,,,,,,,,,,
510,,26,,,,,20,,,,,,,,,,,,,,29,12,,,,,,12,0,,,,,,,,,38,0,,,,,,,,,20,15,,,,,,,,,,0,,,,,,,,10,,,,,,,,,,,,,,,,,8,,,,,,,,,,,,,,,,
511,,22,,,,2,18,,,,,,,,,,,,,,20,12,,,,,,18,1,,,,,45,,0,,42,2,,,,,,,,,15,7,,,,,,,,,,,,,,,,,,16,,,,,,,,,,0,,,,,,,,,,,,,,,,,,,,,,,
512,,22,,,,4,24,,,,,,,,,,,,,,19,14,0,,,,,22,0,,,,0,,,,,41,,,,,,,,,,7,11,,,,,,,,,0,7,,0,,,,,,14,,,,,,,,,,,,,,,,,,,,,,,,,,,,,,,,,0
513,,19,,,,,26,,,,,,,,,,,,,,27,10,,,,,,16,,1,,,,,,,,29,,,,,,,,,,12,15,,,,,,,,,,,,,,,,,,12,,,,,,,,,,,,,,,,,,,,,,,,,,,,,,,,,
514,,27,,,,,18,,,,,,,,,,,,,,29,12,,,,,,20,,,0,,,,,,,38,7,,,,,0,,,,11,14,,,,,,,,,,,,,,,,,,12,,,,,,,,,,,,,,,,,,,0,,,,,,,,,,1,,,,
515,,1,,,,,24,,,,,,,,,,,,,,21,12,,,3,,,15,,,,,,,,,,38,,,,,,,1,,,19,10,,,,,,1,,,,0,,,,,,,,11,,,,,,,,,,,,,,,,0,,0,,,,,,,,,,,,,,,
516,,27,,,,0,,,,,,,,,,,,,,,30,22,0,,,,,0,,,,,,49,,,,42,,,,,,,,,,22,18,,,,,,,,,,,,,,,,,,3,,,,,,,,,,,,1,,,,,,,,,,,,,,,,,,,,,
517,,24,,,,,23,,,,0,,,,,,,,,,26,12,,,,,,23,,,,,,45,,1,,39,,,7,,,,,,,8,3,,,,,,,,,,6,,,,,,,,13,,0,,,,,,,,,,,,,,,,,,,,,,,,,,,,,,,
518,,28,,,,3,,,,,,,,,,,,,,,32,24,,,,,,5,,,,,,52,,,,41,,,,,,12,,,,22,19,,,,,,,,,,,,,,,,,,6,,,,,,,,,1,,,,,,,,,,,,0,,,,,,,,,,,,1
519,,25,,,,,18,,,,,,,0,,,,,,,27,12,,,2,,,1,,,,,,,,0,,43,,,,,,,,,,23,12,,0,,,,,5,,,,,,,,,,,7,,,,,,,,0,3,,,,,,,,,,,,,,,,,,,,,,,,
520,,11,,,,,21,,,,,,,,,,,,,,31,11,,,,2,,19,,,,,,,,,,27,,,,,,,,,,15,8,,,,,,,,,,,,3,,,,,,7,,0,,,,,,,,,,,,,,,,,,,,,,,,,,,,,,,
521,,26,,,,,9,,,,,,,,,,,,,,30,13,,,,,,19,,,,,,,,,,0,,,,,,,,,3,1,17,,,,,,,,,,,,,,,,,,9,,,,,,,,,,,,,,,,,,,,,,,,,,,,,,,,,
522,,25,,,,,15,,,,,,,,,,,,,,29,16,,,,,,8,,3,,,,,,,,35,,,,,,,,,,20,16,,,,,,,,,,,,,,2,,,,10,,,,,,,,,,,,,,1,,3,,,,,,,,,,,,,,,,,
523,,25,,,,,20,1,,,,,,,,,,,,,29,14,,,,,,15,,,,,,47,,,,41,,,,,,,,,,14,14,,,,,,,,1,,,,,,,,,0,0,,,,,,,,,,,,,,,,,,0,,,,,,,,,,,,,,,
524,,24,,,,,20,,,,,,,,,,,,,,19,10,,,,,,21,,,,,,,,,,33,,,,,,,,,,14,15,,,,0,,,,,,,,6,,,,,,13,,,,,0,,,,,,,,,,1,,,,,,,,,0,,,,,,,,,
525,,23,,,,1,23,,,,,,,,,0,,,,,28,11,,,,,,19,,,,,,51,,,,42,,,,,,,,,,17,16,,,,,,,,,,4,,,1,,,,,12,,,,,,,,,,,,,,,,,,,,,,,,,,,,,,,,,
526,0,27,,,,,,,,,,,,,,,,,,,9,12,,,,,,20,,,0,,,40,,,,27,,,8,,,,,,,2,3,,,,,,,,,,,,,,,,,,5,,1,,,,,,,,,,,,,,,,,,6,,,,,,,,,,,,,
527,4,5,,,,,3,,,,,,,,,,,,,,25,9,,,,,,8,,,,,,,,,,40,,,,,,,,,,15,7,,,,,,,,,,,,,,,,,,6,,,,,,1,,,,,,,,,,,,,,,,,,,,,,,,,,1,
528,,27,,,,,14,,,,,,,,,,,,,,30,15,,,,,,8,,,,,,,,,,41,,,,,,,,,,1,18,,,,,,,,,,,,,,,,,,9,,,0,,,,,,,,,,,,,,,,,,,,,,,,,,,,,,
529,,20,,,,,15,,,,,,,3,,1,,,,,28,16,,,,,,9,,,,,,,,,,43,,,,,,,,,,21,17,,,,,,,,,,,0,,,1,,,,4,,,,,,,,,,,,,,,,0,,,,,,,,,,,,,,,,,
530,,17,,,,1,20,,2,,,,0,,,,,,,,30,15,,,,3,,8,,,,,,,,,,0,4,,,,,,2,,,23,18,,,,,,,,,,2,,,,0,,,,10,,,,,,0,,,,,,,,,,,3,,,,,,,,,,,,,,,,
531,,26,0,,,,14,,,,,,,,,,,,,0,30,13,,,,,,0,,,,,,,,,,42,,,,0,,,,,,22,18,,,0,,,,,,,11,,,,,,,,9,,,,,,,,,,,,,,,,,,,,,,,,,,,,,,,,,
532,,27,,,,1,23,,,,,,,,,0,,,,,29,0,,,4,,,,,,,,,,,0,,30,6,,,,5,,,,,,23,,,,,,,,,,8,,6,,,,,,14,,,1,,,,,,,,,,,,,,4,,,,,,,,,,,,,,,,
533,,20,0,,,,7,,,,,,,,,,,,,,30,13,,,,,,8,1,,,,,,,,,43,,,,,,,,,,21,16,,,,,,,,,,,,,,,,,,3,,,,,,0,,,,,,,,,,,,,,,,,,,,,,,,,0,,
534,,20,,1,,,23,,,,,,,,3,3,,,,0,30,13,,0,,,,21,,,,,,,,,,34,5,,,,0,13,,,,22,16,,,,,,1,,,,0,,0,,,,,,5,,,,,,,,,,,,,,,,,,,,,,,0,,,,,,,,,,
535,3,5,,,,,20,,,,,,,,,,,,,,29,10,,,,,,8,,,,,,,,,,40,6,,,,3,,,,,18,12,,,,,,,,,,4,,,,,,,,14,,0,,,,,,,,,,,,,,,,,,,,,,,,,,,,,,,
536,,23,,,1,,25,,,,,,,,,,,,,,29,14,,,,,,22,,,,,,46,,,,42,3,,,,,,,,,0,4,,,,,,,,,,5,,3,,,,,,11,,,,,,,,,,,,,,,,0,,,,1,,,,,,,,,,,,,
537,,14,,,,,19,,,,,,,,,,,,,,27,12,,,0,,,22,,,,,,,,0,,38,,,,,,,,,,14,7,,,,,,,,,,,,,,,,,,13,,,,,,,,,,,,,,,1,,,2,,,,,,,,,,,,,,,
538,,29,,,,,30,,,,,,,,,,,,,,22,12,,,,,,25,,,,,,43,,,,42,,,7,,,,,,,20,16,,,,,,,,,,,,,,,,,,14,,,,,,,,,,,,,,,,,,,,,,,,,,,,,,,,,
539,,22,,,,,15,,,,,,,,,,,,,,27,14,,,,,,5,,1,,,,48,,,,43,,,,,,,,,,19,17,,,,,,,,,,,,,,0,,,,11,,,,,,,,,,,,,,,,,,,,,,,,,,,,,,,,,
540,,25,,,,,22,,,,2,,,,,,,,,,24,23,,,,,,8,,,,,,,,,,39,,,,,,,,,,22,14,,,,,,,,0,,,,,,,,0,,12,,,,,,,,,,,,,,0,,,,,,,,,,,,,,,,,,,
541,,26,,,,,5,,,,,,,1,,,,,,,31,0,,,,,,9,,,1,,,,,,,36,,,,,,,,,,18,18,,,,,,,,,,,,,,,,,,5,,,,,,,,,,,,,,,1,,,,,,,,,,,,,,,,,,
542,5,23,,,,,5,,,,,,,,,,,,,,29,12,,,,,,21,,,,,,41,,2,,41,,,,,,,,0,,17,16,,,,,,,,,,,,,,,,,,11,,,,,,,,,,,,,,,,,,,,,,,,,,,,,0,,,,
543,,25,,,,,12,,,,,,,,,,,,,,31,14,,,,,,8,,,,,,,,,,41,6,,,,5,,4,,,22,19,,,,,,,,,,10,,,,,,,,10,,,,,,,,,,,,,,,,,,,,,,,,,,,,,,,,,
544,,26,,,,,2,,,,,,,,,,,,,,19,13,,,,,,13,,,,0,,,,,,26,,3,,,4,,,,,16,5,,,,,,,,0,,,,1,,,,0,,14,,,,,,,,,,,,,,,0,,,,,,,,,0,,,,,0,,,,
545,,4,,,,,17,,,,,,,,,,,,,,28,0,,,,,,12,,,,,,,,,,26,,,,,2,,,,,17,15,,,,,,0,,,,,,,,,,,,15,,,,,,,,,,,,,,0,,,,,,,,,,,,,,,,,,,
546,,17,,,,,22,,,,,,,,,,,,,,29,15,,,,,,9,,,,,,,,,,34,,,,,4,,,,,21,14,,,,,,,0,,,,,,,,,,,6,,,0,,,,,,,,,,,,,,,,,,,,,,,,,,,,,,
547,,26,,,,,20,,,,,,,,,,,,,,30,11,,,,1,,5,,,,,,,,,,40,,,,,3,,2,,,21,16,,,,,,,3,,,,,,,,,,,6,,,,,,,,,0,,,,,,,,,,,,,,,10,,0,,,,,,,
548,,24,,,0,,18,,,,,,,,,,,,,,28,10,,,,,,0,,,,,,,,,,38,,,,,,,,,,21,13,,,,,,,,,,9,,1,,,,,,8,,2,1,,,,,,,,,,,,,,,,,,,,,,,,,,,,,,
549,,25,,,,,23,12,,,,,,,,,,,,,30,16,,,,,,12,,,,,,,,,,43,6,2,,,,,4,,,22,17,,,,,,,,,,,,,,1,,,,4,,,0,,,,,,,,,,,,,,,,,,,,,,,,,,,,,,
550,,25,,,,1,1,,,,,,,,,,,0,,,0,16,,,2,,,8,,,,,,,,,,43,4,,,,2,,2,,,22,22,,,,,,,,,,,,3,,,,,,3,1,,,,,,,,,,,,,,,,3,,,,,,,,,,,,,,,,
551,,29,,,,2,,,,,,,,,,,,,,,32,25,,,,,,3,,,,,,53,,,,43,0,,,,,12,,,,22,21,,,,,,,,,,,,,,,,,,6,,,,,,,,,,,,,,,,,,,,,,,,,,,,,,,,,
552,,26,,,,,2,,,,2,0,,,,,,,2,,31,16,,,,,,7,,,,,,,,,,43,,,,,3,,4,,,22,12,,,,,,,,,,,,3,,,,,,2,1,,,,,,,,19,,,,,,,,4,,,,,,,,,,,,,,,,
553,,11,,,,,16,,,,,,,,,,,,,,24,10,,,,,,19,,0,,,,,,,,31,,,,,,,,,,20,0,,,,,,,,,,,,,,0,,,,8,,,,,,,,,,,,,,,,,,,,,,,,,,,,,,,,,
554,,25,,,,3,,,,,,,,,,,,,,,32,23,,,,,,5,,,,,,52,,,,44,7,,,,2,,3,,,21,20,,,,,,,,,,,,,,,,,,3,,,,,,,,,0,,,,,,,,,,,,,,,,,,,,,,,,
555,,11,,,,,15,,,,,,,1,,,,,,,32,11,,,,,,9,,,,,,,,,,35,,,,,5,,,,,20,14,,,,,,,,,,10,,,,,0,,0,5,,,,,,,,,,,,,,,,,,,,,,,,,,,,,,,,,
556,,21,,2,,,4,,,,,,,,,,,,,,22,14,,,,3,,22,,,,,,,0,,,38,,,,,,,,,,13,7,,,,,,,,,,,,0,,,,,,7,,,,,,,,,,,,,,,,,,,,,,,,,,,,,,,,,
557,,26,,,,,16,,,0,,,,,,,,,,,29,10,,,,,,17,,,,,,,,,,34,,,,,,,,,,21,11,,,,,,,3,,,,,,,0,,,,0,,,,,,,,,,,,,,0,,,,,,,,,,,,,,,,,,,
558,,12,,,,,13,,,,,,,,,,,,,,28,5,,,3,,,15,,,0,,,,,,,35,,,,,,,,,,17,17,,,2,,,,,,,0,,3,,,,,,12,,,,,,,,,,,,,,,,,,3,,,,,,,,,,,,,,,
559,,23,,,,0,0,,,,,,,,,,,,,,27,11,,,,,,23,,,,,,,,,,43,6,,,,,,,,,19,15,,,,,,,,,,,,,,,,,,11,,,,,,,,,,,,,,,,,,,,,,,,,,,,,,,,1,
560,,17,,,,,34,,,,1,0,,,,,,,,,23,15,,,,,,20,0,,,,,,,,,38,,,,,,,,0,,20,3,,,,,,,,,,,,,,,,,,12,,,,,,,,,,,,,,,,,,,,,,,,,,,0,,,,,,
561,,24,,,,,7,,,,,,,,,,,,,,30,13,,,,1,,7,,,,,,51,,,,27,4,,,,,,,,,6,16,,,,,,,,,,,,,,,,,,15,,,,,,,,,,,,,,,,,,,,,,,,,,,,,,,,,
562,,25,,,,,17,,,,,,,,,,,,,,31,,,,2,,,8,,,,,,,,,,38,,,,,,,3,,,22,18,,,,,,,,,,,,3,,,0,,,5,,,,,,,,,,,,,,,,,,,,,,,,,,,,,,,,,
563,,26,,,,,22,,,,,,,,,2,,,,,29,15,,,,,,11,0,,,,,,,,,43,,,,,,10,3,,,18,26,,,,,,,,,,,,,,,,,,8,,,,,,,,,,,,,,,,,,,,,,,,,,,,,,,,,
564,,26,,,4,,,,,,,,,,,,,,,,,0,,,3,,0,9,,,,,,,,,,46,9,3,,,,,7,,,,23,,,,,,,,,,,,5,,,,,,,,,2,,,,,,,,,,,,,,3,,,,,,,,,,,,,,,,
565,,3,,,,,8,3,0,,0,,,,,,,1,,2,26,14,,,,,,14,,,,,,,,,,33,,,,,,,,,,20,15,,,,,,,,,,,,9,,,,,,11,0,,,,,,,,,,,,,,,,,,,,,,,,,,,,,,,,
566,,26,,,,,20,0,,,,,,,,,,,,,26,11,,,,,,19,,,,,,44,,1,,34,7,,,,,,,,,18,4,,,,,,,,,,0,,,,,,,,13,,,,,,0,,,,,,,,,,,,,,,,,,,,,,,,,,,
567,,4,,,,,37,,,,,,,,,,,,,,26,13,,,5,,,21,,,,,,,,2,,39,,,,,,,,,,19,11,,3,,,,,,,,,,,,,,,,14,,,,,,1,,,,,,,,,,0,,0,,5,,,,,,,,,,,,,
568,,26,,1,,,16,,0,,,,,,,,,,,,26,14,,,,,,8,,,,,,,,,,41,,,,,2,,,,,23,17,,,1,,,,,,,,,,,,,,,3,,,,,,,,,,,,,,0,,,,,,,,,,,,,,,,,,,
569,,26,,,,,20,,,,,,,,,,,,,,26,10,,,1,,,21,,,,,,45,,4,,34,,,,,,,,,,17,14,,,,,,,,,,,,,,,,,,12,,,,,,,,,,,,,,,1,,,,,,,,,,,,,,,,,,
570,,12,,,,,11,,,,,,,,,,,,,,32,12,,,2,,,16,,,,,,,,,,0,,,,,,,,,,23,17,,,,,,0,,,,,,1,,,,,,11,,,,,,,,,,,,,,,,,,,,,,,,,,,,,,,,,
571,0,25,,,,1,9,,,,,,,3,,,,,,0,32,16,,,,,,21,,,,,,,,,,42,4,,,,2,,,,,21,16,,,,,,,,,,,,,,,,,,1,1,,,,,,,,,,,,0,,3,,,,,,,,,,,,,,,,,,
572,,27,,,,1,24,,,,,,,,,2,,,,,32,16,,,2,,,,,,,,,,,2,,32,4,,,,6,,,,,,25,,,,,,,,,,,,6,,,1,,,3,,,2,,,,,,,,,,,0,,,5,,,,,0,,,,,,,,,,,
573,,10,,,,,,,,,,,,,,,,,,,34,17,,,,,,,,,,,,,,,,44,,,,,,,,,,31,,,,,,,,,17,9,,3,,,,,12,,4,,0,,,,,,,,,,,,,,,,,,,,,,1,,,,,6,,,,
574,,12,,,,,,,,,,,,,,,,,,,34,21,,,,,,22,1,,,,,,,,,46,,,,,,,,,,33,20,,,,,,,,17,15,,1,,,,,,,0,0,,,,,,,,,,,,,,,3,,,,,,,,15,,0,,,7,2,,,
575,,12,,,,,,,,,,,,,,3,,,,,33,19,,,,,1,,,,,,,,0,,,44,,,,,1,,,,,1,,,,,,,,,12,2,,3,,,,,0,,11,,,,,,,,,,,,,,,,2,,,,,3,,,5,,,,,1,,,,
576,,4,,,3,,,,,,,,,,,,,,,,,,,,4,,,,,,,,,,,,,,,,,0,,,,,,,,,,,,,,,8,,3,,,,,,,4,,,,,,,,,,4,,,,,,,,,,,,,,,,,,,,6,,,,
577,,3,0,,0,,,,,,,,,,,,,,,,,,,,4,,,,,,,,,0,,,,,,,,,,,,,,,,,,,,,,,5,,3,,,,,,,7,,1,,,,,,,,,,,,,,,,,,,,,,,14,,,,,8,,,,
578,,6,,,1,,,,,,,1,,,,,,,,,,,,,0,,,,,,,,,1,,,,,,,,,,,,,,,,,,,0,,,,7,,3,,,,,,,4,,,,,,,,,,,,,,,,,,,,,,,,,,,,,,11,,,,
579,,9,,,,,,,,,,,,,,,,,,,35,17,,,,,,,,,,,,,,,,45,,,,,,,,,,28,15,,,,,,,,13,10,,4,,,,1,,,14,,,,,,,,,,,,,,,,0,,,,,,,,8,,,,,5,,,,
580,,33,,,,,36,,,,,,,,,,,,,,21,6,,,4,,,14,,,,,,40,,0,,24,,,,,,,,,,19,15,,,,,,,,9,,,,,,,,,,16,,,,,,,,,,,,,0,,,,,,,6,,,,,,,,,,,,,
581,,8,1,,,,36,,1,,,,,,,4,,,,,29,8,,,,,,16,,,,,,,,,,,,,,,0,,,,,12,,,0,,,,,,,,,3,,,,,,,17,,,,,,,,,,,1,,,,,,,,,1,0,,,13,,,0,,,,,,
582,,4,,,4,,,,,,,,,,,,,,,,,,,,5,,,,,,,,,,,,,,,,,,,,,0,,,,,,,,0,,,6,,1,,,,,,,2,,,,,,,,,,,,,0,,,,,1,,,,,,,,,,,,0,,,,2
583,,6,,,1,,,,,,,,,,,,,,,,,,,,4,,,,,,,,,,,,,,,,,,,,,,,,,,,,,,,,3,,2,,,,,,,0,,,,,,,,,,,,2,,,,,,,,,,,,,,,,,,0,,,,0
584,,14,1,,,1,,,,,,,,,,,,,,,31,20,,,,,,,,,,,,,,,,45,,,,,,,,,,36,19,,,,,,,,16,1,,7,,,,,,,12,2,,,,,,,,,,0,,,,,,,,,,,,,15,1,,,,6,1,,,
585,,8,1,,,,36,,,,,,,,,3,,,,,28,8,,,,,,16,,,,,,,,,,,,,,,,,,,,12,0,,,,,,,,9,,,3,,,,,,,16,,,,,,,,,,,,,,,,,,,,1,,,,13,,,,,1,,,,
586,,9,,,0,0,24,,,,,,,,,3,,,,,28,14,,,,,,24,,,,,,,,,,30,,,,,,,,,0,22,14,,,,,,,,,,8,,,,,,,,7,,,,,,,,,,,,,,,,,,,,2,,,,,,,,,2,,,,
587,,8,,,,,27,,,,,,,,,,,,,,28,13,,,,,,23,,,,,,,,,,31,,,,,,,,,,22,14,,,,,,,,,,,,,,,,,,14,,,,,,,0,,,,,,,,,,,,,4,,,,,,0,,,,,,,
588,,8,,,,,,,,,,,,,,,,,,,28,16,,,,,,,,,,,,,,,,42,,,,,,,,,,32,,,,,,,,,15,11,,4,,,,,4,,13,,,,,,,,,,,,,,,,,,,,,3,,,1,,,,,1,,,,
589,,11,,,0,,,,,,,,,,,,,,,,32,15,,,,,0,,,,,,,,,,,34,,,,,1,,,,,25,,,,,,,,,13,5,,5,,,0,,13,,12,,4,,,,,,,,,,,,,,,,,,,,,,6,,,,,2,,,1,
590,,8,,,,,38,0,0,,,,,,,,,,,,28,0,,,,,,,,,,,,,,,,48,,,,,,,,,,19,16,,,,,,,,13,4,,5,,,,,2,,13,,,,,,,,,,,,,,,,,,,,,,0,,7,,,,,7,,,,
591,,9,,,,,23,,,,,,,,,,,,,0,24,12,,,,,1,22,,,,,,,,,,37,,,,,,,3,,,14,15,,,,,,,,,,,,,,,,,,14,,,,,,,,,,,,,,,,,,,,3,,,,,,,,,,,,,
592,,9,,,,,,,,,,,,,,,,,,,34,19,,,,,,,,,,,,,,,,44,,,,,,,,0,,31,,,,,,,,,11,0,,4,,,,,9,,12,,,,,,,,,,,,,,,,1,,,,,,,,0,,,,,1,4,,0,
593,,8,2,,,,4,,,,,,,,,0,,,,,19,12,,,,,,0,3,,,,,45,,4,,35,8,,,,,,,,,19,14,,,0,,,,,10,,,,,,,,,,16,,,,,,,,,,,,,,,,,,,,,,,,,,,,,6,,,,
594,,,,,,,,,,,,1,,,,,,0,,,30,8,0,,,,3,17,,,,,,,,,,,,,,,,9,,,,19,,,,,2,,9,3,,,6,,,,,,,,1,,,,,,,,,,,,,,,,,,,,,,,,,,,11,,,,,,
595,,7,,,3,,,,,,,,,,,,,,,,,8,,,5,,,,0,,,,,,,,,,,,,,,,,,,,,,,,,,,,5,,0,,,,,,,6,,,,,,,,,,,,,2,,,,,,,,,,,,,,,,,11,,,,
596,,15,,,,,,,,,,,,1,,3,,,,,12,24,,,,,,,,,,,,,,,,29,,,,,,,,,,35,43,,,,,,,,18,,,6,,,,,,,16,,,,,,,,,,,27,,,,,,,,,,,,,16,,,,,7,,,,
597,,11,,,,,,,,,,,,,,,,,,,34,18,,,,,,,,,,,,,,,,45,,,,,3,,,,,30,,,,,0,,,,16,4,,5,,,,,8,,11,,,,,,,,,,,,,,,,,,,,,1,,,3,,,,,4,,,,0
598,,11,,,,,,,,,,,,,,,,,,0,35,18,,,,,,,,,,,,,,,,45,,,,,,,,3,0,30,,,,,,,,,15,5,,5,0,,,,11,,4,,,,,,,,,,,,,,,,,,,,,,,,9,,,,,2,0,,,
599,,6,1,,3,,,,,,,0,0,,,,,,,,28,,,,4,,,,,,,,,,,,,,,,,,,,,,,,,,,1,,,,,7,,0,3,,,,,,3,,,,,,,,,,0,,,3,,,,,,,,,,,,,,,,,9,,,,
600,,1,,,2,,,,,,,,,,,,,,,,,,,,6,,,,,,,,,,,,,,,,,,,,,,,,,,,,,,,,4,,4,,,,,,,5,,,,,,,,,,,,,2,,,,,,,,2,,,,,,,,,11,,,,
601,,31,,,,5,24,,,,,,,,,,,,,,19,11,,,,,,25,,,,,,46,,,,28,,,11,,,,,,,28,26,,,,,,,,15,,,,,,,,,,20,,,,,,,,,,,,,,,0,,,,,,,,,11,,,,,0,,,,
602,,8,1,,,,36,,,,,,,,,3,,,,,28,8,,,,,,16,,,,,,0,,,,,,,,,,,,,,12,,,,,,,,,9,,,3,,,,,,,16,,,,,,,,,,,,,,,,,,,,1,,,,13,,,,,1,,,,
603,,11,,,,,,,,,,,,,,,,,,,34,16,,,,,,,,,,,,,3,,,43,,,,,3,0,,1,,28,,,,,,,,,17,6,,2,,,2,,0,,10,,2,,,,,,,,,,,,,,,,,,,0,4,,8,,,,,6,,,,
604,,11,,,,,4,,,,,,,,,,,,,,20,9,,,,,,23,,,,,,,,,,31,,,,,,,,,,17,12,,,,,,,0,,,,,,,,,,,4,,,,,,,,1,,,,,,,,,,,,,,,,,,,,,,,,,
605,,10,,,,,,,,,,,,,,,,,,,35,17,,,,,,,0,,,,0,,,,,42,,,,,3,,,,,30,,,4,,,,,,16,6,,4,0,,1,,2,,14,,1,,,,,,,,,,,,,,,,,,,,1,,7,,,,,3,,,,
606,,32,,,,,27,,,,,,,,,,,,,,18,8,1,,,,,27,,,,,,38,,,,14,13,,0,,,,,,,3,15,,,,,,,,,,,,,,,,,,27,1,,,,,,,,0,,,,,,,,,,,,,,,,,,,,,,,,
607,,8,1,,,,36,,,,,,,,,3,,,,,28,8,,,,,,16,,,,,,,,0,,,,,,,,,,,,12,,,,,,,,,9,,,3,,,,,,,16,,,,,,,,,,,,,,,,,,,,1,,,,13,,,,,1,,,,
608,,8,1,,,,36,,,,,,,,,3,,,,,28,8,,,,,,16,,,,,,,,,,,,,,,,,,,,12,,,,0,,,,,9,,,3,,,0,,,,16,,,,,,,,,,,,,,,,,,,,1,,,,13,,,,,1,,,,
609,,9,,,,,,,,,,,,,,,,,,,33,14,,,,,,,,,,,,,,,,43,,,,0,,,,,,25,,,,,,,,,11,2,,2,,,,,10,,13,,,,,,,,,,,,,,,,,,,,,,,,10,,,,,4,,,,
610,,20,1,0,,,24,,,,,,,,,,,,,,28,8,,,,,,22,,,,,,,,,,29,,,,,,,,,,12,15,,4,,,,,,,,,3,,,,,,,15,,,,,,,,,,,,,,,,,,,,,,0,,,,,,,,,,,
611,0,11,,,,,,,0,,,,,,,,,,,,33,18,,,,,,,,,,,,,,,0,33,,,,,,1,,,,33,,0,,,,,,,19,2,,5,,,,0,10,,0,,0,,,,,,,,,,,,,,0,,,,,,,,7,,,,,1,,,3,
612,,10,,,,,,,2,,,,,,,,,,,,35,16,,,,,,,,,,,,,2,,,36,,,,,,,,,0,0,,,,,,,,,12,4,,0,,,,,1,,15,,,,,,,,,,,,,,,,2,,,,,,,,6,,,,,5,,,,
613,,8,1,,,,36,,,,,,,,,3,,,,,28,8,,,,0,,16,,,,,,,,,,,,,,,,,,,,12,,,,,,,,0,9,,,3,,,,,,,16,,,,,,,,,,,,,,,,,,,,1,,,,13,,,,,1,,,,
614,,11,,1,,6,23,,,,,,,,,,,,,,21,11,,,,,,21,,,,,,,,,,26,,,,,,,0,,,20,15,,,,,,,,,,,,,,,,,,6,,,,,,,,,,,,,,,,,,,,3,,,,,,,0,,,1,,,
615,,2,,,3,,,,,,,,,,,,,,,,,,,,6,,,,,,,,,,,,,,,,,,,,,,,,,,,,,2,0,,7,,0,,,,,,,6,,,,,,,,0,,,,,4,,,,,,,,,,,,,,,,,7,,,,0
616,,12,,,,,,,,,,,,,,,,,,,33,20,,,,,,,,,,,,,,,,45,,,,,,,,1,,32,44,,,,,,,,15,9,,1,,,,,,,13,2,,,,,,,,,,2,,,,,,,,1,,,,,13,,,,,8,2,,,
617,2,9,,,,,,,,,,,,3,,,,,,,34,17,,,,,,,,,,,,,,,,35,,,,,,,,,,24,,,3,,,,,,10,4,,4,,,,,6,,15,,,,,,,,,,,,,,,,,,,,,1,,,6,,,,,6,,,,
618,1,11,,,,,,,,,,,,,,,,,,,13,20,,,,,,,,,,,,,,,,44,,,,,,,,,,32,,,,,,,,,17,11,,5,,,,,,,2,,,,,2,,,,,,,,,,,,,,,,4,,,2,,,,,3,1,,,
619,,11,,,,,,,,,,,,,,,,,,,15,17,,,,,,,,,,0,,,,,,33,,,,,,,,2,,29,,,,,,,,,16,11,,5,,,,,11,,10,,2,,,1,,,,,,,,,,,,,,,,,0,,2,,,,,3,0,,,2
620,,11,,,,,,,,,,,,2,,,,,,,31,13,,,,,,16,,,,,,,,,,39,,,,,,,,,,32,31,,1,,,,,,17,3,,3,,,,,4,,12,,,,,,,,,,,,,,,,,,,,,,,,17,,,,,,5,,0,
621,,11,,,,,,,,,,,,,,,,,,,28,20,,,,,,,0,,,,,,,,,47,,,,0,,0,,,,13,21,,,,1,,,,12,14,,2,,,,,10,,1,3,,,,,,,,,,,,,,,2,,,,,,,,1,,,,,6,3,,,
622,,11,,,,,,,,,,,,,,,,,,,36,16,,,,,,,,,,,,,,,,35,,,,,,,,,,14,,,,,,,,,14,1,,3,,,,3,12,,13,2,,,,,,,,,,28,,,,,3,,,0,,,,,9,,,,,3,2,,,
623,4,8,,,,,,,,,,,,,,,,,,,35,16,,,,,,,,,,,,,,,,33,,,,,,,,,,31,,,,,,,,,9,3,,3,,,,,7,,12,,,,,,,,,,,,,,,,,,,,,,2,,3,,,,,4,,,,1
624,,8,1,,,,36,,,,,0,,,,3,,,,,28,8,0,,,,,16,,,,,,,,,,,,0,,,,,,,,12,,,,,,,,,9,,,3,,,,,,,16,,,,,,,,,,,,,0,,,,,,,1,,,,13,,,,,1,,,,
625,3,8,,,,,,,,,,,,,,,,,,1,35,13,,,,,,,,,,,,,,,,35,,,,,,,,,,32,,,,,,,,,14,11,,0,,0,,,6,,11,,,,,,,,,,,,,,,,,,,,1,,1,,9,,,,,3,,,,
626,,11,,,,,0,,,,,,,0,,,,,,,34,18,,,,,,,,,,,,,,,0,45,,,,,,,,,,31,29,,,,,,,,0,5,,0,,,4,,4,,14,,,,,,,,,,,,,,,,,,,,,,,,11,,,,,6,,,,
627,,0,4,,2,,,,,,0,,,,,,,,,,,,,,4,,,,,,,,,,,,,,,,,,,,,,,,,,,0,,,,,0,,4,0,,,,,,6,,,,,,,,,,,,,,,,,,,,,1,,0,,,,,,,10,,,,
628,,5,,,3,,,,,,,,,,,,,,,,,,,,3,,,,,,,,,,,,,,,,,,,,,0,,,,,,,,,,,8,,4,,,,,,,2,,,,,,,,,,1,,,1,,,,,,,,,,,,,,,,,6,,,,
629,,30,,,,6,36,,,,,0,,,,,,,,,33,13,,,,,,16,,,1,,,47,,,,21,,0,3,,,,,,,22,45,,,,,,,,16,,,0,,,,,,,19,,,,,,,,,,2,,,,,,,,,,,,,,,,,,,1,,,,3
630,,13,,,,,,,,,,,,,,,,,,,32,18,,,,,,22,,,,,,,,,,44,,,,,,,,,,31,27,,,,,,,,16,8,,2,,,,,11,,1,,,,,,,,0,,,,,,,,,,,,,,0,,8,,,,,6,3,,,
631,,13,,,,,,,,,,0,,,,,,,,,33,19,,,,,,0,,,,,,,,,,31,,,,,,,,,,24,17,,,,,,,,0,3,,3,,,,,,,13,3,,,,,,,,,,,,,,,,,,,,1,,,14,,,,,8,0,,,
632,,5,,,4,,,,,,,,,,,,,,,,,,,,3,,,,,,,,,,,,,,,,,,,,,,,,,,,,,1,,,2,,4,,,,,,,6,,,,,,,,,,,,,2,,,,,,,,,,,,,,,,,1,,0,,
633,,8,,,,,,,,,,,,,,,,,,,14,12,,,,,,,,,,,,,,,,47,,,,,,,,,,33,,,,,,,,,16,10,,5,,,,0,10,,12,,,,,,,,,,,,,,,,,,,,,5,,,2,,,,,2,,0,,2
634,,7,,,,,25,,,,,,,,,,,,,,25,12,,,,,,25,,,,,,,,,,30,2,,0,,,,4,,1,21,14,,,,,,,,,,9,,9,,,3,,,9,,,,,,,,,,,,,0,,,,,,,1,,,,,,,,,1,,,,
635,,5,3,,3,,,,,,,6,,,,,,,,,,0,,,5,,,,1,,,,,,,,,,,,,,,,,,,0,,,,,1,,,,5,,4,1,,,,,,4,,0,,,,,,,,1,,,2,,,,,0,,,,,,,,,,,,1,,,,
636,,12,,,,,,,1,,,,,,,,,,,,30,13,,,,,,,,,,,,,,,,46,,,,,,,,,,32,,,,,,,,,15,0,,6,,,,,12,,3,,,,,,,,,,,,,,,,1,,,,,,,,9,,,,,5,,,2,
637,,0,,,,,39,,,,,,,,,1,,,,,24,11,,,,,,33,,,,,,,,5,,27,,,8,,,,,,,21,25,,,,,,,,,,,,,,,,3,,18,,,,,,,,0,,,,,,,,,,,,,1,,,,,,,,,,,,
638,,8,1,,,,36,,,,,0,0,,,3,,,,,28,8,,,,,,16,,,,,,,,,,,,,,,,,,,,12,,,,,,,0,,9,,0,3,,,,,,,16,,,,,,,,,,,,,,,,,,,,1,,,,13,,,,,1,,,,
639,,13,1,,,,,,,,,,,,,,,,,,32,25,,,,,,,,,,,,,,6,,44,,,,,,,,0,,34,44,,,,,,,,9,2,,3,,,,,,,14,2,,,,,,,,,,27,,,,,,,,,,0,,,13,,,,,7,,,,
640,,3,,,4,,,,,,,,,,,,,,0,,,,,,4,,,,,,,,,,1,,,,,,,,,,,,,,,,,,,,,,7,,3,,,,,,,6,,,,,,,,,,,,,,,,,,,,,3,,,,,,,,,8,,,,0
641,,32,,,,,51,,,,,,,,,,,,,,16,1,,,,,,6,,,,,,0,,,,1,14,,,,,,,,,21,24,,,,,,,,,,,,,,,,4,,2,,,,,,,,,,1,,,,,,,,,,,,,,,0,,,,,,0,,
642,,8,1,,,,36,,0,,,,,,,3,,,,,28,8,,,,,,17,,,,,,,,,,,,,,,1,,,,,12,,,1,,,,,,,,,3,,,,,,,16,,,,,,,,,,,0,,,,,,,,,2,,,,13,,,,,,,,,
643,,4,,,4,,,,,,,5,,,,,,,,,,,,,3,,,,,,,,,,,,,,,,,,,,,,,,,,,1,,,,,6,,3,,,,,,,1,,,,,,,,,,,,,0,,,,,,,,,,,,,,,,,7,,,,
644,,12,,,,0,,,,,,,,,,,,,,0,34,11,,,,,,,,,,,,,,,,45,,,,,0,,,,,27,30,,,,,,,,14,7,,4,,,,,3,,9,,,,,,,,,,,,,,,,,,,,,,3,,9,,,0,,5,,,,
645,,11,,,,,17,,,0,,,,,,,,,,,27,13,,,,,,23,,1,,,,,,,,29,,,9,,,2,,,,21,1,,,,,,,,0,,,,,,,,,,14,,,,,,,,,,,,,,,,,,,,2,,,,,,,,,,,,,
646,,10,,,,1,26,,,,,,,,,,,,,,26,12,,,,,,23,,,,,,,,,,0,,,,,,,,,,21,7,,,,,,,,,,,,,,,,,,6,,,,,,,,,,,,,,,,,,,,3,,,,0,,1,,,,,,,
647,,6,,,1,,,,,,,4,,,,3,,,,,,,,,0,,,,,,,,,,,,,,,,,,,,,,,,,,,,,,,,9,,1,,,,,,,5,16,,,,,,1,,,,,,,,,,,,,,,,,,,,,,,9,,,,
648,,10,1,,,,36,,,,,,,,,,,,,,35,8,,,,,,16,,,,,,,,,,,,,,,,,,,,12,,,,,,,,,9,5,,3,,,,,7,,16,,,,,,0,,,,,,,,,,,,,,,,,,13,,,,,1,,,,
649,,29,,,,,,12,,,,,,,,,,,,,22,0,,,,,,28,,,,,,,,,,,,,,,,,,6,,21,,,,,,,,,9,,,,,,,,,,6,,,,,,,,,,,,,,,,,,,,2,,,,,,,,,,,,,
650,,6,,,3,,,,,,,,,,,,,,,,,,,,4,,,,,,,,,,,,,,,,,,,,,,,0,,,,,,,,,6,,4,,,,,,,7,,,,,,,0,,,,,,2,,,,,,,,,,,,13,,,,,10,,,,
651,,35,,,,,34,,,,,,,,,,,,,,21,10,,,,,,23,,,,,,42,,,,28,,,,,,1,,,,20,6,,,,,,,,,,,,0,,,,,,13,,,,,,,,1,,,,,,,,,,,,,,,,,,,,,2,,,,
652,,22,,,,,21,,,,,,,,,,,,,,23,12,,,,0,,23,,,,,,,,,,39,13,,,,,,,,,12,0,,,,,,,,,,,,,,,,,,8,,,,0,,,,,,,,,,,,,,,,8,,,,,,,,,,,,,
653,,12,,,,,,,,,,,,,,,,,,,29,21,,,,,,17,,,,,,,,,,41,,,,,,,,1,,31,,,0,,,,,,14,10,,5,,,,,11,,15,,,,,,,,,,,,,,,,,,,,,,,,8,,,,,0,,,,
654,,10,,,,,,,,,,,,,,,,,,,33,15,,,,,,,,,,,,,,,,31,,,,,2,,,,,32,,,0,,,,,,15,4,,1,,,,2,5,,13,,3,,,,,,,,,,,,,,,,,,,2,2,,4,,,,,5,,,,
655,,11,,,,,,,,,,,,,,,,,,,13,19,,,,,,,,,,,,,,,,31,,,,,,,,3,0,24,0,,,,,,,,10,9,,2,,,,,12,,2,,,,,,,,,,,,,,,,,,,,,,,,9,,,,,1,5,,,
656,,34,,,,,37,,,,,,,,,,,,,,22,8,,,,,,15,,,,,,44,0,1,,33,,,,1,,,,,,12,19,,,,,,,,10,,,,11,,,,,,16,,,,,,,,,,,,,,,,,,,,,,,,13,,,0,,,,,,
657,,11,,,,,36,,,,,,,,,,,,,,28,8,,,,,,,,,,,,,,0,,46,,,0,0,,,,2,,0,28,,,,,,,,9,6,,1,,,5,,,,12,,,,,,,,,,,0,,,,,,,,,,,,,10,,,,,0,4,,,
658,,5,,,2,,,,,,,2,,,,,,,,,,,,,3,,,,,,,,,,,,,,,,,,,,,,,,,,,,,,,,1,,3,,0,,,,,7,,,,,,,,,,3,,,1,,,,,,,,,,,,,,,,,10,,,,
659,,5,,,0,,,,,,,2,,,,,,,,,,,,,5,,,,,,,,,,,,,,,,,,,,,,,,,,,,,1,,,3,,4,,,,,,,1,,,,,,,,,,,,,,,,,,,,,,,,,,,0,,,2,,,,
660,,13,2,,,,,,0,,,,,,,,,,,,32,21,,,,,,,,,,,,,,,,46,,,,,,,,2,,33,,,,,,,,,16,10,,3,,,,,,,14,0,,,,,,,,,,1,,,,,,,,,1,,,,13,0,,,,1,3,,,
661,,6,,,1,,,,,,,4,0,,,,,,,,,,,,2,,,,,,,,,,,,,,,,,,,,0,,,,,,,,,2,,,7,0,3,,,,,,,3,16,,,,,,3,,,2,,,,,,,,,,,,,,,,,,,,3,,,,1
662,,6,,,4,,,,,,,4,,,,,,,,0,,,,,4,,,,,,,,,,,,,,,,,,,,,,,,,,,,,0,,,9,,4,,,,,,,5,,,,,,,2,,,,,1,1,,,,,,,,,,,,,,,,,12,,,,
663,,10,,,,,,,,,,,,,,,,,,,26,22,,,,,0,,,,,,,,,,,46,,0,,,,,,,,12,44,,,,0,,,,16,13,,4,,,,2,,,1,1,,,,,,,,,,,,,,,4,,,,,,,,10,,,,,7,,,,
664,0,10,,,,,,,,,,,,,,,,,,,35,19,,,,,,,,,,,,,,,,44,,,,,0,,,,,26,15,,,,,,,,19,1,,5,,,,,10,,16,,,,,,,,,,,,,,,,0,,,,,,,,5,,,,,5,,,,
665,,6,,,3,,,,,,,,,,,,,,,,,,,,3,,,,,,,,,,,,,,,,,,,,1,,,,,,,,,,,,8,,2,3,,,,,,4,,,,,,,,,,,,0,3,,,,,,,,,,,,,,,,,4,,,,
666,3,12,,,,,,,,,,,,,,,,,,,30,14,,,,0,,16,,,,,,,2,,,45,,,,,3,,,,,33,14,,2,,,,,,18,9,,4,,,,,,,13,,,,,,,,,,,,,,,,,,,,,,,,7,,,,,6,0,,,
667,,,,,,,36,,,,,,,,,2,,,,,31,2,,,,,,16,,,,,,,,,,,,,,,,,,,,12,,,,,3,,,,9,,,,,,,,,,0,,,,,,,,,,,,,,,,,,,,,,,,13,,,,,,,,0,
668,0,8,1,,,,36,,,,,,,,,3,,,,,28,8,,0,,,,16,,,,,,,,,,,,,0,,,,,,,12,,,,,,,,,9,,,3,,0,,,,,16,,,,,,,,0,,,,,,,,,,,,1,,,,13,,,,,1,,,,
669,,25,,,,,5,,,,,,,,,,,,,,19,13,0,1,,,,21,,,,,,,0,,,30,,,,,,0,,,,14,15,,,,,,,,,,,0,,,,,,,11,,,,,,,,,,,,,,,,,,,,2,,,,,,,,,,,,,
670,,7,,,2,,,,,,,3,,,,,,,,,,,,,2,,,,,,,,,,,,,,,,,,,,,,,,,,,,,1,,,4,,2,,,,,,,2,,,,,,,,,,,,,,,,,,,,,,,,,,,,,,11,,,,
671,0,12,,,,,6,,0,,,,0,,,3,,,,,21,14,,,,,,24,,,,,,,1,,,31,,,,,,1,,,,12,13,,,,,,,,,,,,,0,,,,,16,,,,,,,,,,,,,,,,,,,,1,,,,,,,,,,,,,
672,,11,,,,,,,,,,,,,,,,,,,31,8,,,,,,16,,,,,,,,,,40,,,,,,,,1,,32,,,2,,,,,,16,10,,3,,,,,6,,13,,,,,,,,1,,,,,,,,,,,,,,,,2,,,,,,,,,
673,,22,,,,,21,,,,,,,,,,,,,,28,12,,,,,,23,,,0,,,,,3,,34,13,,,,,,,,,21,15,,,,,,,,,,,,,,,,,,12,,,,,,,,,,,,,,,,,,,,8,,0,,,,,,,,,,,
674,,8,1,,,,36,,,,0,,,,,3,,,,,28,8,,,,,,16,,,,,,,,,,,,,,,,,,,,12,,,,,,,,,9,,,3,,,,,,,16,,,,,,,,,,,,,,,,,,,,1,,,,13,,,,,1,,,,
675,,6,2,,2,,,,,,,,,,,,,,,,,,,,1,,,16,0,,,,,,0,,,,,,,,,,,,,,,,,,,,,,8,,2,,,,,0,,6,,,,,,,,,,3,,,,,,,,,,,,,,,,,,,,4,,,,
676,,12,0,,,7,1,0,,,0,,,,,,1,,,,19,10,,,,,,23,,,,,,,,,,37,,,,,,,,,,18,15,,,,,,,,,,,,,,,,,,14,,0,,,,,,,,,,,,,,,,,,,,,,,,,,,,,,,
677,1,11,,,,,,,,,,,,,,,,,,,31,17,,,,,,,,,,,,,,,,32,,,,,2,,,,,26,,,1,,,,,,18,5,,5,,,0,,0,,13,,3,,,,,,,,,,,,,,,,0,,,,,,9,,,,,6,,,,
678,,13,,,,,,,,,,,,,,,,,,,30,12,,,,,,,,,,,,,0,,,30,,,,,,,,,,33,,,,,,,,,17,3,,4,,,,,12,,14,1,,,,,,,,,,,,,,,,,,,,,,,3,,,,,4,1,,,
679,,12,,,,0,,,1,,,,,,,,,,,,28,13,,,,,,16,,,,,,,,,,44,,,,,,,,,,22,18,,,,,,,,17,3,,3,,,,,,,13,,,,,1,,,,,,,,,,,,,,,,2,,,13,2,,,,7,2,,,
680,,12,,,,,,,,,,,,,,,,1,,,34,16,,,,,,,,,,,,,1,,,46,,,,,,,,,,1,,,,,,,,,18,5,,4,,,3,,1,,10,,,,,,,,,,,,,,,,,,,,,,,,1,,,,,0,,,,1
681,,4,,,3,,,,,,,,,,,,,,,,,1,,,4,,,,,,,,,,,,,,,,,,,,,,,,,,,,,,,,4,,2,,,,,,0,3,,,,,,,,,,0,,,,,,,,,,,,,,,,,,,,5,,,,
682,,12,,,,,,,0,,,,,,,,,,,,29,16,,,,,,,,,,,,,,,,43,,,,,,,,1,,25,,,,,,,,,19,2,,0,,,6,,,,12,,,,,0,,,,,,,,,,,,,,,,,,,0,,,,,6,4,,,
683,,25,,,,5,8,,0,,,,,,,,,,,0,28,9,,,,0,,17,,,,,,,,,,26,,,,,,,,,,17,16,,,,,,,,,,8,,,,,,,,12,,,,,,,,,,,,,,,,,,,,6,,,,,,,,,,,,,
684,,12,,,,,,,,,,,,,,,,,,,33,19,,,,,,,,,,,,,,,,34,,,,,,,,1,,30,,,,,,,,,19,5,,4,,,4,,11,,1,,,,,0,,,,,,,,,,,,0,,,,,,,7,,,,,0,,,,
685,2,10,,,,,,,,,,,,,,,,,,,33,19,,,,,,,,,,,,,2,,,43,,,,,,,,,,32,,,,,,,,,16,2,,5,,,,,7,,14,,,,,,,,1,,,,,,,,0,,,,,0,,,3,,,,,4,1,,,
686,,,,,,,,,,,,,,,,,,,,,12,,,,,,,,,2,,1,,7,,,7,,,,,,,,,,,,,,,,,,,,,,,,,,,,,,,,2,,,,,,,,,,,,,8,,,,,,,,,,,,,,0,,,,
687,,,,,,,1,,,,,,,,,,,,2,,7,,,,,,,,,6,,,,8,,,18,,,,,,,,,,,,,,,,,,,,,,,,,,,,,,,,,,,,,,,,,,,,0,,,,,,,,,,,,,,,,,,,
688,,,,,,,,,,,,,,,,,,3,,,8,,,,,,,,,,,,,2,,,11,,,,,,,,,,2,,,,,,,,,,,,,,,,,,,,,,,,,,,0,,,,,,,,,,,,3,,,,,,,2,5,,,,,,
689,,,,10,,,,,,,,,,,,,,,,,18,,,,,,,,,,,,,5,,,1,,,,,,,,,,,,,,,,,,,,,,,,,,,,,,,,10,,,,,,,,,,,,,11,,,,,0,,,,,,,,,2,,,,
690,,,,2,,,,,,,,0,,,,,,6,,,12,0,,,,,,,,,,,,9,,,8,,,,,,,,,,,,,,,,,,,,,,,1,,,,,,3,,,4,,,,,,,,,,,,,,,,,,,,,,,,,1,,,,,,
691,,,,,,0,,,,,,,,,,,,,,,17,,,,,4,,,,,,,,5,,,10,,,,,,,,,,,,,,,,,4,,,,,,,,,,,,,,,6,,,,,,,,,,1,,,9,,,,2,,,,,,,3,,,6,,,,
692,,,,,,,,,,,,,,,,,,,,,13,,,,,,,,,3,,2,,8,,,8,,,,,,,,,,,,,,,,,,,,,,,,,,,,,,,,0,,,,,,,,,,,,,9,,,,,,,,,,,,,,1,0,,,
693,,,,,,,,,0,,,,,,,,,,,,12,,,,,,,,,,,,,9,,,11,,,,,,,,,,,,,,,,,,,,,,,,5,,,,,,,,,,,,,,,,,,,,,1,,,,,,0,,,,,,,,,,,,
694,,,,,,,,,,,,,,,,,,2,,,6,,,,,,,,,,,,,9,,,13,,,,,,,,,,,,,,,,,0,,,,,,,,,,,,,,,,0,,,,,,,,,,,,,,,,,,,,,,,,,,,,,,0
695,,,,,,,,,,1,,0,,,,,,,,,9,,,,,,,,,,,,,8,,,12,,,,,,,,,,,,,,,,,,,,,,,,,,,,,,,,,,,,,,,,,,0,,,,,,,2,,,,,,,,0,,,,,,
696,,,,1,,,,,,,,,1,,,,3,,1,,5,,,,,,,,,5,,,,9,,,12,,,0,,,,,,,,,,,,,,,,,,,,,,,,,,,,,,0,,,,,,,,,,,,1,,,,,,,,,,,,,,,,,,
697,,,,,,,,,,,,,0,,,,,,,,10,,,,,,,,,,,,,4,,,13,,,,,,0,,,,,,,,,,,,,,,,,,,,,,,,,,4,,,,,,,,,,,,,,,,,,,,,,,,,,,,,,,
698,,,,,,,,,,,,,,,,,,,,,,,,1,,,,,,1,,,,,,0,,,,14,,,,,,,0,,,,,,,,,,,,,,0,,,,,,,,,,,,,,0,,,,,4,,,,,,,,,,,,,,,,,,,,
699,,,,,,,,,,,0,,,,,0,,,,,13,,,,,3,,,,,,2,,5,,,8,,,0,,,,,,,,,,,,,,,,,,,,,,,,,,,,,3,,,,,,,,,,,,,9,,,,,,,,1,,,3,,,1,,,,
700,,,,9,,,,,,,,1,,,,,,,,,14,,,,,,,,,4,,8,,9,,,14,,,,,,,,,,,,,,,,,,,,,,,,,,,,,,,,3,,,,,,,,,,,,,,,,,,,,,,,,,,,3,,0,,
701,,,,,,,,,,,,,,,,,,,,,8,,,,,,,,,,,,,11,,,3,,,,0,,,,,,,,,,,,,,,,,,,,,,,,,,,,,,,,,,,,,,,,,,,,,,0,,,,,,,,,0,,,,
702,,,,,,2,,,,,,,,,1,0,,,0,,16,,,,,,,,,,,,,6,,,1,,,0,,,,,,,,,,,,,,,,,,,,,,,,,,,,,9,,,,,,,,,,,,,1,,,,,,,,,,,,,,4,,,,0
703,,,,,,,,,,,,,,,,,2,5,,,12,,0,,,,,,,,,,,11,,,16,,,,,,,,,,,,,,,,,,,,,,,,,,,,,,,,,,,,,,,,,,,,,,,,,,,,,,,,,,,5,,,,
704,,,,0,,,,,,,,,,,,,,,0,,12,,,,,,,,,,,,,8,,,9,,,,,,,,,,,,,,,,,,,,,,,,,,,,,,,,4,,,,,,,,,,,,,9,,,,,,,,,,,,,,,,,,
705,,0,,,,,,,0,,,,,,0,,,,,,11,,,,,,,,,0,0,,,11,,,14,,,,,,,,,,,,,,,,,,,,,0,,,3,,,,,,,,,,,,,,,,,,,,,,,,,2,,,,,,,,,,,,,,
706,,,,,,,,,,,,,,,,,,,,,3,,,,,,,,3,,,,,10,,,10,,,,,,,,,,,,,,,,,,,,,,,,,,,,,,,,,,,,,,,,,,,,,,,,,,,,,,,,1,,,,,,,
707,,,,,0,,,,2,,,,,,,,,,,1,16,,,,,,,,,,,,,4,,,10,,,,,,,1,,,,,,,,,,5,,,,1,,,,,,,,,,,,,,,,,,,,,,,,7,,,,,,,,,,,3,,,4,,,,
708,,,,4,,,,,,,,,,,,,,,,,7,,,,,,,,,5,,4,,11,,,14,,,,,,,,,0,,,,,,,,,,,0,,,,,,,,,,,,,,0,,,,,,,,,,,,,,,,,,,,,,,,,1,,,,2
709,,,,,,,,,,,,,,,,,,,,,7,,,,,,,,,,,9,,9,,,16,,,,,,,,,,,,,,,,,,,0,,,,,,,,1,,,,,,,,,,,,,,,,,,,,,,,,,,,,,,,,,,,,
710,,,,,,,,,,,,,,,,,,,,,5,,,,,,,,,10,,,,8,1,,10,,,17,,,,,,,,,,,,1,,2,,,,,,,,,,,,,,,,,,,,,,0,,,,,,,,,,,,,,,,,2,,,0,,,,
711,,,,,,,,,,3,,,,,,,,,0,,10,,,,,,,,1,,,0,,7,,,12,,,,,,,,,,,,,,,,,1,,,,,,,,,,,,,,,,,,,,,,,,,,,,,,,,,,,,,,,,,,,,,,
712,,,,,,,,,,,,,,1,,,,7,,,17,,,,,,,,,,,,,3,,,0,,,,,,,,,,,,,,,,,2,,,,,,,,,,,,,,,9,,,,,,,,,,,,,6,,,,,,,,,,0,0,,,1,,,,
713,,,,,,,,,,,,,,,,,,,,,12,,,,,,,,,,,,,2,,,16,,,,,,,,,,,,,,,,,,,,,,,,,,,,,,,,,,,,,,,,,,,,,,,,,,,,,,,,,,,,,,,
714,,,,12,,,,,,,,,,,0,,,,,2,15,,,,,,,0,,,,,,0,,,3,,,,,,,2,,,,,,,,,,3,,,,,,,,,,,,,,,8,,,,,,,,,,,,,5,,,,,,,,,,,,,,2,,,,1
715,,,,,,,,,,,,,,,,,,,,,12,,,,,,,,3,3,,,,10,1,,15,,0,2,,,,,,,,,,,,,,,,,,1,,,3,,,,,,,,,,,,,,,,,,,,0,,,,,1,,,,,,1,,,,,,,,
716,,,,,,,,,,1,,,,,1,,,3,,,0,,,,,,,,,3,,6,2,8,0,,16,,,,,,,,,,,,,,,,,,,,,,,,,,,,,,,,0,,,,,,,,,,,,,9,,,,,,,,,,,,,,,,,,
717,,,,,,,,,,,,,,,,,,,,0,14,,,,1,,,,,4,,2,,10,,,15,,,,,,,,,,4,,,,,,,,,,,,,,,,,,,,,,5,,,,,,,,,,,,,1,,,0,,,,,,,2,,,1,1,,,,
718,,,,,,,,,,,,,,,,,,,,,11,,,,,,,,,,,,,11,,,16,,,17,,,,,,,,,,,,,,,,,,,,,3,,,,,,,5,4,,,,,,,,,,,,,,,,,,,,,,,,,,,,,,,
719,,,,6,,,,,,,,,,,,,,1,,,10,,,,,,,,,,,,,6,,1,5,,,,0,,,,,,,,,,,,,,,,,1,,,,,,,,,,,,,,,,,,,,,,,,,,,,,,,1,,,,,,,,,,,
720,,,,,,,,,,,,,,,,,,,,,8,,,,,,,,,,,,,11,,,15,,,,,1,,,,,,,,,0,,,,,,,,,,,,1,,,,,,,,,,,,0,,,,,,,10,,,,,,,,,,,,,,,,,,
721,,,,,,,,,,,,,,,0,,,,,,13,,0,,,,,,,,,,,4,,,15,,,,,,1,,,,,,,,,,,0,,,,,,,,,,,,,2,,,,,,,,,,,,,,,,,,,,,,,,,,,,,,,,,
722,,,,,,,,,,,,,,,,,,0,4,,13,,,,,,,,,,1,2,,8,,,10,,,,,,,1,0,,,,,,,,,,,,,,,,,,,,,,2,,,,,,,,,,,,,,,,,,,,,,,,,,,,,,,,,
723,,,,,,,,,,,,,,,,,,2,,,0,,,,,,,,1,,,,,4,,,8,,,,,,,,,,,,,,,,,,,,,,,,,,,0,,,,,,,,,,,,,,,,,,,,,,,,,,,,,,,,,,,,
724,,,,,,,,,,,,,,,,,,,0,,12,,,,,,,,1,0,,,,6,,,4,,1,,,0,,,,,,,,,,,,,,,,,,,,,,,,,,,,,,,,,,,,,,,,,,,,,,,3,,,,,,,4,,,,
725,,,,12,,,,,,,,,,,,,0,,,,16,,,,,,,,,,,,,4,,,4,,,1,7,,,3,,,,,,,,,,,,,,,,,,,,,,,,,5,,,,,,,,,,,,,3,,,,,,,0,,,,,,,3,,,,3
726,,,,,,,,,,,,,,1,,,,,1,,0,,,,,,,,,,,,,10,,,16,,,,,,,,,,0,,,,,,,,,,,,,,,,,,,,,,,,,,,,,,,,,,,,,,,,,,,,,,,2,,,,,,
727,,,,,,,,,,,,,,,,,,,1,,9,,,,,,,,,8,,,,8,,0,13,,,,,,,,,,,,,,,,,,,,,,,,,,,,,,0,,,,,,,,,,,,,,,,,,,,,,,,,,,,,,,,,
728,,,,,,,,,,,,,,,,,,,0,,8,,,,,,,,,3,,,,7,,4,15,,,,,,,,,,,,,,1,,,,,,,,,,,,,,,,,,,,,,,,,,,,,,,,,,,,,,,,,,,,,1,0,,,
729,,,,4,,,,,,,,,,,,,,,,,10,,0,,,,,,,,,4,,,,,,,,0,,,,1,,,8,,,,,,,,,,,,,,,,,,,,,,,,1,,,,,,,,,5,,,,,,,,,,,,,,,,,,,,
730,,,,,,,,,,,,,,,,,,,,,7,,,,,,,,,8,,,,12,,3,15,,,18,,,,,,,,,,,,,,,,,,,,,,,,,,,,,,,,,,,,,,,,,,,,,,,,,,,,,,,,,,,,
731,,,,7,,,,,,,,,,,,,,2,,,11,,,0,,,,,,,,,,9,,,9,,,,,,,,,2,,,,,,,,,,,,,,,,,,,,,,,3,,,,,,,,,,,,,,,,,0,,,,,,,,,,,,,,
732,,,,,,,,,,,,,,,,,,,1,,19,,,,,,,,,,,,,3,,,2,,,4,6,,,,,,,,,,,,,,,,,,,,,,,,,,,,10,,,,,,,,,,,,,4,,,,,,,,,,,,,,4,,,,
733,,,,,,,,,,,,,,4,,,,5,,,14,,,,,,,,,,,,,8,2,,6,,,,2,,,1,,,,,,,,,,,,,,2,,,,1,,,,,,,,,,,,,,,,,,,,,,,,,,,,,,,2,,,3,,0,,
734,,,,,,,,,,2,,,,,,,,,4,,13,,,0,,,,,,,,,0,7,,,12,,,,,,,,,,,,,,,,,,,,,,,,,,,,,,,,1,,,,,,,,,,,,,,,,,,,,,,,,,,,,,,,
735,,,,,,,,,,,,,,,,,,7,4,,12,,,,,,1,,,9,,6,,8,,,15,,,,2,,,,,,3,,,,,,,,,,,3,,,,,0,,,,,,0,,,,,,,,,,,,,,,,,,,,,,,,,,,,,,,
736,,,,,,,,,,,,,,,,,,,,,15,,,,,3,,,,,,,,3,,,8,,,,,,,0,,,,,,,1,,,0,,,,,,,,,,,,,,,8,,,,,,,,,,,,,1,,,0,,,,,,,,,,,4,,,,
737,,,0,,,,,,,,,,,,,,,,,,2,,,,,,,,,,,11,,4,,,14,,,,,,,,1,,,,,,,,,,,,,,,,1,,,,,1,1,,,,0,,,,1,,,,,,,,,,,,,,,,,,,,,,,,,
738,,,,,,,,,,,,0,,,,,,0,,,14,,,,,,,,0,,,,,10,,,13,,0,,,,,,,,,,,,,,,,,,,,,,,,,,,,0,,,,,,,,,,,,,,,,,,,3,,,,,,,,,,,,,,
739,,,,,,,,,,,,,,,,,,4,,,9,,,,,,,,,3,,3,,10,,,15,,,,,,,,,,,,,,,,,,,,,,,,,,,,,,,,,,,,,,,,,,,,,,,,,,,,,,,,1,,,,,,,
740,,,,,,,,,,,,,,,,,,,,,9,,,,,,3,,,4,,2,,11,,,9,,,,,,,,,,,,,,,,,0,,,,,,,,,,1,,,,,4,,,,,,,,,,,,,,,,,,,,,,,,,,,,,,,
741,,,,,,,,,,,,,,,0,,,,,,11,,,,,,,,,5,,,1,11,,,15,,,,,,,,,,,,,,,,,,,,,,,,,,,,,3,,,,,1,,,,,,,,,,,,,,,,,,,,,,,,,,,,,
742,,,,8,,,,,,,,,,2,,,,,1,,16,,,,,,,,,,1,,,9,,,5,,,,,,,,,,,,,,0,,,1,,,,0,,,,,,,,,,1,,,,,,,,,,,,,,,,,4,,,,,,,,0,,1,5,,,,
743,,,,,,,,,,,,,,,,,,,,,17,,,,,0,,,,3,,6,,7,,,18,,,,,,,,,,,,,,,,,,,,,,,,,,,,,,,,8,,,,,,,,,,,,,0,,,,1,,,,,,,4,,,4,,,,
744,,,,,,,,,,,,,,,,,,,,,9,,,,0,,,,,3,,2,,2,,,8,,,,,,,,,,,,,,,,,,,,,,,,,0,,,,,,,,,,,,,2,,,,,,,,,,,,,,,0,,,,,,1,,,,
745,,,,,,,,,,,,,,,,,,1,,,2,,,,,,,,2,,,,,3,,,14,,,,,,,,,0,,,,,,,,,,,,,,,2,,,,,,,,,,,,,,,,,,,,,,,,,,,,,,,0,,,,2,,,,
746,,,,,,,,,,,,,,,,,,,,,17,,,,,3,,,,,,,,6,,,9,,,,,,,,,,,,,,2,,,4,,,,0,,,,,,,,,,,7,,,,,,,,,,0,,,9,,,3,,,,,,,,4,,2,5,,,,
747,,,,,,,,,,,,,,,,,2,,,,1,,,,,,,,,4,,6,,10,,,6,,,,,,,,,,,,,,,,,,,,,,,,,,,,,,,,,,,,,,,,,,,,,,,,,,,,,,,,,4,,,,,,
748,,,,,0,,,,,,,,,,,,,,,,12,,,,,,,,,,,3,,0,,,16,,,,,,,,,,,,,,,,,,,,,,,,,,,,,,,0,,,,,,,,,,,,,,,,,,,,,,,,,,,,,,,,
749,,,,,,,,,,,,,,,,,,,,,11,,,,,,,,,4,,2,,,,,8,,,,,,,,,,,1,,,,,,,,,,,,,,,,,,,,,1,,,,,,,,,,,,,11,,,,,,,,,,,3,,,2,,,,
750,,,,,,,,,,,,,,,,,,,,,13,,,,,,3,0,,,,,,8,,,8,,,,,,,,,,,,,,,,,,,,,,,,,,,,,,,,0,,,,,,,,,,,,,9,,,,,,,,,,,,,,,,,,
751,,,,,,,,,,,,,,,,,,,,,13,,,,,,,,1,3,,,,10,2,,11,,,,,,,,,,,,,,,,,,,,,,,,,,,,,,,,,,,,,,,,,,,,,9,,,,,,,,,,,,,,,,,,
752,,,,,,,,,,,,,,,,1,,4,1,,10,,,,,,,,0,7,,,,11,,,12,,,,0,,,,,,,,,,,,,,,,,,,,,,,,,,,,,,,,,,,,,,,,,,,,,,,,2,,,,,,,,,,,
753,,,,3,,,4,,,,,,,,,,,7,,,5,,,,,,,,,6,,3,,12,,,16,,,15,,,,,,,,,,,,,,,0,,,,,,,,,,,,,,,,4,,,,,,,,,,,,,,,,,,,,,,,,,,,,,0
754,,,,,,,1,,,,,,,,,,,,3,,3,,,,,,,,,,,,,11,,,15,,,,,,,,,,,,,,1,,,,,,,,,,,,,,0,,,,,,,,,,,,,,,,,,,,,,,,,,,,5,3,,,,,,
755,1,,,,,,,0,,,,,0,,,,,0,1,,12,,,,,,2,,,,,,,13,,,14,,,,,,,,,,,,,,,,,,,,,,,,4,,,,,1,,,,,1,,,,,,,,,,,,,,,,,,,,,,,,,,,,,
756,,,,,,,,,,0,,,,,,,,,,,5,,,,,,,,,,,,,7,,,13,,,,,,,,,0,,,,,,,,,,,,,,,,,,,,,,,,,,,,,,,0,,,,,,,,,,,,,,,,3,0,,,,,,
757,,,,,,,,,,0,,,,,,,,5,,,10,,,,,,,,,3,,2,,,,,9,,,,,,,,,,,0,,,,,,,,,,,,,,,,,,,,,0,,,,,,,,,,,,,10,,,,,,,,,,,2,,,1,,,,
758,,,,,,,,,,,,,,,,,,,,,10,,,,,,4,,,,,,,12,,,15,,,,,,,,,,,,,,,,,,,,0,,,,,,,,,,,,,,,,,,,,,,,,,,,,,,,,,,,,,5,,0,,,,
759,,1,,,,,,,,,,,,,,,,2,3,,12,,,,,,,,2,,,,,8,,,6,,,,,,,,,,,,,,,0,,,,,,,,,,,,,,,,,,,,,,,,,,,,,,,,,,,,,,,,,1,,,6,,,,
760,0,,,,,,,0,,,,,,,,,,,,,7,,,,,,,,,,,,,10,,1,17,0,,,,,,,,,,,,,,,,,,,,,,,,,,,,,,,,,,,,,,,,,,,,,,,,1,,,,,,,,,,,,,1,1
761,,,,,,,,,,,,,,,,,,,,,2,,,,,,,,,7,,7,,10,1,,13,,,,1,,,,,,,,,,,,,,,,,1,,,,,,,,,,1,,,,0,,,,,,,,,,,,,,3,,,,,,,,,,,,,,
762,,,,,,,,,,,,,,,,,,5,,,12,,,,,,,,,,,,,12,,,15,,,,1,,,,,,,,,,,,,,,,,,,,2,,,,,,,1,,,,,,,,,,,,,,,,,,,,,,,,,,,,,,,,
763,2,,,,,,,,1,2,,,,,,,,,,,8,,,,,,,,,,,5,,0,,,15,,,,,2,,,,,,,,,,,,,,,,,,,,,,,,,,,,,,,,,,,,3,,,,,,,,,,,,,,,,,,,,,,
764,,,,,,,,,,,,,,,,,,,,,7,,,,,,,,,3,,,,12,,2,16,,,,,,,,,,,,,,,,,,,,,,,,4,,,,,,,0,,,,,,,,,,,,,,,,,,,,,,,,,,,,,,,,
765,,,,,,,,,,,,,,,,,3,,,,8,,,,,,,,,5,,1,,0,,,16,,,,,,,,,,,,,,,,,,,,,,,,,,,,,,,,,,,,,,,,,,,,,,,,,,,,,,,,,,,,,,,
766,,,,,,,,,,2,,,,,,,,0,,,12,,,,,,,,1,,,,,10,,,13,,,,,,,,,,,,,,,,,,,,,,,,,,,,,,,,,,,,,,,,,,,,,,,,,,,,,,,,,,,,,,,
767,,,,,,,,,,,,,,,,,,9,,0,17,,,,,,,,,,,,,5,,,4,,,,4,,,,,,,,,,,,,6,,,,,,,,,,,,,,,9,,,,,,,,,,,,,6,,,,,,,,,,,4,,,5,,,,
768,,,,,,0,,,,,,,,0,,,,6,,,16,,,,,,,,,,,,,7,,,3,,,,1,,,,,,,,,,,,,0,,,,,,,,,,,,,,,,,,,,,,,,,,,,,,,,,,,,,,,3,,,1,,,,3
769,,,,5,,,,,,,,,,,,,,6,3,,8,,,3,3,,,,,8,,2,,0,,,15,,,,,,,,,,2,,,,,,,,,,,,,,,,,,,,,,1,,,,,,,,,,,,,,,,,,,,0,,,,,,,,,,,
770,,,,,,,,,2,,,,,,,,,,,,12,,,,,,2,,,,,,,12,,,16,,,,,,,,,,,,,,,,,,,,,,,,,,,,,,,,3,,,,,,,,,,,,,,,,,,,,,,,,,,,,,,,
771,,,,11,,,,,,,,,,,,,,,,,18,,,,,,,,,,,,,4,,,2,,,,7,,,,,,,,,,,,,2,,,,,,,,,,,,,,,7,,,,,,,,,,,,,10,,,,,,,,,,,,,,6,,,,
772,,,,,,,1,,,,,,,,,,,,,,13,,,0,,,1,,,,,,,11,,,16,,,,,,,,,,,,,,,,,,,,,,,,,,,,,1,,,,,,,,,,,,,,,,,,,,,,1,0,,,,,,,,,,,
773,,,,2,,,,,,,,,,,,,,5,1,,2,,,,,,,,,,,,,10,,,11,,,,,,,,,,0,,,,,,,,,,,,,0,0,,,,,2,,,,,,,,,,,,,,,,,,,,,,0,,,,,,,,,,,,
774,,,,0,,,,,,,,,,,,,1,3,,,6,,,,,,,,,,,7,,8,,,0,,,,0,,0,,,,0,,,,,,,,,,,,,,,,,,,,,,,,,,,,,,,,,,,,,,,,,,1,,,,,,,,,,,
775,,,,,,,,,,1,,,,,,,,6,,,13,,,,,,,,,3,,3,,,,,8,,,,,,,,,,,,,,,,,,,,,,,,,,,,,,,,1,,,,,,,,,,,,,9,,,0,,,,,,,,3,,,2,,,,
776,,,,3,,,,,,,,,2,,,,,,,,13,,,,,,,,,3,,,0,,,1,,,,17,,,,,,,3,,,,,,,,,,,,,,4,,,,2,,,,,,,,,,1,,,,,5,,,,,,0,,,,,,,,,,,,,,
777,,,,,,,,,,,,,,,,,,,,,10,,,,,,,,,,,,,7,,,8,,,,,,,,,,,,,,,,,,,,,,,,,,,0,,,,,,,,,,,,,,,,,,,,,,,,,,,,,,,,,,,,
778,,,,,,,,,,,,,,,,,,0,,,12,,,,,,2,,,,,,,11,,,15,,,,,,,,,,,,,,,,1,,,,,,,,,,,,,,,,,,,,,,,,,,,,,,,,,,,,,,,,,,,1,,,,
779,,,,,,,0,,,,,,,,,,,,,,6,,,,,,0,,,,,,,11,,,17,,,,,,,,,,,,,,,,,,,,,,,,,,,,,,,,,,,,,,,,,,,,,,,,,,,,,,,,6,,,0,1,,,
780,,,,,,,,,,,,,,,,,,,,,0,,,,,,,,,,0,,,10,,,14,0,,,,,,,,,,,,,,,,,,,,,,,,,,,,,,,,,,,,,,,,,,,,,,,,,,,,,,,,1,,,,,,
781,,,,,,,0,,,,,,,,,0,,1,,,14,,,,,,,,,,,,,10,,,15,,,2,,0,,,,,,,,,,,,,,,,,,,,,,,,0,,,,,,,,,,,,,,,,,,,,,,,,,,,,,,,,,,
782,,,,,,,,,,,,,,,,,,,,,16,,,,,1,,,,,,5,,6,,,11,,,,,,,,,,,,,,,,,,,,,,,,,,,,,,,,7,,,,,,,,,,0,,,0,,,,1,,,,,,,3,,,3,,,,
783,,,,,,,,,,,,,,,,,,4,,,14,,,,,,3,,,7,,,,12,,,18,,,,,,,,,,,,,,,,,,,,,,,,,,,,,,,,,,,,,,,,,,,,1,,,,,,,,,,,,,0,,,,0,,
784,,,,,,,,,,0,,,,,,,,,,,12,,,,,,,,4,,,,,8,,,0,,,,1,,,,1,,,,,,,,,,,,,,,,,,,,,,,1,0,,,,,,,,,,,,,,,,,,,,3,,,,,0,,,,,,
785,,,,,,,,,,,,,,,,,,,4,,13,,,1,,,,,,,,,,13,,,8,,,,,,,,,,,,,,,,,,,,,,,,,,,,,,,,3,,,,,,,,,,,,,9,,,,,,,,,,,,,,1,,0,,
786,,,,0,,,,,,,,,,3,,,,6,2,,15,,,,,,,,,,,,,8,3,,4,,,,,,,,,,,,,,,,0,1,,,,,,,4,0,1,,,,,,,,,,,,,,,,,,,,,,,,,,,,,,1,0,0,2,,,,
787,1,,,,,,,,,,,,,,,,,3,,,3,,,,,,,,,1,,,,12,,,16,,,,,,,,,,,,,,,,0,,,,,,,,,,,,,,,3,,,,,,,,,,,,,,0,,,,,,,,,,,0,,,1,,,,
788,,,,,,,,,,,,,,,,,,,,,16,,,,,,,,,3,,,,4,,,3,,,3,5,,,,,,,,,,,,,1,,,,,,,,,,,,,,,3,,,,,,,,,0,,,,5,,,,,0,,,,,,,,,2,,,,
789,,,,9,,,,,,,,,,,,,,,,,13,,,,,,,,,,,,,6,,,0,,,,,,,,,,,,,,,,,,,,,,,,,,,,,,,0,,0,,,,,,,,,,,,0,,,,,,,,1,,,,,,1,,,,
790,,,,,,,,,,,,,,,,,,,,,8,,,,,,,,,,,1,,12,,,8,,,,,3,,,,1,,,,,1,,,,,,,,,,,,,,,,,,,,,,,,,,,,,,,12,,,,,,,,,,1,,,,3,,,,
791,,,,,,,,,,,,,,,,,,,,,17,,,,,,,,,,,2,,2,,,4,,,,,,,4,,,,,,,,,,3,,,,,,,,,,,,,,,3,,,,,,,,,,,,,11,,,,,,,,,,,,,,5,,,,
792,,,,,,,,,,,,,,,,,,,,,9,,,,,,,,,,,,,11,,,13,,,,,,,0,,,,,,,0,,,,,,,,,,,,,,,,,,,,,,,,,,,,,,,,,,,,,,,,,,,,,,0,,,
793,,,,,,,,,,,,,,,,,,,,,13,,,,,,3,,,,,4,,11,,3,8,,,,,,,,,,,,,,,,,,,,,,,,,,,,,,,,,,,,,,,,,,,,,9,,,,,,,,,,,,,,3,,,,
794,,,,,,,,,,,,,,,,,,5,,,13,,,,,,,,,3,,,,11,,,13,1,,,2,,,,,,,,,,,,,,,,,,,,,,,,,,,,,,,,,,,,,,1,,,,,,,,,,,,,,,,,3,,,0,
795,,,,8,,,,,,,,,,,,,,4,,,13,,,,,,,,,4,,7,,8,1,,10,,1,1,,1,,,,,0,,,,,,,,,,,,,,,0,,,,,,,,,,,,,,,,,,,,,,,,,,,,,,,,,,4,,,,
796,,,,,,,,,,,,,,,,,,9,,,15,0,,,,,,,,,,,,4,,,5,,,,,,,2,,,,,,0,,,,,,,,,,,,,,,,,,,4,,,,,,,,,,,,,12,,,,,,,,,,,,,,4,,,,
797,0,,,,,,,,,0,,,,,,,,4,,,8,,,,,,,,,,,4,,12,,,13,,,,,,,,,,,,,,,,,,,,,,,,,,,,,,,,,,,,,,,,,,,0,,,,,,,,,,,,,,,,4,,,,
798,,,,,,,,,,,,,,,,,,,,2,13,,0,2,2,,,,,3,,3,,9,,,14,,,,,,,,,,3,,,,,,,,,,,,,,,,,,,,,,3,,,,,,,,,,,,,0,,,1,,,,,,,0,,,,3,,,,
799,,,,,,,,,,,,,,,,,,4,,,11,,,,,,,,,,,,,7,,,17,,,,,,,,,,,,,,,,,,,,,,,,,,,,,,,,5,,,,,,,,,,,,,,,,,3,,,,,,,,,,,,,,
800,,,,,,,,,,,,,,,,,,,,,11,,0,,,,0,,,,,,0,9,0,,1,,,,1,,,,,,1,,,,,,,,,,,,,,,,,,,,,,,,,,,,,,,,,0,,,,,,,,,,,,,,,,,,,,
801,,,,,,,,,,,,,,,,,,,,,13,,,,,,,,0,3,,2,,8,,,8,,,,,,,,,0,,,,,,,,,,,,,,,,,,,,,,,3,,,,,,,,,,,,,9,,,,,,,,,,,,,,1,,,,
802,,,,,,,,,,,,,,,,,,,,,15,,,0,,,,,,,,,,2,,,3,,,3,5,,,,,,,,,,,,,2,,,,,,,,,,0,,,,,5,,,,,,,,,,,,,5,,,0,,,,,,,,,,,5,,,,
803,,,,,,,,,,,,,,,,,,,,,6,,,,,,,,,9,,,,1,,,14,,,16,,,,0,,,,,,,,,,,,,,,,,,,,,,,,,,,,,,,,,,,,,,,,,,,,,,,,,1,,,,,,,
804,,,,,,,,,,,,,,,,,,5,,,,,,,,,,,,,,4,,7,,2,,,,7,,,,,,,6,,,,,,,,,,,,,,,,,,,0,,0,,,,,,,,,,2,,6,,9,,,,,,,,,,,,,,,,,,
805,,,,,,,,,,,,,,,,,,,3,,1,,,,,,,,,,,,,9,0,0,15,,,,,,,2,,,,,,,,,,,,,,,,,,,,,,0,,,,,,,,,,,,,,,,,,,,,,,,,,,4,,,,,,,
806,,,,,,,,,,,,,,,,,,,,,17,,,,,,,,,,0,,,3,,,4,,,2,4,,,3,,,,,,,,,,,,,,,,,,,,,0,,,,4,,,,,,,,,,,,,10,,,,,,,,,,,,,,1,,,,
807,,,,,,,2,,,,,,,,,,,,,,5,,,,,,1,,,4,,,,9,,,16,,,,,,,,,,,,,,,,,,,,,,,,,,,,,,,,,,,,,,,,,,,,,,,,,,,,,,,,,,,0,,,,
808,2,,,,,,,,,,,,,,,,,,,,12,,,,,0,,,,,,,,12,,,16,,,,,,,,,,,,,,,,,,,,,,,,,,0,,,,,,,,,,0,,1,,,,,,,9,,,,,,,,,,,,,,5,,,,
809,,,,,,,,,,,,,,,,,,2,,,9,,,,,,,,,,,,,11,,,17,,,,,,,,,,,,,,0,,,,,,,,,,,,,,,,,4,,,2,,,,,,,,,,,,,,,,,,,,,,,,,5,,,,
810,,,,,,,,,,,,,,,,,,,,,8,,,,,,,,,,,,,9,,,11,,,18,,,1,,,,,,,,,0,,,,,,,,,1,,,,,,,0,,,,,,,,,,,,,,,,,,,,,,,,,,,,,,,,
811,,,,1,,,,,,,,,,,,,,,,,10,,,,,,,,,6,,,,9,1,2,2,,,,1,,,,,,2,,,,,,,,,,,,,,,,,,,,,,2,,,,,,1,,,,,,,,,,,,,,2,,,,,,,,,,,
812,,,,,,,,,,,,,,,0,,,1,,,13,,,,,,1,,0,,,10,,10,,,8,,,,,,,,,,,,,,,,1,,,,,,,,,,,,,,,,,,,,,,,,,,,,,,,,,,,,,,,,,3,,,,,,
813,,,,,,,,,,,,,,,,,,5,,,14,,,,,,,,,,,6,,9,,,8,,,,,,,,,,,,,,,,,,,,,,,,3,,,,,,,,6,,,,,,,,,,,,,,,,,4,0,,,,,,,,,1,,,,
814,0,,,8,,,0,,,,,,,,,,,,,,13,,,,,,,,,,,,,11,,,15,,2,,,,,,,,,,,,,0,,,,,,,,,,,,,,,,,,,,,,,,,,,,,,,,,,0,,,,,,,,,,1,,,,
815,,,,,,,,,,,,,0,,,,,,,,7,,1,,,,,,,,,9,,10,,,12,,,,,,,,,,,,,,,,,,,,,,,,,,,,0,1,,,,,,,,,,,,,,,,,,,,,,,,,,,,,,,,,,
816,,,,,,,,,1,,,,,2,,,,,,,17,,,,,,,,0,,,,,4,,,10,,,,,,,,,,,,,,,,,3,,,,,,,,,,,,,,,6,,,,,,,,,,,,,8,,,1,,,,,,,,,,,5,,,,
817,,,,,,,,,,,,,0,,,,,,1,,8,,,,,,,,,,,,,7,,,17,,,,,,,,,,,0,,,,,1,,,,,,,,,,,,,,1,,,,,,,,,,,,,,,,,,,,,,,,,,,,,2,,,,
818,,,,,,,,,,,,,,,,,,,,,14,,,,,,,,,,,,,1,,,1,,,,,,,1,,,,,,,,,,1,,,,,,,,,,1,,,,,4,,,,,,,,,,,,,2,,,,,,,,,,,,,,4,,,,
819,,,,,,,,,,,,,,,,,1,,,,6,,,,,,,,,5,,5,,0,,,14,,,,,,,,,,,,,,,,,,,,,2,,,,,,,,2,,,,,,,,,,,,,,,,,,,,,,,,,,,,,,,,,,
820,,,,,,,,,,,,,,,,,,1,,,11,,,,,,,,,6,,,,7,,,15,,,,,,,,,,,,,,,,,,,,,,,,,,,,,2,0,,,,,,,,,,,,,,,,,,,,,,,,,,,,,,,,,
821,,,,,,,2,,,,,,,0,,,,5,2,,13,,,,0,,0,,,,,,,3,,,4,,,,,0,,,,,1,,,,,,,,,,,,,,,,,,,,,,,,,,,,,,,,,,,9,,,,,,,,,,,,6,,1,,,,
822,,,,,,1,,,,,,,,,,,,8,,,16,,,,,,,,,,,,,2,,,3,,,,,,,,,,,,,,,,,3,,,,,,,,,,,,,,,10,,,,,,,,,,,,,5,,,,,,,,,,,,,,3,,,,
823,,,,,,,,,,,,,,,,,,0,,,4,,,,,,,,,,,,,5,,,15,,,,,,,,,,,,,,,,,,,,,,,1,,,,,,,,,,,,,,,,,,,,,,,,,,,,,,,,,,,,0,,,,
824,,,,5,,,,,,,,,,,,,,,,,13,,,,,,,,,,,,,8,,,10,,,,,,,,,,,,,,,,,,,,,,,,,,,,,,,,,,,,,,,,,,,,,,,,,,,,,,,,,,,,,,,
825,,,,6,,,,,,,,,,,,,,,,,,,,,,,,,,3,,7,,13,,,,,,5,,,,,2,,2,,,,,,1,,,,,,,,3,,,,,,,,3,,,,,,,,,,,,,,,,,,,1,,,,,,,,,,,,2
826,,,,,,,,,,,,,,,,,,,,,13,,,,,,,,0,3,,,,11,,,14,,,,,,,,,2,,,,,,,,,,,,,,,,,,,,,,,,,,,,,,,1,,,,,,,,,,,,,,,,,,,,,,,
827,,,,,,,,,,,,,,,,,,,,,10,,,,,,0,,,6,,,,8,,,12,,,,,,,,,,,,,,,,,,,,,,,,,,,,,,,2,,,,,,,,,,,,,,,,,,,,,,,,,,,,,,,,
828,,,,,,,,,,,,,,,,,,,2,,11,,,,,,0,,,,,,,11,,3,16,,,,,,,,,,,,,,,,0,,,,,,,,,,,,,,,,,,,,,,0,,,,,,,,,,,,,,,0,,,,,,,,,,
829,,,,7,,,,,,,,,,,,,,,3,,12,,,,,,,,3,,0,,,8,,,14,,,,,,,0,,,,,,,,,,,,,,,,,,,0,,,,,,,,,,,,,,,,,,,,,,,,,,,,,,,,,2,,,,
830,,,,,,,,,,,,,,,,0,0,,,,8,,,,,,,,,,,8,,0,,,16,,,,,,,,,1,,,,,,,,,,,,,,,,,,,,,,,,,,,,,,,0,,,,,,,,,,,,,,,,,,,,,,,
831,,,,3,,,,,,,,,,,,,,,,,13,,,,,,,,,,,,,10,,,10,,,,,,,,,,,,,,,,,,,,,,,,,,,,,3,,,,,,,,,,,,,,,,,,,,,,,,,,,,,,,,,,
832,,,,,,,,,,,,,,,,,,,,,7,,,,,,,,,,,0,,2,,,9,,,,,2,,,,,,,,,1,,,,,,,,,,,,,,,,,,,,,,,,,,,,,,,11,,,,,,,,,,0,,,,,,,,
833,,,,,,,,,,,,,,,,,,,,,17,,,,,2,,,,,,,,4,,,17,,,,,,,,,,,,,,,,,,,,,,,,,,,,,,,,5,,,,,,,,,,,,,8,,,2,0,,,,0,,,2,,,3,,,,
834,,,,,,,,,,,,,,0,,,,,0,,10,,,,,,,,,,,,,7,,,16,,,,,,,,,,,,,,,,,,,,,,,,4,,,,,,,,,,,,,,,,,,,,,0,,,,,,,,,,,0,,,,,,,
835,,,,,,,,,,,,,,0,1,,,,,,10,,,,,,,,,1,,,,10,,,16,,,,,,0,,,,,,,,,,,,,,,,,,,,,,,,,,,,,,,,,,,,,,,,,,,,,,,,,,,,,,,,,
836,,,,,,,,,,,,,,,,,,4,,,14,,,,,,1,,,,1,,,11,,4,10,,1,,,1,,,,,,,,,,,,,,,,,,,,,,,,2,,,,,0,,,,,,,,,,,9,,,,,,,,,,,,,,,,,,
837,,,,,,,,,,,,,,,,,,,,,12,,,,,,,,,,,10,,10,,,11,,,,,,,3,,,,,,,,,2,,,,,,,,,,,,,,,,,,,,,,,,,,,,,,,,0,,,,,,,,,,,,,,,
838,,,,,,,,,,,,,,,,,3,,,,2,,,,,,,,,7,,,,11,,,16,,,,,,,,,,,,0,,,,,,,,,,,,,,,2,,,,,,,,,,,,,,,,,,,,,,,,,,,,,6,,,1,,,,
839,,,,,,,,,,,,,,,,,,,,,15,,,,,,,,,,,,,4,,,2,,,,3,,,,0,,,,,,,,,1,,,,,,,,,,,,,,,3,,,,,,,,,,,,,7,,,,,0,,,,,,0,,,3,,,,2
840,,,,,,,,,,,,,,,,,,2,,,13,,,,,,,,,,,,,1,,,13,,,,,,,,,,,,,,,,,,,,,,,,,,,,,,,,,,,,,,,,,,1,,,,,,,,,,,,,,,,,,,,,
841,,,,,,,,,,,,,,,,,,,,,10,,,,,,,,,3,,3,,8,,,8,,,,,,,,,,,,,,,,,,,,,,,,,,,0,,,,,3,,,,,,,,,,,,,9,,,,,,,,,,,,,,,,,,
842,,,,,,,,,,,,,,,,,,,,,11,,,,,,,,,1,,,,9,2,,17,,,1,0,,,,,,1,,,,,,,,,,,,,,,0,,,,,0,0,,,,,,,,,,,,,,,,,,1,,,,,,,,,,,,,,
843,,,,,,,,,,,,,,,,,3,,,,9,,,,,,,,,,,0,,8,,,16,,0,,,,,,,,,,,,,,,,,,,,,,,,,,,,,,,,,,,,,,,,,,,,,0,,,,,,,,,,,,,,,,
844,,,,,,,,,,,,,,,,,,,,,11,,,,,,,,,,,,,5,,,15,,,,,,,,,,,,,,,0,,,0,,,,,,,,,,,,,,,,,,,,,,,,,,,,,,,,,,,,,,,1,,,,0,,
845,,,,,,,,,,,,,1,,,,,,,,7,,,,,,,,,,,,,9,,,2,,,,,,,,,,,,,,,,,,,,,,,,,,,,,,,,,,,,,,,,,,,,,2,,,,,,,,,,,,,,,,,,
846,,,,,,,,,,,,,,,,,,,3,,12,,,1,,,,,,,,9,,12,,,9,,,,,,,,,,,,,,,,1,,,,,,,,,,,,,,,,4,,,,,,,,,,0,,,10,,,,,,,,1,,,0,,,2,,,,
847,,,,,,,,,,,0,,,,,,,,,,4,,,,,,,,,,,,,10,,,13,,,,,,,,,,,,,,,,,,,,,,,,,,,,,,,,0,,,,,,,,,,,,,,,,,,,,,,,,1,,,,,,,
848,,,,,,,,,,,,,,0,,,,,,,8,,,,,,,,,7,,6,,1,,,14,,,,,,,,,,,,,,,,,,,,,,,,,,,,,,1,,,,,,,,1,,,,,,,,,,,,,,,,,,,,,,,,,
849,,,,,,,,,,,,,,,,,,2,0,0,9,,,,,,,,,7,,,,7,,,15,,,,,,,,,,,,,,,,,0,0,,,,,,,,,,,,,4,,,,,,,,,,,,,,,,,,,,,,,,,,,,,,,,
850,,,,,,,,,0,,,,,,,,,,,,14,,,,,,,,,,,,,4,,,9,,,,8,,,1,,,,1,,,,,,0,,,,,,,,,,,,,0,0,,,,,,,,,,,,,,9,,,,,,,,,,,,,,2,,,,
851,,,,,,,,,,,,,,,,,,,3,,13,,1,,,,,,,,,,,12,,,8,,,,,,,,,,,,,,,,,,,,,,,,,,,,,,,,,,,,,,1,,,,,,,,,,,,,,,,,,,,0,,0,,,
852,,,,,,,,,,,,,,,,,,,,1,15,,,,1,,,,,4,,3,,9,,,8,,,,,,,,,,0,,,,,,,,,,,,,,,,,,,,,,4,,,,,,,,,,,0,,3,,,1,,,,,,,1,,,0,1,,,,
853,1,,,1,,,,,,,,,,,,,,,,,9,,,,,,,,,,,,,9,,,9,,0,,,,0,,,,,,,,,,,,,,,,,,,,,,,4,,,,,,,,,,,,,,,,,,,,,,,,,,,,0,,,,,,
854,,,,,,,,,,,,0,,,,,,,,,13,,,,,,,,,3,0,,,9,,,8,,,,,,,,,,,,0,,,,,,,,,,,,,,,,,,,,3,,,,,,,,,,,,,,,,,,,,,,,,,,,1,,0,,
855,,,,,,,,,,,,,,,,,,,,1,15,,,,0,,0,,,5,,3,,8,,,15,,,,,,,,0,,1,,,,,,,,,,,,,,,,,,,,,,5,,,,,,,,,,,,,2,,,2,0,,,,,,1,,,,2,,,,
856,,,,2,,,2,,,,,,,,,,,4,3,,9,,,,,,,,,,,6,,12,,,,,,4,,,,,,,1,,,,,,,,,,,,,,,,,,,,,,,,,,,,,,,,,,,,,0,,,,0,,0,,,,,,,,,,
857,,,,,,,,17,,,,,,,,,0,,,,,,,1,,,,,,,,,,,,,,,,12,,,,21,,,,,,,,,,,,,,,,,,,,,,,,,,12,,,,,0,1,,,,,,,7,,,,,,,,,12,,,,,,,,
858,,,,,,,,,,,,,,,,,,,,,,,,2,1,,,0,,,,,,,,,,,,15,,,,,,0,,4,,,,0,,,,,,,,,,,0,,,,,,,0,,,,,1,,,,,8,,,,,,,,,,,,,,,,,,,,
859,,,,1,,,,,,,,,1,,,,,,,,,,,0,,,,,,6,,,,,,4,,,,17,,,,,,,1,,,,,,,,,,,,,,4,,,,,,,,,,,,,,5,,,,,2,,,,,,,,,0,,,,0,,,,,,,
860,,33,,,,,,,,,,,,,21,,,,,,,,,2,,,,,,,,,,,,1,,,,15,,,,,,,,,,,,,,,,,,,,,1,,,,,,,,,,,,,,,,,,,,,,,,,,,,,,12,,,,,,,,,
861,,,,5,,,3,,,,,,,,,,,8,,,,,,,,,,,,0,,3,,,,2,,,,5,,,,,,,4,,,,,,,,,,,,,,,,,1,,,,,,,4,,,,,,,,,7,,,,,,,,,,,,,,,,,,0,,
862,,0,,,,,,22,,,,,,,,,10,,,,,,,0,,,0,,,,,,,,,,,,,11,,,,20,,,,,71,,,,,,,,,,,,,,,,,,,,,9,,,,,,3,,,,,,,5,,0,,,,,,,17,,,23,,,,,
863,,,,6,,,,,,,1,,,,,,,11,,,,,,,,,,,,,,5,,,,,,,,6,,,,,,,5,,,,,,,,,,,,,,,,,,,,,,,,3,,,0,,,,3,,6,,,,,,,,,,,,,2,,,,,,,
864,,0,,4,,,,,,,,,,,,,,6,,,,,,,,,,,,4,,,,14,,,,,,15,,,,,1,,3,,,,,,,,,,,,,,1,,,,,,,,,,,,,,,,,,,,,,,,,,,,,,,,,,,,,,,3
865,,,,,,,,23,,,,,,,,,2,,,,,,,2,,,1,,,,,,,,,1,,,,13,,,,,,,,1,,,,,,,,,,,,,2,,,,,,,,,11,,,,,1,3,,,,,,,,,,,,,,,,13,,,,,,,,1
866,,,,,,,,,,,,,,,,,,,,,,,,4,2,,,,,,,,,,,1,,,,17,,,,,,,,4,,,,,,,,,,,,,,,2,,,,,,,6,1,,,,,,,,,5,,,,,,2,,,,,,,,1,0,,,,,
867,,,,1,,,,,,,,,3,,,,,,,,,,,,,,,,0,5,,,,,,4,,,,20,,,,,,,3,,,,,,,,,,,,,,,,,,5,,,,,,,,,,3,,,,,2,,,,,,,,,,,,,,,,,,,,
868,,1,,,,,,24,,,,,,,,,1,,,,,,,2,,,1,,,2,,,,,,2,,,,13,,,,22,,,,0,,,0,,,,,,,,,,1,,,,,,,,,10,,,,,1,2,,,,5,,,8,,1,,,,,,,14,,,,0,,0,,0
869,,,,3,,,,,,0,,,,,,,2,5,,,10,,,4,,,,,,7,,,,9,,1,15,,,,,,,,,,1,,,,,,,,,,,,,,0,,,,,,,,,,,,,,,,,,,,,,,,,,,,1,,,,,,,,,,,
870,,,,,,,,,,,,,,,,,,,,,,,,5,1,,,,,,1,,,,,,,,,16,,,,,,,,0,,,,,,,,,,,,,,,1,,,,,,,4,3,,,,,,,,,8,,,,,,,,,,,,,,,,,,,,
871,,,,,,,,18,,,,,,,,,,,,,,,,3,3,,,,,,,,,,,,,,,15,,,,,,,,2,,,,,,1,,,,,,0,,,,,,,,,,3,,,,,,,,,,7,,,,,,,,,,,,,,,,,,,,
872,,,,3,,,,,,,,,4,,,,,,,,,,,,,,,,,4,,,,,,4,,,,19,,,,,,,1,,,,,,,,,,0,,,,1,,,,0,,,,,,,,,,1,,,,,3,,,,,,,,,,,,,,,,,,,,
873,,,,4,,,,,,,,,2,,,,,,,,,,,,,,,,,5,,,1,,,2,,,0,18,,,,,,,3,,,,,,,,,,,,,,3,,,,1,,,,,,,,,,2,,,,,1,,,,,,,,,,,,,,,,,,,,
874,,,,3,,,,,,,,,1,,,,,,,,,,,,,,,,,6,,,,,,4,,,,18,,,,,,,3,,,,,,,,,,,,,,2,,,,4,,,,,,,,,,2,,,,,0,,,,,,,,,,,,,,,,,,,,0
875,,,,,,,,,,,,,,,,,,,,,,,,2,,0,,,,2,,,,,,1,,,,15,,,,,,,1,,,,,0,,,,,,,,,1,,,,,,,,,,,,,,1,,,,,5,,,,,,,,,,,,,,,,,,,,
876,,,,3,,,4,,,,,,,,,,,,,,,,,,,,,,,2,,1,,,,3,,,,3,,,,,,,7,,,,,,,,,,,,,,,,,,,,,,,,2,,,,,,,0,,5,,,,,,,,,,,,,,,,,,,,
877,,,,2,,,,,,0,,,1,,,,,,,,0,,,,,,,,,4,,,,,,0,,,,15,,,,,,,3,,,,,,,,,,,,,,,,,,4,,,,,0,,,0,,4,,,,,6,,,,,,,,,,,,,,,,,,,,
878,,,,5,,,,,,,0,,,,,,,,,,,,,,,,,,,,,5,,,,,,,,2,,,,0,,,4,,,,,,,,,,,,,,1,,,0,,,,,,,,,,,,,,,,7,,,,,,,,,,,,,,,,,,,,
879,,,,,,,,,,,,,,,,,,,0,,,,,4,2,,,,,,2,,,,,,,,,17,,,,,,,,1,,,,,,0,,0,,,,,,,,,,,,,,7,3,,,,,,,,,6,,,,,,1,,,,,,,,,,,,,,
880,,,,,,,,,,,,,,,,,3,6,,,5,,,,,,,,,,,,,11,,,15,,,15,,,,,,,,,,,,0,,,,,,,,2,,,,,,,,,,,,,,,1,,,,,,,,,,,,,,,,,,,,,,,,,
881,,,,,,,,,,,,,,,,,,,,,,,,3,1,,,,,,,,,,,,,,,15,,,,,,,,2,,,,,,,,,,,,1,,,,,,,,,,2,0,,,,,,,,,7,,,,,,2,,0,,,,,,,,,,,,
882,,,,3,,,3,,,,,,,,,,,10,,,,,,,,,,,,,,6,,,,1,,,,2,,,,,,,6,,,,,,,,,,,,,,,,,,,,,1,,,5,,,,,,,,,7,,,,,,,,,,,,,0,,,,,,,
883,,,,,,,,,,,,,,,,,,,,,,,,2,,,,,,2,,,,,,1,,,,15,,,,,,,1,,,,,,,,,,,,,,1,,,,,,,,,,,,,,1,,,,,5,,,,,,,,,,,,,,,,,,,,
884,,,,5,0,,,,,,,,,,,,,,,,,,,,,,,,,2,,,,15,,,,1,,6,,,,,1,,1,,,,,,2,,,,,,,,2,,,,,,,,,,,,,,,,,,0,,,,,,,,,,,,,,,,,,,,,
885,,,,0,,,,,,,,,0,,,,,,,,,,,,,,,,,5,,,,,,3,,,,16,,,,,,,2,,,,,,,,,,,,,,3,,,,3,,,,,,,,,,4,,,,,1,,,,,,,,,,,,,,,,,,,,
886,,,,5,,,,,0,,,,,,,,,,,,,,,,,,,,,,,0,,,,,,,,3,,,,,,,6,,,,,,,,,,,,,,,,,,,,,,,,4,,,,,,,,,6,,,,,,,,,,,,,1,,,,,,,
887,,,,2,,,,,,,,,3,,,,,,,,,,,2,,,,,,6,,,,,,4,,,,19,,,,,,,2,,,,,,,,,,,,,,2,,,,4,,,,,,,,,,4,,,,,1,,,,,,,,,,,,,,,,,,,,
888,,0,,,,,,,,,,,,,,,,,,,,,,,,,,,,,,2,,,,1,,,,0,,,,2,,,5,,,,,,,,,,,,,,,,,,,,,,,,0,,,,,,,1,,6,,,,,,,,,,,,,,,,,,,,
889,,,,4,,,0,,,,,,,,,,,9,,,,,,,,,,,,,,6,,,,0,,,,1,,,,,,,3,,,,,,0,,,,,,,,,,,,,,,,,,3,,,,,,,,,7,,,,,,,,,,,,,0,,,,,,,1
890,,,,5,,,,,0,,,,,,,,,6,,,11,,,4,,,,,,7,,3,,13,,1,14,,,,,,1,,,,,,,,,,,,,,,,,,,,,,,,,,,,,,,,,,,,,,0,,,,,,,0,3,,,,,,,,,,,0
891,,,,,,,,,,,,,,,,,,,,,,,,2,,,,,,2,,,,,,1,,,,15,,,,,,,1,,,,,,,,,,,,,,1,,,,,,,,,,,,,,1,,,,,5,,,,,,,,,,,0,,,,,,,,,
892,,,,,,,,,,,,,,,,,,,,,,,,2,,,,,,2,,,,,,1,,,,15,,,,,,,1,,,,,,0,,,,,,,,1,,,,,,,,,,,0,,,1,,,,,5,,,,,,,,,,,,,,,,,,,,
893,,,,3,1,,,,,,,,,,,,,5,,,,,0,,,,,,,5,,,,13,,,,0,,16,,,,,0,,1,,,,,,,,,,,,,,1,,,,,,,,,,,,,,,,,,,,,,,,0,,,,,1,,,,,,,,,,
894,,,,,,,,,,,,,,,,,,,,,,,,5,2,,,,,,0,,,,,0,,,,18,,,,,,,,5,,,,,0,,,,,,,,,,3,,,,,,,5,2,,,,,,,,,6,,,,,,0,,,,,,,,,,,,,,
895,,,,,,,,,,,,,,,,,,,,,,,,4,0,,,,,,,,,,,,,,,16,,,,,,,,3,,,,,,,,,,,,0,,,1,,,,,,,1,2,,,,,,,,,6,,,,,,,,,,,,,,0,,,,,,
896,,49,,,,,,,,,,,,,,,,,,,38,,,,,,,,,,,,,,,,,25,,,,,,,,,,,49,,,,,,,0,,,,,,,,,,,37,,,,,,,,,,,19,,,,,,,,,,,,,,,,,,,,,,
897,2,22,,,0,,,,,,,,,,,,,0,,,12,14,,,,,,,,,0,,,36,,,,,,,,,,,,,,,,,,,,,,,,,,0,,,,,,,,1,,,3,,,,0,,,,,,,,,,,,,,,,,,,,,,,,,
898,,49,,,2,,,,,,,,,,,,,,,,41,,,,,,,,,,,,,,,,,29,,,,,,,,,,2,42,,,,,,,,,,,,,4,,,,,34,,,,,,,,,,,20,,,,0,,,,,0,,,0,,,,,,,,,,
899,,28,1,,,,,,,,,,,,,,,,,,0,15,,,,,,,,,,,,19,,,,,,,,,,,,1,,,,,,,,,2,,,,,,,,,,,,,,,,,,,,,,,,0,,,,,,,,5,,,,,,,,0,,,,,
900,,32,,,,,,,,,,,,,,5,,,,,19,22,,,,0,,,,7,,,,,,,,,,,,,,,,,,,59,,,,,,,,,,,,,,,,,,,0,,,,,,,,2,8,8,,,,,,,,,,,,,,,,,,,,2,,
901,1,,4,0,,,,,,,,,,,,,,,,,,,,,,,,,,,,,,47,,,,,,,,,,,,,,,57,,8,,,,,,,,,,,5,,,,,30,,,,,,,5,,,,,,,,,,,,,,,,,,,,,,,,,,
902,,47,,,,,,,,2,,,,,,,,,,,42,,,,,,,0,,,,,,,,,,28,,,,,,,,,,,51,,,,,,,,,,,,,,,,,,39,,,,,,,,,,,14,,,,,,,,,,,,,,,,,,,,,,
903,,,,,,,,,,,,,,,,,,,,,,,,,,,,,,,,,,47,,,,,,,,,2,,,,,,56,,8,,,,,,,,,,,2,,,,,32,,,,,,,10,,,,,,,,,,,,,,,0,,,,,,,,,,,
904,,28,,,10,,,,,,,,,,,,,,,,11,22,,,,,23,1,,,,,,14,,,,2,,,,,1,,,,,,25,,,,,,,,,,,,,,,,,,30,,,,,,,0,2,,,,,,,,,7,,,,,,,,,,,,,,1,0,
905,,36,,,,,34,,,,,,,,,,,,,,21,9,,,,,,24,,,,,,35,,,,9,,,,,,,3,,,2,12,,,,,,,,,,,,,,,,,,14,,,,,,,,6,1,,,,,,,,,,,,,,,,,,,,,,,,
906,,25,,,,,,,,,,,,,,,,,,,8,0,,,,,,,,,,,,38,,,,,,,,,,,,,,0,,,,,,,1,,,0,,,,,,,,,,,,,,,,,,,,,,,,,,,1,,,,,,,,,,,,,,,1
907,,28,,,,,1,,,,,0,,,,,,,,0,12,14,,,,,,,,,,,,22,,,,,,,2,,,,,7,,1,62,,,,,,,,,,,,,1,,,,,,,,,,,,,,,,,,,,,,,,,,,,,,,,,,,,,,
908,,0,,,,,,,,,,,,,,8,,,,,20,17,,,,,,,,9,,0,,,,,,,,,,,,,,,,,58,,,,,,2,,,,,,,,,,,,,,,,,,,,,3,12,8,,,,,,,,0,,,,,,,4,,,,,1,,
909,,33,,,4,,,,,,,,,,,,,,,,14,,,,,,13,26,,,,,4,45,,,,,,,,,,,,5,4,,52,,1,,,,,,,,1,,2,,,,,,,,,,,,,,,,,,,,,,,,,,,1,,,,0,,,,,,,,
910,,,,,,,43,,,,,,,,,,1,,,,22,15,,,,,,,,,6,,,20,,,,24,,,,,,,,6,,,30,,,,,0,,,,,,,,,,,,,24,,,,,0,,,,,,,,,,,,,,,,,,2,,,,,,,,,,
911,,28,,,,,,,,,0,,,,,,,,,,11,19,,,,,,,,,,,,19,,,,1,,,,,,,,5,,,52,,,,,,2,,,,,,,,,,,,28,,,,,,,,,,,,,,,,,,,,,,,,,,,,,,,0,,
912,,,,,,,44,,,,,,,,,,0,,,,19,14,,,,,,27,,,5,,,41,,,,22,,,,,,,,,,,30,,,,,1,,,,,,,,,,,,,22,,,,,,,,,,,,,,,,,,,,,,,4,,6,,,,,,,,
913,,24,,,,,,,,,,,,,,,,,,,20,6,,,,,,8,,1,,,,36,,,,,,,17,,,,,0,,,5,,,,,,,,,,,,,,,,,,13,,,,,,,,,,,,,,,,,,,,,,,,,,,,,,,,,
914,,37,,,,,32,,,,,,,,,,,,,,20,7,,,,3,,,,,,,,36,,,,19,,,0,,,,1,,,21,24,,,,,,,0,,,,,,,,,,,15,,,,,,,,,,,,,4,,,0,,,,2,,,,,,,,,,,3,,
915,,36,,,,,30,,,,,,,,,,,,,,15,4,,,,0,,33,,,,,1,35,,,,21,,,11,,,,1,,,18,24,,,,,,,,0,,,,,,,,,,16,,,,,,,,,,,,,,,,,,,,,,,,,,,,,,,,,
916,,24,,,,,,,,,,,,,,,,,,,9,13,,,,,,,,,,,,35,,,,,,3,,,,,,,,,,,,,,,,,,,,,,,,,,,,,,,,,,,,,,,,1,,,,,,,1,,,0,,,,,,,,,,
917,,39,,0,,,,,,,,,,,,,,,,,22,,,,,,,,,,,,,40,6,,,17,,,,,,,,,,,31,,,,,,,,,,,,0,6,,,,,29,,,,,,,,,10,,,0,,,,,,,,,,,,,,,,,,,,,
918,,28,,,,,,,,,,,,,,,,,,,11,19,,,,,,,,,,,,19,,,,1,,,,,,,,5,,,52,,,,,,2,,,,,,,,,,,,28,,,,,,,,,,,,,,,,,,,,,,,,,,,,,,,,,
919,0,50,,,3,,,,,,,,,,,,,0,,,42,,,,,,,,,,,,,,,,,29,,,,,,,,,,4,39,,,,,,,,,0,,,,,,,,,38,1,,,,,,,,,,22,,,,,,,,,,,,,,,,,,,,,,
920,,26,,,,,2,,,,,,3,,,,,,,,6,13,,,,,,,,,,,,39,,,,,,,4,,,,,5,,,53,,,,0,,5,,,,,,,,,,,,,,,,3,,,,,,,,0,,,,,,,,,,,,,,,,,,,,,
921,,26,,0,,,,,,,,,,,,,,,,,12,14,,,,,,,,,,,,20,,,,,,,0,,,,,,,,,,,,,,,,,,,,,,,,,,,,,,,,,,,,,,,,,,,,,,,,,,,,,,,,,,,
922,,24,,,4,,,,,,,,,,,,,2,,,12,15,,,,,,,,,,,,7,,,,,,,,,,,,,,,,,,,,,,,,,,,,,,,,,,,,0,,,,,,,,,,,,,,,,,,,,,,,,,,,,,,
923,,30,,6,,,,,,,,,,,21,,,,,,20,19,,,,,0,,,2,,,,19,,,,,,15,,,,,,7,,1,62,,,,,32,,,,,,,,,,,,,,,,,,,6,,,,,,,,,,,,,,,,,,,,,,,,,,,
924,,38,,,,,,,,,,,,,,11,,,,,21,20,,,,3,1,9,,,,,,26,,,,26,,,,,,,,,,,34,,,,,,,,,,,,,,,,,,22,,,,,,,11,,10,,,,,,,,,,,,,,0,,,,,,,,4,1,
925,,17,,,,,,,,,,,,,,,,,,,5,7,,,,,,,,0,,,,34,,,,,,,,,,,,,,,,,,,,,,,,,,,,,,,,,,,,,,,,,,,,,,,,,,,,,,,,,,,0,,,,,,,
926,,16,,,1,,,,,,,,,0,0,,,,,,7,15,,,,,,,,,,,,37,,,,,,0,,,,,,,,,,,,,,,,,,,,,,,,,,,,,,,,,,,,,,,,,,,,,,,,,,,,,,,,,,,,
927,,13,,,,,,,,,,,,,,,,,,,10,14,,,,,,,,,,,,2,,,,,,,,,,,,,,,,,,,,,,,,,,,,,,,,,,,,,,,,,,,,,,,0,,,,,,3,,,,,,,,,,,,,
928,,28,,,,,,,,,,,,,,5,,,,,20,23,,,,,3,,,9,,,,,,,,,,,,,,,,,,,59,,,0,,,,,,,,,,,,,,,28,,,,,,,,,8,11,9,,,,,,,1,,,,,,,,4,,,,,10,,
929,,30,,6,,,,1,,3,,,,,,,,,,,11,3,,,,,7,,,,,,,39,,,,,,,,,,,,,,,4,,,,,,,,,,,,,,,,1,28,28,,,,,,,,,,,,,0,,,,9,,,,,,,,,,,,,,,,
930,,34,,,,,31,,,,,,,,,,,,,,20,3,,,,,,15,,,,,,42,,,,23,,0,13,,,,,,,22,24,,,,,,,,,,0,,,,,,,,15,,,,,,,,,,,,,3,,,,,,,,,,,,,,,,,,,,
931,,34,,,,,45,,,,,,,,,,,,,,16,3,,,,,,30,,,,,,41,,7,,22,,,,,,,,5,,22,30,,,,,,,,,,,,,,,,0,,25,,,,,,,,,,,,,,,,,,,,,,,,,,,,,,,,,
932,,19,,0,,,4,,,,,,,,,,,,,,0,1,,,,,,,,,,,,37,,,,,,,,,,,,,,,,,,,0,,0,,,,,,,3,,,,,,,,,,,,,,,,,,,0,,,,,,4,,,,,,,,,,,,,
933,,45,,,,,,,,,,,,,,,,,,,32,,,,,,,,,,0,,,,,,,18,,,,1,0,,,,,0,39,,,,,,,,,,,,,,,,,,30,,0,,,,,,,,,23,,,,3,,,,,,,,,,,,,,,,,,
934,,25,,,,,,,,,,,,,,,,,,,11,15,,,,,,,,,,1,,37,0,,,,,,,,,,,9,,,,,,,,,,,,,,1,,,,,,,,,,,,,,,,,,,,,,,,,,,,,,,,,,,,,,,,
935,,28,,,,,51,,,,,,,,,,,,,,11,14,,,1,,,,,0,,,,40,,,,1,,,,,,,,,,,42,,,,,,0,,,,,,,,,,,,30,,,,,,,,,,,,,,,,,,,,,,,,,,,,,,,,,
936,,0,,,,,27,,,,,,,,,,,,,,22,7,,,,,,18,,,,,,42,,,,20,,,,,,,,,,22,17,,,,,,,,,,,,,,,,,,15,,,,,,,,,,,,,,,,,,,,,,,,,,,,,,,,,
937,0,35,,,,,,,,,,,,,,,3,,,,12,2,,,,,,12,,,,,,24,,,,1,,,0,,,,,,,,38,,,,,,,,0,,,,,,,,,,24,0,,,,,,,,12,,,,,,,,,,,,,,,,,,,,,,,,
938,3,,,2,,,,,,,,,,,,,,0,,,,,,,,,,,,,,,,47,,,,,,,2,,,,,,,,59,,8,,,0,,,,,,,,6,,,,,35,,,,,,,4,,,,,,,,,,,,,,,,,,,,,,,,,,
939,,34,,,,,47,,,,,,,,,,,,,,15,11,,,,,,31,,,,,,42,,,,25,,,,,,,,7,,23,52,,0,,,,,,,,,,,,,,,,21,,,,,,,,,,,,,0,,,,3,,,,,,,1,,,,,,,,,
940,,39,,,,,,,,,,,,,,,,,,,19,19,,,,2,,9,,,,,,19,,,,17,17,,,,,,,,,,30,,,,,,,,,,,,,,,,,,25,,,,,,,,0,13,,,,,,,,,1,,,,,,,,,,,,,,,
941,,42,,,,,,,,,,,,,,,,,,,40,,,,,,,,,,,,,,,,,27,,,,,,,,,,,35,,,,,,,,,,,,,,,,,,32,,,,,,,,,,,1,,,,5,,,,,,,,,,,,,,,,,,
942,,48,,,,,,,,0,,,,,,,,,,,39,,,,,,,,,,,,,,4,0,,30,,,,,,,,,,,40,,,,,,,,,,,,,0,,,,,29,,,,,,,0,,,0,21,,,,,,,,,,,1,,,1,,,,,,,,
943,,37,,,,,,,,,,,,,,,,,,,14,22,,,,,,17,,,,,,37,,,0,1,,,,,,,,,1,,34,,,,,,1,,,0,,,,,,,,,29,,,,,,,,,8,,,,,,,,,,,0,,,0,,,,,,,,,,
944,,29,,,,,,,,,,,,,,,,,,,22,21,,,,,,11,,,2,,,6,,,,13,,,,,,,,,,,32,,,,,,,,,,,,,,,,,,24,,,,,,,,,3,,,,,,,,,,,,,,,,,,,,,,,,
945,,44,,,,,,,,,,,,1,,,,,,,11,20,,,,,,,,,,,,0,,,,13,,0,,,,,,5,,,39,,,,,,,,,1,,,,,,,,,33,,,,,,,,,,,23,,,,,,,,,,,,,,,,,,,,,,
946,,22,,,,,,,,,,,,,,,,,,,12,13,,,,,,,,,,,,26,,,,,,,,,,,,,,,,,,,,1,,,,,,,,,,,,,,,,,,,,,,,,,,,,,,,,,0,,,,,,,,,,,,,
947,,23,,,0,,,,,,,,,,,,,,,,11,9,0,0,,,,,,,,,,2,,,,,,,,,,,,,,,,,,,,,,,,,,,,,,,,,,,,,,,,,,,,,,,,,,,,,,,,,,,,,,3,,,,
948,,35,,,,,37,,1,,,,,,,,,,,,19,5,,,,,,20,,,,,,43,,,,21,,,3,,,,,,,0,24,,,,,,,,,0,,,,,,,,,18,,,,,,,,,,,32,,,,,,,,,,,,,,,,,,,,,,
949,,36,,,,,,,,,,,,,,,,,,,16,19,,,,,0,5,,,3,,,42,,,,15,,,,,,,,,,,29,,,,,,,,,,,,,,,,,,26,,,,,,,,,9,,,,,,,,,,,,,,,,,,,,,,,,
950,,29,,,,,,,,,,,,,,5,0,,0,,20,18,,,,,2,,,,,,,41,,,,,,,,,,,,10,,,59,,,,,,,,,,,,,,,,,,,,,,,,,,,8,5,8,,,,,,,,,,,,,,,,,,,,1,,
951,,35,,,,,,,,,,,,,,10,,,,,13,15,,,,,,,,9,0,,,36,,,,,,,,,,,,,,,60,,,,,,4,,,,,,,,,,,,,,,20,,,,,,6,8,,,,,,,,,,,,,,,,,,0,,,2,,
952,,9,,,,,,,,,,,,,,,,,,,7,12,,,,,,,,,,,,33,1,,,,,,,,,,,5,,,,,,,,,,,8,,,,,,,,,,,,,,,,,,,,,,,,0,,,,,,,,,,,,,,,,,,,
953,,26,,,,,,,,,,,,,,,,,,,1,13,,,,,,,,,,,,35,,,,,,,,,,,,,,,,,,,,,,,,,,,,,,,,,,,,,,,,,,,,,,,,,,,,,,,,,,,,,,,,,,
954,,42,,,,,,,,,,,,,,,,,,,41,,,,,,,,,,,,,,4,,,25,,,,,,,,,,,49,,,,,,,,,,,,,,,,,,36,,0,,,,,,,,,20,,,,,,,,,,,,,,,,,,,,,,
955,,34,,,3,,,,,,,,,,,,,,,,13,,,0,,,10,30,0,,,,3,45,,,,,,,,,,,,11,6,,52,,1,,,,5,,,,4,,0,,,,,,30,,,,,,,,,,,,,,,,,,,,,0,,,,,,,,,,,,
956,,,,,,,,,,,,,,,,,,,,,1,,,,,,,,,,0,,0,45,,,,,,,,,,,,,,,,,,,,,,,,,5,,,,,,,,,,,,,,,,,,,,,,,,,,,,,,,,3,,,,,,,,,3
957,2,50,,,,,,,,,,,,,,,,,,,42,,,,,,,,,,,,,,,,,26,,,,,,,,,,,49,,,,,,,,,,,,,,,,4,,43,0,,,,,,,,,,9,,,,,1,,,,,,,,,,,,,0,,,,
958,3,,,,0,,,,,,,,,,,,,,,0,,,,,,,,,,,,,,46,,,,,,,,,1,,,,,,56,,8,,,,,,,,,,,6,,,,,37,,,,,,,0,,,,,,,,,,,,,,,,,,,,,,,,,,
959,,18,,,,,,,,,,,,,,2,,,,,8,13,,,,,,,,,,,,37,,,,,,,,,,,,,,,,,,,,0,,,,,,,,,,,,,,,,,,,,,,,,,,,,,,,,,,,0,,,,,,,,,0,4,
960,,24,0,,,,,,,,,,,,,,,,,,10,14,,,,,,,,,,0,,36,,,,,,,,,,,,,,,,,,,,,,,,,,,,,,,,,,,,,,,,,,,,,,,,,,,,,,,,,,,,,,,,,,
961,,28,,,,,,,,,,,,,,,,,,,14,16,,,,,8,,,,,,,38,,,,,,,,,,,,,0,,8,,,,0,,3,,,,,,,,,,,,,,,,,,,,,,,,,,0,,,,0,,,,,,,,,,,,,,,
962,,31,,,,,40,,,,,,,,,,,,,,19,5,,,,,,20,,,,,,1,,,,23,,,,,,,,2,,23,22,,,,,,,,,,,,,,,,,,18,,,,,1,,,,,,,,,,,,,,,,,,,,,,,,,,,,
963,,,,,,,,,,,,,,,0,,,,,,,,,,,,,,,,,,,47,,,,,,,,1,,,,,,,58,,,,,,,,,,,,,5,,,,,29,,,,,,,3,,,,,,,,,,,,,,,,,,,,,,,,,,
964,,36,,,,,,,0,0,,,,,,,,,,,18,24,,,,,,7,,,,,,41,,3,,8,,,,,,,,,,,,,,,,,,,,,,,,,1,,,,24,,,,,,,,,8,,,0,,,,,,,,1,,,,,,,,,,,,,
965,,39,,,,,,,,,,,,,,,,,,,20,21,,,,,,12,,,,,,4,,,,9,,,,,,,,,,,35,,,,,,,1,,,,,,,,5,,,26,,,,,,,13,,4,,,,,,,,,,,,,,,,4,,,,,,,,
966,,22,,,,,,,,,,,,,,,,,,,11,14,,,,,,,,3,,,,36,,,,,,,,,,,,,,,,,,,,,,,,,,,,,,,,,,,,,,,,,,,,,,,,,,,,,1,,,,,,,,,,,,,
967,,25,,,,,0,,,,,,,,,,,,,,11,12,,,,,,,,,,,,25,,,,,,5,,,,,0,,,,,,,,,,,,,,,,,,,,,,,,,,1,,,,,,,,,,,,,,,,,,,,,,,,,,,,,
968,,28,,,,,53,,,,,,,,,0,,,,,17,14,,,,0,,20,,,2,,,20,,,,27,,,,,,,,,,0,22,,,,,,,,,,,,,,,,,,29,,,,,,,,,,,,,,,,,,,,,,,,,,,,,,,,,
969,,49,,,1,,,,,,,,,,,,,,,,39,,,,,,,,,,,,,,,,,28,,,,,,,,,,,42,,,,,,,0,,,,,,,,,,,31,,,,,,,,,,,21,,,,,,,,,,,0,,,,,,,,,0,,
970,,32,,,,,,,,,5,,,,,5,,,,0,16,19,,,,,,,,,,,,43,1,,,,,,,,,,,6,,,56,,,,,,6,,,,,,,,,,,,,,,,,,,,,5,14,,,,,,,,,,,,,,3,1,,,,,,3,,
971,,42,,,,,,,,,,,,,,,,,,,32,,,,,,3,,,,,,,,,,,26,,,,,,,,1,,,42,,,,,,,,,0,,,,,,,,,33,,,,,,,,,,,21,,,,1,,,,,,,,,,,,,,,,,,
972,,21,,,,,,,,,,,,,,,,,,,8,12,,,,,,,,,,,,36,,,,,,,4,,,,,,,,,,,,,,,,1,,,,,,,,,,,,,,,,,,,,,,,,,,,,,,,,,,,,,,,,1,,,
973,,27,,,,,,,,,,,,,,,,,,,12,23,,,,,,,,,,,,36,,,,,,,,,,,,6,,,,,,,,,,,,1,,,,,,,,,,,,,,,7,,,,,,,,,,,,,0,,,,,,,,,,,,,,
974,,30,,,,,,,0,,,,,,,,5,,,,19,21,,,,,,11,,,,,,19,,,,14,,,,,,,,,,,35,,,,,,,,,,,,,,2,,,,25,,,,,,,,,9,,,,,,,,,,,3,,,3,,,,,,,,,,
975,,48,,,,,,,,9,,,,,,,,,,,41,,,,,,,,6,,,,,,,,0,29,,,,,,,,,,,44,,,2,,,,1,,,,,,,1,,,,39,,,0,,,,,,,,12,,,,,,,,,,,,,,,,,,,,,,
976,,26,,,,,31,,,,,,,,,,,,,,12,7,,,,,,24,,,,,,41,,,,24,,,6,,,,,,,22,1,,,,,,,,,,,,,,,,,,19,,,,,,,,,,,,,,0,,,,,,,,,,,,,,,,2,,,
977,,37,,,,,,,,,,,,,,,,,,0,12,20,,,,,,7,,,,,,25,,,,12,,,,,,0,,,,,32,,,,,,,,,,,,,,,,,,2,,,,,,,,,6,,,,,,,,,,,1,0,,,,2,,,,,,,,
978,,23,,,,,,,,,,,,,,,,,,,0,14,,,,,,,,,,,,24,,,,,,,,,,,,,,,,,,,,,,,,,,,,,,,,,33,,,,,,,,,,,,,,,,2,,,,1,,,,,,,,,,,,,
979,,,,,,,,,,,,,,,,,,,,,2,,,,,,,,,,,,,45,,,,,,,,,,,,,,,,,,,,,,,,,4,,,,,,,,,,,,,,,,,,,,,,,,,,,,,,,,0,,,,,,,,,
980,,16,,0,,,,,,,,,1,,,,,,,,11,13,,,,,,,,,,,,21,,0,,3,,,,,,,,8,,,,,,,,,,,,,,,,,,,,,,,,,,,,,,,,,,,,,,,,,0,,,,,,,,,,,,,
981,,45,,,,,,,,,,,,,,,,,,,39,,,,,,,,,,0,,,,,,,29,,,,,,,1,,,,51,,,,,,,,,,,,,,,,5,,38,,,,,,,,,,,20,,,,,,,,,1,,,,,,,,,,,,,
982,,23,,,,,,,,,,,,,,,,,,,10,8,,,,,,,,,,,,37,,,,,,,,,,,,,,,,,,,,,,,,,,,,,,,,,,,,,,0,,,,,,,,,,,,,,,4,,,,,,,,,,,,,
983,,1,,,,,,1,,,,,0,,,,,,,,6,14,,,,,,,,,,,,37,,,,,,,,,,,,,,,1,,,,,,,,,,,,,,,,,,,,,,,,,,,,,,,,,,,,,,,,,,,,,,,,,,,
984,,44,,,,,,,,,,,,,,,,,,,38,,,,,,,,,,,,,,,,,26,,,,,,,,,,,43,1,,,,,,,,,,,,,,,,1,30,,,,,,0,,,,0,12,,,,,,,,,,,,,,,,,,,,,,
985,,30,,,,,,,,,,,,,,,10,,,,15,20,,,,,,12,,,,,,21,,,,1,,,,,0,,,,,,36,,,0,,,1,,,,,,,,3,,,,28,,,,,,,,,12,,,,,,,,,,,,,,4,,,,,,,,,,
986,,28,,,,,1,,,,,0,,,,,,,,,21,21,,,,,,9,,,,,,5,,,,14,,,,,,,,,,,34,,,,,,,0,,0,,,0,,,,,,22,,,,,,,14,,7,,,,,,,,,,,,,,,,,,0,,,,,,
987,,30,,,,,,,,,,,,,,,,,,,16,19,,,,,,,,,,,,33,,,,,,,,,,,,4,,,1,,,,,,,,,,,1,,1,,,,,28,,,,,,,,16,,,26,,,,1,,,,,,,,,,,,,,,,,,
988,,49,0,,,,,,,,,,,,,,,,,0,39,,,,,,,,,,,,5,,,,,26,,,,,,,,,,,44,,,,,,,,,,,,,,,,,,41,,,,,,,,,,,19,,,,,,,,,4,,,,,,,,,,,,,
989,,50,,,,,,,,,,,,,,,,,,,41,,,,,,,,,,,,,,,,,9,,,,,,,,,,,47,0,,,,,,,,,,,,,,,,,42,,,,,,,,,,,,,,,1,,1,,,,,,,,,,,,,,,,
990,,36,,,,,,,,,,,,0,26,,,,,,12,,,29,,,6,,,,,,,,1,,,,,,,,,,,,,,,,,,,27,,,,,,,,,,,,8,,,,,,2,,,17,,,,,27,,,4,,,,,,0,,4,1,,,,,,,,
991,,15,,0,,,,,,2,,,,,,,,,,,15,15,,,,,11,,,0,,,,22,,,,,,,,,,,,,,,54,,,,,,,,0,,,,,,,,,20,,,,,,,,,,,,,,,,,,,,,,,,,3,,,,,,,,,
992,,,,,,,,,,,,,,,,,,,,,,,,,,,,,,,,,,19,,,,,,0,,,1,,,,,,57,,8,,,1,,,0,,,,,5,,,,,35,,,,,,,5,,,,,,,,0,,,,,,,,,,,,,,,,,,
993,,25,,,,,,,,,,,,,,,,,0,,10,13,,,1,0,,,,,,,,36,,,,2,,1,,,,,,,,,,0,,,,,,,,,,,,,,,,,,,,,,,,,,,,,,,,,,,,,,,,,,,,,,,,,,
994,,26,,,,,,,,,,,,,,,,,,,21,21,,,,,,10,,,,,,34,,,,25,,,,,,,,,,,32,,,,,,,,,,,,,3,,,,2,40,,,,,,,,,,,30,,,,,,,,,4,0,,,,,,,,,,,,
995,,25,,,3,,,,,,1,,,,,,,0,,,8,12,,6,,,,4,,,,,,37,,1,,,,,,,,,,,,,,,,,,4,,,,,,,,,,,,,33,1,,,,,,,,10,,,,,,,,,,,,,,,,1,,,,,,,,
996,,29,,,,,,,,,,,,,,,,,,,11,20,,,,,0,,,,,,,19,,,,,,,,,,,,,,,52,,,,,,2,,,,,1,,,,,,27,,,,,,,,,,9,,,,,,,,,,,,,,,,,,,,,,,,
997,,21,,,,,,,,,,,,,,,,,,,1,6,,,0,,2,,,,,,,37,,,,,,,,,,,,,,,,,,,,,,,,,,,,,,,,,,,,,,,,,,,,,,,,,,,,,,,,,,,,,,,,,,
998,,25,,,,,,1,,,,,,,,0,,,,,0,13,,,,,0,4,,,,,,0,,,,,,,,,,,,,,,,,,,,,,,,,0,,,,,,,,31,,,,,,,,,,,,,,,,,,,,5,,,,,,,,,,,,,
999,,15,,,,,,,,,,,1,,0,,,,,,5,14,,,,,,,,,,0,,37,,,,,,,,,,,,9,,,,,,,,,,,,,,,,,,,,,,,,,,,,,,,,0,,,,,,,,,3,,1,,,,,,,,,,,
1000,,29,,,,,,,,,,,,,,,6,,,,18,21,,,,,,11,,,,,,1,,,,17,,,,,,,,,,,36,,,,,,0,,,,,,,,2,,,,27,,,,,,,,,11,,,,,,0,,,,,,,,3,,,,,,,,,,
1001,4,33,,,,,42,,,,,,,,,,,,,,17,9,,,,,,13,,,,,,42,,,,22,,,,,,,,,,,12,,0,,,,,,,,,,,,,,,,19,,,,,,,,6,,,,,,,,,,,,,,,,,,,,,,,,,
1002,,29,,,0,,0,,,,,,,,,,,,,,13,22,,,,,1,,,,,,,,,,,,,,,,,0,,5,,,,,,,,,,,,,,,,,,,,,28,,,,,,,,,,,,,,,,,,1,,,,,,,,,,,,,,,
1003,,23,,,,,,,,,,,2,,,,,,,,12,15,,,,,,,,,,3,,35,,,,,,,,,,,,,,,,,,,,,2,,,,,,,,,,,,,,,,,,,,,,,,,,,,2,,,,,,,,,,,,,,,,,
1004,,23,,,,,,,1,,,,,,,,,,,,4,13,,,,,,,,,,,,21,,,,,,,,,,,,,,,,,,,,,,,,,,,,,,,,,,,,,,,,,,,,,0,,,,,,,,,,,,,,,,,,,,,
1005,,38,,,,,,,,,,0,,,,,,,,,19,19,,,,,,6,,,,,,0,,,,10,,,,,,,0,,,,36,,,,,,,3,,,,,,,,,,,27,,,,3,,,,,11,,,,,,,,,,2,,,,,,,,,,,,,,
1006,,21,,,,,,,,,,,,,,,,,,,11,7,,,,,,,,,,,,35,,,,,,,,,,,,,,,,,,,,,,,,,,,,,,,,,,,,,,,,,,,,,,,,,,,,,,,,,,,,,,,,,,
1007,0,29,,,,,,,,11,,,,0,,,,,,,11,,,,,,,,,,1,,,,,,,29,,,,,,1,,,,,41,,,,,,,,,,,,,,,,,,30,,,,,,,,,,,,,,,,,,,,,,,,,,,,,,,,,
1008,,0,,5,,,,,,,,,,,,,,,,,13,19,,,,,,,,,,,,0,,,,,,2,,,,,,,,,52,,,,,33,2,,,,,,,,,,,,,,,,,,,,,,16,,,,,,,,,,,,,,,,,,,,,11,,
1009,,47,,,,,,,,,,,,,,,,,,,41,,,,,,,,,,,,,,,,,24,,,,,,,,,,,44,,,,,,,,,,2,,,,,,0,1,39,,,,,0,,,,,,17,,,,,,,,,,,,,,,,,0,,,,,
1010,,33,,,,,,,,,,,,,,,3,,,,0,20,,,,,,10,,,,,,0,,,,17,,,,,,,,5,,,34,,,,,,,,,,,,,,,,,,24,,,,,,,,,10,,,,,,3,,,,,,,,1,,,,,,,,,,0
1011,,35,,,,,35,,,,,,,,,,,,,,20,19,0,,,,,7,,,,,,0,,0,,15,,,,3,,,,,,,29,,,,,,,,,,,,,,,,,,6,,,,,,,,,3,,,,,,,,,,,,,,5,,,,,,,,,,
1012,,26,,,,,33,0,,,,,,,,,,,,,20,11,,,,,,19,,1,,,,39,,,,27,,,,,,,,,,23,18,,,,,,,,,,,,,,,,,,14,,,,,,,,0,,,,1,,,,,,,,,,,,,,,,,,,,,
1013,,30,,1,,,3,,,,,,,,,8,,,,,23,6,,,,,,6,,,,,,19,,,,21,,,,,,,,,0,,20,,0,,,,,,,,,,1,,,,,,20,,,,,,,,,,,,,,,,,,,,,,,,,,,,,,,,,
1014,,47,,,,,1,,,,,,,,,,,,,,39,,,,,,,15,,,,,,,,,,27,,,,,,,,,,,38,,,,,,,,,,,,,,,,,,37,,,,,,,,,,,20,,,,,,,,,,,,,,,,,,1,,,,
1015,,48,,,,,,,,6,,,,,,,,,,,36,,,,,,,,,,,,,,,,,28,,,,,,,,,,,53,,,,,,,,,,,,,,,,,,43,,,,,,,,,,,3,,,,,,,,,,,,,,,,,,,,,,
1016,,,,,,,,,,,,,,,,,,,,,1,,,,,,,,,,,,,43,,,,,,,,,,,,,,,,0,,,,,,,,,3,,,,,,,,,,,,,,,,,,,,,,,,,,,,,,,,2,0,,,,,,,,
1017,,23,,,,,,,,,,,,,,,,,,,9,12,,,,,,,,,,,,32,,,,,,,1,,,,,,,,,,,,,,,,,,,,,,,,,,,,,,,,,,,,,0,,,0,,,,,,,,,,,,,,,,,,,
1018,,47,,,,,,,,,,,,,,,,,,1,40,,,,,,,,,,,,,,,,,25,,,,,,,,,,4,1,,,,,,,,,,,,,,,,,,33,,,,,,,,,,,23,,,,,,,,,,,,,,,,,,2,,0,,
1019,,51,,,,,,0,,,,,,,,,,,,,25,,,,,,,,,,,,,,,,0,10,,,,,,,,,,,47,,,,,,,,,,,,,,,,,,39,,,,,,,,,,,18,,,,5,,,,,,,,,,,,,,,,,,1
1020,,48,,,,,,,,,,,,,,,,1,,,40,,0,,,,,,,,,,,,,,,29,,,,,,,,6,,,41,,,,,,,0,,,,,,0,,,,,35,0,,,,,,,,,,20,,,,,,,,,,,,,,,,,,,,,,
1021,,51,,,,,,,,,,,,,,,,,,,11,,,,,,,1,,,,,,,,,,28,,,,,,,,,,,50,,,,,,,,,,,,,,,,,,42,,,,,,,,,,,10,,,,,,,,,,,,,,,,,,,,,,
1022,,16,,,,0,,,,,,,,2,,,,,,,11,24,,,,,,,,,,,,35,,,,18,17,,,,,,,,,36,,,,,,,,,19,,,,,,,,,0,17,,,,,,,,,,,,,,,,,,,,,,,,,,,,,,,,,
1023,,28,,,,,,,,,,,,,,5,,,,,16,19,,,,,,,,,,,,,,,,,,,,,,1,,5,,,60,,,,,,8,,,,,,,,,,,,,,,,,,,,,2,20,,,,,,,,,,3,,,,,,,,,,,3,,
1024,,23,,,1,,,,,,,,,,,,,,,,11,11,,,,,3,,6,,,,,29,,,,,,,,,,,,,,,,,,,,,0,,,1,,,2,,,,,,,,,,,,,,,,,,,,,,,,,,3,,3,,,,,,,,,,1,
1025,,28,,,,,44,,,,,,,,,0,,,,2,20,8,0,,,,,28,,,,,,46,,,,1,,,9,,,,,,,19,26,,,,,,,,10,,,,3,,,,,,17,,,,,,,,3,,,,,,,,4,,,,,,,,,,0,,,,,,,
1026,,26,,4,,,,0,,2,,,,,,,,,,,12,13,,,,,,,,,,,,25,,,,1,,,,,,,,,,,,,,,,,,,,,,,,,,,,,,,,,,,,,,,,,,,,,,,,,,,,,,,,,,,,,,
1027,,31,,,,,,,,,,,,,,,,,,,10,19,,,,,1,,,,,,,20,,,,,,,0,,,,,2,,,53,,,,,,2,,,1,,,,,,,,,28,,,,,,,,,,,,,,,,,,,,,,,,,,,,,,,,,
1028,,23,,,,,,,,,,,,,,0,,,,,11,13,,,,,,,,,,,,6,,,,,,0,1,,,,,,,,,,,,,,,,,,,,,,,,,,,,,,,,,,,,,1,,,,,,1,,,,,,,0,,,,,,,,,
1029,,24,,0,,,,0,,,,,,,,,,,,,8,12,,,,,,,,,,2,,37,,,,,,,,,,,,,,,,,,,,,,,,,,,,,,,,,30,,,,,,,,,,,,,,,,,,,,,,0,,,,,,,,,,,
1030,,28,,,,,34,,,,,,,,,,,,,,15,,,1,,,15,25,,,,,1,47,,,,,,,,,,,,6,3,,53,,0,,1,,6,,,,5,,3,,,,,,29,,,,,,,,,,,,,,,,,,,,,,,,,,,,,,,,,
1031,,33,,,,,,0,0,4,,,,,,11,,,2,,21,19,,,,2,11,2,,,,,,37,,,,,1,,,,,,,9,,,52,,,,,,2,,,,,,,,,,,,0,,,,,,,,,7,,,,,,,,,,,,,,,,,,,,,,,,
1032,,50,,,,,,,,,,,,,,,,,,,40,19,,,,,,,,,,,,,0,1,,12,,,,,,,,1,,,39,,,,,,,,,,,,1,,,,,,34,0,,,,,,,,,,23,,,,,0,,,,,,,,,,,,,,,,,
1033,,33,,,,,,,,,5,,,,,4,,,,,14,19,,,,,,,,8,,,,,,,,,,,,,,,,5,,,60,,,,,,,,,,,,,,,,,,0,,,,,,,,,2,13,,,,,,,2,,,,,,,,20,,,,,,8,,
1034,,28,,1,,,,,,,,,,,,,,,,,11,19,,,,,12,,,1,,,,19,,,,,,,0,,,,,,,,52,,,,,,,,,2,,,,,,,,,,,,,,,,,,,,,,,,,,,,,,,,,,,,,,,,,,
1035,,37,,0,,,2,,,,,,,,,,,,,,22,20,,,,,,6,,,,,,38,,,,20,3,,,,,,,,,,30,,,,,,,,,,,,,,,,0,,25,,,,,,,,,12,,,,,,,,,,,,,,,,,,,,,,3,,
1036,,49,,,,,,,,8,,,,,,,,,,,12,,,,,,,,,,,,,,,,,27,,,,,,,,,,,50,5,,,,,,,,,1,,,,,,,,41,,,,,,,2,,,,16,,,,,0,,,,,,,,,,,,,,,,,
1037,,36,,,,,,,,,,,,,,,,,,,20,19,,,,,,3,,,,,,39,,,,16,,,,,,,,,,,32,,,,,,,,,,,,,,,,,,23,,,,3,,,,,3,0,,,,,,,,,,,,,,,,,,,,,,,
1038,,28,,,,,,,,,,,,,,,,,,,13,15,,,1,,,,,,,,,34,,,,1,,,,,,,,,,,0,,,2,,,,,,,,,,,,,,,,,,,,,,,,,,,,,,,,,,,,,,,,,,,,,,,,
1039,,21,,,,,,,,,,,,,,,,,,,10,10,,,,,,,,,,,,39,,,,,,,,,,,,,,,,,,,,,,,,,,,2,,,,,,,,,,,,,,,,,,,,,,,,,,,,,,,,,,,,,,,
1040,,25,0,,,,,,,,,,,,,,,,,,9,7,,,,,,,,,,,,37,,,,,,,3,,,,,,,,,,,,,,,,0,,,,,,,,,,,,,,,,,,,,,,,,,,,,,,0,,,,,,,,,,,,,
1041,,36,,,,,,,,,,,,,,,,,,,19,18,,,0,,,5,,,,,,26,,,,14,,,,,,,,,,,25,,,,,,,,,,,,,,,,,,25,,,,7,,,,0,9,,,1,,,,3,,,,,,0,,,,,,,,,,,
1042,,39,,,,,,,,,,,,,,,,,,,19,23,,,,,,16,,,,,,8,,0,1,15,,,,,,,,,,,32,,,,,,2,,1,,,1,,,,5,,,26,,,,,,,11,,9,,,,1,,,,,,,,,,,,,,,,,,,,
1043,,32,,0,0,,,,,,,,,,,,,,,,12,,,,,,12,29,,,,,,44,,,,,,,,,,,,12,4,,0,,,,,,,,,,1,,4,,,,,,,,,,,,,,,,,,,,,,,,,,,,,,,,,,,,,,,
1044,,48,,,,,,,,,2,,,,,,,,,,41,,0,,,,,,,,,,,,,,,27,,,,,,,,,,,46,,,,,,,,,,,,,,,,,,38,,,,,,,,,,,17,,,,,,,,,,,,,,,,,,,,,,
1045,,33,,,2,,,,,,,,,,,,,,,,13,,,,,,11,27,,,,,,31,,,,,,,,,,,,9,5,,54,,3,,,,,,,,3,,,,,,,,,,,,,,,,,,,,,,,,,,,,,,,,,,,,,,,,,
1046,,1,,,,,,,,,,,,,,,,,,,,,,,,,,,,,,,,21,,,,2,,,,,,,,5,,,53,,,,,1,0,,,,,,,,,,,,41,,,,,0,,,,1,,,,,,,,,,,,,,,,,,,,,,,,0
1047,,25,,,,,,,,,,,,,,,,,1,,11,0,,,,,,,,,2,,,36,,,,,,,,,,,,,,,,,,,,0,,,,,,,,,,,,,,,,,,,,,,,,,,,,,,,,,,,,,,,,,,,,,,
1048,,26,,,1,,,,,3,,,,,,4,,,,,2,14,,,,,,,1,,,,,34,,,,,,,,,,,,,,,,,,,,,,,,3,,,,,,,,,,,,,,,,,,,,,,,,,0,,,,,,,,,,,,,,,,,
1049,,25,,,,,,,,0,,,,,,,,,,,0,12,,,,,,,,,,,,33,,,,,,,,,,,,,,,,,,,,,,,,,,,,,,,,,,,,,,,,,,,,,,,,,,,,,,,,,,,,,,,,,,
1050,,26,,,,,,,,,,,,,,,,,,,15,16,,,,,,,,,,,,45,,,,,,,,,,,,,,,30,,,,1,,4,,,,,,,,,,,,,,,,,,,,,,,,,,,,,,,,,3,,,,,,,,,,1,,
1051,,35,,,,,,,,,,,,,,,,,,,18,21,,,,,,15,,,,,,4,,,,16,,,,,,,,,0,,31,,,,,,,,,,,,,,,,,,5,,,,,,,,,2,,,,,,,,,,,,,,,,,,,,,,,,
1052,,35,,,,,,,,,,,,,,,,,,,15,13,,,,,,9,,,,,,37,,,,8,,,,2,,,0,,,,26,,,,,,,,,,,,,,,,,,16,,,0,4,,,12,,10,,,,,,,4,,,0,,,,,,,,,,,,,,
1053,,2,,,,,,,,,,,,,,,,,,,13,13,0,,,,,9,,,,,,21,,,,16,,,5,,,,0,,,,,,,,,,4,,,,,,,,,,,,29,,,,,,,,,,,,,,,,,,,,,,,,2,,,,,,,,,
1054,,22,,,,,,,,0,,,,,,,,,,,4,14,,3,,,,21,,,,,,34,,,,,,2,,,,,,,,,,,1,,,,0,,,1,,,,,,,,,,,,,,,,,,,,,,,,,,,,,,,,,,,,,,,,,,
1055,,24,,,,,,,,,,0,0,,,,,,,,14,16,,,,,,,,,,,,40,,,,,,,,,,,,,,,0,,,2,0,,,,,,,,,,,,6,,2,,,,,,,,,,,,,,,,,,,,,,,,,,,,,,,,,
1056,,23,,,,,,,,,,,,0,,,,,,,2,14,,,,,,,,,,,,32,,,,,,,,,,,,,,,,,,,,,,,,,,,,1,,,,,,,,,,,,,,,,,,,,,,,,,,,,,,,,,,,,,,
1057,,29,,,,,,,,,,,,,,,,,,,11,0,,,,1,,,0,,,,,21,,,,1,,,7,,,,,,,,,,,,,,5,,,,,,1,,,,,,32,,,,,,,,,11,1,,,,,,,,,,,,,1,2,,,,,,,0,,
1058,,28,,,,,,,,,2,,,2,23,10,,0,,,11,14,1,,,0,,,,,,,,19,,,,1,,,,,,,,,,,55,,,,,4,,0,,,,,,,,,,0,,,,,,,,,,,,,,,,,24,,,,,,,,,,,,,,,,,
1059,,23,,,,,,,,,,,,,0,,,,,,6,13,,,,,,,,,,,,32,,,,,,,,,,,,,,,,,0,,,,,,,,,,,,,,,,,,,,,,,,,,,,,,,,,,,,,0,,,,,,,,,,,,
1060,1,47,,,,,,,,,,,,,,,,,,,39,2,,,,,,,,,,,6,20,,,,11,,,,,,,,,,,51,,,,,,,0,,,,,,,,,,,28,,,,,,,,,,,9,,1,,,,,,,,,,0,,,,,,1,,,,
1061,,34,,,,,,,,,,0,,,,5,,,,,19,19,,,,,,,,4,,,,,,,,,,,,,,,,,,,57,,,,,,,,,,,,,,,,,,,,,,,,,,,8,5,8,0,,,,,,,,,,,,,,5,,,,,4,,
1062,,31,,,,,,,,,,,,,,,,,,,10,16,,,,,,8,,,,,,42,,,,6,,,3,,,,,5,,25,32,,,,,,,,,,,,,,,,,,27,,,,,,,,,6,,,,,,,,,,,,,,,,,,,,,,,,
1063,,23,,,,,,,,,,,,,,2,,,,,8,12,,6,,,0,,,,,,,38,,,,,,,,,,,,,,,,,,,,,0,,,,,,,,,,,,,,,,,,,,,,,,,,,,,,,,,,,,2,,,,,,,,1,
1064,,32,,,,,47,,,,,,,,,,,,,,16,1,,,,,,28,,,,,,41,,,,18,,,,,,,,,,22,28,,,,,,,,,,,,,,,,,,20,,,,,,,,,,,30,,,,,,2,,,,,,,,,,,,,,,,
1065,,28,,,3,,,,,,,,,,,,,,,,11,19,,,,,,,,,,,,19,,0,,10,,,,,,1,,,,,32,,,,,,2,,,,,,,,,,,,28,,,,,,,,2,8,,,,,,,,,,,,,,,,,,,,,,,,
1066,,43,,,,,0,,0,,,,,,,,,,,,39,,,,,0,,,,,4,,,,,,,29,,,,,,,,,,,37,,,,,,,,,,,,,3,,,1,,28,1,,1,,,1,,,,,22,0,,,,,,,,0,,,,,,,,,,,1,,
1067,,51,,,,,,,,10,,,,,,,,,,,41,,,,,,,,2,,,,,,,,,28,,,,,,,,,0,,50,,,,,,,,,,,,,,,,,,41,,,,,,,,,,,16,,,,,,,,,,,,,,,,,,,,,,
1068,3,5,,,,,,,,,,,,,,,,,,,5,11,,,,,,,,,,,,37,1,,,,,4,,,,,,,,,,,,,,,,0,,,,,,,,,,,,,,,,,,,,,,,,,0,,,,,,,5,,,,,,,,,,,,
1069,2,22,1,,,,,,,,,,,,,,,,,,9,12,,,,,,,,,,,,36,,,,,,,,,,,0,,,,,,,,,,,,,,,,,,0,,,,,,,,,,,,,,,,,,,,,1,,,1,,,,,,,,,,,,,
1070,,31,,,,,49,,,,,,,,,,,,,,23,18,,,,,,14,,,,,,38,,,,17,,,,0,,,,,,,33,,,,,,,,,,,,,,,,,,24,,,,,,,,,11,,,,,,,,,,,,,,3,,,,,2,,,0,,
1071,,28,,,,0,,,,,,,,,,11,,,,,1,19,0,,,,,,,,,,,22,,,,3,,,,,,,,5,,,31,,,,,,,1,,1,,,,,,1,,2,28,,,,,,,,,,1,,,,,,,,,,,,,,,,,,,,,,,
1072,,28,,,,,,,,,,,,,,,,,,1,21,18,,,,1,1,6,,,4,,,27,,,,11,,,,,,,,,,,29,,,,,,2,,,,,,,,,,,,24,,,,1,,,,,11,,,1,,,,,,,,,,,,,,,,,,,,,
1073,,25,,,,,,,,,,,,,,3,,,,,11,20,,,,,,,,2,,,,34,,,,,,,,,,0,,,,,60,,,,,,7,,,,,,,,,,,,,,,,,,,1,,6,15,,,,,,,,,,6,,,,3,,,,,,,2,,
1074,,17,,,2,,,,,,,,,0,,,,,,,8,10,,,,,,,,,,,,39,,,,,,,,,,,,,,,,,,,,,,,,,,,,,,,,,,,,,8,,,,,,,,,0,1,,,,,,,,,,0,,,,,,,,,
1075,,9,,,,,,,,,,0,,,,,0,,,,9,12,,,,,,,,,,,,34,,,,,,,,,,,,,,,,,,,,,,,,,,,,,0,5,,,,1,,,,,,,,,,,,,,,,,,,,,,,,,,,,,,,0,
1076,,24,,,,,,,,,,,,,,,,,,,8,11,,,,,,,,,,,,28,,,,,,,,,,,,,,,,,,,,,,,,,,,,,,4,,,,,,,,,,,,,,,,,,,,,,,4,,,,,,,,,,,,,
1077,,31,,,,,,,,4,1,,,,23,9,,,,,13,18,,,,,,,,,,,,37,,,,,,1,,,,,,,,,54,,,,,,,,,,,,,,,0,,,30,,,,,,,,,,13,,,,,,,,,,,,,,,,,,,,,,,
1078,,19,,,,,,,,,,,,0,,,,,,,9,7,0,,,,,,,3,,,,37,,,,,,,,,,,,,,,,,,,,,,,,,,,,,,,,,,,,,,,,0,,,,1,,,,,,,,,,,,,,2,0,,,,,,,
1079,,21,,,,,,,,0,,,,,,,,,,,0,15,,,,,,,,,,,,2,,,,,,,,,,,,,,,,,,,,,,,,,,,,,,2,,0,,,,,,,,,,,,,,,,,,,,,,,0,,,,,,,,,,,
1080,,29,,,,,40,,,,,,,,,,,,,,21,0,,,,,,26,,,,,,38,,,,22,,,6,,0,,,,,22,6,,,,,,,,,,,,,,,,,,19,,,,,,,,,,,33,,1,,,,,1,,,,,,,,1,,,,,,,
1081,,49,,,0,,,,,,,,,,,,,,,,36,,,,,,,,,,,,,,,2,,21,,,,,,,,,,,39,,,,,,2,,,,,,1,,,,,,33,,,,,,,,,,,22,,,,,,,,,,,,,,,,,,,,,,
1082,0,51,,,,,,,,,,,,,,,,,,,38,,,,,,,,,,,,,,,,,28,,,,,,,,,,,52,,,,,,,,,,,,,,1,,,,44,,,,,1,,,,,,14,,,,3,,,,,,,,,,,,,,,,,,
1083,,25,,,0,,,,,,,,,,,,,,,,9,11,,,,,,,0,,,,,39,,,,,,,,,,,,,,,,,,,,,,,,,,,,,,,,,,,,,,,,,,,,,,,,,0,,,,3,,4,,,,0,,,,,,,
1084,,18,,,,,,,0,,,,,,,,,,,,9,14,,7,,,,1,,,,,,37,,,,,,,,,,,,,,,,,,,,,,,,,,,,,,,,1,,,,,1,,,,,,,,1,,,,,,,,,,,,,1,3,,,,,,,
1085,,,,,,,,,,,,,,,,10,11,,,,,,,,,,,,,,,,,,4,,,,,13,,,,0,,,,,60,,,,,,,,,,,,0,,,,,,,,,15,,,,,,,,,,,,,,,,,,,,,,17,,,8,,,,,
1086,,5,,,,,,,,0,,,,,,,,,,,5,11,,,,,,,,,,,,34,,,,27,,,,,,,,,,,,,,,,,,,,,,,,,,,,0,,,,,,0,,,,,,,,,,,,,,,,,,,,,,,,,,,,
1087,,28,,,,,,,,,,,,,,,,,,,12,19,,,,,7,,,,,1,,20,,,,,,,,,,,,,,,54,,,,,,2,,,,,,,,,,,,,,,,,,,,,,,,,,,,1,,0,,,,,,,,,,,,,,,
1088,,32,,,,,,,,,,,,,0,6,,0,,,15,19,,,,,9,2,,15,,,,37,,,,,,15,,,,,,,,,7,,,,,,,,,,,,,,,,,,,,,,,,,,,8,,,,,,,,,,,,,,,0,,,,,,,,,
1089,,36,,,,,,,1,,,,,,,,,,,,17,20,,,,,,8,,,,,,1,,,,15,,,,,,,,,,,37,,,,,,,,,,,,,,,,0,,27,,,,2,,,,,14,,,,,,1,,,,0,,,,,,,,,,,,,,
1090,,29,,,,1,,,,,,,,,,,0,,,,23,21,,,,,,13,,,,,,9,,,,15,,,,0,,,,,,,35,,,,,,0,,,,,,,,,,,,27,,,,,,,,,12,,,,,,,,,,,,,,4,,,,,,,1,,,
1091,,24,,,,,,,2,,,,,,,,,,,,7,14,,,,,,,,,,,,22,,,,28,,,,,,,0,,,,52,,,,,1,2,,,,,,,0,,,,,,,,,,,,,,,,,,,,,,,,,4,0,,,,,,,,,,,,
1092,,25,0,,,,,,,,,,,,,,,,,,11,8,,,,,,,,,,2,,34,,,,,,,,,,,,,,,,,,,,,,,,,,,,,,,,,,,,,13,,,,,,,,,,,,,,,,,,,,,,,,,,,,,
1093,,35,,,,,47,,,,,,,,,,,,,,22,19,,,,,,23,,,,,,27,,,,17,,,,,,,,,,,29,,,,,,2,,,,,,,,,,,,27,,,,,,,,,,,,,,,,,,,,,,,,,,,,,,,,,
1094,,33,2,,,,0,,0,,,,,,,,,,,,21,9,,,,,,29,,,,,,40,,,,1,,,,,,,,0,,23,29,,,,,,,,,,,,,,,,,,22,,,,,,,,0,,,,3,,,,,,,,,,,,,,,,,,,,,
1095,,30,,,,,24,,,,,,,,,,1,,,,12,7,,,,,,14,,,,,,39,,1,,1,,,13,,,,,,,12,24,,,,,,,,10,,,,,,,,,,23,,,,,,,,,,,,,,,,,,,,,,,,,,,,,,,,,
1096,,28,,,,,,,,,,,,,,,0,,,,11,19,,0,,,,,,,,,,19,,,,1,,,,,,,,5,,,52,,,,,,2,,,,,,,,,,,,28,,,,,,0,,,,,,,,0,,,,,,,,,,,,,0,,,0,,,
1097,2,,,,,,,,,,,,,,,,,,,,,,,,,,,,,,,,,42,,,,,,,,,,,,,,,58,,7,,,4,,,,,,,,2,,,,,37,,,,,,,10,,,,,,,,,,,,,,,,,,,,,,,,,,2
1098,,32,,,,,,,,,,,,,,10,,,,,20,3,,,,1,10,1,,8,,,,44,,,,,,,,,,,,,,,61,,,,,,,,,3,,,,,,,,,1,,,,,,,,,6,11,,,,,,,,,,,,,,,,,,,,,,,
1099,,47,,,,,51,,,,,,,,,,,,,,42,20,,,,,,,,,,,,,1,,,28,,,,,,,,,1,,41,,,,,,,,,,,,,,,,,,32,,,,,,,,,,,23,,,,,,,,,,,,,,,,,,,,,,
1100,,50,,,,,,,,7,,,,,,,,,,,40,,,,,,,,,,,,7,,,,,23,,,,,,,,,,,51,,,,,,,,,,,,,,,,,,39,,,,,1,,,,,,3,,,,,,,,,,,,,,,,,,,,,,
1101,,24,,,,,,,0,,,,,,,,,,,,10,11,,,,,,,,,,1,,38,,,,,,,,,,,,,,,,,,,,,,,,1,,,,5,,,,,,,,,,,,,,,,,,,,,,,,,,,,,,,,,,,,,,
1102,,49,,,,,,,,,,,,,,,,,,,41,,,,,,1,0,,,,,,,,,,18,,,,,,,,2,,3,42,,,1,,,,,,,,,,,,,,,33,,,,,,,,,,,22,,,,,,,,,,,,,,,,,,,,,,
1103,0,38,,,,,,,,,,,,,,,,,,,30,24,,,,,,,0,,,,,,,,,19,,,,,0,,,9,,,38,,,,,,,,,,,,,,,,,,29,,,,,,,,,11,6,28,,,,4,,,,,,,,,,,,,,3,,,,
1104,,50,,,,,,,,,0,,,,,,,,,,35,,,,,,,,,,0,,,,,,,24,,,,,,,,,,,51,,,1,,,,,,,,,,,,,,,40,,,,,,,,,,,4,,,,4,,,,,,,,,,,,,,,,,,
1105,,29,,,2,,,,,,,,,,,,,,,,12,21,,,,,2,,,,,,,,,,,,,,,,,,,0,,,,,,,,,,,,,,,,,,,,,29,,,,,,,,,,,,,,,,,,1,,,,,,,,,,,,,,,
1106,,38,,,,,38,,,,,,,,,,,,,,17,1,,,,,,11,,,,,,40,,,,0,18,0,,,,,,,,,27,,,,,,,,,,,,,0,,,,,28,,,,,,,,,10,,,4,,,,,,,,,,,,,,,,,,,,,
1107,,22,,,,,,,,,,,,,,,,,,,9,3,,,,,,,8,,,,,36,,,,,,,,,,,,,,,,,,,,,,,,,,,,,,,,,,,,,5,,,,,,,,,,,,,,,,,,,,,,2,,,,,,,
1108,,48,,,,,,,,,,,,,,,,,,,40,,,,,,,,,1,,,,,7,,,29,,,,,,,,5,,,42,,,,,,,,,,,,,,,,,,30,,,,,,,,,,,22,,,,,,,,,,,,,,,,,,,,,,
1109,,38,,,,,,,,0,,,,,,,,,,,18,19,,,,2,,5,,,,,,27,,,,15,,,,,,,,,,,29,,,,,,,,,,,,,,,,,,5,,,,,0,,,,1,,,,,,,,,,,,,,,,,,,,,,,,
1110,,23,,,,,,,,,,,,,,,,,,0,10,14,,,,,,34,,2,,,,38,,,,,,,,,,,,,,,,,,,,,,,,,,,,,,,,,,,,,,,1,,,,,,,,,,,,,,,,,,,,,,,,,,,
1111,,36,,,1,,,,,,,,,,,,,,,,14,,,,,,14,28,,,,,5,19,,,,,,,,,,,,11,1,,53,,2,,,,2,,,,2,,1,,,,,,,,,,,,,,,,,,,,,,,,,,,,,,,,,,,,,,,
1112,,24,,,,,,,,,,,,,,,,,,,3,2,,,,,,,,2,,,,38,,,,,,5,,,,,,,,,,,,,,,,,12,,,,,,,,,,,,,,,,,,,,,,,,,,,,,,,,,,,,,,,0,,0,,0
1113,,35,,,,,32,,,,,,,,,,,,,,19,4,,,,,,28,,,,,,42,,,,19,,,1,,,,,,,22,25,,,,,,,,,,,,0,,,,,0,17,,,,,,,,,,,,,,,,,,,,,,,,,,,,,,,,,
1114,,34,,,,,45,,,,,,,,,,,,,,17,8,,,6,,,25,,,2,,,40,,,,11,,,,,,,1,,,20,23,,,,,,,,,,,,,,,,,,19,,,,,,,,,,,,,,,,,,,,6,,,,,,,,,,,,,
1115,,50,,,,,,,,0,,,,,,,,,,,40,,,,,,,,,,,,,,,,,1,,,,,,,,,,,41,,0,,,,,,,,,,,,,,,,41,,,,0,,,,,,,14,,,,,,,,,,,,,,,,,,,,,,
1116,,27,,,,,,,,4,,,,,,,,,,,10,9,,,,,,,0,,,,,0,,,,,,,,,,,,,,,,,,,,,,,,,,,,,,,,,,,,,,,,,,,,,,,,,,,,,,,,,,,,,,,,,,
1117,,0,,,,,,,,,,,,,,,,,,,0,8,,,,,,,,,,,,37,,,,1,,,,,,,,,,,,,,,,,,,,,,,,,,,,,,,,,,,,,,,,,,,,,,,,,,,,,,,,,,,,,,
1118,,,2,,,,,,,,,4,,,,,,,,,,,,,,,,,,,,,,44,,,,,,,,,2,0,,,,,0,,8,,,,,,,,,,,3,,,,,36,,,,,,,10,,,,,,,0,,,0,,,,,,,,,,,,,,,,
1119,,28,,,,,,,,,,,,,,,0,,,,11,19,,,,,,,,,,,,19,,,,1,,,,,,,,5,,,52,,,,,,2,,,,,,,,,,,,28,,,,,,,,,,,,,,,,,,,,,,,,,,,,,,,,,
1120,,50,,,,,,,,,,,,,,,,,,,39,,,,,,,,,,,,,,,,,27,,,,,,,,,,1,52,,,,,,,,,,,,,,,,,,43,,,,,0,,,,0,,9,,,,,,,,,,,,,,,,,,,,,,
1121,,38,,,0,,,,,,,,,,,,,,,,24,14,0,,,0,,6,,,0,,,26,,0,,16,,,,,,,,,,,23,,,,,,2,,0,,,0,,,,,,,26,,,,4,,,,,,,,2,,,,,,,,,,,,,0,,,,,,,,
1122,,34,,,,,35,,,,,,,,,,,,,,18,5,,,,1,,26,,,,,,39,2,,,21,,0,10,0,,,,,,18,18,,,,,,,,,,,,,,,,,,21,,,,,,,,,,,,,,,,,,,,,,,,,,,,,,1,,,
1123,,24,,,,,,,,,,,,,,,,1,,,11,13,,,0,,,,,,,,,0,,,2,,,,,,,,,,,,,,,,,,,,,,,,,2,,,,,,,,,,,,,,,,,,,,,,,,,,,,,,,,,,,,,,
1124,,22,,,,,,,,,,,,,,,,,,,3,15,,,,,,,,,,,,36,,,0,,,,,,,,,,,,,,,,,,,,,,,,,,,,,,,,,,1,,,,,,,,,,,,,,,,,,,,,,,,,,,,,
1125,,24,,,,,,,,,,,,,,,,,,0,4,15,,,,,,,,,,,,37,,,1,,,,,,,,,,,,,,,,,,,,,,,,,,,4,,,,,,,,,,,,,,0,,,,,,1,,,,,,,,,,,,,,,,
1126,,20,,,,,,,,,,,,,,,,,,,11,8,,,,,,,,,,,,39,,,,,,,,,,,,,,,,,,,,0,,,,,,,,,,,,,,,,,,,,,,,,,,,,,,,,,,,,,,,,,,,,,,0
1127,,31,1,,,,,,,,,,,,,,0,,0,,11,20,,,,,,11,,,,,,20,,,,7,,,,,,,,,,,34,,,,,,,,,,,,,,0,,,,26,,,,,,,,,11,,,,1,,,,,,,,,,,,,,,,,,,0,
1128,,22,,,,,,,,,,,,,,0,,,,,9,14,,,,,,,,,,,0,38,,,,,,,12,,,,,,,,,,,,,,,,,,,,,,,,,,14,,,,,,,,,,,,,,,,,,,,,,,,,,,,0,,,,,
1129,,49,,,,,,,,,,,,,,,,,,,0,,,,,,,0,,,,,,,,,,0,,,,,,,,,,,51,6,,,,,,,,,,,,,,,,,41,,,,,,,,,,,14,,,,,,,,,,,,,,,,,,,,,,
1130,,24,,,,,,,,,,,,,,,,,,,7,15,,,,,,,,,,,,2,,,,,,,,,,,,,,,,,,,,,,,0,,,,,,,,,,,,,,,,,,,,,,,,,,,,,,0,,,,,,,,,,,,,
1131,,35,,,,,,,,,,,,,,,,,,,20,20,,,,,,12,,,,,,21,,,,11,,,,,,,,,,,27,,,,,,,,,0,,,,,,,,,23,,,,,,,,,7,,0,,,,,,,,,,,,,,8,,,,,,,,
1132,,9,,,,,,,,,,,,,,0,,,,,8,10,0,,,,,,,,,,,23,,,,,,,,,,,,8,,,,,,4,,0,,,,,,,,,,,,,,,,,,,,,,0,,,,,,,,,,,,,,,,,,,,,,0,,
1133,,25,,,,,,,,,,,,,,,,,,,0,12,,,,,,,,,,,,38,1,,,,,,,,,,,0,,,,,,5,,,,,,,,,,,,,,,,,,,,,,,,,,,1,,,,,,,,,,,,,,,,1,,,,,0
1134,,33,2,,,,,,,,,,,,,,7,,,,18,21,,,,,,12,,,,,,19,,,,6,,,,,,,,,,,35,,,,,,5,,,,,,,,3,,,,25,,,,,,,,,12,,,,,,,,,,,3,,,3,,,,,,4,,,,
1135,,23,,,1,,,,,,,,,,,,,,,,3,2,,,,,,,,,,,,36,,,,3,,,,0,,,,,,,,,,,,,,,,,,,,,,,,,,,,,,,2,,,,,3,,,,,,,,,,1,,,,,,,,,,,,
1136,,34,,,,,,,,,,,,,,1,,,,,19,21,,,,,,,,,,,,,,,,,,,,,,,,,,,58,,,,,,,,,,,,,,,,,,,,,,,,,,,7,3,6,,,,,,,,,,,,,,,,,,,,2,,
1137,,,,,,,,,,,,,,,,,,,,,,,,,,,,,,,,,,47,,,,,,,,,,,,,,,53,,4,,,,,,,,,,,6,0,,,,28,,,,,,,8,,,,,,,,,,,,,,,0,,,,,,,,,,,
1138,,1,,,,,,,,,,,,,,,,,,,2,,,,,,,,,,,,,44,,,,,,,,,,,,,,0,,,,,,,6,,,,5,,,,,,,,,,,,,,,,,0,,,,,,,,,,,,,,,1,,,,,,,,0,
1139,,37,,,,,,,,,,,,,,,,,,,14,20,,,,,,10,,,,,,24,,,,14,,,,,,,,,,,0,,,,,,,1,,,,,,,,,,,22,,,,8,,,,,3,0,,,,,,,,0,,,,,0,,,,,,,,,0,
1140,,0,,,,,,,,,,,,,,,,,,,11,0,,,,,9,,,,,0,,40,,,,,,,,,,,,,,,52,,,,,,,,,2,,,,,,,,27,,,,,,,,,,,,,,20,,,,,0,,,,,,,,,,,,,,,
1141,,36,,,,,46,,,,,,,,,,,,,,11,21,,,,,,13,,,,,,2,,,,18,,,,,,,,,,,34,,,,,,,,,,,,,,,,,,18,,3,,,,,,,9,,,,,,,,,,,3,,,1,,,,,,,0,,,
1142,,35,,,,,38,,,,,0,,,,,,,,,14,8,,,,,,28,,,,,,43,,,,22,,,,,,,,,,20,2,,,,0,,,,,,,,1,,,,,,18,,,,,0,,,,,,,,,,,,,,,,,,,,,,,,,,,,
1143,,1,,,,,,,,,,,,,,,,,,,29,22,,,,,,,,,,,,40,,,,18,,,,,,,,,,,,,,,,,,,,,,,,,,,,,43,,,,,,,,,,,23,,,,,,,,,,,,,,,,,,,,,,
1144,,34,,,,,,,,,,,,,,2,,,,,19,21,,,,,1,,,15,,,,,,,,,,,,,,,,,,,57,,,,,,,,,,,,,,,,,,,,,,,,,,,1,9,10,,,,,,,,,,,,,,2,1,,,,,6,,
1145,,28,,,,,,,,,,,,,,,,,,,11,19,,,,,0,,,,,,,19,,,,1,,,,,,,,5,,,52,,,0,,,2,,0,,,,,,,,,,28,,,,,,,,,,,,,,,,,,,,,,,0,,,,,,,,,,
1146,,8,,,,,,,,,,,,,,,,,0,,8,9,,,0,,,,,,,,,37,,,,,,1,,,,,,,,,,,,,,,,,,,,,,,,,,,,,,,,,,,,,,,,,,,,,,,,,,,,,1,,,,,,,
1147,,32,,,,,,,,,,,,,,,,,,,0,6,,,,,,22,,,,,,19,,,,1,,,,,,,,9,,23,17,,1,,,,,,,0,,,,,,,,,33,,,,,,,,,,,0,,,,,,,,,,,0,,,,,,,,,,,
1148,,49,,,,,,,,,,,,,,,,,,,37,,,,,,,,,,,,,,,,,26,,,,,,,,,,,53,,,,,,,,,,,,,,,,,,41,,,,,,,,,,,18,,,,,,,,,,,,,,,,,,,,,,
1149,0,24,,3,,,,,,4,,,,,,,,,,,3,14,,,,,,0,0,,,3,,33,,,,1,0,3,,,,,,,,,,,,,,,,,,2,,,,,,,,,,,,,,,,,,,,,,,,,,,,,,,,,,,,,,,,,,
1150,,28,,,,,,,,,,,,,,,,,,,14,15,,,,,,,,13,,,,32,,,,,0,,,,,,,5,,,,,,,,,,,,,,,,,,,,,,,,,,,,,0,,,,,,,,24,,,1,,,,,,,,,,,,,,
1151,,28,,,,,,,,,,,,,,0,,,,,13,15,,,,5,,,,,,,,4,,,,,,1,3,,,,,,,,52,,,,,,2,,,,,,,,1,,,,0,,,,1,,4,,,,,,,,,,,,,,,,,,,,,,,,,,,
1152,,38,,,,,,,,,,,,,,,,,,,25,21,,,,,,15,,,,,,19,,,,17,2,,,,,,,0,1,,34,,,,,,,,,,,,,,,,,,28,,,,,0,,,,11,,,,,,,2,0,,,,,,,,,,,,2,1,,,
1153,,2,,,,,,,,,,,,,,,,,,,2,10,,,,,,,,,,0,,36,,,,,,,,,,,,,,,,,,,,,,,,,,,,,,2,,,,,,,,0,,,,,,,,,,,,,,,1,,,,,3,,,,,,3,,
1154,,31,1,,,,,0,,,,,,,,,,,,,20,10,,,,,,27,,,,,,28,,,,21,0,,,,,,,8,,24,26,,,,,,,,,,,,,,,,,,21,,,,,,,,0,,,,0,1,,,,,,,,,,,,,,,,,,,,
1155,2,28,,,,,36,,,,,1,,,,,,,,,21,7,,,,1,,32,3,2,1,,,38,,,,26,0,,11,,,,,,,20,20,,,,,,3,,,,,,,0,,0,0,,16,,,,,,,,,,,,,,,,,,,,,,,,,,,,,,,,,
1156,,22,,,,,,,,,,,,,,,,,,,2,13,,,,,,,,,,,,38,0,,,,,,,,,0,0,,0,,,,,,,,,,,,,,,,,,,,,,,,,,,,,,,,,,,,,,,,,,,,,,2,,,,,,,
1157,,28,,,,,,,,,,,,,,,,,,,12,14,,,,,,,,0,,,,19,,,,3,,,3,,,,,5,,,58,,,,,2,,,,,,,,,,,,,29,,,,,,1,,,,,,,,,,2,,,,,,,,,,,,,,,,,
1158,,49,,,,,,,,,,,,,,,,,,,41,0,,,0,,,,7,,,,8,,,,,26,,,,,1,,,,,,50,,,,,,,,,,,,,,,,,,38,,,,,,,,,,,10,,0,2,,,,,,,,,,,,,,,,,,,
1159,,37,,,,,,,,,,,,,,,,,,,21,8,,1,,,,9,,,1,,,37,,,,11,,,,,,,,,,,30,,,,,,,,,,,,,,,,,,2,,,4,,,,,0,10,,,,,,,,,,,,,,,,,,,,,,,,
1160,,20,,,2,,,,,,,,,,,1,,,,,5,10,,,,,,,,,,,,35,,,,,,,,,,,,,,,,,,,,,,,,,,,2,,,,,,,,,,,,,,,,,,,,,,,,,,,,,,,0,1,,,,,,,
1161,,34,,,,,,,,,,,,,,,,,,,12,14,,,,,,,,,,,,35,,,,2,,,,,,,,,,,54,,,1,,,,,8,,,,,,,,,,,,,,,,,,,,,,,,,,,,,,,,,,,,,,,,,,,
1162,,29,,,,,,,0,,,,,,,,,,,,12,14,,,,,,33,,,,,,22,,,,,,,,,,,,11,,,31,,,,,,,,,,,,,,,,,,28,,,,,,,,,,,,,,,0,,,,2,,,,,,2,,,,,,,,
1163,,22,,,,,,,,,,,,,,,,,,,11,10,,,,,,,,,,,,36,,,,,,,0,,,,,,,,,,,,,,,,,,,,,,,,,,,,,,,,,,,,,,,,,,,,,,5,,,,,,1,,,,,,0,
1164,,27,,,,,,,,,,,,,,,,,,,9,14,,,,,,,,,,,,37,,,,4,,,,0,,,,7,,,,,,,,,,,,,,,,,,,,,,,,,,,,,,,,,,,,,,,,,,,,,,,,,,,,,,
1165,,30,,,,,,,,3,,,,,,11,,,,,14,17,,,,,,,,,,,,36,,,,,0,,,,,,,8,,,,,,,,,,,,,,,,,,,,,2,,,,,,,,,7,,,,,,,,,,,,,,,,,,,10,,,,,
1166,,38,,,,,,,,,,,,,,,,3,,,36,,,,,,,,,,,,,,,,,15,,,,,,,,,,,50,,,,,,,,,,,,,,,,,,33,,,,,,,,,,,22,,,,,,,,,,,,,,,,,,,,,,
1167,,38,,,,,,,,,,,,,,,,,,,21,21,,,,,,,,,,,,9,,,0,13,,,,,,,,,,,33,,,,,,,,0,,,,,,,,,,26,,,,,,,,,12,,,,,,,,,,,,,,,,6,,,,,,,,
1168,,35,,,,,,,,,,,,,,,,,,,15,21,,,,2,,24,,,,,,27,,,,16,,,,,,,,,,,30,,,,,,,,,,,,,,,,,,28,,,,,,,,,9,,,,,,,,,,,,,,,,,,,,,,,,
1169,,36,,,,,,,,,,,,,,,,,,,20,21,,,,,,5,,,,,,23,,0,,10,,,,,,,,,,,31,,,,,,3,,,,,,,,,,,,24,,,,,,,,,8,,,,,,,,,,,,,,,0,,,,,,,,,
1170,,49,,,,,50,,,,,,,,,,,,,,20,,,,,,,0,,,,,,,,,,27,,,,,,,,,,,29,,,,,,,,,,,,,,,,,,23,,,,,,,,,,,20,,,,,,,,,,,,,,,,,,,,,,
1171,,36,,,3,,,1,,,,,,0,23,,,,,,14,19,,,,4,,,,,,,,21,,,,,3,,,,,,1,,,,25,,,,,3,8,,,,,,,,,,,,28,,,,,,,,,,,,,33,,,,,,,,,,,,,,,,,,,,
1172,,9,,,,,,,,,,,,,,,,,1,,0,8,,,,,,,6,,,,,34,,,,,,,,,,,,,,,,,,,,,,,,,,,,,,,,,,,,,,,,,,,,,0,,,,,,,,,,,,,1,,,,,,,,
1173,,23,,,,,,,,,,,4,,,,,,,,4,13,,,,,,,,,,,,34,0,,,,,6,,,,,,,,,,,,,,,,,,,0,,,,,,,,,,,,,,,,,,,,,,,,,,,,,,,,,0,2,,,,,,,
1174,,33,,,,,,,,,,,,,,4,,,,,17,22,,,,,4,,,9,,,,,,,,,,4,,,,,,,,,58,,,,,,,,,,,,,,,,,,,,,,,,,,,6,8,8,,,,,,0,,,,,,,,,2,,,,,3,,
1175,,14,,,,,0,,,,,,,,,,,,,,11,14,,,,,,,,,,,,9,,,,,,,,,,,,,,,,,,,,,2,,,,,,,0,,,,,,,,,,,,,,,,,,,,,,,,,,,,,,,3,,,,,,,
1176,,28,,,,,,,,,,0,,,,,,,,,11,19,,,,,,,,,,,,,,,,28,,,,,,,,,,,52,,,,,,2,,,,,,,,,,,,43,,,,,,,,,12,,20,,,,,,1,,,,,,,,,,,,,,,,
1177,,,,,,,,,,,,,,,,13,,,,,0,,,,,,0,,,,,,,42,,,,,,,,,,,,,,,,,,,,,,,,0,6,,,,,,,,,,,,,,,,,,,,,,,,,,,,,0,,,1,,,,,,,,,2
1178,,31,,,,,,,,,,,,,22,13,,,,,19,20,,,,,,,,,,,,33,,,,,,,,,,,,6,,0,5,,,,,,,,,,,,,,,,,,,,,,,,5,,,,,,,,,,,,,,,,,,1,,,,,,0,,,
1179,,30,,,,,31,,,,,,,,,,,,,,22,9,,,,,,26,,,,,,44,,,,16,,,9,,,2,,,,21,21,,,,,,,,,,,,,,,,,,15,,,,,,,,0,,,,,,,,,,,,,,,,,,,,,,,1,,1
1180,,27,,,,,,,,,,,,,,,,,,,4,14,,,,,2,,,,,,,36,,,,,,7,,,,,,,0,,,,,,,,,,,,,,,0,,,,,,,,,2,,,,,,,,,,,,,,,,,,,,,,,,,,,,,
1181,,6,,,,,,,,,,,,,,,,,,,7,12,1,,,,,,,,,,3,34,,,,,,,,,,,,,,,,,,,,,2,,,,,,,,,,,,,,,,,,,,,,,,,,,,,,,,,,,,,,0,,,0,,,,
1182,,25,,,3,,1,,,,,,,,0,,,,,,11,3,,,,,,,,,,,,35,,,,,,,,,,,,,,,54,,,3,,,,,,,,,,,,,,,0,,,,8,,,,,,,,,,,,,,,,,,,,,,,,,,,,,
1183,,33,,,,,54,,,,,,,,,,,,,,17,15,,,,,,8,,,,,,6,,,,15,,,4,,,,,,,,29,,,,,,,,,,,,,,,,,,31,,0,,,,,,,9,,,,,,3,,,,,,,,,,,,,,,,1,,
1184,,26,,,,,,,,,,,,,,,,,,,9,15,,,,,,,,,,,,36,,,,,,,,,,,,,,,,,,,,,,,,,,,,,,,,,,1,,,,,,,,,,,,,,,,,,,,,,,,,,,,,,,,
1185,,20,,,,,,,,,,,,,,,,,,,4,15,,,,,,,,,,,2,0,,,,,,,,,,0,,,,,,,,,,,,,,,,,,,,,,,,,,,,,,,,,,,,,,,,,,,,,,,,3,,,,,0,,,0
1186,,,,,,,,,,,,,,,0,,,,,,,,,,,,,,,,,,,45,,,,,,,,,,,,,,,55,,10,,,,,,,,,,,8,,,,,33,,,,,,,8,,,,,,,,,,,,,,,,,,,,,,,,,,
1187,,30,,,,,,,,,,,,,,,,,,,19,20,,,,,1,,,6,,,,,,,,,,,,,,,,,,,59,,,,,,,,,,,,,,,,,0,,,,,,,,,,7,17,6,,,,,,,,,,,,0,,,,,,,,11,,
1188,,38,,,,,47,,,,,,,,,,,,0,,22,20,,,,,0,5,,,,,,0,,,,16,,,,3,,,,,,,34,,,,,,,,,,,,,,,,,,4,,,,,,,,,2,,22,,,,,,,,,,,,2,,,,,,,,,,
1189,,38,,,,,,,,,,,,,,,,,,,18,22,3,,,,,33,,,,,,25,,,,0,,,,,,,,,,,25,,,,,,0,,0,,,,,,,,,,28,,,,,2,,,1,10,,,,,,,,,,,,,,,,,,,,,,,,
1190,,51,,,,,,,,5,,,,,,,,,,,39,,,,,,,,,,,,,,,,,27,,,,1,,,,,,,41,1,,,,,,,,,,,,,3,,,,42,,,,,,,,,0,,5,,,,,,,,,,,,,0,,,,,,,,,
1191,,3,,,2,,3,,,,,,,,,,,,,,6,13,,,,,,,,,,,,36,,,,,,,,,,,,,,,,,,,,,6,,,,,,0,,,,,,,,,,,,,,,,,,,,,,,,,,,,,,,,,,,,,,,
1192,,49,,,,,,,,,,,,,,,,,,,40,,,,,,,,,,,,,,,,,29,,,,,,,,,,,43,,,,,,,,,,,,,,,,,,36,,,,,,,,,,,19,,,,,,,,,,,,,,,,,,,,,,
1193,,30,,5,,,,,,,,,,,27,,,,,,11,20,,,,,,,,3,,,,40,,,,,,14,,,,,,,,,25,,,,,,,,,,,,,,,,1,,,,,,,,7,,,,,,,,,,,7,,,,,,,,,,,,,,,,
1194,,2,,,,,,,,,,,,,,,1,,,,24,,,,,,,,,,,,,20,,,,2,,,,,,,,6,,,52,,,,,0,3,,,,,,,,,,,,40,,,,,1,,,,0,,,,,,,,,,,,,,,,,,,,,,,,
1195,,21,,,3,,,,,,,,,,,,,1,,,10,15,,,,,,,,,,,,9,,,,,,6,,,,,,,,,,,,,,,,,,,,,1,,,,2,,,,,,,,,,,,,,,,,,,,,,,,,,,,,,,,,,5,
1196,,12,,4,,,,,,,0,,,,,,,,,,10,15,,,,0,,,,,,,,27,,,,,,,,,,,,1,,,,,,,,,,,,,,,,,,,,,,,,,,,,,,,,,,,,,,,,,,,,,,,1,,,,,,,
1197,,13,,,,,,,,0,,2,,,,,,,,,14,,,,,,9,26,,,,,2,46,2,,,,,,,,,,,10,0,,52,,1,,,,3,,,,5,,,,,,,,,,,,,,,,,,,,,0,,,,,,,,,,,,,,,,,,,,
1198,,25,,,,,,,,,0,,,,,,,,1,0,9,12,,,,,,,,,,,,36,,,,,,,,,,,,,,,,0,,,,,,,5,,,,,,,,,,,,,,,,,,,,,,,,,,,,,,,,,,,,1,,,,,0,,
1199,,21,,,3,,,,,,,,,1,,,,,,,2,12,,,,,,,,,,,,36,,,,,,,,,,,,,,,,,,,,,,,,,,,,,,,,,,0,,,,,,,,,,1,3,,,,,,,,,,,,,,,,,,,,,
1200,,32,,,,,25,,,,,,,,,11,,,,,23,6,,,,,,22,0,,,,,19,,,,2,,,5,,,,,,,,26,,,,,,,,,,,,,1,,,,0,30,,,,,,,1,,,,,,,,,,,,,,,,,,,,,,,,,,
1201,,23,,,,,,,,,,,,,,,,,,,8,12,,,,,,,,,5,,,36,,,,,,,,,,,,,,,,,,,,,7,,,,,,,,,,,,,,,,,,,,,,,,,,,,,,,,,,1,,,,,,,,,,,
1202,,31,,,,,,,,,,,,,,10,,,,,0,7,,,,,,29,,,,,,21,,,,2,,,,,,,,,,,29,,,,,,,0,,,,,,0,,0,,1,29,,,,,,,,,,,,,,,,,3,,,,,,,,,,,,,,,,
1203,,34,,,,,,,,,0,,,,,0,,,,,18,17,,,,,,,,13,,,,,,,,,,,,,,,,5,,,58,,,,,,,,,,,,,,,,,,,,,,,,,,,6,16,,,,1,1,,,,,,,,,,,,,,,,14,,
1204,,49,,,,,54,,,,,,,,,,,,,,38,,,,,,,,,,,,,,,,,30,,,,,,,,,,,0,,,,,,,,,,,,,,,,,,39,,,,,,,,,,7,11,,,,,,,,,,,,,,,,,,,,,,
1205,,19,,,,,0,,,,2,,,,,,,,,,6,10,,2,,,1,,,,,,,37,,,,,,,,,,,,,,,,,,,,,,,,,,,,,,,,,,,,,,,,,,,,,,,,,,,,,,3,,,,1,,,,,,,,
1206,,28,,,,,,,,,,,,,,,,,,,11,19,,,,,,,,,,,,19,0,,,1,,,,,,,,5,,,52,,,,,,2,,,,,,,,,,,,28,,,,,,,,,,,,,,,,,,,,,,,,,,,,,,,,,
1207,,4,,,,,,,1,,,,,,,,1,,1,,11,12,,,,,,,,,,,,39,,,,,,,,,,,,,,,,,,,,5,1,,,,,,,,,,,,,,,,,,,,,,,,,,,,,,,,5,3,,,1,,,,,,,,,
1208,,28,,,3,0,1,,,,,,,,,,,,,,11,23,,,,,3,,,,,,,,,,,,,,0,,,,,5,0,,,,,,,,,,,,,,,,,,,,29,,,,,,,,,,,,,,,,,,2,,0,,,,,,,,,,,,,
1209,,24,,,,,,,,,0,,,,,,1,,,,8,14,,,,,,,,,,,,37,,,,,,,,,,,,,,,,,,,,,,,,,,,,,,,,,,,,,,,,,,,,,,,,,,,,,,,,,,,,,,,,,,
1210,,34,,,,,33,,,,,,,,,,,,,,22,5,,,,,,15,,,,,,41,,,,19,,,4,,,,,0,,22,21,,,,,,,,,,,,,,,,,,15,,,,,,,,,,,,,,,,,,,,,0,,,,,,,,,,,,
1211,,24,,,,,,,,,,,,,,,,,,,1,12,,4,,,,,2,,,,,36,,,,,,,,,,,,,,,,,,,,,,,,,,,,,,,,,,,,,,,2,,,,,,,,,,,,,,,,,,0,,,,,,,,,
1212,1,34,,,,,45,,,,,,,,,,,,,,13,8,,,,0,,29,,,,,,42,,,,3,,0,,,,,,4,,23,26,,,,2,,,,,,,,,,,3,,,21,,,,,,,,,,,,0,,,,4,,,,,1,,,,,,,,,,,,
1213,,1,,,,,,,,,,,,,,,,,,,18,20,,,,,,6,,,,,,24,,,,16,,,,,,,,,,,37,,,,,,,3,,,,,,,,,,,28,,,,5,,,,,12,,,,,,0,,,,2,,,,,,,,,1,,,,,
1214,,23,0,,,,,,,,,,,,,,,,,,4,13,,,0,,,,,,,,,1,,,,,,,,,,,,2,,,,,,,,,,,,,,,,,,0,,,,,,,12,,,,,,,,,,,,,,,,,,,,,,,,,,,,,
1215,,0,,,,,,,,,,,,3,,,,,,,37,,,,,,,,,,,,,,,,,11,,,,,,,,,,,42,,,,,,,,,,,,,,,,,,35,,,,,,,,,0,,21,,,,,,,2,,,,,,,,,,,2,0,,,
1216,1,,,,,,,,,,,,,,,,,,,,,,,,,,,,,,,,,45,,,,,,,,,,,,,,,57,,6,,,,,,,,,,,4,,,,,34,,,,,,,10,,,,,,,,,,,,,,,0,,,,,,,,,,,
1217,,29,,,,,,,,0,,,,,,,,,,,24,14,,,,,,5,,,,,,33,,,,26,,,,,,,,7,,,4,,,,,,,,,,,,,,,,,,22,,2,,,,,,,,,,,,,,,,,,,,,,,,,,,,,,,
1218,,,,,,,,,,,,,,,,,,,,,3,,0,,,,,31,,,,,,44,,,,,,,,,,,,,,,,,,,,,,,,,3,,,,,,,,,,,,,,,,,,,,,,,,,,,,,,,,,,,,,,,7,,
1219,,8,,,,,4,1,,,,1,,,,,,,,,9,10,,,,,,,,3,,,,33,,,,,0,1,,,,,,,,,,,,5,,,,,,0,,,,,,,,,,,,,,,,,,,,,5,,,,,,,,,,,,,,,,,,,,,
1220,,7,,,,0,,,,,,,,,,12,,,,,11,1,,,,,,,,,,3,,39,,,,2,,,,,,,,,,,,,0,,,,,,,,,,,,,,,,,,,,,,,,,,,,,,,,,,,,,,,,,,0,,,,,,,
1221,,50,,,,,,,,9,,,,,,,,,,,39,,,,,,,,,,,,1,,,,,26,,,,,,,,,,,29,,,,,,,,,,,,,,,,,,30,,,,,,,,,,,3,,,,,,,,,,,,2,,,,,,,,,,
1222,,23,,,,,,,,,,,,,,,,,,,7,15,,,,,,,,,,,,33,,,,,,,,,,,,,,,,0,,,,,,,,,,,,,,,,,,,,,,,,,,,,,,,,,,,,,,,,,,,,,,,,,,
1223,,29,,,,,40,,,,,,,,,,,,,,11,12,,,,,,24,,0,,,,42,,,,5,,,,,,,,,,24,27,,,,,,,,,,,,,,,,,,20,,,,,,,,,,,,,,,,,,,,,,,,,,,,,2,,,,2
1224,,29,,,,,,,,,,,,,,,,,,,11,23,,,,,24,0,,,,,,15,,,,1,,,,,2,,,,,,26,,,,,,,,,,,,,,,,,,28,,,,,,,,3,,,,,,,,,8,,,,,,,,,,,,,,0,1,
1225,,38,,,,,49,,,,,0,,,,,,,,,19,22,,,1,,,15,,,,,,9,,,,16,,,,3,,,,,,,33,,,,,0,,,,,,,,,,,,,1,,,,,,,,,11,,,,,,,,,,,,,,,,,,,,,,,,
1226,,35,,,,,,,0,,,,,,,,,,,,20,13,,,,,1,7,,,2,,,20,,,,7,,,,,,,,,,,24,,,,,,,,,,,,,,,,,,26,,,,1,,,,,9,,,,,,,,,,,,,,,,1,,,,,0,,,
1227,2,48,,,,,,,,,,,,,,,,,,,37,,,,,,,,,,,,2,,,,,20,,,,,,,,,,,48,,,,,,,,,,,,,,,,,,38,,,,,,,,,,,19,,,,,,,,,,,,,,,,,,,,,,
1228,,36,,0,,,,,,,,,,,,,,,,,19,22,,,,,,12,,,,,,3,,,,16,,,,,,,,,,,33,,,,,,,,,,,,,,,0,,1,26,,,,,,,,,10,,21,,,,,,,,,,,,2,,,,,,,,,,
1229,,50,,,,,,,,0,,,,,,,,,,,39,,,,,,,,,,,,,,,,,3,,,,,,,,,,,49,,,,,,,,,,,,,,,,,,40,,,,,,,,,,,17,,,,3,,2,,,,,,,,,,,,,,,,
1230,,23,,,,,,,0,,,,,,,,,,,,9,14,,,,,,,,,,,,36,,,2,,,,,,,,,,,,,,,,,,,,,3,,,,,,,,,,,,,,,,,,,,,,,,0,,,,,,,,,,,,,,,,,,
1231,,51,,,,,,,,,,,,,,,,,,,32,,,,,,,,,,,,,,,,,28,,,,,,,,,,,48,,,,,,,,,,,,,,,,,,42,,,,,,,,,,,17,,,,0,,,,,,,,,,,,,,0,,,,
1232,,,,2,,,,,,,,,,,,,,,,,,,,,,,,0,,,,,,44,,0,,,,,,,,,,,,,54,,8,,,1,,,,,,,,7,,,,,31,,,,,,,7,,,,,,,,,,,,,,,,,,,,,,,,,,
1233,,28,,,,,,,,,,,,0,,4,,,,,11,19,,,,,,,,,,,,19,,,,1,,,,,,,,,,36,44,0,,,,,,,,,,7,,,0,,,,28,,,,,,,,,,,28,,,,,,,,,,,,,,,,,,,,,,
1234,,32,,,,,45,,,,,1,,,,,,,,,15,2,,,,,,22,,,,,,0,,,,1,,,,,,,,,,24,25,,,,3,,,,,1,,,,,,,,,19,,,,,,,,,,,,,,,,,3,,,,,,,,,,,,,,,,
1235,,50,,,,,0,,,,,,,,,,,,,,39,,,,,,,,,,,,,,,,,26,,,,,,,,,,,50,,,,,,0,,,,,,,,,,,,40,,,,,,,,,,,17,,,,0,,,,,3,,,,,,,,,,,,,
1236,,35,,,,,,,,,,,,,,,,,,,20,22,,,,,,11,,,,,,20,,,,13,,,,,,,,2,,,36,,,,,,,,,,,,,,,,,,26,,,,,,,,,1,,,,,,,,,,,,,,,,,,,,,,,,
1237,,34,,,,,33,,,,,,,,,,,,,,10,13,,,,1,,24,,,,,,42,,,,24,,,6,,,,,,,12,23,,,,,,,,,,,,,,,,,,14,2,,,,,,,5,,,,,,,,,,,0,,,,,,,,,,,,,,
1238,,4,,,,,,,,,,,,,,,,,,,11,11,,,,,,,,,,,,35,,,,,1,,,,,1,,,,,,,2,,,,,,,,,,,,,,,,,,,,,,,,,,,,1,,,,,,,,,,,,,,2,,,,0,,,
1239,,26,,,,,,,,,,,,,,,,,,,2,14,,,,,,,,,2,3,,36,,,0,,,,,,,,,7,,,,,,,,,,,0,,,,0,,,,,,,,,,,,,,,,2,,,,,,,,,,,,,,,,,,,,,,,
1240,,29,,,,,,,,,,,,,,,,,,,12,18,,,,,,,,,,,,20,,,,2,,,,,,,,6,,,53,,,,,,3,,,,,,,,,2,,,28,,,,,,,,,,,,,,,,23,,,,,,0,,,,,,,,,,,
1241,,34,,,,,,,,,,,,,,,,,,,31,22,,,,,,10,,,,,,,,,,14,,,,,,,,,,,34,,1,,,,,,,,,,,,,,,,32,,,,,,0,,,13,1,25,,,,0,,,,,,,,,,,,,,,,,,
1242,,24,,,,,,,,,,,,,,,,,,,12,16,,,,,,,,,,,,0,,,,,,,,,,,,,,,,,,,,,,,,,,,,,,,,,,,,,,,,,,,,,,,,,,,,,,,,,,,,,,,,,,0
1243,,9,,,0,,,,,,,,,,,,,,,,7,12,,,,,5,,,,,,,39,,,,,,,,,,,,,,,,,,,,,,,,,,,,,,,,,,,,,,,,,,,,,,,,,,,,,,,,,,,,,,,,,,
1244,,32,,,,0,,,,,,,,,,,,,,,22,17,,,,,,34,,,,,,26,,,,15,,,,,,,,,,,29,,,,,,2,,,,,,,,,,,,30,,,0,,,,,2,12,,,,,,,,0,,,,,,,,,,,,,,,,
1245,,48,,,,1,27,,,,,,,,,,,,,,41,,,,,,,,,,,,,,,2,,27,,,,,,,,,0,,38,,,,,,,,,,,,,,,,,,21,,,,,,,1,,,8,22,,,,,,,,,,,,,,,,,,,,,,
1246,,39,,,,,49,,,,,,,,,,,,,,12,19,,,,,,31,,,,0,,7,,,,16,18,,,0,,,,9,,,36,,,,,,,,,,,,,,,,,0,26,,,,,,,,,10,,,,,,,,,,,,,,,,,,,,,,,,
1247,,36,,,,,,,,,,,,,,,,,,,21,9,,,,,,,,,,,,38,,2,,27,,,,,,,2,8,,,24,,,,2,,,,,,,,,,,,,,14,,,,1,,,,,,,25,,3,,,,,,,1,,,,,,,,,,,,,
1248,,39,,,,,,,,,,,,,,,,,,,18,11,,,,,,13,,,,,,28,,,,0,,,,,,,,,,,40,,,,,1,,,,,,,,,0,,,,25,,,,,,,,,13,,,,,,,,,,,,,,,,,,,,,,,,
1249,,37,2,,,,,,,,,,,,,,,,,,25,21,,,,,,6,,,2,,,21,,,,11,,,,,,,,,,,27,,,,,,3,,,,,,,,,,,,17,,,,0,,,,,8,,,,,,,,,,,3,,,,,,,,,,,,,
1250,,21,,,,,,,1,,,,,,,,,,,,12,12,,,,,,,,,,,,33,,,,,,,,,,,,,,,,,,,,,,,,,,,,,,,,,,,,,0,0,,,,,,,,,,,,,,,,,,,,,3,,,,,0,,
1251,,32,,,,,,,,,,,,,,3,,,,,11,23,,,,,0,,,17,,,,,,,,1,,,,,,,,,,,59,,,,,,2,,,,,,,,,,,,,0,,,,,,,,6,9,10,,,,,,,,,0,,,,,,3,,,,,,,
1252,,28,,,,,,,,,,,,,,,,,,,11,19,,,,,,27,,,,,0,19,,,,2,,,,,,,,7,,,,,1,,0,,7,,,,6,,5,,,,,,28,,,,,,1,,,,,,,,,,,,,,,,,,,,,,,,,,,
1253,,28,,,,,,,,,,,,,,11,,,0,,1,20,1,,,,,,,,,,,23,,,,4,,,,,,,,5,,,30,,,,,,,2,,0,,,,,,,,2,0,,,,,,,,,,0,,,,,,,,,,,,,,,,,,,,,,,
1254,,31,,,,,,,,,,,,,,,0,,,,14,19,,,,,,26,1,,,,2,20,,,,1,,,,,,,,7,,,,,2,,2,,7,,,,5,,4,,,,,,28,,,,,,0,,,8,,,,,,,,,,,,,,,1,,,,,,,,,
1255,,16,,,,,,,,,,,,,,,,,,,10,1,,,,,,,,,,,,38,,,,,,,,,,,,,,,,,,0,,,,,,,,,,,,,,,,,,,,,,,,,,,,,,,,,,,,,,,,,3,,,,,,,
1256,,19,,,,,,1,,,,,,,,1,,,,,10,13,,,,,,,,,,1,,36,,,,,,,,,,1,,,,,,,,,,,,,,,,,,,,,,,,,,,6,,,,,,,,,,,,,,,,,0,3,,,,0,,,,,,0,
1257,,51,,,,,,,,,,0,,,,,,,,,39,,,,,,,1,,,,,,,,,,25,,,,,,,,,,,52,,,,,,0,,,,,,,,,,,,39,,,,,,,,,,,11,0,,,,,,,,3,,,,,,,,,,,,,
1258,,32,,,,,,,,,,,,,,,,,,,24,22,,,,,,8,,,,,,20,,,,17,,5,,,,,,3,,,31,,,,,,,,,,,,,,,,,,5,,,,,,,,,10,,,,,,,,,,,,,,,,,,,,,,,,
1259,,37,,,,,,,,,,,,,,,,,,,21,20,,,,,,7,,,,,,22,,,,15,,,,,,,,,,,29,,,,,,,,,,,,,,,,,,29,,,,2,0,,,,8,,,,,,,,,,,,,,,,,,,,,,,,
1260,,37,,,,,,,,,,,,,,,,,,,21,21,,0,,,,12,,,,,,39,,,,13,,,,2,,,,,1,,37,,,,,,,,,,,,,,,,,,3,,0,,,,,,,9,,,,,,,,,,,,,,,,7,,,,,,,,
1261,,46,,,,,,,0,,,,,,0,,,,,,31,,,,,,,,,,,,,,,,,29,,,,,1,,,,,,43,,,0,,,,,,,,,,,,,,,37,,,,,,,,,,,21,,,,,,,,,,,,,,,,,,,,,,
1262,2,28,,,1,,,,,,,,,,,,,,,,11,16,,,,,,,,,,,,19,,,4,1,,1,,,,,,5,0,,52,,,,,,,,,,,,,,,,,,,,,,,,,,,,0,,,,,,,,,,6,,,,0,,,,,,,,,
1263,,28,,,,,,,,,,,,,,,,,,,27,2,,1,,,,,,,,,,,,,,8,,,,,,,2,,,21,50,,,,,,,,,,,,,,,,,0,20,,,,,,,,,12,0,,,,,,2,,0,,,,,,,,,,,,,,,
1264,,29,,,,,,,,,,,,,,,,,,,12,11,,,,,,12,,,,,,29,,,,2,0,,,,,,,,,,39,,,,,,,,,,,,,,,,,,23,,,,,,,,,13,,,,,,,,0,,,,,,,,,,,,,,,,
1265,,15,,,,,,,,,,0,,,,,,,,,11,10,,,,,,,,,,,,37,,,,,,,,,,,,,,,,,,,,,,,,,,,0,,,,,,29,,,,,,,,,,,,,,,,,,,,,,,,,,,,,,,,,
1266,,26,,,,,,,,,,3,,,,,,,,,14,17,,,,,,,,,,,,38,,,,,,,,,,,,,,,30,,,,1,,,,,,,,,,,,5,,,,,,16,,,,,,,,,,,,,,,,,,,,,,,,,,,,,
1267,,26,,,,,,,,,,,,,,,,,,,3,12,,,,,,,,,,0,5,36,,,,,,,2,,,,,,,,,,,,,,,,,0,,,,,,,,,,,,2,,,,,,,,,,,,,,0,,,,,,,,,,,,,0,0,,
1268,,30,,,,,24,,,,,,,,,0,,,,,22,7,,,,,,24,,,,,,20,,2,,1,,,6,,,,,5,,,24,,,,,,,,,,,,,,,,,,27,,,,,,,0,,,,,,,,,,,,,,,,,,,,,,,,,,
1269,,25,,,,,,,,,,,,,,,,,,,10,2,,,,,,,,,,,,38,,,,,,,,,,,,,,,,,,,,,,,,,,,,,,,,,,,,,,,,,,,,,,,,,,,,,,,,,,4,1,,,,,,,
1270,0,,,,,,,,,,,,,,2,,,,,,11,16,,,,,,,,,,,,19,,,,1,,,,,,,,,,,52,,,,,,2,,,,,,,,,,,,28,,,,,,,,,,,,,,,,,,,,,,,,,,,,,,,,,
1271,4,20,,,,,,,,,,,,,,,,,,0,8,13,,,,,,,2,,,,,36,,,,,,,,,,,,,1,,,,,,,,,,,,,,,,,,,,,,,,7,,,,,,,,,,,,,,,,,,,,4,,,,,,,,2,
1272,0,23,,4,,,,,,,,,0,,,,,,,,13,14,,,2,,,,,,,,3,38,,,,,,,,,,,,,,,,,,,,,,,,,,,,,0,,,,,,,,,,,,,,,,,,,,,,,,,,,1,,,,,,0,,,,0
1273,,50,,,,,,,,,,,,,0,,,4,,,28,,,,,,,,,,,,,,,,,1,,,,2,,,,0,,,0,,0,,,,,,,,,,,0,,,,,28,,,,,,,,,,5,24,,,,,,,,,,,,,,,,,,,,,,
1274,,32,,,,,,,,,,,,,,8,,,,,11,22,,,,,,,,,,,,,,0,,,,,,,,,,8,,,60,,,,,,6,,,,,,,,,,,,,,,,,,,,,5,3,5,,,,,,,,,,,,,1,,,,,,,2,,
1275,,36,,,,,,,,,,,,,,,,,,,24,20,,,,,,9,,,,,,38,,,,15,,,,1,,,,,,,30,,,,,,,,,,,,,,,,,,4,,,,,,,14,,3,,,1,,,,,,,,,,,,,7,,,,,,,,
1276,,26,1,,,,,,,,,,,,,,1,,,,10,19,,,,,,,,,,,,37,,,,,,,,,,,,5,,,52,,,,,,2,,,,,,,,,,,,28,,,,,,,,,,,,,,,,,,,,,,,,,,,,,,,,,
1277,,50,,,,,,,,,,,,,,,0,,,,38,,,,,,,,,,,,,,4,,,27,,,,,,,,,,,51,,,,,,,,,,,,,,,,,,41,,,,,,,,,,,0,,,,,,,,,,,,,,,,,,,,,,
1278,,26,,,,,,,,,,,,,,,,,,,6,14,,,,,,,,,,,0,38,,,,,,3,,,,,,,,,,,,,,,,,,0,,,,,,0,,,,,,,,,,,,,,,,,,,,,,,,,,,,,,,,,,,,
1279,,47,,,,,,,,3,1,,,,,,,,,,41,,,,,,,,,,,,,,,,,27,,,,,,,,,,,52,,,,,,,,,,,,,,5,,,,41,,,,,,,,,,,15,,,,,,,,,3,,,,,,,,,,,,,
1280,,24,,,,,,,,,0,,,,,,,,,,11,12,,,,,,,,,,,,38,,,,,,,,,,,,,,,,,,,,,,,,,,,,,,,,,,0,,,,,,,,,,,,,0,,,,,,,,0,,,,,,,,,,,
1281,,46,,,,,,,,,,,,,,,,,,,41,,,,,,,28,,,,,,,,,,20,,,,,,,,,,,39,,,,,,,,,0,0,,,,,,,,31,,,,,,,2,,,,23,,,,,,,,,,,,,,,,,,0,,0,,
1282,,39,,,,,,,,,,,,0,,,,,,,41,0,,,,,0,,,,,,,,,,,19,,,,,,,,,,5,42,,,,,,,,,,,,,,,,,0,35,,,,,,,,,,7,22,,,,,,,,,,,,,,,,,,,,,,
1283,,30,,,,,,,,,,,,,,6,,,,,11,17,,,,,6,,,13,,,,0,,,,,1,,,,,,,,,,53,,,,,,,,,1,,,,,,,,,,,,,,,,,,,,,,,,,0,,0,,,,,,,,,,,,,,,
1284,,51,,1,,,,,,,,,,,,,,,,,34,,,,,,,,4,,,2,,,,,,27,,,,,,,,,,,49,,,,,,,,,,,,,,,,,,39,,,,,,,,,,,15,,,,,,,,,,,,,,,,,,,,,,
1285,,21,,,,,,,,,,,,,,,,,,,7,10,,,,,,,,,,,,37,,0,,,,,,,,,,,,,,,,,,4,,,2,,,0,,,,,,,,0,,0,,,,,,,,,,,,,,,,,2,,,,,,,,,,,,,
1286,,50,,,,,,,,,,,,,,,,,,,41,,,,,0,,1,,,,,,,,,,27,,,,,,,,,,,47,,,,,,,,,,,,,,,,,,29,1,,,,,,,,,6,18,,,,1,,,,,,,,1,,,,,,3,,,,
1287,,24,,,0,,,,,,,,,,,,,,,,11,12,,,,,,,1,,,,,36,,,,,,,,,,0,,,,,,,,,,,,,,,,,,,,,,,,,,,,,,,,,,,,,,,,,,,,,,,,,,,,,,,,0
1288,,20,,,0,,,,,,,,,,,,,,,,6,6,,,,,,,,,,,,35,,,,,,,,,,,,,,,,,,,,,,,,,,,,,,,,,,,,,,0,,,,,,,,,,,,,,,,,,,,,,,,,,,,
1289,,7,,,,,,,,,,,,,,,,,,,9,15,,,,,,,,2,,,,0,,,,,,,2,,,,,,,,,,,,,,,,,,,,,,,,,,,,,,,,,,,,,,,,,,,,,,,,,,,,,,,,,,,
1290,,0,,,,,,,,,,,,,,,,,,,10,0,,,,,,,,,,,,22,,,,,,,,,,,,,,,,,,,,,,,,2,,1,,,,,,,,,0,,,,,,,,,1,,,,,,,,,,,,,,,3,,,,,0,,
1291,,22,,,3,,,,,,,,,,,,,,,,7,9,,,1,,,,,,,,,37,,,,,,,,,,,,,,,,,,,,,,,,3,,,,,,,,,,,,,,,,,,,,,,,,,,,,,,,,,,,,,,,,,,
1292,,50,,,,,2,,,,,,,,,,,,,,40,,,,,,,,,,,,,,,,,24,,,,,,,,,,,51,,,,,,,,,,,,,,5,,,,42,,,,,,,,,,,18,,,,,,,,,,,,,,,0,,,2,,,,
1293,,22,,,,,,,,,,,1,,,,,,,,9,8,,,,,,,,,,,,29,,,,,,,,,,0,,,,,,,,,,,,,,,,,,,,,,,,,,,,,,,,,,,,,,,,,,,,,,,,2,,,,,0,,,
1294,,34,,,,,41,,,,,,,,,,,,,,12,6,,,,,,28,,,,,,41,,,,25,,,12,,,,,1,,23,14,,,,,,,,,,,,,,,,,,19,,,,,,,,,,,,,,,,,,,,,,,,,,,,1,0,,,,
1295,,30,,,,,,,,,,,,,,,,,,,13,10,,,,,,11,,,,,,28,,,,3,1,,,,,0,,8,,,27,,,,,,,,,,,,,,,,,,22,,,,,,,,,14,,,,1,,,,1,,,,,,,,,,,,,,,,
1296,,32,,,,,52,,,,,,,,,,,,,,13,10,,,,,,2,,,,,,39,,,,28,,,,,,,,,,,28,,,,,,,,,,,,,,,,,,24,,,,0,,,,,4,,,1,,,,,,,,,,,,,,,,,,,,,
1297,,35,,,,,,,,,,,,1,27,,,,,,16,19,,,,5,,,,,,,,19,,,,,4,,,,,,,,2,,26,,,,,5,,,,,,,,,,,0,,30,,,,,,,2,2,13,,,,34,,,,,,,,,,,,,,,0,,,,,
1298,,49,,,,,,,,0,,,,,,,,,,,1,,,,,,,2,,,,,,,,,,28,,,,,,,,,1,,50,,,,,,,,,,,,,,,,,,42,,,,,,,,,,,18,,,,6,,,,,,,,2,,,,,,,,,,
1299,,39,,,,,,,,,,,,,,,,,0,,20,21,2,,,,,7,,,4,,,3,,,,10,,,,,,,,,,,28,,,,,,,,,,,,,,,4,,,21,,,,,,,,,6,,,,,,,,,,,,,,,,,,,,,,,,
1300,3,31,,,,,28,,,,,,,,,,,,,,27,6,,,,,,16,,,,,,44,,,,26,,,12,,,,,,,22,14,,,,,,,,,,,,,,,,,,18,,,,,,,,,,,,,,,,,,,,,,,,,,,,,,,,,
1301,,29,,4,,,,,,,,,,,,,,,,,15,18,,,,,10,,,,,,,37,,,,,,,,,,,,,,,,,,,,,,,,,,,,,,,,,28,,,,,,,,,,,,,,,,,,1,,,,,,,,,,,,,,,
1302,,9,0,,,,5,,,,,,,,,,,,,,8,8,,1,,,,,,0,,,,8,,,,,,,,,,,,,,,,,,,,,,,,,,0,,,,0,,,,,,,,,,,,,,,,,,,,,,,,2,,,,,,,,0,,,,
1303,,48,,,,,50,,,,,,,,,,,1,,,41,,,,,0,,,,,,,,,,,,21,,,,,,,,,,,40,,,,,,,,,,,,,,,,,,36,,,,,,,,,,,25,,,,,,,,,,,,,,,,,,,,,,
1304,,28,,,,,,,,,,,,,,,,,,,14,20,,,,,,10,,,,,,21,,,,11,,,,,,,,,,,35,,,,,,2,,,,,,,,,,,0,17,,,,,,,,,5,,,,,,,,,,,,,,3,,,,,,,,,,
1305,,24,,,,,,,,,,,,,,,,,,,12,14,,,,,,,,,,,,24,,,,,,,,,,,,,,,,,,,,,,,,,,,,,,,,,,,,,,,0,,,,,,,,,,,2,,,,,,,,,,,,,,,,
1306,,38,1,,,,,,0,,,,,,,,,,,,23,21,,,,,,6,,,,,,22,,,,13,,,,,,,,1,,,31,,,,,,,,,,,,,,,,,0,24,,,4,,,2,,,9,,,,,,,,,,,,,,,,,,,,,,,,
1307,,32,,0,,,,,,,,,,,,2,,,,,18,20,,,,,,,,9,,,,,0,,,,,0,,,,,,,,,57,,,,,,,,,,,,,,,,,,,,,,,,,,0,2,8,,,,,,,,,,,,,,,2,,,,,,8,,
1308,,35,,,,,,,,,,,,,,,,,,,13,21,,,,,,13,,,,,,1,,,,16,,,,,,,,,,,35,,,,,,,,,,,,,,,,,,25,,,,,,,,,9,,,,,,,,,,,,,0,,,,,,,,,,,
1309,,50,,,,,,,,,,,,,,,,,,,42,,,,,,,,,,,,,,,,,13,,,,,,,,,,,39,,,,,,,0,,,,,,,,,,,34,,,,,,,,,,,21,,,,,,0,,,,,,,,,,,,,,,,
1310,,36,,,,,,,,,,,,,,,,,,,19,21,,0,,,,10,,,,,,1,,,,12,,,,,0,,,0,,,34,,,,,,,,,,,,,,,,,,23,,,,,,,,,6,,,,,,,,,,,,,,1,,,,,,,,,,
1311,,38,,,,,,,,,,,,,,4,,,,,23,12,1,,,,,12,,,,,,27,,,,17,,,,,,,,,,,0,,,,,,,,,,,,,,,,,,17,,,,3,,,,,0,,,3,,,,,,,,,,,,,,,,,,1,,,
1312,,26,,,,,,,,0,,,,,,,,,,,9,13,,,,,,,,1,,,,34,,,,,,6,,,,,,,,,,,,,,,,,,,,0,,,,,,,33,,,,,,,,,,,2,,,,,,,,,,,0,,,,,,,,,,,
1313,1,32,,,,,28,,,,,,,,,,,,,,21,0,,,,,,19,,,,,,39,,,,25,,,6,,,,,,,22,6,,,,,,,,,,,,,,,,,,17,,,,,,,,,,,27,,,,,,,,,,,,,,,,,0,,,,,
1314,,1,4,,,,,,,,,1,,,,,,,,,,,,,,,,,,,,,,48,,,,,,,,,,,,,,,58,,10,,0,,,,,,,,,5,,,,,33,,,,,,,4,,,,,,,,,,,,,,,,,,,,,,,,,,5
1315,,52,,,,,,1,,,,,,,,,,,,,39,,,,,,,,,,,,,,,,,27,,,,,,,,,,,50,,,,,,,,,,,,,,,,,,43,,,,,,,,,,,12,,0,,,,,,,,,,,,,,,,,,,,
1316,,29,,,,1,0,,,,,,,,,,,,,,41,,,,,,,,,0,,,,,,,,29,,,,,,,0,,,,38,,,,,,,,,,,,,,,,,,0,,0,,,,,,,,11,23,,,1,,,,,,,,,,,,,,,,,,,
1317,,29,,5,,,,,,2,,,,,,,,,,,,2,,,,,,,,0,,,,37,,,,,,,,,,,,,,,61,0,,,,,,,,,,,,,,,,27,,,,,,,,,,,18,,,,,,,,,,,,,,,,,,9,,,,,
1318,,33,,3,,,38,,,,,,,,,,,,,,17,1,,,,,,25,,,,,,40,,,,23,,,15,,,,,1,,21,23,,,,,,,,,,,,0,,,,,,15,,,,,,,,,,,32,,,,,,,,,,,,,,,,,,,,,,
1319,,,,,0,,,,,,0,,,,,,,,,,,,,,,,,,,,,,,49,,,,,,,2,,,,,,,,57,,9,,,,,,,,,,,5,,,,,37,,,,,,,6,,,,,,,,,,,,,,,,,,,,,,,,,,
1320,,32,,2,,,28,,,,,,,1,,,,,,,19,0,,,,,,31,,,,,,43,,,,17,,,3,,,,,,,11,23,,,,,,,,,,,,,,,,,,19,,,,,,,,,,,,,,,,,0,,,,,,,,,,,,,,,,
1321,,28,,,,,,,,,,,,,,,,,,,5,17,,,,,,5,,,,,,2,,,,,,,,,,,,,,0,,,,,,,,,,0,,,,,,1,,,,,,0,,,6,,,,,,,,,,25,,,,,,,,0,,,,,,,,3,
1322,,49,,,,,,0,,4,,,,,,,,,,,40,,,,,,,,,,,,,,,,0,28,,,,,,,,,,,50,,,,,,2,,,,,,,,0,,,,37,,,,,,,,,,,19,,,,,,,,,,,,,,,,,,,,,,
1323,,21,,,,,,,,,,,,,,,,,,,6,6,,,0,,,,,,,,,36,,,,,,,,,,,,,,,,,,,,,,,,,,,,,,,,,0,,,,2,,,,,,,,,,,,,,,,,,,,,,,,,,,,,
1324,,47,,,,,,,,,,,,,,,,,,,41,,,,,,,,,,,,,,7,,,28,,,0,,,,,,,,39,,,,,,,,,,,,0,,,,2,,33,,1,,,,,,,,,12,,,,,,,,,,,,,,,,,,,,,,
1325,,33,,,,,,,,,6,1,,,,9,,,,,18,19,,,,,,,,3,,,,20,,,,,,,,0,,,,10,,,59,,,,,,3,,1,,,,,,,,,,,,,19,,,,,,3,1,4,,,,,,,,,,,,,,,,,,,,3,,
1326,,28,,,,,,,,,,,,,,,,,,,1,19,,0,,,,30,,,,,,19,,,,1,,,,,,,,,,,30,,,,,,2,,,,,,,0,,,,2,30,,,,,,,,,,,,,,,,,4,,,,,,,,,,,,,,,,
1327,,26,,,,,,,,,,,,,,,,,,,11,15,,,,,,,,,,,,29,,,,,,,,,,,,,,,,,,,,,,,7,,,,,4,,,,,,,,,,,,,,,,,,,,,,,,,,,,,,,,,,,,,,
1328,,34,,,,,,,,,,,,,,5,,,,,19,21,,,,,2,,,0,,,,,,,,,,,,,,,,,,0,59,,,,,,,,,,,,,,,,,,,,,0,,,,,,5,10,8,,,,,,,,,,,,,,,,,,,,1,,
1329,,22,,,2,,,,,,,,,,,,,,,,9,0,,,,,,,,,,,,33,,,,,,,,,,,,,,,,,,,,,,,,,,,,,,,,,,,,,,,,,,,,,,,,,,,,0,,,,,,,,,,,,,,
1330,,23,,,,,,,,,,,,,,,,,,,7,10,,,,,0,,,,,,,36,,,,,,,,,,,,,,,,,,,,,,,,,,,,,,,,,,,0,,,,,,,,,0,,,,0,,1,,,,1,,,,,,,,,,,,
1331,,19,,,,,,,,,,4,,,,,,,,,10,0,,,,,,,,,,,,37,,,,,,,,,,,,,,,,,,,,,,,,,,,,1,,,,,,0,,,,,,,,,,,,,,,,,,,,,,,,,,,,,,,,
1332,,31,,,,,37,,,,,,,,,,,,,,11,5,,,,,,21,,,,,,41,,,,23,,,,,,,,14,,22,16,,,,,,,,,,,,11,,,,,,3,,,,,,,,0,,,,,,,1,,,,,,,,,,,,,,,,,,
1333,,,,,,,,,,,,,,,1,,,,,,,,,,,0,,,,,,,,47,,,,,,,,,,,,,,,56,,9,,,,,,,,,,,6,,,,,31,,,,,,,6,,,,,,,,,,,,,,,,,,,,,,,,,,
1334,,23,,,,,,2,,,,,,,,,,,,,10,13,,,,,,0,,,,,,38,,,,,,,3,,,,,,,,,,,2,,,,,,,,,,,,,,,0,,,,9,,,,,,,,,,,,,,,,,,,,,,,,,,0,0,,
1335,,25,,,,,,,,0,,,,,,,,,,,8,13,,,,,,,,,,,,30,,,,,,5,,,,,,,,,,,3,,,,,,,,,,,,,,,,,,,,,,,,,,,,,,,,,,,,,,,,,,,,,,,,,
1336,,25,,,4,,,,0,,,,,,,0,,,,,8,12,,,,,,,,,,,,38,,,,,,,0,,,,,,,,,,,,,3,,,,,,,,,,,,,,,,,,,,,,,,,,,,,,,,,,5,,,,,,,,,,,,
1337,,27,,,,,,,,,,,,,,,,,0,,12,14,,,,,,6,,,,,,30,,,,,,,,,,,,7,,,1,,,,,,,,,,,,,,,,,,,,,,,,,,,,0,,,,,,,,,,,,,,,,,,,,,10,,
1338,,37,,,,,,,,,,,,,,,,,,,21,21,,,,,,12,,,,,,5,,,,14,,,,,,,,,,,0,,,,,,0,,,,,,,,,,,,22,,,,,,,,,9,,,,,,,,,,,,,,,,,,,,,,,,
1339,,23,,,,,,,,,,,,,,,,,,,0,14,,,,,,,,,,,,37,,,1,,,,,,,,,,,,,,,,,,,,,,,,,,,,,,,,,,,,,,,,,,,,,0,,,,,,,,,,,,,,,2,,,
1340,,25,,,,,0,,,,,,,,,,,,,,7,14,,,,,,,,,,,,28,,,,,,,,,,0,0,,,,,,,,,,,,11,,,,,2,,1,,,,,,,,,1,,,,,,,,,,,,,,,,,,,,,,,,,,,
1341,,21,,,,,,,,,,0,,,,,,,,,10,15,,,,,,,,,,,,31,,,,,,,,,,,,,,,,,,,,,,,0,,,,,,,,,,28,,,,,0,,,,,,,,,,,,,,,,,,,,,,,,,,,,
1342,,34,,,,,48,,,,,,,,,,,,,,10,8,,,,,,32,,,,,,42,,,,19,,,,,,,,5,,24,27,,,,,,,,,,,0,,,,,,,21,,,,,,,,,,,,,1,,,,,,,,,,,,,,,,,,,,
1343,,28,,,,,42,,0,,,,,,,,,,,,12,0,,,0,,,29,,,,,,37,,,,20,,,2,,,,,9,,,30,,,,1,1,,,,,,,,,,2,,,26,,,,,,,,,,,,,,,,,,,,,,,,,,,,,,,,,
1344,,24,,,,,,,,,,,,,,,,,,,2,12,,,,,,,,,,1,2,33,,,1,,,,,,,,,,,,,,,,,,,,6,,,,,,,,,,,,,,,,,,,,,,,,,,,,,,,,,,,,,,,1,,,,
1345,,47,,,,,,,,,,,,,,,,,,,42,,,,,,,,,,,,,,,,,28,,,,,,,,,,,44,,,,0,0,,0,0,,,,,,6,,,,41,,,,,,,,,,,18,,,,,,,,,,,,,,,,,,,,,,
1346,,26,,,,,,0,,,,,,,,,,,,,9,13,,,,,2,,,,,,,19,,,,1,,,1,,,,,,,,,,,,,,,,,,,,,,,,,,,,,,,,,,,,,,,,,,,,,,,,,,,,,,,,,,,
1347,0,0,,,1,,,,,,,,,,,,,,,,36,,,,,,,,,,,,,,,,,28,,,,,,,,,,,49,,,,,,,,,1,,,,,,,5,,38,,,,,,,,,,,20,,,,,,,,,,,,,,,,,,,,0,,
1348,,36,,0,,,37,,,,,,,,,,,,,,24,17,,,,,,7,,,0,,,41,,,,16,,,,,,,,,,,26,,,,,,,,,,,,,,,,,,27,,,,,,,,,5,,,,,,,,,,,,,,,,0,,,,,,,,
1349,,30,,,,,32,,,,,,,,,,,,,,19,6,,,,,,25,,,,,,39,,,,15,,,14,,,,,,,21,2,,,,,,,,,,,,,,,,,,19,,,,,,,,,,,,,,,,,,,,,,,,,,,,,,,,,1
1350,,50,,,,,,,,,,,,,,,,,,1,40,,0,,,,,,,,,,,,,,,22,,,,,,,,,,,48,,,,,,,,,,,,,,,,,,42,,,,,,,,,,,18,,,,,,,,,,,,,,,,,,,,,,
1351,,0,,,,,,,,,,,,,,,,,,,2,14,,3,,,,,,,,,,37,,1,,,,,,,,,,,,,,,,,,,,,,,,,,,,,,,34,,,,,,,,,,,,,,,,,,,,,,,,,,,,,,,,,
1352,4,12,,2,,,,,,,,,,,,,,,0,,8,9,,,,,1,,,,,,,35,,,,,,,,,,,,,,,,,,,,,,,7,,,,,,,,,,,,,,8,,,,,,,,,,,,,,,,,,,,,,,,,,,,,
1353,,28,,,,,26,,,,,,,0,,,,,,,11,19,,,,,,,,,,,,19,,,,1,,,,,,,,,,,52,,,,,,4,,,,,,,,,,,,23,,,0,,,,,,,,,,,,,,,,,,,,,,,,,,,,,,
1354,,35,,,,,,,2,,,,,,,,,,,,19,19,,,,,,21,,,,,,22,,,,14,,,,,,,,,,,28,,,,,,,3,,0,,,,,,,,,24,,,,3,,,,,9,,,,,,,,,,,,,,,,,,,,,,,,
1355,,38,,,,,,,,,,,,,,,,,,,22,19,,,,,,8,,,,,,4,,,,15,,,,,,,,,,,32,,,,,,,,,,,,,,,,,,6,,,,,,,,,8,,,,,,,,,,,,,,,,,,,,,,,,
1356,,33,,,,,,,,,,,,,,,,,,,19,11,,,,,,30,,,,,,43,,,,20,,,,,,,,1,,22,28,,2,,,,,,,,,,,,,,,,23,,,,,,,,,,,,,,,,,,,,,,,,,,,,,3,,,,
1357,,33,,,,,25,,,,,,,,,,,,,,22,13,,,,,,26,,,,,,40,,,,28,,,,,,,,,,24,6,,,,,,,,,,,,,,,,,,22,,,,,,,0,1,,,,,,,,,,,,,,,,,,,,,,,,,
1358,0,29,,,,,32,0,,,,,,,,,,,,,20,7,,,,,,27,,,,,,41,,,,22,,,3,,,,,,,19,22,,,,,,,,,,,,,,,,,,18,,,,,,,,,,,,,,,,,,,,2,,,,,,,2,,,,,,
1359,,20,,,,,,0,,,,,,,,,,,,,0,5,,,,,,,,,,,,38,,,,,,,,,,,,,,,,,,,,,,,,,,,,,,,,,,,,,,,,,,,,,,,1,,,,,,,,,,1,,,,,0,,,,
1360,,33,,,,,,,,,1,,,,,0,,,,,19,15,,,,,,,,,,,,32,,,,,,,,,,,,,,,55,,,,,21,,,,,,,,,,,,,,,,,,0,,0,,0,17,10,,,,,,,,,,,,,,,,,,,,9,,
1361,,22,,,,,,,,,0,,,,,,,,,,10,15,,,0,,,,,3,,,,36,,,,,,0,,,,,,,,,,,,,,1,,,8,0,,,,,,,,,,,,,,,,,,,,,,,,,,,,,,,,,,,,,,,,,,
1362,,38,,,,,,,,,,,,0,,11,,,,,20,21,3,,,,,,,,,,,23,,,,1,,,0,,,,,,,,28,,,,,,2,,,,,,,,,,,,28,,,,1,1,,,,9,,,,,,,,,,,,,,,,,,1,,,,,,
1363,,,,,,,,,,,,,,,,,,,,,,,,,,,,,,,,,,48,,,,,,,,,,,,,,,58,,1,0,,,,,,,,,,4,,,,,37,0,,,,,,10,,,,,,,,,,,,,,,0,,,,,,,,,,,
1364,,30,,,,,32,,,,,,,,,,,,,,21,9,,,,,,22,,,3,,,31,,,,19,,,3,,,,0,10,,,52,,,,,,,0,,,,,,,,,,,28,,,,,,4,,,,,,,,,,,,,,,,,,,0,,,,,,,,
1365,,24,,,,,,,,,,,,,,,,,,,7,9,,,0,,,,,,,,2,35,,,,,,,,,,,,,,,,,,,,,,,,,,,,,,,,,,,,,,,,,,,,,,,,,,,0,,,,,,,,0,,,,,,,
1366,,36,,,,,45,,,,,,,,,,,,0,,22,21,,,,,,14,,,,,,20,,,,16,,,,,,,,1,,,33,,,,,,,,,,,,,,,,,,0,,2,,,,,,,8,,,,0,,,,,,,,,,,,,,,,,,,,
1367,,24,,,,,,,,,,,,,,,,,,,11,15,,0,,,,,,,1,,,37,,,,,,,0,,,,,,,,,0,,,,,,,,,,,1,,,,,,,,,,,,0,,,,,,,,,,,,,,,,,,,,0,,,,,,,
1368,,34,,,,,,,,,,,,,,,,,,,14,,,,,,13,30,,,,,3,46,,,,,,,,,,,,10,2,,52,,2,,,,,,,,4,0,,,,,,,31,,,,,,1,,,,,,,,,,,,,,,,,,0,1,,,,,,,,
1369,,29,,3,,,,,,,,,,,,,,,,0,11,20,,,,,,,,,,,,36,,,,,,,,,,,,,,,,,,0,,,,,,,,,,,,,,,,,,,2,,4,,,,,,,,,,,,,,,,,2,,,,,,,,,,
1370,,24,,,,,,,,,,,,,,,,,,,10,13,,,,,,,,,,,,36,,,,,,,,,,,,,,,,,,,,,,,,,,,,,,,,,,,,,,,,,,,1,,,,,,,,,,2,,,,3,,,,,,,,,
1371,,,,,,,,,,,,,,,,,,,,,17,23,,,,,,,,,,,,41,,,,,,,,0,,,,,,,56,,8,,,0,,,,,,,,0,,,,,31,,,,,,,9,,,,,,,,,,,,,,,,,,,,,,,,,,
1372,,33,,,,,48,,,,,,,,,,,,,,16,9,,,,,,32,,,,,,43,,,,20,,,,,,,,7,,23,29,,,,,,,,,,,,,,,,,,22,,,,,,,,,,,,,0,,,,3,,,,,,,,,,,,6,,,,
1373,,50,,,,,,,,,,,,,,,,,,,40,,,,,,,9,,,,,,,,,,30,,,,,,,,,,2,38,,2,,,,,,,,1,3,,,,,,,32,,,,,,,,,9,4,23,,,,,,,,,,,,,,,,,,,,,,
1374,,32,,,,,34,,,,,,,,,,,,,,18,6,,,,,,17,,,,,,42,,,,26,,,3,,,,,,,22,6,,,,,,,,,,,,,,,,,,16,,,,,,,,1,,,,,,,,,,,,,,,,,,,,,,0,,,
1375,,17,,,,,,,2,,,,,,,,,,,,5,14,,,,,,1,,,,,,36,,,,,,,,,,,,,,,0,,,,0,,,,,,,,,,,,,,,,,0,,,,,,,,,,,,,,,,,,,,,,,,,,,,0,,
1376,,15,,,,,,1,,,,,,,,,,,,,10,11,,,,,,,,,,,0,0,,,,,,1,,,,,,,,,,,,,,,,,,,,,,,,,,,30,,,,,,,,,,,,,,,,,,,,,,,,,,,,,,,,,
1377,,24,,,,0,,,,,,,,,,,,,,,7,12,,,,,,,,,,,,37,,,,,,,,,,,,,,,,,,,,,,,,,,,,,,,,,,,,,,,,0,,,,,,,,,,0,,,,,,,0,,,,,,,,4,
1378,2,,,1,,,,,,,,,,,,,,,,,,,,,,,,,,,,,,46,,,,,,,,,,,,,,,58,,2,,,1,,,,,,,,5,1,,,,30,,,,,,,2,,,,,,,,,,,,,,,,,,,,,,,,0,,
1379,,48,,,,,,,,,,,,,,,,,,,42,,,,,,,,,,,,,,,,,29,,,,,,,,,0,,50,,,,,,,,,,,,,,2,,,,40,,0,,,,,,,,,15,,,,,2,,,,0,,,,,,,,,,,,,
1380,,24,,,,,,,,,,,2,,,,,,,,11,13,,,,,,,,,,,,36,,,,,,,,,,,,,,,,,,,,,,,,,,,,,,1,,,,,,,,,,,,,,,,,,,,,,,2,,,,,,,,,,,,,
1381,,50,,,,,,,,7,,,,,,,,,,,11,,,,,,,,,,,,,,,,,25,,,,0,,0,,,,,49,,,,,,,,0,,,,,,7,,,,42,,,,,,,,,,,18,,,3,1,,0,,,,,,,,,,,,,,,,
1382,,28,,,,0,52,,,,,,0,,1,,,,,,40,,,,,,,,,,,,,,3,,,29,,,,,,,,,,,2,,,,,,,,,,,4,,,,,,,36,,,2,,,,,0,,,22,,,,,,,,,,,,,,,,,,,,,,
1383,1,28,,,,,,,,0,,,,,,,,,,,11,15,,,,0,,,,,,,,35,,,,1,,,4,,,,,,,,58,,,,,2,,,,,,,,,,,,,28,,,,,,,,,,,,,,,,1,,,,,,,,,,,,,,,,2,
1384,,31,,,1,,,,,,,,,,,,,,,,12,17,,,,0,12,28,,,,,0,31,1,,,,1,,,,,,0,8,,,54,,,,,,,,,,2,,3,,,,,27,,,,,,,,,,,,,,,,,,,,,,,,,,,,,,,,,,
1385,,30,,,,,,,,,,0,,,,,,,,,27,9,,,,,,3,,,1,,,40,,,,29,,,5,,,,,,,,29,,,,,0,,,,,,,12,,,,,,19,,,,,,,,,,,,,,,,,,,,,,,,,,,,,,,,,
1386,,28,,,,,,,,,,,,,,,,,,,11,19,,,,,,,,,,,,19,,,,1,,,,,,,,5,,,52,,,,,,2,,,,,0,,,,,,,28,,,,,,,,,,,,,,,,,,,,,,,,,,,,,,,,,
1387,,36,,,0,0,,,,,,,,2,28,,,,,,15,18,,,,6,,0,,,,,,20,,,,,,0,,,,,,,1,,25,,,,,,,,,,,,0,,,,1,,28,,,,,,,,2,14,,1,,,,,25,,,,,,,,,,,,,,,,,
1388,,23,,,,,,,,,,,,,,0,,,,,11,4,,,,,,,,,,0,,35,,,,,,,,,,,,,,,,,,,,,,,,,,,,,,,,,,,,,,,,,,,,,,,,,,,,,,,,,,,,0,,,,,4,
1389,,24,,,,0,,,,,,,,,,,,,,,8,6,,,,,,,,,,,,34,,,,,,,,1,,,,,,,,,,,,,,0,,,,,,,,,,,,,,,,,,,,,,,,,,,,,,,0,,,,,,,,,,,1,,
1390,,23,,,,,,,,,,,,,,,,,,,11,12,,,,,,,0,,,,,27,,,,,,2,,,,,,,,,,,,,,,,,,,,,,3,,,,,,,,,,,2,,,,,,,,,,,,,,,,,,,,,,0,,,,,
1391,,26,,,,,,,,,,,,,,,,,,,9,8,,,,,,,,,,,,36,,,,,,,,,,,,,,,,,,,,,3,,,,,,,,,,,,,,,,,,1,,,,0,,,,,,,,,,,,,,,,,,,,,,,
1392,,28,,,,,,,,,,,,,,,,,,,41,,,,,,,,,,,,,,,,,24,,,,,,,,,0,,45,,,,,,0,,,,,,,,,,,,40,,,,,,,,,,,15,,,,,,,,,,,,,,,,,,,,,,1
1393,,27,,,,,,,,,,,,,,,,,,,6,13,,,1,,,,,,,,,39,,,,,,,,,,,,9,,,,,,,,,,,,,,,,,,,,,29,,,,,,,,,,,,,,,,,,,,,,,,,,,,,,,,,
1394,,28,,,,,,,,,,,,,,,,,,,13,19,,,,,,,,,,,,19,,,,1,,,,,,,,7,,,52,,,,,,2,,,,,,,,,,,,28,,,,,,,,,,,,,,,,24,,,,,,1,,,,,,,,,,,
1395,1,26,,,,0,,,,,,,,,,,,,,,11,19,,,,,,,,,,,,19,,,,1,,,,,,,,5,,,58,,,,,,2,,,,,,,,,,,,28,,,,,,,,,,,,,,,,,,,,,,,,,,,,,,,,,
1396,,48,,,,,,,,,,,,,,,,,,,39,,,,,,,,,,,,,,4,2,,29,,,,,,,,,0,4,38,,,,,,,,,,,,,,,,,,35,,,,,,,,,10,,24,,,,,,,,,,,,,,,,,,,,,,
1397,,36,,,,,34,,,,,,,,0,,,,,,21,19,,,,,,,,,,,,41,,,,27,,,6,,,,,,,21,22,,,,,,,,,,,,,,,,,,17,,,,,,,,,,,,,,,,,,,,,,,,,,,,,,,,,
1398,,25,,,,,1,,,,,,,,,,,,,,13,13,,,,,,,,,,0,,37,,,,,,,,,,,,,,,,,,,,,,,,,,,,,,,,,,,,,10,,,,,,,,,,,,,,,,,,,,,,,,,,,,,
1399,,12,,,,,,,,,,,,,,,,,,,9,14,,,,,,,0,,,,,35,,,0,,,,,,,,,,,,,,,,,,,,,,,,,,,,,,,,,,,,,,,,,,,,,,,,,,,,,,,,,,,,,,,
1400,,27,,,,,33,,,,,,,,,,,,,,20,4,,,,2,,32,,,,,,42,0,,,25,,,11,,,,,,,21,23,,,,,,,,,,,,,,,,,,17,,,,,,,,,,,,,,,,,,,,,,,,,,,,,,,,,
1401,,26,,,,,,,,,,,,,,,0,,1,,6,13,,,,,,,,,,,,20,,,,,,,,,,,1,,,,,,,,,0,,,,,,,,,1,,,,,,,,,,,,,,,,,,,,0,,,,,,,,,,,,,,,,,
1402,,26,,,,,,,,,,,1,,,,,,,,9,5,,,,,,,,,,,,35,,,,,,,,,,,1,,,,,,,,,,,,9,,,,,,,,,,,,,,,,,,,,1,,,,,,,,,,,,,,,,,,,,,,,
1403,,,,,,,,,,,,,,,,14,,,,,3,,,,,,,,,,,,,44,,,,,,,,,,,,,,,,,,,,,,,,,5,,,,,,,,,,,,,,,,,,,,,,,,,,,,,,,,0,,,,,,,,,
1404,,50,,,,,,,,,,,,,,,,,,,36,,,,,,,,0,,,,,,,0,,28,,,,,,,,,,0,50,,,2,,,,,,,,,,,,,,0,41,,,,,0,,,,,,1,,,,,,,,,,,,,,0,,,,,,,,
1405,,15,,,,,,,,,,,,,,,,,,,13,13,,27,,,,,1,2,,,,,,,,,,6,,,,,1,,,,52,,,,,,,,,,,,,,,,,,,,,,,,,,,,,13,,,,,,,,,,,,,,,4,,,,,,,
1406,,46,,,,,,,,,,,,0,,,,,,,42,,,,,,,,,,,,,,,1,,29,,,,,,,,,,,41,,,,,,,,,0,,,,,,,,,38,,,,,,,,,,,22,,,,,,,,,,0,,,,,,,,,,,,
1407,,28,,,,,,,,,,,,,,0,,,,,7,14,,,,,,,,,,,,36,,,,,,,,,0,,,,,,,,,,,,,,,1,,,,,,,,,,,,0,,,,,,,,,,,,0,,,,,,0,,,,,,,,,,,,
1408,,33,,,,,37,,,,,,,,,,,,,,20,6,,,,,,,,,,,,34,,,,1,,,16,,,,,,,19,17,,,,,,,,,,,,0,,,,,,11,,0,,,,,,,,,,,2,,,,,,,,,,,,,,,,0,,,,
1409,,23,,,,,,,,,,,,,,,,,,,4,14,,,,,,,,,,,,37,,,,,,,,,,,,,,,,,,,,,,,,,,,,,,,,,,,,,,,,,,,,,,,,,,,,,,,,,,2,,,,,,,,
1410,,29,,,,,,,,,,,,,,4,,,0,,18,19,,,,,4,,,16,,,,,,,,,,,,,,,,,,3,59,,,,,,,,,,,,,,,,,,,,,,,,,,,9,4,7,,,,,0,,,,,,,,,19,,,,,,5,,
1411,,30,,1,,,,,,,,,0,,,,,,,,10,5,,30,,,,4,,,,,,2,,,,,,,,,,,,,,,54,,,,,,,,,,,,,,,0,,,,,0,,,,,,0,,,,,,,,,,1,,,,,2,,,,,,,,,,
1412,,38,,,,,55,,,,,,,,,,,,,,16,23,,,,,,11,,,,,,38,6,,,19,,,,1,,,,,,,34,,,,,,,,,,,,,,,,1,,24,,,,,,,,,11,,,,,,4,,,,,,,,,17,,,,3,,,,,
1413,,51,,,0,,,,,,,,,,,,,,,,39,,,,,,,,,,,,,,,,,8,,,,,,,,0,,,43,,,,,,,,,,,,,,,,,,43,,,,,,,,,,,20,,,,2,2,,,,,,,,,,,,,,0,,,
1414,,28,,,,,,1,,,,,,,,,,,,,39,,,,,,,,,,,,,,,,,27,,,,,,,,,,,40,0,,,,0,2,,,,,,,,,,,,41,,,,,,,,,,,17,,,,,,,,,,,,,,,,,,,,,,
1415,,39,,,,,,,,,,0,,,,,,,,,17,18,,,,,,5,,,,,,20,,,,5,,,,,,,,,,,35,,,,,,,,,,,,,,,,,,26,,,,8,,,,,13,,,,,,0,,,,,,,,0,,,,,,,,,,
1416,,24,,,,,,,,,,,,,,,,,,,9,14,,,,,,,,,,,,36,,,,,,,,,,,,,,0,,,,,,,,,,,,,,3,,2,,,,,,,,,,,,,,,,,,,,,,,,,,,,,,,,,,,,
1417,,17,,,,,,,,,,,,,,,,,,,11,19,,,,,,,,,,,,,,,,1,,,,,,,,,,,52,,,,,,,,,,,,,0,,,,,38,,,,,,,,,,,1,,,,,,,,,1,,,,,0,,,,,,,,
1418,,35,,,,,,,,,,,,,,,,,,,11,21,,,,,,8,,,,,,,,,,18,,,13,,,,,,,,,,,,,,,,,,,,,,,,,,21,,,2,,,,,,12,,,,,,,,,,,,,,,,,,,,,,,,
1419,,26,,,,,,,,,,,,,23,,,,,1,11,18,,,,,,0,,,,,,33,,,,,,,,,0,,,,,,,,,,,,,,,,,,,,,,,3,3,,,,,,,,,,,,,,,,,,,,,,,,21,,,,,,,,,
1420,,10,,1,,,0,,,5,,,,,,,,,,,11,15,,,,,,,,,,,,36,,,,,,,,,,,,,,,61,,,,,,,,,1,,,,,,,,,,,,,7,,,,,,,,,,,,,,,,,,,,,,2,,,,,,,
1421,,31,,,,,,,,,,,,,,5,,,,,16,18,,,,,5,,,14,,,,,0,,,,,,,2,,,,,,,58,,,,,,,,,,,,,,,,,,,,,,,,,,,8,11,7,,,,1,1,2,,,,,,,,20,2,,,,,7,,
1422,,28,,,,,43,,,,,,,,,,,,,,11,9,,,,,,26,,,,0,,39,,,,10,,,,,,,,,,20,11,,,,,,,,,,,,,0,,,,,20,,,,,,,,,,,,,,,,,,,,,,,,,,,,,,,,,
1423,,50,,,,,,,,,,,,,,,,,,,39,,,,,,,,,,,,,,,,,26,,,,,,,,,,,39,,,,,,,,,,,,,,,,0,,41,,,,,,,,,,,10,,,,,,,,,,,,,,,,,,,,,,
1424,,,,,,,,,,,,0,,,,,,1,,,,,,,,,,,,,,,,45,,,2,,,,,,,,,,,,58,,8,,,,,,,,,,,,,,,,35,,,,,,,9,,,,,,0,,,,,,,,,,,,,,,,,,,,3
1425,,35,,,,,29,,,0,,,,,,,,,,,14,7,,,,,,30,,,,,,40,,,,24,,,,,,,,2,,21,19,,,,,,,,,,,,,,,,,,16,,,,,,,,,,,,,,,,,,,,,,,,,,,,,4,,,,
1426,,49,,,,,,,,,,,,,,,,,,,1,,,,,,,,,,,,,,,,,26,,,,,,0,,,,,49,,,,,,,2,,,,,,,,,,,41,,,,,0,,1,,,,13,,,,,,,,,,,,,,,,,,,,,,
1427,,35,,,,,44,,,,,,,,,,,,,,18,19,,,,,,29,,,,,,35,,,,1,,,,,,,,,,17,13,,,,,,,,,,,,,,,,,,16,,,,,,,,,,,30,,,,,,,,,,,,,,,,,,,,,,
1428,,33,,,,,,,,,,,,,,,,,,,19,21,,,,,,6,,,1,,,23,,,,14,,,,,,,,,,,28,,,,,,1,,,,,,,,0,,,,25,,,,,,,,,7,,,,,,,,,,,,,,,,2,,,,,,,,
1429,,37,,,,,,,,,,,,,,,,,,,23,,,,,,,,,,,,,,5,,,18,,0,,2,,,,,,,40,,,,,,,,,,,,,,,,6,,21,,,,,,,,,,4,26,,,,,,,,,,,,,,,,,,,,,,
1430,,28,,0,,,37,,1,,,,0,,,,,,,,11,5,,,,,,21,,,,,,19,,,,1,,,14,,,,,5,,22,27,,,,,,2,,,,,,,,,,,,18,,,,,,,,,,,32,,,,,,,,,,,,,,,,,,,,,,
1431,,10,1,,,,,,,,,3,,,,,,,,,6,14,,,,,,,,,2,,,37,,,,,,,,,,,,,,,,,,,,,5,,,,,,,,,,,,,,,,,,,,,,,,,,,,,,,,0,0,,,,,,,,,,,,
1432,,49,,,,,,,,,,,,,,,,,,,41,,,,,,,,,,,,9,,,,,25,,,0,,,,,,,,49,,,,,,,,,,,,,,,,,,42,,,,,,,,,,,6,,,,,,,,,4,,,,,,,0,,,,,,
1433,,31,,1,,,,,,,,,,,,3,,,,,17,17,,,,,,,,,,,,,,,,,,,,1,,,,,,,56,,,,,,,,,,,,,,,,,,,,,17,,,,,,4,9,6,,,,,,1,0,,,,,,,,2,,,,,1,,
1434,,27,,,,,,,,,,,,,,,,,,,13,17,,,,,,,,,,,,45,,,,,,,,,,,,,,,28,,,5,,,,,,,,,,,,,3,,,,,,15,,,,,,,,,,,,5,,,,,3,,,,,,,,,,,,
1435,,30,,,,,,,,,,,,,1,,,,,,9,16,,,,,,11,,,,,,32,,,,2,,,2,0,,,,8,,,32,,0,,,,,,,,,,,,,,,,32,,,,,,,,,,,,,,,,,,,,,,,,,,,,,,,,,
1436,,25,,,,,,,,,,,,,,,,,,,16,2,,,,,1,8,,,1,0,,41,,,,14,,,,,,1,,,,,26,,,,,,,,,,,,,,,,,,26,,,,,,,,,,,,,,,1,,,,,,,,,,,,,,,,,0,
1437,,29,,,,,,,0,,,,,,,,,,,,9,12,,,,,,,,,,,,32,,,,,,,,,,,,,,,,,,,,,,,,1,,,,,,,,,,,,,9,,,,,,,,,,,,,,,,,,,,,,,,,,,,,
1438,,50,1,,,,,,,,,,,,,,,,,,40,,,,,,,,,,,,,,,,,29,0,,,,,,,,,,50,,,,,,,,,,,,0,,,,,,42,,,,,,,,,,,18,,,,,,,,,,,,,,,,,,1,,,,
1439,,22,,3,,,,,,,,,,,,,,,,,7,15,1,,,,,,3,,,,,37,,,,,,,2,,,,,,,0,,,,,,,6,,,,,,,,,,,,,,,,,,0,,,,,,,,,,,,,,2,,,,,,,,,,0,,,
1440,,25,,,0,,,,,,1,,,,,,,,,,11,9,,,,,,2,,0,,,,25,,,1,1,,,,,,,,,,,,,,,,,,,,,1,0,0,,,,,,28,,,,,,,,,,,,,,,,,,,,,,,,,,,0,,,,,,
1441,,25,,,,,,,,0,,1,,,,,,,,,13,17,,,,,0,,,,,,,44,,,0,,,,,,,,,,,,28,,,,,,,,,,,,,,,,4,,,,,,2,,,,,,,,,,,,,,,,,1,,,,,,,0,,,,,
1442,,24,0,,,,,,,,,,,,,,,,,,10,14,,,,,4,,,,,,,37,0,,,,,,,,,,,2,,,,,,,,,2,,,,,0,,,,,,,,,,,,,,,,,,,2,,,,,,,,4,,,,,,,,1,,,,,
1443,,34,,0,,,,,,,,,,,,,,,,,23,2,,0,,,,29,0,,,,,42,,,,2,,,,,,,,,,0,27,0,,,,,,,,,,,,,,,,,22,,,,,,,,,,,,,,,,,,,,,,,,,,,,,,,,,
1444,,32,,,,,53,,,,,,,,,,,,,,19,0,,,,,,11,,,,,,39,,,,13,,,,,,,,,,,31,,,,,,,,,,,,,,,,,,25,,,1,,,,,,10,,,,,,,,,,,,,,,,,,,,,,,,
1445,,28,,,,,,,,,,,,,,6,,,,,17,23,,,,0,,,,11,,,,40,,,,,,,,,,,,9,,0,61,,,,,,5,,,,,,,,,,,,,,,,,,,,,,19,,,,,,,,,,,,,,,,,,,,,4,,
1446,,34,,,,,36,,0,,,,,,,,,,,,23,5,,,,,,15,,,,,,36,,,,24,,,2,,1,,,,,19,24,,,,,,,,,,,,,,,,,,17,,,,,,,,,,,31,,,,,,,,,,,,,,,,1,,,,,,
1447,,24,,,,,,,,,,,,,,,,,,,5,12,,,,,,,,,,,,34,,,,2,,,,,,,0,,,,,,,,,,0,,,,,,,,,,,,,,,,0,,,,,,,,,,,,,,,,,,,,,,,,,,,,3,
1448,,50,,,,,50,,,,,0,,,,,,,,,42,,,,,,,3,,,,,,,0,,,28,,,,0,,,,,,,42,,,,,,,,,,,,,0,,,,,41,,,,,,,,,,,19,,,1,,,,,,,,,,,,,,,,,,,
1449,,22,,,,,,,,,,,,,,,,,0,,11,15,,,,,,,,,,,,5,,,,,,,,,,,,,,0,,,,,,,,,,,,,,0,,,,,,,,,,,1,,,,,,,,,,,2,,,,,,,,,,,,,,,,
1450,0,34,,,,,0,,,,,,,,8,,,,,,9,19,,29,,0,7,,,,,,,37,,,,,,,,,,,,0,,,52,,,,,26,,,,1,,,,,,,,10,,,,,,,,,,,,,,28,,,22,,,,,,,,0,,,,,,,,,
1451,,46,,,,,,,,,,,,,,,,,,,38,,,,,,,,0,,,,,,,,,28,,,,,,,,,,,41,,,,,,,,,,,,,,,,,,34,,,,,,,,,,15,22,,,,,,,,,,,,,,,,,,,,,,
1452,,,,,,,,,,,,,,,,,,,,,,,,,,,,,,,,,,48,,,,,,,,,,,,,,,55,,9,,,,,,,,,,,6,,,,,32,,,,,,,8,,,,,,,,,,,,,,,,,,,,,,,,,,
1453,,35,,,,,38,,,,,,,,,,,,,,18,12,,,,,,28,,,,0,,35,,,,19,,,,,,,,,,25,24,,,,,,,,,,,,,,,,,,20,,,,,,,,,,,1,,4,,,,,,,,,,,,,,,,,,2,,
1454,,48,,,,,,,,,,,,,,,,,,,39,0,,,,,,,,,,,,,,,,30,,,,,,,,,,,37,,,,,,,,,,,,,,,,,,33,,,,,,,,,,15,18,,,,,1,,,,,,,,,,,,,,,,,
1455,,34,,,,,42,,,,,0,,,,,,,,,21,12,,,,,,20,,,,,,43,,,,3,,,,,,,,0,,21,33,,,,,,3,,,,,,,3,,,,,21,,0,,,,,,,,,,,,,,2,,,,,,,,,,,1,,,,,,
1456,,13,,,,,,,,,0,,,,,,,,,,6,12,,,,,,,,,,,,34,,,,,,,,,,,,,,,,,,,,,0,,,,,,,,,,,,,,,,,,,,,,,,,,,,,,,,,4,,,,,3,,,,,,,
1457,,17,,,,,,,,,,,,,,,,,,,7,8,,,,,,,,,,,,38,,,,,,,,,,,,,0,,,0,,,,0,,,,,,,,0,,,,,,,,,,,,,,,,,,,,,,,,,5,2,,,,,,,,,,,,
1458,,23,,,,,,,,,,,,,,,,,,,12,14,,,,,,,,,,,26,4,2,,0,,,,,,,,1,,,,,,,,,,,,,,,,,,,,,,,,,,0,,,,,,,,,,,,,,,,,,,,,,,,,,,,,
1459,,50,,,,,,,,,,,,,,,,,,,38,,,,,,,,,,,,,,,,,28,,,,,,,,,,,46,4,,,,,,,,,,,,,,,,,41,,,,,,,,,,0,14,,,,,,,,,,,,1,,,,,,,,,,0
1460,,23,,,,,,,,,,,,,,,,,,,12,3,,,,,,,,,,,,35,,,,,,,1,,,,,,,,,,,,0,,,,,,,,,,,,,,31,,,,,,,,,,,,,,,,,,,,,,,,,,,,,,,,,
1461,,28,,,,,,,0,,,,,,21,,,,,,15,22,,,,,,,,,,,,37,,,,,,,,,,,,5,,0,4,,,,,,,,0,,,,,,,,,,,,,,,,,,16,9,,,,,,1,,,,,,,,,,2,,,,,1,,,
1462,,44,,,,,,,,0,,,,,,,,,,,36,,,,,,,35,,,,,,,,,,26,,,,,,,,,,,46,,,,0,,,,,,,,,,,,,,40,,,,,,,,,,,8,,,,,,,,,,,,,,,,,,,,,,0
1463,,6,,,,,,,,,,,,,,,,,,,11,13,,,,,,,,,,,,35,,,,28,,,,,,,,,,,,,0,,,,,,,,,,,,,,,,,,,,,,0,,,1,,,,,,,,,,,,,,,,,,,,1,,0,,
1464,,36,,,,,40,,,,,,,,,,,,,,21,4,,,,,,29,,,,,,43,,,,1,,,4,,,,,,,24,25,,,,,,,,,,,,4,,,,,,4,,,,,,,,,,,,,,,,,,,,,,,,,,,,,,,,,
1465,15,,,,,,2,,,,,,,,,,,,,,,,,,,,,,,,,,25,,,,,,,,,,,,,,,,,,,,,2,,,0,,,,,,,,,,,,,,,,,,,,,,,,,,,,,,,,,,,,,,,,,,,
1466,,28,,,,,,,,,,,,,,,,,,,11,19,,,,,,,,,,,,19,,,0,1,,,,0,,,,5,,,52,,,,,,2,,,,,,,,,,,,28,,,,,,,,,,,,,,,,,,,,,,,,,,,,,,,,,
1467,,8,,,,,,,,,,,,,,,,,,,6,14,,1,,,6,,,,,,,8,,,0,,,,,,,,,,,,,,,,,1,,,,,,,,1,,,,,,,,,,,,,,,,0,0,,,,,,,,,,,,4,0,,,,,,,,
1468,,,0,4,,,,,,,,,,,,,,,,,,,,,,,,,,,,,,43,,,,,,,,,4,,,,,,1,,6,,,,,,,,,,,2,,,,,35,,,,,,,9,,,,,0,,,,,,,,,,,,,,,,,,,,,2
1469,,38,,,,,,,,,,,,,,10,,,,,19,20,2,,,,,8,,0,,,,23,,,,13,,,,,,,,,,26,27,,,,,,,,,,,,,,,,,,23,,,,0,,,,,8,3,,,,,,,,,,,,,,,,,0,,,,,,
1470,,20,,,,,,,,,,,,1,,,,,,,10,13,,,,,,,,,,,,35,,,,,,6,,,0,,,5,,,,,,,,1,,,,,,,,,,,,0,,,,,3,,,,,,,,,,,,0,,,0,,3,,,,2,3,,,,,,,
1471,,23,,,,,,,0,,,,,,,,,,,,9,13,,,,,,,,,,,,36,,,,,,,,,,,,,,,,,,,,,,,,,,,,,,,,,,,,,,,,,,,,,,,,,,,,,1,,,,,,,,,,,,,
1472,,34,,,,,,,,,,,,,,,,,,,21,20,,,,1,,4,,,,,,40,,,,14,,,,,,,,,,,26,,,,,,,,,,,,,,,,,,25,,,,,,0,,,11,,,,,,,,,,0,,,,,,,,,,,,,,
1473,,32,,,,,41,,,,,,,,,,,,,,23,11,,,,,,14,,,,,,42,,,,23,,,,,,,,,,,32,,,0,0,,,,,,,,,2,,,,,33,,,,,,,,,,,29,,,,,1,1,,,0,0,,,,,,,,,0,,,
1474,,30,3,,,,,,,,,,,,,,8,,,,17,22,,,,,,10,,,,,,20,,,,18,,,,,,,,6,,,36,,,,,,6,,,0,,,,,4,,,,28,,,,,,,,,,,,,,,,,,,,,,,4,,,,,,,,,,
1475,,47,,1,,,,,,,,,,,,,,,,,42,,,0,,,,,,,,,,,,,,10,,,,,,,,,,,45,,,,,,,,,,,,,,,,,,38,,,,,,,,,,,19,,,,,,,1,,2,,,,,,,,,,,,,
1476,,28,,,,0,,,,,,,,,23,6,,,,,11,16,,,,,,,,14,,,,24,,2,,,1,,,,,,,6,,,54,,,,,,,,,,,,,,,,,,,,,,,,,,,,,,,,,,23,,,,,,,,,,,,,,,,,
1477,,28,,,,,,,,,,,2,,,,,,,,12,14,,1,,,7,,,,,,,40,,,,1,,,,,,,,7,,,7,,,,,,4,,0,,,,,,,,,,,,,,,,5,,,7,,,,,0,,1,,,,,,,,,,,,,,,,,
1478,,34,,,,,47,,,,,,,1,,,,,,,15,0,,,,,,31,,,,,,42,,,,19,,,,,,,,3,,23,25,,1,,,,,,,,,,,,,,,,22,,,,,,,,,,,,,,,,,,,,,,,,,,,,,5,,,,
1479,,49,,,,,,,,,,,,0,,,,,,,38,22,,,,,,,,,,,,,,,,9,,,,,,,,,,,50,,,,,,,,,,,,,,,,,0,43,,,,,,,,,,,1,,,,,,,,,,,,,,,,,,,,,,
1480,,24,,,,,,,,,,,,,,,,,,,10,12,,,,,,,,,,,,37,,,,,,,,,,,,1,,,,,,,,,,,,,,,,,,,,,,,,,,,,,,,,,,,,,,,0,,,,,,,,,,,,,,,
1481,,40,,,,,,,,,,,,,,,,,,,22,20,,,,,,11,,,,,,40,,,,17,1,,,,0,,,,,0,43,,,,,0,,,,,,,,,,,,,31,,,,,,,,,14,,23,,1,,,,,,,,,,,,,,,,,,,,
1482,,38,,,,,36,,,,,,,,,,,,,2,11,21,1,,,0,,4,,,0,,,24,,,,16,,,,,,,,,,,34,,,,,,,,,,,,,,,,,,1,,,,,,,,,5,,,,,,,,,,,,,,,,,,,,,,,,
1483,0,1,,,,,,,,,,,,,,,,,,,2,11,,,,,,,,,,,,37,,,,1,2,,,,,,,,2,,,,,,,,,,,,,,,,,,,,,,,,5,,,,0,,,,,,,,,,,,,,,,,,,,,,,,,
1484,,26,,,,0,,,,,,,,,,,,,,,11,14,,,,,,,0,,,,,36,,,1,,,0,0,,,,,,,,,,,,,,,,,,,,1,,,,,,28,,,,9,,,,,,,0,,,,,3,,,,,,,,,,,,,,,,,
1485,20,25,,4,,,,,,0,,,,,,,,,,,11,15,,,,,1,,,,,,,27,,,,,,,,,,,,,,,,,,,,,2,,,,,,,,,,,,28,,,,,,3,,,,,,,,,,,,,,,,,,,,,,,,,,,
1486,,37,,,,,,,,,,,,1,27,,,,,,15,19,0,,,,,,,,,,,19,,,,,5,,,,,,,,0,,25,,,,,4,2,,,,,,,,,,,,29,,,,,,,3,3,13,,,,,,,,,,,,,,,,,,,,,,,,
1487,,35,,,,,,,,,,,,,,,,,,,23,8,,,,,,,,,,,,38,,,,22,,,,,,,,,,22,21,,,,,,,,,,,,1,,,,,,17,,,,,0,,,0,,,,,,,,,,,,0,,,,,,,,,,,,,
1488,1,25,,,,,,,,,1,,,,,,,,,,6,10,,,,,,,,,,,,1,,,,,,,,,,,,,,1,,,,,,,,,,,,,,,,0,,,,,,,,,,,,,,,,,,,,0,,,2,,,0,,,,,,,,,,
1489,,46,,,,,,,,,,,,,,,,,,,38,,,,,,2,,,,,,,,4,,,13,,,,,,,,10,,,41,,,,,,,,,,,,,,,,,,28,,,,,,,,,,,22,,,,2,,,,,,,,,,,,,,,,,,
1490,4,3,2,,,,33,1,,,1,2,,,,,,0,,,22,8,,,,,,24,,,2,,,44,,,,26,,,0,,,,,,,20,17,,,,,,,,,,,,,,,,,,21,,,,,,,,,1,,29,,,,,,,,,6,,,,,,,,,,,,,
1491,,13,,,,,,,,,,,,,,,,,,,7,13,,,,,,,,,,,,2,,,,,,,,,,,,,,,,,,,,,,,6,3,,,,,,,,,,,,,,,,,,,,,,,,,,,1,,,1,,,,,,,,1,,,,
1492,,30,,,,,,,,,,,,0,,,0,,,,23,14,,,,,,23,,,,,,21,,,,19,,,,,,,,,,,31,,0,,,,2,,,,,,,,,,0,,39,,0,,,,,,,,,,,,,,,,,,5,,,,,,,,,,,,,
1493,4,,,,,,,,,,,,,,,,,,,,,,,,,,,,,1,,,,48,,,,,,,3,,4,,,,,,55,,0,,,,,,,,,,,3,,,,,35,,,,0,,,9,,,,,,,,,,,,,,,,,,,,,,,,,,
1494,,33,,,,,,,,,,,,,,1,,,,,19,21,,,,,,,,10,,,,,,,,,,2,,,,,,,,,56,,,,,,,,,,,,,,,,,,,,,16,,,,,,6,4,7,,,,,,,0,,,,,,,1,0,,,,,7,,
1495,,48,,,,,,,,,,,,,,,,,,,40,,,,,,,,,,,,,,,,,28,,,,,,,,,,,40,,,,,,,,,,,,,,,,,,36,,,,,,,,,,,23,,,,,,,,,,,,,,,,,,,,,,
1496,,37,,,,,,,,,,,,,,,,,,3,11,8,,,,,0,2,,,,,,23,,,,16,5,,,,,,,,,,29,,,,,,,,,,,,,,,,,,27,,,2,3,,,,,10,,,,,,,,,,,,,,,,,,,,,,,,
1497,,23,,,,,49,,,,,,,,,,,,,,11,0,,,,,,,,,,,,38,,,,24,,,,,,,,,,25,29,,1,,,,,,,,,,,,,,,,,,,,,,,,,,,,3,,,,,,,,,,,,,0,,,,,,,,
1498,,8,,,,,,,,,,,,,,13,,,,,3,3,,,,,,,,,,,,12,,,,1,,,,,,,,,,,,,,,,,2,,0,,,,,,,,,,,,,,,,,,,,,,,,,,,,,,,,,,,,,,,,,,,
1499,,,,,,,,,,,,,,,,,,,,,11,,,,,,,,,,,,,44,,,,2,,,,,,,,,,,,,,,,,,,,,2,,,,,,,,,,,,,,,,,,,,,,,,,,,,,,,,2,,,,,,,,,4
1500,,37,,,,,54,,,,,,,,,,,,,,0,22,,,0,,,10,,,0,0,,38,,,,17,,,,,,,,,,,30,,,,,,,,,,,,,,,,,1,23,,,,,,,,,10,,,,,,,,,,,,,,,,3,,,,,,,,
1501,,25,,,,,,,,,,,,,,,,,,,12,13,,,,,,,,,,,,3,,,3,,,,2,,,,,2,,,59,,,,,,,,,,,,3,,0,,,,,,,,,,0,,,,,,,,,,,,,,0,,,,,,,,,,,,,
1502,,45,,,,,,,,,,,,,,,,,,,40,,,,,,,,,0,,,,,,,,28,,,,,,,,,0,,40,,,,,,,,,1,,,,,,,,,33,,,,,,,,,,,22,,,,,,,,,,,,,,,,,,,,,,
1503,,41,,,0,,,,,,,,,,,,,,,,25,,1,,,,,,,,,,,,,1,,28,,,,,,,,11,,,42,,,,,,,,,,,,,,,,,,34,,,,,,,,,,,22,,,,2,,,,,,,,,,,,,,,,,,
1504,,38,,,,,48,,,10,,,,,,,,,,,21,9,,,,,,15,,,3,,,4,,,,15,,,,,,,,,,,33,,,,,,,,,,,,,,,,,,24,,,0,,,0,,,2,,,,,,,,,,,,,,,,2,,,,,,,,
1505,,32,,4,,,,,,,,,,,18,,,,0,,,24,,,,,,,,,,,,39,0,,,,,,,,,,,,,,3,,,,,25,,,,0,,,,,,,0,26,,,,,,,,,,8,,,,28,,,22,,,,,,,,,,,,,,,,,
1506,,26,,,,,28,,,,,,,,,,,,,,18,8,,,,2,,26,,,,,,42,,,,23,,,12,,,,,,,17,13,,,,,,,,,,,,,,,,,,19,,,,,,,,7,,,,,,,,,,,,,,,,,,,,,,,,,
1507,,0,,,,,,,,,,,,,,5,,,,,16,0,,,,,,8,,,,,,42,,,,4,,,,,,,,,,,1,,,,,,,,,,,,,,,,,,25,,,,2,,,,,9,,,,,,,,,,,,,,,,0,,,,,,,,
1508,,49,,,,,,,,,,,,,,,,,,,40,,,,0,,,,,,,,,,,,,2,,,,,2,,,,,,42,,,,,,,,,,,2,,,,,,,37,,0,,,,,1,,,16,22,,,,,,,,,,,,,,,,,,,,,,
1509,,15,,,,,,,,,,,,,,,,,,,10,14,,,,,,,,,,,,37,,,,,,0,,,,,,,,,,,,,,,,,,,,,,,,,,1,,,,,,,,,,,,,,,,,,,,,,,,,,,,,,,,,,
1510,,36,,,,,,,,,,,,0,,,,0,,,24,17,,,,,,6,0,,,,,40,,,,1,,,,,,,,5,,,29,,,,,,2,,,,,,,,,,,,27,,,1,,0,,,0,3,,,,,,,,,,,,,,,,,,,,,,,,
1511,,34,,,,,,,,,4,,,,,3,,,,,20,22,,,,,,,,7,,,,,,,,,,3,,,,,,,,,59,,,0,,,5,,,,,,,,,,,,,,,,,,,,,5,0,5,,,,,,,,,,,,,,,,,,,,7,,
1512,,30,,,,,35,,,,,,,,0,,,,,,17,9,,,,,,18,,,,,,41,,,,21,,,10,,,,0,,,20,24,,,,,,,,,,,,,,,,1,,18,,,,,,,,,,,,,,,,,,,,,,,,,,,,,,,,,
1513,,23,,,,,,,,,,,,,,,,,,,12,0,,,,,,,,,,,,36,,,,,,,,,,,,,,,,,,,,,,,,,,,,,,,,,,,,,,,,,,,,,,,,,,,,,,,,,,,,,,,,,,
1514,,25,,,,,35,,,,,,,,,,,,0,,21,6,,,,,,27,,,,,,43,,,,25,,,4,,,,,,,20,23,,,,,,,,,,,,,,,,,,17,,,,,,,,,,,,,,,,,,,,,,,,,,,,,,,,,
1515,,46,,,,,,,,,,,,,,,,,,,40,,,,,,,,,,,,,,,3,,18,,,,,,,,,1,,44,,,,,,,,,,,,,,,,,,31,,,,,,,,,,,19,,,,,,,,,,0,,,0,,,,,,,,,
1516,,1,,,,,,,,,,,,,,,,,,,11,11,,,,,,,,,,,,1,,,,,,,,,,,,6,,,,,,,,,,,,2,,,,,,,,,,,,,,,,,,,,,,,,,,,,,,,,,,,,,,,,,,
1517,,25,,,,0,,,,,,,,,,,,,,,1,11,,,,,,,,,,,,38,,,,,,,,,,,,,,,,,,,,,,,,,,,,,,,,,,,,,,,,,,,,,,0,,,,,,,,,,,,,,,,,,,,
1518,,27,,,,,,,,,,,,,,,,,1,,12,2,,,0,,,,,,,,,36,,,,,,,,,,,,,,,59,,,0,,,,,,,,,,,,,,,,,,,,,,,,,,0,,,,,,,,,,,1,,,,,,,,,11,,
1519,,25,0,,,,,,,,2,,,,,3,,,,,10,1,,5,,,0,,,,,,,38,,,,,,,,,,,,,,,,,,,,,,,,,,,,,,,,,,,,,8,,,,,,,,2,,,,,,,,,,,,,,,,,,,,,
1520,,25,,,,,,,,,,,,,,,,,,,11,4,,1,,,,,4,,,,,37,,,,,,7,,,,,,,,,,,,,,,,,,0,,,,,,2,,,,0,0,,,,,,,,0,,,,,,,,0,,,,,,,,,,,,,,,
1521,,29,,,,,,,,,,,0,,,,,,,,11,16,,,,,,,,,,,,3,,,,,,,,,,,,,,,52,,,,,,,,,2,,,,,,,,,,,,,,,,,,,,,,,,,,,,,,,,,,,,,,,,,4,
1522,,26,,,,,,,,,0,,,,,,,,,,10,12,,2,,,6,,,,,,,38,,,,,,0,,,,,,,,,,,,,,,,,,,,,,,,,,,0,,,,,,,,,,,,,,1,,,,,,,,,,,,,,,,,,,
1523,,26,,,,,,,,,,,,,,,,,,,9,12,,,,,,0,,3,,,,38,,0,,,,,,,,,,,,,,,,,,,,,,,,,,,,,,,,,,,,,3,,,,,,,,,,,,,,,,,,,,,,,,,,,
1524,,22,,,,,,,,,,,,,,,,,,,3,14,,,,,,0,,,,,,38,,,2,,,,,,,,,,,,,,,,,,,,,,,,0,,,,0,,,,,,,,,,,,,,,,,,,,,0,,,,,,,,,,,0,,,
1525,,38,,,,,,,,,,,,,,,,,,,22,20,,,,,,8,,,,,,24,,,,16,,,,,,,,,,,27,,,,,,,,,,,,,,,3,,,20,,,3,,,,,,11,,,,,,,5,,,,,,,1,,,,,,,,,,
1526,,35,,,,,40,,,,,,,,,,,,,,21,12,,,,,,23,,,,,,39,,,,21,,,,,,,,,,22,18,,,,,,,,,,,,,,,0,5,,20,,,,,,,,5,,,,,,,,5,,,,,,,,,,,,,,,,,
1527,,24,,,,,,,,,,,5,,,4,,,,,11,2,,,,,,,,,,,,33,,,,,2,,,,,,,,,,,,,,,,,,,,,,,,,,,,,,,,,,,,,,,,0,,,,,,,0,,,,,,,,,,,,,0,
1528,,2,,,4,,,,,,,,,,,,,,,,8,13,,,,,,,,,,,,38,,,,,,,,,,,,,,,,,,,,,,,,1,,,,,,,0,,,,,,,,,,,,,,,,,,,,,,,,,,0,,,,,,,,,
1529,,36,,,,,,,,0,,,,,,,,,,,21,3,,,,,,7,,,,,,27,,,,17,,,,,,,,,,,28,,,,,,,,,,,,,,,,,,27,,,,,,,,,11,,,,,,,,,,,,,,,,,,,,,,4,,
1530,,23,,,,,,,,0,,,,,,,,,,,9,11,,,,,,,5,3,,,,39,,,,,,2,,,,,,,,,,0,,,,,,,,,,,,,,,,,,,,,,,,,,,,,,,,,,,,,,,,,,,1,,,,,,,
1531,,29,0,,,,,,,,,,,,,,,,,,22,8,,,,,,25,,,0,,,39,,,,0,,,,,,,,,,,0,,,,,,,,,,,,,,,,,,28,,,,,,,,,,,,,,,,,,,,,,,,,,,,,,,,,
1532,,23,,,,,,,3,,,,,,,,,,,,7,14,,,,,,,1,,,,,38,,,,,,,,,,,,,,,,,,,,,,,,,,,,5,,,,,,,,,,,,,,,,,,,,,,,,,,,,,,,,,,,,,,
1533,,,,,,,,,,,,,,,,,,,,,,,,,,,,,,,,,,43,,,,,,,,,,,,,,,58,,10,,,,,,,,,,,5,,,,,32,,,,,,,6,,,,,,,,,,,,,,,,,,,,,,,,,,5
1534,,1,,,,,,,,,,,,,23,,,,,,13,1,,,,,4,,,,,,,35,,,,,,,,,,,,,,,,,,,,28,,,,,,,,,,,,26,,,,,,,,,18,9,,,,20,,,23,,,,,,,,,,,,,,2,,,
1535,,10,,,,,,,,,,,,,,,,,,,10,13,,,,,1,,,,,,,37,,,,,,,,,,,,,,,,,,,,,,,,,,,,,,,,,,,,,,,,,,,,,,,,,,,,,,,,,,,,,,,,,,
1536,,36,,,,,42,,,,,,,,,,,,,,0,21,,,,,,12,,,,,,36,,,,0,,,,,,,,,,,31,,,,,,,,,,,,,,,,,,26,,,,1,,,10,,7,,,,,,,,,,,,,,,,5,,,,,,,,
1537,,26,,,,,,,,,,,,,,11,,,,,4,0,,,,,1,3,,,,,,38,,,,,,,0,,,,,,,,,,,,,,,,,,,,,,,,,,,,,,,,,,,,,,,,,,,,,,,,,,,,,,,,,,,
1538,,24,,,,,,,,,,,,,,,,,,,11,15,,,,,,,,,,,,29,,,,,,4,,,,,,,,,,,,,,,,,,,,,,,,,,,,,,,4,,,,,,,,,,,,,,,,,,,,,,,,,,,,,
1539,,26,0,,,,,,,,,,,,,,,,,,2,12,,,,,,,,,,,,34,,,,,,,,,,,,,,,,,1,,,0,1,,,,,,,,,,,,,,,,,,,,,,,,,,,,,,,,2,,,,,,5,,,,,,,
1540,,29,1,,,,,,,,,,,,0,,,,,,1,14,,,,,,,,,,,,36,,,,,,,1,,,0,,,,,,,,,,,,,,,,,,,,,,,,,,,,,3,,,,,,,,,,,,,,,,,,,,,,,,,,,
1541,,37,,,,,,,,11,,,,,,,,,,,20,15,,,,,0,6,,,4,,,19,,,,16,,,,,,,,,,,28,,,,,,,,,,,,,,,,,,28,,,,5,,,,,12,,,,,,,,,,,,,,,,,,,,,,0,,
1542,3,12,,,,,,2,,,,,,,,,,,,,6,6,,,,,2,,,,,,,37,,,,,,,,,,,,,0,,,,,,,,,,,,0,,,,,,,,,,,,4,,,,,,,,,,,,,,,0,,,,1,,,,,,,,,,
1543,,25,,,,,34,,,,,,,,,,,,,,22,9,,,5,,,26,,,,,,41,,,,23,,,14,,,,,,,21,25,,,,,,,,,,,,12,,,,,,20,,0,,,,,,,,,,,,,,,,,,,,,,,,,,,,,,,
1544,,11,,,,,,,,,,0,,,,,,,,,13,14,,,0,,,,,,,,,41,,,,1,,,,,,,,,,,27,,,,,,,,,,,,,,,,,,34,,,,,,,,,,,,,,,,,,,,,4,1,,,,,,,,,,,
1545,,32,,,,,43,,,,,,,,,,,,,,20,9,,,,,,19,,,,,,36,,,,1,,,8,,,,,,,21,20,,,,,,,,,,,,11,,,,,,18,,,,,,,,2,,,,,,,,3,,,,,,,,,,,0,,,,,0,
1546,,,,,,,,,,,,,,,,,,,,,11,,,,,,,,,,,,2,45,,,,1,,,,,,,,5,,,,,,,,,,,,,1,,,,,,,,28,,,,,,,,,,,,,,,,,,,,,,,,3,,,,,,,,,
1547,,24,,,,,,,,,,,,,,,,,,,10,10,,,,,,,,,,,,34,,,,,,,,,,,,,,,,,,,,,,,9,,,,,,,,,,,,,,,,0,,,,,,,,,,,,,,,,,,,5,,,,,,,,
1548,,,,,,,,,,,,0,,,,,,,,,,,,,,,,,,,,,,47,,,,,,,,,0,,,,,,59,,3,,,,2,,,,,,,4,,,,,36,,,,,,,1,,,,,,,,,,,,,,,,,,,,,,,,,,
1549,,34,,,,,1,,,,,,,,,,,,,,24,5,,,,,,13,,,,,0,1,,,,2,,,14,,,,,,0,,23,,,,,,,,,,,,,,,,,,18,,,,,,0,,,,,,,,0,,,0,,,,,,,,,,,,,,,,
1550,,4,,,,,,1,,,,,,,,,,0,,,42,,,,,,,,,,,,,,,,,29,,,,,,,,,,,49,5,,,,,,,,,,,,,,,,,41,,,,,,,,,,,9,1,,1,,,,,,,,,,,,,,,,,,,
1551,,27,,,,,,,,,,,,,,,,,,,3,5,,,,,,,,,,,,33,,,,,,,,,,,,,,,,,,,,0,6,,,,,2,,,,,,,,,,0,,,,,,,,,,,,,,,,,,,,,,,,,,,,,,
1552,,29,,,,,,,,,,,,,,,,1,,,12,14,0,,,,,,,,,,,20,,,,2,,,,,,,,,,,52,,,,,,2,,,,,,,,,,,0,,,,,,,,4,,,,,,,,,23,,,,,,,,,,,,,,,,,
1553,,31,,,,,,,,,,,,,,8,,,,,19,14,,,2,,,,,,,,,40,,,,,,7,,,0,,,,,,56,,,,,,,,,,,,,,,,,,,,,,,1,,,,8,7,9,,,,,,,0,,,,,,,,,,,,,,,
1554,,24,,,2,,,,,,,,,,,,,0,,,1,3,,,,,,3,,,,,,35,,,,,,,,,,,,,,,,,,,,,,,,,,,0,,,,,,,,,,,,,,,,,,,,,,,,,,,,,,,,,,,,,,,
1555,,33,,,,,,,,,3,,,,,2,,,,,17,17,,,,,4,,,8,,,,42,,,,,,,,,,,,,,,58,,,,,0,,,,,,,,,,,,,,,,,,,,,,5,6,9,,,,0,0,,,,,,,,,,6,,,,,11,,
1556,,2,,,4,,,,,,,,,,,,,,,,10,11,,,,,,,,,,,,35,,,,,,,,,0,1,,,,,,,,,,,,,,,,,,,,,,,,,,,,,,0,,,,,,,,,,,,,,,,,,,,,,,,,,
1557,,25,,,,,,,,,,,,,,,,,,,7,14,,,,,,,,,,,,35,,,,,,,,,,0,,,,,,,,,,,,,9,,0,,,,1,4,,,,,,,,,,,,,,,,,,,,,,,,,,,,,3,,,,,,,
1558,,26,,,,,,,,,,,,,,,,,,,8,19,,29,,,,,1,,,,,20,,,,,,,,,,,,7,,,53,,0,,,0,2,,,,,1,,,,,,,28,,,,15,2,,,,,,,,,,,5,,,,,,,,,,,,,,,,,
1559,,22,,,0,,,,0,,,,,,,,,,,,11,15,,,,,,,,,,,,36,,,,,,,,,,,,,,,,,,,,1,5,,,,,,,,,,,,,,,,,,5,,,,,,,,,,,,,,,,,0,,,2,,,,,,0,
1560,,28,,,,,,,,,,,,,,,,,,,11,19,,,,,,,,,,,,19,,,,1,,,,,,,,5,,,52,,,,,,2,,,,,,,,,,,,28,,,,,,,,,,,,,,,,,,,,,,,,,,,,,,,,,
1561,,29,,,,,,,,,,,,,,0,,,,,12,16,,,,,0,0,,9,,,,31,,,,,,,,,,,,,,,,,,,,,,,,2,,,,,,,,,3,,,,,,,,,,0,11,,,,,23,,,,,,,,,,,,,,,,,
1562,,,,0,,,,,,,,,,,,,,,,,7,,,,,,,31,,,,,,45,,,,,,,,,,,,,,,,,,,0,,,,,,0,,,,,,,,,,,,,,,,,1,,,,,,,,,,0,,,,,,,,,,,,,,
1563,,22,,,,,,,,,,,,,,0,,,,,9,13,,,,,,,,,,,,36,,,,,,,,,,,,,,,,,,,,,,,,,,,,,,,,,,,,,2,,,,,,,,,,,,,,,,,,,,,,,,,,,,,
1564,,26,,,,,,,,,,,1,,,,,,0,,15,3,,,,,,,,,,,,39,,,,,,,,,,,,,,,29,,,,,,,,,,0,,,,,,,,,,,,,,,,,,,,,,,,,,,,,,,,,,0,,,,,,,
1565,,33,,2,,,39,,,,,,,,,,,,,,20,2,,,,,,14,,,,,,36,,1,,23,,,1,,,,,,,19,26,,,,,,,,,,,,,,,,,,16,,,,,,,,,,,,,,,,,,,,,,,,,0,,,,,,,,
1566,,33,,,,,46,,,,,,,,,,,,,,13,12,,,,,,31,,,,,,22,,,,19,,,,,,,,8,,23,30,,,,,,,,,,,,,,,,,,24,,,,,,,,,,,,,,,2,,,,,,0,,,0,,,,,,,,,
1567,,28,,,,,,,,1,0,,,,,10,,,,,18,4,,,,,,,,7,,,,,,,,,,,,,,,,,,,61,,,,,,,,,,,,,,,,,,,,,,,,,,,6,13,,,,,,,,,,,,,,0,19,5,,,,,5,,
1568,,,,,,,,,,,,,0,,,,,,,,,,,,,,,,,,,,,44,,,,,,,,,,,,,,,55,,6,,,0,,,,,,,,6,,,,,28,,,,,,,10,,,,,,,,,,,,,,,,,,,,,,,,,,
1569,,31,,,,,,,,,,,,,,,,,,,20,15,,,,,,22,,,,,,31,,0,,18,17,,,,1,,,,,,30,,,,,,,,,,,,,,,,,,38,,1,3,,,,,,12,,,,,,,,,,,,,,,,,,,,,,,,
1570,,26,,,1,,,,,,,,,,,,,,,,6,13,,,1,,2,,,,,,,34,,,,,,5,,,,,,,,,,,,,,,4,,,,,,,,,,,,,0,,,7,,,,,,,,0,,,,,,,,,,,,,,,,,,,,,
1571,,0,,,,,,,,,,,,,,,,,,,7,2,,,,,,0,,,,,,11,,,,,,,,,,,,,,0,,,,,,,,,,,,,,,,,,,,,,,,,,,,,,,,,,,,,,,,,,,,,,,,,,,,
1572,,0,,,,,,,,,,,,,,,,,,,1,13,,,,,,,,,,2,,35,,,,,,,,,,,,,,,,,,,,,,,,,,,,,,,,,,,,,,,,,,,,,,,,,,,,,,,0,,,,,,,,2,,,
1573,,49,,,,,,,,,,,,,,,,,,,35,,,,,,,,,,,,,,,,,28,,,,,,0,,,,,39,,,,,,,,,,,,,,,,,,40,,,,,,,,,,,16,,,,,,,,,,,,,,,,,,,,,,
1574,,36,,,,,35,,,,,,,,,,,,,,23,5,,,,,,21,,,,,,43,,,,20,,,4,,,2,,,,,25,,,,,,,,,,,,,1,,,,,14,,,0,,,,,,,,,,,,,,,,,,,,,,,,,,,,,,2
1575,,41,,,,,,,,,,,,,,,,,,,15,10,1,,,2,2,29,1,,,,,0,,,,18,,,,,,,,8,,26,36,,,,,,,,,,,,,,,,,,12,,,,,,,,,,,,,3,,,,,,,0,,,,,,,,,,,,,
1576,,2,,,,,,,,1,,,,,,,,,,,41,,,,,,,,,,,,,,,,,28,,,,,,,,,,,51,3,,,,,,,,,,,,,,,,,39,,,,,,,,,,0,0,,,,,,,,,,,,,,,,,,,,,,
1577,20,,,,,,,,,,,,,,,,,,,0,,,,,,0,,,,,,22,0,,,,,,,,,,,,,,,,,,,,,,,,,,,,,,,,,,,,,,,2,,,,,,,,,,,,,,,,,,,,,,,,,1,,,
1578,,1,,,,,,,,,,,,,,,,,,,40,,,,,,,,,,,,,,,,,26,,,,,,,,,,,45,,,,,,,,,,,,,,0,,,,44,,,,,,,,,,,2,,,0,4,,,,,,,,,,,,,,,,,,
1579,,33,,,,,,,,,2,,,,,3,,,,,18,16,,,,,0,,,,,,,33,,,,1,,,,,1,,,,,,0,,,,,,2,,,,,,,,,,,,,,,,,,,0,,6,18,11,,,,,,,,,,,,,,,,,,,,,,
1580,,26,,,,,,,,,,,,,,,,,,,5,7,,3,,,,,,,,,,39,,,,,,,,,,,,,,,,,,,,,,,,,,,,,,,,,,,,,,,,,,,,,,,,,,,,,,,0,,,,,,,,,,,
1581,,28,,,,,,,,,,,,,,,,,,,11,19,,,,,,,,,,,,19,,,,1,,,,,,,,5,,0,52,,,,,,2,,,,,,,,,,,,28,,,,,,,,,,,,,,,,,,,,,,,,,,,,0,,,,,
1582,,48,,,,,,,,,,,,,,,,,,,41,,,,,,,,,,,,,,,,,19,,,,,,,,,,,40,,,,,,,,,,,5,,,,,,,33,,,,,,,,,,,22,,,,,,0,,,,,,,,,,,,,,,,
1583,,51,,,,,,,,,,,,,,,,,,,41,,,,,,,,3,,,,,,,,,21,,,,,,,,,,,49,,,,,,,,,,,,,,,,,,42,,,,,,,,,,,2,0,,,,,,,,,,,0,,,,,,,,,,
1584,,13,,5,,,,,,,,,,,,,,,,,8,14,,0,,,,,,,,,,36,,,,,,4,,,,,,,,,,,,,,,,,,,,,,,,,,,,,,,,,,,,,,,,0,,,0,,,,2,,,,,,,,,1,,,,
1585,,27,,,,,,,,,,,,,,,,,,,15,15,,,,,,,,,,,,41,,,,,,,,,,,,,,,26,,,3,,,,,,,,,,,,,2,,0,,,,,,0,,,,,,,,,,,,,,,,,,,,,,,,,,,
1586,,0,,,,,,,,,,,,,,,,,,,,,,,,,,,,,,,,19,,,,1,,,,,,,,7,,,53,,,,,2,2,,,,,,,,,,,,42,,,,,1,,,,2,,,,,,,,,,,,,,,,,,,,,,,,
1587,,50,,0,,,,,,,,,,,1,,,,,,39,,,,,,,,,,,,,,,,,28,,,,,,,,,,,52,,,,,,1,,,,,,,,,,,,40,,,,,,,,,,,16,,,,,,,,,,,,,,,,,,,,,,
1588,,0,,,,,,,,,,,,,,0,,,,,18,21,,,,,,,,12,,,,,,,,,,,,0,,,,,,,57,,,,,,,0,1,,,,,,,,,,,,,,,,,,,8,16,2,,,0,,,,,,,,,,,,2,,,,,10,,
1589,,25,,,,,,,,,,,,,,,,,,,9,2,,,,,,,7,,,,,34,,,0,,,,,,,,1,,,,,,,,,,,,,,,,,,,,,,,,,,,,,,,,,,,,,,,,,,,4,,,,,,,,,,,,
1590,,14,,,,,,,,1,,,1,,,,,,,,11,8,,,,,,,,,,,,36,,,,,,,,,,,,,,,,,,4,,,,,,,,,,,,,,0,,,,,,,,1,,,,,,,,,,,,,,,,,,,,,,,,,,
1591,,43,,,,,,,,,,,,,,,,,,,41,,,,,,,,,,,,,,,,,27,,,,,,,,,,,49,,,,,,,,,,,,,,,,,,42,,,,,,,,,11,,19,,,,,,0,,,,,,,,,,,,,,,,
1592,,50,,,,,,,,,,,,,,,,,,,40,,,,,,,,,,,,,,,,,29,,,,,,,,,,,45,,0,,,,,,,,,,,,,,,,42,,,,,,,,,,,17,,,,,,,,,,,,,,,,,,,,,,
1593,,34,,,,,,,,,,,,,,11,,,,,20,21,,,,,,,,,,,,,,0,,,,,,,,,,,,,2,,,,,,,,,,,,,,,,,,,,,16,,,,,,7,3,1,,,,,,,,,,,,,,,6,,,,,6,,
1594,,26,,,,0,,,,,,,,,,,,,,,10,16,,,,,,,,,,,,36,,,,2,,,,,,,,,,,,,,,,1,,,,,,1,,,,,,,28,,,,,,,,,,,,,,,0,2,,,,,,1,,,,,,,,,,1,
1595,,14,,,,,,,,,,1,,1,,,,,,,41,,,,,,,,,,,,,,,,,10,,,,,,,,,,,43,,,,,,,,,,,,0,,,,,,19,,1,,,,,,,,,20,,,,,,,,,,,,,,,,,,,,,,
1596,,50,,,,,,,,,,,,,,,,,,,35,,,,,,,0,,,,,3,,,,,1,,,,,,,,,,,50,,,,,,,,,,0,,,,,,7,,40,,,,,2,,,,,,8,,,,,,1,,,2,,,,,,,,,,,,,
1597,,24,,,,,,,,,,,1,,,,,,,,8,14,,,,,,,,,,,,30,,,,,,,,,,,,,,,,,,,,,,,,0,,,,,,,,,,,,,,,,,,,,,,,,,,,,,,0,,,,,4,,,,,,,
1598,,23,,,,,,,,,1,,,,,,,,,,9,0,,,,,,,,,,,,31,,,,,,,,,,,,,,,,,,,,,,,,,,,,,,,,,,,,,,,,,,,,,,,,,,0,,,,,,,,,,,,,,,,
1599,,29,,,,,47,,,,,,,,,,,,,2,13,19,,,,,,32,,,,,,38,,,,20,,,,,,,,12,,25,30,1,,,,,,,,,,,,,,,,,29,,,,,,,,,,,,6,,0,,,,,1,,,,,,,,,,,,,0,
1600,,24,,1,,,,,,,,,,,,,,,,,0,15,,,,,,,,,,,,20,,,,,,,,,,,,,,1,,,,,,,,,,,,,,,,0,,,31,,,,,,,,,,,,,,,,,,,,,,0,,,,,,,,,,,
1601,,,3,,,,,,,,,,,,,,,,,,,,,,,,,,,,,,,47,,,,,,,,,0,,,,,,57,,10,,,3,,,,,,,,5,,,,,35,,,,,,,9,,,,,,,,,,,,,,,,,,,0,,,,,,,
1602,,34,,,,,38,,,,,,,,,,,,,,16,3,,,,,,29,,,0,,,43,,,,20,,,12,,,,,,,21,25,,,,,,,,,,,,,,,,,,18,,,,,,,,,,,,,,,,,,,,,,0,,,,,,,,,,,
1603,,25,,,,,,,,,,,,1,,,,,,,9,13,,,,,,,,2,,1,,19,,,,,,,,,,,,,,,,,,,,,,,9,,,,,,,,,,,,,,,,,,,,,,,,,,1,,,,,,,,,,,,,,,,,
1604,,22,,,0,,,,0,,,,,,,,,,,,2,12,,,,,,,,,,,,29,,,,,,,,,,,,,,,25,,,,,,,,,,,,,,,,,,,,,,,,,,,,,,,,,,,,,,,,,,,,,,,,,,,
1605,,0,,,,,,,,,,,,,1,,,,,,3,9,,,1,,,,,,,,,38,,,,,,,,,,,,,,,,,,,,,,,,,,,,,,,,,28,,,,0,,,,,,,,0,,,,,0,3,,3,0,,,,,,,,,,,,
1606,,34,,,,,38,,,,,,,,,,,,,,16,9,,,,,,15,,,,,,1,,,,21,,,12,,0,,,,,22,25,,,,,,,,,,,,,,,,,,14,,,,,,,,,,,,,1,,,,,,,,,,,,,,,,,,,,
1607,,28,,,,,,,,,,,,,,,,,,0,12,19,,,,2,,,,,,,,20,,,,3,,,6,,,,,,,,,,,,,,3,,,,,,,,,,,,33,,,,,,,,,,0,,,,,,,,,,,,0,,3,,,,,,,,0,
1608,,13,,,,,,,1,,,,,,,,,,,,12,14,,,,,,22,,0,,,,38,,,,,0,,,,,,,,,,,,,,,,5,0,,,,,,,,,1,,,,,,,,,,,,,,,,,,,,,,,,,,,,,,,,,,,
1609,,25,,,,,2,,,0,,,,,,,,,,,10,13,,,,,,,,,,,,38,,,,,0,,,,,,,,1,,,,,1,,,,,,,,,,,,,,,,,,,,,,,,,,,,,,,,,,,,,,,,,,,,,,,,0
1610,,23,,,,,,,4,,0,,,,,,,,,,6,12,,,,,,,,,,,,37,,,,,,,,,,,,,,,,,,,,,,,,,,,,,,,,,,,,,,,,,,,2,,,,,,,1,0,,,1,,,,,,,,,,,,
1611,,44,,,,,,,,7,,,,,,,,,,,34,,,,,,,,,,,,2,8,,,0,28,,,,,,,,,,,49,,,,,,,,,,,0,,0,,,6,,42,,,,,,,,,,,17,,,0,,,,,,,,,,,,,,,,,,,
1612,0,20,,,,,,,,,,,,,,,,,,,9,8,,,,,,,,,,,,9,,,,,,1,,,,,,,,,,,,,,,,,,,,,,,,,,,,,,,,,,,,,,,,,,,,,,,,,,,,,,,,,,,,
1613,,26,,,,,4,0,,,,,,,,,,,,,11,13,,,,,,,0,,,,,38,,,,0,,1,1,,,,,,,,,,,,,,,,,,,,,,,,,,,,,,,,,,,,,,,,,,,,,,2,,,,,,,,,,,,,
1614,,24,,,,,,,4,,,,,,,,,,0,,8,13,,,,,,,,,,,,6,,,,,,,,,,,,,,,,,,,,,0,,,,,,,,,,,,,,,,,,,,,,,,,,,,,,,,,,,,,,,,,,,,,
1615,,32,,,,,,,,,,,,,,4,,,,1,15,18,,,,,0,,,6,,,,,,,,,,,,,,,,9,,,59,,,,,,4,,,,,,,,,,,,,,,,,,,,,1,10,3,,,,,,,,,,,,,,,,,,,,9,,
1616,,1,,,,,42,,,,,,,,,,,,,,15,6,0,,,3,,18,,,,,,43,,,,24,,,4,,,,,,,21,7,,,,,,,,,,,,,,,,,,20,0,,,,,,,2,,,,,,,,,,,,0,,,,,,,,,,,,,
1617,20,23,,,0,,,,,,,,,0,,,,,,,10,14,,,,,,,,0,,,,34,,,,,,,,,,,,,,,,,,,,,,,,,,,,,,,,,,,,,0,,,,,,2,0,,,,,,,0,,,,,,,,,,,1,,,,
1618,,25,,0,,,,,,,1,,,,,,,,,,10,13,,,0,,,,,,,,,36,,,,1,,2,,,,,,1,,,,,,,,,,,,,,,,,,,,,,,,,,,,,,,9,,,,,,,,,,,,,1,,,,,,,,,,0
1619,,21,,,,,,,,,,,,,,,,,,,11,9,,,,,,,,,,,,36,,0,,,,,,,,,,,,,,,,,,,,,,0,,,,,,,,,,,,,,,,,,1,,,,,,,,,,,0,,,,,,,,,,,,,
1620,,24,,,,,,,,,,,,,,,,,,,10,1,,,,,,,,,,,,37,,,,,,,0,,,,,,,,,,,,,,,,,,,,,,,,,,17,,,,7,,,,,,,,,,,,,,,,,,,,,,,,,,,,,
1621,1,16,,,,,,,,,,,0,,,,,,,,7,11,,,,,,,2,,,,,38,,,,,,,,,,,,,,,,,,,,,,,,,,,,,,,,1,,,,,,,,,,,,,,,,,,,,,,,,,,,,,,,,,,
1622,,1,1,,,,,,0,,,,,,,,,,,,11,15,,,,,,,,,,,,36,,,,,,1,,1,,,,,,,,,,,,,,,,,,,,,,,,,,,,,,,,,,,,,,,,,,,,,,,,,,,,,,,,,,
1623,,21,,,,,,,,,,0,1,,,,,,,,11,6,,,,,,,2,,,,,24,,,,,,,,,,,,,,,,,,,,,,,10,,,,,,,,,,,,,,,,,,,,,,,,,,,,,,,,,,,,,,,,,,,
1624,,38,,,,,,,,,,0,,,,,,,,,0,21,,,,,,7,,,,,,23,,,,9,,,,,,,,,,,30,,,,,,,,,,0,,,,,,,,25,,,,1,,,,,8,,,,,,2,,,,,0,,,,,,,,,,,,1,
1625,,36,,,,,28,,2,,,,,,,,,,,,15,2,,,,,,17,,,,,,39,,,,0,,,12,,,,,2,,22,25,,,,,,,,,,,,,,,,,,18,,,,,,,,,,,,,,,,,,,,,,,,,,,,0,,,,,
1626,,26,,,,,,,,0,,,,,,,,3,,,11,16,,,,,,3,,12,0,,,31,,,,,,,,,,,,,,,,,,,,,,,,,0,,,,,,,,0,,,,,,1,,,,,,,,,,,,,,,,,,,,,,,,,,,
1627,,31,,,,,,,,,,,,,,,,,,,9,19,,,,,,,,,,,,19,,,,,,,,,,,,5,,,52,0,,,,,2,,,0,,,,,,,,,28,,,,,,,,,,,,,,,,,,,,,,,,,,,,,,,,,
1628,,3,,,,,,,,6,,,,,,,,,,,33,,,,,,,,,,,,,,,,,23,,,,,2,,,,,,51,,,,,,,,,,,,,,4,,,,43,,,,0,,,,,,,13,,,,,,,,,,,,,,,,,,,,,,
1629,,,,,,,,,,,,,,,,,,,,,,,,,,,,,,,,,,44,,,,,,,,,,,,,,,58,,9,,,,,,,,,,,7,,,,0,35,,,,,,,9,,,,,,,,,,,,,,,,,,,,,,,,,,2
1630,,37,,,,,48,,,,,,,,,,,,,,13,7,,,,,,10,,,,,,41,,,,14,,,,,,,,,,,32,,,,,,,,,,,,,,,,,,24,,,,,,,0,,11,,,,,,,,,,,,,,,,,,,,,,,,
1631,3,2,1,,,,32,,,,0,,,,,,,,,,23,9,,,,,,28,,,3,,,44,,,,24,,,10,,,,,,,19,8,,,,,,2,,,,,,,,,,,,16,,,,,,,,,,,,,,,,,,,,6,,,,,,,,,,,,,
1632,,23,,,,,,,,5,,,,,,,,,,,12,14,,,,,,,,,,,,23,,,,,,1,,,,,,,,,,,,,,0,,,,,,,,,,,,,,,,,,,,,,,,,,,,,,,,,,,,,,,,,,,,,,
1633,,37,,,,,,0,,,,,,,,,,,,,15,22,0,,,,,16,,,,,,39,,,,16,,,,,,,,,,,32,,,,,,,,,,,,,,,,,,25,,,,,,,,,9,,,,,,,,,,,,,,,,,,,,,,,,
1634,,35,,,,,0,,,,,,,,,,,,,,14,19,,,,,,11,,,,,,4,,,,17,,,,,,,,,,,35,,,,,,,,0,,,,,,,,,,26,,,,,,,,,10,,,,0,,,,,,,,,,,,,,,,,,,,
1635,,29,,,,,,,,,,,,,,,,,,,40,,,,,,,,,,,0,,,,,,24,,,,,,,,,,,52,,,,,,,0,,,,,,,,,,,41,,,2,,,,,,,,14,,,,,,,,,,,,,,,,,,,,,,
1636,,46,,,,,,,,5,,,1,,,,,,,,41,,,,,,,,,,,,4,,,,,27,,,,,,,,,,,49,,,,,,,0,,,,,,,,,,,40,,,1,,,,,,,,14,,,,,,,,,,,,,0,,,,,,1,,,
1637,,21,,,,,,,0,,,,,,,,,,,,9,14,,,,,0,,,,,,,19,,,,,,,0,0,,,,,,,,,,,,,,,,2,,,,,,,,,,,,,1,,,,,0,,,,,,,,,,,,,,,,,,,,,,0,,
1638,,49,,,,,,,,,,,,,,,,,,,24,,,,,,,,,,,,,,,,,30,,,,,2,,,,,,41,,,,,,,,,,,,,,,,,,36,,,,,,,,,,8,18,,,,,,,,,,,,,,,,,,,,,,
1639,,0,,0,,,,0,,,,,,,,0,,,,,10,14,0,,,,0,0,,,,,,2,0,,,,,,,,,,,,,,,,,,,,,,,,,,,,,,,,,,0,,,,,,,,,0,,,,,,,,,,,,,0,,,,,0,,,,
1640,,32,2,,,,,,,,,,,,,,4,,,,1,22,,,,,,12,,,,,,20,,,,0,,,,,,,,,0,,36,,,,,,4,,,,,,,,1,,,,26,,,,,,,,,10,,,,,,,,,,,4,,,2,,,,,,,,,,1
1641,,32,,,,,,,,3,,,,,1,12,,,,,11,15,,,,,10,,,1,,,,36,,,0,,,,,,,,,,,,6,,,,,,,,0,,,,,,,,,,,,,,,,,,,6,,,,,,,,,,,,,,,2,,,,,,,,,1
1642,,25,,,,,,,,,0,,,,22,,,2,,,,21,,29,,5,,,,,,0,,,,,,,,,,,,,,,,,53,,,,,31,,0,,,,,,,,1,,1,,,,,,,,3,,0,,,,,1,,22,,,,,,,,19,,,,,,,,,
1643,,26,,,,,3,,,,,,,,,,,,,,10,12,,,,,,,,,,,1,9,,,,,,,,,,,,,2,,,,,,,,,,,,,,,,,,,,,,,,,,,,,,,,,,0,,,,0,,,,,,,,,,,,,,,
1644,,25,,,,,,,,,,,,,,,,,,,8,14,,4,,,,,,,1,,,35,,,,2,,,,,,,,,,,,,,,,,,,,,,,,,,,,,,0,,,,,,,,,,,,,,,,,,,,,,,,,,,,,,,,
1645,,34,,1,,,30,,,,,,,,,,,,,,13,8,,,,,,19,,,,,,41,,6,,20,,,11,,,1,,,,21,2,,0,,,,,,,,,,,,,,,,16,,,,,,,,,,,,,,,,,,,,,,,,,,,,,,,,,
1646,,25,,,,,,,,0,,,,,,,,,,,21,9,,,,,,,,,,,,38,,,,,,,,,,,,,,,6,,,,,,3,,,,,,,,,,,,,,,,,,,,,,,,,,,,,,,,,,,,,1,,,,,,2,,
1647,,52,,,,,,,,,,,,,2,,,,,,39,,,,,,,,,,,,,,,,,27,,,,,,,,0,,,40,0,,,,,,,,,,,,,,,,,42,,,,,,,,,,,21,,,,,,,,,6,,,0,,,1,,,,,,,
1648,,,,,,,,,,,,3,,,,,,,,,,,,,,,,,,,,,,45,,,,,,,,,,,,,,,54,,10,,,,,,,,,,,3,,,,,36,,,,,,,2,,,,0,,,,,,,,,,,,,,,,,,,,,,
1649,,41,,,,,,,,,,,,,,,,,,,41,,,,,,0,,,,,,,,,0,,27,,,,,,,,9,,,41,,,,,,2,,,,0,,,,,,,,33,,,,,,,,,,0,24,,,,1,,1,,,,,,,,,,,,,,,,
1650,,37,,,,,,,,,,,,1,,,,,,,10,23,,,,,,,,,,,,39,,,,17,16,,,,,,,,,36,,,,,,,,,,,,,,,,,,1,26,,,,,,,,,4,,,,,,,,,,,,,,,,,,,1,,,,,
1651,,22,,,,,,,,0,,,,,,,,,,,10,14,,,,,,5,,,,,,36,,,,,,,,,,,,7,,,,,,,,,2,,,,,,,,,,,,33,,,,0,,,,,,0,,,,,,,,,,1,,,,,,,,,,,0,,
1652,,22,,,,,,,,,,,2,,,,,,,,7,12,,,,,,,,,,,,22,,,,,,,,,,,,,,,,,,,,0,,,,,,,,,,,,,,,,,,,,,,,,,,,,,,,,,,,,,,,,,,,,,,
1653,,22,,,,,,,,,,,2,,,,,,,,6,13,,,,,,,,,,,,34,,,,,,,,,,,,,,,,,,,,,,,,,,,0,,,,,,,,0,,,,3,,,,,2,,,,,1,,,,,,,,,,,,,,,,,
1654,,33,,,,,,,,,,,,,,,,,,,23,11,,,,,,17,,,,,,20,,,,2,,,,,,,,,,20,33,,,,,,2,,,,,,,4,,,,,21,,,,,,,,,,,,,,,,3,,,,,,,,,,,,,,,,,0
1655,,51,,,,,,,,9,,,,,0,,,,,,38,,,,,,,,,,,,,,,,,2,,,,,,,,,,,45,,,,,,,,,,,,,,,,,,41,,,,,,,,,,,17,,,,,,,,,,,,,,,,,,,,,,
1656,,33,,,,,,,,,,,,1,,9,,,1,,,23,,30,,,7,,,,,,,43,,,,,,1,,,,,,,,,61,,,,,28,,,,,,,,,,,,18,,,,,,,,,,,,,,,,,,,,,,,,,3,,,,,,,2,,
1657,,,,,,,44,,,,,,,,,,,,,,20,16,,,,,,,,,4,,,19,,,,23,,,,,,,,5,,0,29,,,,,,,,,,,,,,,,,,23,,,,,,,,,,,,,,,,,,,,,,,3,,,,,,,,,,
1658,,25,,,,,49,,,,,,,,,,,,,,14,15,0,,,,,,,0,,,,37,,,,27,,,18,,,,,,,1,1,,,,,,,,,,,,,,,,,,14,,,,,,,,,,,26,,,,,,,,,,,,,,,,,,,,,,
1659,,18,,2,,,,,,,,,,,,,,,,,8,10,,2,0,,,,,,,,1,2,,,,,,,,,,,,,,,,,,,,,0,,,,,,,,,,,,,,,,,,,,,,,,,,,,,,,,,,,,,,,,,,,,,
1660,,34,0,,,,36,,0,,,,,,,,,,,,22,4,,,,,,20,,,,,,38,,,,24,,,13,0,,,,,,21,26,,,,,,,,,,,,,,,,,,17,,,,,,,,,,,31,,,,,,,,,,,,,,,,,,,,,,
1661,0,50,,,,,,,,,,,,0,,,,,,,40,,,,,,,,1,,,,7,,,,,28,,,,1,,,,,,,39,0,,,,,,,,,,,,,,,,,35,,,,,,,,,,,17,,,,,,,,,,,,,,,,,,,,,,
1662,,1,,,,,,,,,,,,,,,,,,,11,4,,,,,,,,,,,,10,,,1,,,0,,,,,,,,,,,,,,,,,,,,,,,,,,,,,,,,,,,,,,,4,,,,,,,,,,,,,,,,,,,,,
1663,,24,,,,,,,,,,,,,,,,,,,10,8,,,,,,,,,,,,35,,,,,,,,,,,,,,,,,,,1,,,,,,,,,2,,1,,,,,,,,,0,,,,,1,,,,,,,,,,,,,,1,,,,,,,,
1664,,28,,,,,,,,,,,,,,,,,,1,16,23,,,,0,,,,,,,,19,,,,2,,,,,,,,,,,,,,,,,4,,,,,,,,,,,,31,,,,,,,,,9,1,,,,,,,,,,,,,0,,,,2,,,,,,
1665,,27,,,,,3,,,,,,3,,,,,,,,4,13,,,,,,,,,,,,37,,,,,,,,,,,,,,,,,,,,,,,3,,,,,,,,,,,,,,6,,,,,,,,,,,,,,,,,,,,,,,,,,,,,
1666,,35,,5,,,,0,,,,,1,,,,,,1,,10,20,,0,,,8,0,,,,,,43,,,,,,,,,,,,,,,,,,,,31,3,,,,,,,,,,,9,,,,0,,,6,,16,,,,,19,,,,,,,,,,,,,,,,,,,,
1667,,34,,,,,,,,,,,,,,,,,,,19,21,,,,,,8,,,,,,26,,,,18,,,,,,,,,,,36,,,,,,,,,,,,,,,,,,26,,,,4,,,,,14,,,,,,2,,,,1,1,,,,,,,,,,,,,
1668,,24,,,,,4,,,,,,,,,,,,,,10,14,,,,,,,,,0,,,38,,,,,,,,,,0,,,,,,,,,,,,,,,,0,,,,,,,,,,,11,,,,,,,,,,,0,,,,,,,,,,,,,,,,,,
1669,,16,,,3,,,,,,,,,,,,,,,,8,7,,,,,,,,,,,,33,,,,,,,,,,,,,,,,,,,,,,,,,,,,,,,,,,,,,,,,,,,,,,,,,,,,,4,,,,,,,,,,,,,
1670,,25,,,,,,,,,,,,,,5,,,,,12,13,,,,,,,,,,,,23,,1,,,2,,,,,,,,,,52,,,,,,,,,,0,,,,,,,,,,,,,3,,,,,,,,,,,24,,,,,,,,,,,,,,,,,
1671,,33,,,,,41,,,,,,,,,,,,,,17,5,,,,,,32,,,,,,42,,,,23,,,12,,,,,2,,22,23,,,0,,,,,,,1,,,,,,,,19,,,,,,,,,,,,,,,,,,,,,,,,,,,,,,,,,
1672,,35,,,,,,,,,,,,,,,,,,,18,22,,,,,,7,,,,,,21,,,,10,,,,,,,,,,,35,,,,,,,2,,,,,,,,,,,28,,,,1,,,,,14,,,,,,1,,,,1,,,,,,,,,,,,,,
1673,,31,,,,,35,,,,,,,,,,,,,,26,8,,,,,,32,,,,,,43,,,,23,,,10,,,,,,,20,19,,,,,,,,,,,,,,,,,,20,,,,,,,,,,,28,,,0,,,,,,3,,,,,,,,1,,,,,
1674,,26,,,,,,,,,,,,,,,,,,,14,17,2,,,,,1,0,,,,,34,,,,,,1,,,,,,,,,,,,,,32,9,,9,,,,,,,,,,,2,,,,0,4,,,,,,,,0,,,,,,,,,,,,,,,,,,,
1675,,26,,,,,,,,,,,,,,,,,,,10,2,,,,,,,,,,,,34,,,,,,,,,,,,,,,,,,1,,,,,,,,,,,,,,,16,,,,,,,,,,,,,,,,,,,,,,,,,,,,,,,,,
1676,,28,,,,,,,,,,0,,,,6,,,,,20,20,,,,,,,,11,,,,,,,,,,,,,,,,,,,58,,,,,,,,,,,,,,,,,,,,,,,,,,,7,5,8,,,0,,,,2,,,,,,,3,3,,,,,9,,
1677,,33,,,,,29,,,,,,,,,,,,,,11,7,,,,,,27,,,,,,43,,,,19,,,1,,,,,,,20,21,,,,,,,,0,,,,,,,,,,19,,,,0,,,,,,,,,,,,,,,,,,,,,,,,,,,,,
1678,,19,,,,,,,,,,,0,,,1,,,,,13,17,,,,,,,,,,,,22,,,,,,,,,,,,,,,6,,,,,,,,,3,,,,,,,,,,,,,,4,,,,,,,,,,,24,,,,,5,,,,,,,,,,12,,
1679,,31,,,,,37,,,,,,,,,,,,,,23,4,,,,,,24,,,0,,,44,,,,20,,,2,,,,,,,22,20,,,,,,,,17,,,,,,,,,,19,,,,,,,,,,,,,,,,,,,,,,,,,,,,,,,,,3
1680,,50,,,,,,,,,1,,,,,,,,,,40,,,,,,,,,,,1,,,,,,27,,,,,,,,,,,50,,,,,,,,,,,,,,,,,,36,,,,,,0,,,,,16,,,,,,,,,,,,,,,,,,,,,,
1681,,37,1,,,,,,,,,,,,,,,,,,16,16,,,,,,6,,1,,,,25,,,,9,,,,,,,,,,,0,,,,,,,,,,,,,,,,,,28,,,,6,,,,,11,,,2,,,,,,,,,,,,,,,,,,,,,
1682,,0,,,,,,,,,,,,,,,,,,,0,,,,,,,,,,,,,,,,,27,,,,,,,0,,,,45,,,,,,,,,,,,,,,,,,28,,,,,,,,,,,16,,,,,,2,,,,,,,,,,,,,,,,
1683,,26,,,,,,,,,,,,,,,,,,,10,12,,,,,,,,,,,,3,,,,,,,,,,,,,,,,,,,,0,,,,,,,,,,,,,,,,,,,,,,,,,,,,,,,,,,,,,,,,,,,,,,
1684,,32,,,,,,,,,,,,,20,,,,,,,,,27,,,,,,,,,,,,,,,,,,,,,,,,,,,,,,27,,,,,,,,,,,,1,,,,,,,,,,,,,,,,,1,4,,,,,,,11,,,,,,,,,
1685,,1,,,,,,,,,,,,,,,,,,,3,12,,,,0,0,,,,,,,32,,,,,,,,,,,,,,,,,,,,,,,,,0,0,,0,,,,,,,,,,,,,,,,,,,,,,,,,,,,,,,,,0,,,,,
1686,,40,,,,,,,,,,,,,,,,,,,19,24,,,,,,16,,,,,,2,,,,15,,,,4,,,,,,,32,,,,,,,,,,,,,,,,,,25,,,,,,,1,,11,9,,,,,,,,,,,,,,,,,,,,,,,
1687,,33,,,,,,,,,,,,,,4,,,,,19,22,,,,,3,,,4,,,,,,,,,,1,,,,,,,,2,59,,,,,,,,,,,,,,,,,,,,,,,,,,,4,7,3,,,,,,,,,,,,,,0,,,,,,0,,
1688,,31,,,,,,,,,,,,,,,,,,,4,12,,,,,,,,,,,,37,,,,,,,,,,,,,,,,,,,,,,,,,,,,,,,,,,,,,,,,,,,8,,,,,,,,,,,,,,,,,,,,,,,
1689,,24,,,,,5,,2,,,,,,,,,,,,6,13,,,,,,,,,,0,,2,,0,,,,,,,,,,8,,,,2,,,,,,,,,,,,,,,,,,,,,,,,,0,,,,,,,,,,,,,,,,,0,,,,,,,,
1690,,37,,,,,43,,,,,,,,0,,,,,,1,19,,,,,,,,,,,,19,,,,1,0,,,,,,,5,,,32,,,,,,2,,,,,,,,,,,,28,,,,,,,11,,0,,,,,,,,,,,,,,,,6,,,,,,,,
1691,,0,,,,,,,,,,,,,,,,,,,39,,,,,,,1,,,,,,,,,,4,,,,,,,,,,,50,,,,,,,,,,,,,,,,,,40,,,,,0,,,,,,13,,,,,,,,,,,,,,,,,,,,,,
1692,,31,,,,,41,,,,,,,,,,,,,,17,8,,,5,2,,13,,,,,,40,,,,23,,,2,,,,,,,11,19,,,,,,,,,,,,,,,,0,,15,,,,,,,,1,,,,,,,,,,1,,,,,,,,,,,,,,,
1693,,30,,,,,,,,,,,,,,,,,,,11,20,,,,,,16,,,,,,19,,,,1,,,,,,,,,,,1,,,,,,2,,,,,,,,,3,,,28,,,,0,,,,,,,,,,,,,,,,,,,,,,,,,,,,,
1694,0,31,,,,,32,,,,,,,0,,,,,,,21,11,1,,,,,27,,,,,,42,,,,27,,,,,,,,,,20,17,,,,0,,,,,,,,,,,,,,21,,,,,,,,,,,,,,,,,,,,1,,,,,,,,,2,,,,
1695,,32,,0,,,32,,1,,,,,,,,,,,0,18,3,,,,,,27,,,,,,40,,,,24,,,4,,,,,,,23,25,,,,,,,,,,,,,,,,,,19,,,,,,,,,,,,,,,,,,,,,,,,,,,,,,,,,
1696,,28,,,,,,,,,,,,,,,,,,1,11,19,,,,,,21,,,3,,,37,,,,7,,,,,,,,13,,,24,,,,,,,,,,,,,,,,,,29,,,,0,,,,4,,,,,,,,,,,0,,,,,,,,,,,,,,
1697,,34,,,,,,,,,,,,,,,,,,,11,20,,,,,,7,,,,23,,35,,,,,,,,,,,,,,,52,,,,2,,,,,,,0,,,,,,,,,,,,,,,,7,14,,,,,,,,,,,,,,,19,,,,,,,,
1698,,31,,,,,,,,,,,,,,,,,,,15,22,,,4,,,,,7,,,,,,,,,,,,,,,,,,,56,,,,,,3,,,,,,,,,,,,,,,,,,,,,6,14,7,,,,,,,,,,,,,,,3,,,,,9,,
1699,,36,0,,,,,,,,,,,,,,,,,,11,,,,,,,7,,,,,,37,,,,4,,,,,,,,,,24,34,,,,,,,,,,,,,,,,,,27,,,,,,,,,11,,,,,,,,,,,,,,,,,,,,,,,,
1700,,26,,,,,,,,,,,,,,,0,,,,9,13,,,,,,33,0,,,,,23,,,,,,,,,,,,,,,,,,,,,,,,,,,,,,,,,,,,,,,,,,,,,0,,,,,2,,,0,,,,,,4,,,,,,,
1701,,2,,7,,,,2,,3,,,,,,,,,,,13,4,,,,,5,,,1,0,,,19,,,,,,,,,,,,,,,52,,,,,,,,,,,,,,,0,,27,,,,,,,,,,,0,,,,,,,0,0,,,,,,,,,,,,3,,,
1702,,28,,,,,,,,,,,,,0,8,,,1,,13,16,,,,,,1,,10,,,,35,,,,,,0,,,,,,,,,,,,,,,,,,1,,,,,,,,,,,,,,,,,,,,,,,,,,,,,,,,,,,,,,,,,,
1703,,38,,,,,,,,,,,,,,,,,,,21,20,,,,,,3,,,,,,22,,,,12,1,,,5,,,,,,,33,,,,,,,,,,,,,,,,,,21,,,,,,,,,4,0,,,,,,,,,,2,,,0,,,,,,,,,,
1704,,43,,,,,,,,,,,,,,,,,,,33,19,,,,,,,,,,,,,4,,,12,,,,,,,,,,,38,,,,,,,,,2,,,,,,,,,32,,,,,,,,,,8,23,,,,,,,,,,,,,,,,,,,,,,
1705,,29,,,,,,,,,,,,,,3,,,,,20,22,,,,0,,,,12,,,,,,,,,,,,,,,,,,,57,,,1,,,,,,,,,,,,,,,,,,,,,,,,5,5,,,,,,,,3,,,,,,,,1,,,,,2,,
1706,,44,,,,,2,,,,,,0,,,,,,,,39,,,,,,,,,,,,,,,,,13,,,,0,,,,,,,36,,,0,,,,,,,,,,,,,,,28,,,,,,,,,,5,20,,,,2,,,,,,,,,,,,,,,,,,
1707,,18,,,,,,,,,,,,,,,,,,,7,9,,,,,,,,,,,,34,,,,,,3,,,,,,,,,,,,,,,,,,,,,,,,,,,,,,,3,,,,,,,,,,,,,,,,,,,,,,,,,,,,,
1708,,34,,,,,,,,0,,,,,,9,,,,,12,20,,,,,,,,,,,,19,,,,1,,,,,,,,,,,53,,,,,,4,,,,,,,,,,,,,,,18,,,,,,5,4,2,,,,,,,,,,,,,,,,,,,,10,,
1709,,34,,,,,,,,,,,,,,,,,,0,22,17,,,,,,6,,,,,,5,,,,16,,,,,,,,,,0,34,,,,,,2,,,,,,,,,,,,23,,,,,,,,,0,,,,,,,,,,,,,,,,,,,,3,,,,
1710,,25,,,,,,,,,,,,,,,,,,,5,13,,,,,,,,,,,,38,,,,,1,,,,,,,,,,,,,,,,,,,,,,,,,,,,,,,,,,,,,,,,,,,,,,,,6,,,,,,,,,2,,,,
1711,1,,,,,,,,,,,,,,1,,,,,,2,15,,,,1,,,,,3,,,19,,,,28,,,,,,,,,,,,,,,0,,,,,,,,,,,,,,28,,,,,,,,,,,,,,,,,,,,,,,,,,,,,,,,,
1712,,25,,,,,4,,,,,,,,,,,,,,7,12,,,,,,,,,3,,,38,,,,,,,,,,,,,,,0,,,,,,,,,,,,,,,,,,,,,,,,,,,,3,,,,,,,,,,5,,,0,,,,,,,,,,
1713,,29,0,,,,,,,,,1,,,,7,,,,,21,7,,,,,,12,,,,,,,,,,1,,,,,,,,5,1,,32,,,,,,,,,,,,,,,,,,28,,,,,,,,,11,6,,,,1,,,0,3,,,,0,,,,,,,,,10,,
1714,0,24,,,,,,,,,,,,,,,,,,,11,13,,,,,,,,,,,4,39,,,,,,,,,,,0,,,,,,,,,,,,,,,,,,,,,,,,,,,,,,,,,,,,,,,,,,1,,,,,,,,,0,,,,
1715,,50,,,,,,,,7,,,,,,,,,,,39,,,,,,,,,,,,,,,,,26,,,,,,,,,,,52,6,,,,,,,,,,,,,,,,,44,,,,,,,,,,,1,,,,,,,,,,,,,,,,,,,,,,
1716,,50,,,,,,,,,,,,,,,,,,,38,,,,,,,0,,,,,,,,,,27,,,,,0,,,,,0,51,,,,,,1,0,,,,,,,,,,,41,,,,,,,,,,,13,,,,,,,,,5,,,,,,,,,,,,,
1717,,17,,,,,,,,1,,,,,,,,,,,9,12,,,,,,,,,,,,33,,,,,,,,,,,,0,,,,,,,0,,,,,,,,,,,,,,,,,0,,,,,,,,,,,,,,,,,,,,,,,,,,,,,,
1718,19,29,,,,,,,,,,,,,,,,,,,12,14,,,,,,,,,,22,24,,1,,,,,,,,,,,,,,,,,0,,,,,,,,,,,,,,,,,,,,,,,,,,,,,,,,,,,,,,0,,,,,,,,,,
1719,,30,,,,,,,,,,,,,,9,,,,,1,18,,,,0,,,,,,,,,,,,,,,,,,,,8,,,59,,,,,,,,,,,,,,,,,,0,,,,,,,,,7,13,9,,,,,,,,,,,,,,,3,,,,,10,,
1720,,50,,,,,,,,,,,,,,,,,,,13,25,,,,,,,,,,,,,,,,22,,,,,,,,,,,52,,,,,,,,,,,,,,,,,,35,,,,,,,,,,,1,,,,,,,,,,,,,,0,,,,,,,,
1721,,22,0,,,,,,,,,,,,,,0,,,,9,13,,,,,,,,,,2,,35,,,0,,,,,,,,,,,,,,,,,,,,,,,,,,0,,,,0,,,,,,,,,,,,,,,,,,,,,,,,,,3,,,,,,,
1722,,26,,,,,,,,,,,,,,2,,,0,,9,13,,,,,,,,,,,,38,,,,,,,,,,,,,,,,,,,,,,,,,,,,,,,,,,,,,,,,,,,,,,,,,,,,,4,,,,,,,,,,,,,
1723,,23,,,1,,,,,,,,,,,,,,,,10,13,,,,,,,,,,,,37,,,,,,,,,,,,,,,,,,,,,,,,,,,,,,,,,,,,,1,,,,,,,,,,,,,,,,,,,,,,,,,,,,,
1724,,23,,,,,42,,3,,,,,0,,,,,,,10,15,,,,,,,,,0,,,19,,,,,,,,,,,,,,,,,,,,,,,,3,,,,,,,,,,,,,,,,,,,,,,,,,,,,,,,,,,,,,,,,,,
1725,,37,,,,,,,,0,,,,,,,,,,,22,23,,,,,,11,,,,,,23,,,,14,,,,,,,,,,,37,,,,,,,,,,,,,,,,,,28,,,,,,,,,10,,,,,,,,,,1,,,,,,,,,,,,,,
1726,,35,,,,,,,,,,,,1,,11,,,,,,16,,31,,,8,,,,,,,21,,,,,,,,,,,,,,,5,,,,,20,,,,4,,,,,,,,19,,,,,,1,,,,,,0,,29,,,18,,,,,,,,18,,,,,,,,,
1727,,40,,,,,,,,12,,,,,,,,,,,12,22,,,,,,7,,0,,,,39,,,,19,,,,,,,,,,,27,,,,,,,,,,,,,,,,,,27,,,1,,,,,,4,,,,,,,,,,,,,,,,,,,0,,,,,
1728,,51,,,,,,,,1,0,,,,,,,,,,39,,,,,,,,,,,,,,0,,,28,,,,,,,,,,,44,1,,,1,,,,,,,,,,,,0,,35,,,,,,,,,,,10,,,,,,,,,,,,,,,,,,,,,,
1729,,41,,,,,,,,,,,,,,,,,,,22,,,,,,,,,,,,,,3,,,27,,,,,,,,,,,41,,,,,,,,,,,,,,,,,,31,,1,0,,,,,,,,11,,,,,,,,,,,,,,,,,,,,,,
1730,,27,,,,,,,,,,,,,,,,,,,7,13,,,0,,,,,,,,,35,,,,,,,,,,,,6,,,,,,,,,,,,,,,,,,,,,,,,,,,,,,,1,,1,,,,,,2,,0,,,,,,,,,,,,,
1731,,26,,,,,49,,,,,,,,,,,,,3,13,20,,,0,,,22,,,,,,38,,,,3,,,,,,,,12,,,30,,,,,,,,,,,,,,,,,,30,,,,,,,,,,,,5,,,,,,,2,,,,,,,,,,,,,,
1732,1,40,,,,,,,,,,,,2,,,,,,,40,,,,,,,,,,,,,,,,,29,,,,,,,,,,,41,,,,,,,,,,,,2,,,,,,34,,,,,,0,,,,10,16,,,,,,,,,,,,,,,,,,,,,,
1733,0,0,,,,,,,,,,1,,,,,,,,1,,,,,,,,,,,,,,48,,,,,,,,,3,,,,,,52,,10,,,,,,,,,,,4,,,,,30,,,,,,,4,,,,,,,,,,,,,,,,,,,,,,,,,,
1734,,11,,,,,5,,,,,,,,,,,,,,6,14,,,,,,,,,1,0,,35,,,,,,,,,,,,0,,,,,,,,,0,,,,,,,,,,,,,,,,,,,,,,,,,,,,,,,,,,,,,,,0,,,,,,
1735,,11,,,,,,,,,,,,,,,,,,,9,14,,,,,,,,,,,,40,,,0,,,,,,,1,,,,,,,,,,,,,,,,,,,,,,,,,,,,,0,,,,,,,,,,,,,,2,,,,,,,,,,,,,
1736,,4,,,,,,,,,,,,,,,,,,,7,11,,5,,,,,,,,,,35,,,,,,,,,,,,,,,,,,,,,,,,,,,,,,,,,,,,,,,,,,,,,,,,,,,,,,,,,,,,,,,,,,
1737,,25,,,,,,,,,0,,,,,,,,,,10,15,,,,,,,,,,,0,34,,,,,,,,,,,,,,,,,,,,,,,,,,,,,,,,,,0,,,,,,,,,,,,,,,,,,,2,,,,,,,,,,,,,
1738,,30,0,,,,,,,,,,,,,,,,,,14,20,,,,,,15,,,1,,,19,,,,1,,,,,,,,8,,,16,,,,0,,,,,,,,,,,,,,0,,,,,,,13,,,,,,,,,,,,,,,,,,,,,,,,,,0
1739,,36,,,2,,,,,,,,,,,,,,,,16,19,,,,,,,,,,,,21,,2,,9,,,,,,0,,,,,31,,,,,,3,,,,,,,,,,,,27,,,,6,,,,1,7,,,,,,,2,,,,0,,,,,,,,,,,,,
1740,,2,,,,,34,,,,,,,,1,,,,,,18,9,,,,,,29,,,,,1,43,,,,17,,,15,,,,,,,19,3,,,,,,,,,,1,,,,,,0,,12,,,,,,,,,,,,,0,,,,,,,,,,,,,,,,1,,,,
1741,,14,,,,,,,,,,,,,,,,,,,3,10,,,1,,,,,1,,,,37,,,,,,,,,,,,,,,,,,,,0,,,,,,,,,,,,,,,,,,,,,,,,,,,,,,,,,,,0,,,,,,,,,,,
1742,,48,,,,,,,,,,,,,,,,,,,43,,,,,,,,,,,,,,8,,,29,,0,,0,,,,,,1,30,,,,,,,,,,,,,,,,,,32,,,,,,,,,,7,15,,,,,,,,,,,,,,,,,,,,,,
1743,,36,,,,,36,,,,,,,,,,,,,,15,7,,,,,,26,,,,,,40,,,,24,,,,,,,,0,,21,16,,,,,,,,,,,,,,,,,,17,,,,,,,,0,,,,,,,,,,,,,,,,,,,,,,,,,
1744,,34,,,,,34,,,,,,,,,,,,,,18,8,,,,,,17,,,,,,42,,,,18,,,,,,,,13,,21,22,0,,,,,,,10,,,,,,,,,,18,,,,,,,,,,,,,,,,,,,,3,,,,,,,,,,,,,
1745,,28,,,,,51,,,,,,,,,,,,,,22,19,,,,,,9,,,,,,32,,,,18,4,,,,,,,,,,27,,,,,,1,,,,,,,,,,,,26,,,,,,,,0,12,,,0,,,,,,,,,,,,,,,,,,,,,
1746,,23,,,,,,,,,1,,,,,,,,,,2,14,,1,,,,,,,,,,20,,,,0,,,,,,,,,,,,,,,,,,,,,,,,,,,,,,,,1,,,,,,,3,,,,,,,,,,1,,,,,,,,,2,,1,,
1747,,28,,,,,,,,,,,,,,,,0,,,11,,,,,,,,,,,,,49,,,,1,,,,,,,,,,,57,,9,,,,,,,,,,,6,,,,,35,,,,,,,9,,,,,,,,,,,,,,,,,,,,,,,,,,
1748,,35,,,,,,,0,,,,,,,,,,,,21,21,,,,,,0,,,,,,10,,,,14,0,,,4,,,,0,,,26,,,,,,3,,,,,,,,,,,,2,,,,,,,,,8,,,,,,,,,,,,,,,,,0,,,,,,,
1749,,28,,,,,,,,,,,,,,,1,,,,11,10,,,,,,12,,,,,,8,,,,2,0,,,,,,,,,1,39,,,,,,,,,,,,,,,,,,24,,,,,,,,,12,,,,,,,,,,,,,,,,,,,,,,,,
1750,,24,,,,,,,,,,,0,,,,,,,,10,15,0,,0,,5,,,1,,,,37,,,2,,,,,,,,,,,,,,,,,,,,,,,,,,,,,,,,,,,,,,,,,,,,,,,,,,,,,,,,4,,,,,,,
1751,0,49,,,,,,,,,,,,,,,,3,,,40,,,,,,,,2,,,,,,,,,28,,,,,,,,,2,,31,,,0,,,,,,,,,,,,0,,,37,,,,,,,0,,,9,22,,,,,0,,,,,,,,,,,,,,,,,
1752,,14,,,,,,,,,,,,,,,,,,,9,12,0,,,,0,,,,,,,35,,,,,,,0,,,,,,,,,,,,,,,,11,,,,,,,,,,,,,,,,,,,,,,,,,,,,,,1,,,,,,,,,0,,,,
1753,,25,,,,,,,,,,,,,,,,,,,10,14,,,,,,,,,0,,,37,,,,,,,,,,,,,,,,,,,,,,,,,,,,0,,,,,,,,,,,,,,,,,,,,,,,,,3,,,,,,,,,,,0,,
1754,,21,,,5,,,,,,,,,2,,,,,,,10,13,,,,,,,,,,,,36,,,,,,,,0,,,,,,,,,,,,,,,,,,,,,,,,,,,,,,,,,,,,,,,,,,,,,,,,,,,,,,,,,,
1755,1,1,,,,,,,,,,,,,,,,,,,11,,,,,,,,,,,,,19,,,,29,,,,,,,,,,,50,,,,,,,,,2,,,,,,,6,,28,,,,,,,,,,0,,,,,,,,,,,,,,,,,,,,,1,,
1756,,36,,,,,,,,,,,,,,,,,,,27,19,,,,,,7,,,1,0,,22,,,,12,,,,,,,,0,,,28,,,,,,2,,,,,,,,,,,,24,,,,,,,,,7,,,,,,,,,,,,,,,,9,,,,,,,,
1757,,25,,,,,,,,,,,,,,,,,,,4,12,,,,,,,,,,,,37,,,,,,,,,,,,,,,,,,,,,,,,,,,,4,,,,,,,,,4,,,,,,,,,,,,,,,,,,,,0,,,,,,,,,
1758,,25,,,,,,,,,,,,,20,,,,0,,15,21,,,,,,,,1,,,,32,,,,,,,,,,,,3,,2,,,,,,31,,,,,,0,,,,,,13,,,,0,,,,,15,,,,,,,0,24,,,,,,,,,3,,,,,,,,
1759,,30,,,,,,,,,,,,,,0,10,,0,,12,21,,0,,,,11,,,,,,19,,,,8,,,,,,,,,,,36,,,,,,2,,,,,,,,,,,,0,,,,,,,,,10,,,,,,,,,,,,,,4,,,,,,,,,,
1760,,31,,,,,50,,,,,,,,,,,,,,12,19,,,,,,15,,,,,,19,,,,2,,,,,,,,,,,0,,,,,,3,,,,,,,,,,,,28,,,,,,,,,12,,,,,,,,,,,,,,,,,,,,,,1,,
1761,,25,,6,,,,,,,,,,,,,,,,,7,9,,,,,0,,,,,,,7,,,,,,,,,,,,10,,,,,0,,,,,,,,,,,,,,,,,,,,,,,,0,,,,,,,,,,,,,,,,,,,,,,,,,
1762,,33,,,,,42,,,,,0,,,,,,,,,24,10,,,,,,18,,,,,,19,,,,0,,,9,,,,,,,21,34,,,,,,3,,,,,,,5,,,,,19,,,,,,,,,,,,,,,,4,2,,,,,,,,,,,,,,,,
1763,,31,,,,,31,,,,,,,,,,,,,,19,3,,,,,,26,,,,,,44,,,,24,,,1,,,,1,0,,21,26,,,,,,,,,,0,,,,,,,,16,,,,,,,,,,,,,,,,,,,,,,,,,,,,,,,0,,
1764,,48,,,,,,,,,,,,0,,,1,,,,40,,,,,,,,,,,,,,,,,22,,,,,,,,,,,50,,,,,,,,,,,,,,,,,,41,,,,,,,,,,,11,,,,,,,,,,,,,,,,,,,,,,
1765,,22,,,,,,,,,,,0,,,,,0,,,12,9,,,,,,,,,,,,37,,,,,,,,,,,,,,,,,,,,,,,,,,,,,0,,,,,,,,,,,0,,,,,,,,,,,,,,,,,,,,,,,,,,
1766,,33,,,,,32,,,,,,,2,,,,,,,23,4,,,,,,22,,,,,,42,,,,18,,,4,,,,,,0,23,24,,,,,,,,,,,,,,,,,,19,,,,,,,,,,,,,,0,,,,,,,,,,,,,,,,,,,
1767,,31,,,,,44,,,,,,,,,,,0,,,16,8,,,,,,16,,,,,,19,1,,,2,,,,,,0,,,,19,27,,,,,,,,,,,,,,,,,,0,,,,,,,1,2,,,,,,,,,,,,,,,,,,,,,,,,,
1768,,21,,,,1,,,,,,,,,,,,,,,9,12,,,,,,,,,,,,36,,,,,,,,,,,,,,,,,,,,,0,0,,,,,,,,,,,32,,,,,,,,,,,,,,,,,,,,,,,,,,,,,,,,,
1769,3,23,,,,,,,,,,,,,,,,,,,11,15,,,,0,7,,,,,,,4,,,1,,,,,,,,,,,,,,,,,,,,0,,,,,,,,,,,,,,8,,,,,,,,,,,,,,,,,,,,,,,,,,,,,
1770,,39,,,,,,,,,,,,,,,,,,,23,16,,,,,,4,0,,,,,25,,,0,17,,,,,,,,,,,28,,,,,,,,,,,,,,,,,,27,,,0,0,,,,,2,,,,,,,,,,,,,,,,,,,,,,,,
1771,,7,,,,,,,,,,,,,,,,,,,3,14,,,,,,,,,,,,38,,,,,,,,,,,,,,,52,,,,,,,,,,,,,4,,3,,,,,,,,,,,,,,1,,,,,,,,,,,,,0,,,,,,,,,
1772,,11,,,,,,,,,,,,,,,,,,,12,12,,,,,,,,,,,,36,,0,3,,,,,,,,,,,,,,,,0,,0,,,,,,,,,,,,,,,,,0,,,,,,,,,,,,,,,,,,,,,,,,,,,,
1773,,35,,,,,27,,1,,,,,,,,,,,,20,4,,,,,,17,,,,,,42,,,,0,,,0,,,,,,,23,25,,,,,,,,,,,,,,,,,,18,,,,,,,,,,,27,,,,,,,,,,,,,,,,,,,0,,,
1774,,25,,1,,,,,,,,,,,,,,,,,7,16,,,,1,,,,,,,5,3,,,2,,,,,,,,,0,,,,,,,,,,,,,,,4,,,,,,29,,,,,,,,,,,,,,,,,,,,,,0,,,,,,,,,,,
1775,,20,,,,,6,,,3,,,,,,,,,,,12,6,,,,,,,,,,,,26,,,,1,,,,,,,,1,,,,,,,,,,,,,,,,,,0,,,,,,,,,,,,,,,,,,,,,,,1,,,,,,,,0,1,,,,
1776,,,,,,,44,,,,,,,,,,2,,,,21,13,,,,,,28,,,6,,,21,,,,24,,,,,,,,,,,29,,,,,,,,,,,,,,,,,,23,,,,,,,,,,,,,,,,,,,,,,,0,,,,,,,,,,
1777,,27,,,,,4,,,,,,,,,,,,,,25,2,,,,,,12,,,0,,,19,,,,44,,,0,,,,,0,,21,27,,,,,,,,,,,,0,,,,,,9,,,,,,,,,,,,,,,,,,,,1,,,,,,,,,,,,,
1778,,35,,,,,39,,,,,,,,,0,,,,,23,6,,,,,,5,,,,,,41,,,,25,,,,,,,,,,24,20,,,,,,,,,,,,,,,,,,14,,,,,,,,,,,,,,,,,,,,4,,,,,,,,,,,,,
1779,,24,,,,,,,,,,,,,,,,,,,12,15,,,,,,,,,,,,40,,,,,0,,,,,,,,,,,,,1,,,3,,,,,,,,,,5,,,,,,,,,,,,,,,,,,,,,,,2,,3,,,,,,,,,,
1780,,27,,,,,,,,,,,,,,,,,,,12,13,,,,,,4,,,,,,35,,,,,,,,,,,,,,,,,,,,,,,,,,,,,,,,,,,,,,,5,,,,,,,,,,,,,,,,,,,,,,,,,,2,
1781,,33,,,,,50,,,,,,,,,,,,,,21,2,,,0,,,,,,,,,25,,,,2,,,,,,,,,,,28,,,,,,,,,,,,,,,,,,39,,,,,,,0,,12,,,,,,,,,,,,,,,,,,,,,,,,
1782,,22,,,,,,3,,,,,,,,,,,,,0,15,,,,,,,,,,,,36,,,,,,,0,,,,,,,,,,,,,,,,,,,,,,,,,,,,,,,,,,,,,,,,,,,,,,,,,,,,,,,,,,,
1783,,47,,,,,46,,,,,,,,,,,,,,26,1,,0,,,,,,,,,,,,,,7,,,,,,,,,,,36,,,,,,,,0,,,,,,,,,,38,,,,,,,,,,,22,,,,,1,,,,,,,,,,,,,,,,,
1784,,1,,,,,,,,,,,,,,,,,,,,,,,,,,,,,,,,47,,,,,,,,,,,,,,,58,,8,,,,,,,,,,,5,,,,,33,,,,,,,3,,,,,,,,,,,,,,,,,,,,,,,,,,0
1785,,34,,,,,47,,,,,,,,,,2,,,,1,9,,,,,,10,,,,,,27,,,,15,,,,,,,,,,,1,,,,,,,,,,,,,,,,,,19,,,,,,,,,11,,,,0,,,,,,,,,,,,,,,,,1,,,
1786,,49,,,,,,,,,,,,,,,,,,,36,,,,,,,,,,,,,,,,,28,,,,,,,,,,,40,,,,,,,,,,,,,,,,,,37,,,0,,,,,,,14,19,,,,0,,,,,,,,,,,,,,,,,,
1787,,,,,,,,,,,,2,,,0,,,,,,,22,,,,,,,,,,,,48,,,,,,,,,,,,,,,57,,7,,,32,,,,,,,,4,,,,,36,,,,,,,3,,,,,,,,,,,,,,,2,,,,1,,,,,,,
1788,,35,,,0,,,,,,,,,,,,,,,,13,,,,,,11,26,,,,,2,45,,,,,,,,,,,,7,5,,53,,,,,,4,,,,0,,2,,,,,,,,,,,,,,,,,,,,,,,,,0,,,,,,,,,,,,,,
1789,,23,,,,,,,,,,,,,,,,,,,9,15,,,,,,,,,,,,34,,,,,,3,,,,,,7,,,52,,,,0,,,,,,,,,,,,,,,,1,,,,,,,,,,,,,,,,,,2,,,,,,,,,0,,,,
1790,,35,,,,,39,,,,,,,,,,,,,,23,9,,,,,,34,,,,,,46,1,,,21,,,,,,,,,,18,26,,,,,,,,0,,,,,,,,,,22,,,,,,,,,,,16,,,,,,,,,,,,,,,,,,,,,,
1791,,25,0,,,,,,,,,,,,,,0,,,,9,11,,,,,,,,,,,,36,,,,,,,,,,,,,,,,,,,,,,,,,,,,,,,,,,,,,,,,,,,,,,,,,,,,,,,,,,,,,,,,,,
1792,,28,,,,,,,,,,,,,,,,,,,8,14,,1,,,9,,,,,,,40,,,,,,,,,,,,6,,,52,,,,,32,4,,,,,,,,,,,,28,,,,0,,,,,,,,,,,,,,,0,,,,,,,,,,,,,,0
1793,2,16,0,,,,,0,,,,2,,,,,,,,,7,9,,,,,,,,,,0,,38,,0,,,,,,,,,,,,,0,,,3,,,,,,,,,,,,,,,,,,,,,,,,,,,,,,,,,,,,,,,,,,,,,,,,
1794,,37,,,,,,,,,,,,,,,,,,,29,,,,,,,24,,,,,,42,,,,0,,,,,,,,8,,,0,,,,,,,,,,,,,,,,,,21,,,,,,,,,,7,25,,,,,,,,,,,,,,,,,,,,,,
1795,,27,,,,,,,,,,,,,,,,,,,3,14,,,,,,,,,,,,34,,,,,,,,,,,,,,,,,,,,,,,,,,,,,0,,,,,,,,,,,,,,4,,,,,,,,,,,,,,,,,,,,,,,
1796,,24,,,,,,,3,,,,,,,,,,,,9,14,,,,,,,,,,,,36,,,,,,,,,,,,,,,,,,,,,,,,0,,,,,,,,,,,,,,,1,,,,,,,,,,0,,,,,,4,,,,,,,,,,,
1797,,27,,,,,,,,,2,,,,,,,,,,10,14,,,,,,,,,,,,20,,,,,,,,,,,,5,,,52,,,,,,2,,,,,,,,,,,,28,,,,13,,,,,,,,,,,,,,,,5,,,,,,,,,,,,,
1798,,,,5,,,,,,,,,,,,,,,,,,,,,,,,,,0,0,,,44,,,,,,,,,2,,,,,,56,,7,,,2,,,,,,,,1,,,,,29,,,,,,,1,,,,,,,,,,,,,,,,,,,,,,,,,,
1799,,26,,,,,,,,,,,,,,,,,,,8,14,,,,,,,1,,,2,,35,,,,,,4,,,,,,,,0,,,,,,,,,,,,,,,,,,0,,,,,,,,,,,,,,,,,,0,,,,,,,,,,,,,1,,,
1800,,22,,,,,,,,,,,,,,,,,,,10,11,,,,,,,,,,,,28,,,,,,,,,,,,8,,,,,,,,,,,,,,,,,,,,,,,,,,,0,,0,,,,,,,,,,,,,,1,,,,,,,,,,,
1801,,36,,,,,0,,,,,,,,,,,,,,11,5,,,,,,28,,,,,,37,,,,26,,,5,,,,,,,22,7,,,,,,,,,,,,,,,,,,17,,,,,,,,,,,,,,,,,,,,,,,,,,,1,,,3,,,
1802,,,,,,,,,,,,,,,,,0,,,,,,,,,,,,,,,,,43,,,,,,,,,,,,,,,59,,7,,,,,,,,,,,6,,,,,33,,,,,,,7,,,,,,,,,,,,,,,,,,,,,,,,,,3
1803,,31,,0,,,,,,,,,,,,5,,,,,20,22,,,,,,,,8,,,,,,,,,,,,,,,,,,1,61,,,,,,,,,,,,,,,,,,,,,,,,,,,5,17,9,,,,,,,,,,,,,,,,,,,,12,,
1804,,23,,,,,,,,,,,,,,,,,0,,5,13,,,,,,,,,4,,,37,,,,,,,,,,,,,,,,,,,,,,,,,,,,2,,,,,,,,,,,,,,0,,1,,,,,,,,,0,,,,,,,,,2,,,,
1805,,27,,,,,,,,,,,,1,,,,,,,11,15,,,2,,,,,,,,,31,,,,,,,,,,,,,,,,,,,,,,,,,,,,,,,,,,,,,,,,,,,,,,,,,,,,,,,,,,,,,,,,,,
1806,,33,,,,,,,,,,,,,,7,,,,,14,22,,,,,,2,,5,,,,,,,,,,,,,,,,,,,59,,,,,,,,,,,,,,,,,,,,,,,,,,,6,18,7,,,,,,,,,,,,,2,18,,,,,,1,,
1807,,33,,,,,52,,,,,,,2,0,,,,,,13,22,,,,,,13,,,,,,7,,,,17,,,1,,,,,9,,,35,,,,1,,,,,,,,,,,,,,30,,,,,,,,,,0,,,1,,,0,,,,,,,,,,,,,,,,,
1808,,27,,,,,42,,,,,,,,0,,2,,,,14,12,,,,,,,,,3,,,3,,,,23,,,6,,,,,,,,28,,,,,,,,,,,,,,,,,,24,,,,,,,,,,,,,,,,,,,,,,,1,,,,,,,,,,
1809,,23,,,,,,,,,,,,,,,,,,,4,12,,,,,,,,,,,,36,,,,,,,,,,,,,,,,,,,,,,,,,,,,,,1,,,,,,,,,,,,,,0,,,,,,,,,,,,,,0,,,,,,,,
1810,,11,,,,,,,,,,,,,,,,,,,6,14,,,,,,,,,,,,37,,,,,,4,,,,,,,,,,,4,,,,,,,,,,,,,,,,,,,,,,,,,,,,,,,,,,,,1,,,0,,,,,,,0,,,
1811,,18,,,,,,,,,,,,,,,,,,,3,14,,,,,,,,,,,,35,,,,,,,,,,,,,,,,,,,0,,,,,,,,0,,,,,,,,,,,,,,,,,,,,,,,,,,,4,,,,,,,,,,,,
1812,,47,,,,,,,,,,,,,,,,,,,41,,,,,,,,,,,,,,,,,28,,,,,,,,,,,50,,,,,,,,,,,,,,,,,,36,,,,,,,,,,,25,,,,,,0,,,,,,,,,,,,,,,,
1813,,26,,,,,,,,,,,,0,,,,,,,11,11,,,,,,2,,,,,,37,,,,,,,,,,,,,,,,,,,,,,,,,,,,,,,,,,,,,1,0,,,,,,,,,,,,,,,,,,,,,,,,,,,,
1814,,29,,,,,48,,,,,,,,,,,,,0,11,20,,,,,1,32,,,,,,21,,,,2,,,,,,,,11,,24,23,,,,,,,,,,,,,,,,,,30,,,,,,,,,,,,4,,,1,,,,1,,,,,,1,,,,,,,,
1815,,37,,,0,,,,,,,,,,,,,,,,20,19,1,,,0,,9,,,,,,25,,,,15,,,,,,,,,,,27,,,,,,,0,,,,,,,,,,,0,0,,,0,,,,,4,,,,,,,,,,,,,,4,,1,,,,,,,,
1816,,22,,,,,,,,,,,,,,,,,,,12,11,,,,,,,1,,,,,38,,,,,,4,,,,,,,,,,,,,,,,,4,,,,,,,,,,,,,,,,,,,,,,,,,,,,,,,1,,,,,,0,,,,,,
1817,,29,,,,,,,,,,,,,,,,,,,12,14,,,,,,,,12,,23,,37,,,,1,,,,,,,,,,,56,,,,,,,,,,,,,,,,,,,,,,,,,,,,,,,,,,,,,,,,,,,,,,,,,,1,0
1818,,32,,,,,,,,,,,,,,,,,,,22,8,,,,,,21,,,,,,30,,,,21,,,,,,,,,,,6,,,,,,,,,,,,,,,,,,33,,,,0,,,,,,,,,,,,,,,,,,,,,,,,,,,,,
1819,,23,,,,,6,,2,,,,,,1,0,2,,,,5,13,,3,,,,,,,,,,34,,,,,,4,,,,,,2,,,,,,,,,,,6,,,,,,,,,,,,,,,,,,,,,,,,,,,,,,,,,,,,,,,,,,,
1820,,49,,,,,,,,,,,,,,,,2,,,23,,,,,,,1,,,,,,,2,,,11,,,,,,,,,,5,40,,,,,,,,,,,,,,,,,,37,3,,,,,,,,,,23,,,,,,,,,,,,,,,,,,,,,,
1821,,24,,,,,,,,,,,,,,,,,,,10,9,,,,,,,,,,1,,30,,,,,,0,,,,,,,,,,,,,,,,,,,,,,,,0,,,,1,,,,,,,,,,,,,,,,,,,,2,,,,,,,,,,,,
1822,,26,,,,,,,,,,,,,,,,,,,14,16,,,1,,,,,,,,,42,,,,,,,,,,,,,,,27,,,,,,,,,,,,,0,,,8,,3,,,,,,,,,,,,,,,,,,,,,,,,,,1,,,,,0,,
1823,0,20,,,,,,1,,,,,,,,,,,0,,8,15,,,0,,,,,,,,,38,,,,,,,,,,,,,,,,,,,,,,,,,,,,,,,,,,,,,,,,,,,,,,,,,,,,,,0,,,,,,,,,,,,
1824,,40,,,,,,,,,,,,,,,,,,,39,,,,,,,,,,,,,,,3,,29,,,,,,,,0,,,40,,,,,,,,,,,,,,,,,,35,,0,,,,,,,,6,24,,,,,1,,,,,,,,,0,,,,,,,,
1825,,30,,,,,,,,,,,,,,7,,,,,0,22,,,,,,,,8,,,,43,,,,,,,,,,,,7,,,57,,,,,,,,,,,,,,,,,,,,,,,,,,,4,10,0,,,,,,,,,,,,0,,18,,,,,,8,,
1826,,3,,,1,,,,,,,,,,,,,,,,3,12,,,,,,,1,,,,,36,,,,,,,,,,0,,,,,,,,,,,,0,,,,,,,,,0,,,,,,,,,,,,0,,,,,,,,,,,2,,,0,,1,,,,,,,
1827,,6,,,,,,,,,,3,,,,,,,,,8,14,,,,,,,,,,0,,37,,,,,,2,,,,,,,,,,,,,,,,,,,,,,2,,,,,,,,,,,,,,,,0,,,,,,,,,,,,,,,,,,1,,,,
1828,,42,,,,,,,,,,,,,,,,,,,24,,,,,,,,,,,,,,,,,16,,,,,,,,,,,39,,,,,,,,,2,,,,,,,,2,30,2,,,,,,,,,,12,,,0,,,,,,,,,,,,,,,,,,,
1829,,35,,,,,46,,,,,,,,,,,,,,14,2,,,,,3,33,,,1,,,1,,,,21,,,,,,,,5,,22,29,,1,,,,,,,,,,,,,,,,20,,,,,,,,,,,,,,,,,,,,,,,,,,,,,,,,,
1830,,43,,,,,,,,0,,,,0,,,,,,,12,0,,,,,,,,,,,,,,,,19,15,,,,,,,,,,26,,,,,,,,,,,,,,,,4,1,23,,,,,,,,,,,2,1,,,0,,,,,,,,,,,,,,,,,,
1831,,35,,,,,,,,,,,,,,,,,,,26,13,,,,,,32,,,0,,,43,,,,17,,,,,,,,,,21,27,,,,,,,,,,,0,,,,,,,16,,,,,,,,,,,,2,,,,,,,,,,,,,,,,,,,,,
1832,,22,,,,,,,,,,,,,,,,,,,5,9,,,,,,,,,,,,39,,,,,,,,,,,,,,,,,,,,,,,,,,,,,,,,,,,,,7,,,,,,,,,,,,,,,,4,,,,,,,,,,,,,
1833,,25,,,,,,,,,,,,,,,,,,,10,13,,,,,,,0,0,,,,38,,,,,,,,,,,,,,,,,,,,,,,,,,,,,,,,,,,,,5,,,,,,,,,,,,,,,1,,,,,,,,,,,,,,
1834,,28,,,,,,,,,,,,,,,,,,,11,19,,,,,,,,,,,,19,,,,1,,,,,,,,5,,,52,,,,,,2,,,,,,,,,,,,28,,,,,,,,,,,,,,,,,,,,,,,,,,,,,,,,,
1835,1,24,,,0,,,,,,,,,,,,,,,,8,15,1,,,,,,,,,,,35,,,3,,,0,,,,,,,,,,,0,,,,,,,,,,,,,,,,,,,,,,,,,,,,,,,,,,,,5,,,,,,,,,,,,,
1836,,25,,,,,,,,,,,,,,,,,,,10,15,,,1,,,,,,,,4,27,,,,,,0,,,,,,,,,,,,,,,,,,,,,,,,,,,,,,,,,1,,,,10,,,,,,0,,,,,,,,,,,,,,,,,
1837,,,,,,,,,,,,,,,,,,,,,,,,,,,,,,,,,,48,,,,,,,0,,,,,,,,58,,5,,,,,,,,,,,6,,,,,34,,,,,,,8,,,,,,,,,,,,,,,1,,,,,,,0,,,,4
1838,,29,,8,,,,0,,4,,,,,,,,,,,12,21,,,,,6,,,2,,0,,38,,,,,,,,,,,,,,,26,,,,,,,,,,,,,,,,,,29,,,,,,8,,,,,,,,,,,8,,,,,,,,,,,,,,,,
1839,,1,,,,,,,,,,,,,,,,,,,5,9,,,,0,,,,,,,,33,,,,,,,,,,,,7,,,,,,,,2,,,,,,,,,,,,,,,,,,,,,,,,,,,,,,,,,,,,,,,,,,,,,,
1840,,32,0,,,,,,,,,,,,,,9,,,,16,21,,,,,,9,,,,,,19,,,,1,,,,,,,,5,,,35,,,,,,3,,,,,,,,3,,,,27,,,,,,,,,13,,,,,,,,,,,,,,1,,,,,,,,,,0
1841,,50,,,,,,,,,,,,,,,,,,,40,,,,,,,,5,,,,,,,,,28,,,,,,,,,,,50,,,,,,,,,,,,,,,,,,40,,,,0,,,,,,,14,,,,,,2,,,,,,1,,,,,,,,,,
1842,,22,0,,,,,,,,,,,,,,,,,,8,12,,,1,,,,,,,,,38,,,,,,,,,,,,,,,,1,,,,,,,,,,,,,,,,,,,,,,,,,,,,,,,,,,,,,,,,,,0,,,,,,,,
1843,,23,,,,,,,,,,,,,,,,,,,10,6,,,,,,,,4,,,0,38,,,,,,,,,,,,,,,,,,,,,,0,,,,,,,,,,,,,,0,,,,,,,,,,,,,,,,,,,,,,,,0,,,,,4,
1844,,29,,,,,37,,,,,,,,,,,,,,22,7,,,,,,27,,,,,,42,,,,25,,,11,,,,,,,20,19,,,,,,,,,,,,,,,,,,17,,,,,,,,,,,,,1,,,,,,,,,,,,,,,,,,,,
1845,,28,,,,,,,,,,,,,,,,,,,1,5,,,,,,,,,,,,38,,,,,,,,,,,,,,0,,,,,,,,,,,,,,,,,,,,,,,7,,,,,,,,,,,,,,,,0,,,,,,,,,0,,,,
1846,,23,,,,,,,,,,,,,,,,,,,12,14,,,,,,,3,1,,,,23,,,,,,,,,,,,,,,55,,,0,,,,,,,,,,,,,,,,,,,,,,,,,,,,,,,,,,,,,,,,,4,,,,,,,
1847,,39,,,,,,,,0,,,,,,,,,,,17,16,,,3,1,,,,,,,,,,,,10,,,,,,,0,,,,27,,,,,,2,,,,,,,,,,,,,,,,5,,,,,10,15,,,,,,,,,,,,,,,,,,,,,13,,
1848,,49,,,,,,,,,,,,1,,,,,,0,27,,,,,,,,,,,,,,,,,14,,,,,,,,,,3,41,,,,,,,,,,,,,1,,,,,34,,,,,,,,,,15,23,,,,,,,0,,,,0,,,,,,,,,,,
1849,,21,,,,,,,,,,,0,,,,,,,,11,12,,5,,,,,9,,,,,38,,,,0,,,,,,,,,,,,,,,,,6,,,,,,,,,,,,,,,,,,,,,,,,,,,,,,,,,,,,0,,3,,,,,2,,
1850,,39,,,,,,,,,,,,,,,,,,,30,14,,,,,1,,,,,,,,,,,28,,,,,0,,,,,,44,,,,,,,,,,,,,,,,,,20,,,,,,,,,,3,27,,,,6,,,,,,,,,,,,,,,,,,
1851,,23,,,,,,2,,,,,,,,,,,,,12,16,,,,,,,,,,,,35,,,,,,,,,,,,,0,,56,,,,,,,,,,,,,,,,,,,,,,,,,,,,,,,,,,,,,,,,,,,,,,,,,,,
1852,,27,,,,,,,,,,,,,,,,,2,,13,13,,,,,8,1,,,,,25,6,,,,,,,,,,,,,,,,,,,,,,,,,,,,,,,,,,,,,1,,,,,,,,,,,0,,,,,,,,,,,,,,,,,,
1853,,36,,,,,40,,,,,,0,,,,,,,,21,7,1,,,,,27,,,0,,,43,,,,23,,,12,,,,,,,20,20,,,,,,,,,,,,4,,,,4,,19,,,,,,,,4,,,,,2,,,,,,,,,,,,,,,,,,,,
1854,,28,,,,,,,,,3,,,,,,,,,,11,19,,,,,,,,,,,,19,,,,,,,,,,,,5,,,53,,,,,0,3,,,,,,,,,,,,29,,,,14,,,,,,,,0,,,,,,,,6,,,,,,,,,,,,,
1855,,28,,,,,,,,,,,,,,,,,,,22,14,,,,,,4,,,,,,25,,,,11,,,,,,,,,,,29,,,,,,,,,,,,,,,,,,24,,,,,,,,,13,1,0,,0,,1,,,,0,,,,,,,,,0,,,,,
1856,,24,,1,,0,,,,,,,,,,,,,,,9,9,,,,0,2,,,,,,0,19,,,,,,,1,,,,,5,,,,,,,,,,,,,,,,,,,,,,,,,,,,,,,,,,,,,,,,,,,1,,,,,,,,,,,
1857,,51,,,,,,,,,,,,,,,,,,,41,,,,,,,,,,,,,,,,,28,,,,,,,0,,,,48,,,,,,,,,,,,,,,,,,38,,,,,,,,,,,13,,,,6,,,,,,,,,,,,,,,,,,
1858,,30,,,,,,,,,,,,,,,,,,,5,13,,,,,,,,0,,,,37,,,,3,1,,,,,,,,,,,,,0,,,,,,1,,,,,,,,,,,,,,,,,,,,0,,,,,,,,,,,,,,,,,,,,,,
1859,,50,,,,,,,,,,,,,,,,,,0,36,0,,,,,,,,,,,5,,,,,27,,,,,,,,,,,49,0,,,,,,,,,,,,,,,,,42,,,,,,,,,,,9,0,,,,,,,,4,,,,,,,,,,,,,
1860,,25,,,,,,,,,,,,,,,,,,,7,19,,28,,,,,0,,,,,19,,,,,,,,,,,0,6,,,52,,,0,,,1,,,,,0,,,,,,,,,,,14,1,,,,,,,,,,,4,,,,,,,,,,,,,,,,,
1861,,24,,,,,,1,,,,,,,,,,,,,9,13,,,,,,,,,,,,33,,,,,,,,,0,,,,,,,,,,,,,,,,,,,,,,,,,,,,,,,,,,,,,,,,,,,,5,0,,,,,,,,,,,,
1862,,44,,,,,,,,,,,,,,,,,,,37,,,0,,,,,,,,,,,,,,26,,,,,,,,,,,50,,,,,,,,,,,,,,,,,,43,,,,,,,,,,,19,,,,,,,,,,,,,,,,,,,,,0,
1863,,23,,,,,,,,,,,,,,,,,,,10,16,,,,,,,,11,,,,37,,,,,,,,,,,,,,,0,,,,,,,,,0,,,,,,,,,,,,,1,,,,0,,,,,,,,,,,,,,,,,,,,,,,,,
1864,,24,,,,,,0,,,,,,,,,,,,,9,14,,4,,,,,,,,,,34,,,,,,,,,,,,,,,,,,,,,,,,,,,,,,,,,,,,,10,,,,,,,,,,,,,,,,,1,,,,,,,,,,,,
1865,,29,,,,,,,,,,,,,1,,,,2,,14,0,,,,,,4,,14,1,,,3,,,,1,,,,,,,,,,1,,,,,,,,,,,2,,,,,,,,,,,,,,,,,,,,,,,,25,,,,,,,,,,,,,,,,,
1866,,32,,,,,,,,2,,,,,,9,,,,,18,16,,,,,,,,,,,,,,,,,,0,,,,,,,,,58,,,,,,,,0,,,,,,,,,,,,,,,,,,,4,2,,,,,,,,,,,,,,,,,,,,,4,,
1867,,7,,,,,,,0,,,3,,,,,,,,,7,13,,,,,,,,,,,,32,,,,,,,,,,,,,,,,,,,,,,,,,,,0,,,,,,,,,,,,,,,,,0,,,,,,,,,3,,,,,,,,,,,,,
1868,,18,,,,,,,,,,,,,0,,,,0,,7,10,,,,,,,,,,,,37,,,,,,,,,0,,,1,,,,,,,,,,,,,,,1,,,,,,,,,,4,,,,,,,,,,,,,,,,,,2,,,,,,,,0,,,
1869,,36,,,,,,,,,,,,,,,,,,,12,21,,,,,,11,,,,,,22,,,,15,,,,2,,,,,,,28,,,,,,,,,,,,,,,,,,27,,,,6,,,1,,6,,,,,,,,,,,,,,,,,,,,,,,,
1870,,26,,,,,37,,,,,,,,,,,,,,20,5,,,,,,26,,,,,,41,,,,25,,,2,,,,,,,21,24,,,,,,,,,,,,,,,,,,17,,,,,,,,,,,,,,,,,0,,,,,,,,,,,,,,,,
1871,,44,,,,,,,,,,,,1,,,,,,,42,,,,,,,,,,,,,,2,,,20,,,,,,,,,,,50,,,,,,,,,,,,,,,,,,31,,,,,,,,,,,21,,,,,,,,,,,,,,,0,,,,,,,
1872,,49,,,,,,,,,,,,,,,,,,,40,,,,,,,,6,,,,,,,,,28,,,,,,,,,,,31,2,,,,,,,,,,,,,,,,1,0,,,,,,,,,,,16,,,,,,,,,,,,,,,,,,,,,,
1873,,50,,,,,,,,,,,,,,,,,,0,36,,,,,,,,,,,,1,,1,,,29,,,,,,,,,,,45,,,,,,,,,,,,,,0,,,,40,,,0,,,,,,,,18,,,,,,,,,,,,,,,,,,,,,,
1874,,1,,,,,,,,,,,,,,,,,,,7,12,,,,,,,,,,,,6,,,0,,,5,,,,,,9,,,,,,,,,,,,0,,,,,,,,,29,,,,,,,,,,,,,0,,,4,,,,,,0,,,,,,,,,,,
1875,,49,,,,,55,,,,,,,,,,,,,,11,,,,,,,,3,,,,,,,,,30,,,,,,,,,,,38,,,,,,,,,,,,,,,,,,34,,,,,,,,,,,13,,,,,,,,,,,,,,,,,,,,,,
1876,,33,,,,,,,,,,,,,,,,,,,15,22,,0,,,,9,,,,,,7,,1,,3,,,,,,,,,,,33,,,,,,,,,,,,,,,,,,30,,,,,,,,,5,,,,,,,,,,,,,,,,,,1,,,,,,
1877,,10,,,,,,,2,,,,,,,,,,,,7,14,,,,,,,,,,,,36,,,,,,,,,,,,,,,,,2,,,,,,,,,,,,,,,,,,,,,,,,,,,,,,,,,,,,,,,,0,,,,,,,,,
1878,,35,,,,,35,,,,,,,0,,,,,,,23,4,,,,,,27,,,,,,42,,,,22,,,0,,,,,,,21,17,,,,,,,,,,,,,,,,,,19,,,,,,,,,,,,,,,,6,,,,,,,,,,,,,,,,,
1879,,0,,,,,,,,,,,,,,,,,,,5,15,,,,,,,,2,,,,37,,,,,,,,,,,,,,,,,,,,,,,,,,,,,,3,,,,,,1,,,,,,,,,,,0,,,,,,,,,,,,,,,,,,,
1880,,,,3,,,,,,,,,,,,,,,,,,,,,,,,,,,,,,49,,,,,,,,,,,,,,,52,,7,,,0,,,,,,,,7,,,,,36,,,,,,,5,,,,,,,,,,,,,,,,,,,,,,,,,,
1881,,35,,,,,43,,,,,,,,,,,,,,17,5,,,,,,,,,,,,37,,,,19,,,1,,,0,,,,22,1,,,,,,,,,,,,,,,,,,15,,,,,,,,,,,,,,,,,,,,,,,,,,,,,,,,,
1882,,33,,,,,38,,,,,,,3,,,,,,,19,0,,,,,,27,,,,,,42,,,,24,,,7,,,,0,,,20,0,,,,,,,,,,,,,,,,,,16,,,,,,,,,,,,,,,0,,,,,,,,,,,,,,,,1,,0
1883,,27,,,,,,,,,,,,,24,,,,,,13,20,,,,,,,2,,,,,36,,,,2,,,,,,,,,,,,,,,,,,,,,0,,,,,,,,,,,,,,,,,,,,,,,,,,,,,,,,,,,,,,,,,
1884,,51,,,,,,,,8,,,,,,,,,,,2,,,,,,,,,,,0,0,,,,,28,,,,,,,,,,,52,,,,,,,,,,,,,,,,,,41,,,,,,,,,,,9,,,,,,,,,,,,,,,,,,,,,,
1885,,32,,,,,,,,,,,,1,,,,,,,16,9,,,,,,,,,,,,38,,,,,,,,,,,3,11,,24,26,,,,,,,,,,,,,,,,,,,,,,,,,,1,,,,,2,,,,,,,,,,,,,,,,,,1,,
1886,,23,,,0,,,,,,,,,,,,,,,,6,13,,,,,,,,,,,,38,,,,,,,,,,,,,,,,,,,,,,,,,0,,,1,,,,,,,,,,,,,,,,,,,,,,,,,,,,,,,1,,,,,,,
1887,,48,,2,,,,,,,,,,,,,,,,,39,,,,,,,,,,,,,,,,,25,,,,,,,,,,,48,0,,,,,,,,,,,,,,,,,28,,,,,,,,,,7,14,,,,,,,,,,,,,,,,,,,,,,
1888,,0,,,,,0,,,,,,,1,,,0,,,,10,14,0,,,,,,,,,,,1,,,,,,,,,,,,,,,,,,,,,,,,,,,,,,,,,,,,,,,,,,,,,,,,,,,,,1,3,,,,,,,,,,,,
1889,,,,,,,,,,,,,,,,,,2,,,0,,,,,,,30,,,,,1,45,,,,,,,,,,,,,,,,,,,,,,,,,0,,,,,,,,,,,,,,,,,,,,,,,,,,,,,,,,2,,,,,,,,,
1890,,30,,,1,,,,,,,,,,,,,,,,8,20,,,,,0,,,,,,,23,,,,,,,,,,,,1,,,53,,,,,,2,,,,0,,,,,,,,29,,,,,,,,,,,,,,,,,,0,,,,,,,,,,,,,,,
1891,,7,,,,,,,,,,4,,,,,,,,,9,14,,,0,,,,,,,,,1,,,,,,,,,,,,,,,,,,,,,,,,2,,,,,,,,,,,,0,,,,,,,0,,,,,,,,,,,,,,,,,,,,,,,
1892,3,1,1,,,,,,,,,1,,,,,,,,,,,,,,,,,,,,,,48,,,,,,,,,3,,,,,,52,,9,,,,,,,,,,,5,,,,,33,,,,,,,4,,,,,,,,,,,,,,,1,,,,,,,,,,,
1893,,48,,,,,53,,,,,,,,,,,,,,41,,,,0,,,,,,,,,,5,,,16,,,,,,,,,,,44,,,,,,,,,,,,,,,,,,18,,,,,,,,,,,21,,,,,,,,,,,,,,,,,,,,,,
1894,,44,,,,,,,,,,0,,,,,,,,0,37,,,,,,,,0,,,,,,,,,28,,,,,,,,,,,40,,,,,,,,,,,,,,,,,,32,,,,,,,,,,12,1,,,,,,,,,,,,,,,,,,,,,,
1895,,,,,,,,,,,,,,,,,,,,,,,,,,,,,,,,,,46,,,,,,,1,1,,,,,,,1,0,9,,,,,,,,,,,1,,,,,36,,,,,,,2,,,,,,,,,,,,,,,,,,,,,,,,,,1
1896,,0,,,,,,,,,,,,,,,,,,,11,,,,,,,32,,,,,,43,,,,,,,,,,,,,,26,,,,,,,2,,,,,,,,,,,,,,,,,,,,,,,,,,,,,,,,,1,,,2,,,,,,,,,
1897,,30,,,,,31,,,,,,,,,,,,,,21,12,,,,,,9,,,,,,37,,,,18,14,,,,,,0,,,23,23,,,,,0,,,,,,,,,,,,,21,,,0,,0,,,,,,,,,0,,,,,,,0,,,,,,,,,,0,,
1898,,21,,,,,,,,,,,,,,,,,,,9,9,,,,,,,,,,,,39,,0,,,,,,,,,,,,,,,,,,,,,,,,,,,,,,,,,,,,,,,,,,,2,,,,,,,,3,,,1,4,,,,,,,,,
1899,,49,,,,,,,,8,,,,,,,,,,,38,,,,,,,,,,,,8,,,,,24,,,,,,,,,,,48,,,,,,,,,,,,,,,,,,40,,,,,,,,,,,12,,,,,,0,,,0,,,,,,,,,,,,,
1900,,24,,,,,,,,,,,,,,,,,,,8,12,,,,,1,,,,,,,38,,,,,0,,,,,2,,,,,,,,,,,,,,,,1,,0,,,,,,,,,,,,,0,,0,,,,,,,,,,,,,,,,1,,,,,,,
1901,,0,,,,,,,,,,,,,,0,,,,,13,9,,,,,,0,,,,,,41,,,,4,,1,,,,,,13,,23,27,,,,,,,,,,,,,,,4,,,28,,,,,,,,,,,,,,,,,,,,,,,,,,,,,,,,,
1902,,25,,,,,,1,,,,,,,,,,,,,11,11,,,,,4,,,,,,,35,,,,,,,,,,,,,,,,,,,,,,,,0,,,,,,,,,,,,,6,1,,,,,,,0,,,,,,,,,,,,,,,,,,,,,
1903,,28,,,,,,,,6,,,,,,,,,,,1,,,,,,,,,,,,0,,,,,25,,,,,,,,,,,50,,,,,,,,,,,,,,,,,,42,,,,,,,0,,,,7,,,,,,,,,,,,,,,,,,,,,,
1904,,35,,,,,,,,,,,,,,,,,,,21,22,,,,1,,9,,,,,,24,,0,,17,,,,,,,,,,,31,,,,,,,,,,,,,,,,,,26,,,,,,,,,4,,,0,,,,,,,,,,,,,,,,,,,,,
1905,,12,,,,,,,,,,2,,,,,,,,,7,15,,,,,,,,,,,,40,,,,,,,,,,,,,,,29,,,,,,5,,,,,,,,,,7,,1,,,,,,,,,,,0,,,,,0,,,,,,,,,,,,,,,,,
1906,,37,,,1,,,,,,,,,,,,,,,,16,20,,,,,,10,,,,,,0,,,,6,,,,,,,,3,,,30,,,,,,,,,,,,,,,,,,25,,,,,,,,,9,,,,,,,,,,,,,,,,,0,,,,,,,
1907,,48,,,,,52,,,,,,,,,,,0,,,41,,,,,,,16,,,,,,,5,,,29,,,,0,,,,,,,41,,,,,,,,,,,,,,,,,,28,,,,,,,,,,13,19,,,,,,,,,,,,,,,,,,,,,,
1908,,31,,,,,,,,,1,,,,,,,,,,15,20,,,,,,,,1,,,,38,,,,,,,,,0,,0,,,,61,,,,,,7,,,,,,,,,,,,,,,,,2,,0,,7,8,,,,,,,,,,,,,,,21,,,,,,9,,
1909,0,25,,,,,,,,,,,,,,,,,,0,11,15,,,,,,,,,,,,34,,,,,,,,,,,,,,,57,,,,,,,,,,,,,,,,,,,,,,,,4,,,,,,,,,,0,,,,,,,,,,,,,,,,,
1910,,33,,,,,44,,,,,0,,,,,,,,,14,7,,,,,,21,,,,,,41,,,,4,,,,,,,,6,,21,18,,0,,2,,,,,0,,,,,,,,,26,,,,,,,,,,,,,,,,,,,,,,,,,,,,,,,,,
1911,,28,,,,,,,,,2,,,,,,,,,,12,15,,,1,,,,,1,,,,26,,,,,,,,,,,,,,,,,,,,,,,,,,,,,,,,,,,,,,,,,,,,,,,,,3,,,,,,,,,,,,,0,,,0,
1912,29,,,,,,,,,,,,,8,,1,,,,,,,,,,,,,,,,3,27,,,,,,,,,,,,,,,,,,1,,,1,1,,,,,0,,,,,,,,,,,,,,,,,,,13,,,,,,,,,,,,,,,,,,,,,
1913,21,,,,,,,,,,,,,,,,,,,,,,,,,,,,,,,14,24,,,,,,,,,,,,,,,,,,6,,6,,,,,,,,,,,,,,,,,,,4,,,,,,,,,,,,,,,,,,,,,,,,1,,,,
1914,,,,,,,,,,,,1,,,,,,,,,,,,0,13,,,,,,,,32,5,,,,,,,,,,,,,,,,14,5,,6,,6,,18,,1,,,,,1,,,,,,,,,,,0,,,,,,,,,,,,,2,,,,,,,,0,,,,
1915,32,,,,,,,,,,,,5,11,,,,,,,,3,,,,,,,,,,0,33,,,,,,,,,,,,,,,,,,,,,,,,,,,,,,,,1,,15,,,,,,,,,9,,,8,,,,,,,,,,0,,,,,,,,,5,,
1916,17,,,,,,,,,,,,,,,,,,,,,,,,,,,,,,,25,24,0,,,,,,,,1,,,,,,,1,1,,,,,,,14,,,,,,,,,,,,,1,,,,,,,,,,,,,,,,,,,,,,,,,,,,,,
1917,28,,,,,,1,,,,,1,,14,,,,,,,,,,,,,,5,,,,25,,0,,,,,,,,,,,,,,,,,,,,,,,,,,,,,,,,,,0,,,,,,,,,,,,,,,,,,,,,,,,1,,,,,,,,
1918,30,,,,,,,,,,,,,13,,,,,,,,,,,,,,,,2,,,26,,,,,,,,3,,,,,0,,,,,,,,,,,,,,,,,,,0,,,,,,,,,,,,,4,,,,,0,,,,,,,,,,7,,,,,,,
1919,,,,,,,,,,,,,,,,0,,,,,1,,,,12,,,,,,,,30,8,,0,,,,,0,,,,,,,,,13,6,,8,,,,10,,,,,,,,13,,,,,,,,,,,,,,1,,,,,,,,,,,,,,,,,,,0,,
1920,16,,,,,,,,,,,,,,,,,,,,,,,,,,,1,,,,22,28,,,,,,,,,,,,,,0,,,,,,,,,,,,,,,,,,,,,,,,,,,,,,,,,,,,,,,,,,,,,,,,,,,,,
1921,,,,,,,,,,,1,,,,,,,,,,1,,0,,17,,,,,,,,31,14,,,,,,,,,,,,,,,,13,1,,7,,5,,15,,,,,,,,,,,,,,,,,1,,,,,,,,,,,,,,,,,,,,,,,,,,
1922,34,,,,,,,,,,,,,29,,,,,,,,9,,,,,,,,,,,34,,,,,,,,,,,,,,,,,,,,,,,,,,,,,,,,5,,2,,,,,,,,,7,,,9,,,,,,,,,,,,,,,,,,,2,,
1923,23,,,,,,,,,,,,,,,,,,,2,,,,,,,0,,,,2,9,13,,,,,,,,,,,,,,,,,,,,,,,,,,,,1,,,,,,,,,,,,,,,,,,,,,,,,,,,,,,,,,,,,,,,
1924,30,4,,,,,,,,,,,,5,,7,,,,,,,,,,,,,,,,,23,,5,,,,,,,,,,,1,,,,,,,,,,,,,,9,,,,,,,0,,,,,,,,,,,,,,,,,,,,,,,,,,,,0,,,,,
1925,24,,,,,15,,,,,,,,8,,0,,,,,,,,,,1,,,,,,27,,,,,,,,,,,,,,,,,,,1,,,,,,,,,,,,,,,,,,,,,,,0,,,,,,,,,,,3,,,,,,,,,,,,,,0,
1926,15,,,,,,5,,,,,,,,,,1,,,,,,,,,,,,,,,24,0,,,,,,,,,,,,,,,,,,,,4,,,,,,,,,,,,,,,,2,,,,,,,,,,,,,,,,,,,,,,,,,,,,,,,
1927,,,1,,,,,,,,,,,,,,,,,,,,,,10,,,,,,,,32,10,,,,,,,,,,,,,,,,10,3,,10,,,,20,,,,,,,,,,0,0,,,,,,,,,,,,,,,,,,,0,,,,,,,,1,,,,,
1928,,,,,,,,,,,,,,,,,,,,,0,,,,9,,,,,,,,32,11,,,,,,0,,,,,,,,,,15,8,,9,,,,19,,,,,,,,,,,,,,,,,,,,,,,,,,,,,,,,,,,,,,,,,,,
1929,30,,,,,,,,,,,,,5,,,,0,,,,,,,,,,,,,,,,,,,,,,,,,,,,,,,,,,,,,,,,,,,,,,,,,,,,,,,,,,,,5,,,,,,,,,,,,,,,,,,,,,,
1930,20,,,,,0,,,,,,,,29,,,,,,,,5,,,,,,,,,,,33,,,,,,,,,,,,,,,,,,,2,,,,1,,,,,,,,,20,,,,,,,,,,,10,,,12,,,,,,,,,,,,,,,,,,,13,,
1931,32,,,,,,,,,,,,,,,,,,,,6,,,,15,,,,,,,,33,7,0,,0,,,,0,,,,,,,,,9,5,,8,,5,,18,,1,,,,,,,,,,,,,,,,,,,,,,,,,,,,,,,,,,,,,,,,,
1932,17,,0,,,,,,,,,,,,,,,,,,,,,,,,,,,,,25,2,,,,,,,,,,,,,,,,,0,,,,,,,,,,,0,,,,,,,,3,,,5,,,,,,,,,,0,,,,,,,,,,,,,,,,,,
1933,34,,,,,,,,,,,,,29,,,,,,,,6,,1,,,,,,,1,,0,0,,,,,,,,,,,,,,,,,,,,,4,,,,,,,,,,3,,6,,,,,,,,,10,,,14,,,,,,,,,,,,,,,,,,,12,,
1934,31,,,,,,,,,,,,,35,,,,,,,,10,,,,,,,,,,26,29,,,,,,,,,,,,,,1,3,,,,3,,,,,,,,1,,,,,9,,9,,,,,,,,,13,,,21,,,,,,4,,,,,,,,,2,,,1,13,,
1935,,,,,,,,,,,,,,,,,,,,,,,,,17,,,,,,,,32,5,1,,,,,,,,,,,,,,2,2,3,,1,,,,12,,0,,,,,,,,,,,,,,,,,,1,,,,,,,,,,,,,,,,,,,,,,,
1936,28,,,,,,,,,,,,,34,,,,,,,,10,,,,,,,,,,5,32,,,,,,1,,,,,,,,,,6,,,,,,,,,,,,,,,,22,,14,,,,,,,,,1,,,22,,,,,,,,,,,,,,,,,,0,13,,
1937,35,,,,,,,,,,,,,11,,,,,,,,9,,,,,,,,,,12,29,,0,0,,,,,,,4,,,,,,,,2,,,4,,,,,,3,,,,,4,,15,,,,,,,,,12,,,11,,,,,,1,,,,,,,,,,,3,,14,2,
1938,22,,,0,,,,,,,,,,9,,,2,,,,,,,,,,,,,,,,,4,,,,,,,,,,,,,,,0,,,,,,,,,,,,,,,,,,,,,,,,,,,,,,,,,,,1,,,,,,,,,,,0,,,,,
1939,17,,,,,,,,,,,,,,,,,,,,,,,,,,,,,,,23,21,,2,,,,,,,,,,,,,,,,,,,,,,,,,,,,,,,,,,,,,,,,,,,,,,,,,,,0,,,,,,,,,,,,,,
1940,15,,,,,,,,,,,0,,,,,,,,,,,,,,,,,,,,25,26,,,,,,,,,,,,,,,,,,,,,2,,,,,,,,,,,0,,,,,,,,,,,,,,,,,,,,,,,,,,,,,,,,,,,
1941,22,,,,,,,,,,,,,17,,,,,,,,,,,,,,,,,,21,26,,,,,,,,,,,,,,,,,,,,3,3,,,,,,,,,,,,,,,,,,,,,,,,,,,,,,,,,,,,,,5,,,,,,,,
1942,4,,,,,,,,1,,,,,6,,,,,,,,,,,,,,,,,,27,,,,,,,,,,,,,,,,,,,,,,,,,,,,,,,,,0,,,,,,,,,0,,,,,,,,,,,,,,0,,,,,,,2,,,,2,
1943,30,,,,,,,,,,,1,,17,,,,,,,,,,,,,,,,2,,,,,,,,,,,,,,,,,,,,,,,,,,,,,,,,,,,,,,,,,,,,,,,,0,,,,,2,,0,,,,,,,,,,,,,,,
1944,22,,,,,,,,,,,,,19,,,,,,,,,,,,,,,,,,0,8,,,,,,,,,,,,,,,,,,,,,,,,,,,,,,,,,,,,0,,,,,,,,,,,,,,,,,,,,,,,,1,,,,,,,
1945,20,,,1,,,,,,,,,,,,,,,,,,,,,,,,,,,,14,21,,,,2,,,,,,,,,,,,,,,,,,,,,,,,,,,,,,,,,,,,,,,,,,,,,,,,,,,,,,,,,,,,,,,
1946,28,,,,,,,,,,,,,14,,,0,,,,,,1,,,,,3,,,2,2,,,,,,,,,,,,,,,,,,,0,,,,,,,,,,,,,,,,,,,,,,,,,,,,,,,,,3,1,,,,,,,,,,,,,,,
1947,0,,,,,,,,,,,,,,0,,,,,1,,,,,,,,,,,,22,4,,0,,,,,,,,,,,,,2,,,,,,,,,,,,,,,,,,,,,,,,,,,,,,,,,,,,,,,,,,,,,,,,,8,,,
1948,18,0,0,,,,,,,,,,,12,,,,,,,,,,,,,,,,,,24,26,,,,,,,,,,,,,,,,,,,,,,,,,,,,,,,,,,,,2,,,,,,,,,,0,,,,,,,,,,,,,,,,,,,,,
1949,33,,,,1,,,,,,,,1,28,,,,,,,,6,,2,,,,,,,,7,30,,1,,,,,,,,,,,,,,,,0,,,0,,,,,,,,,,,17,,16,,,,,,,,,10,,,12,,,0,,,5,,,,,,,,,,,,,11,,
1950,,,,,,,,,,,,,,,,,,,,,,,,,10,,,,,,,,30,11,,,,,,,,,,,,,,,,13,4,,6,,,,5,,,,,,,,,,,,,,0,,,,,,,,,,,,,,,,,,,,,,,,,,,,,
1951,,,,,,,,,,,,,,,,,1,,0,,,,,,9,,,,,,,29,30,11,,2,,,,,,,,,,,,,,13,7,,7,,,,18,,,,,,,,,,,,,,,,,,,0,,,,,,,,,,,,,,,,,,,,,,,,
1952,16,,,,,,,,,,,,,,,,,,,,,,,,,,,,,,,24,24,,,,,,,,,,,,,,,,,2,3,,,,0,,,,,,0,,,,,,,1,0,,,,2,,,,,,,,,,,,,,,,0,,,,,,,,,,1,
1953,28,,,,,,,,,,,,,15,,0,,,,,,,,,,,,,,,,,,,,,,,,,,,,,,,1,,,,,,,,0,,,,,,2,,,,,,,0,,,,,,,,,,,,,,,,,,,,,,,,,,,,,,,,
1954,20,,,,,,,,,,3,,,,,,,,,,,,,,,,,,,,,26,25,,,,,,,,,,,,1,3,,,,,,,4,,,,13,,,,,,,,,,,,,,,,,,,,,,,,,,,,,,,,,,,4,,,,,,,,
1955,16,,,,,,1,,,,,,,,,,,,,,,,,,,,,,,,,22,24,,,,,,,,,,,,,,,,,,,,,,,,,,,,,,,,,,,,,,,,,,,,,1,3,,,,,,,,,,,,,,,,,,7,,,
1956,33,,,,,,,,,,,,,10,,2,,,,,,6,,,,,,,,,,,30,,3,0,,,,,,,,,,,,,,,,,,,,,,,,2,,,,,20,,,,,,,,,1,,,,,7,,,,,,,,,,,,,,,,,,,,,
1957,,,,,,,,,,,,,,,,,,,,,,,,,16,,,,,,,,35,11,,,,,,,,,,,,,,,,4,7,,3,,,,20,,0,,,,,,,,,,,,,,,,,,,,,,,,,,,,,,,,,,,,,,,,,
1958,,,2,,,,,,,,,,,,,,,,,,,,,,11,,,,,,,,28,1,,,,,,,,,,,,,,,,14,4,,6,,,,0,,,,,,,,,,,,,,,,,,,,,,,,,,,,,,,,,0,,,,,,,,,,
1959,20,,,,,,,,,,,,,,,,,,,,,,,,,,,,,,,25,10,,,,,,,,,,1,,,,,,,,,,,,,2,,,,,,,,,,,,,,,,0,,,0,,,,,,,,,,,,,,,,,,,,,,7,,,
1960,31,,0,,,,,,,,,,,30,,,,,,,,9,,2,,,,,,,,,33,,,,,,,,3,,,,,,,,,,,,,,,,,,,,,,,,0,,16,,,,,,,,,1,,,4,,,,,,,0,,,,,,,5,0,,,,9,,
1961,1,,,,,,,,,,,,,9,,6,,,,,,9,,,,,,,,,,4,29,,1,,,,,,,,,0,,,,,,,,,,,,,,,,,,,,,20,,,,,,,,,,,,,,14,,,,,,,,,,,,,,,,,,,,,
1962,27,,,,,,,,,,,,,12,,,0,,,,,,,,,,,,,,,,,,,,,,,,,,,,,,,,,,,,,,,,,,,,,,,,,,,,,,,,,,,,,,,,,,,,,0,,,,,,,,,,0,,,,
1963,29,,,,,,,0,,,,,,15,,,,,,,,,,,,,,,,,,,,,,1,,,,,,,,,,,,,,0,,,,,,,,,,,,,,0,,,,,,,,,5,,,,,,,,,,,,,,,,,,,2,,,,,,,,
1964,23,,,,,,,,,,,,,35,,,,,,,,,,,,,,,,,,2,25,,1,,,,,,,,,,,,,,,,,,,,,,,,,,,,,,1,,15,,,,,,,,,,,,,,,,,,,,,,,,,,,,,,,15,,
1965,32,,,,,,,,,,,,,32,,,,,,,,,,0,,,,,,,,22,26,,,,,,,,,,,,,,,,6,,,,,,,,,,,,,,,0,19,,,,,,,,,,,9,,,14,,,,,0,,,,,,,,,,,,,,7,,
1966,29,,,,1,,,,,,,,,,,,,,,,,,,,,,,,,,,,,,,,,,,,,,,,,,,,,,1,,,,,,,,,,1,,,,,,,,,,,,,,,,,,,,,,,,2,,,,,,,,,,2,,,,,
1967,,0,,,,,23,,,,,,,9,,0,,,,,30,16,,,,,,,1,,,4,28,,,,,,,,,,,,,,,19,27,,,,,2,2,,,,,1,,,,,,,9,,,,,,,,,,,,14,,,,,,,,,,,,,,,,,,,,,
1968,,,,,,,1,,,,,,,,,,,,,,3,,,,16,,,,,,,2,32,11,,,,,,,,,,,,,,,,,8,,7,,8,,21,,,,,,,,,,,,,,,2,,,,,,,,,,,,,,,,,0,,,,,,,,,,,
1969,23,,,,,,,,,,,,,9,,2,,,,,,,,,,,,,,,,9,25,,,,,,,,,,,,,,,0,,,2,,0,,,,,,,,,,,,,,,0,,,,,,,,,,,,,,,,,,,,,,,,,,,,,,,,
1970,16,,,,,,,,,,,,,,,,0,,,,,,,,,,,,,,0,19,23,,,,,,,,,,,,,,,,,,5,,5,,,,,,,0,0,,,,,,,,,,,,,,,,,,,,,,,1,0,,,,,,,,,,,,,,,
1971,20,,,,,,,,,,,,,17,,,,,,,,,,,,,,,,,,,,,,,,,,,,,,1,,,,,,,,,,,,,,,,,,,,,,,,,,,,,,0,,,,0,,,,,,,,,,,,,,,,,,,,,,
1972,,,,,,,,,,,,,,,,,,,,,5,,,,14,2,,,,,,,26,9,2,,0,,,,,,,,,,,,,11,3,,9,,,,9,,,,,,,,,,,,,,,,,,,8,,,,,,,,,,1,,0,,,,,,,,,,,,
1973,,,,,,,,,,,,,,,,,,,,,,,,,17,,,,,,,,31,9,,,,,,,,,,,,,,,,0,7,,8,,,,18,,,,,,,,,,,,,,,,,,,,,,,,,,,,,,,,,,,,,,,,,,,
1974,25,,,0,,,,,,,,,2,,,,,,,,,,,,,,,0,,,,3,30,,2,,,,,,,,,,,,,,,4,2,0,,1,,,,,,,,,,,,,,,,,,,,,,,,,,,,,,,,,,,,,,,,,,,,,,
1975,27,,,,,,,,,,,,,10,,,,,,,,6,,3,,,,,,,,,30,2,,,,,,,,,,,,,,,,,,3,,,,0,,,,,,,,,21,,13,,,,,,,,,0,,,8,,,,,,,,4,,,,,,4,,,,,11,,
1976,,,,,,,,,,,,,,,,,,,1,,,,,0,16,,,,,,,4,28,2,,,,,,,,,,,,,,,,1,6,,9,,4,,,,,,,,,,,,,,,,,,,,,,,,,,,,,,,,,0,,,,,,,,,,,,
1977,30,,,,,,,,,,,,,,,,,,,,,,,,,,,,,,,4,18,,,,,,,,,,0,,,,,,,3,,,,0,,,,,,,,,,,,,,,,,,,,,,,0,,,,,,,,,,,,,,,,,,,,,,,
1978,27,,,,,,,,,,,0,,14,,,,,,,,9,,,,,,,,,,,30,,,,,,,,5,,,,,,,,0,,,,,,,,,,,,,,,,,,18,,,,,,,,,10,,2,0,,,,,,,,,,,,,,,,,0,,13,,
1979,31,,,,,9,,,,,,,,17,,,,,,,,,,1,,,,,,,,0,,,,,,,,,,,,,,,,,,,,,,,,,,,,,,,,,,,,,,,,,,,,,,,,,,,,,,,,,,1,,,2,,,,,,,
1980,,,,,,,,,,,,,,,,,,,,,,,,,11,,1,,,,,,28,10,,0,,,,,,,,0,,,,,,13,3,,7,,,,18,,,,,,,,,,,,,,,,,,,,,,,,,,,,,,1,,,,,,,,,,,,,
1981,18,,,,,,,,,,,,,,,,,,,,,,,,,,,,,,,24,7,,0,,,,,0,0,,,,,,,,,,6,,,,,,,,,,,,,,,,,,,,,,,,,,,,,,,,,,0,,,,,,,,,,,,,,,
1982,19,,,,,,,,,,,,,,7,,,,,,,,,,,,,,,,,19,5,,,,,,,,,,,,,5,,,,,0,,,,,,,,,,,,,,,,,,,,,,,,,,,,17,,,,,,,,,,,,,,,,,,,,0,
1983,7,,,,0,0,,,,,,,,13,,,,,,,,,0,2,,,,,,,,,20,,,,,,,,,,,,,,,,,,,,,,,,,,,,,,,,,,,,,,,,,,,,,,,,,,,,,,,,,,,,,,,,0,,,
1984,29,,,,,,,,,,,,,5,,1,,,,0,,,,,,0,,,,,,0,,,,,,,,,,,,,,,,,,,,,,,,,,,,,,,,,,,,,,,,,,,,,,,,,,,,,,,,,,,,,,,,,,,,
1985,0,,,1,,,,,2,,,3,,7,,,,,,,,,,0,,,,,,2,,30,,,,,,,,,,,,,,,,,,,,,,,,,,,,,,,,,,,,,,0,,0,0,,,,,,,,,,0,,,,,,,,,8,,,,,,,,
1986,31,,,,,,,,,,,,,7,,,,,,,,,,,,,,,,,,32,,,,,2,,,,0,,,,,2,,,,,,,,,2,,,,,,,,,,,,,,,,,,,,,,,,,1,,,,,,,,,,,0,,,,,,1,,,
1987,18,,,,,,,,,,,,,12,,,,,,,,,,,,,,,,,,25,20,,3,,,0,,,,,,,,,,,,,,,,,,,,,,,,,,,,,,,,,,,,,,,,,,,,,,,,,,,,,,,,,,,,,,
1988,32,,,,,,,,,,,,,3,,4,,,,,,,,,,,,,,,,4,21,,4,,0,,,,,,,,,2,,,,,,,,,,,,,,7,,,,,,,,,,,,,,1,,,,,,,,,,,,,,,,,,,,,,,0,5,,
1989,24,,,,,,,,,,,,,11,,,,,,,,,,,,,,,,,,,,,,,3,,,,,,,,,,,,,,,,,0,,,,,,0,,,,,,,,,,,,,,,,,0,3,,,,,,,,,,,,2,,,,,,,,0,0,
1990,26,,,,,,0,,,,,,,11,,,,,,,,10,,,,,,,,,,,31,,,,,,,,5,,,,,,,,7,,,,,,,,,,,,,,,,21,,3,,,,,,,,,9,,,14,,,,,,,,,,,,,,,,,,,13,,
1991,,,,,,,,,,,,,,,,,,,,,,,,3,8,,,,,,,,28,7,,,,,,,,,,,,,,,,8,7,,2,,6,,18,,,,,,,,,,,,,,,,,,,,,,,,,,,,,,,,,,,,,,,,,,,
1992,33,8,,,,,,,,,,,,3,,5,,,,,,,,,,,,,,,,,23,,7,,,,,,,0,,,,5,,,,,,,,,,,,,,10,,,2,,,,,,,,,,,,,,,,,,,,,,,,,,,,,,,,2,,,8,,0
1993,29,,,,,,,,,,,,,13,,,,,,,,,,,,,,,,,0,22,,,,,,,,,,,,,,,,,,,,,,,,,,,,0,,,,,,,,,,,,,,,,,,,,,,,,,,,,,,,0,,,,,,,,,
1994,20,,,,,,,,,,,,,9,,,,,3,,,,,,,,,,,,,19,25,,,,,,,,,,,,,,,,,,,,,,,,,,,,,,,,,2,,,,,,5,,,,,,,,,,,,4,,,,,,,,,,,,,,,,
1995,,,,,,,,,,,,,,,,,2,,,,,,,,13,,,,0,,,,32,10,,,,,,,,,,,,,,,,11,6,,7,,,,16,,,,,,,,,,,,,,,,,,,,,,,,,,,,,,,,,,,,,,,,,,,
1996,20,,,,,,,,,,,,0,11,,,,,,,,,,,,,,,,,,10,28,,,,,,0,0,,,,,,,,,,,3,,,,5,,,,,2,,,0,,13,,,,,,,,,,,,,,0,,,,,2,,,,,,,,,,,,,1,,,
1997,10,,,3,,,,,,,,3,,15,,,0,,,,,,,,,,,,,,,,,,,,,,,,,,,,,3,,,,,,,,,,,,,,,,,,,,,1,,,,,,,,,,,,,,,,,,,,,,,,,,,,,,,,,
1998,,,,,,,,,,,,,,,,,,,1,,,,,,7,,,,,,,,34,10,,,,,,,,,,,,,,,,12,6,,4,,3,,17,,,,,,,,,,,,,,,,,,,,,,,,,,,,,,,,,,,,0,,,,,,,
1999,,0,,,,,,1,,,,,,,,,,,,,2,,,,1,,,,,,,,31,0,2,,,0,,,,,,,,,,,,1,7,,11,,,,0,,,,,,,,,,,,,,,,,,,,,,,,,,1,,,,,,,,,,,,,,,,,
2000,31,,,,,,,,,,,,,,,,,,,,,,,,2,,,,,,,,33,11,0,,,,,,,,,,,,,,0,13,4,,8,,,,1,,,,,,,,,,,0,,,,,,,,,,,,,,,,,,,,,,,,,,,,,,,,
2001,33,,,,,,0,,,,1,,,,,,,,,,4,,,,16,,,,,,,,33,9,,,,,,,,,,,,,,,,12,9,,8,,,,19,,,1,,,,,,,,,,,,1,,,,,,,,,,,,,,,,,,,,,,,,,,,,
2002,14,,,,,2,,,,,,,,,,,,,,,,,,,,,,,,,,6,20,,,,,,,,,,,,,,,1,,,,,,,,,,,,,,,,,,,,,,,,5,,,0,,,,,,,,,,,,,,,,,,,,,,,,,
2003,7,,,,,,,,,,,,,,,,,,,,,,,,,,,,,,,1,24,,,,,,,,,,,,,,,,,1,,,,,3,,,,,,,,,,,,,,,,,,,,,,,,,,,,,,,,,,,,,9,,,,,,,0,
2004,,,,,,,,,,,,,,,,0,,,,,,,,,10,,,,0,,,,29,8,,1,,,,,,,,,,,,,,4,5,,6,,4,,7,,,2,,,,,,,,,,,,,,0,,0,,,,,,,,,,,,,,,,,,,,,,,,
2005,27,,,,,,,,,,,,,14,,,,,,,,,,,,,,,3,,,26,,,,,,,,,,,,,,,,,,,,,,,,2,,,,0,,,0,,,,,,,,,,,,,,,,,,,,,1,,,,,1,,,,,,,,,,,
2006,,,,,,0,,,,,,,,,,,,,,,,,,,5,2,,,,,,,33,11,,,,,,,,,,,,,,,,15,7,,12,,,,19,,,,,0,,,,,,,,,,,,,,,,,,,,,,,,0,,,,,,,,,,,,,,
2007,1,,,,,,,,,,,,,,,,,,,,,,,,,,,,,,,2,22,,,,,,,,,,,,,,,,,,,,,,,,,,0,,,,,,,,,,,,,2,,,,,,,,,,,,,,,,,,,,,,,,,,,,
2008,33,,,,,,,,,,,,,28,,,,,,,,11,,,,,,,,,,4,28,,,,,,,,,,4,,,,,,,,3,,,,,,,,,,,,0,,7,,17,,,,,,,,,,,,0,,,,,,,,,,,,,,,,,,,13,,
2009,23,,,,,,,,,,2,,,,,,,,,,,,,,14,,,,,,,,31,11,,,1,,,,,,,,,,,,,0,8,,8,,4,0,13,,,,,,0,,,,,,,,,,,,,,,,,,,,,,,,,,,,,,,,,,,,,
2010,19,,,,,,,2,,,,,,,,,,,,,,,,,,,,,,,,23,23,,,,,,,,,,,,,,,0,,,,,,,,,,,,,,,,,,,,,,,,,,,,,,,,,,,,,,,,,,,,,,,,,,,,
2011,,,,,,1,,,,,,,,,,,,,,,8,,,,15,,0,,,,,,33,6,,,,,,,,,,,,,,,,10,0,,7,,,1,17,,,,,,,,,0,,,,,,,,,,,,,0,,,,,,,,,,,,,,,,,,,,,
2012,,,,0,,,,,,,,,,,,,,,,,,,1,,0,,,0,,,,5,29,3,,,0,,,,,,,,,,,,,2,2,,8,,,,19,,,,,,,,,,,,,,,,,,,,,,,,,,,,,,,,,,0,,,,,,,,,
2013,31,,,,,,,,,,,,,,,,,,,,1,,1,,16,,,,,0,,,28,9,2,,2,,,,,,,,,,,,,14,7,,9,,5,,11,,,,,,,,,,,,,,,,,2,,,,,,,,,,,,,,,,,,,,,,,,,,
2014,,,,,,,,,,,,,,,,,,1,,,,,,,10,0,,,,,,,33,12,,,,,,,,,,,,,,,,15,4,,7,,,,17,,,,,,,,,,,,,,,1,,,,,0,,,,,,,,,,,,,,,,,0,,,,,,
2015,35,,,,,,,,,,,,,12,,,,,,,,8,,,,,,,,,,11,29,,,,,,,,,,,,,,,,,,2,,,2,,,,,,4,,,,,3,,8,,,,,,,,,11,,,12,,,,,,,,,,,,,,,,,3,,13,0,
2016,31,,,,,,,,,,3,,,,,,,,,,,,,,6,,1,,,,,,0,9,,,,,,,,,,,,,,,,5,6,,8,,7,,15,,,,,,,,,2,,,,,,,,,,,,,,,,,,,,,,,,,,,,,,,,,,
2017,21,,,,,,,0,,,,,,10,,3,,,,,,,,,,,,,,,,11,28,,,,,,,,,,,,,,,,,,4,,,,4,,,,,,,,,,11,,,,,,,,,,,,,,14,,,,,,,,,,,,,,,,,,,,,
2018,30,,0,,,,,,,,,,,,,,,,,,,,,,6,,0,,,,,,33,10,1,,,,,,,,,0,,,,,,14,8,,8,,6,,19,,,,,,,,,,,,,,,,,,,,1,,,,,,,,,,,,,,,,,,,,,,,
2019,2,,,,,,,,,,,,,16,,2,,,,,,,,,,,,,,,,,,,,,,,,,,,,,,,,,,,,,,,,,,,,,,,,0,,,,,,,,,,,,,,,,,,,,,,,,,,,,,,,,0,,,,
2020,27,,,,,,,,,,,,,14,,,,,,,,,,3,,,,,,,,0,,2,,,,,,,,,,0,,,,,,,,,,,,,,,,,,,,,,,,,,,,,,,,,,,,,,,,,,,,,,,,,,,2,,,,,
2021,5,,,,,,,,,,,,,9,,,,,,,,,,0,2,,,,,,,,,,,,,,,,,,,,,,,,,,,0,,,,,,,,1,,,,,,,,,,,,,,,,,,0,,,,,,,,,,,,,,,,,,,,,,0
2022,,,,,,,,,,,,,,,,,,,,,,,,2,8,,,,,,,,0,8,,,,,,,,,,,,,,,,13,4,,9,,,,17,,,,,,,,,2,,,,,,,,1,,,,,,,,,,,,,0,,,,,,,,,,,,,
2023,31,,1,,,,,,,,,,,,,,,,,,0,7,,,,,,,,,,,33,,,,,,,,,,,,,,,,,,,,,,2,4,,,,,,,,,12,,18,,,,,,,1,,11,,,9,,,,,,2,,,,,,,,,,0,,,14,,
2024,21,,4,,,,,,,,4,,,,,,,,,,6,2,0,,14,,,,,,,28,32,11,3,,,,,,,,,,,,,,,4,2,,7,,0,,14,,,,,,,,,,,,,,,,,,,,,,,,,,,,,,,,,,,,,,,0,,,,
2025,,,,,,,,,,,,,,,,0,,,,,,0,,,0,,,,,,,,34,12,,,,,,,,,,,,,,,,14,2,,6,,,,17,,,,,,,,,,,,,,,,,,1,1,,,,,0,,,,,,,0,,,,,,,,,,,,
2026,18,,,,,2,,,,,,,,18,,,,,,,,,,,,,,1,,,,25,26,,,,,,,,,,,,,,,,,,,,4,,,0,,,,,,,,,0,,,,,,,,,,,,,,,,,,,,,,,,,,,,,,,,,,,
2027,,,,,,,,,,,,,,0,,,,,,,,,,,8,,,,,,,,0,12,,,,,,,,,,,1,,,,,13,8,,8,,3,,14,,,,,,,,,,,,,,,,,,,,,,,,,,,,,,,,,,,,,,,,,,,
2028,20,,,,,,,,,,,,,,,,,,,,,,,,,,,1,,,,21,25,,,,,,,,,,,,,,,,,,,,,,,,,,,,,,,,,,0,,,,,,,,,,,,,,,,,,,,,,,,,,,1,0,,,,,
2029,21,,,,,,,,,,,,,9,,,,,,,,,0,,,,,,,,,21,15,,,,,,,,,,,2,,,,,,,2,,,,,,,,,2,,0,,,,,,,,,,,,,,,,,,,,,,,,,,,,,,,,,,,,,,
2030,26,,,,,,,,0,,,,,1,,,,,,,,,,,,,,3,,,,,,,,,,,,,,,,,,,,,,,,,,,,,,,,,,,,,,,,,,,,,,,,,,,,,,,,,,,,,,,,,,0,,,,,,
2031,23,,,,,,,,,,,,,,,,,,,,,,,,,,,,,,,10,16,,,,,,,,,,,,,,0,,,,,,5,,,2,,,,,,,,,,3,0,,,,,,,,,,,,,,1,,,,,,,,,,,,,,,,,,,
2032,17,,,,,,,,,,1,,,,,,,,,,,,,,,,,,,,1,0,1,,,,,,,,,,,,,,,,,,,,,,3,,,,,,,,,,,,,,,,,,,,,,,,,,,0,,,,,,,,,,,,,,,,,,
2033,27,,,,,,,,,,,,,13,,,,,,,,,,,,,,,,,,23,,,,,,,,,,,,,,0,2,,,,,,,,,,,,,1,,,0,,,,,,,,,,,,,,,,,,,2,,,,,,,,,,0,,,,,,,,
2034,24,,,,,,,,,,,,0,10,,,,,,,,,,,,,,,,,,14,31,,,,,,,,1,,,,,,,,,,0,,,5,2,,,,,,,,,,26,,,,,,,,,,0,7,,,4,,,,5,,,,,,,,,,,,,,,,,
2035,32,,,1,,,,,,,,,,33,,,,,,,,0,,,0,,,,,0,,,32,,,,,,,,,,,,,,,,,,,,1,,,,,,,,,,,,11,,11,,,,,,,,,10,1,,17,,,,,,,,,,,,,,,,,,,12,,
2036,24,,,,,,,,,,,,,,,,,,0,,,,,,,,,,,,,1,16,,,,,,,,,,,,,,,,,0,,,,,,,,,,,,,,,,,,,,,,,,,,,,,,,,,,,,,,,,,,,,,,,,,,
2037,28,,,,,,,,,,,,,17,,,,,,,,,,,,,,,,,,,,,,,,,,,,,,,,,,,,,,,,,,,,,,,,,,,,,,,,,,,,,0,,0,,,,,,,,,,,,,,,,,,,,,,,
2038,22,,,,,,,,,,,,,,,,,,,,,15,,,,,,,,,,1,15,,,,,1,,,,,,,,,,,,,2,,,,,,,,,,,,,,,2,,,,,,,,,,,,,,,,,,,,,,,,,,,,,,,,,,
2039,20,,,,,,2,,,,,,,,,,,,,,,,,,,,,,,,,24,25,,,,,,,,,,,,,,,,,,,,,,,,,,,,,,,,,,,,,,,2,,,,1,,,,,,,,,,,,,,,,,,,,,,,,
2040,29,,,,,,,,,,,,,17,,,,,,,,,,,,,,,,,,25,,,,,,,,,,,,,,,,,,,,,,,2,0,,,,,,0,,,,,,,,,,,,,,,,,,,,,,,,,,,,,,,,0,,,,,,
2041,30,,,,,,,,,,,,,11,,,,,,,,,,,,,,,,,,,32,,,,,,,,,,,,,,,,,,,,,6,3,,,,,,,,,,11,,19,,,,,,,,1,6,,,10,,,,,,,,,,,,0,,,,,,,,,
2042,16,,,,,,,,,,,,,10,,,,,,,1,,,,,,,,,,,23,26,,,0,,,,,,,,,,,,,,,0,,,2,,,,,,,,,,,,,,,,,,,,,,,,,,,,,,,,1,,,,,,,,,,,,,,
2043,21,,,2,,,,,,,,,,6,,,,,,,,,,,,,,2,,,0,,,,,,3,,,,,,,,,,,,,,1,,,,,0,,,,,,,,,,,,,,,,,,,,,,,,,,,,,,,,,,,,,,,,,,,,
2044,17,,,,,,,,,,,,,17,,,,,,,,,,,,,,,,,,2,1,,,,,,,,,,,,,,,,,,,,,,,,,,,2,,,,,,,,,,,,,3,,,,,,,,,,,,,,,,,,,,,,,,0,,,
2045,29,,,,,,,,,,,,,15,,,,0,,,,,,,,,,,,,,,,,,,,,,2,,,,,,,,,,,,,,,,2,,,,,2,,,,,,,,,,,,,,,,,,,,,,,,,,,,,,,,,,,,,,,
2046,25,,,,,,,,,,1,,,16,,,,,,,,,,,,,,0,,,0,,,,,,,,,,,,,,,,,,,,,,,,,,,,,,,,,,,,,,,,,,,,,,,,,,,,,,,,,,,,,,,,,,,,,
2047,19,,,,,,,,,,0,,,,,,,,,,0,,,,,,,,,,,23,14,0,,,,,,,,,,,,,,,,,,,,,,,,,,,,,,,,,,,,,,,,,,,,,,,,,,0,,,,,,,,,,,,,,18,,
2048,23,,,0,,,3,,,,,,,,,,,,,2,,,,,,,,,,,,26,25,,,,,,,,,,,,,,,,,0,,0,,,,,,,,,,,,,,,,,,,,,,,,,,,,,,,,,,,0,,,,,,,,,,,17,,
2049,27,,,,,,,,,,,,,33,,,,,,,,0,,,,,,,,,,,33,,,,,,,,3,,,,,,,,3,,,1,,,,,,,,,,,,,22,,17,,,,,,,,,12,,,11,,,,,,,,,,,,,,,,,,,12,,
2050,,,,,,,,0,,,,,,,,0,,,,,,,,,14,,,0,2,,,,29,9,,1,,,,,,,,,0,,,,,6,2,,1,,,0,17,,,,,,,,0,,,,,,,,,,,,,,,,,,,,,,,,,,,,,,,,,,,
2051,34,,,,,,,,,,,,,12,,,,,,,,,,,,1,,,,0,,9,31,,,,,,,,,,,0,,0,,,,,2,1,,,,,,,,,,,,,10,,12,,,,,,,,,14,,,7,1,,,,,,,,,,,2,,,,,,,16,,
2052,20,,,,,,,,,,,,,,,,,,,,,,,,,,,,,,,25,22,,,,,,,,,,,,,,,,,,,,,,,,,,,,,,,,,,,,,,,,0,,,,,,,,,,,,,,,,,,,,,,,,,,,
2053,20,,,,,,,,,,,,,,,,,,,,,,,,,,,,,,,25,7,,3,,,,,,,,,,,,,,1,,2,,,,,,,,,,,,,,,,,,,,,2,,,,,,,,,,,,,,,,,,,,4,,,,,6,,,
2054,1,,,,,,,,,,,,,,,,,0,,,,,,,,,,,,1,,24,8,,,,,,,,,,,,,,,,,,,,,,,,,,,,,,,,,,,,2,,,,,,,,,,,,,,,,,,,,,,,,,,,,,,,
2055,5,0,,,,,,,,,,,,14,,,,1,,,,,,,3,,,,,,,,,,,,,,,,,,0,,,,,,,,,,,,1,,,,,1,,,,,2,,,,,,,,,,,,,4,,,,,,,1,,,,,,,,,,,,,,,
2056,28,,,,,2,,,,,,,,15,,,,,,,,,,,,,,,,,,,,,,,0,,,,,,,0,,,3,,,,,,,,,,,,,,,,,,,,,,,,,,,,,,,,,,,,,,,,,,,,,,,,,,,,,
2057,20,0,,1,,,,,0,,,,,,,,,,,,,,,,,,,,,,,26,26,,,,,,,,,,,,,,,,,,,,,,,3,,,,,,,,,,,,,,,,,,,,,,,,,,,,,,,,,,,,0,,,,,,,,
2058,3,,,,,,,,,,,,,8,,,,,,,,,,,,,,,,,,,,,,,,,,,,,,,,,,,,,,,0,,,,,,,,,,,,,0,,,,,,,,,,,,,,1,0,,,,,,,,,,,,,,,,,,,
2059,28,,,,,,,,,,,,,15,,,,,,,,,,0,0,,,,,,,,,1,,,,,,,,,,,,,,,,,,,,,,,,,,,,,,,,,,,,,,,,,,,,,,,,,,,,,,,,,,,,,,,,,,0
2060,28,,,,,,,0,,,,,,16,,,,0,,,0,,,,,,,,,0,,,,,,,,,,,,,,,,,,,,,,,,,,0,,,,,,,,,,,0,,,,,,,,,,,,,,,,,,,,,,5,,,,,,,,,,,
2061,,,,,,,,,,,,,,,,,,0,2,,3,,,1,15,1,,,,,,,33,11,,1,,,,,,,,,,,,,,13,8,,5,,,,19,,,,0,,,,,,,,,,,,,,,,,,,,,,,,,,,,,,,,,,,,,,,
2062,16,,,,,,,,,,,2,,,,,,,,,,,,,,,,,,,,7,22,,,,,,,,,,,,,,,,,,0,0,,,,0,,,,,4,,,,,,,,,,,8,,,,,,,,,,0,,,,,,,,,,,0,,,,,,,
2063,9,,,,,,,,,,,2,,10,,,,,,,,,,,,,,,,,,,,,,,,,,,,,,,,,,,,,,,,,,,,,,,,,,,,,,,,,,,,,,,,,,,,0,,,,,,,,0,,,,,,,,,,1
2064,28,,,,,,,,,,,,,11,,1,,,,,,,,,,,,,,,,,,,,,,,,,,,,,,,,,,,,,,,,,,,,,,,,,,,,0,,,,,,,,,,,,,,,,,,,,,,,,2,,,,,,,,
2065,21,,,,,,,,,,,,,11,,,,,,,,,,,,,,,,,,24,,,,,,,,,,,,,,,,,,,,,,,,,,,,,,,,,,,,,,,,,,,,0,,,,,,,,1,,,,,,,,,,,,,,,,
2066,24,,,,,,,,,,,,,,,,0,,,,,,,,,,,,,,,11,28,,,,,,,,,,,,,,,0,,,,,,,,,,,,,,,,,0,,,,,,,,,,,,,,,,,,,,,,,,,,,,,,,,,,,
2067,30,,,,,0,,,,,,,,15,,,,,,,,,,,,,,,,,,2,,,,,,,,,,,,,,,,,,,,,,,,,,,,,,,,,,,,,,,,,,,,,,,,,,,,,,,,,,,,,,,,,,,,
2068,0,,,,,,,,,,,,,,,,,,,,,,,,,,,,,,,7,4,,,,,,,,,,,,,,,,,,,,,,,,,,,,,,,,,,,,,,,,,,,,,,,,,,,,,,0,,,,,,,,,,,,,
2069,25,,,,,,,,,,,,,11,,,,,,,,,,,,,,2,,,,,,,,,,,,,,,,,,,,,,,,,,,,,,,,,,,,,,,,,,,,,,,,,,,,,,,,,,,,0,,,,,,,,,,,,
2070,33,,1,,,,,,,,,,,23,,4,,,,,,8,,,,,,,0,,,,35,,,,,,,,,1,,,,,,,,,,,,,,,,,,,,,,,3,,15,,,,,,,,,11,,,1,,,,1,,,,,,,,,,,,,,,15,,
2071,19,,,,0,,,,,,,,,,,,4,,,,,,,,,,,,,,,25,26,,,,,,,,,,,,,,,,,,,,,,,,,,,,,,,,,,,,,,,9,,,,,,,14,,,,,,,,,,,,,,,,,,,,,
2072,1,,,,,,,,,,,,,,,,,,,,,,,,,,,,,,,18,5,,,,,,,,,,,,,0,1,,0,,,,,,,,,,,,,,,,,,,,,,,,,,,,,,14,,,,,1,0,,,,,,0,3,,,,,,,,
2073,5,,,,,,,,,,,,,15,,,,,,0,,,,,,,,,,,,,,,,,,,0,,,,,,,,,,,,,,,,0,,,,,,,0,,,,,,,,,,,,,,,,,,,,,,,,,,,,,,,,,,,,,,
2074,27,,,,,,,,,,,,,16,,,,,,,,,,,,,,,,,,,,,,,,,,,,,,,,,1,,,,,,,,,,,,,,,,,,,,,,,,0,,,,,,,,,,,,,,,,,,,,,9,,,,,,,,
2075,2,,,,,,,,,,,,,,,,,,,,,,,,,,,,,,,23,17,,0,,,,,,,,,1,,,,,,,,,,,,,,,,,1,,,,,,,,,,,9,,,,,,,,,,,,1,,,,,,,,,,,,,8,,,
2076,30,2,,,,,,,,,,,,3,,5,,,,,,,,,,,,,,,,,23,,1,,,0,,,,,,,,4,,,,0,,,,,,,,,,11,,,,,,,,,,,,,,,,,,,,,,,,,,,,,,,,,,,,,,4,,
2077,27,,,,,,,,,,,,,16,,,,,,,,,,,,,,,,,,,,,,,,,,,,,,,,,,,,,,,,,,,0,,,,,,,,1,,,1,,,,,,,,,,,,,,,,,,0,,,,,,,,,,,,,,
2078,29,,,,,10,,,,,,,,5,,,,,,0,,,,,,,,,,,,31,,2,,,,,,,,,,,,,,,,,,,,,,,,,,,,,,,,,,,,,,,,,,,,,,,,,0,,,,,,,,,,,,,,,,,
2079,30,,,,,,,,,,,,,9,,2,,,,,,,,,,0,,,,,,4,28,,,,,,,,,,,,,,,,,,2,,,2,2,,,,,1,,,,,,,,,,,,0,0,,,,,,14,,,,,,,,,,,,,,,,,,,,,
2080,32,,,,,,,,,,,,,25,,,,,,,,11,,,,0,,,,,,10,28,,,,,,,,,,,,,,,,,,,,,,2,,,,,,,,,,18,,0,,,,,,,,,6,,,6,,,,,,,,1,,,,,,,,,,,5,,
2081,19,,,,,,,,,,,,,,,,,,,,,,,,,,,,,,,15,25,,,,,,,,,,,,,,,0,,,,,,,,,,,,,,,,,,,,,,,,,,,,,,,,,,,,,,,,,,,,0,,,,,,,,
2082,32,,,1,,,,,,,,,,33,,,,,,,,6,,,,,,,,,,,34,,,,,,1,,,,,,,,,,,,,,,,,,,,,,,,,,5,,9,,,,,,,,,11,,,17,,,,,,,,,,,0,,,,,,,,2,,
2083,29,,,,,,,,,,,,,15,,,,,,,,,,,,,,0,,,,,,,,,0,,,,,,,,,,,,,,,,,,,,,,,,,,,,,,,,,,,,2,,,,,,,,,,,,,,,,,,2,,,,,,,,,
2084,30,,,,,,,,,,,,,17,,,,,,,,,,,,,,,,,,,,,,,,,,,,,,,,,,,,,,,,,4,,,,,,,,,,,,,,0,,,,,,,0,,,,,,,,,,,,,,,,,,,,,,,,
2085,23,,,,,,,,,,,,,,,,,,,,,,,,,,,,,,,4,0,,,,,,,,,,,,,,,,,,,,,,2,,,,,2,,,,,,,16,,,,,,,,,11,,0,16,,,,,,,,,,,,,,0,,,,,16,,
2086,0,,,,,,,,,,,,,1,,,,,,,,,,,,,,,,,,,,,,,,,,,,,,,,,,,,,,,,,,,,,,,,,,,,,,,,,,,,,,,,,,,,,,,,,,,0,,,,,,,,,,,
2087,21,,,,,,,,,,,,,,,,,,,,,,,,,,,,,,,21,24,,,,,,,,,,,,,,,,,,,,,,,,,,,,,,,,,,,,,,,,,,,,,,,,,,,,,,,,,,,,,,,,1,,,
2088,29,,,,,,1,,,,,,,9,,,,,,,,1,0,,,,,,,,,,,,,,,,,,,,,,,,,,,,,,,,,,,,,,,,,,0,,,,,,,,,,,,,,,,,,,,,,,,,,,,,,,,,,,
2089,33,,,0,,,,,,,,,,33,,,,,,,,2,,,,,,,,,,,35,,,,,,,,,,,,,,,,,,,,,,1,,,,,,,,,,10,,13,,,,,,,,,11,,,8,,,,,,,,,,,,,,,,,,,13,,
2090,26,,,,,10,,,,,,0,,17,,,,,,,,,,,,,,,,,,,,0,,,,,,,,,,,,,,,,,,,,,,,,,,,,,,,,,,,,,,,,,,,,0,,,,,,,,,,,,,,,0,,,,,,,
2091,30,,,,,,,,,,,,,29,,0,,,,,,6,,,,2,,,,,,,35,,,,,,,,0,,,,,,,,,,,,,,,,,,,,,,,,10,,13,,,,0,,,1,,10,,,15,,,,,,,,,,,,,,0,,,,,11,,
2092,0,,,,,,,,,,,1,,16,,,3,,,,,,,,,,0,,,,,28,24,,,,,,,,,,,,,,,,,,,,,,,,,,,,,,,,,,,,,,,,,,,,,,,,,,,,,,,,0,,,6,,,,0,,,,
2093,28,0,,,,,,,,,,,,15,,,,,,,,,,,,,,,,,,,,,,,,,,4,,,0,,,,,,,,,,,,,,,,,,0,,,,,,,,,,,,,,,,,,,,,,,,,,,,,,,,,,,,,,,
2094,32,,,,,,,,,,,,,11,,5,,0,,,,9,,,,,,,,,,,32,,5,,,,,,,,,,,,,,,,,,,3,,,,0,,,,,,,23,,,,,,,,,,,,,,8,,,,,,,,,,,,,,,3,,,,,,
2095,30,,,,,11,,,,,,,,17,,,,,,,,,,,,,,,,,,,,,,,2,,,,,,,,,,,,,,,,,,,,,,,0,,,,,,,,,,,,,,,,,,,,0,,,,,,,,0,,,,0,,,,,,,,
2096,18,,,,,,,,,,,,,,,,,,,,,,,,,,,,,,,25,20,,,,,,,,,,,,,,,,,,,,,,,,,,,2,,,,,,,,,,,,,,,,,,,15,,,,,,,,,,,,,,,,,,,,,
2097,,,0,,,,,,,,,,,,,,,,,,,,,,8,,,,,,,,34,2,,,,,,,0,,,,,,,,1,2,6,,3,,,,10,,,,,,,,,,,,,,,,,,,,,,,,,,,,,,1,,,,,,,,,,,,,
2098,17,,,,,1,,,1,,,,,13,,,,,,,,,,,,,,,,,,,,,,,,,,,,,,,,,,,,,,,,,,,,,,,,,,,,,,,1,,,,,,,,,,,,,,,,,,,,,,,,,,,,,,,
2099,4,,,,,,,,,,,,,,,,,,,,,,,,,3,,,,,,11,29,,,,,,,,,,,,,,,,,,,,,,,,,,,,,,,,19,,,,,,,,,,,,,,,,,,,,,,,,,,,,,,,,,12,,
2100,32,0,,,,,,,,,,,,11,,5,,,,,,,,,,,,,,,,7,33,,,,,,,,2,,,,,3,,,,,1,1,,,,,,,,3,,,,,10,,16,,,,,,,,,11,,,,,,,,,,,,,,,,,0,,,,,14,,
2101,16,,,,,,,,,,,,,,,,,,,,,,,,,,,,,,,25,18,,,,,,,,,0,,,,,,,,,,,,,,,1,,,,,,,0,,,,,,,,,,,,,,,,,,,,,,,,,,,0,,,,,,,,,
2102,19,,,,,,4,,,,0,,,,,,,,,,,2,,,,,,,,,,26,24,,,,,,,,,,,,,,,,,,,,,0,,,,,,,,,,,,,,,,,,,,,,,,,,,,,,,,,,,,,,,,,,,,,,
2103,25,,,,,,,,,,,,,17,,,,,,,,,,,,1,,,,,,,,,,,,,,,0,,,,,,0,,,,,,,,,,,,0,,,,,,,,,,,,,,,,,,,,,,,,,,,,,,,,,,,,1,,,,,
2104,28,,,,,9,,,,,,,,10,,,,,,,,,,,,,,,,,,,,,,,,,,,,,,,,1,,,,,,,,,,,,,,,,,,,,,,,,,,,,,,,,,0,,,,,,,,,,,,,,,,,,,,,
2105,33,,,,,,,,,,,,,30,,2,,,,,,6,,,,2,,,,,,,28,,,,,,,,,,,,,,,,,,,,,,,,,,,,,,,,4,,14,,,,,,,,,10,,,14,,,,,,,,,,,,,,,1,,,,13,,
2106,24,,,,,,,,,,,,,23,,,,,,,,,,,,,,,,,,4,34,,,,,,,,,,,,,,,,,,,0,,2,4,,,,,,,,,,,,,2,,,,,,,,,,,14,,,,3,,,,,,,,,,,,,,,,,0
2107,32,,,,,,,,,,,,,32,,,,,,,0,8,,,,,,,,2,,,33,,,,,,,,,,,,,,,,,,,,,,,,,,,,,,,,9,,15,,,,,,,,,6,,,13,,,,,,,,,,,,,,,,,,,1,,
2108,4,,,,,,,,,,,,,11,,,,,,,,,,,,,,,,,,,,,,,4,,,6,,,,,,,,,,,,,,,,,,,,,,,,,,,,,,,,,,,,,,,,,,,,,,,,,,,,,,,,,,,,
2109,29,,,,,,,,,,,,,13,,,,,,,,,,,,,,,,,,,,,,,,,,2,,,,,,,,,,,,,,,,,,,,,,,,,,,,,,,,,,,,,,,,,,,,,,,,,,,1,,,,,,,,,
2110,16,,,,,,,,,,,3,,,,,,,,,,,,,,,,,,2,,26,19,,,,,,,,,,,1,,,,,,,,,,,,,,,,,,,,,,,,,,,,9,,,,,,,,,,,,,,,,,,,,,,,,,,,,
2111,15,,,,,,,,,,,,,,,,,,,,,,,,,,,,,,,23,25,,,,,,,,,,,,,,,,,,,,,,,,,,,,,,,,,,,,1,,,6,,,,,,,,,,,,,,,,,,,,4,,,,,,,,
2112,5,,,,,,,,,,,,,14,,2,,,,,,,,,,,,0,,,0,,,,,,,,,,,,,,,,,,,,,,,,,,,,,,,,,,,,,,,,,,0,,,,,,,,,,,,,,,,,,,,,0,,,,,,
2113,33,,,,,,,,,,,,,10,,,,0,,,,,,,,,,,,,,8,32,,,,,,,,,,,,,2,,,,,3,2,,,,,,,,4,,,,,10,,13,,,,,,,,,10,,,14,,,,,,,,,,,,1,,,,,,,13,,
2114,18,,,,,,,,,,,,,35,,2,,,,,,2,,,,,,,,,,2,34,,,,,,,,,,,,,,,,,,,,,,,,,,,,,,,,9,,13,,,,,1,,,,,,,15,,,,,,,,,,1,,,,3,,,,,4,,
2115,8,,,,,,,,,,,,,18,,,,,,,,,,,,,,,,,,33,,,,,,,,,,,,,,,,,,,,0,,,,,,,,,,,,,1,,,,,,,,,,,,,,,,,,,,,,,,,,,0,,,,,,,,
2116,,,,,,,,,,,,,,,,,,,,,,,,,15,,,,,,,,28,6,,,,,,,,,,,,,,,,8,0,,6,,5,,19,,,,,,,,,,,,,,,,,,,,,,,,,,,,,,,,,,,,,,,,,,,
2117,15,,,,,,,,,,,,,,,,,,,,,,,,,,,,,,,16,3,,,,,,,,,,,,,,,,4,,,,,,,,,0,,,,,,1,,,,,,,,0,,,,,,,,,,,,,,,,,,,,,0,,,,10,,,
2118,29,,,,,,,,,,,,,15,4,,,,,,,,,,0,,,,,,,,,,,,,,,,,,,,,1,,,,,2,,,,,,,,,,,,,,,,,,,,,,,,,,,,,,,,,,,,,,,,,,,,,,,,,
2119,28,,,,,,,1,,,,,,26,,,,,,,,6,,,,,,,,,,,32,,,,,,,,,,,,,0,,,,,,,,,,,,,,,0,,,,9,,12,,,,,,,,,12,,,9,,,,,0,,,,,1,,,,2,,,2,,2,,
2120,34,,,,,0,,,,,,,,30,,,,,,,,9,,,,,,,,2,,,32,,,,,,,,0,,,,,,,,,,,,,,,,,,,2,,,,,4,,8,,,,,,,,,9,,,15,,,,,,,,,,,,,,,,,,,14,,
2121,27,,,,,2,,,,,,,,11,,,,,,,,,,,1,,,,,,,,,,,,,,,,2,,,,,,,,,,,,,,,,,,,,,,,,,,,,,,,,4,,,,,,,,,,,,,,0,,,,,,,,,,,,,
2122,25,,,,,,,,,,,0,,12,,,,,,,,,,,,,,,,,,,,,,,,,,,,,,,,,,,0,2,,,,,,,0,,,,,,,,,,,,,,,,,,,,,,,,,,,,,,,,,,,,,,,,,,,0
2123,21,,,,,,,,,,,,,2,,,,,,,,,,,,,,,,,,,,1,,,,,,,1,,,,,,,,,,,,,,,,,,,,,,,,,,,,,,,,,,,,,1,,,,,,,,,,,,,0,,,,,,,,,
2124,29,,,,,,,,,,,,,3,,,,,,,,,,,,2,,,,,,,,,,,,,,,,,,,,,,,,,,,,,,,,,,,0,,,,,,,,,,,,,,,,,,,,,,,,,,,,,0,,,,,,,,,,
2125,14,,,,,,,,,,,,,,,,,,,,,,,,,,,,,,1,26,6,,,,,,,,,,,,,,,,,,,,,,,,,,,,,,,,,,,,,,,8,,,,,,,,,,,,,,,,,,,,,,,,,,,,
2126,32,,,,,,,,,,,,,31,,,,,,,,5,,1,,1,,,,,,,30,,,,,,,,,,,,,,,,,,,,,,,,,0,,,,,,,18,,12,,,,,,,,,,,,6,,,,0,,,,,,,,,,,,,,,10,,
2127,20,,,,,,,,,,,,,,,,,,,,,,,0,,,,,,,,24,27,,,,,,,,,,,,,,,,,,,,,,,,,,,,,,,,,,,,,,,,,,,,,,,,,,,,,,,,,,,,,,,,,,,
2128,2,,,,,,,,,,,,,,,,,,,,,,,,,,,,,,,24,25,,,,,,,,,,,,,,,,,,,,,,,1,,,,,,,,,,,,,,,,,,,,,,,,,,,,,,,,,,,,11,,0,,,1,,,
2129,33,,,,,,,,,,,,,28,,,,,,,,5,,,,,,,,,,,32,,,,,,,,,,,,,,,,,,,,,,,5,,,,,,,,,7,,7,,,,,0,,0,,9,,,4,,,,,,,,,,,,,,0,,,,,14,,
2130,30,,,,,,,,,,,,,30,,,,,,,,,,,,0,,,,,,10,35,,,,,,,,1,,,,,,,,,,1,,,,,,,,,0,,,,,8,,5,,,,,,,,,7,,,18,,,,,,,,,,,,,,,,,,,12,,
2131,27,,,,,,,,,,,,,1,,,,,,,,,,,,0,,,,,,,,,,,0,,,,,,,,,,,,,,,,,,,,,,,,,,,,0,,,,,,,,,,,,,,,,,,,,,,,,,,,,,,,,,,,
2132,13,,,,,,,,,,,,,,,,,,,,,1,,,,,,,,,,24,24,0,,,,,,,,,,,,,,,,,,,,,,,,,,,,,,,,,,,,,,,,,,,,,,,,,,,,,,,,,,,,,,,,,,
2133,21,,,,,,,,,,,,,,,,,,,,,,,,,,,,,,,1,14,,,,,,,,,,0,,,,,,,,,,,,,,,,,0,,,,,,,,,,,,,,,,,,,,,,,,,,,,,,,,,,,,,,,,
2134,16,31,,,,,,,,,,,,,,,3,,,,,,,,,,0,,,,,25,8,,,,,,,,,,,,,,,,,,,,,2,,,,,2,,,,,,,,,,3,,,,,,,,,,,,,,,,,,0,,,,,0,,,,,,,,
2135,20,,,,,,,3,,,,,,,,,,,,,,,,,,,,,,3,,25,27,,,,,,,,,,,,,,,,,,,,,,0,,,,,,,,,,,,,,,,,,,,,,,,,,,,,,,,,,,,,,1,,,,,,,
2136,29,,,,,,,,,,,,,6,,,,,,,,,,,,,,,,,0,1,,,,,,,,,,,,,1,,2,,0,,,,,,1,,0,0,,,,,,,,,,,,,,,,,,,0,,,,,,1,,,,,,,,,,,,,,,,,
2137,18,,,,,,,,,,,,,16,,,0,,,,,,,,,,,,,,,24,26,,,,,,,,,,,,,,,,,,,,,,,,,,,,,,,,,,,,,,,,,,,,,,,,,,,,,,,,,,1,,,,,,,,,
2138,19,,,,,,,,,,,,,,,,,0,,1,,,,,,,,,,,,24,0,,,,,,,,,,,,,,,,,,,,,,,1,,,,,,,,,,,,,,,,,,,,,,,,,,,,,,,,,,,,,,,,,9,,,
2139,28,,,,,,,,,,0,,,16,,,,,,,,,,0,,,,,,,,,,,,,,,,,,,2,,,,,,,,,,,,,,,,,,,,,,,,,,,,,,,,,,,,,,,,,,,,,,,,0,,,,2,,,,,1
2140,29,,,,,,,,,,,,,17,3,,,,,,,,,,,,,,,,,,,,,0,,,,,,,,,,,,,,,,,,,,,,,,,,,,,,,,,,,,,,,,,2,4,,2,,,,,1,,,,,0,,,,,,,,,,
2141,25,,,,,,,,,,,,,,,,,,,,,,,,,,1,,,,4,4,12,,,,,,,,,,,,,,,,,,,,,,,,,,,,,,,,,,,,,,,,0,,,,,,,,,,,,,,,,,,,,,,,,,,,
2142,29,,,,,0,,,,,,,,15,,,,,,,,,,,,,,,,,,,,,,,,,,,,,,,,,,,,,,,,,,,,,,,,,,,,,,,,,0,,,,,,,,,,,,,,,,,,,,,,,,,,,,,
2143,20,,,,,,,,,,,,,,,,,,,,,,,,,,,,,,,26,18,10,,,,,,,,,,,,0,1,,,,,,,,,,,,,,,,,,,,,,,,,,,,,,,,,,,,,,,,,,,,,,,,,,,,,
2144,19,,,,,,,,,,,,,,,,,,,,,,,,,,,,,,,2,25,,,,1,,,,,,,,,,,,,,,,,,,,,,,,,,,,,,,,,,,,,,,,,,,,,,,,,,,,,,,,,,0,,,,,
2145,24,,,,,,,,,,,,,,,,,,,,,9,,,,,,,,,,25,12,,,,,,,,,,,,,,,,,,,,,,,,,,,,,,,,19,,,,,,,,,,,,,,14,,,,,0,5,,,,,,,,,,,,,12,,
2146,31,,,,,,,,,,,,2,30,,,,,,,,4,,,,,,,,,,,31,,2,,,,,,,,,,,,,,,,,,,,,,,,,,,,,,18,,0,,,,,,,3,,9,,,14,,,,,,,,,,,,,,,,,,,3,,
2147,29,,,,,,,,,,,,,8,,,,,,,,,,,,,,,,,,27,,,,,,,,4,0,,,,,,,,,,,,,,,,,,,,,,,,,0,,,,,,,,,,,,,,,,,0,,,,,,,,,,,,,,,,,
2148,19,,,,,,,,,,,,,,,,,,,,,,,,,,,,,,,24,26,,,,,,,,,,,,,,,,,,,,4,,,,,,,,,,,,,,,,,,,,,,,,,,,,,,,,,,,,,,,,,,,,2,,,
2149,22,,,,,,,,,,,,,,,,,,,,,,,,,,,,,,,23,17,,,,,,,,0,,,,,,,,,,1,,,,,,,,,,,,,,,,,,,,,,,,,,,,,,,,,,,,,,,,,,,,,,,,,
2150,31,,,,,,,,,,,,,15,,,,,,0,,,,,,,,5,,,,,,,,,,,,,,,,,,,,,,,2,,,,,,,,,,,,,,,,,,2,,,,,,,,,,,,,,,,,1,,,,,,,,,,,,,,
2151,20,,,,,,,,,,,,,,,,,,,,,,,3,,,,,,,,5,25,,,,,,,,,,,,1,,,,,,,,,,,,,,,,,,,,,,,,,2,,,,,,,,,,,,,,,,,,,,,,,,,,,,,,
2152,32,,,3,,,,,,,,,0,27,,,,,,,,7,,,,,,,,,,,32,,,,,,,,,,,2,,,,,,,3,,,,,,,,,,,,,,16,,7,,,,,,,,,10,,,6,,,,,,,,,,,,,,,0,,,,12,,
2153,13,,,,,,,,,,,,,,,,,,,,,,,,,,,,,0,2,0,24,,,,,,,,,,,,,,,,1,,,,,,,,,,,,,,,,,,,,,,,,,,,,,,,,,,,,,,,,,,,,,,,,,,,0
2154,29,,,,,,,,3,,,,,14,,,,,,,,,,,,,,,,,,,,,,,,,,,,,1,,,,,,,,,,,,,,,,,,1,,,,,,,,,,,,,,,,,,,,,,,,3,,,,,,,,3,,,,,,,
2155,20,,,,,,,,,,,,,,,,0,,,,,,,,,,1,,,,0,5,0,,,,,,,,,,,,,,,,1,,,,,,,,,,,1,,,,,,,,,,,,,,,,,,,,,,,,,,,,,,2,,,,,,,,,,
2156,34,,,,,,,,,,,,,30,,,,,,,,1,,,,,,,,,,10,30,,,,,,1,,,,,,,,,1,,,,4,,,,,,,,,,,,,2,,15,,,,,,,,,10,,,3,,,,,,,,,,,,,,,,,0,,3,,
2157,,,,,,,,,,,,,,,,,,,,,,,,,15,,,,,,,,28,1,,,,,,,,0,,,,,,,,5,3,,8,,,,9,,,,,,,,,,,,,,,,,,,,,,,,,,,,,,,,,,,,,,,,,,,
2158,33,,,,,,,,,,,,,33,,,,,,0,,8,,,,,,,,,,,29,,,,,,,,,,,,,,,0,,,2,,,,,,,,,,,,,,7,,14,,,,,,,,,13,,,3,,,,,,,,5,,,,,,,,,,,11,,
2159,,,,,,,,,,,,,,,,,,,,,,,,,13,,,,,,,,29,13,,,,,,,,,,,,,,,,3,0,,9,,8,,17,,,,,,,,,,,,,,,,,,,,,,,,,,,,,,,,,,,,,,,,,,,
2160,30,,,,,,,,,,,,3,31,,,,,,,,0,,2,,,,,,,,,33,,,,,,,,1,,,,,,,,,,5,,,,,,,,,,,,,,4,,0,,,,,,,,,6,,,10,,,,,,,,,,,,,,,,,1,,10,,
2161,3,,,,,,,,,,,,,,,,,,,,,,,,,,,,,,,0,21,,,,,,,,,,,,,,,1,,,,,,,,,,,,,,,,,,,,,,,,,,,,,,,,,,,,,,,,,,,,,,,,,,,,
2162,29,,,0,,,,,,,,0,,31,,,,,,,,4,,,,,,,,,,,34,,,,,,,,0,,,,,,,,,,,5,2,,,,,,,,,,,,19,,16,,,,,,,,,9,,,14,,,,,,,,,,,,,,,,,,,13,,
2163,19,,,,,,,,,,,,,,,,,,0,,,,,,,,,,,,,25,0,,,,,,,,,,,,,,,,,,,,,,,,,,,,,,,,,,,,,,,,,,,,,,,0,,,,,,,,,,,,,,,,,,,,
2164,29,,,,,,,,,,,,,15,,,,,,,,,,,,,,,,,,,,,,,,,,,,,0,,,,,,,,,,,,,,,,,,,,,,,,,,,,,,,,,,,,,,,,,,,,,,2,,,,,,,,,,,
2165,22,,,0,,,,,,,,,,15,,,,,,1,,,,,,,,,,,,,,,,,,,,,,,,,,,,,,,,,,0,,,,,,,,,1,,,,,,,,,,,,,,,,,,,,,,,,,,3,,,,,,,,,,,
2166,20,,,,,,,,,,,,,32,2,,,,,,1,9,,,,,,,,,,,28,,,,,,,,0,,,,,,,,,,,3,,,,,,,,,,,,,20,,17,,,,0,,,,0,10,,,8,,,,,,,,,,,,,,,0,,,,6,,
2167,30,,,,,,,,,,,,,10,,2,,,,,,10,,,,,,,,,,,33,,1,0,,,,,,,,,,,,,,,,,,3,2,,,,,,,,,,21,,,,,,,,,,,,,,10,,,,,,,,,,,,,,,1,,,,,,
2168,23,,,,,,,,,,,,,23,,4,,,,,,,,,,,,,,,,4,33,,,,,,,,,,,,,,,,,,,,,3,2,,,,,,,,,,,,,1,,,,,,,,,,,14,,,,2,,,,,,,,,,,,,,,,,1
2169,16,30,,,,,6,,,,,,,,,,,,,,1,,,,,,,,,,,4,23,,,0,,,,,,,,,,,,,,,,,,,,,,,,,0,,,,,,,0,,,,,,,,,,,,,,,,,,,,,,,,,,,,,,,0,
2170,32,6,,,,,,,,,,,,5,,6,,,,,,,,,,,,,,,,,28,,2,,,,0,,,,,,,4,,,,,,,,,,,,,,4,,,,0,,,,,,,,,,,,,,,,,,,,,,,,,,,,,,,,,,1,,
2171,,,,,,,,,,,,,,,,,,,,,,,,,10,,,,,,,,30,13,,,,,,,,,,,,,,,,1,7,,0,,7,,21,,,,,,,,,,,,,,,,,,,,,,,,,,,,,,,,,,,,,,1,,,,,
2172,29,,,,,,,,,,,,,16,,,,,,,,,,,,,,,,,,,,,,,,,,2,,,,,,,,,,,,,,,,,,,,,,,,,,,,,,0,,,,,,,,,,,,,,,,,,,,,,,,,0,,,,,
2173,28,,3,,,,,,,,,,,30,,,,,,,,3,,,,,,,,,,6,34,,,,,,,,4,,,,,,,,,,,,,2,,,,,,,,,,,22,,15,,,,,,,,,2,,,2,,,,,,4,,,,,,0,,,,,,,12,,
2174,14,,,,,,,,,,,,,,,,,,1,,,,,,,,,,,,,11,19,1,,,,,,,,,,,,,,,,,,,,,,,,,,,,,,,,,,,,0,,,,,,,,,,,,,,,,,,,,,,2,,2,,,,,,
2175,28,,,,,,,,,,,,,9,,,,0,,,,7,,,,,,,,,,4,15,1,,,,,,,,,,,,,,,,,,4,,,,,,,,1,,,,0,,,,,,,0,,,,,,,,,,,,,,,,,,,,,,,,,,,19,,
2176,17,,,,,,,,,,,,,,,,,,,,,,,,,,1,,,,,24,25,,,,,,,,,,,,,,,,,0,,,,,,,,,,,0,,,,,,,,,,,,,,,,,,,,,,,,,,,,,,,,,,,,,,,
2177,20,,,,,,,0,,,,,,,,,,,,,,,,,,,,,,,,23,28,,,,,,,,,,,,,,,,,,2,,,,,,,,,2,,,,,,,,,,,,2,,,,,,2,,,,,,,,,,,,,,,,,,,,,,
2178,21,,,,,,,,,,,,,10,,,,,,,,,,,,,,,,,,,,3,,,,,,,,,,,,,,,,,2,,,2,2,,,,,,,,,,8,,,,,,,,,,,,,,10,,,,,,,,,,,,,,,,,,,,,
2179,10,,,,,,,,,1,,,,11,,,,,,,,,,,,,,,,,,,,0,,,,,,,,,,,,,,,,,,,,,,,,,,,,,,,,,,,,,,,,,,,,,,,,0,,,,,,,,,,,,,,,,,,0
2180,0,,,,,0,,,,,,,,,,,,,,,,,,,,,,2,,,,24,26,,,,,,,,,,,,,,,,,0,,,,1,,,,,,,,,,0,,,,,,,,,,,,,,,,,,,,,,,,,,,,,,,,,,,,
2181,34,,,,0,,,,,,,,,27,,,,,,,,5,,1,,,,,,,,,31,,,,,,,,,,2,,,,,,,,,,,2,,,,,,,,,,,12,,21,,,1,,,,,,0,,,13,,,,,,,,,,,,,,7,,,,,4,,
2182,23,3,,,,,,,,,,,,,,,,,,,,,,,,,,,,,,12,2,,,,,,,,,,,,,,,,,,3,,,,4,,,,,1,,,,,,,1,,,,,,,,,,,,0,,,,,,,,,,,,,,1,,,,,,,
2183,14,,,,,,,,,,,,,,,,,,,,,,,,,,,,,,,26,24,,,,,,,,,,,,,,,,0,,,,5,,,,,,,,,,,,,,,,,,,4,,,,,,,,,,,,,,,,,,,,,,,,,,,,
2184,29,,,,,13,,,,,,,,3,,0,,,,1,,,,,0,,,,,,,,,,,,,,,,,,,,,,,,,,,,,,2,,0,,,,,,,,,,,,,,,,,,,,,,,,,,1,,0,,,,0,,,,,,,,,,,
2185,24,,,,,,,,,,,,,,,,0,,,0,,,,,,,,,,,,2,17,0,,,,,,,,0,,,,2,,,0,,,,,,,,,,,,,,,,,,1,,,,,,,,,,,,,,,,,,,,,,,,,,,,,,,0,,
2186,23,,,,,,,,,,,,,,,,,,,,,,,,,,,1,,,,7,16,,,,,,,0,,,,,,,,,,,,,,,,,,,,,,,,,,,,,,,,,2,,,,,,,,,,,,,,,,,,,,,,,,,17,,
2187,19,,,,,,,,,,,,,,,,,,1,,,,,,,,,,,,,24,26,,,,0,,,,,,,,,,,,,,,,,,,,,,,,,,,,,,,,,,,,,,,,,,,,,,,,,,,,,,,,,,,,,,,
2188,28,,,,,,,,,,,,,14,,,,,,,,,,,,,,,,,,1,,,,,1,,,,,,,,,,,,,,,,,,,,,,,,,,,,,,,,,,,,,,,,,,,,,,,,,,,,,,,10,,,,,,,,
2189,19,,,,,,,,,,,,,,,,,,,,,,,,,,,,,,,15,22,,,,,,,,,,,,,,,,0,,,,,,,,,,,,,,,,2,,,,,,,,,,,,,,,,,,,,,,2,,,,,5,,0,,,,,,
2190,27,,,,,,,,,,,,,14,,,,,,,,,,,,,,,,,,,,,0,1,,,0,,,,,,,,,,,,,,,,,,,,,,,,,,,,,,,,1,,,,,,,,,,,,,,,,,,,,,,,,1,,,,,
2191,20,,1,,,1,,,,,,,,,,,2,,,,,,,,,,,,,,,25,27,,,,,,,,,,,,,,,,,,,,,,,,,,0,,,,,,,,,,,,,,,,,,,,,,,,,,,,,,,,,,,,,,,,,
2192,,,,,,,,,,,,,,,,,,,,,,,,,9,,,,2,,,,33,4,,,,,,,,,,,1,,,,0,13,2,,4,,9,,20,,,,,,,,,,,,,,,,,,,,,,2,,,,,,,,,,,,,,,,,,,,,
2193,32,,,,,,,,,,,,3,25,,,,,,,,11,,4,,,,,,,,,34,,,,,,,,,,0,,,,,,,,,,,,,,,,,,,,,,13,,19,,,,,,,2,,9,,,10,,,,,,,,,,,,,,,,,,,6,,
2194,19,,,,,,,,,,,,,,,,,,,,,,,,,,,,,,,26,27,,,,,,,,,,,,,,,,,,,,2,,,,,,,,,,,,,0,,,,,,,,,,,,,,,,,,,,,,,,,,,,,,,,,,
2195,30,,,,,,,0,,,,0,,9,,2,,,,,,,,,,,,,,,,4,28,,,,,,,,,,,,,,,,,,2,,,2,2,,,,,1,,,,,,,,,,,,,,,,,,,14,,,,,,,,,,,,,,,,,,,,,
2196,13,,,,,,,,,,,,,,,,,,,,,,,,,,,,,,,23,24,,,,,,,,,0,,,,,,,,,,,,,,,,,,,,,,,,,,,,,,,1,,,,,,,,,,,0,,,,,,,,0,,,,,,,,
2197,31,,,,,,,,,,,,,32,,,,,,,,7,,,,,,,,,,8,34,,,,,,,,,,,,,,1,,,,,1,,,,,,,,,,,,,,,17,,,,,,,1,,12,,,17,,,,,,,,,,,,,,,,,,,12,,
2198,0,,,,,,,,,,,,,,,,,,,,,,,,,0,,,,,,25,22,,,,,,,,,,,,,,,,,,,,,,,,,,,,,,,0,,,,,,,,,,,,,,,,,,,,,,1,,,,,,,,,,,9,,,
2199,3,,,,,,,2,,,,,,,,,3,,3,,,,,,,,,,,2,,22,20,,,,,,,,,,,,,,,,,,2,,,,,,,,,,,,,,,1,,,,,,,,,,,,0,,,,,,3,,,,,,,,,,,,,,,,
2200,8,,,,,,,,,,,,,6,,,,,,,,,,,,,,,,,,24,,0,,,,,,,,,,,,,,,,,,,,,,,,,,,,,,,,,,,0,,,,,,,,0,,,,,1,0,,,,,,,,,,,,,,0,,,
2201,31,,,,,,,,,,,,,14,,,,0,,,,,,1,,,,,,,,3,,,,,,,,,,,,,,,,,,,,,1,,,,,,,,,,,,,,,,,,,,,,,,,,,,,,,,,,,,,,,,,,,,,,,
2202,,,,,,,,,,,,,,,,,,,,,,,,,16,,,,,,,,2,12,1,,,,,,,,,,,,,,,12,4,,7,,,,20,,,,,,,,,,,,,,,,,,,0,,,,,,,,,,,,,,,,,,,,,,,,
2203,19,,,,,,,,,,,,,,,,,,,,,,,1,,,,,,4,,0,22,,,,,,,,,,,0,,,,,,,,,3,,,,,,,,,,,,,,,,,,,1,,,,,,,1,,,,,,,,0,,,,,,,,,,3,,,
2204,23,,,,,,,,,,,,,11,,,,,,0,,,,,,,,,,,,13,33,,,,,,,,,,,,,,,,,,1,,,4,3,,,,,,,,,,,,,,,,,,,,,,,,14,,,,0,,,,,,,,,,,,,,,,,
2205,22,,,,,,,,,,,,,,,,,,,,,,,,,,2,,,,,4,28,,,,,,,,,3,,,,,,,,,,,,,,,,,,,2,,,,1,,,,,,,,,,,,,,,,,,,,,,,,,,,,,,0,,,,,
2206,3,,,,,,,,,,,,,15,,,,,,,,,,,,,,,,,,32,,,,,,,,,,,,,,,,,,,,,,,,,,,,,3,,,,,,,,,,,,,,,,1,,,,,,0,,,,,,,,,,,,,,,,,
2207,31,,,0,,,,,,,,,,4,,10,,,,,,,,,,,,,,,,,22,,0,,,,,,,,,,,0,,,,,,,,,,,,,,1,,,,,,,,,,,,,,,,,,,,,,,,,0,,,,,,,,,0,1,,,7,,
2208,20,,,0,,,,,,,1,,,,,,,,,,,,,,,,,,,,,4,26,,,,,,,,,,,,,,,,,,,,,,,,,,,,,,,,,,,,,1,,,,,,,,,,,,0,1,,,,,,,,,7,,,,,,,,
2209,21,,,,,,,,,,,,,,,,,,,,,,,,,,,,,,,4,15,,,,,,,,,,,,,,,,,,,,,,,,,,0,,0,,,,,,1,,,,,,0,,,,,,0,,,,,,,,0,,,,,,,,,,,,,
2210,30,,,,,,,,,,,,,11,,,,,,,,,,,,,,,,,,,,,,,,,,,,,,,,,,,,,,,0,,,,,,,,,,,,,,,,,,,0,,,,,,,,,,,,,,,,,,,,,,,,,,,,
2211,22,,,,,,,,,,,,,,,,,,,,,,,,,,1,,,,,3,11,,,,,,,,,,,,,,,,,,,,,,,,,,,,,0,,,,,,,,,,,,,,,,,,,,,0,,,,,,,,,,,,,,,,,
2212,19,,,,,8,2,,,,,,,7,,,,,,,,,,,,,,,,,1,,,,,,,,,,,,,,,,,,,,,,,,,,,,,,,,,,,,,,,,,,,,,,,,,,,,,,,,,,,,,,,,,,,,,
2213,18,,,,,9,,,,,,,,14,,,,,,,,,,,,,,,,,,,,0,,,,,,,,,,,,,,,,,,,,,,,,,,,,,,,,,,,,,,,,,,,,,,,,,,,,,,,,,,,,,,,,,,
2214,25,,,,,,,,,,,,3,,,,,,,,,,,,,,,,,,,5,27,,,,,,,,,,,,0,,,,,2,3,,,,,,,,,,,,0,,,,,,,,,,,0,,,,,,,,,,,,,,,,,,,,,,,,,,
2215,20,,,,,,,0,,,,,0,,,,,,,,,,,,,,,,,,,22,25,,,,,,,,,,,,,,,,,,3,,,,,,,0,,,,,,,,,,,,,,,,,,,0,,,,,,,,,,,,,,,,,,,,0,,0,
2216,24,0,,,,,,,,,,,,10,,,,,,,,,,,,,,,,,,,,5,,,,,,,,0,,,0,,,,,,,,,,3,,,,,,,,,,,,,,,,,,,,,,,2,,,,,,,,,,,,,,,,,,,,,,
2217,30,,,,,,,,,,,,,10,,4,,,,,,,0,,,,,,,,,,34,,,,,,,,,,,,,3,,,,,2,3,,,,,,,,5,,,0,1,9,,15,,,,,,,,,11,,,16,,,,,,,,,,,,,,,,,,0,11,,
2218,25,,,,,11,,,,,,,,12,,,,,,,,,,,,,,,,,,,,,,,,,,,,,,1,,,,,,,,,,,,0,,,,,,,,,,,,,,,,,,,,,,,,,,,,,,,,,,,,,,,0,,,,,
2219,24,,,,,,,,,,,,,9,,,,,,,,,,,,,,,,,,7,28,,,,,,,,,2,,,1,,,,,3,2,,,,,,,,,1,,,,,,,,,,,,,,,,,,,,,,,0,2,0,,,,,,,,,,,,,,,0
2220,29,,,,,,,,,,,,,12,,,,,,2,0,,,,,,,,,0,,,,,,,,,,,,,,,,,,,,,,,,,,,,,,0,,,,,,,,,,,,,,,,,,0,,,,,,,,,,,,,,1,,,,,,,,
2221,5,,,,,,,,,,,,,,,,,,,,,,,,,,,,,,,1,22,,,,,,,,,,,,,,,,,,,,,,,,,,,,,,,,,,1,,,,,1,,,,,,,,,,1,,,,,,,,,,5,,,,,,,,
2222,8,,,,,,,1,,,,,,,,,,,,,,,,,,,,,,,,25,22,,,,,,0,,,1,,,,,,,,,,,,,,,,,,,,,,,,,,,,,,,0,,,,,,0,,,,,,,,,,,,,4,,,,,,,,
2223,16,,,,,,,2,,,,,,,,0,,,,,,,,,,,,,,,,3,23,,,,,,,,,,,,,,,,,,,,,,,,,,,,,,1,,,,,,,,,,,,,,,,,,,,,,,,,,,,,,,,,,,,,
2224,18,,,,,,,,,,,,,,,,,,,,,,,,,,,,,,,25,23,,,,,,,,,,,,,,,,,0,,,,,,,,,,,,,,,,,,,,,,,,,,,,,,,,,,,,,,,,,,,,,,,,,,
2225,,,,,,,,,,,2,,,,,,,,,,,,,,0,,,,,,,,31,11,,,,,,,,,,,,,,,,1,8,,8,0,,,16,,,,,,,,,1,,,,,,,,,,6,,,,,,,,,,,,,,,,,,,,,,,,
2226,9,,,,,,,,,,,,,,,,,,,,,,0,,,1,,,,,,7,16,,,,,,,,,,,,,,,,,1,2,,,,,,,,,,,,,,,,,2,,,,,,,,,,,,,,,,,,,,,,,,,,,,,,,,
2227,33,,,,,,,,,,,,,13,,3,,,,,1,,,,,,,,,,,5,34,,,,,,,,,,,,,,,,,,6,,,,,,,,,,,,,,,,17,,,,,,,,,,,,17,,,,,,,,,,,,,,,,,,,0,,
2228,32,,,,,,,,,,,,,32,,,,,,,,,,,,,,,,,,,33,,,,0,,,,,,,,0,,0,,,,,1,,,,1,,,,,,,,,8,,10,,,,,0,,,,10,,,7,,,,,,,,,,,,,,,,,,,10,,
2229,30,,,,,,0,,,,0,1,,14,0,6,,,,,0,,,1,,,,,,,,0,,,,,,,,,,,,,,,,,,,,,,,,,,,,,,,,,,,,,,,,,,,,,,,,,,,,,,,,,,,,,,,,,,,,
2230,5,,,0,,,,,,,,,0,0,,2,,,,,,,,0,,4,,,,,,10,30,,,,,,,,0,,,,,,,,,,1,,,3,,,,,,,,,,,20,,20,,,,,,,,,,,,,,,,,,,,,0,,,,,,,,,,10,,
2231,33,,,,,,,,,,,,,33,,,,,,,,7,,,,,,,,,,,32,,,,,,,,,,,,,,,,,,,,0,,,,,,,,,,,,6,,0,,,,,,,,,8,,,17,,,,,,,,,,,,,,,,,,,8,,
2232,21,,,,,,,,,,,,,,,,,,,,,,,,,,,,,,,19,22,,,,,,,,,,,,,,,,,,2,,1,,,2,,,,,,,,,0,,,,,,,,,,,,,,,,,,,,,,,,,,,,,,,,,,,
2233,28,,,,,,,,,,,,,15,,,,,,,,,,,,,,,,,,,25,,,,,,,,,,,,,,1,,,,,,,,,,,,,,,,,,,,,,,,,,,,,,,,,,,,,,,,,,,,,,,,,,,,,
2234,27,,,,,,,,,,,,,3,,,,,,,,,,,,,,,,,,,,,,,,,,,,,,,,,,,,,,,,,,,,,,,,,,,,,,,,,,,,,,,,,,,,,,,,,,,,,,0,,,,,,,,
2235,14,,,,,,,,,,,,,,1,,,,,,,,,,,,,,,,,22,23,,,,,,,,,,,,,,,,,,,,,,,,,,,,,,0,,,,,,,,,,,,,,,,,,,,,,,,,,,,,,,,,,5,17,,
2236,32,,0,4,,,,,,,,,,31,,,,,,,,7,,,,,,,,,,,35,,,,,,,,,,,,,,,,,,,,,,,,,,,,,,,,17,,11,,,,,,,,,9,,,5,,,,,,,,,,,,,,,,,,,13,,
2237,30,,,,,,0,,,,,,0,11,,,,,,,,2,,,,,,,,2,1,,,,,,,,,,,,,0,,,,,,,,,,,,,,,,,,,,,,,,,,,,,,,,,,,,,,,,,,,,,,,,,,,,,,,,
2238,30,,,,,,,,,,,1,,31,,,,,,,,7,0,3,,,,,,,,,33,,,,,,,,,,,,,,,,,,5,,,,,,,,,,,0,,,1,,1,,,,,,,,,9,,,10,,,,,,,,,,,,,,,,,,,8,,
2239,21,,,,,0,,,,,,,,,,,,,,,,,,,,,,,,,,25,15,,,,,,,,,,,,,,,,,,,,1,,,,,,,1,,,,,,,,,,,,,,,,,,,,,,,,,,,,,,,,,,,,,,,,
2240,29,,,,0,,,,,,,,,3,,,,,,,,,,,,,,,,,,,,,,,,,,,,,,,,,,,,,,,,,,,,,,,,,,,,,,,,,,,,,,,,,,,,,,,,,,,,,,,,,,,,,,
2241,19,,,,,,6,,,,,,,,,2,,,,,,,,,,,,,,1,,9,25,,,,,,,,,,,,0,,,,,,,,,,,,,,1,,,,1,,,,,,,,,,,,,,,,0,,,,,,,,,,,,,,,,,,3,,,
2242,19,,,0,,,,,,,,,,10,,,,,,,,,,,,,,,,,,,17,,,,,2,,,,,,,,,,,3,,3,,,,,,,,,0,,,,,,,1,,,,,,,,0,,,,,,,,,,,0,,,,,,,2,,,,,,,
2243,10,,,,,,,,,,,,,,,,,,,,,,,,,,,,,,,24,1,,,,,,,,,,,,,,,,,,,,,,,,,,,,,,,,,,,,,,,,,,,,,,,0,,,,,,,,,,,,10,,,,,,,,
2244,28,,,,,,,,,0,,,,15,,,,,,,,,,,,,,,,,,,,,,,,,,,,,,,,,,,,,,,,,,,,,,,,,,,,,0,,,,,,,,,,,,,,,,,,,,,,,,,,,,,,,,,
2245,32,,,0,,,,,,,,,,11,,4,0,,,,,7,,,,,,1,,,,,29,,4,,1,,,,,,,,,,,,,,,,,2,,,,,,,,,,,22,,,,,,,,,,,,,,8,,,,,,,,,,0,,,,,3,,,,,,
2246,17,,,,,,,,,,3,,,,,,,,,,,,,,,,,,,,1,12,17,,,,,,,,,,,,,,,,,,,,,,,,,,,,,,,,,,,,,,,,,,,,,,,,,,,,,1,,,,1,,,,,,,0,,,
2247,16,,,,,,,,,,,,,,,,,,,,,,,,,,,,,,,12,21,,,,,,,,,,,,,,,,,,,,,,,,,,0,,,,,,,,,,,,,,,,,,,,,,,,,,,,,,,,,,,,,,,,,
2248,26,,,2,,,,,,,,,,,,,,,0,,,11,,,,,,,,,,,30,,,,,,,,,,,1,,,,,6,,,,,,,,,,,,,,,,21,,6,,,,,,,,,9,,,7,,,,,,,,,,,,,,,,,,,12,,
2249,17,,,,,,,,,,,,,,,,,,,,,,,,,,,,,,,14,23,,,1,,,,,,,,,,,,,,2,,1,,0,,,,,,,,,,,,,2,,3,,,7,,,,,,,,,,,0,,,,,,,,,,,,,,,,,
2250,17,,,,,,,,,,,,0,,,,,,,,,,,,,,,4,,,,25,23,,,,,,,,,,,,,,,,,,,,,,,,,,,,,,,,,,,,,,,,,,,,,,,,,,,,,,,,,,,,,,,,2,,,
2251,33,,,,,,,,,,,,,23,,,,,,,,,,,,,,,,,,11,32,,,,,,,,,0,,,,,,,,,6,,,,,,,,,,0,,,,2,,16,,,,,,,,,3,,,9,,,,,,,,,,,,,,,,,,,9,,
2252,20,,,,,,0,1,,,,,,,,,,,,,,,,,,,,,,,,25,27,,,,1,,,,,,,,,,1,,,,1,,,,,,,,,1,,,,,,0,,,,,,,,,,,,,,,,,,,,,,,,,,,,,,,,,,
2253,29,,,,,,,,,,1,,,4,,,,,,,,,,,,,,,,,,,,,,,,,,,,,1,,,,,,,,,,,,,,,,,,,,,,,,,,,,,,,,,,,,,,,,,,,,,,,,,,,,,,,,,
2254,1,,,,,,,,,,,,,,,,,,,,,,,,,,,,,,,24,24,,,,,,,,,,,,,,,,,,,,,,,,,,,,,,,,,,,,,,,,,,,,,,,,,,,,,,,,,,,7,,,,,3,,,
2255,33,9,,,,,,,,,,,0,4,,8,,,,,,,,,,,,,,,,,28,,5,,,,,,,,,,,4,,,,,,,,,,,,0,,2,,,,,,,,,,,0,0,,,,,,,,,,,,,,,,,0,,0,,,,,,,5,,1
2256,25,,,,,,,,,,,,4,,,,,,,,,,,,,,,,,,,4,26,,,,,,,,,,1,,,,,,,1,,,,,,,,,,,,,,,,,,,,,,,,1,,,1,,,,,,,,,,,,,,,,,,,,,,,
2257,6,,,,,,,,,,,,,12,,,,,,,,,,,,,,,,,,,,,,,,,,,,,,,0,,,,0,,,,,,,,,,,,,,,,,,,,,,,,,,,,,,,,,,,,,,,,,,,0,,,,,,,,
2258,12,,,,,,,,,,,,,9,,,,,,,,,,,,,,,0,,1,26,,,,,,,,,,,,,,,,,,,,,,,,0,,,,,,,,,,,,,,,,,5,,,,0,,,,,,0,,,,,,,,4,,,,,,,,,
2259,22,,,,,,,,,,,,,12,,,,,,,,,,,,,,,,,,2,27,,4,,,,,,,,,,,,2,,,,,,,,,,,,,,,,,,1,1,,,,,,2,,0,,,,,,,,,,,,,,,,,,,,,,,,,,
2260,29,,2,,,,,,,,,,,31,,3,,,,,,6,,,,,,,,,,7,34,,,,,,,,,,,,,,,,,,,,,,,,,,,1,,,,,8,,,,,,,,,,0,10,,,13,,,,,,,,,,,,,,,,,,,,,
2261,8,,,,,9,,,,,,,,17,,,,,,,,,,,,,,,,,,,,,,,,,,,,,,0,,,,,,,,,,,,,,,,,,,,0,,,,,,,,,,,,,,,,,,,,,,,,,,,,,,,,,,,,
2262,29,,,2,,0,,,,,,,,13,,,,,,,,,,,,,,,,,,30,,,,,,,,,,,,,,,,,,,0,,,,,,,,,,,,,,,,,,,,,,,,,,,,15,,,,,,,,,,,,,,,,,,,,,
2263,32,,,,,,,,,,,,,10,,2,,,,,,,,,,,,,,0,,4,35,,,0,,,,,,,,,,,,,,,5,,,,,,,,0,,,,,,11,,18,,,,,,,,,,,,18,,,,,,,,,,0,,,,,,,,,10,,
2264,14,,,,,,,,,,,,,,,,,,,,,2,,,,,,,,,,26,23,,,,,,,,,,,,,,,,,,,,,,,,,,,,,,,,,,,,,,,,,,,,,,,,,,,,,,,,,,,,,,,,,,,
2265,30,,,,,,,,,,,,5,,,,,,,,,,,,,,,,,,,7,17,,,,,1,,,,,0,,,,,,,,,,,,,,,,,,,,1,,,,,,,,,,,,,,,,,,,,,,,,,,,,,,,,,,,,,
2266,11,,,,,,,,,,,,,2,4,,,,,0,,,,,,,,,,,,26,0,,,,,,,,,,,,,,,,,,4,,,,,,,,,,,,,,,,,,,,,,,,,,,,,,,,,,,,,,,,,,,,,,,,1,
2267,20,,,,0,,6,,,,,,,11,,,,,,,,3,,,,,,,,,,25,26,,,,,,,,,,,,,,,,,,0,,,,,4,1,,,,,,,,,,,,,,,,,,,,,,,,,,,,,,,,,,,,,,,,9,,,
2268,17,,,,,,,,,,,,,,,,,,,,,,,,,,,,,,,5,26,,0,,,,,,,,,,,,,,,0,,,,,,,0,,,,,,,,,1,,,,,,,,,,,,,,,,,,,,,,,,,,,,,,,,,,
2269,30,,,,,,,,,,,,,9,,2,,,,,,,,,,,,,,,,4,28,,,,,,,,,,,,,,,0,,,0,,,2,2,,,,,1,0,,,,,,,,,,,,,,,,,,14,,,,,,,0,,,,0,,,,,,,,,,
2270,22,,,,,,,,,,,,,,,,,,,,,,,1,,,,,,,1,6,13,,,,,,,,,,,,,,,,,,,,,,,,,,,,,,,,,,2,,,0,,,,,,,,,14,,,,3,,,,,,,,,,,0,,,,,,
2271,30,,,,,,,,,,,,,16,,,,,,,,,,,,,,,,,,,27,,,,,,,,,,,,,,,,,,,0,,,,,,,,,4,,,,,,,,,,,,,,,,,,,,,,,,,,,,,,,,,,,,,,,
2272,20,,,,,,,,,,,,,17,,,,,,,,,,,,,,,,,,,14,,,,,,,,,,,,,,,,,,,,,,,,,,,,,,,,0,,,,,,,,,,,,,,,,,,,,,,,,,,,5,,,,,,,,
2273,20,,,,,,0,,,,,,,,,,,,2,,,,,,,,,,,,,17,24,11,,,,4,,,,,,,0,,,0,,,,,,,,,,,,,2,,,,,,,,,,,,,,,,,,,,,,,,,,,,,,,,,,,,11,,,
2274,20,,,,,,,,,,,,,,,,,,,,,,,,,,,,,,,25,20,,,,,,,,,,,,,,0,,,,,,,,,,,,,,2,,,,,,,,,,,,,,,,0,,,,,,,,,,,,,,,1,,,,,,,,
2275,24,,,,,0,,,,,,,,16,,,1,,,,,,,,,,,,,,,,,,,,,,,,,,,,,,,,,,,,,,,,,,,2,1,,,0,,,,,,,,,,,,,,,,,,,0,0,,,,,,,,,,,,,,,,
2276,3,,,,,,,,,,,,,16,,,,,,,,,,,,,,,,,,,0,,,,,,,,,,,,,3,,,,,,,,0,,,,,,,,,,,,,,,,,,,,,,,,,,,0,,,,0,,,,,,,,,,,,,,,
2277,24,,,,,,,1,,,,,0,23,,,,,,,,7,,,,1,,,,,,,29,,0,,,,,,,,,,,,,,,,,,,4,3,,,,,,,,,,7,,,,,,0,,,,,7,,,11,,,,,,,,2,,,,,,,,,1,,0,,
2278,30,,,,,,,,,,,,,15,,,,,,,,,,,,,,,,,,,,,,,,,,,,,,,,,,,,,,,,,,,,,,,,,,,,,,,,,0,,,,,,1,,,,,,,0,,,,,,1,,,4,,,,,,,
2279,17,,,,,,0,,,,,,,,,,0,,,,,,,,,,,,,,,5,0,,,,,,,,,,,,,,,,,,,2,,,,,,,,,,,,,,,,,,,,4,,,,,,,,,,,,,,,,,0,,,7,,,,,,,,
2280,18,,,,,,,,,,,,,,,,,,,,,,,,,,,,,,,25,19,,,,,,,,,,,,,,,,,,,,,,,,,,,,,,,,,,,,,,,,,,,,,,,,,,,,,,,0,,,,,,,,,,,,
2281,0,,,,,,,,,,,,,11,,4,1,,,,,10,,,,,,3,,,,,32,,3,,,,,,,,,,,,,,,,,,,,,,,,,3,,,,,,,,,,,,,,,,,,,9,,,,,,,,,,,,,,,2,,,,,,
2282,12,,,,,,,,,,,,,,,,,,,,,,,,,,,,,,,20,24,,,,,,,,,,,,,0,,,,,0,,,,,,0,,,,,,,,,,,,,,,,,,,,,,,,,,,,,,,,,,,,,,,,,,,
2283,2,,,,,,1,1,,,,,,,,,,,,,,,,,,,,,,,,,22,,,,,,,,,,,,,,,,,,,,0,,,,,,,,,,,,,,,,,,,1,,,,,,,,,,,,,,,,,,,,,,,,,,,,
2284,,,,,,,,,,,,,,,,2,,,,,2,,,,7,,,,,,,,33,3,,,,,,,,,,,,,,,,2,2,,10,,,,15,,,,,,,,,,,,,,,,,,,5,,,,,,,,,,0,,,,,0,,,,,,,,,
2285,16,,,,,,,,,,,,2,,0,,,,,,,,,,,,,,,,0,26,26,,,,,,,,,,,,,,,,,,,,2,,,,,,,,,,,,,,,,,,,,,,,,,,15,,,,,,,,1,,,,,4,,,,,,,,
2286,27,,,,,,,,,,,,,11,,,,,,,,4,,,,,,,,,,2,29,1,,,,,,,,,,,,,,,5,,,2,,,,,,,,,,,,,20,,4,,,,,,,,,9,,,1,,,,,,,,,,,,,,,,,1,,14,,
2287,28,,,,,,2,,,,,,,13,,,,,,,1,,,,,,,,,,,,,,,,,,,,,,,,,,,,,,,,,,,,,,,,,,,,,,,,,,,,,0,,,,,,0,,,,,,,,,,,,,,,,,,0,,
2288,30,,,,1,,,,,,,,,17,,,,,,,,,,,,,,,,,,1,23,,,,,,,,,,,,,,,,,,,,,,,,,,,,,,,,0,1,,,,,,,,,,,,,,,,,,,,,,,,,,,,,,,,,,
2289,18,,,,,,,,,,,,,,1,,,,,,,,,,,,,,,,,24,26,,,,,,,,,,,,,,,,,,,,,,,,,,,,,,,,,,,,,,,,,,,,,,,,,,,,,,,,,,,,,,,,,,,
2290,30,,,,,,,,,0,,,,0,,,,,,0,,,,,,,,,,,,,,,,,,,,,,,,,,4,,,,,,,,,,,,,,,,,,,,,,,,,,,0,,,,,,,,,,,,,,,,,,,,,,,,,,,
2291,24,,,,,,,,,,,,,,,,,0,,,,,,,,,,,,,,6,28,,,,,,,,,,,,,,,,,0,,,,,,,0,,,,,,,,,,,,,,,,,,,,,,,,2,,,,,,,,,,,,,,,,,,,
2292,17,,,,,,,,,,,,,,,,,,,,,,,,,,,,,,,23,26,,,,,0,,,,,,,,,,,,,,,,,,,,,,,,,,,,,,,,,,,,,,,,,,,,,,,,,,,,,,1,,,,,,,,
2293,13,,,,,,,,,,,,,,,,,,,,,1,,,,,,,,,,24,25,,,,,,,,,,,,,,,,,,,,,,,,,,,,,,,,,,,,,,,,,,,,,,,,,,,,,,,,,,,,,,,,,,,
2294,17,0,,,,,,,,,,,,,,,,,,0,,,,2,,,,,,,,24,21,,,,,,,,,,,,,,,,,,,,,,,,,,0,,,,,,,,,,,,,,,,,,,,,,,,,,,,,,,,,0,,,,,,,,
2295,19,,,,,,,,,,,,,,,,,,,,,,,,,,,,,,,23,19,,,,,,,,,,,,,,,,,,,,,,,,,,,,,,,,,,,,,,,,,,,,,,,,,,,,,,,,,,,,,,,,,,,
2296,21,,,,,,,,,,,,,,,,,,,,,,1,,,,,,,,,25,25,,0,,,,,,,,,,,,,,,,,,,,5,,,,,3,,,,,,,,2,,,,,1,,,,,,,,,,,,0,,,,,,,,,,,,,16,,
2297,,,,,,,,,,,,,,,,,,,,,2,0,,,14,2,,,,,,,34,10,,,,,,,,,,,,,,,,14,0,,8,,,,19,,,,,,,,,,,,,,,,,,,,,0,,,,,,0,,,,,,,,,,,,,,,,
2298,21,,,,,,,,,,,,,4,,,,,,,,,,,,,,,,,,,7,,,2,,,,,,,,,,,,,,,3,,,,,0,,,,,,,,,0,,1,,,,,9,,,,,,,,,,,,,,,,,,,,,,,,,,,,
2299,25,,,,,1,,,,,,,,0,,,,,,,,0,,,,,,,,,,,,,,,,,,,,,,,,,,,,,,,,,,,,,,,,,,,,,,,,,,,,,,,,,,,,,,,,,,0,,,,,,,,,,,,
2300,26,,,1,,,,,1,,,0,,16,,0,,,,,,,,,,,,,0,,,0,,,,,,,,,,,1,,,,,,,,,,,,,,,,,,,,,,,,,,,,,,,,,,,,,,,,,,,,,,,,,2,,1,,,,,,
2301,32,,,,,,,,,,,,,0,,5,,,,,,8,,,,,,0,,,,,31,,4,,,,,,,,,,,,,,,,,,,,,,,,,,,,,,19,,,,,,,,,,,13,,,14,,,,,,,,,,,,,,,3,,,,,,
2302,18,,,,,,,,,,,,,,,,,,,,,,,,,,,,,,,8,24,0,,,,,,,,,,,,,,,,,,,,,,,,,,,,,,,,,,,,,,,,,,,,,,,,,,,,,,,,,,,,,,,,,,
2303,3,,,,,,,,,,,,,14,,,,,,,,,,,,,,,,,,0,25,,,,,0,,,,,,,,,,,,,,,,,,,,,,,,,,,,,,,,,,,,,,0,,,,,,,,,,,,,,,,,,,,,,,,
2304,20,,,,,,,,,,,,,9,,,,,,,,0,,,,,,,,,0,23,26,,,,,,,,,,,,,,,0,,,,,,,,,,,,,,,,,,2,,,,,,,,,,,,,,,,,,,,,,,,0,,,,,,,,,,
2305,1,,,,,,5,,,0,,,,,0,,,,,,,,,,,,,,,,,24,25,,,,,,,,,0,,,,,,,,,,,,,,,,,,,,,,,,,,,,,,,,,,,,,,,,,,,,,,,,,,7,,,,,11,,,
2306,26,,,,,12,1,,,,,,,14,,,,,,,,,,,,,,,,,,,,0,,,,,,,3,,,,,,,,,,,,,,,,,,0,,,,,,,,,,,,,,,,,,,1,,,,,,,,,,,,,,,,,,,,,0,
2307,26,,,,,,,,,,,,,16,,,,,,,,,,,,,,,,3,0,,,,,,,,,,,,,,,,,,,,,,,,,,,,,,,,,,,,,,,,,,,,,,,,,,,,,,0,,,,,,,0,,,,,,,,
2308,28,,,,,0,,,,,,,,12,,,1,,,,,,,,,,,,,1,,,,,,,,,,,,,,,,,,,,,,,,,,,,,,,,,,,,,,,,,,,,,,,,3,,,,,,,,,,,,,,,,,,0,,,,
2309,29,,0,,,,,,,,,,,14,,,,,,,,,,,,,,,,,,,,,,,,,,,,,,,,,,,,,,,,,,,,,,,,,,,,,,,,,,,,,,,,,,,,,,,,,,,0,,,,,,,,,,,
2310,20,,,,,,,,,,,,,19,,,,,,,,,,,,,0,,,,,25,33,2,0,,,,,,,0,,,,,,,,,1,,,,,,,,,,,,,0,,,,,,,,,,,,,,,,,,,,,,,,,,,,,,,,,,,,
2311,28,,,,,,,,,,0,,,16,,,,,,,,,,,,,,,,,,,,,,,,,,,,0,,,,,1,,,,,,,2,,,,,,,,,,,,,,,,,,,,,,,,,,,,,,,,,,,,,,,,,,,,,,
2312,21,3,,,,,,,,,,,,,,,,,,,,,,,,,,,,,,12,27,,,,,,,,,,,,,,,,,9,5,,8,,2,,,,,,,,,,,,,,0,,,8,,,,,,,14,,,,,,,,,,,,,,,,,,,,0,
2313,31,,,,,,,,,,,,,25,,,,,,,,,,,,,,,,,,9,31,,,,,,,,0,,,,0,,,,,,0,0,,,,,,,,,,,,,8,,18,,,,,,,,,5,,,,,,,,,,,,,,,,,,,,,,9,,
2314,20,,,,,,,,,,,,,12,,,,,,,,9,,,,,,,,,,,33,,,,,,,,,,,0,,,,,2,,,0,,,,,,,,,,,,,20,,5,,,,,,,,,0,,1,14,,,,,,,,,,,,,,,,,,,13,,
2315,2,,,,,,,,,,,,,,,,,,,,,,,,,,,,,,,23,25,,,,,,,,,,,,,,,,,,,,,,,,,,,,,,,,,,,,,,,,,,,,,,1,,,,,,,,,,,,,4,,,,,1,,,
2316,30,,,,,,,,,,,,,30,,,,,,,,10,,,,,,,,,,,33,2,,,,,,,,,,,,,,,,,,,,,,,,,,,,,,,7,,2,,,,,,,,,10,,,6,,,,,,,,,,,,,,,,,,,11,,
2317,30,,,,,,,,,,,,,30,,,,,,,1,8,,,,,,,,,,,31,,,,,,,,,,,,,,,,,,,,,,,,,,,,,,,,6,,13,,,,,,,,1,10,0,,3,,,,,,,,,,,,,,,,,,,2,,
2318,18,,,,,,,,,,,,,18,,,,,,,,,,,,,,,,,1,20,15,1,,,0,,,,,,,,,,,,,,,,,,,,,,,,,,,,,,,,,,,,,,,,,,,,,,1,,,,,,,,,,,,,,,,,
2319,16,,,,,,,,,,,,,15,,,,,,,,,,,,,,,,,,26,7,,,,,,,,,1,,,0,,,,,,,,,,,,,,,,,,,,,,,,,,,7,,,,,,1,3,,,,,,,,,,,,,,,,,,2,,,
2320,33,4,,,,,,,,,,,,4,,2,,,,,,,,,,,,,,,,,26,,4,,,,,,,,,,,1,,,,,,,,,,,,,,10,,,,,,,,,,,,,,,,,,,,,,,,,,,,0,,,,,,,,,,4,,
2321,20,0,,,,,,,,,,,,9,,,,,,,,,,,,,,,,,,,,,,,,,,,,,,,,,1,,,,3,,,3,3,,,,,,,,0,,10,,,,,,,,,,,7,,,9,,,,,,,,,,,,,,,,,,1,,,
2322,33,,,,,,,,,,,,,34,,,,,,,,8,,,,,,,,,,21,1,,,,,,2,,,,,,,,,,,,,,,,,,,,,1,,,,,18,,15,,,,,,,,,,,,17,,,,,0,,,,,,,,,,,,,,14,,
2323,8,,,,,,,,,,,,,16,,0,,1,,,,,,0,,,,,,,,,,,,,,0,,,,,,,,,,,,,,,,,,,,,,,,,,,,,,,,,,,,,,,,,,,,,,,,,,,,0,,0,,,,,,,,
2324,28,,,,,,,,,,,2,,15,,,,,,,,,,,,,,1,,,,,,,,,,,,,,,,1,,,,,,,,,,,,,,,,,,,,0,,,,,,,,,,,,,,,0,,,,,,,,,,,,,,,,,,,,,
2325,19,,,,0,,,,,,,,,,,,,,,,13,,,,,,,,,,,22,2,,,,,,,,,0,,,,,,,,,,,,,,,,,,,,,,,,,,,,,,1,,,,,0,,,,,,,1,,,,,,,,,,,,,,,,
2326,27,,,,,,,,0,,,,,15,,,,,,,,,,,,,,,,,,,,,,,,,,,,,4,,,,,,,,,,,,,,,,,,,,,,,,,,,,,,,,,,,,,,,,,0,,,,,,,,,,,,,,,,
2327,17,,,,,,,,,,,,,,,,,,,,,,,,,,,,,,,18,25,,,,,,,,,,,,,,,,,,,,,,,,,,,,,,,,,,,,,,,,,,,,,,,,0,,,,,,,,,,,,,,,,,,,
2328,1,,,,,,,,,,,,,,,,,,,,,,,,,,,,,,,24,6,,,,,,,,,,,1,,,0,,,,,,,,,,,,,1,,,,,,,,,,,,,,,,2,,,,,,,,,,,,,,,,,,,,,,,,
2329,25,,,,,,,,,,,,,0,,,,,,,,,,,,,,,,,,,,,,,,,,,,,1,,,,,,,,,,,,,,,,,1,,,,,,,,,,,,,,,,,,,,,,,,,,,,,,,,,,,,,,,,
2330,1,,,,,,,,,,,,,,,,,,2,,,,,,,,,,,,,23,25,,,,,,,,,,,,,,,,0,,,,,,,,,,,,,,,,,,,,,,,6,,,0,,,,15,,,,,,,,,,,,,1,,,,,1,,,
2331,30,,,,,,,,,,,,,9,,,,,,,,,,,,,,,,,,,,,,,,,,5,,,,,,,,0,,,,,,,,,,,,,,,,,,,,,,,,,,,,,,,,,,,,,1,,,,,,,1,,0,,,,,,
2332,20,,,,,,,,,,,,,,,,,,,,,,,,,,,,,,,20,26,,2,,,,,,,,,,,,,,,,,,,,,,,,,,,,,,,,,,,,,,,,,,,,,,,,,,0,,,,,,,,,,,,,,,
2333,4,,,,,,0,,,,,,,,,,,,,,,,,,,0,,,,,,24,27,,,,0,,,,,,,,,,,,,,,,,,,,,,,,,,,,,,,,,,,,,,,,,,,,,,,,,,,,,,,,,,,,,,,
2334,22,,,,,3,,,,,,,,4,,,,,,,,,,,,,,,,0,,,,,,,,,,,,,,,,,,,,2,,,,,,,,,,,,,,,,,,,,,,,,,,,,,,,,,,,,,,,,,,,,,,,,,,
2335,25,,,3,,,,,,,,,,32,,,,,,,,8,,,,,,,,,,,28,,,,,,,,,0,,,,,,,7,,,2,,,,,,,,,,,,,0,,13,,,,,,,,,0,,,7,,,,,,,,,,,,,,,,,,,3,,
2336,17,,,,,,,,,,,,,,,,,,0,,,,,,,,,,,,,25,20,,,,,,,,,,,,,,,,,1,1,,,,,,,,,,,,,,,,1,,,,,,,,,,,,,,,,,,,,,,,,,5,,,,,,,,
2337,,,,,,,,,,,,,,,,,,,,,,,,,7,,,,,,,,35,11,,,,,,,,,,,2,,,,,11,4,,9,,,,8,,,,,,,,,,,,,,,,,,,,,,,,,,,,,,,1,,,,,,,,,,,,
2338,21,,,,,,,,,,,,,,,,,,,,,,,,,,,,,,,21,24,,,,,,,,,,,,,,,,,,,,,,,,,,,,,,,,,,,,,,,,1,,,,,0,,,,,,,,,,,,,,,,,,,10,,,
2339,28,,,,,0,,,,,,,,12,,1,,,,,,,,,,,,,,,,,,,,,,,,1,,,,,,,,,,,,,,,,,,,,,,,,,,,,,,,,,,,,,,,,,,,,,,,,0,,,,,0,,,,,,,
2340,13,,,,,,,,,,,,,16,,,,,,,,,,,,,,,,,,,,,,,,,,,,,,0,,1,,,,,,,,,,,,,,,0,,,,,,,,,,,,,,,,,,,,,,,,,,,,,,,,,,,,,,,
2341,32,,3,,,,,,,,,,3,30,,,,,,,,10,,,,,,,,,,9,35,,,,,,,,,,,,,,0,,,,,,,,,,,,,,,,,,9,,1,,,,,,,,,8,,,8,,,,,,3,,,,,,,,,,,,,13,,
2342,32,,,,,,,,,,,,,9,,,,,,,,9,,,,0,,,,1,,,34,,,,,,,,,,,,,,,,,,,,,,,,,,,,,,,,10,,15,,,,,1,,,,9,,,5,0,,,,,,,,,,,0,,,,,,,14,,
2343,0,,,,,,,,,,0,,,,,,,,,,,,,,,,,,,,,25,23,,,,,3,,,,,,,,,,,,,,,,3,,,,,,,,,,,,,,,,,,,,,,,,,,,,,,1,,,,,,,,8,,,,,,,,
2344,4,,,,,,,,,,,,,,,,,,,,,0,,,,,,,,,,22,2,,,,,,,,,,,,,,,,,,,,,,,,,,,,,,,,,,,,,1,,,,,,,,,,,,,,,,,,,,,,,,,,,,,,
2345,16,,,,,,,,,,,,,,6,,,,,,,,,,,,,,,,,6,4,0,,,,,,,,1,,,,,,,,,,,,,,,,,,,,,,,,,,,,0,,,,,,,,1,,,,,,,,,0,,,,,,,,,,,,,
2346,,,,,,,,,,,,,,,,,,,,,,,,,14,,,1,,,,,33,10,,,,,,,,,,,,,,,,13,7,,8,,,,7,,,,,,,,,,,,,,,,,,,,,,,,,,,,,,,,,,,,,,,,,,,
2347,11,,,,,0,,,,,2,,,14,,,,,,,,,,,,,,,,,,,,,,,,,,,,,,,,,,,,,,,,,,,,,,,,,,,,,,,,,,,,,,,,,,,,,,,2,,,,,,,,,,,,,,,
2348,30,,,,,,,,,,,,,4,,,,,,,,0,,,,,,,,,,,,,,,2,,,,,,,,,,,,,,,,,,,1,,,,,,,,,0,,,,,,,,,0,,,,,,,,,,,,,,,,,2,,,,,,,,,
2349,31,6,,,,,,,,,,,,2,,8,,,,,,,,,,,,,,,,,28,,7,,,3,,,,,,,,3,,,,,,,,,,,,,,9,,,1,,,,,,,,,,,,,,,,,,,,,,1,,,,,,,,,,,,,8,,
2350,28,0,,,,,,,,,,,,16,,,5,,,,,,,,3,,,,,,,29,,,,,,,,,,,,,,,,,,,,1,,,,,,,,,,,,,,,,,,,,,,,,,,,,,,,,,,,,,,,,,,,,,,,,
2351,,,,,,,3,,,,,,,,,,,,,,,,,,,,,,,,,25,27,,,,,,,,,,,,,,,,,,,,,,3,,,,,,,,,,,,,,0,,,,,,,,,,,,,,,,,,,,,,,,,,,,0,,,
2352,0,,,,,,,,,,,,,16,2,,,,,,,,,,,,,,,,,,,,,,,,,,,,,,,5,,,,,,,,,,,,,1,,,,,,,,,,,,,,,,,,,,,,,,,,,,,,,,,,,,,,,,,
2353,5,,,,,,,,,,,,,16,,,,,,,,,,,,,,0,,,,28,,,,,,,0,,,,,,,0,,,,,,,,,,,,,,,,,,,,,,,,,,,,,,,,,,,,,,,,,,,,1,1,,,,,,,,,
2354,21,,,,,,,,,,,,,14,,,,,,,,,,0,,,,,2,,,,,,,,,,,,,,,,,,,,,3,,,,,,2,,,,,,,,,,,,,,,,,,,,,,2,,3,,,,,,,,,,,,,,,,,,,,
2355,17,,,,,,,,,,,0,,,,,,,,,,,,,,,,,,,,13,3,,,,,,,,,,,,,,,,,,1,,,,1,,,,,,,,,,,,,,,,,,,,,,,,,,,,,,,,,,,,,,,,,,,,,
2356,29,,,,,,,,,,,,,2,,,,,,,,,,,,,,,,,,,,,,,3,,,,,,,,,,,,,,,,0,,,,,,0,,,,,,,,,,,,,,,,,,,,,,,0,,,4,,,,,,,,,,,,,,,
2357,34,,,,,,,,,,,,,12,,,,,,,,2,,,,,,,,,,12,28,,,,,,,,5,,,,,,,,,,,,,3,,,,,,4,,,,,4,,,,,,,,,,,10,,,10,,,,,,5,,,,,,,,,,,2,,,1,
2358,6,,,,,,,,,,,0,,35,,,,,,,,,,,,,,,,,,,32,,,,,,,,,,,,,,,,,,0,,,2,,,,,,,,,,,,0,19,,,,,,,,,,,,,,,,,,,,,,,,,,,,,,,10,,
2359,9,,,,,,,,,,,,,13,,,,,,,,,,,,,,,,,,,,2,,,,,0,,,,,,0,,,,,,,,,,,,,,,,,,,,,,,,,,,,,,,,,,,,,,,,,,,,,,,,,,,,,,,
2360,31,,,5,,,,,,,,2,,31,,,,,,,,7,,,,,,,,,,,29,,,,,,0,,,,,,,,,,,,6,,,,,,0,,,,,,,,18,,12,,,,,,,,,11,,,7,,,,,,,,,,,,,,,,,,,12,,
2361,19,,,,,,,,,,,,,31,,,,,,,,5,,,,,,,,,,1,32,,,,,,,,,,,,,,,,,,,,,,,,,,,,,,,,7,,14,,,,,,,,,9,,,0,,,,0,,,,,,,,,,,,,,,7,,
2362,21,,,,,,,,,,,,,,,,,,,,,,,,,,,,,,1,9,14,,,,,,,,,,,3,,,,,,,,,,,,,,,,,,,,,,,,,,,,,,,,,,,,0,,,,,,,,,,,,,,,,,,,,
2363,28,,0,,,,,,,,,,,13,,,,,,,,,,,,,,,,,,,,,,,,,,,,,5,,,,,,,,,,,,,,,,,,,,,,,,,,,,,,,,,,,,,,,,,,,,,,,,,,,,,,,,,
2364,,,,,,,,,,,,,,,,,,,,,,,0,,1,,,,,,,2,32,4,,,,,,,,,,,,,,,,3,6,,8,,,,11,,,,,,,0,,,,,,,,,,,,,,,,,,,,,,,,,,,,,,,,,,,,
2365,,,,,,,,,,,0,,,,,,,,,,,,,,15,,,,,,,,33,7,,,,,,,0,,,,,,,,,11,8,,3,,,,2,,,,,,,,,,,,,,,,,,,,,,,,,,,,,1,,,,,,,,,,,,,,
2366,19,,,,,,,,,,,,,,,,,,,,,,,,,,1,,,,,19,17,,,,,,,,,2,,,,,,,,,,,,,,,,,,0,,,,,,,,,,,,,,,,,,,,,,,,,,,,,,,,,,,,,,,,
2367,22,,,,,,,,,,,,,,,,,,,,,,,,,,,,,,,1,1,,,,,,,,,,,,,,,,,,,,,,,,,,,,,,,,,0,,,,,,,,,,,,,,,,,,,,,,,,,,,,,,,,,,
2368,19,,1,,,,,,,,,,,,,,,,,,,,,2,,,,,,,,23,22,,,,,,,,,,,,,,,,,,,,0,,,,,,,,,,,,,,,,,,,,,,,,0,,,,,,,,,,,,,,,,,,,,,1,,
2369,23,,,,,,,0,,,,,,8,,2,,,,,,,,,,,,,,,,1,,,,,,,,0,,,,,,,,,,,,,,,,,,,,,,1,,,,,,,0,,,,,,,,,,,,,,,,,,,,,,,,3,,,,,,,
2370,28,,,,,1,,,,,,,,14,,,,,,,,,,,3,,,,,,,,,,,,,,,,,,,,,,,,,,,,,,,1,,,,,,,,,,,1,,,,,,,,,,1,,,,,,,,2,,,,,0,,,,,,,,,,
2371,30,,,5,,,,1,,,,,,21,,,,,,,,7,,,,,,,,,,,33,,,,,,,,,,0,,,,,,,,,,,,,,,,,,,,,,11,,16,,,2,,,,,,10,,,16,,,,,,,,,,,,,,,,,,,1,,
2372,0,,,,,,,,,,,,,,,,,,,,,,,,,,,,,,,26,26,,,,,,,,,,,,,,,,,,,,,,,0,,,,,,,,,,,0,0,,,,,,,,,,0,,,,,,,,,,,,,,,,,,,,,,
2373,32,,,,,,,,,,,,,26,,,,,,,,6,,,,,,,,,,,28,,,,,,,,,,,,,,2,,,,,,,,,,,,,1,,,,,15,,21,,,,,1,,,,9,,,1,,,,,,,1,0,,,,,,6,1,,,,5,,
2374,29,,,,,,,,,,,,,16,,,,,,,,,,,,,,,,,,,,,,,,,,,,,,,,,,,,,,,,,,,,,,,,,,,,,,,,,,,,,,,,,,,,,,,,,,,,,,,2,,,,,,,
2375,31,,,,,,,,,,,,,9,,3,,,,,,,,,,,,,,,,4,35,,,,,,,,,,,,,,,,,,5,,,7,,,,,,1,,,,,,,,,,,,,,,,15,,,14,,,,,,,,,,,,,,,,,,,12,,
2376,27,,,,,,,,,,,,,13,,,,,,,,,,,,,,,,,,,,,,,,,,,,,,,,,,,,,,,,0,0,,,,,,,,,,,,,,,,,,,,,,,2,,,,,,,,,,,,,,,2,,,,,,,
2377,19,,,,,,,,,,,,,,0,,,,,,,,,,,,,,,,,24,18,,,,,,,,,,,,,,,,3,,,,,,,,,,,,,,,0,,,,,,,,,,,0,,,,,,,,,,,,,,,,,,,,,,,,,
2378,,,,,,,,,,,,,,,,,,,,,,,,,16,0,,,,,,,31,9,,,,,,,,,,,,,0,,,1,6,,9,,2,0,16,,,,,,,,,,,,,,,,,,,,,,,,,,,,,,,,,,,,,,,,,,,
2379,10,,,,,,,,,,,,,,,,,,,,1,,,,,,,,,,,8,17,,,,,,,,,,,,,,,,,,,,,,,,0,,,,,,,,,,,,,,,0,,,,,,0,,,,,,,,,,,,,,,,,,,,,,
2380,32,,,,,,,,0,,,,,26,,,,,,,,10,,,,,,0,,,,4,28,,,,,,,,1,,,,,,,,,,1,,,,2,,,,,1,,,,,9,,19,,,,,,,,,6,0,,20,,,,,,,,,,,,,,,,,,,,,
2381,29,,,0,,,,,,,,,,0,,,,,,,,,,,,0,,,,,,,,,,,,,,,,,,,,,,,,,,,,,,,,,,,,,,,,,0,,,,,,,,,,,,,,,,,,0,0,,,,,,,,,,,,,,
2382,30,,,,,,,,,,,,,27,,,,,,,,,,,,,,,,,0,11,28,,,,,,,,,,,,,1,,,,,2,,,2,2,,,,,1,,,,,,,21,,,,,,,,1,,,,7,,,,,,,,,,,,,,,,,,,,,
2383,30,,,,,,,,,,,,,12,,,,,,,,,,,,,,,,,,28,,,,,,,,,,,,,,,,,,,,,,,,,,,,,,,,,,,,,,,,,,,,,,,,,,,,,,,,,,,,,,,,,,,,
2384,6,0,,,,,,,,,,,,10,,,,,,0,,,,,,,,,,,,23,26,,,,,,,,,,,,,,,,,,,,2,,,,,,,,,,,,,,,,,,,,,,,,,,,,,,,,,,,,,,,,,,,,,,,
2385,22,,,,,,,,,,,,,,,,,,,,0,,,,,,,,,,,24,26,,,,,,,,,,,,,,,,,,,,,,,,,,,,,,,,,,,,,,,,,,,,,,,,,,,,,,,,,,,6,,,,,8,,,
2386,28,,,,,,,,0,,,,,15,,,,,,,,,,,,,,,,,,,,,,,,,,0,,,,,,,,,,,,,,,,,,,,,,,,,0,,,,,,,,,,,,,,,,,,,,,,,,,,,,,,,0,,,,
2387,29,,,,,,,,,,,,,12,,,,,,,,,,,,,,,,,,,,,,,,,,,,,,,,,,,,,,,,,,,,,,,,,,,,,,,,0,,,,,,,,,,,,,,,,,,,,1,,,,,,,,,,
2388,32,,,,,,,,,,,,,28,,,,,,,,11,,,0,,,,,,,10,31,,,,,,,,,,,,,,,2,,,2,,,2,,,,,,,,,,,17,,8,,,,,,,,,11,,,4,,,,,,,,,0,,,,,,3,,,,14,,
2389,7,2,,,,,,,,,,,,,,,,,,,,1,,,,,,0,,,,13,26,,,,,,,,,,,,,,,,,15,4,,3,,2,,,,,0,,,,,0,,,,,,,0,,,,,,,,,,,,0,,,,1,,,,,,,,,,,,
2390,2,,,,,,,0,,,,,,,,,,,,,,,,,,,,,,,,24,21,,1,,,,,,,,,,,,,,,0,,,,,,,,,,,,,,,,,,,,,,,,,,,,,,,,,,,,,,,,,,,,,,,,,,
2391,29,,,,,,,0,,,,,,8,,,,,,,,,,,,1,,,,,,,,,,,,,,,,,,,,,,,,,,,,,,,,,,,,,,,,,,,,,,,,,,,,,,,,,,,,,,,,0,,,,,,,,,,
2392,29,,,,,,,,,,,,,16,,,,,,,,,,,2,,,,,2,,,,,,,,,,,,,,,,,,,,,,,,,,,,,,1,,,,,,,,,,0,,,,,,,,0,,,,,,,,,,,,,,,,,,,,,,
2393,29,,,,,,1,,,,,,,7,,,,1,,,,,,,,,,,,,,27,,,,,,,,,,,,,,,,,,,,,,,,,,,,,,,,,,,,,,,,,,,,,,,,,,,,0,,,,,,,,,,,,,2,,,
2394,18,,,,,,,,,,,,,,,,,,,,,,,,,,,,,,,17,23,,,,,,,,,,0,,,,1,,,0,,,,,,,,,,,,,,2,,0,,,,,,,,,,,,,,,,,,,,1,,,,,,11,,,,,,,,
2395,30,,,,,,,,,,,,,12,,,,,,,,,,,,,,,,,,,,,,,,,,,,,,,,,,,,,,,,,,,,,,,,,,,,,,,,,,,,,,,,,,,,,,1,,,,,,,,,,,,,,,,
2396,11,,,,,,,,,,,,,,,,,,,,,,,,,,0,,,,,24,10,,,,,,,,,,,,,,,,,,,,,,,,,,,1,,,,,,,,,,,,,,,,,,,,,,,,,,,,,,,,,,,,,,,,1
2397,32,,,,,,,,,,,,,32,,,,,,,,8,,,,,,,,,,,33,,,,,,1,,,,,,,,,,,,,,,,,,,,,,,,,,19,,4,,,,,,,,,9,0,,18,,,,,,,,,,,,,,,,,,,,,
2398,19,,,,,,,,,,,,,,,,,,,,0,,,,,,,,,,,21,18,,,,,0,,,,,,,,,,,,,,,0,,,,,,,,,,,,,,,,,,,,,,,,,,,,,,,,,,,,,,,,,,,,,,,
2399,21,,,,,,,,,,,,,,,,,,,,,,,,,,,,,,,23,20,,,,,,,,,,,4,,,,,,,,,,,,,,,,8,,,,,,,,,,,,,,,,,,,,,,,,,,,,,,,,,,,,,,,,
2400,20,,,,,,,,,,,,,9,,,,,,,,,,,,,,,,1,0,4,4,0,,,,,,,,,,,,,,,,,8,,7,,,,,,,,,,,,,,,,,,,,,,,,,,2,,,,,,,,,,,,,,,,,2,2,,,
2401,33,3,,,,,,,,,,,,1,,6,,,,,,,,,,,,,,,,,25,,3,,,,,,,,,,,,,,,,,,,,,,,,0,7,,,0,,,,,,,,,,,,,,,,,,,,,,,,,,,,,,,,4,,,7,,
2402,31,,,,,,,2,,,,0,,29,,,,,,,,,,,0,,,,,,,,32,,,,,,,,,,,,,,,,,,,,,,,,,,,,,,,,9,,12,,,,,,,0,,9,,,20,,,,,,,,,,,,,,,,,,,0,,
2403,26,,,,,,,,,,,,,31,,,,,,,,9,,,,,,,,3,,,32,,,,,,,,,,,,,,,,3,14,,,,,,,,,,,,,,,23,,18,,,,,,,,,11,,,14,,,,,,,,,,,,,,,,,,,14,,
2404,8,,,,,,,,,,,,,17,,,0,,,,,,,,,,,,,,,,,,,,,,,,,,,,,,,,,,,,,,,1,,,,,,,,,,,,,,,,,,,,,,,,,,,,,1,,,,,,,,,,,,,,,
2405,33,,,1,,,,,,,,,,29,0,2,,,,,,1,,,,,,,,,,,32,,,,,,,,2,,,,,,,,,13,,,1,,,,,,,,,,,,21,,19,,,,,,,,,8,,,3,,,,,,,,,,,,,0,,,,,1,5,,
2406,24,,,,0,,,,,,,,,,,,,,,,,,1,,,,,,,,,6,15,,,,,,,,,,,,,,,,,1,,,,,,,,,,4,,,,,,,,,,,,,,,,,,,,,0,,,1,,,,,,,,,,,,,,,,
2407,27,,,,,,,,,,,,,6,,,,,,,,,,,0,,,,,,,,,,,,,,,,,,0,,,,,,,,,,,,,,,,,0,0,,,,,,,,,1,,,,,,,,,,,,,,,,0,,,,,,0,,,,,,,,
2408,1,,,,,,,,,,,,,16,,,,,,,,,,,,,,,,,,,,,,,,,,,,,,,,2,,,,,,,,,,,,,,,,,,,,0,,,,,,,,,,,,,,0,,,,,,,,,,,,,,,,,,,,
2409,29,,,1,,,,,,,,,,12,,,,,,,,,,,,,,,,,,0,,1,,,,,,,,,,1,,,,,,,,,,,,,,,,,,,,,,,,,,,,,,,,,,,,,,,,,,,,,,,,,,,,,,,,
2410,28,,,,,,,,,,,,,16,,,,,,,,,,,,,,,,,,,,,,,,,,,,,,,,,,,,,,,,,,,,,,,,,,,,,,,,,,,,,,,,,,,,,,,,,,,,,,1,,,0,,,,,
2411,31,,,,,,,,,,,,,34,,,,,,,,2,,,,,,,,,,,33,,,,,,,,,,,,,,,,,,,,,,,,,,,,,,,,19,,16,,,,,,,,,8,,,14,,,,,,,,,,,,,,,1,,2,,11,,
2412,34,,,,,,,,,,,,,10,,,,,,,,10,,,,,,,,,,,35,,,,,,,,,,3,,,,,,,,,,,,,,,,,2,,,,,0,,14,,,0,,,,,,,,,4,,,,,,0,,,,,,,,1,,,,,3,,
2413,20,,,,,,0,,,,,,,,,,,,,,,,,,,,,6,,2,,14,23,,,,,,,,,,,,,,,,,,7,0,,,,,,,,,,,,,,,0,,,,,,,,,,,,15,,,,,,,0,,,,,,,,,,,,,,
2414,26,,,,,,,,0,,,,,13,,,,,,,,,,,,,,,,,1,0,,,,,2,,,,,,,,,,,,,,,,,,,,,,,,,,,,,,,,,,,,0,,,,,,,,,,,2,,,,,,0,1,0,,,,,,,,
2415,1,,,,,,,,,,,,,,,,,,,,,,,1,,,0,,,,,4,22,,,1,,,,,,,,0,0,,,,,,,,,,2,,,,,,,,,,,,,,,0,,,,,,0,,,,,,,,,,,,,,,,,,,,,,,,
2416,24,,,,,,,,,,,,,,,,,,,,,,,,,,,,,,,8,13,,,,,,,,,,,,,,0,,,,,,,,,,,,,,,,,,,,,,,,,,,,,,,,,,,,,,,,,,,,,,,,,,,16,,
2417,16,,,,,0,,,,,,,,,,,,,,,,,,,,,,,,,,25,23,,,,,,,,,,,,,,1,,,,,,,,1,,,,,,,0,,,,,,,,,,,,,,,,,,,,,,,,,,,,,,,,,,,,,,
2418,20,,,,,,,,,,0,,,1,,0,,,,,2,,,,,,,,,,,,,,,,,,,,,,,,0,,,,,,,,,,,,,,,,,,,,,,,,,,,,,,,,,,,,,,,,,,,,,,,,,,,,,,,
2419,18,,,,,,,,,,,,,,,,,,,,,,,,,,,,,,0,15,24,,,,,,,,,,,,,,,,,,0,,,,,,,,,,,,,,,,,,,,,,,,,,,,,,,,,,,,,,,,,3,,,,,,,,
2420,14,,,,,,,,,,,,,,,,,,,,,0,,,,,,,,0,,1,25,,0,,,,,,,,,,,,,,,,,,,,,,,,,0,,,,,,,0,,,,,,0,,,,,,,,,,,,,,,1,,,,1,,,,,,,,
2421,22,,,,,,,,,,,,,22,,3,,,,,,,,,,,,,,,,12,32,,,,,,,,,,,,,,,,,,3,,,3,3,,,,,,,,,,25,,,0,,,,,,,,,,,5,,,,1,,,,,,,,,,,,,,,,,
2422,33,,,,0,,0,0,,,,,,14,,4,,,,,,,,,,,,,,,,7,35,,,,,,1,,,,,,,4,,,,0,3,4,,0,,,,,,2,,,,0,10,,18,,,,,,,,,14,,,17,,,,,,,,,,,,,,,,,,,15,,
2423,30,,,,,7,5,,,,,,,16,,,,,,,,,,,,,,,,,,,,,,,,,,,,,,,,,,,,,,,,,,,,,,,,,,,,,,,,,,,,,,,,,,,,,,,,,,,,,,,,,0,,,,,
2424,33,,,,,,,,,,,,,9,,0,,,,,,11,,,,,,,,1,,0,33,,,,,,,,,,,,0,,,,,,,,,,,,,,,3,,,,,11,,14,,,3,,,,,,,,,8,0,,,,,,,,,,,,,,,,,,2,,
2425,22,,,,,,,,,,,,,,,,,,,,,,,,,,,,,,4,,3,,2,,,,,,,,,,,,,,,,4,,,,,,,,,0,,,,,,,16,,,,,,,,,,,,,,,,,,,,,,,,,,,,,,,,,
2426,30,5,,,,,,,,,,,,0,,3,,,,,,,,,,,,,,,,,24,,5,,,1,,,,,,,,0,,,,,,,,,,,,,,8,,0,,,,,,,,0,,,,,,,,,,,,,,,,,,,,,,,,,,,,9,,
2427,20,,,,,,,,,,,,,13,,,,,,,,,,,,,,,,,0,27,,,,,,,,,,,,0,,,5,,,,,,,,,,,,,2,,,,,,,,,0,,,,,,,,,,,,,,,,,,,,,,,,,,,,,,,
2428,30,,,,,,,,,,,,,9,,,,,,,,,,,1,,,,,,,,,,,,,,,3,,,,,,,,,,,,,,,,,,,,,,,,,,,,,,,,,1,,,,,,,,,,,,,,,,,,,,,,,,,,0,
2429,30,,,,,,,,,,,,,8,,,,,,,,,,,,,,,,,,,,,,,,,,,,,,,,,,,,,,,,,,,1,,,,,,,,,,,,,,,,2,,,,,,,,,,,,,,,,,,,,,,,,,,,
2430,29,,,,,,,,,,,,,14,,,,0,,,,,,,,,,,,,,,,,,,,,,,,,,,,,,,,,,,,,,0,,,,,,,,,,,,,,,,,3,,,,,,,,,,,,,,,,,,,,,,,,,,,
2431,33,,,,,,,,,,,,,11,,2,,,,,,,,,,,,,1,2,,10,35,,,,,,,,,,,,,,,,,,4,1,,4,,,,,1,0,,,,,10,,19,,,,,,,,,,,,,,,,,,,,,,1,,,,,,,,,15,,
2432,17,,,,,,0,,,,,,,,,,,,,,,,,,,,,,,,,2,22,,,,,,,,,,,,,,,,,,1,,,,,,,,,,,,,,,,,,,,,,,0,,,,,,,,,,,,,,0,,,,1,,,,,,,,
2433,30,,,,,,,,,,,,,6,,,,,,,,,,,,,,,,,,,,,,,,,,,,,,,,,,,,,,,,,,,,,,,,,,,,,,,,,,,,,,,,0,,,,,,,,,,,,,,,,,,,,,,
2434,15,,,,,,,,,,,0,,,,,,,,,,,,,,,,,,,,13,20,,,,,,,,,,,,,1,,,,,2,,,,,,,,,,,,,,,,,,3,,,,,,,,,,,,,,,,,0,,,,,,6,1,,,,,,,
2435,,,,,,,,,,,0,,0,,,,,,,,,,,,14,,,,,,,,31,11,,,,,,,,,0,,,,,,,14,1,,8,,,,8,,,,,,,,,,1,,,0,,,,,,,,,,,,,,,,,,,,,,,,,,,,,,0
2436,17,,,,,,,,,,,,,,,,0,,3,,,,,,0,,,,,,1,22,28,,,,,,,,,,,,,,,,1,,1,,,,,,,,,,,,,,,,,,,,,,,,,,,,,,,,,,,,,,,,,,,,,,,,,
2437,24,,,,,,,,,,0,,,9,,,,,,1,,,,,,,,,,,,5,32,,,,,,,,,,,,,,,,,,2,1,,3,3,,,,,,,,,,,,,,,,,,,,,,,,14,,,,4,,,,,,,,,,,,,,,,,
2438,0,,,,,,,,,,,,,,,,,,,,,,,,,,,,0,,,23,11,,,,,,,,,,,,,,0,,,,,,,,2,,,,,,,,,,,,,0,,,,,,,,0,,1,,,,,,,,,,,,,,,,,,,,,,
2439,33,,,,,,,,,,,,,9,,0,,,,,,,,,,,,,,,,8,33,,,,,,,,,,,,,,,,,,4,,,6,,,0,,,4,,,0,,10,,14,,,,,,,,,,,,,,,,,,,,,,,,,,,,,,,12,,
2440,30,,,,,,,,,,,,,32,,,,,,,,6,,,,,,,,,,,33,,,,,,,,,,,,,,,,,,,2,,,0,3,,,,,,,,,10,,8,,,0,,,,,,4,,,16,,,,,,,,,,,,,,,,,,,10,,
2441,32,,,,,,1,1,,,,,,13,,4,,,,,,,,,0,,,,,,,7,35,,,,,,0,,1,,,,1,,,,,,2,5,,2,,,,,,1,,,,1,9,,18,,,,,,,,,15,,,18,,,,,,,,,,,,,,,,,,,15,,
2442,29,,,,,,,,,,,,,18,,,,,0,,,,,,,,,,,,,,,,,,,,,,,,,,,,,,,,,,,,,,,,,,,,,0,,,,,,,,,,,,,,,,,,,,,,1,,,,,,,,,,,,,,
2443,30,,,,,,,,,,,,,7,5,5,,,,,,,,,,,,,,,,0,,,,,,,,,,,,0,,,,,,,5,,,,,,,,,,,,,,,,,,,0,,,,,,,,2,,,,,,,,,,,,,,,,,,,,,,
2444,32,0,,,,,,,,,,,,6,,7,,,,,,,,,,,,,,,,5,25,,6,,,,,,,,,,,6,,,,,3,,,,,,,,,9,,,0,,,,,,,,,,,,,,,,,,,,,,,,,,,,,,,,,,,9,,
2445,21,,,,,,,,,,,,,11,,,,,,,,,,,,,,,,,,16,2,,,,,,,,,,,,,,,,,,,,,,,,,,,,,,,,,,,,,,,5,,,,,,,,,,,,,,,,,,,,,,,,,,,,
2446,29,,,,,,,,,,,,,13,,,,,,,,,0,,,,,,,,,,,,,,0,,,,1,,0,,,3,,,,,,,2,,,,,,,,,,,,,,,,,,,,,,,,,,,,,,,,,,,,,,,,,,,,,,,
2447,,,,,,,,,,,,,,,,,,,,,,,,,13,,,,,,,,32,2,,,,,,,,,,,,,0,,,14,5,,,,3,,18,,,,,,,,,,,,,,,,,,,,,,,,,,,,,,,,,,,,,,,,,,,
2448,31,,,,,,,,1,,,,,31,,,,,,,,9,,,,,,,,1,,,34,,,,,,2,,2,,,,,,,,,,,,,,,,,,,,,,,,7,,13,,,,0,,,,,8,,,19,,,,,,,,,,,,,,,,,,,11,,
2449,30,,,,,,,,,,,,,4,,,,,,,,,,,,,,,,,,,,,,,,0,,,,,,,,,,,,,,,,,,,,,,,,,0,,,,,,,,,,,,,0,,,,,,,2,,,,0,,,,,,,0,,,,,,
2450,33,,,,,,,,,,,,,11,,,0,,,,,,,,,,,,,,,10,32,,,,,,,,1,,,,,1,,,,,0,0,,,,,,,,3,,,,,9,,14,,,,,,,,,11,,,6,,,,,,,,,,,,,,,,,,,15,,
2451,18,,,,,,,,,,,,,,,,,,,,0,,,,,,,,,,,25,25,,,,,,,,,2,,0,,,2,,,,,0,11,,,,,,,,,,,,,,,,,,,,,,,,,1,,,,,,,,,,0,1,,,,,,,,,18,,
2452,22,,,,,,,,,,,,,,1,,1,,,,0,,,,,,,,,,,20,14,,,,,,,,,,,,,,,,,,,,,2,,,,,,3,2,,,,,,,,,,,3,,,,,,,,,,,,0,,,,,,,,,,,,,,,,
2453,24,,,,,,,,,,0,,1,,,,,,,,,,,,,,,,,,,4,29,1,,,,0,,,,,,,,,,,,2,3,,,,,,,,,,,,,,,,,,,,,,,,,,,,,,,,,,,,,,,,,,,,,,0,,,
2454,28,,,,,,,,,,,,,14,,,,,,,,,,,,,,,,,,,0,,,0,,,,,,,,,,,,,,,,,,,,,,,,0,,,,,,,,,,,1,,,,,,,,15,,,,,,,,,,,,,,,1,,,,,,
2455,31,,,,,,,,,,,,,31,,,,,,,,4,,,,,,,,,,,32,,,,,,,,,,,,,,,0,,,4,,,,,,,,0,,,,,,6,,16,,,,,,,0,,11,,0,7,,,,,,,,,,,,,,,,,,,4,,
2456,31,,,,,,,,,,,,,26,,,,,,,,,,,,,,,,,1,10,29,,,,,,,,,,,,,0,,,,,,,,,4,,,,,,,,,,11,,20,,,,,,,,0,,,,6,,,,,,,,,,,,1,,,,,,,14,,
2457,30,,,,,,,,,,,,,9,,2,,,,,,,,,,,,,,,,4,28,,,,,,,,,,,,,,,,,,2,,,2,2,,,,,1,,,,,,,,,,,,,,,,,,,14,,,,,,,,,,,,,,,,,,,,,
2458,20,,,0,,,,,,,,,,,,,,,,,,,,,,,,,,,,22,21,,,,,,,,,,,,,,,,,,,,,,,,,,,,,,,,0,,,,1,,,,,,,,,,,,,,,,,,,,,,,,,,,,3,,,
2459,12,,,,,,,,,,,,,,0,,,,,,,2,,,15,,1,6,3,,,1,4,8,,,,,,0,,,,,,,,,,13,7,,8,,,,10,,,,,,,,,,,,,,,,,,,,,,,,,,,,,,,,,,,,,,,1,,,,
2460,30,,,2,,,,,,,,,,15,,,,,,,,,,,,,,,,,,,,,,,,0,,,,,,,0,,,,,,,,,,0,,,,,,,,,,,,,,,,,,,,,,,,,0,,,,,,0,,,,,,,,,,,,,,
2461,17,,,,,,1,,,,,,,,,,,,,,,,,,,0,,0,,,,23,2,,,,,,,,,,,,,,,,,,,,,,,,,,,,,,,,,,,,,,,0,,,,,,,5,,0,,,,,,,,,,,,,,,,,0,,
2462,2,,,,,,,,,,,,,14,,,,,,,,,,,,,,,,,,,,1,,,,,,,,,,,,,0,,,,,,,,,,,,,,,,,,0,,,,,,,,,,,,,,,,,,,,,,,,1,,,,,,,,,,,
2463,18,,,,,,,,,,,,,,,,,,,,,,,,,,,,,,0,25,23,,,,,,,,,,,,,,,,,,,,,,0,,,,,,,,,,,,,,,,,,,,,,,,,,,,,,,,,,,,,,,,,,,,,
2464,28,,,,,,,,,,,,,0,,,,,,,,,,0,,0,,1,,,,0,,,,,,,,,,,,,,,,,,,,,,,,,,,,,2,,,,,,,,,,,,,,,,,,,,,,,,,,,,,,,,,,,,,,0,
2465,20,,,,,,,,,,,,,,,,,,,,,,,,,,,,,,,24,9,,,,1,,,,,,,,,,,,,,,,,,,,,,,,,,,,,,,,,,,,,,,,,,,,,,,,,,,,,,,,,,,,,,,
2466,30,9,,,,,,,,,,,,4,,9,,,,,,,,,,,,,,,,,24,,5,,,,,,,,,,,3,,,,,,,,,,,,,,8,,,,,,,,,,,,,,,,,,0,,,,,,,,,,,,,,,,,3,,,0,,
2467,28,,1,,,,,,,,,,,10,,,,,,,,,,,,,,,,,,,,,,,,,,,1,,,,,,,,,,,,,,,,,,,2,,,,,0,,,,,,,,,,,,,,,,,,,,,,,,,,,,,,,,,,,
2468,4,,,,,,,,,,,,,17,,,,,,,,,,,,,,,,,1,22,23,,,,,,,,,,,,,,,,,,,,,,,,,,,,,,,,,,,,,,,1,,,,,,,,,,,,,,,,,,,,6,,,,,1,,,
2469,29,,,,,,,,,,,,,16,,,,0,,,,,,,,,,,,,,,,,,,,,,,,,,,,2,,,,,,,,,,,,,,,,,,,,,,,,,,,,,,,,1,,0,,,,,,,,,,,,,,,,,,,,
2470,30,,,,,,,,,,,,,9,,2,,,,,,,,,,,,,,,,4,28,,,0,,,,,,,,,,,,,,,2,,,2,2,,,,,1,,,,,,,,,,,,,,,,,,,14,,,,,,,,,,,,,,,,,,,,,
2471,20,,,,,,,,,,0,,,,,,,,,,,,,,,,,,,,,24,19,,,,,,,,,,,,,2,0,,,,,,,,,,,,,,,,,,,0,,,,,,,,,,,,,,,,,,,,,,,,,,,,,,,,,,
2472,,,,,,,,,,,,,,,,,,,2,,,,,,,,,,,,,22,25,1,,,,,,,,,,,,,,,1,,,,,,,,,,,,,,,,,,,,,,,,,1,,,,,,,,,,,,,,,,,,,,,,,,,,
2473,21,,,,,,,,,0,,,,,,,,,,,,,,,,,,0,,,,21,5,,,,,,,,,,,,,,,,,,,,3,,,,,,,,,,,,0,,,,,,,,,,,,,,,,,,1,,,,,,,,,,,,,,,,,
2474,19,,,,,,,0,,,,,,33,,,,,,,,7,,,,,,,,,,,32,,,,,,0,,,,,,,,,,,,,,,,,,,,,,,,,,4,,,,,,,,,,,9,,0,19,,1,0,,,,,3,,0,,,0,,,,0,,1,,
2475,16,,,,,,,,,,,,,,,,,,,,,,,,,,,,,,,26,4,,,,,,,,,,,,,,,,,,,,,,2,,,,,,,,,,,,,,,,,,,0,,,,,,,,,,,,,,,,,,,,,,,,,,
2476,26,,,,,,,,,,,,,14,,,,,,,,,,,,,,,,,,,,,,,,,,,0,,,,,,4,,1,,,,0,,,,,,,,,,,,,,,,,,,,,,,,,,,,,,,,,,,,,,,,,,,,,,,
2477,9,,,,,,,,0,,,,,16,,,,,,,,,,,,,,,,,,,,,,,,,,0,,,,,,,,,,,,,,,,1,,,,,,,,,,,,,,,,,,,,,,3,,,,,,,,,,,,,3,10,,,,,,,,
2478,30,,,,,,,,,,,,,15,,,,,,,,,,,,,,,,,,25,,,,,,,,,,,,,,,,,,,,,,,,,,,,1,,,,,,,,,,,0,,,,,,,,,,,,,,,,,,,,,,,,,,0,,,
2479,5,,,,,,,,,,,,,,,,,,,,,,,,,,,,,,,23,9,0,,,,,,,,,,,,,,,,,1,,,,,,,,,,,,,,,,,,,,,3,,,,,,,,,,,,,,,,,,,,,,,,,,,,
2480,20,3,,,,,,,,,,,,,,,,,,,,,,,,,,,,,,17,17,,,,,,,,,,,,,,,,,,,,,,,,,,,,,,,,,,0,,,,,,,,,,,,,,,,0,,,,,,,,,,1,,,,,,,
2481,34,,,,,,,,,,,,,11,,3,,,,,,9,,,,,,,,,,,28,,1,1,,,,,,,,2,,0,,,0,,,,,,,,,,,1,,,0,,22,,,,,,,,0,0,,,,,8,,,,,,,,,,,,,,,,,,,,,
2482,26,,,,,,,,,,,,,17,1,0,,,,,,,,,,,,,,,1,,,,,,,,,,,,,,,,,,,,,,,,,,,,,,,,,,,,,0,0,,1,,,,,,,,,,,,,,,,,,,,,,,,,,,,,
2483,32,,,1,,,,,,,,,,10,,2,,,,,,,,,,,,,,,,2,30,0,,,,,,,,,,,,,,,,,2,,,4,3,,,,,,,,,,,,,,,,,,,,,,,,,,,,,,,,,,,,,,2,,,,,,,
2484,29,,,,,,,,,,,0,,14,,,,,,,,,,,,,,,,,,,,,,,,,,,,,,,,,,,,,,,,,,,,,,,,,,,,,1,,,,,,,,,,,,,,,,,,,,,,,,,,,,,,,,,
2485,4,,,,,8,,,,,,,,13,,,,,,,,,,,,,,,,,,,,,,,,,,,,,,,,,0,,,,,,,,,,,,,,,,,,,,,,,,,,,,,,,,,,,,,,,,,,,,,,,,,,,,,
2486,34,5,,,,,,,,,,,,5,,9,,,,,,,,,,,,,,,,,22,,4,,,,,,,,,,,1,,,,,2,,,,,,,,,9,,,,,,,,,,,,,,,,,,,,,,,,,,,,,,,,,,,3,,,6,,
2487,31,,,,,,,,,,,,,9,,3,,,,,,9,,,,,,2,,,,,0,,2,,0,,,,,,,,,,,,,,,,,2,,,,1,,,,,,,20,,,,,,,,,,,,,,9,0,,,,,,,,,,,,,,,,,,,,
2488,31,,,0,,,,0,,,,,,22,,,,,,,,1,,,,,,,,,,,34,,0,,,,,,,,,,,,,,,,,,,5,,,,,,,,,,,6,,11,,,,,,,,,11,,,2,,,,,,,,,,,,,,,,,,,2,,
2489,2,,,,,8,,,,,,,,14,,,,,,,,,,,,,,,,2,,,,,,,1,,,,,,,,,,,,,,,,,,,,,,,,,,,,,,,,,,,,,,,,,,,,,,,,,,,,,,,,,,,0,,,,
2490,33,6,,,,,,,,,,,,6,,9,,,,,,,,,,,,,,,,6,27,,6,,,,,,,,,,,1,,,,,,,0,,,,,,,3,,,,,,,,,0,,,,,,,,,,,,,,,,,,,,,,,,,2,,,,7,,
2491,2,,,,,,,,,,,,,,,,,,,0,,,,,,,1,,,1,,23,25,,,,,,,,,,,,,,,,,,,,,,,,,,,,,,,,,,,,,,,,,,,,,,,,,,,,,,,,,,,,,,,,,,,
2492,27,,,,,5,,1,,,,,,4,,,,,,,,,,,,,,,,1,,,,,,,,,,,,,,,,,,,,,,,,,,,,,,,,,,,,,,,,,,,,,,,,,,,,,,,,,,,,,,,,,,,,,,
2493,30,,,,,,,,,,,,,,,2,1,,,,2,,,,,,,,,,,4,18,,,,,,,,,,,,,,,,3,2,3,,,,2,,,,,,1,,,,,,,,,,,,,,,,,,,,,,,,,,,,,,,,,,,,,,,
2494,,,,,,,,,,,1,,,,,,,,,,,,,,3,,,1,,,,,32,8,,,,,,,,,,,,,,,1,3,4,,8,,,,6,,,,,,,,,,,,,,,,,,,,,2,,,,,,,,,,,,,,,,,,,,,,
2495,25,,,,,,1,,,,,,,15,,,,,,,,,,,,,,,,,,,,,,,,,,,,,,,,2,,,,,,,,,,,,,,,,,,1,,,,,,,,,,,,,,,,,,,,0,,,,,,,,,1,,,,,,,
2496,14,,,,,,,,,,,,,,,,,,,,,,,,,,,,,4,,22,25,,,,,,,,,,,,,,,,,,,,,,,,,,3,,,,,,,,,,,,,,,,,,,,,,,,,,,,,,,,,1,,0,,0,,,,
2497,33,,,,,,,,,,,,1,13,,,,,,,,10,,,,,,,,,,,32,,,,,,,,,,1,,,,,,1,,,,,,,,,,,,,,,,11,,5,,,,,,,,,3,,,15,,,,,,,,,,,,,,,,,,,12,,
2498,19,,,,,,,,,,,,,,0,,,,,1,,,,,,,,,,,,8,0,,,,,,,,,0,,,,,,,,,,,,,,,,,,,0,,,,,,,,,,,2,,,,,,,,,,,,,,,,,,,,,0,,,,,16,,
2499,22,,,,,,,,,,,,,17,0,,,,,,,,,,,,,,,,,,,,,,,,,,,,,,,,,,,,,,,,,,,,,,,,,,,,,,,,,,,,,,,,,,,,,,,0,,1,,,,,,,,,,,,
2500,29,,,,,,,,,,,,,15,,,,,,,,,,,1,,,,,,,,,,,,,,,,,,,,,,,,0,,,,,0,5,0,,,,,,,,,,,,,,,0,,,,,,,,,,,,,,,,,,,,,,,,,,,,,
2501,19,,,,,,,,,,,,,,,,,,,,1,,,,,,,,,,,27,22,,,0,,,,,,,,0,,,2,,,1,,,,,,,,,,,,,,,,,,,,,,,,,,,,,,,,,,,,,,,,,,,,,,,,,,
2502,18,,,,,,,,,,,,,,,,,,,,,,,,,,,,,,,4,27,,,,,,,,,,,,,,,,,,,,,,,,,,,,,,,,,,,,,,,0,,,,,,,,,,,,,,,,,,,,,,,,,,,,
2503,20,,,,,,,,,,,1,,32,,,,,,,,9,,,,,,,,,,0,31,1,,,,,,,,,,,,,,,4,,,,,,,0,,,,,,,,,22,,6,,,,,0,,,,2,,,23,,,,,,,,,,,,,,,,,,,4,,
2504,22,,,,,4,,,,,,,,12,,,,,,,,,,,,,,,,,,,0,,,,,,,,,,,,,,0,,,,,,,,,,,,,,,,,,,,,,,,,,,,,,,,,,,,,,,,,,,,,,,,,,,,,
2505,25,,,,,,,,,,1,,0,,,,,,,,,,,,,1,,,,,,3,31,,3,,,0,,,,,,,,,,,,3,4,,,2,,0,,,,,,,,,,,,,,,,,0,,,,,,,,,,,,,,,,,,,,,,,,,,,
2506,4,,,,,,,,,,,0,,4,,2,,,,,,,,,,,,,,,,,,,,1,,,,,,,,,,,,,,,,,,,,,,,,,,,,,,,,,,,,,,,,,,,,,,,,,0,,,,,,,,6,,,,,0,,
2507,30,,,,,,,,,,,,,14,,,,,,,,,,,,,,,,,,,,,,,,,,,,,,,,,,,,,,,,,,,,,,2,,,,,,,,,,,,,,,,,,,,,,,,,,,,,,1,,,,,,,0,,,
2508,12,,,,,,,,,,,,,,,,,,,,,,,,,,,1,,,,21,0,0,,,,,,,,,,,,,,,,,,,1,,,,,,,,,,,,,,,,,,,1,,,,,,,,,,,,,,0,,,,,,,,,,,,,,
2509,21,,,,,,,,,,,,,,,,,,,,,,,0,,,,,,,,7,3,,,,,,,,,,,,,,,,,,0,,,,,,,,,0,,,,,,,,,,,,,0,,,,,,,,,,,0,,,,,,,,8,,,,,,,,
2510,3,,,,,,,,,,,,0,,,,,,,,,,,,,,,,,,,20,25,,,,,,,,,,,,,,,,,,,,,,,,,,,,,,,,,,,,,,,,,,,,,,,,,,,,,,0,,,,,,,,,,4,0,,
2511,18,,,,,,,,,,,,,,,,,,,,,,,,,,,,,,,9,26,,1,,,,,,,,,,,,,,,,,,12,,,,,,,9,,,,,,,,,,,,,,,,,,,,,0,,,,,,,,,,,,,,,,,,,
2512,16,,,,,1,,,,,,,,,,,,,,,,,,,,,,,,,,24,19,,,,,,,,,,,,,,,,2,,,,,,,,,,,,,,,,,,,,,,,,,,,,,,,,,,,,,,,,,,,5,,,,,,,,
2513,31,7,,,,,,,,,,,,1,,8,,,,,,,,,,,,,,,,,0,,0,,,,,,,,,,,4,,,,,,,,,,,,,,5,,,,,,,,,,,,,,,,,,,18,,,,,,,,,,,,,,,,0,,,6,,
2514,25,,,,,,,,,,,,,,,,,,,,,,,,,,,,,,,4,26,,,,,,,,,,,,,,,,,,,,,,,3,,,,,0,,,,,4,0,,,,,,,1,,,,,,,,,,,,,,,,,,,,,,,,18,,
2515,33,7,0,,,,,,,,,,,6,,7,,,,,,,,,,,,,,,,4,26,,1,,,4,,,,,,,,3,,,,,3,,,,,,,,,2,,,,,,,,,,,,,,,,,,,,,,,,,,,0,,0,,,,,,5,,,3,,
2516,19,,,,,,,,,,,,,9,,,,,,,,,,,,,,3,,,,23,24,,,,,,,,,,,,,,,,,,,,,,,,,,,,,,,,,,,,,0,,,,,,,,,,,0,,,,,,,,,,,,,,,,,,,
2517,24,,,,,,,,,,,,,9,,,,,,,,,,,,,,,,,,4,27,,,,,,,,,,,,,,,,,,,,,2,,,0,,,,,,,,,,1,,,,,,,,,,,,,,,,,,,0,,,,,,,,,,,,19,,
2518,17,,,,,,,,,,,,,6,,,,,,,,,,,,0,,,,3,,23,21,,,,,,,,,,,,,,,,,,,,,,,,,,,,,,,,,,,,,,,,,,,,,,,,,,,,,,0,,,,,,,,,,,,,
2519,17,,,,,,,,,,,,,,,,,,,,,,,,,,,,,,,24,18,,,,,,,,,,,,,,,,,,,,0,,,0,,,,,,,,,,,,,,,,,,,,,,,,,,,,,,,,,,,,,,,,,,,,
2520,28,,,,,,,,,,0,,,16,,,,,,,,,,,,,,,,,,,,,,,,,,,,,,,,,,,,,0,,,0,,,,,,,,,,,,,,,,,,,,,,,,,,,,,,,,,,,1,,5,,,,,,,,,
2521,27,1,,,,,,,,,,,,7,,,,,,,,,,,,,,,,,,,,,,,,,,,0,,,,,,,,,,,,,4,,0,,2,,,,0,,,,,,,,,,,,,,,,,,,,,,,,,,,,,,0,,,,,,,,
2522,22,,,,,,,,,,,,,,,,,,,,,,,,,,,,,,,1,26,,,,,,,,,,,,,,,0,,1,,,,,,,,,,,,,,,,,,,,,0,,,,0,,,0,,,,,,,,,,,,,,,,,,,2,,,
2523,33,,,,,0,,,,,,,,34,,,,,,,,3,,,,,,,,,,,18,,,,,,,,,,,,,,,,,,,3,,,,,,,,,,,,,5,,9,,,,,,,,,12,,,17,,0,,,,,,,,,,,,,2,,,,10,,
2524,19,,,,,,,,,,,,,16,,,,,,,,,,,,,,,,,,,,,,,,,,,,,,,,,,,,,,,,,0,,,,,,,,,,,,,,3,,,,,,,,0,,,,,,,,,0,,,,,,,,,,,,,,
2525,20,,,,,,,,,,,0,,36,,,,,,,,,,0,,,,,,,,23,27,,,,,,,,,,,,,,,,,,5,,,,,,,,,,,,,,,,,,,,,,,,,,,,,,,,2,,1,,,,,,,,,,,,,,,
2526,3,,,,,,,,,,,,,16,,,,,,0,,,,,,,,,,,,,,,,,,,,,,,,,,,,,0,,,,,,1,,,,1,,,,,,,,2,,,,,,,,,,,,,,,,,,,,,,,,,,,,1,,,,,
2527,31,,,0,,,,,,,,,,9,,3,,,,,,,,,,,,,,,,1,28,1,,,,,,,,,,,,,,,,,6,,,3,4,,,,,,,,,,,,,,,,,,,,,,,,,,,,,,,,,,,,,,0,,,,,,0,
2528,32,,,,,,,,,,,,,10,,1,,,,,,,,,,,,,,1,,9,36,,,1,,,,,,,,,,,,,,,5,,0,3,,,,,,1,,,,,9,,19,,,,,,,,,,,,,,,,,,,,,,1,,,,,,,,,10,,
2529,19,1,,,,,,,,,,,,1,,,,,,,,,,,,,,5,,0,,13,22,,,,,,,,,,,,,,,,,,,,11,,,,,,,,,,1,,,,,,,,,,,,,,,,,,,,,,,,,,,,,,,,,,,,,
2530,20,,,,,,,1,,,,,,,,,,,,,,,,,,,,,,,,25,,,1,,,,,,,,,,,,,,,,,,,,,,0,1,,1,,,,,,,,,,,,,,,,,1,,,,,,,0,,,0,,,,,,,,,,,,0,
2531,22,,,,,,,,,,,,,0,,,,,,,,3,,,,,,,4,,,15,24,,,,,,,,,,,,,,,0,,,,,5,,2,,,,,,,,,,,,,,,,,,,0,,,,,,,,,0,,,,,,,,,,,,,0,,,,
2532,15,,,,,,,,,,,,,13,,,,,,,,,,,,,,,,,,,,,,,,,,,,,,,,,,,,,,,,,,,,,,,,,,,,,,,,,,,,,,,,,,,,,,,,,,,,,,,0,,,,,,,
2533,20,,,,,,,,,,2,,,,,,,,,,,,,,,,,,,,,17,23,,,,,,,,,,,,,,,,,,,,0,,,,,,,,,,,,,,,,,,,,,0,,,,,,,,,,,,,,,,,,,,2,,,,,0,
2534,32,,,,,,,,,,,,,9,,,,,,,,4,,,,,,,,,,,33,,,,,,,,,,,,,,,,4,,,,,2,,,,,,,,,,,,,16,,,,,,,,,,,,8,,,,,,,,0,,,,0,,,,,1,,12,,
2535,31,,,,,,,,,,,,,10,,4,,,,,,8,,,,,,,,,,,28,,0,,,,,,,,,1,,,,,,,,,,,,,,,,,,,,,21,,,,,,,,,,,,,,7,,,,,,,,,,,,,,,0,,,,11,,
2536,23,,,,,,,,,,,,,16,,,3,,,0,,,,,,,,,,,,24,,,,,,,,,,,,,,,,,,,,,,,3,,,,,,,,,,,,,,,,,,,,,,,,,,,,,,,,,,,,,,,,,,,,,
2537,18,,,,,,,,,,,,,0,,,,,,,,,,,,,,,,,,24,21,,,,,,,,,,,,,,,,,,,,,,,,,,,,,,,,,,,,,,,,,,,,,,,,,,,,,,,,,,,3,,,,,,,,
2538,,,1,,,,,,,,,,,,,,,,,,,,,,15,,,,1,,,,28,10,,,1,,,,,,,,,,,,,13,6,,11,,,,5,,,,,,,,,,,,,,,,0,,,,0,,,,,,,,,,,,,,,,,,,,,,,
2539,1,,,,,4,,,,,,,,15,,,,,,,,,,,,,,,,,,,,,,,1,,,,,,,,,,3,,,,,,,,,,,,,,,,,,,,,,,,,,,,,,,,,,,,,,,,,,,,,,,,,,,,,
2540,32,,,,,,,,,,,,,20,,,,,,,,,,,,,,,,,,,32,,,,,,,,,,,,,,,,,,,,,,,,,,,,,,,,23,,14,,0,,,,,,0,14,,,20,,,,,,,,,,,,,,,,,,0,14,,
2541,30,,,,,,,,,,,,,9,,2,,,,,,,,,,,,,,,2,4,28,,,,,,,,,,,,,,,,,0,,,,,2,,,,,1,,,,,12,,21,,,,,,,,1,,,,7,,,,,,,,,,,,,,,,,,,,,
2542,27,,,,,,,,,,,,,1,,0,,,,,,,,,,,,,,,,,,,,,,,0,,,,,,,,,,,,,,,,,,,,,,,,,,,,,,,,,,4,,,,,,,,,,,0,,,,,,,,,,,,,,,,
2543,20,,,,,,,,,,,,,3,,,,,,,,,,,,,,,,,,,,,,1,0,,,,,,,,,,,,,,,,,,0,,,,,,,,,,,,,,,,,,,,,,,,,,,,,0,,,,,,,,,,,,,,,,
2544,19,,,,,,,,,,,,,,,,,,,,,,,,,,,,,,,24,3,1,,,,,,,,,,,,1,,,,,,,,,,,,,,,,,,,,,,,,,,,,,,,,,,,,,,,,,,,,,,,,,,,2,,,
2545,30,,,,,,,,,,,,,15,,,,,,,,,,,,,,,,,,28,,,,,,5,,,,,,,,,,,,,4,2,,,,,,,,1,,,,,,,,,,,2,,,,,,,,14,,,,,,,,,,,,,,,,,,,,,
2546,30,,,,,,,,,,,,,11,,,,,0,,,,,,,,,,,,,26,,,,,,,,,,,,,,,,,,,,,,,,,,,,,,,,,,,,,,,,,,,,,,,,,,,,,,,,,,,,,,,,,,,,
2547,20,,,,,,5,,,,,,1,,,,,,,,,,,,,,,,,,,25,25,,,,,,,,,,,,,,,,,,,,,,,,,,,,,,,,,,,,,,,,,,,,,,2,,,,,,,,,,,,,,,,,,,,,
2548,32,,,,,,,,,,,,,26,,2,0,,,,,,,,,,,,,,,9,33,,,,,,,,,,,,,2,,,,,3,3,,8,,,,,,4,,,,,,,16,,,,,,,,,14,,,15,,,,,,,,,,,,,,,,,,,10,,
2549,14,,,,,,,,,,,,,17,,,,,,,,,,,,1,,,,,,,,,,,,,,,,,,,,1,2,,,,,,,,,,,,,,,,,,,,,,,,,,,,,,,,,,,,,,,,,,,1,,,,,,,,,,
2550,28,,,,,,,,,,,,,5,,,,,,,,,,,,,,,,,,,,,,,,,,,,,,,,,,,,,,,,,,,,,,3,,,,,,,,,,,,,,,,,,,,,,,,,,,,,,0,,,,,,,,,,
2551,5,,,,,,,,,,,,,4,,,,,,,,,,,,,,,0,,,,,,,,,,,2,,,,,,,,,,,,,,,,,,,,,,,,,1,,,,,,,,,,,,,,,,,,,,,,,,,,,,5,,0,,,,,
2552,26,,,,,,,,,,,,,15,,,,1,,,,,,,,,,,,,,,,2,,,,,,,,,,,,,,,,,,,,,,,,,,,,,,,,,,,,,,,,,,,,,,,,,,,,,,,,,,,,,,,,,,
2553,29,,,,,8,,,,,,,,9,,,,,,,,,,,,,,,,,,,,,,,,,,,,,,,1,,,,,,,,,,,,,,,,,,,,,,,,,,,,,,,,,,0,,,,,,,,,,,,,,,,,,,,,
2554,28,,,,,,,,,,,,,13,,,,,,,,,,,,,,4,,,,,,,,,,,,,,,,,,,,,,,,,,,,,,,,2,,,,,,,,,,,,,,,,,,,,,,,,,,,,,,,,2,,,,,,,,
2555,18,,,,,,,,,,,,,,,,,,,,,,,,,,,,,,,27,25,,,,,,,,,,,,,,,,,,,,0,,,,,,,,,,,,,,,,,,,,,,,0,,,1,,,,,,,,,,,,,,,,,,,0,,
2556,6,,,,,,,,,,,,,10,,,,,,1,,,,,,,,,,,,,,,,,,,,,,,,,,,,,,1,,,,,,,,,,,,,,,,,,,,,,,,,,,,,,,,,,,,,,,,,2,1,1,,0,,,,,1
2557,19,,,,,,,,,,,,0,20,,0,,,,,,,,,,,,,,,,0,2,,,,,,,,,,,,,,1,,,,,,0,,2,,,,,,,,,,,,0,,,,,,,,,,,,,,,,4,,,,,,,,,,,,,,,15,,
2558,33,,,,,,0,,,,,,,12,,3,,,,,,,,,,,,,0,,,6,34,,,,,,,,,,,,,,,,,,3,,,5,,,,,,2,,,,,8,,17,,,,,,,,,13,,,,,,,,,,,,,,,,,,,,,,14,,
2559,30,,,,,,,,,,,,,16,,,,,,,,,,,,,,,,,,,,,,,1,,,,,,,,,,,0,,,,,0,,,,,,,,,,,,,,,,,,,,,,,,,,,,,,,,,,,,,,,,,,,,,,,
2560,30,,,,,,,,,,,,,10,,,,,,,,,,,,,,,,,,,,,,,,,,,,,,,,,,,,,,,,,0,0,,,,,,,,,,,,,,,,,,,,,,,,,,,,,,,,,,,,6,,,,,,,,
2561,27,,,,,,,,,,,,,16,,,,,,,,,,,,,,,,,,,,,,,,,,,,,,3,,,,,,,,,,,,,,,,,0,,,,,,,,,,,,0,,,,,,,,,,,,,,,,,,,,,,,,,,,
2562,33,,,,,,,,,,,,,28,,,,,,,,1,,,,,,1,,,,4,33,,,,,,0,,,,,,,,,,,,,,,,,,,,,,,,,,13,,19,,,,,,,,,7,,,6,,,,,,,,,,,,,,,,,,,9,,
2563,28,,,,,14,,,,,,,,11,,,0,,0,,,,2,,,,,,,,0,29,,0,,,,,,,,,,,,,,,,,,,,,,,,,,,,,,,,,,,,,,,,,,,,,,,,,,,,,,,,,,,,,,,,,,
2564,24,,,,,,,,,,,,,13,,,3,,,,,,,2,,,,,,,,,,,,,,,,,,0,,,,,,,,,,,,,,,,,,,,,,,,,,,,,,,,,,,,,,,,,,,,,,,,,,,,,,,,,,
2565,21,,,,,,,,,,,,,9,,2,,,,,,,,,,,,,,0,,10,22,,,,,,,1,,,,,,,,,,,2,,,,6,,,,,3,,,,,12,,,,,,,,,,,,,,14,,,,,3,,0,,,,,,,,,,,,,,
2566,22,,,,,,,,,,,,,,,,,,,,,,,,,,0,,,,,0,12,,,,,0,,,,,,,,,,0,,,,,,,,,,,,,,,,,,,,,,,,,,,,,,,17,,,,,,,,,,,,,,,,0,,,13,,
2567,21,,,,,,,,,,,,,,,,,,,,,,,,,,,,,,,26,27,,,,,,,,,,,,,,,,,,,,,,,0,,,,,,,,,,,,,,,,,,,,,,,,,,,,,,,,,,,,,,,,,,,1,
2568,6,,,,,,,,,,,,,,,,,,,,,,,,,,,,1,0,,26,19,,,,,,,,,,,,,,2,,,,,,,,,,,,,,,,,,,,1,,,,,,,,,,,,16,,,,,2,,,,,,,,11,,0,,,,,,
2569,30,,,,,,,,,,,,,9,,2,,,,,,,,,,,,,,,,4,28,,,,,,0,,,,,,,,,,,,2,,,2,2,,,,,1,,,,,,,,,,,,,,,0,,,,14,,,,,,,,,,,,,,,,,,,,,
2570,32,,,0,,,,,,,,,,27,,,,,,,,5,,,,,,,,,,,33,,,,,,0,,,,,,,,,0,,,,,,,,,,1,,,,,,,3,,10,,,,,,,,,12,,,10,,,,,,,,,,,,,,,,,1,,0,,
2571,22,,,,,,,,,,,,,,,,,,,,,,,,,,,,,,,22,24,,,,,,,,,,,,,,0,,,,7,,9,,2,,,,,,,,,,,,,,,,,,,,,,,,,,,,,,,,,0,,,,,,,,,,,,
2572,20,,,,,,,,,,,,,,,,,,,,1,,,,,,,,,,,23,26,,,,,,,,,,2,0,,,,,,,,,,,,1,,,,,,,,,,,,,0,,,10,,,,,,,,,,,,2,,,,,,,,,,,,,0,,,
2573,23,,,,,6,4,,,,,,,16,,,,,,,,0,,,,,,,,,,,,,,,,,,,1,,,,,,,,,,,,,,,,,,,,,,,,,,,,,,,,,,,,,,,,,,,,,,,,,,,,,,,,1,,,
2574,16,,,,,,,,,,,,,15,,,,,,,,,,,,,,,,,,4,,,,,,,,,,,,,,,,,,,,,,,,,,,,,,,,,,,,,,,,0,,,,,,,,,0,,,,,,,,,,,,,,,,,,,
2575,12,,,,,,,,,,,,,10,,,,,,1,,,,,,,,,,,,,,,,0,,,,,,,,,,,,,,,3,,,,,,,,,,,,,,,,,,,,,,,,,,,,,,,,,,1,,,,,,,,,,,,0,,,
2576,30,,,,,,,,,,0,,,14,,0,4,,,,,,,,,,,,,,0,26,,,,,,0,,,,,,,,,,,,,,,,,,,,,,,,,,,,,,,,,,,,,,,,,,,,,,,,,,,,,,,,,,,,,,
2577,33,,,,,,,,,,,,,29,,,,,,,,9,,,,,,,,,,,32,1,,,,0,,,,,,,,,,,,,,,,,3,,,,,,,,,,4,,1,,,,,,,,,10,,,5,,,,,,1,,,,,,,,0,,,,,11,,
2578,27,,,,,,,,,,,,,17,,0,,,,,,,,,,,,,,,,,,,,,,,,,,,,,,,,,,,,,,,,,,,,,,,,,,,,,,,,,,,,1,,,0,,,,,,,,,,,,,,,,,,,,,
2579,30,,,,,,,,,,,,,13,,,,,,,,1,,,,,,,,,,,,,,,,,,,,,,,,,,1,,,,,,,,,,,,,,,,,,,,,,,,,,,,,,,,,,,0,,,,,,,,,,,,,,,,,
2580,30,,,5,,,,,,,0,,,32,,,,,,,,8,,,,,,,,,,4,33,,,,,,,,,,,,,,0,,,,,,,,,,,,,,,,,,5,,12,,,,,,,,,10,,,20,,,,,,,,,,1,,,,,,,,,12,,
2581,19,,,,,,,,,,,,,,,,,,,,,,,,,,,,,,,9,21,,,,,,,,,,,,,,,,,,,,,,7,,,,,1,,,,,,,,,,,,,,,,,,,,,,,,1,,,0,,,,,,,,,,0,,,
2582,15,,,,,,,,,,0,,,,,,,,,0,,,,,,,,,,,,24,23,,,,,2,,,,,,,,,1,,,,,,,,,,,,,,,,,,,,,,,,,3,,,,,,,,,,,,,,,,,,,,,,,,,,,,
2583,,,,,,,,,1,,,,,0,,,1,,,,,1,,,15,,,,,,,,27,12,,,,,,,,,,,,,,,,6,9,,9,,,,18,,0,1,,,,,,,,,,,,,,,,,,,,,,,0,,,,,,,,,,,,0,,,,,
2584,30,,,,,,,,,,,,,7,,,,,,,,,,,,,,,,,,28,,,,,,,,,,,,,,,,,,,,,,,,,,,,,,,,,,,,,,,,,,,,,,,,,,,,,,,,1,,1,,,,,,,,,,
2585,,,,,,,,,,,,,,,,,,,1,,0,,,,17,,,,,,,,31,11,,,,,,,,,,,,,,,,12,5,,6,,9,,12,,,,,,,,,,,1,,,,,,,,,,,,,,,,,,,,,,,,,,,,,,,,
2586,27,,,,,,,,,,,,,17,,,,0,,,,,,,,,,,,,,,,,,,,,,,,,,,,,,,,,,,,,,0,,,,,,,,,,,,,,,,,,,,,,,,,,,,,,,,,,,,,,,,,,,,
2587,33,,,,0,,,,,,,,4,28,,,,,,,1,4,,0,,0,,,,3,0,,33,,,,,,,,,,,,,,,,,,,,,,,,,,,,,,,,2,,13,,,0,,,,,,7,,1,9,,,,,,,,,,,,,,,,,,,4,,
2588,20,,,,,,,,,,2,,,,,,,,,,,,,,,,0,,,,,23,24,,,,,,,,,,,,,,,,,,,,,,,,,,,,,,,,,2,,,,,,,,,,,,,,,,,,,,,,,,,,,,,,,,17,,
2589,20,,,,,,,,,,,,,,,,,,,,,,,,,,,,,,2,23,1,,,,,,,,,,,,,,,,,0,,,,,,3,,,,,,,,,,,,,,,,,,,,,,0,2,,,,,,,,,,,,,,,,,,,16,,
2590,29,,,,,,,,,,,,,14,,,,,,,,,,,,,,,,,,,,,,,,,,,,,3,,,,,,,,,,,,,,,,,,,,,,,,,,,,,,,,,,,3,,,,,,,1,,,,,,,,,,,,,,,
2591,29,,,,,,,,,,,,,16,,,,,,,,,,,,,,,,,,,,,,,,,,,,,,,,0,,,,,,,,,,,,,,,,,,,,0,,,,,,,,,,,,,14,,0,,,,,,,,,,,,,,,,,,,
2592,19,,0,,,,,,,,,,,,,,,,,,,,,,,,,,,,,18,22,,,,,0,,,,,,,,,,,,,,,,,,,,,,2,,,,,,,,,,,,,,,,,0,,,,,,,,,,,,,0,,,,,,,6,,,
2593,30,,,,,,,,,,,,,15,,2,,,,,,,,,,,,,,,,,,,,,,,,,,,,,,,0,,,0,,,,,,,,,,2,,,,,,,,,,,,,,,,,,,,,,,,,,,,,,,,,,,,,,,,
2594,21,,,,,,,,,,,,,,,5,,,,,,,,,,,,,,,,21,0,,,,,,,,,,,,,,,,,,,,,,,,,,,,,,,,,,,,,,,,,,,,,,4,,,,,,,,1,,,,,,,,,,,,,
2595,32,,,2,,,,,,,,,,10,,3,,,,,,,,,,,,,,,,3,29,1,,,,,,,,,,,,,,,,,7,,,2,2,,,,,,,,,,,,,,,,,,,,,,,,,,,,,,,,,,,,,,1,,,,,,,
2596,30,,,,,,,,,,,,,9,,2,,,,,,,,,,,,,,,,4,28,,,,,,,,,,,,,,,,,,2,,,2,2,,,,,1,,,,,,,,,,,,,,,,,,0,14,,,,,,,,,,,,,,0,,,,,,,
2597,19,,,,,,,,,,,,,,,,,,,,,,,,,,,,,,,26,25,,,,,,,,,,,,,,,,,,,,,,,,,,,,,,,,,,,,,,,1,,,,,,,,,,,,,,,,,,,,0,,,,,0,,,
2598,2,,,,,,,,,,,,,,,,,,,,,,,,,,,,,,,25,19,,,,,,,,,,,,,,,,,,,,,,,,,,,,,,,,,,,,,,,,,,,,,,,,,,,,,,,,,0,,,,,,,1,,,
2599,20,,,,,,,,,,,,,,,,,,,,,,,,,,,,,2,,4,26,0,,,,,,,,,,,,,,,,,,,,,,,,,,,,,,,,,,,,,,,,,,,,0,,,,,,,,,,,,,,,,,,,,,,
2600,26,,,,,,,,,,3,0,,16,,,,,,,,,,,,1,,,,,,,,,,,,,,,,,,,,,,,,,3,,,,,,,,,,,,,,,,,,,,0,,,,,,,,,,,,,,,,,,,,,,,,,,,,,
2601,27,,,,,,,,,,,,,16,,,,,,,,,,,,,,,,,,,,,,0,,,,,,,,,,,,,,,,,,,,,,,,,,,0,,,,,,,,,,,,,,,,,,,,,0,,,,,,,,,,,,,,,,
2602,28,,,,,,,,,,,,,16,,,2,,,,,,,,,,,,,,,1,,,,,,,,,,,5,,,,,,,,,,,,,,,,,,,,,,,,,,,,,,,,,,,,,,,,,,,,,,,,,,,,,,,,,
2603,16,,,,,,,,,,,,,,0,,,0,,,,,,,,,,,,0,,26,23,,,,,,,,,,,,,,,,,,,,,,,,,,,,,,,,,,0,,,,0,,,,,,,,,,,,,,,,,,,,,10,,,,,,,,
2604,29,,,,,,,,,,,,,17,,,,,,,,,,,,,,,,,,,,,,,,,,,,,,,,,,,,,,,,,,,,,,,,,,,,,,,,,,,,,,,,,,,,,,,,,,,,,,,,,,,,,,
2605,19,,,,,,,,,,,,,,,,,,0,,,,,,,,,,,,,23,25,,,,,,,,,,,,,,,,,,,,,,,,,,,,,,,,,,,,,,,,,,,,,,,,,,0,,,,,,,,,,,,,,,,,
2606,29,,,,,,,,,,,,,16,,,,,,,,,,,,,,,,,,23,,,,,,,,,,,,,,,,,,,,,,,,,,,,,,,,,,,,,,,,,,,,,,,,,,,,,,,,,,,,,,,,,,,,
2607,27,,,,,,,,,,,,,0,,,,,,,,,,,,,,,,,,,,,,,,,,,,,,,,,,,,,,,,,,,,,,,,,,,,,,,,,,,,,,0,,,,0,,,,,,,,,,,0,,,,,,,,,
2608,21,,,,,,,,,,,,,,,,,,,,,,,,,,,,,,,5,5,,,,,,,,,,,,,,,,0,,,,0,,,,,,,,,,,,,,,,,,,,,,,,,,,,,,,,,,,,,,,,,,,,,,,
2609,18,,,,,,,,,,,,,,,,,,,,,,,,,,,,,,,21,26,,,,,,0,,,,,,,1,,,,,,,,,2,,,,,,,,,,,,,,,,,,,,,,,,,,,,,,,,,0,,,,,,,,,0,,,
2610,21,2,,,,,,,,,,,,,,,,,,,,,,,,2,,,,,,11,16,,,,,,,,,,,,,,,,,,,,,,3,,,,,,,,,,,,,,,,,,,,,,,,,,,,,,,,,,,,,,,1,,,,,,
2611,0,,,,,,,,0,,,,,5,,,,,,,,,,,,,,,,,,,,,,,,,,,,,,,,,,,2,,,,,,,,0,,,,,,,,,,,,,,,,,,,,,,,,,,,,,,,,,,,,1,,,,,,,
2612,22,,,,,,,,,,,,,,,,,,,,,,,,,,,,,,,20,17,,,,,,,,,,,,,,,,,,,,,,,,,,,,,,,,,,,,,,,,,,,,,,,,,,,,,0,,,,,,,,,,,,16,,
2613,29,,,,,,,,,,,,,10,,,0,,,,,,,,0,,,,,,,,,,,,,,,,2,,6,,,,,,,,,,,,,,,,,,,,,,,,,,,,,,,,,,,,,,,,,,,,,,,,,,,,,,,,,
2614,32,,,,,,,,,,,,,32,,,,,,,0,,,,,,,,,,,6,29,,,,,,,,,,0,,,,1,,,,,,,,,,,,,,,,,,9,,11,,,,,,,,,9,,,5,,,,,,,,,,,,0,,,,,,,15,,
2615,0,,,,,,,,,,,,,15,,,,,,,,,,,2,,,,,,,,,,,,,,,0,,,,,,,,,,,,,,,,,,,,,,,,,,,,,,,,,2,,,,,,,,,,,,,,,,,0,,,,,,,,,,
2616,18,,,,,,,,,,,,,,,,,,,,,,,,,,,,,,,23,25,,,,,,,,,,,,,,,,,,,,,,,,,,,,,,0,,,,,,,,,,,,,,,,,,,,,,,,,,,,,,,,,,,,,
2617,15,,,,,,,,,,,,,,,,,,,,,,,,,,,,,,,17,16,,,2,,,,,,,,,,,,,,,,,,,,,,,0,,,,,,,,,,,,,,,,,,,,,,,,,,,,,,,,,,,,,,,,,
2618,32,,,,,,,,,,,,,22,,,,,,,,3,,,,,,0,,,,5,34,,,,,,,,,,,,,,,,,,,,,,,2,,,,,0,,,,7,,17,,,,,,,,,6,,,8,,,,,,,,,,,,,,,,,,,13,,
2619,7,,,,,,,,,,,,,15,,,,,,,,,,,,,,1,,,,,24,,,,,,,1,,,,,,,,,,,,,,,,,,,,,,,,,,,0,,,,,,,,,,,,,1,,,,,,,,,,,,,,,,,,,,
2620,,,,,,,,,,,,,,,0,,,,0,,1,,,,16,,,,,,,,33,6,,,,,,,,,,,,,,,,14,8,,5,,,,6,,,,,,,,,,,,,,,,,,,,,,,,,,1,,,,,,,,,,,,,,,,,
2621,30,,,,,,,,,,,,,9,,,,,,,,,,,,,,,,,,7,34,,,0,,,,,,0,,,,,,,,,4,,,2,,,,,,3,,,,,9,,19,,,,,,,,,,,,19,,,,,,,,,,,,,,,,,,,11,,
2622,33,5,,,,,,,,,,,,7,,8,,,,,,,,,,,,,,,,,0,,6,,,2,,,,,,,,4,,,,,,,,,,,,,,8,,,,1,,,,,,,,,,,,,,,,,,,,,,,,,,,,,,,,,,2,,
2623,2,,,,,,,,,,,,0,14,,,,,,,,,,,,,,,,,,,,,,,,,,,,,,,,,,,,0,,,,,,,,,,,,,1,,,,,,,,,,1,0,,,,,,,,,,,,1,,,,,,2,,,,,,,,
2624,27,,,,,,3,,,,,,,2,,,,,,,,,,,,,,,,,,,,,,,,,0,,,,,1,,,,,,,,,,,,1,,,,,,,,,,1,,,,,,,,,,,,,,,,,,,,,,,,,,,,,,,,,,
2625,30,,,,,,,,,,,,,5,,,,,,,,,,,,,,,0,,,,,,,,,,,,,,,,,,,,,,,,,,,,,,0,0,,,,,,,,,,,,,,,,,,3,,,,,,0,,,,,4,,,,,,,,,,,
2626,33,,,,,,,,1,,,0,,,,,,,,,,,,,10,,,,,,,,34,4,,,,,,,,,,,,,,,,14,5,,5,,4,,4,,,,,,,,,,,2,,,,,,,,,,,,,,,,,,,,,,,,,,,,,,,,
2627,,,,,,,,,,,,,,,,,,,,,0,,,,15,,,,,,,,33,12,,,,,,,,,,,,,,,,10,6,0,10,,,,16,,,,,,,,,,,,,,,,,0,,,,,,,,,,,,,,,,,,,,,,,,,,
2628,33,,2,,,,,,,,,,,32,,,,,,,,8,,3,,,,,,3,,,34,,,,,,,,,,,,,,,,,,,,,,,,,,,,,,,,5,,12,,,,,,,,,5,,,5,,,,,,,,,,,,,,,,,,,11,,0
2629,19,,,,,,,,,,,,,,,,,,,,,,,,,,,,,,,24,26,,,,,,,,,,,,,,,,,,,,,,,,,,,,,,,,,,,,,,,0,,,,,,,1,,,,,,,,,,,,,,,,,,,,,
2630,26,,,,,11,,,,,,,,17,,2,,,,2,,,,,,,,,,,,,,,,,,,,,,,,2,,3,,,,,,,,,,,,,,,,,,,,,,,,,,,4,,,,,,,,,,,,1,,,,,,,,,,,,,,0,
2631,27,,,,,,,,,,,,,16,,,,,,,,,,,,,,,,,,,,,0,0,,,,,,,,,,,,,,,,,,,0,,,,,3,,,,,,,,,,,,,,,,,,,,,,,,,,,,,,,,,,,1,,,,,
2632,32,,,,0,,,,,,,,,12,,,,,,,1,10,,,,1,,,1,,,10,33,,,,0,,,,,,,,,0,,0,,,2,1,,,,,,,,,,,,,10,,13,,,,,,,,,15,,,7,,,,,,,,,,,,3,,,,,,,15,,
2633,,,,,,,,,,,,,,,,,,,,,3,,,,17,,,,,,,,32,0,,,,,,,,,,,,,,,,0,8,,2,,,,5,,,,,,,,,,,,,,,,,,,,,,,,1,,,,,,,,,,,,,,,,,,,
2634,33,,,,,,,,0,,,,,21,,2,,,,,,7,,,,,,,,,,13,31,,,,,,,,,,,,,,,,,,,,,2,2,,,,,3,,,,,24,,,,,,,,,,1,0,,,6,,,,,,,,,,,,,,,,,,,,,
2635,19,,,,,,,,,,,,,,,,,,,,,,,,,,0,,,,,20,2,,,,,,,,,,,,,,,,2,,,,,,,,,,,,,,,,2,,,,,,0,,,,,,,,,,,,,,,,,,,,,,,,,,,,,
2636,,,,,,,,,,,,,,,,,,,,,,,,,14,,,0,,,,,33,10,,,,,,,,,,,,,,,,13,7,,1,,,,3,,,,,,,,,,,,,,,,,,,,,,0,,,,,,,,,3,,,,,,,,,,,,
2637,22,,,,,3,,,,,,,,,,,,,,,,,,,,,,,,,3,10,13,,,,,,,,,,,3,,,,,,,,,,,,,,,0,,,,,,,,,,,,,,,,,,,,,,,,,,,,,,,,,,,,,,,,,
2638,26,,,,,,0,,,,,,,16,,,,,,,,,,,,,,,,,,,,3,,,,,,,,,,,,,,,,,,,,,,,,,,,,,,,,,,,,,,,,,,,,,,,,,,,,,,,,,,,,,,,,,,
2639,,,3,,,0,,,,,,,,,,,,,,,,,,1,16,,,,,,,,1,7,,,,,,,,,,,,,,,,12,4,,3,0,,,10,,,,,,,,,,,,,,,,,0,,,,1,,,,,,,,,,,,,,,,0,,,,,,
2640,,,,,,,,0,,,,,,,,,0,,0,,,,,,12,,,,,,,0,26,0,,,,,,,,,,,0,,,,,13,7,,9,,8,,22,,,,,,,,,,,,,,,,,,,,,0,,,,,0,,,,,,,,,,,,,,,,,
2641,18,,,,,,,,,,,,,,,,,,,,1,,,,,,,,,,,5,17,,,,,,,,,,,,,,,,2,,,,,,3,,,,1,,,,,,,,,,,,,,,,,,,,,0,,,,,,,,,,,,,,,,,,,,
2642,20,,0,,,,,,,,,,,,,,,,,,,,,,,,,2,,,,24,1,,,,,,,,,,,,,,,,,0,,,,,,,0,,,,,,,,,,,,,,,,,,,,1,,,,,,,,,,,,,,,,0,,,,,,,
2643,19,,,,,,,,,,,,,,,,,,,,,,,,,,,,,,,25,25,,,,,,,,,,,,,,,,,,,,,,,,,,,,,,,,,,,,,,,,,,,,,,,,,,,,,,,,,,,,,,,,12,,,
2644,32,0,,,,,,,,,,,,31,,,,,,,,7,,,,,,,,0,,,33,,,,,,,,,,,,,,,,,,,,,,0,,,,,0,,,,,10,,10,,,2,,,,,,4,,,12,,,,,,,,,,,,,,0,,,,,3,,
2645,,,,,,,,,,0,,,,,,,,,,,7,,,,6,,,,,,,,33,10,,,,,,,,,,,,,,,,7,4,,9,,4,,9,,,,,,,,,,,,,,,,,,,,,,,,,,,,,,,,,,,,,,,,,,,
2646,26,,,,,9,,,,,,,,13,,,,,,,,,,,,,,,1,,,0,,,,,,,,,,,,,,,,,,,,,,,,,,,,,,,,,,,,1,,,,,,,,,,,,,,,,,,,,,,,,,,,,,,,,
2647,,,,,0,,,2,,,2,,,,,,,,,,,,,,14,,,,,,,,34,10,,,,,,,,,,,,,,,,9,0,,0,,,,12,,2,,,,,,,,,,,,,,,,,,,,,,,,,,,,,0,,,,,,,,,,,,
2648,,,,,,,,,0,,,,,,,,,,,,,1,,,9,,,,,,,,31,10,,,,,,,,,,,,,,,,0,3,,5,,,,11,,,,,,,,14,,,,,,,0,,,,,,,,,,,,,,,,1,,,,,,,,,,,,
2649,15,,,,,,,,,,4,,,,,,,,,1,,,,,,,,,,,,22,27,,,,,,,,,,,,,,,,,2,,,,,,,,,,,,,0,,,,,,,,,,,,,,,,,,,,,,,,,,,,,3,,,1,,,,,
2650,32,1,,,,,,,,,,,,0,,7,,,,,,,,,,,,,,,,,28,,6,,,,,,,,,,,4,,0,,,4,,,,,,,,,6,,,,1,,,,,,,,,,,,,,,,,,,,,,,,,,,,,,1,,,,10,,
2651,26,,,,,,,,,,,,3,19,,,,,,,,,,,,0,,,,,,5,30,,,,,,,,,,,,,,,,,3,3,,,0,2,,,,,1,,,,,,,16,,,,,,,,,,,,1,,,,,,,,,,,,,0,,,,,,,,
2652,9,,,,,,,,,,,,,,,,,,,,,,,,,,,,,,,23,20,,,,,,,,,,,,,,,,,,,,,,,,,,,,3,,,,,,,,,,,,,,,,,,,,,,,,,,,,,,,,,,,0,,,,
2653,20,,,,,,,3,,,,,,,,,,,,,0,,,,,,,,,,,2,25,,,,,,,,,0,,,,,,,0,,3,,,,,,,,,,,,,,,,,,,,,,,,,,,,,,,,,,,,,,,,,,1,,,,,,,
2654,25,,,,,,,,,,,,,18,,,2,,,,,1,,,,,,,,,,31,,,,,1,,,,,,,,,,,,,,,,,,,,,0,,,,,,,,,,0,,,,,,,,,,,,,,,1,,,,,,,,,,,,,,,,,
2655,26,,,,,,,,,,,,,14,,,,,,,,,,,,,,,,,,,,,,,,,,,0,,,,,,,,,,,,,,,2,,,,,,,,,,,,,,,,,,,,,,,,,,,,,,,,,,,,,0,,,,,,,
2656,32,,,,,,,,,,,,,24,,,,,,,,10,,1,,,,,,,,,28,,,,,,,,,,,,,,,,,,,,,,,,,,,,,,,,14,,20,,,,,2,,,,8,,,2,,,,,,,,0,,,,,,,,,,,4,,
2657,,,,,,,,,,,,,,,,,,,,,,,,,5,,,,,,,,32,3,,,,,,,,,,,,,,,,5,5,,5,,,,16,,,,,,,,,,,,,,,,,,,7,,,,,,,,,,,,,,,,,,,,,,,,
2658,,,,,,,0,,,,,,,,,,,,,,,,,,0,,,,,,,,27,1,,,,,,,,,,,,,,,,14,7,,7,,,,18,,,,,,,,,,,,,,,,,,,,,0,,,,,,,,,,,,,,,,,,,,,,
2659,,,,,,,,,,,,,,,,,,,,,,,,,,,,,,,,,34,3,,,1,,,,,,,,,,,,,12,4,,7,,,,18,,,,,,,,12,,,,,,,,,,,,0,,,,,,,,,,,,,,,,,,,,0,11,,
2660,,,,,,,,,,,,,,,,,,,,,,,,,4,3,,,,,,,33,10,,,,,,,,,,,,,,,,12,5,,4,,7,,17,,,,,,,2,,,,,,,,,,2,,,,,,,,,,,,,,,,,,,,,,,,,,
2661,,60,,,,,,,,,,,,,5,,,,,,,0,,18,,,,,,,,,,,,1,,,,,,,,,,,,,,,,,,18,,,,,,,,,,,,0,,,,,,,,,1,,,,,15,,,21,,2,,,,,,2,,,,0,,,,,
2662,,61,,,,,,,,,,,,,21,,,,,,,,,23,,,,,,,,,,,,,,,,,,,,,,,,,,,,,,25,,,,,,,,,,,,21,,,,,,,,,2,,,,,16,15,,7,,1,,,,,,17,5,,,0,,,,,
2663,,24,,,,,,3,,,,,,,,,,8,,,,,,28,0,,,,,,,,,,,,,,,0,,,2,,,,,,,,,,,35,,,,,,,,19,0,,,,,,,,,,,,,,,11,,,,,10,,,,,,,,19,,,,1,,,,,
2664,,18,,,,,,,,,,,,,,,,,,,,,,34,,,,,,,,,,0,,,0,,,,,,,,4,,,,,,,,,,,,,,,,,7,,,,,,,,,,0,,,0,,,9,,,,1,22,,,,,,,,15,,,,,,,,,
2665,,52,,,,,,,,,,,,,20,0,,,,,,,,26,,,,,,,,,,,,,,,,,,,,,,,0,,,,,,,24,,,,,,,,,,,,18,,,,,,,,,4,,,,,14,,,2,,,,,,,,18,,,,,,,,,
2666,,7,,,,,,,,,,,,,,,,,,,,,,45,,,,,,,,,,,,,,,,,,,,,,,,,,,,0,,,,,,,,,1,17,,,,,,,,,,,0,,,,,7,,,,,18,,,,,,,,12,,,,,,,,,
2667,,58,,,,,,,,,,,9,,11,,,,,,,,,26,,,,,,,,,,,,,,,,,,,,,1,,,,,,,,,23,,,,,,,,,,,,4,,,,,,,,,16,,,,,17,,,20,,,,,,,,13,,,,,,,,,
2668,,45,,,,,,,,,,,,,20,,,,,,,,,2,,,,,,,,,,,,,,,,,,,,,,,,,,,,,,25,,,,,,,,,,,,21,,,,,,,,,16,,,,,19,,,23,,,,,,,,3,,,,,,,,,
2669,,20,,,,,,,,,,,,,,,,,,,,,,38,,,0,,,,,,,,,,,,,,,,,,5,,,,,,,,,,,,,,,,,13,,,,0,,,,,,,,,,,,1,,,,,19,,,,,,1,,15,,,,,,,,,
2670,,,0,,,,,,,,,,,,,,,5,,,,,,,,,,,,,,,,,,,,,,,,,,,,,,,,,,2,,34,,,,,0,,,,,,,2,,2,,3,,,,,0,,1,,,,,,4,,,,,,3,,17,,,,,,,,,
2671,,34,,,,1,,,,,,,,,21,,,,,,,,0,18,,,,,,,,,,,,0,,,,,,,,,,,,,,,,,,29,,,,,,,,,,,,3,,,3,,,,,,,,,,,23,19,3,11,7,,,,,,,15,,,2,,,,,,
2672,,61,,,,,,,,,,,,,18,,,,,,2,,,28,,,,,,,,,,,,,,,,,,,,,,,,,,,,,,2,,,,,,,,,,,,24,,,,0,,,,,6,,,,,9,,,24,,,,0,,,,19,,1,,,,,,,
2673,,21,,,,,,,,,,,,,1,,,,,,,,,4,,,,,,,,,,,,,,,0,,,,,,,,,,,,,1,,,,,,1,,,,8,,,,,,,,,,,,,,,,7,,,,,20,,,,,,,,16,,,,,,2,,,
2674,,59,,,,,,,,,0,,,,14,,,,,,,,,7,,,,,,,,,,,,,,,,,,,,,,,,,,,,,,17,,,,,,,,,,,,26,2,,,,,,,,1,,0,,,8,,,25,,,,,,,,5,,,,,,,,,
2675,,3,,,,,,,,,,,,,22,,2,,,,,,,23,,,,,,,,,,,,,,,,,,,,,,,,,,,,,,21,,3,,,,,,,,,,17,,,,,,,,,22,,,,,18,,,13,,,,,,,,18,,,,,,,,,
2676,,6,,,,,,,,,,,,,,,,,,,,,,44,,,,,,,,,,,,,,,,,,,,,,,,,,,,,,0,,,0,,,,,0,,,,,,,,,,,,,,,,11,,,,,18,,,,,,,,18,,,,,,,,,1
2677,,37,,,,,,,,,,0,,,24,,,,1,,15,,,31,,,,,,,,,,,,,,,,,,,,,,,,,,,,,,27,,,,,,,,,,,,,,,,,,,,,16,,,,,36,,1,20,,,,,,,,16,,,,,,,,,
2678,,37,,,,,,,0,,,,,3,24,,,,,,,17,,28,,,,,,,,,,,,,,,,,,,,,,,,,4,,,,,27,,,,1,2,,,,,,,21,,,,,,,,,19,,,,,30,,,15,,,,,,,,12,2,,,,,,,,
2679,,19,,,,,,,,,,,,,,,,,,,,,,4,,,,,,1,,,0,,,,,,,,,,,,,,,,,,,,,0,,,,,,,,14,,,,,,,,,,,,,,,,11,,,,,2,,,,,,,0,12,,,,,,2,,,
2680,,19,,,,,,,,2,,,,,,,,,,,,,,44,,,,,,,,,,,,,,,,,,,,,,,,,,,,,,,,,,,,,,9,,,,,,,,,,,,,1,,,9,,,,,19,5,,,,,,,14,,,,,,,,,
2681,,22,,,,,,,,,,,,,,4,,,,,,,,39,,,,,,,,,,,,,,,,,,,,,,,2,,,,,,,28,,,,,,,,4,,,,,,,,,,,,,,,,10,,,,,11,,,,,,,,3,,,,,,,,,
2682,,37,,,,,,,,,,,,,23,,,,,,,,,3,,,,,,,,,,4,,,,,,,,,,,,,,,,,,,,25,,,,,,,,,,,,0,,,,,,,,,21,,,,,20,2,,4,,,,,0,,,20,,,,,,,,,
2683,,20,,,,,,,,,,,,,,,2,6,,,,,,39,,,,,,,,,,,,,,,,,,,,,,,,,,,,,,2,,,,,,0,,16,,,,,,,,,,,,,,,,12,,,,,4,,,,,,,,17,,,,,,,,,
2684,,61,,,,,0,,,,1,,0,,1,,,,,,,,,27,,,,,,,,,,,,,,,,,,,,,,,,,,,,,,4,,,,,,,,,,,,21,,,,,0,,,,11,,,,,8,23,,22,,,,,,,,13,,,,,,,,,
2685,,41,,,,,,,,,,,2,,24,,,,,,,,,25,,,,,,,,,,,,,,,,,,,,,,,,,,,,,,31,,,,,,,,,,,,3,,1,,,,,,,19,0,,1,,16,,1,16,,,,,,,,18,,,,1,,,,,
2686,,50,,0,,0,,,,,,,,,22,,,,,,,,,25,,,,,,,,,,,,,,1,,,,,,,,,,,,,,,,27,,,,,,,,,,,,6,,,,,,,,,20,,,,,1,,,9,,,,,,,,17,,,,,,,,,
2687,,58,,,,,,,,,,,,,17,,,,,,,1,,23,,,,,,,,,,,,2,,,,,,,,,,,,,,,,,,25,,,,,,,,,,,,19,,,,,0,,,,6,,,,,18,,,2,,,,,,,,16,,,,,,,,,
2688,,29,,,,,,,,,,,,,22,,,,2,,,,,27,,,,,,,,,,,,,,,,,,,,,,,,,,,,,,27,,,,,,,,,,,,3,,,,,,,,,15,,,,,35,,,15,5,,,,,,,19,,,,,,,,,
2689,,20,,,,,,,,,,1,,,,3,,,,,,,3,44,,,,,,,,,,,,,,,,,,,,,,,,,,,,,,,,,,,,,,4,,,,,,,,,,,,,,,,4,,,1,,15,,,,,,,,16,,,,,,,,,
2690,,61,,,,,,,,,,,,,19,,,,,,2,,,28,,,,,,,,,,,,,,,,,,,,,,,,,,,,,,25,,,,,,,,,,,,17,,,,,,,,,16,,,,,1,,,7,,,,,,,,14,,,,,,,,,
2691,1,33,,,,,,,,,,,,,23,,,,,,,,,29,,,,,,,,,,,,,,,,,,,,,,,,,,,,,,,,,,,,,,,,,,,,0,,,,,,,,,,,,,,,3,6,,,,,,,12,,,,0,,,,,
2692,,33,,,,,,,,,,,,,24,,,,,,,,,3,,,,,,,,,,,,,,,,,,,,,,,,,,,,,,26,,,,,,,,,,,,10,,,,,,,,,27,,,,,24,3,,5,,,,,,,,12,,,,,,,,,
2693,,30,,,,,,,,,,,,,12,,,,,,,,,29,,,,,,,,,,,0,,,0,,,,,,,,0,,,,,,,,13,,,,1,,,,,,,,4,,,,,,,,2,20,10,,,,34,,,17,,,,,,,,18,,,,,,,,,0
2694,,20,,,1,0,,,,,,,,,,,,,,,,,,44,,,,,,,,,,,,,,,1,,,,,,,,,,,,,,,,,,,,,,,0,,,,,,,,,,,1,,,,,7,,,0,0,18,,,,,,,,16,,,,,,0,,,
2695,,8,,,,,,,,,,,,,24,,,,,,,,,46,,,,,,,,,0,,,,,,,,,,,,,,,,,,,,,,,,,,,,,12,,,,,,,,,,,,,,,,8,,,,,20,,,,,,,,16,,,,,,,,,
2696,,55,,,,,,,,,,,,,22,,,,,,,,,1,,,,,,,,,,,,,1,,,,,,,,,,,,,,,,,27,,,0,,,,,,,,,18,,,,,,,,,18,,,,,21,17,,10,,,,,,,,17,,,,,,,,,
2697,,35,,,,,,,,,,,0,,22,,,,,,,,,9,,,,,,,,,,,,,0,,,,,,,,,,,,,0,,,,27,,,,,,,,,,,,19,,,,,,,,,5,,,,,23,,,16,,,,,,,,17,,,,,,,,,
2698,,10,,,,,,,,,,,,,,,1,,,,,,0,44,,,,,,,,,,,,,,,,,,,,,,,,,,,2,,,,,,,,,,,13,,,,,,,,,,,,,,,,12,,,,,17,,,,,,,,1,,,,,,,,,1
2699,,,,,,,,,,,,,,,,,,4,,,,,,,,,,,,,,,,,,,,,,,,,0,,,,,,,0,,,,28,,,,,6,,,,,,,8,,5,,0,,,,,24,,4,,,,,,2,,,,,,4,,13,,,,,,,,,
2700,,57,,,,,,,,,,,,,22,,,,,,,,,20,,,,,,,,,,,,,,,,,,,,,,,,,,,,,,23,,,,,,,,,,,,14,,,,,,,,,16,,,,,19,,,15,,,,,,,,19,,,,,,,,,
2701,,60,,,,,,,,,2,,,,19,,,,,,,,,25,,,,,1,,,,,,,,,,,,,,3,,,,,,,0,,,,0,,,,,,0,,,,,,25,,,,,,0,,,12,,,,,11,,,23,,,,,,,,15,,,0,,,,,,
2702,,50,,,,,,,,,,,,,24,,,,,,,23,,30,,,,,,,,,,,,,,,,,,,,,,,,,,,,,,1,,1,,,,,,,,,,18,,,,,,,,,23,,,,,20,19,,17,,,,,1,,,17,,,,,,,,,
2703,,,,,,,,,,,,,,,,,,1,,,0,,,,,,,,,,,,,,,,,,,0,,,,,,,,,,,,0,,33,,,,,7,,,,,,,7,,,,1,,,,,23,,4,,,,,,3,,,,,,3,,16,,,,,,2,,,
2704,,,,,10,,,,,,,,,,21,,,,,,18,22,,0,,2,,,,,,,,,,,,,2,,0,,1,,,,,,25,,,,,28,,,,,,,,,,,,,30,,,,,,,2,2,13,,,,,,,2,7,,,,,,,0,,,,,,,,,
2705,,7,,,,,,,,,,2,,,,,,6,,,,,,38,0,,,,3,,,,,,,,,,,,,,,,,,,,,,,,,,,,,,,,,7,,,,,,,,,,,,,,,,10,,,,,18,4,,,,,,,6,,,,,,,,,
2706,,21,,,,,,,,,1,,,,0,,,,,,,,,44,,,,,,,,,,,0,,,,,,,,,,,,,,,,,,,,,,,,,,,11,,,,,,,,,,,0,,,,,6,,,,,18,,,,,,,,15,,,,,,,,,
2707,,61,,,,,,1,,,,0,,,18,,,0,,2,0,0,,5,,,,,,,,,,,,,,,,,,,,,,,,,,,,,,30,,,,,,,,1,,,,11,,,0,,,,,,16,,,,,8,,,15,,,,,,,,20,,,,,,,,,
2708,,51,,,,,0,,,,6,,,,0,,,,,0,,,,24,,,,,,,0,,,,,,,,,0,,,,,,,,,,,,,,11,,,,,,,,0,,,,19,,,,,,,,,14,,,,,8,5,,22,,,,,,,,6,,,,,,,,,
2709,,47,,,,,,,,,,,,,22,,,,,,,,,25,,,,,,,,,,,,,,,,,,,2,,,,,,,,,,,24,,,,,,,,,,,,15,,,,,,,,,17,,,,,19,,,23,,,,,,,,14,,,,,,,,,
2710,,23,,,,,,,1,,,,,,,4,,9,,,,,,40,,,,,,,,,,,,,,,,,,,,,,,,,,,0,,,29,,,,,,,,17,,,,2,,,,,,,,,,,,0,,,,,11,,,,,,,,18,,,,,,,,,
2711,,58,,,,,,,,,,,,,24,,,,,,,,,16,,,,,,,,,,,,,,,,,,,0,,,,,,,,,,,25,,,,,,,,,,,,9,,,,,,,,,23,,,,,19,10,,22,,,,,,,,16,,,,,,,,,
2712,,27,,,,0,,,,,,,,,20,,,,,,,,2,24,,,,,,,,,,,,,,,,,,,,,,0,,,,,,,,17,,,,,,,,,,,,22,,,,,,,,,14,,,,,0,,,19,,,,,,,,1,,,,,,,,,
2713,0,45,,,,,,,,,,,,,21,,,,,,,,,16,,,,,,,,,,,,,,,,,,,,,,,,,,,,,,27,,,,,,1,,,,,,24,,,,,,,,,25,,,,0,18,6,,19,,,,,,,,16,,0,,,,,,,
2714,,55,,,,,,,,,,,,,21,,,,,,,,,27,,,,,,,,,,,,,,,,,,,,,,,,,,,,,,24,,,,,,,,,,,,10,,,,,,,,,24,,,,,20,,,2,,,,,,,,12,,,,0,,,,,
2715,,61,,,,1,,,,,,,,,21,,0,,,,,,,27,,,,,,,,,,,,5,,,,,,,,,,,,,,,,,,25,,,,,,,,,,,,0,,,,,,,,,5,,,,,17,,,19,,,,,,,0,16,,,,,,,,,
2716,,60,,,,,,,,,,,,,20,,,,,,,,,24,,,,,,,,,,,,,1,,,,,,,,,,,,,,,,0,29,,,,,,,,,,,,0,,,2,,,,,,2,,,,,14,,,15,,,,,,,0,15,,,,,,,,,
2717,,8,,,,,,,,,,0,,,,4,,,,,,,,42,,,,,,,,,,,,2,,,,,,,0,,,,,,,,,,,,,,,,,1,,14,,,,,,,,,,,,,,,,12,,,,,21,,,,,,,1,14,0,,,,,,,,
2718,,59,,1,,,,,,,,,8,,21,,,,,,,,,21,,,,,,,,,,,,,,,,0,,,,,,,,,0,,,,,25,,,,,,,,,,,2,18,,,,,,,,,16,,,,,13,,,19,,,0,,,,,8,,,,,,,,,
2719,,59,,,,,,,,,,,,,14,,,,,,,,,29,,,0,,,,,,,,,,,,,,,,,,,,,,0,,,,,8,,,,,,,,,,,,22,,,,,,,,,4,,,,,15,,,23,,,,,,,,3,,0,,,,,,,
2720,0,60,0,,,,,,,,,,,,20,,,,,,,,,24,,,,,,,,,,,,,0,,,,,,,,,,,,,,,,,23,,,,,,,,,,,,19,,,,,,,,,11,,,,,3,21,,20,,,1,,,,,16,,,,,,,,,
2721,,33,,,,2,,,,,,,,,20,,,0,,,,,,20,,,,,,,,,0,,,,,,,,,,,,,,,,,0,,,,28,,,,,,,,,,,,2,,,2,,,,,,,,,,,24,18,3,12,5,,,,,,,14,,,3,,,,,,
2722,,33,,,,,,,,,,,9,,8,,,,,,,,,24,,,,,,,,,,,,,,,,,,,,,4,,,,,,,,,1,,,,,,,,2,,,,25,,,,,,,,,15,,,,,15,,,2,6,1,,,,,,12,,,,,,,,,
2723,,60,,,,,,,,,,,,,20,,,1,,,2,,,28,,,,,,,,,,2,,,,,,,0,,,,2,,,,,,,,,26,1,,,,,,,,,,,22,,,,,,,0,,3,,,,,,2,,8,,,,,,,1,15,,,,,,1,,,
2724,,39,,,,,,,,,,,,,25,,,,,,,,,11,,,,,,,,,,,,,,,,,,,,,,,,,0,,,,,24,,,,,,,,,,,,13,,,0,,,,,,22,,,1,,23,12,,7,,,,,1,,,18,,,,,,,,,
2725,,28,,,,,,,,,,,,,21,,,,,,,25,,28,,,,,,,,1,,,,,,,,,,,,,,,,,,,,,,28,,,,,,,,,,,,2,,,,,,,,,23,,,,,0,,,18,,,,,4,,,18,,,,,,,,,
2726,,25,,,,,,4,,,,,,,,,,8,,,,,,43,,,,,,,,,,,,,,,,,,,,,,,,,0,,,,,33,,,,,,,,19,,,,,,,,,,,,,,,,12,,1,,,9,,,,,2,,,20,,,,,,,,,
2727,,46,,,,,,,,,,,,,13,,,,,,,,,29,,,,,,,,,1,1,,,,,,,,,,,,,,,,,,,,26,,,,,,,,,,,,20,,,,2,,,,,13,,,,,17,,,18,,,,,,,,0,,,,,,,,,
2728,,41,,,,,,,,,,,,,24,,,,0,,,,,19,,,,,,,,,,,,,,,,,,,,,,,,,,,,,,25,,,,,,,,,,,,20,,,,,,,,,24,,,,,16,17,,14,,,,,,,,20,,,,,,,,,
2729,,8,0,,,,,,,,,,,,,2,,,,,,,,43,,2,,,,,,,,,,,,,,,,,,,,,,,,,1,,,,,,,,,,,16,,,,,,,,,,,,,,,,11,,,,,16,,,,,,,,14,,,0,,,,,1,
2730,,60,,,,,,,,,,,,,22,,,,,,,,,27,,,,,,,,,,,,,,,,,,0,,,,,,,2,,0,,,25,,,,,,,,,,,,14,,,,,,,,,23,,,,,21,13,,20,,,,,,,,17,,,,,0,,,,
2731,,22,,,,,,0,,,,,,,,,,,,,,,,40,,,,,,,,,,,,,,,,,,,2,,,,,,,,,,,36,,,,0,,,,17,,,,,,,,,,,,,,,,12,,,,,14,,,3,,1,,,18,,,,,,,,,
2732,,,,,,,,,,,,,,,,,,,,,,,,30,,3,,,,,,,,,,1,,,,,,,,,,,,,,,1,,,,,,,,,,,,,,,,,,,,,,,,22,,,,,,,,2,6,,,,,,,,,,,,,,,,1
2733,,62,,,,,,,,,,,,,5,,,,,,,,,26,,,10,,,,,,,,,,,,,,,,,,,,,,,,,,,9,,,,,,,,,,,,25,,,0,,,,,,13,,,,,9,,,0,1,,,,,,,13,,,,,,,,,
2734,,,,,,,,,,,,,,,12,,,,,,,,,29,,,,,,,,,,,,,,,,,,,,,,,,,,,,,,21,,,,,,,,,,,,19,,,,,,,,,18,,,,,34,,,16,,,,,,,,16,,,,,,,,,
2735,,56,,,0,,,,,,,,11,,22,1,,,,,,,,26,,,,,,,,,,,,,,,,,,,1,,,,,,,,,,,29,,,,,,,,,,,,3,,,,,,,,,24,,,,,19,,,7,,,,,,,,16,,,,,,,,,
2736,,58,,,,,,,,,,,,,,,,1,,,,,1,31,,,,,,,,,,,,,,,,,,,,,,,,6,,,,,,23,,,,,,,,,,,,2,,,,,,,,,12,,,,,23,2,,12,3,,,,,4,,17,,,,,,,,,
2737,,59,,,,,,,,,6,,,,22,,,,,,,,,5,,,,,,,,,,,0,,,,,,,,,,,,,,,,,,,22,,,,,,,,,,,,23,,,,,,,,,16,,,,,14,4,,23,,,,,2,,,20,,,,,,,,,
2738,,21,,,,,,6,,,,,,,,,0,,,,,,,44,,,,,,,,,,,,,,,,,,,,,,,,,,,,,,,,,,0,,,,15,,,,,,,0,,,,,,,,,10,,,,,13,,,,0,,,,17,,,,,,,,,
2739,,34,,,0,,,,,,,,,,23,,,,,,,,,10,,,1,,,,,,,,,,,2,,,,,,,,0,,,,,0,,,21,,,,,,,,,,,,11,,,,,,,,,23,,,,,6,9,,11,,,,,2,,,17,,,,0,,,,,
2740,,33,,,,,,,,,,,,,21,,,,,,18,,,,,2,23,,,,,,,14,,,,,,,,,1,,,,,,25,,,,,28,,,,,,,,,,,,2,30,,,,,,2,2,,,,,,,,,2,5,,,,,,,12,,,,,,,,,
2741,,22,,,,,1,,,,,,,,,3,3,,,,,,,44,,,,,,,,,,,,,,,,,,,,,,,,,,,,,,,,,7,,,,,19,,,,,,,,,,,,,,,,11,,,,,19,,,,,,,,15,,,,,,,,,
2742,,61,,,,,,,,,,,,,17,,,,,,,,,22,,,,,,,,,,,,,,,,0,,,,,,,,,,,,,,4,,,,,,,,,,,,25,,,,,,,,,9,,,,,4,,,25,,,,,,,,14,,,,,,,,,
2743,,18,,,,,,0,,,,1,,,,,,,,0,,,,45,,,,,,,,,,,,,,,,,,,,,,,,,,,,,,,,,0,,,,,15,,,,,,,,,,,,,,,,11,,,,,3,2,,,,,,,15,,,,,,,,,
2744,,57,,,5,,,,,,,,,,24,,,,,,,,,28,,,,,,,,,,,,,,,,,0,,,,,,,,,,3,,,22,,,,,,,,,,,0,26,,,,,,,,,17,,,,,20,,,16,,,,,,,,16,1,,,,,,,,
2745,,23,,,,,,,,,,,,,,,,,,,,,,45,,,,,,,,,,,,,,,,,,,2,,,,,,,,,,,,,,,,,,,13,,,,,,,,,,,,,0,,,11,,,,,7,,,,,,,,14,,,,,,,,,
2746,,1,,,,,,,1,,,,,,23,,,,,,,,,33,,0,,,,,,,,,,,,,,,,,,,,,,,,,,,,,,,2,,,,,16,,2,,,,,,,,,,,,,,13,,,,,9,4,,,,,,0,16,,,,,,,2,,
2747,,58,,,,,,,,,,,,,23,,1,,,,,,,27,,,,,,,1,,,,,4,,,,1,,,,,,,,,,,,,,24,,,,,,,,,,,,1,,,,,,0,,,4,,,,,24,2,,10,,,,,,,,18,,,,,,,,,
2748,,59,,,,,,,,,,,,,20,,,,,,,,,22,,,,,,,,,,,,,,,,,,,,,,,,,,,,,,19,,,,,,,,,,0,,18,,,,,,,,,15,,,,,20,19,,15,,,,,,,,16,,,,,,,,,0
2749,,19,,,,,,,,,,,,,,3,,,,0,,,,33,,,,,,,,,,1,,,,,,,,,,,,,,,,,,,,,,,,,,,,13,,,,,,,,,,,,,,1,,1,,,,,18,,,,,,,,16,,,3,,,,,,
2750,,20,,,,,,,,,,,,,,,,,,,,,,39,,,,,,,,,2,,,,,,,,,,,,,,,,,,3,,,,,,,,,,,16,,,,,,,,,,,,,,,,1,,,,,16,,,,,,,,0,,,,,,,,,
2751,,54,,,,,,,,,,,4,,19,,,,,,,,,0,,,,,,,,,,,,,,,,,,,0,,,,,,,,,,,28,,,,,,,,,,,,21,,,,,,,,,2,,,,,16,,,18,,,,,,,,15,,,,,2,,,,3
2752,,33,,,,,,,,,,,9,,21,,,,,,,,,28,,,,,,,,,,,,,,,,,,,,,3,,,,56,,,,,29,,,,,,,,,,,,17,,,,,2,,,,19,,,,,21,,0,11,,,,,,,,17,,,,,,,,,
2753,,57,,,,,,,,,,,,,19,,,,,,,,,23,,,,,,,,,,,,,2,,,,,,,,,,,,,,,,,24,,,0,,,,,,0,,,23,,,,,,,,,1,,,,,17,3,,21,,,,,,,,15,,,,,,,,,
2754,,23,,,,,4,,0,,,0,,,22,,,,,,,,,42,,,,,,,,,,,,,,2,,,,,,,,,,,0,,,0,0,,,,,,,,,15,,1,,,,,,,,,,,,,,12,0,,,,16,,,,,,,,2,,,,,,,,,
2755,,20,,,,,,,,,,,,,23,3,,,,,,,,41,,,,,,,,0,,,,,,,,,,,,,,,,,,,,,,,,,,,,,,1,,,,,,,,,3,,,,,,,6,,,,,18,,,,,,,,3,,,,,,,,,
2756,,22,,,,,,,,,,,,,,,,,,,,,,44,,,,,,,,,,,,,,0,,,,,,,,,,,,,,,,,,,,,0,,,15,,,,,,,,,,,,,,,,0,,,,,17,3,,,,,,,15,,0,,,,,,,
2757,,7,,,,,,,,,,,,,,,,,,,,,,44,,,0,,,,,,,,,,,,,,,,,,0,,,,,,,,,,,,,3,,,,15,,,,,,,,,,,,,,,,11,,,,,21,,,,,,,,15,,,,,,,,,
2758,,54,,0,2,,,,,,,,,,23,,1,,,,,,,8,0,,,,,,,,,1,,,,0,,,,,,,,,,,,,,,,21,,,,,,,,,1,,,14,,,,,,,,,16,,,,,19,0,,18,,,,,,0,,18,,,1,,,,,,
2759,,22,,,,,,,,,,,,,,,,,2,,,,,42,,,,,,,,,,,,,,1,,,,,,,,,,,1,,2,,,31,,,,,,,,,,,,8,,,,,,,,,24,,1,13,,,,,5,,,1,,,,,17,,,,,,,,,
2760,,34,,,,,,,,,,,,2,24,,,,,,,18,,28,,,,,,,,,,,,,,,,,,,,,,,,,,,,,,26,,,,,2,,0,,,,,11,,,,,,,,,16,9,,,,32,,,16,,,,,,,,18,,,,,,,,,
2761,,19,,,,,,,,0,,,,,,,,2,,,,,,45,,,,,,,,,,,,,,4,,,,,,,,,,,,,,,,,,,,,,0,,15,,,,,,,,,,,,,,,,10,,,,,19,,,,,,,,16,,,,,,,,,
2762,,58,,,,,0,,,,,,2,,22,,,,,1,,,,4,,,,,,,,,,,,,,,,,,,,,,,,,,,,,4,21,,,,,,,,,,,,25,,,,,,,,,15,,,,,16,6,,16,,,,,,,,17,,,,,,,,,
2763,0,19,,,,,,,,,,,,,25,,,,,,,,,43,,,,0,,,,,,,,,,3,,,,,,,,,,,,,,,,,,,5,,,,,15,,,,,,,,,,,,,,,,10,,,,,4,,,,,,,,4,,,,,,1,,,
2764,,26,,,,,,,,,,,,,22,,,,,,,,,28,,,6,,,,,,,,,,,,,,,,,0,,4,,,,,,,,25,,,,,,,,,,,,14,,,,,,,,,14,,,,,32,,,15,,0,,,0,,,18,,,,,,,,0,
2765,,59,,,,,,,,,,,,,11,,,,,,,,,23,,,,,,,,,,,,,,,,,,,,,,,,,,,,,,17,,,,0,,,,,,,,21,,,,,,,,,14,,,0,,14,,,21,,6,0,,,,,17,2,,,,,,,,
2766,,21,,,,,,3,,,,,,,,11,,,,,0,,,1,,,,,,,,,,,,,,,,,,,,,,,,,,,3,,,0,,,,,,,,18,,,,,,,,,,,,,,,,10,,,,,18,,,,,,,,14,,,,,,,,,
2767,,,,,,,,,,,,,,,,,,7,,,,,,28,,,,,,,,,,,,,,,,,,,,,,,,,,,,3,,34,,,,,6,,,,,,1,3,,,,5,,,,,23,,2,,,,,0,4,,,,,,7,,15,,,,,,,,,
2768,,37,,,,,,,,,,,,,22,,,,,,,,,26,,,,,,,,,,,,,,,,,,,,,,,,,,,,,,21,,,,,,,,,,,,11,,,3,,,,,,19,0,,,,22,4,,22,,,,,,,,16,,,,1,4,,,,
2769,,22,,,,,0,,2,,,,,,,,,9,,,,,,43,,,,,,,,,,,,,,1,,,,,,,,,,,,,,,,32,,,,,,,,18,,,,,,,,,,,,,,,,8,,,,,8,,,,,,,,16,,,,,,,,,
2770,,59,,,,,,,,,,,,,15,,,,,,,,4,26,,,,,,,,,,,,,,,,,,,,,,,,,,,,,,15,,,,,,,,,,,,18,,,,,,,,,2,,,,,4,,,23,,,0,,,,,12,,,,,,,,,
2771,,35,,,,,,,,,,,,,,,,,,,0,,,30,,,,,,,,,,,,,,,,,,,,,,,,5,,,,,,23,,,,,,,,,,,,21,,,0,,,,,,11,,,,,22,4,,9,2,,,,,,,18,,,,,,,,,
2772,,61,,,,,,,,,,,,,21,,,,,,,,,26,,,,,,,,,,,,,,,,2,,,,,,,,,,,,,,25,,,,,,,,,,,,19,,,,,,,,,16,0,,,,19,,,20,,,,,,,,13,,,,,,,,,
2773,,18,,,,,,,,,,,,,,3,,,,,,,,38,,,,,,,0,,,,,,,,,,,,,,,,,0,,,,,,,,,,,,,,11,,,,,,,,,,,0,,1,,,10,,,,,17,,,0,,,,,7,,,,,,,,,
2774,,34,,,,,,,,,,,,,23,,,,,,,,,30,,,,,,,,,,,,,,,,,,,,,,0,,,,,3,,,,,,,,,,,,,,,1,,,,,,,,,,,,,,,,,,8,,,,,,,,,,2,,,0,,,
2775,,42,,,,,,,,,,,,,25,,1,,,,,,,13,,,,,,,,,,,,,,,,,,,,,,,,,,,,1,,24,,,,,,,,,,,,14,,,,,,,,,19,,,,,20,,,2,,,,,3,,,19,,,,,,,,,
2776,,,,,,,,,5,,,,,,,,,3,4,,,,,28,,,,,,,,,1,,,,,,,,,0,,,,,,,,,,,,29,,,,,,,,,,,,2,1,,,,,,,,23,1,,,,,,,6,7,,,,,,,,,,,,,,,,
2777,0,21,,,,,,,,,,2,,,,,0,,,,,,,45,,,,,,,,,,,,,,,,,,,,,,,,,,,,,,,,,,,,,,0,,,,,,,,,,,,,,,,5,,,,,17,,,,,,,,15,,,,,,,,,
2778,,1,,,,,,,,,,,,,2,,,,,,,,,1,,,,,,,,,,,,,,,,,,,,,,,,,,,,,,18,,,,,,,,,,,,23,,,,,,,,,11,,,,,1,,,22,,,,,,,,15,,,,,,,,,
2779,,39,,,,,,,,,,,,,25,,0,,,,,,,9,,,,,,,,,,,,,1,,,,,,,,,,,,,,,,,25,,,,,,0,,,,,0,8,,,,,,,,,24,,,,,21,9,,7,,,1,,,,,16,,,,,,,,0,
2780,,59,1,,,,,,,,,,,,23,,,,,,,,,24,,,,,,,,,,0,,,,,,,,,,,,,,,,,,,,2,,,,,,,,,,,,17,,,,0,,,,,12,,,,,16,,,19,,,,,,,,1,,,,,,,,,
2781,,62,,,,,,,,,,,,,18,,,,,,,,,25,0,,,,,,,,,,,,,,,,,,,,2,,,,55,,,,,21,,,,,,,,,,,,18,,,,,,,,,1,,,,,9,,,23,0,,,,,,0,16,,,,,,,,,
2782,,8,,,,,,,,,,,,,,,,,,,0,,3,35,,,,,,,,,,,,,8,,1,,,,,,,,,,,,,,,,,,,,,,,13,,,,,,,,,,,,,,,,11,,,,,20,,,,,,,,14,,,,,,,,,
2783,,60,,,3,1,,,,,,1,10,,21,,,,,1,,,,24,,,,,,,,,,,,,,,,,,,,,,,,,,,,,,23,,3,,,,,,,,,,5,,,,,0,,,,15,,,,,18,,,21,,,,,,,,10,,,,,,,,,
2784,,56,,,,,,,,,,,,,18,,,,,,,,,26,,,,,,,,,,,,,,,,,,,,,,,0,,,,,,,24,,,,,,,,,,,,17,,,,,,,,,17,,,,,16,15,,3,,,,,,,,13,,,,,,,,,
2785,,57,,,,,,,,,,,,,21,,,,,,,,,23,,,1,,,,,,,,,,,,,,,,,,5,,,,,,,,,16,,,,,,,,,,,,16,,,,,,,,,15,,0,,,17,,,18,,,,,,,,17,,,,,,,,,
2786,,21,,,,,,2,,,,,,,,2,,,,,,,2,45,,,,,,0,,,0,,,,,,,,,,1,,,,,,,,,,,,,,,,,,,18,,,,,,,,,,,,,,,,11,,,,,6,,,,,,,,15,,,,2,,,,,
2787,,56,,,,1,,,,,,,,,23,,2,,,,,,,10,,,,,,,,,,,,,,,,,,,,,,,,,1,,,,,19,,,,,,,,,,,,22,,,,,,,,,14,,,,0,17,1,,18,,,,,,4,,17,,,,,,,,,
2788,,33,0,,,1,,,7,,,,,,22,,,,,,,,,30,,,,,,,,,,,,,,,,,,,,,,,,,,,,,,,,,,,,,,1,,,,10,1,,,,,,,,,2,,,,,1,,2,5,,,,,,,,,,,,,,,,
2789,,25,,,,,,,,,,0,,,,,,8,,0,,,,45,2,,,,,0,,,,,,,,,,,,,,1,,,,,2,,,,,35,,,,,,,,17,1,,,3,,,,,,,,,,,,0,,,,,9,,,,,,,,18,2,,,,,1,,,
2790,,58,,1,,,,,,,,,,,21,,,,,,,19,,28,,,,,,,,,,,,,,,,,,,,,,,,,,,,,1,22,,,,,,,,,,,,2,,,,,,,,,18,,,,,33,,,17,,,,,,,,17,,,,,,,,,
2791,,38,,,,,,,,,,,,8,21,,,,,,,,,25,,,,,,,,,,,,,,,,,,,,,,,,,,,,,,24,,,,,,,,,,,,0,,,,,,,,,15,,,,,13,,,18,,,,,,,,19,,,,,,,,,
2792,1,33,,,,,,,,,,,,,21,,,,,,,,,28,,,,,,,,,,0,,,,,,,,,,,,,,,,,,,,,,,,,,,,,,,,,,,,,,,,,,,,,,,,,2,5,,,,,,,12,,,,,,,,,
2793,,1,,,,,,,,,,,,,17,,,,,,,,,14,,,,,,0,,,,,,,,,,,,,,,,,,,,,,,,24,,,,,,,,,,,,17,,,,,,,,,14,,,,,18,,,23,,0,,,,,,2,,,,,,,,,
2794,,9,,,,,,2,,,,,,,,6,,,,,0,,,46,,,,,,,,,,,,,,,,,,,,,,,,,,,,,,28,,,,,,,,18,,,,,,,,,,,,,,,,3,,,,,21,3,,,0,,,,7,,,,,,,,,
2795,,2,,,,,,,,,,,,,21,,,,,,,,,29,,,,,,,,,,,,,,,,0,,,,,,,,,0,,,,,25,,,,,,,,,,,0,19,,,,3,,,,,18,,,,,18,,,22,,,,,,,,12,,,,7,,,,,
2796,,62,,,,,,,,,,,,,13,,,,,,,,5,25,,,,,,,,,,,,,,,,,,,,,,,,,,,,,,2,,,,,,,,,,,,20,,,,,,,,,8,,,,,17,,,23,,,,,,,,6,,,,,,,,,
2797,,61,0,,,,,,,,,,,,20,,,,,,,,,28,,,,,,,,,,,,,,,,0,,,,,,,,,,,,,,3,,,,,,,,,,,,24,,,,,,2,,,9,,,,,14,,,2,,,,,,,,12,,,,,,,,,
2798,,19,,,,,,,,,,,,,,,,0,,,,,,28,,,,,,,,,,,,,,,,,,,,,,,,,,,,,,,,,,,,,,16,,,,,,,,,,,,,,,,11,,,,,2,,,,1,,,,18,,,,,,,,,
2799,,,,,,,,,5,,,,,,,,,,1,,,,,32,,,,,,,,,,,,,,,,,,,,,,,,,,,,,,,,,,,,,,,,,,5,,,,,,,,,20,4,,,,,,,4,,1,1,,,,,4,,,,,,,,,
2800,,19,,,,,,,,,,,,0,,,,,,,,,4,46,,,,,,,,,,,,,,1,,,,,,,,,,,,,,,,,,,,,,,,17,,,,,,,0,,,,,,,,0,10,,,,,16,,,,,,,,16,,,0,,,,,,
2801,,55,,1,6,,,,,,,,0,,24,,,,,,,,,27,,,,,,,,,,,,,,,,,,,,,,,,,3,,,2,,22,,,,,,,,,,,,15,,,,,,,,,1,,,,,20,,,12,,,0,,,,,16,,,,,,,,,
2802,,43,,,,,,,,,,,,,19,,,,,,,3,,27,,,,,,,,,,,,,,0,,,,,,,,,,,,,,,0,14,,,,,,,,,,,,20,,,,,,,,,4,,,,,18,,,15,,5,,,,,,12,,,,,,,,,
2803,,60,,,,,,,,,,,,,22,,,,,,,,,27,,,,,,,,,1,,,,2,,0,,,,,,,,,,,,,,0,26,,,,,,,,,,,,20,,,,,,,,,0,,,,,21,,,20,,,,,,,,14,,,,,,,,,
2804,,59,1,,,2,,,,,,,,,21,,,,,,,,,30,,,,,,,,,,,,,,,,,,,,,,,,0,,,,,,5,,,,,,,,,,,,22,,,,,,,,,4,,,,,14,8,,0,7,,,,,,,18,,,,,,,,0,
2805,,7,,,3,,,,,,,,,,22,,,,,4,,,,32,,,,,,,,2,,,,,,,,,,,,,,,,,,,,,,0,,,,,,,,,,,,5,,,,,,,,,29,,1,,,38,,,6,,,,,,,,8,,,,,,,,,
2806,,6,,,,,,,,,,,,,,,4,,,,,,5,46,,,,2,,,,,,,,,,6,,,,,,,,2,,,,1,,,,,,,8,,,,,2,,,,,,,,,,,,,0,,,1,,,,,5,,,,,,,,17,,,,,,0,,,
2807,,22,,,,,,,,,,,,,,,,8,,1,,,,1,,,,,,,,,,,,,,,,,,,,,,,,,,,,,,2,,,,,,,,16,,,,,,,,,,,,,,,,10,,,,,7,,,,,,,,12,,,,,,,,,
2808,,33,,,,,,,,,,,,,13,,,,,6,,,,30,,,,,,,,,,,,,,,,,,,,,,,,,,,,,,23,,,,,,,,,,,,2,,,,,,,,,,,1,,,35,,,17,,,,,,,,12,,,,,,,,,
2809,,23,,0,,,,,,,,,,,,5,0,,,,,,,39,,,,,,,0,,,,,0,,,,,,,0,,2,,,,,1,,,,,,,,,,,,17,,,,1,,,,,8,,,,,,,12,,,,,12,,,,2,,,,13,,,,,,,,,
2810,,22,,,,,,,,,,,,,,1,,,,,,,,44,,,,,,,,,,,,,,,,,,,,,,,,,,,4,,,,,,,,,,,17,,,,,,,,,,,,,,,,10,,,,,7,,,,,,,,3,,,,,,,,,
2811,,60,,,,,,,,1,,,,1,20,,,,,,,,,24,,,,,,,,,0,,,,,,,,,,,,,,,,,,,,,16,,,,,,,,,1,,,13,,,,,,,,,2,,,,,23,,,23,5,,2,,,,,16,,,,,,,,,
2812,,41,,,,,0,,,,,,8,,22,,,,,,,,,21,,,,,,,,,,,,,,,,,,,,,4,,,,,,0,,,29,,,,,,,,,,0,,1,,,,,,,,,14,,,,,20,,,17,,,,,,,,20,,,,,,0,,,
2813,,35,,,,,,,,,,,,,19,,,,,,,19,,30,,,,,,,,,,,,,,,,,,,,,,,,,,,,,,25,,,,,,,1,,0,,,4,,,,,,,,,17,,,,,18,,,16,,,,,,,,19,,,,,,,,,
2814,,,,,,,,,,,,,,,,,,,,,,,,29,,,25,,,,,,,,,,,,,,,,,,,,,,,,,,,28,0,,,,,,,,,,,4,,,,,,,,4,1,0,,,,,,,2,,,,,,,,12,,,,,,,,,
2815,,8,,,,,,,,,,,,,,4,,,,,,,,43,,,,,,,,,,,,,,,,,,,,,2,,,,,,,,,,1,,,,,,,0,,,,,,,,,,,,,,,,11,,,,,21,,,,,,,,15,,0,,,,,,,
2816,,60,,,2,,,,,,,,,,24,,,,,,,,,28,,,,,,,,,0,,,0,,,,,,,,,,,,,,,,,,22,,0,,,,,,,,,,1,,,,,,,,,21,,,,,19,1,,11,,,,0,,,,19,,,,,,,,,
2817,,33,,,,,,,,,,,,,23,,,,,,,,,31,,,,,,,,,,,,,,,,,,,,,,,,,,,,,,,,,,,,,,,,,,3,,,,,,,,,,,,,,,,,,7,,,,,,,,,,0,,,,,,
2818,,42,,,,,,0,,,,,,,21,,,,,,,,,25,,,,,,,,,,,,,,,,,,,,,,,,,,,,,,28,,,,,,,,,,,,18,,,,,1,,,,16,,,,,14,,,17,,,,,,,,17,,,,,0,,,,
2819,,33,,,,,,,,,,,,,24,,,,,,,,,23,,,,,,,,,,,,,,,,,,,,,,,,,,,,,,22,,,0,,,,,,,,,6,,,0,,,,,,9,,,,,18,19,,23,2,0,,,,,,17,0,,,,,,,,
2820,,0,,,,,,,,,,,,,1,,,,,,,,,19,,,,,,,,,,,,,1,,,,,,,,,,,,,,,,,27,,,,,,,,,,,,17,,,,,,,0,,23,,,,,26,16,,13,,0,,,,,,7,,,,,,,,,
2821,,14,,,,,,,,,,,,,,13,,,,,,,,46,,,,,,,,,,,,,,,,,,,,,,,,,0,,2,,,29,,,,1,,,,18,,,,,,,,,,,,,,,,12,,,,,18,,,,,,,,13,,,,,,,,,
2822,,26,,,,,,,,,,,,,24,,,,,,,,,28,,,0,,,,,,,,,,,,,,,,,,,,,,,,,,,26,,,,,,,,,,,,5,,,,,,,,,19,,0,,,30,,,21,,1,,,5,,,19,,,,,,,,,
2823,,62,,,,,,,,,,,,,0,,0,,,,,,,28,,,,,,,,,0,,,,,,,,,,,,,,,,,,,,,19,,,,,,,,,,,,25,,,,,,,,,8,,,,,11,,,0,0,,,,0,,,13,,,,,,,,,
2824,,35,,,,2,,,,,,,,,22,,0,,,,,,,19,,,,,,,,,2,,,,,,,,,,,,,,,,,,,,,28,,,,,,,,,,,,3,,,2,,,,,,,,,,,24,20,1,13,6,,0,,,,,15,,,1,,,,,,
2825,,57,,,,,,,,,,,,,22,,,,,,,,,17,,,,,,,,,,,,,,,,,,,,,,2,,,,,,,,30,,,,,,,,,,,,5,,,,,,,,,22,,,,,20,,,19,,,,,5,,,16,0,,,,,,,,
2826,,46,,,,,,,,,,,,10,20,,,,,,,,,31,,,,,,,,,,,,,,,,,,,,,,,,,63,,,,,26,,,,,,,,,,,,5,,,,,,,,,,,,0,,32,,,23,,,,,,,,16,,0,,,,,,,
2827,,20,,0,,,,,,,,,,0,,,,,1,,,,,43,,,,,,,,,,,,,,,,,,,,,,,,,,,,,,,,,,,,,,15,,,,1,,,,,,,,,,,,9,,,,,19,,,,,,,,17,,,1,,,,,,
2828,,57,,,,,,,,,,,,,15,,,,,,,,,23,,,,,,,,,,,,,,,,,,,,,,,,,,,,,,17,,,,,,,,,,,,23,,,,,,0,,,12,,,,0,9,,,25,,,,,,,,17,,,,,,,,,
2829,,42,,,,,,,,,,,,,22,,,,,,,,,11,,,2,,,,,,,3,,,,,,,,,,,,,,,,,,,,22,,,,,,,,,,,,14,,,,,,,,,19,,,,,20,2,,11,,,3,,,,,20,,,,,,,,,
2830,,42,,,,,,,,,,,,,22,,,,1,,,,0,13,,,,,,,,,,,,,,,,,,,,,,,,,,,,1,,23,,,,,,,,,,,,17,,,,,,,,,24,,,,,19,13,,0,,,,,,,,18,,,,,,,,,
2831,,27,,,,,,,,,,,,,13,,,,,,,,,27,,,,,,,,,,,,,,,,,,,,,,,,,,,,0,,24,,,,,,,,,,,,6,,,,,,,,,20,,,,,20,,,11,,,,,4,,,17,,,,,,,,,
2832,,60,,,,,,,,,,,,,24,,,,,,,,,28,,,,,,,,,,1,,,,,,,,,,,0,,,5,,,,,,25,,,,,,,,,,,1,17,,,,,,,,,17,,,,,15,1,,20,,,,,,,,15,,,,6,,,,,
2833,,63,,0,,,,,,1,,,,,20,,,,,,,,4,22,,,,,,,,,,,,,,,,,,,,,,,,,,,,,,16,,,,,,,,,,,,24,,,,,,,0,,6,,,,,12,,,21,,1,,,,,,0,,,,,,,,,
2834,,,,,,,,,,,,,,,,,,4,,,1,0,,,,,,,,,,,,,,,,,,,,,,,,,,0,,,,3,,28,,,,,3,,,,,,,8,,,,6,,1,,,19,,4,,,,,,3,,,,,,9,0,17,,,,,,,,,
2835,,8,,,,,,,,,,,,,,,,,,,,,4,35,,,,,,,,,,,,,1,,,,0,,,,,,,,,,,,,,,,,,,,,17,,,,,,,,,,,,,,,,8,,,,,19,,,,,,,,11,,,,,,,0,,
2836,,57,,,,,,,,,,,,,,,,0,,,,,,30,,,,,,,,,,,,,,,,,,,,,,,,1,,,,,2,20,,,,,,,,,,,,23,,,,,,,,,0,,,,,24,7,,12,6,,3,,,,,17,,,,,,,,,
2837,,0,,,,,,,,,,,,,24,9,,,,,,,,3,,,,,,0,,,,,,,,,,,,,,,,,,,,,,,,,,,,,,,,18,,,,3,,,,,0,,,0,,,,13,,,,,7,3,,0,,,,,14,,,,,,,,,
2838,,,,,,,,,,,,,,,,,,1,,,,,,,,,25,,,,,,,,,,,,,,,,1,,,,,,25,,,,,28,0,,,,,,,,,,,,,,,,,,3,2,1,,,,,,,,,,,,,,,,14,,0,,,,,,,
2839,,0,,,,,,,,,,,,,,,,,,,,,,45,,,,,2,,,,,,,,,,,,,,,,,,,,0,,,,,,,,,,,,,1,,,,,,,,,,,,,,,,10,,,,,18,,,,1,,,,17,,,,,,,,,
2840,,62,,,,,,,,,,,,,11,,,,,,,,,28,,,,,,,,,,,,,,,,,,,,,,,,,,,,,,20,,,,,,,,,,,,24,,,,,,,,,1,,,,,6,15,,17,,,,,,,,0,,,,,,,,,
2841,,61,,,,,,,,,,,3,,,,,,,,,,,28,,,,,,,,,,,,,,,,,,,1,,,,,4,,,,,,21,,,,,,,,,,,,18,,,,,,,,,13,,,,,19,5,,11,6,,,,,,,18,,,,,,,,,
2842,,33,0,,,,,,,,,,,,21,,,,,,,,,28,,,,,,,,,,,,,,,,,,,,,,,,,,,,0,,28,,,,,,,,,,,,2,0,,,,,,,,,,,,,,,,2,5,,,,,,,12,,,,,,,,,
2843,,55,,,1,,,,,,,,,0,23,,,,,,,,,27,,,,,,,,,,,,,,1,,,,,,,,,,,,,4,,,23,,,,,,,,,,,,16,,,,,,,,0,23,,,,,21,0,,15,,,1,,,,,18,,,,,,,,,
2844,,55,,,,,,,,,,,,,7,,,,,,,,,27,,,,,,,,,,,,,0,,,,,,,,,,,,,,,,,21,,,,,,,,,,,,4,,,,,,,,,5,,,,,20,,,20,,,,,,,,16,,,,,,,,,
2845,,38,,,,,,,,,5,,,,19,,,,,,,,,25,,,,,,,,,,,,,,,,,,,,,,,,,,,,,,29,,,,,,,,,,,,12,,,,,,,,,12,,,,,15,6,,21,,,,,,,,14,,,,,,,,,
2846,,58,1,,,,,,,,,,,,22,,,,,,,,,25,,,,,,,,,,,,,,,,,,,,,,,4,,,,,,,5,,,,,,,,3,,,,1,,,,,,,,,16,,,,,17,,,17,,,,,,,,12,,,,,,,,,
2847,,52,,,,,,,,,0,,,,21,,,,,,,,,24,,,,,,,,,,,,,,,,,,,,,,,,,,,,,,24,,,,,,,,,,,,18,,,,,,,,,8,,,,,11,,0,11,,,,,,,0,17,,,2,,,,,,
2848,,59,,,,,,,,,,,,,25,,,,,0,,,,26,,,,,0,,,,0,,,,,,,,,,,,,,,,,,,,,13,,,,,,,,,,,,22,,,,,,,,,16,,,,,19,,,15,,,,,,,,17,,,,,,,,,
2849,,5,,,,,,,,,,,,,19,,,,,,0,,,16,,0,,,,,,,,,,,,,,,,,,,,1,,,,,,,,19,,,,,,,,,,,,23,,,,,,,,,3,,,,,16,,,20,,,,,,,,10,,,,,,,,,
2850,,23,,,,,,,,,,0,,,,,,,,,,,,41,,,,,,,,,,,,,,,,,,,,,,,,,,,,,,,,,,,,,,11,,,,,,,,,,,,,,,,10,,,,2,18,4,,,,,,,4,,,,,,,,,
2851,,25,,,,,,,2,,,,,,,,,7,,,,,,44,,,,,,,,,,,,,,,,,,,,0,,,,,,,,,,38,,,,,,,,18,,,,,,,,,,,,,,,,8,,0,,,4,,,,,,,,17,2,,,,,,,,
2852,,21,,,,,,,,,,,,,,1,,,,,,,,43,,,,,,,,,,,,,,,,,,0,,,,,,,,,,,1,,,,,,,,,16,,,,2,,,,,,,,,,,,10,,,,,19,,,,,0,,,18,,,,,,,,,
2853,,46,,,,,,,,,,,,,20,1,,,,,,,,21,,,,,,,,,,,,,,,,,,,,,,,,,,,,,,13,,,,,,,,,,,,22,,,,,,,,,11,,,,,9,,0,24,,,,,,,,12,,,,,,,,,
2854,,21,,,,,,,,,,,,,,,,,,,,,,46,,,,,,,,,,,,,,,,,,,,,,,,,,,,,,,,,,,,,,15,,,,,,,,,,,,,,,,11,,,,,16,3,,,,,,,15,,,,,,,,,
2855,,60,,,0,5,,,,,,,,1,20,,,,0,,,,0,24,,,,,0,,,,,,,,,,,,,,,,,1,,,,,,,,16,,,,,,,,,1,,,23,,,,,0,,,,2,,,,,18,,,23,,,,,,,,12,,,,,,,,,
2856,,53,,1,,,,,0,,,,,7,10,,,,,,,,,25,,,,,,,,0,,2,,,,,0,,,,0,,,,,,,,0,,,28,,,,,,,,,,,,14,0,,,,,,,,17,,,,,16,,,21,,,,,,,,16,,,2,,,,,,
2857,,0,,,,,,,,,,,,,0,,,,4,,,,,31,,,,,,,,,,,,,,,,,,,,,,,,0,,,,,,28,,,,,,,,,,,,2,,,,,,,,,22,3,,,,,,,7,5,1,3,,,,,12,,,,2,,,,,
2858,,56,,,,,,,,,,,,,,,,,,,,,1,,,,,0,,,,,,,,,,,,,,,4,,,,,,,,,,,21,,,,0,,,,,1,,,8,,,,,,,,,12,,,,,38,2,,10,0,,,,,,,17,,,,,,,,,
2859,,61,0,,,,,,,,,,,,21,,,,,,,,,23,,,,,,,,,,,,,,,,,,,,,,,,0,,,,,,0,,,,,,,,,,,,19,,,,,,,,,10,,,,,12,,,18,,,,,,,,2,,,,,,,,,
2860,,34,,,,,,,,,,,,,22,,,,0,,,,,5,,,,,,,,,,4,,,,2,,,,,,,,,,,,,,1,,27,,,,,,,,,,,,8,,,,,,,,,,,,,,,4,,2,,,,,,,,20,,,,,,,,,
2861,,,,1,,,,,4,,,,,,,,,,3,,,,,29,,,,,,,,0,,,,,,,,,,,,,,,,,,,,,,,,,,,,,,,,,,4,,,,,,,,,20,3,,,,,,,5,,2,2,,,,,,,,,,,,,,
2862,,20,,,,,,,,,,,,,,,,,,,,,,5,,1,,,,,,,,,,,,,,,,,0,,,,,,,,,,,,,,,,,,,15,,,,,,,,,,,,,,,,10,,,,,17,,,,,,,,16,,,,4,,,1,,
2863,,61,,,,,,,,,,,,,7,,,,,,,,,26,,,,,,,,,,,,,,,,,,,,,,,,,,,,,,0,,,,,,0,,,,,,24,,,,,,,,,3,,,,,14,,,3,,0,,,,,,16,,,,,,1,,,
2864,,22,,,,,,,,,,,,,,,,,,,,,,44,,,,,,,,,,,,,,2,,,,,,,3,,,,,,,,,,,,,,,,,16,,,,,,,,,,,,,,,,8,,,,,17,,,,,,,,17,,,,,,,,,
2865,,56,,,4,,,,,,,,,,23,,,,,,,,,25,,,,,,,,,,,,,,,,,,,,,,,,,,,2,,,23,,,,,,,,,,,,0,,,,,,,,,19,,,,,23,,0,10,,,,,,,,17,,,,,,,,,
2866,,0,,,,,,,,,,,,,,,,,,,,,0,42,,,,,,,,,,,,,0,,,,,,,,,,,,,,,,,,,,,,,,,7,,,,,,,,,,,,,,,0,1,,0,,,8,,,,,,,,8,,,,2,,,,,
2867,,3,,,,,,,,,,,,,23,,,,0,,,,,44,,,,,,,,,1,,,,,,,,,,,,,,,,,,,,,,,,,,,,,16,,,,,,,,,,,,,,,,7,,,3,,16,,,,0,,,,14,,,,,,,,,
2868,,62,,,,,,,,,,,,,11,,,,,,,,,20,,,,,,,,,1,,,,,,,,0,,,,,0,4,,,,,,,24,,,,,,,,,,,,20,,,1,,,,,,13,,,,,17,,,19,,,,,,,,0,,,,,,,,,
2869,,61,,,,,,,,,,,,,1,,,,,,,,,25,,,,,,,,,,,,,,,,,,,,,,,,,53,0,,,,1,,,,,,,,,,,,22,,,,,,,,,15,,,,,3,,,21,,,,,,,,1,,,,,,,,,
2870,,43,,,,,,,,,,,,,22,,,,,,,,,18,0,,,,,,,,,,,,,,,,,,,,,,,,,,,,2,27,,,,,,,,,,,,18,,,,,,,,,19,,,,,15,15,,19,,,,,,,,16,,,,,,,,,
2871,,54,,1,,,,,,,,,,,22,,0,,,,,,,30,,,0,,,,,,,,,,,,,,,,,,,,,,,,,,,23,,,,,,,,,,,,18,,,,,,,,,22,,,,,0,17,,16,,,,,,,,14,,,,3,,,,,
2872,,15,,,,,,,,,,,,,,,,,,,,,,40,,,,,,,,,,,,,,,,,,,,,,,,,,,,,,1,0,,,,,,,11,,,,0,,,,,,,,,,,,1,,,,,19,,,,,,,,13,,,,,,,,,
2873,,16,,,,,,,,,,,,,,7,,,,,,,,29,,,,,,,,,,,,,,,,,,,,,,,,,,,,,,,,,,,,,,15,,,,,,,,,,,,,,,,8,,,,,13,5,,,,0,,,2,,,,,,,,,
2874,,17,,,,,0,1,,,,,,,,5,,,,,,,,46,,,,,,,,,,,,,,,,,,,,,,,,,,,,,1,,1,,,,,,,16,,,,,,,,,,,,,,,,2,,,,,12,2,,,,,,,14,,,,,,,,,
2875,,60,,,,,,,,,4,,,,18,,,,,0,,,,24,,,,,,1,,,,0,,,,,,,,,,,,,,,,,,,,19,,,,,,,,,,,,23,,,,,,,,,7,,,,,15,,,15,,,,,,,,14,,0,,,,,,,
2876,,60,,,,,,,,,,,,,21,,,,,,,,,26,,,,,,,2,,,,,,,,,,,,,,,,,,,,,,,16,,,,,,,,1,,,,21,,,,,,,,,15,,,,,19,,,0,,,,,,,,0,,,,,,,,,
2877,,7,,,,,,,,,,,,,,3,,,,,,,,42,,,2,,,,,,,,,,2,,,,,,,,,,0,,,,,,,,,,,,,,,17,,,,,,,,,,,,,,,,7,,,,,20,,,,,1,,,18,,,,,,,,,
2878,,60,,,,,,,,,,,,,21,,,,,,,,,20,,,,,,,,,,,,,,,,,,,,,,,,,,,,,2,21,,,,,,,,,,,,22,,,,,,,,,12,,0,,,20,,,22,,,,,,,,15,,,,,,1,,,
2879,,,2,,,,0,,,,,,,,,,,6,,,,,,,,,,,,,,,,,,,,,,,,,,,,,,,,,,,,32,,,,,0,,,,,,,6,0,4,,3,,,,,22,,6,,,,,,4,,,,,1,1,,13,0,,,,,,,,
2880,,1,,,,,,,,,,,,,,4,,,,,,,,43,,,,,,,,,,,,,,2,,,,,,,,,,,,,,,,,,,,,,,,18,,,,,,,,,,,,,,,0,12,,,,1,17,,,,,,,,4,,,,,,,,,
2881,,60,,,,,,,,,,,,,18,,,,,,,,,27,,,,,,,,,0,,,,1,,,,,,,,,,,,,0,,,,9,,,,,,,,1,,,,21,,,,,,,,,7,,,,,18,,,25,,,,,,,,20,,,,,,,,,
2882,,62,,,,,,,,,,,,,20,,,,,,14,,,27,,,,,,,,,,,,,,,,,,,,,,0,,,2,,,,,26,,,,,0,,,,,,,21,,,,,,,,,15,,,,,17,,,15,,,,,,,,13,,,2,,,,,,
2883,,47,,,,,,,,,,,,,19,,,,,,,,,27,,,,,,,,,,40,,,,,,,,,,,,,,,,,,2,,28,,,0,,,,,,,,,25,,,,,,,,,19,,,,,18,,,20,,,,,,1,,4,,,,,,,,,
2884,,23,,,,,,,1,,,,,,,,2,,,,,,,2,,,,,,,,,,,,1,,,,,,,,,,,,,,,,,,30,,,,,,,,17,,,,,,,,,,,0,,,,,11,,,,,13,7,,2,,,,,12,,,,,,,,,
2885,,33,,,,,,,,,,,,,25,0,,,,,18,,,28,,2,23,,0,,,,,,,,,0,0,,,,1,0,,0,,,25,,,,,31,10,,,,,,,,,,,,,,,,,0,,2,2,13,,,,,,,,0,,,,,,,14,,,,,,,,,
2886,,32,,,2,,,,,,,,,,25,,,,,,,,,,,,,,,,,,1,,,,,,,,,,,,,,,,,,,,,31,,,,,,,,,,,,5,,,,,,,,,29,,,,,39,,,0,,,,,,,,3,,,,,,,,,
2887,,1,,,,,,,,,,0,0,,,,,,,,,,,0,,,,,,,,,,,,,,,,,,,,,,,,,,,,,,,,,,,,,,17,,,,,,,,,,,,,,,,8,,,,,8,,,,,1,,,0,,,,,,,,,
2888,,21,,,,,,,3,,,,,,,,,8,,,,,,45,,,,,,,,,,,,,,,,,,,,,,,,,,,,,,36,,,,,,,,17,,,,,,,,0,,,0,0,,,,9,,,,,14,,,,,,,,16,,,,,,,,,
2889,,,,,,,,,,,,,,,,,,7,0,,,,,,,,,,,,,,,,,,,,,,,,,,,,0,,,,,,,33,,,,,7,,,,,,,4,,5,,2,,,,,0,,0,,,,,,3,,,,,,8,,8,,,,,,,,,
2890,,14,,,,,,,,,,,,,,,,0,,,,,1,42,,,,,,,,,,,,,,,,,,,,,,,,,,,,,,,,,,,,,,13,,,,,,,,,,,,,,,,10,,,,,15,,,,,,,,15,,,,,,,,,
2891,,15,,0,,,,,,1,,,,,,,,,,,,,,43,,,,,,,,,,,0,,,,,,,,,,,,,,,,,,,,,,,,,0,0,10,,,,,,,,,,,,,,,,9,,,,,10,,,,,,,,17,,,,,,,,,
2892,,43,,,,,,,,,,,,,24,,,,,,,,,9,,,,,,,,1,,,,,,,,,,,,,,,,,,,,,,23,,,,,,2,,,,,,8,,,,,,,,,5,,,,,18,7,,19,,,,,,,,17,,,,,,,,,
2893,,33,,,,,,,,,,,,0,24,,,,,,,,,29,,,,,,,,,,,,,,,,,,,,,,,,2,,,,0,,29,,,,,,,,,0,,,19,,,,,,,,,18,,,,,23,6,,12,,,,,,,,19,,,,,0,,,,
2894,,62,,,,,,,,,0,,,,6,,,,,,,,,28,,,,,,,,,,,,,,,,,,,,,,,,,,,,,,1,,,,0,,,,,,,,23,,,,,,,,,13,,,,,10,,,21,,,,,,,,11,,,,,,,,,
2895,,0,,,,,,,,,,,,,22,,,,,,,,,27,,,,,,,,,,,,,,,,,,,,,,,,,,,,,,23,,,,,,,,,,,,8,,,,,,,,,19,,,,,18,,,21,,,,,,,,17,,,,,,,,,
2896,,20,,,,,,7,,,,,,,,,,,,,,,,44,,,1,,,,,,,,,,,,,,,,,,,,,,,,,,,,,,,,,,,14,,,,,,,,,,,,,,,,8,,,0,,15,4,,,,,,,17,,,,,,,,,
2897,,2,,,,,,,,,,,,,,,,,0,,,,,38,,,,,,,,,4,,,3,,1,,,,,,,,,,,,,,,,,,,,,,,,12,,,,,,,,,,,,,,,1,10,,,,,19,,,,,,,,6,,,,,,,,,
2898,,36,,,,,,,,,,,,,,,,3,,,,,,30,,,,1,,,,,,,,,,,,,,,,,,,,2,,,,,,22,,,,,,,,,,,0,24,,,,,,,,,12,,,,,25,4,,12,5,,,,,,,12,,,,,,,,,
2899,,26,,,,,,6,,,,,,,,,,9,,,,,,29,,,,,,,,,,,,,,,,,,,,,,,,,,,,,,32,,,,,,,,20,,,,,,,,,,0,,,,,,12,,2,,,3,7,,,,,,,19,4,,,,,,,,
2900,,45,,,,,,0,,,,,,,24,,,,,,,,,11,,,,,,,,0,,2,,,,,,,,,,,,,,,,,,,,27,,0,,,,0,,,,,,10,,,,,,0,,,22,,,,,21,,,22,0,,,,,,,19,0,,,,,,,,
2901,,60,,,,,,,,,,,,,19,,,,,,,2,,4,,,,,,,0,,,,,2,,,,,,,,,,,,,,,,,,1,,,,,,,,,,,,22,,,,,,,,,15,,,,,18,,,9,,,,,,,,17,,,,,,,2,,
2902,,,,,,,,,,,,,,,,,,,,,,,,31,,2,,,,,,,,,,2,,,,,,,,,,,,,,,2,,,,0,,,,,0,,,,,,2,,,,,,,,,19,,,,,,,,2,7,,,,,,,,,,,,,,,,
2903,,0,,,,,,,,,,,,,21,,,,,,,,,28,,,,,,,,2,,,,,,,,,,,,,,,,,,,,,,29,,,,,,,,,,,,5,,,,,,,,,16,,,,,35,,,16,,,,,,,,20,,,,,,,,,
2904,,60,,,,,,,,,,,,,21,,,,,,,,,23,,,,,,,,,,,,,,,,,,,,,,0,,,0,,,,,20,,,,,,,1,1,,,,23,,,,,,,,,0,,,,,17,,,22,,,,,,,,15,,,,,,,,,
2905,,17,,,,,,,,,,,,,,,,,,,,,,41,,,,,,0,,,,,,,0,,,,,1,,,,,,,,,,,,,1,,,,,,0,12,,,,,,,,,,,,,,,,8,,,,,17,,,,,,0,,13,,,,,,,,,
2906,,20,,,,,,,,,,,,,,,,,,,,,,43,,,,,,,,,,,,,,,,,,,,,,,,,,,,,,2,,,,,,,0,8,,,,2,,,,,0,,,,,,,7,,,,,17,,,,2,,,,16,,,,,,,,,
2907,,9,,,,,,,,,,,,,,,,,,,,,,1,,,,,,,,,,,,,,,,,,,,,,,,,,,,,,,,,,,,,,17,,,,,,,0,,,,,,,,,12,,,,,19,,,,,,,,14,,,2,,,,,,
2908,,22,,,,,,,,,,3,,,,,,,,,,,,45,,,,,0,,,,,,,,,,2,,,,,,2,,,,,,,,,,,,,,,,,1,,,,,,,,,,,,,,2,,8,,,,,20,,,,,,,,16,,0,3,,,,,,
2909,,2,,,,,,,0,,,,,,,1,,,,,,,0,41,,,,,,,,,,,,0,,,,,,,,,,,,,,,0,,,,,,,,,1,,12,,,,,,,,0,,,,,,,,10,,,,,16,6,,,,,,,2,,,,,,,,,
2910,,4,,0,,,,,,,,,,,,,,,,,,1,,40,,,,,2,,,,,,,,,,,,,,,,2,,,,,,,,,,,,,,,,,17,,,,,,,,,,,,,,,,8,,,,,20,0,,,,,,,16,,,1,,,,,,
2911,,20,,,,0,,,,,,,,,,0,,,,,,,,43,,,,0,,,,,0,,,,7,,,,,,,,1,,,,,,,,,,,,,,,,,1,,,,,,,,,,,,,,0,0,9,,,,,19,5,,,,,,,2,,,,,,,,,
2912,,15,,,,,,,,,,,,,,,,,,,,,,4,,,,,,,,,,,,0,4,0,,,,,,,,1,,,,,,,,,1,,,,,,,12,,,,,,,,,,,,,,,,9,,,,,18,,,,,,,,15,,,,,,,,,2
2913,,2,,,,0,,,,,,,,,21,,,,,,,,,43,,,,,,,,,,,,,,,,,0,,,,2,,,,,,,,,,,,,,,0,,14,,,,0,,,,,,,,,,,,5,,,,,17,3,,,,,,,16,,,,,,,,,
2914,,56,,,,,,,,,,,,,16,,,,,,,,,22,,,,,,,,,,,,,,,,,,,2,,,,,,,,1,,,24,,,,,,,,,,,,14,,,,,,,,,16,,,,,18,,,12,,,,,,,,17,,,,,,,,,0
2915,,15,,,,,,,,,,,,,,3,2,,,,,,,37,,,,,,,,,,,,,,,,,,,,,,,,,,,,,,,,,,,,,,17,0,,,,,,,,,,,,,,,8,,,,,17,,,,,,,,14,,,,,,,,,
2916,,19,,,,,,,,,,,,,,,,,,,0,,,44,,,,,,,,,,,,,,,,,,,,,,,1,,,,0,,,,,,,,,,,9,,,,,,,,,,,,,,,,7,,,,,19,,,,,,,,7,,,,,,,,,
2917,,33,,,,,,,,,,,,,,,,,,,,,,45,,,,,,,,,,,,,,,,,,,,,,,,,,,,,,,2,,,,,,,7,,,,,,,,,,,,,,,,10,,,,,9,,,,,,,,13,,,,,,,,,
2918,,57,,,4,,,,,,,,,,20,,,,,,,,,27,,,,,,,,,,,,,,,,,,,1,,,,,,,,,,,22,,,,,,,,,,,,3,,,,,,,,,22,,,,,19,,1,16,,,,,,,,16,,,,,,,,,
2919,,18,,,,,,,,,,,,,26,,,,,,,,,33,,,,,1,,,,,,,,,,0,,,,,,,,2,,,,,,,,,,,,,,,9,,,,1,,,,,,,,,,,,2,0,,,,6,,,,,,,,14,,,2,,,,,,
2920,,19,,,,,,,,,,,,,,,,,,,,,4,42,,,,,,,,,5,,0,,,,,,,,,,,,,,,,,,,,,,,,,,,13,,,,,,,,,,,,,,,,12,,,1,,19,,,,,,,2,18,,,,,,,,,
2921,,55,,,,,,,,,,,,,23,,,,,,,,0,,,,,,,,,,,,,,,,,,,,3,,,2,,,,,,,0,20,,,,,,,,,,,,18,,,,,,,,,0,,,,,14,9,,21,,,,,,,,12,,,,0,,,,,
2922,,40,,,,,,,,,,1,,,21,,,,,3,,,,31,,,,,,,,1,,,,,,,,,,,,,,,,,,,,,,29,,,,,,,,,,,,6,,,,,,,,,,,,,,37,,,2,,,,,,,,8,,,,,,,,,
2923,,27,,,,,,,,,,,,,11,,,,,,,,0,30,,,,,,0,,,,3,,,,,,,0,,,1,4,,,,,,,,,22,,,,,,,,,,,,10,,,,,,,,,22,,,,,37,21,,22,,,,,,,,7,,,,,,,,,
2924,,9,,,,,,,,,,,,,,,,,,,,,,36,,,,,1,,,0,,,,,,,,,,,,0,1,,,,,0,,,,,,,,,,,,13,,,,,,,,,,,,,,,,12,,,0,,19,,,,,,,,15,,,,,,,,,1
2925,,21,,,,,,,,,,,,,,,,,,,,,4,37,,,,,,,,,,,,,,,,,,,,,,,,,,,,,,,,,0,,,,,17,,,,,,,,,,,,0,,,,12,,,,,17,7,,,,,,,17,,,,,,,,,
2926,,58,,,8,,,,,,,,,,23,,,,,,,,,28,,,,,,2,,,,,,,,,,,,,,,,,,,,,,,,4,,3,,,,,,,,,,21,1,,,,,,,,25,,,,,,,,3,,0,,,,,,16,,,,,,,,,
2927,,18,,,,,,,,,,,,,,,,,1,,,,,0,,2,,,,,,,,,,,,,,,,,,,,,,,,,,,,,,,,,,,,12,,,,4,,,,,,,2,,,,,9,,,,,19,,,,,,,,0,,,,1,,,,,
2928,,21,,,,,,,,,,,,,,,,,,,,,0,43,,,,,,,,,,,,,4,,,,,,,,,,,,,,,,,,,,,,,,,16,,,,,,,,,,,,,,,,12,,,,,15,,,,,,,,16,,,,0,,,,,
2929,,22,,,,,,,,,,,,,,,,,,,,,,28,,,,,,,,,1,,,,,,,,,,,,,,,,,,,,,,,,7,,,,,11,,,,,0,,,,,1,,,,,,6,,,,,17,,,6,,,0,,15,,,,,,,,,
2930,,,,,,,,,,,,,,,,,,,,,,,,28,,4,,,,,,,,,,3,,,,,,,,,,,,,,,2,,,,,,,,,,,,,,,,,,,,,,,,22,,,,,,,,3,7,,,,,,,,,,,0,,,,,
2931,,23,,,,,,,,,2,,,,,,,,,,,,,44,,,,1,,,,,,,,,,,,,,,,,0,,,,,,,,,,,,6,,,,,15,,,,,,,,,,,,,,,,9,,,,,11,,,,,,,,2,,,,,,,,,
2932,,59,,,,,,,,,,,10,,24,,,,,,,,,2,,,,,,0,,,,,,,,,,,,,0,,,,,,,,,,,24,,,,,,,,,,0,,18,,,,,,,,,23,,,,,21,0,,19,,,,,,5,,19,,,,,,,,,
2933,,41,,,6,,,,,0,,,,,22,,,,,,,,,32,,,,,,,,,,,,,,,,,,,,,,,,,,,,,0,29,,,,,,,,,,,,7,,,,,,,,,26,,,,1,34,,,22,,,,,,,,5,,,,,,,,,
2934,,38,,,,,,,,,,,,,0,,,,,,,0,,19,,,,,,,,,,,,,,,,,,,,,,,,,,,,,,26,,,,,,,,,,,,15,,,1,,,,,,22,,,,,25,13,,9,,,,,,,,17,,,,,,,,,
2935,,39,0,,6,,,,,,,,,,23,,,,,,,,,31,,,,,,,,,,,1,,0,,,,,,,,,,,,,,,,,28,,,,,,,,,,,,7,,,,,,,,,7,,,,,37,,,2,,,,,,,,4,,,,,,,,,
2936,,56,,,,,,,,,,,,,3,,,,,,,,,22,,,,,,,,,,,,,,,,,,,,,,,,,,,,,1,10,,,,,,,,,,,,17,,,0,,,,,,15,,,,,15,,,23,,,,,,,,17,,,,,,,,,
2937,,61,,,,,,,,,4,,,,18,,,,,,,,,26,,,,,,,,,,,,,,,,,,,,,,,,,,,,,,6,,,,,,,,,,,,23,,0,,,,,,,15,,,,,13,,,23,,,,,,,,13,,,,,,,,,
2938,,34,,,1,,,,,,,,,,19,,,1,,,,,,13,,,,,,,,,,,,,,,,,,,,,,,,,,,,,,28,,,,,,,,,,,,21,,,,,,,,,17,,,,,2,14,,17,,,2,,,,,16,,,0,,,,,,
2939,,60,,,,0,,,,,,,,,1,,,,,,,,,26,,,,,,,,,,,0,,,,,,,,,,,,,,,,,,,16,,,,,,,,,,,,2,,,,,,,,,14,,,,,10,,,23,,,,,,,,4,,2,,,,,,,
2940,,16,,,,,,,,,,,,,,5,,,,,,,,34,,,,,,,,0,,,,,,,,0,,,,,,,,,,,,,,,,,,,0,,,15,,,,,,,,,,,,,,,2,6,,,,,17,,,,,,,,16,,,,,,,,,
2941,,39,,,,,,,0,,,,,,23,,,,,,,,,28,,,,,,,,,,,,,,,,,,,,,,,,,,,,,,24,,,,,,,,,,,,2,,,,,,,,,24,,,,,32,,,22,,,,,,1,,12,,,,,,,,,
2942,,53,,,,,,,,,,,,,23,,,,,,,,,17,,,,,,,,,,,,,,,,,,,,,,,,,,,,,,25,,,,,,,,,,,,2,,,,,,,,,19,,,13,2,15,0,,3,,,1,,,,,13,,,,,,,,,
2943,,21,,,,,,,,,,0,,,,,,,,,,,,43,,,,,,,,,,,,,5,,,,,,,,,,,,,,1,,,,,,,,,,,17,,,,,,,,,,,,,,,,7,,,,,19,,,,,,,,17,1,,,,,,,,
2944,,8,,,,,,,,,,,,,,2,0,,,,,,,43,,,,,,,,,,,,,,,,,,,,,,,0,,,,,,,,,,,,,,,8,,,,,,,,,,,,,,,,11,,,,,3,,,,,,,,16,,,,1,,,,,
2945,,20,,,,,,,,,0,,,,,,1,,,,,,,43,,,,,,,,,,,,,,,,,,,,,,,,,,,,,,,0,,1,,,,,3,,,,2,,,,,,,,,,,,11,,,,,18,,,,,,0,,5,,,,,,,,,
2946,,22,0,,,,,,,,,,,,,,0,,,,,,,36,,,,,,,,,3,,,,,,,,,,,,,,,,,,,,,,,,,,,,,,,,,,,,0,,,,,,,,,9,,19,,,18,,,,,,,,18,,,,,0,,,,
2947,,42,,,,,,,,,,,,,24,,,,,,,,,19,,,,,,,,,,,,,1,,,,,,,,,,,,,,,,,29,,,,,,,,,,,,13,,,,,,,,,21,,,2,,19,,,11,,,,,,,,16,,,,,1,0,,,
2948,,22,,,,1,,,,1,,,,,,,,3,,,,,,45,,,,,,,,,,,,,,0,,,,,,,,,,,,2,,,,,,,,,,,,,,,,,,,0,,,,,,0,,,10,,,,,19,,,,,,,,15,,,,,,2,,0,
2949,,39,,,1,,,,,,,,,,23,,,,,,,,,29,,,,,,,,,,,,,,,,,,,,,,,,,,,,,,30,,,,,,,,,0,,,5,,,,,,,,,27,,,,,37,,,20,,,,,,,,4,,,,,,,,,
2950,,2,,,,,,,,,0,,,,3,,,,,,,,,22,,,,,,,,,,,,,,,,,0,,,,,,,,,,,,,6,,,,,,,,,1,,,19,,,,,,,,,16,,,,,10,,,20,,,,,,,,12,,,,,,,,,
2951,,41,,,,,,,,,,,,,24,,,,,,,,,3,,,,,,,,,,,,,,,,,,,,,,,,,,,,,,27,,,,,,,,,,,,13,,,,,1,,,,26,,,,,23,8,,6,,,,,,,,15,,,,,,,,,
2952,,25,,,,,,,,,,,,,21,,1,,,,0,,,37,,,,,,2,,,4,,,,,,,,,,,,,0,,,,,,,,28,,,,,,,,,,,,2,,,0,,,,,,,,,3,0,,,,4,5,,,,,,,19,,,,,1,,,,
2953,,20,,,,,,,,,,,,,,7,2,,,,,,,42,,,,,,,,,,,,,,,,,,,,,,,,,,,,,,36,,,,,,,,16,,,,3,,,,,,,,,,,,11,,,,,15,,,,,,,,14,,,,,,,,,
2954,,58,,,,,,,,,0,0,,0,24,,,,,,,,,29,,,,,,,,,,,,,,,,,,,5,,,,,,,,,,1,22,,,,,1,,,,,,,21,,,,,,,,,12,,,,,21,0,,10,7,,4,,,,,19,,,,,,,,,
2955,,54,,,0,,,,,,,,,,22,,,,,,,,,25,,,,,,,,,,,,,,,,,,,,,,,,,,,,,,20,,4,,,,,,,,,,17,,,,,,,,,21,,,,,3,,,18,,,,,,,,14,,,,,,,,,
2956,,19,,,,,,,,,,,,,,,0,7,,,,,,42,,,,,,,,,,,,,0,,,,,,,,0,,,,,,,,,,,,0,,,,,13,,,,,,,,,,,,,,,,7,,,,,20,,,,,,,,16,,,0,,,,,,
2957,,51,,,,,,,,,,,0,,23,,,,,,,,,28,,,,,,,,,,,,,,,,,,,,,,,,,1,,,,,29,,,,,,,,,,,,2,,0,1,,,,,,17,,,,1,19,,,16,,,,,,,,14,,,,,,,,,
2958,,40,,,,,,,,,,,,,19,,,,,,11,,,25,,,,,,,,,,,,,,2,,,,,,,,,,,,,,,,20,,,,,,,,,,,,20,,,,,,,,,7,,,,,10,,,22,,,,,,0,,13,,,,,,,,,
2959,,,,,,,,,,,,,,,,,,6,,,,,,,,,,,,,,,,,,,,,,,,,,0,,,,,,,,,,34,,,,,5,,,,,,0,8,,5,,4,,,,0,23,,,,,,,,5,,,,,,6,,17,,,,,,,,,
2960,,19,,,,,,,,,,,,,24,,,,,,,,5,1,,,,,,,,,,,,,,,,0,,,,,,,,,,,3,,,,,,,,,,,16,,,,0,,,,,,,,,,,,12,1,,,,19,,,,,,,,15,,,,0,,,,,
2961,,23,,,,,,,,,,,,,,,,,,,,,,43,,,,,,,,,,,,,1,,,,,,,,,,,,,,,,,28,,,2,,,,,18,,,,,,,,,,,,,,,,13,,,,,17,,,,,,,,12,,,,,2,,,,
2962,,36,,,,0,,,,,,,,,25,,,,,,,,,18,,,,,,,,,,,,,,,,,,,,,,,,,,,,,,28,,,,,,,,,,,,16,0,,0,,,,,,,,,,,23,17,0,10,,,,,,,,13,,,,,,,,,
2963,,11,,,1,0,,,,,,,,,,4,,,,,,,,45,,0,,,,,,,,,,,,,,,,,,,,,,,1,,,,,28,,,,,,,,18,,,,2,,,,,,,,,,,,14,,,,,2,,,6,,,,,12,,,,,,,,,
2964,,33,,,,,,,,,,,,2,17,,0,,,,1,,,7,,,,,,,,,,,,2,,,,,,,,,,,,,4,,,,,28,,,,,,,,,,,,11,,,,,,,,,12,,,,,18,,,19,,,3,,2,1,,15,,,,,,,,,
2965,,35,,,,,,,,,,,,,20,,,,,,,,,23,,,,,,,,,,,,,,,,,,,,,,,,,,,,,,27,,,,,,,,,,,,19,,,,,,,,,7,,,,,18,,,19,,,,,,,,15,,,3,,,,,,
2966,,7,,,,,,,0,,,,,,,1,,,,,,0,,39,,,,,,,,,,,,,3,,,,,,,,,,,,,,,,,,,,,,,,,15,,,,,,,,,,,,,,,,0,,,,,20,,,,,,,,13,,,,1,,,,,0
2967,,7,,,,,,,,,,,,,,,,2,,,,,,44,,,,,,,,,,,,,2,,,,,,0,,,,,,,,,,,,,,,,,,,11,,,,,,,,0,,,,,,,,9,,,,,16,,,,,,,,13,,,,,,,,,
2968,,37,,,,,,,,,,,,,12,,,,,,11,,,27,,,,,,,,,,,,,,,,,,,,,,,,,3,,,,,25,,,,,,2,,,,,,18,,,,,,,,,,,,,,20,,,5,,,,,,,,15,,,1,,,,,,
2969,,20,,1,,,,,,,,,,,,1,,,,,,,,42,,,,,,2,,,,,,,,,2,,,,,,,,2,,,,,,,,,,,,,,,16,,,,,,,,,,,,,,,,12,,,,,19,8,,,,,,,17,,,,,1,,2,,
2970,,60,,,,,,,,,,,,,13,,,,,,,,,24,,,,,,,,,,,,,,,,,,,,,,,,,,1,,,,3,,,,,,,,,,,,21,,,,,,0,,,12,,,,,14,,,24,,,,,,,,15,,,,,,,,,
2971,,27,,,,,,,,,,,,,21,,,,2,,16,20,,31,,,,,,,,,,,,,,,,,,,,,,,,,,,,,,28,,,,,,,,,,,,4,,,,,,,,,,0,,,,19,,2,2,,,,,,,,20,,,,,,,,,
2972,,,,,,,,,,,,,,,,,,3,,,,,,,,,,,,,,,,,,,,,,,,,,,,,,,,,,,,29,,,,,4,,,,,,,8,,5,,3,,,,,20,,,,,,,,3,,,,,,8,,16,,,,,,,,,
2973,,61,,,,,,,,,,,,,16,,,,,,,,,13,,,,,,,,,,,,,,,,,,,,,,,,,,,,,,14,,,,,,,,,,,,22,,,,,,,,,12,,,,,16,,,21,,,2,,,,,17,,,,,,,,,
2974,,19,,,,,,,,,,,,,,3,,,,,,,,43,,,,,,,,,,,,,,0,,,,,,,,,,,,,,,,,,,,,,,,7,,,,,,,,,,,,,,1,1,9,,,1,,18,,,,,,,,17,,,,,,,,,
2975,,33,,,,,,,,,,0,,,22,,,,,,,,,32,,,,,,,,,1,,,,,,,,,,,,,,,,,,,,,25,,,,,,,,,,,,1,,0,,,,,,,16,,,,,,,,2,,,3,,,,,20,,,,,,,,,
2976,,63,,,,1,,,,,,,,,2,,,,,,10,,,25,,,,,,,,,,,,,,,,,,,,,,,,,,,,,,20,,,,,,,,,1,,,4,,,,,,,,,,,,,,17,,,23,,,,,,,,1,,,,0,,,,,
2977,,9,,,,,,,,,,,,,,9,2,,,,,,,42,,,,,,,,,,,,,,,,,,,,0,,,,,,,0,,,,,,,,,,,17,,,,,,,,,,,,,,0,,12,,,,,5,,,,,,,,12,,,,,,,,,
2978,,23,,,,,,,1,,,,,,,,,7,,,,,,43,,,,,,,,,,,,,,,,,,,,,,,,,,,,,,28,,,,,,,,14,3,,,4,,,,,,,,,,,,11,,0,,,11,,,,,,,,17,,,,,,,,,
2979,,54,,,,,,,,,,,,9,19,,,,,,,20,,26,,,,,,,,,0,,,,,,,,,,,,,4,,,5,,,,,23,,,,,,,,,,0,,12,,,,,,,,,17,,,,,17,,,18,,,,,,,,17,,,,,,,,,
2980,,62,,,,,,,,,,,,,2,,,,,1,,,,28,2,,,,,0,,,,,,,,,,,,,,,,,,,,,,,,2,,,,,,,,,,,,22,,,0,,,,,,5,,,,,16,,,22,,1,,,,,,17,,,,,,,,,
2981,,9,,,,,,,,,,,,,,3,,,,,,,,44,,,,,,,0,,,,,,,,,,,,,,,,,,,,,,,28,,,,1,,,,14,,,,,,,,,,,,,,,,11,,,,,20,,,,,,,,14,,,,,,,,,
2982,,,,,,,,,,,,,,,,,,4,,,,,,,,,,,,,,,,,0,,,,,,,,,,,,,,,,,1,,34,,,,,6,,,,,,,5,,5,,4,,,,,24,,4,,,,,,5,,,,,,6,,16,,,,,,,,,
2983,,38,,,5,,,,,,,,,,22,,,,,0,,,,30,,,,,,,,,,,,,,,,,,,,,,,,,,,,,,29,,,,,,,,,1,,,7,,,,,,,,,29,,,,,38,,,22,,,,,,,,3,,,,,,,,,
2984,,58,,,,,,,,,,,,,21,,,,,,,,,25,,,,,,,,,,,,,,,,,,,,,,,,,,,,,,23,,4,,,,,,,,,,14,,,,,,,,,3,,,,,13,16,,3,,,,,,,,17,,,,,,,,,
2985,,18,,,,,,,,,,,,,,,,,,,,,,1,,,,,,,,,,,,,2,,,,,0,,,,,1,,,,,,,,,,,,,,,17,,,,,,,,,,,,,,,,7,,,,,18,,,,1,,,,13,,,,,,,,,
2986,,5,,,,,,,,,,,,,,,,,,,,,,45,,,,,,,,,,,,,,,,,,,,,,,,,,,,,,0,,,,,,,,10,,,,,,,,,,,,,,,,3,,,,,20,,,,,,,,3,,,,,,,1,,
2987,,10,,,,,,,,,,,,,,,,,,,,,,44,,,,,,,,,,,,,,,,,,,,,,,,,,,,,,,,,,,,,,16,,,,,,,,,5,,,,,,,13,,,,,2,,,,,,,,16,,,,,,,,,
2988,,0,,,,,3,,,,,,,,,,,,,,,,,30,,2,,,0,,,,,,,,,,,,,,,,,,,,,,,,,37,,,,,,,,12,,,,,,2,,,,,,,,,,11,,,,,16,,,,,0,,,13,,,,,,,,,
2989,,59,,,,,,,,,,,,0,20,,,,,,,,,16,,,,,,,,,,,,2,,,,,,,,,,,0,,,,,,,20,,,,,,,,,,,,22,,,,,,,,,15,,,,,17,,,18,,,0,,,,,17,,,,,,,,,
2990,,43,,,,,,,,,,,,,25,,,0,,,0,,,12,,,,,,,,,,,,,,,,,,,,,,,,,,,,0,,28,,,,,,,,,,,,23,,,,,,,0,,25,,,,1,17,14,,22,,,,,,,,17,,,,,,0,,,
2991,,60,,,,,,,,,,,,,17,,,,,,,,,1,,,,,,,,,,,,,,,,,,,,,,,,,,,,,,18,,,,,,,,2,,,,25,,,,,,,,,12,,,,,14,,,22,,,,,,,,15,,,,,,,,0,
2992,,58,,,,,,,,,,,,,15,,,,,,3,0,,10,,,,,,,,,,,,,,,,,,,,,,,,,,,,,,17,,,,,,,,,,,,23,,,,,,,,,6,,,,,14,,,22,,,,,,,,15,,,,,,,,,
2993,,19,,,,,,,,,,,,,,,,,,,,,,44,,,,,,,,,,,,,,,,,,,0,,,,,,,,,,,34,,,,,,,,14,,,,,,0,,,6,,,,,,,1,,,,,20,,,,,,,,13,,,,3,,,0,,
2994,,18,,,,,,,,,,,,,,,,,,,,,,34,,,,,,,,,,,,,,,,,,,,,,,,,,,,,,,,,,,,,,15,,,,,,,,,4,,,,,,1,11,,,,,12,,,,,,,,15,,,0,,,,,,
2995,,43,,1,,,,,,,,,,,19,,2,,,,,,,26,,,,,,,,,,,,,,,,,,,,,,,,,,,,0,,12,,,,,,,,,,0,,11,,,,,,,,,19,,,,,1,3,,16,,,,,4,,,15,,,,,,,,,
2996,,,,,,,,,,,,,0,,23,,,,,,,,,25,,,,,,,,,,,,,,,,,,,,,,,,,,,,,,1,,,,,,,,,,,,22,,,,,,,,,24,,,,,22,,,16,5,,,,,,,16,,,,,,,,,
2997,,37,,,5,,,,,,,,,,23,,,,,,,,,28,,,,,,,,,,,,,,,,,,,,,,,,,,,,,,25,,,,,,,,,,,,4,,,,,,,,,31,,,,,35,,,23,,,,,,,,5,,,,,,,,,
2998,,,,,,0,,,,0,,,,,21,,,,0,,,,,26,,,,,,,,,,,,,,,,,,,,,,0,,,0,,,,,11,,,,,,,,,,,,2,,,1,,0,,,,8,,,,,16,,,14,,,,,,,,18,,,0,,,,,,
2999,,34,,,0,,,,,,,,,,24,,,,,,,,,26,,,,,,,,,,,,,,,,,,,,0,,,,,,,,,,29,,,,,,,,,,,,6,,,,,,,,1,22,,,,,33,,,19,,,,,,,,17,,,,,,,,,
3000,,7,,,,,2,,,,1,,,,,5,,,,,,,4,43,,,,,,,,,,,,,,,,,,,,,,,,,,,,,,,,,,,,,,4,1,,,,,,,,,,,,,,,11,,,,,18,,,,,,,,5,,,,0,,,,,
3001,,34,,,,,,,,,,,,,23,,,,,,,,,8,,,,,,,,,,,,,,,,,,,,,,,,,,1,,,,27,,,,,,,,,,,,18,,,,,,,,,19,,,3,,24,0,,8,,,,,,,,5,,,,,,,,,
3002,,37,,,,,,,,,,,,2,23,,,,,,,,1,22,,,,,,,,,,,,,,,,,,,,0,,,,,,,,,,22,,,,,,,,,,,,13,,,,,1,,,,15,,,,,14,14,,8,,,,,,,,18,,,,,,,,,
3003,,,,,,,,,,,,,,,27,,,0,,,,,,29,,,26,,,,,,,,,,,,,,,,,,,,,,25,,,,,30,1,,,,,,,,,,,,,,,,,,2,3,2,,,,,,,,,,,,,,,,12,,,,,,,,,
3004,,21,,,,,,,,,,,,,,,,,,,,,,45,,,,,,,,,,,,,,,,,,,,,,3,,,,0,,,,,,,,,,,,12,,,,,,,,,,,,,,,,6,,,,,15,,,,,,,,12,,,,,,,,,
3005,,63,,,,,,,,,,,,,17,,,,,,,,,30,,,,,,,,,,,,,,,,,,,,,3,,,,,,,,,23,,,,,,,,,,,,20,,,,,,,,,1,,,,,14,,,18,,,,,2,,,2,,,,,,,,,
3006,,33,,,,,,,,,,,,,21,,,,,,,,,27,,,,,,,,,,,,,,,,,,,,,,,,,,,,,,1,,,,,,,,,,,,2,,,,,,,,,4,,,,,15,,,4,,,,,,,,12,,,,,,,,,
3007,,44,,,,,,0,,,,,,,18,,,,,,,,,28,,,,,,,,,,,,,,,,,,,2,,,,,,,,,,,26,,,,,,5,,,,,,22,,,,,,,2,,26,,,,,15,,,23,,,,,,,,18,,,,,,,,1,
3008,,,,,,,,,,,,,,,,,,5,,,,,,,,,,,,,,,,,,,,,,,,,,,,,,,,,,2,,34,,,,,6,,,,,,,3,,5,,3,,,,,24,,5,,,,,,4,,,,,,5,,17,,,,,,,,,
3009,,43,,,,,,,,,,,,,0,,,2,,,,,,26,,,,,,,,,,,,,,3,,,,,,,3,,,,,,,,3,26,,,,,,,,,,,,22,,,,,,,,,2,,,,,16,,,22,,,,,,,,18,,,,,,,,,
3010,,16,,,,,,,2,,,,,,22,,,,,,,,,0,,2,,,,,,,,,,,0,,,,,0,,,,,,,,,,,,28,,,,,,,,0,,,,,,,,,7,,,,,,,10,,,,,6,,,,,,,,15,,,,,,,,,
3011,,50,,,,,,,,,,,1,,7,,,,,,,,,26,,,,,,,,,,,,,,,,,,,,,,2,,,,,,,,4,,,,,,,,,,,,25,,,,,,,,,7,,,,,10,,,3,,,,,0,,,12,,,,,,,,,
3012,,38,,,2,,,,,,,,,,22,,,,,,,,,33,,,,,,,,,,,,,,,,,,0,,,,,,,,,,,,29,,,0,,,,,,,,,4,,,,,,,,,28,,,,,36,,,22,,,,,,,,6,,,,,,,,,
3013,,60,0,,,,,,,,,,0,,19,0,,,,,,,,23,2,,,,,,,,,,,,,,,,,,,,,,3,,,,,,,18,,,,,,,,,,,,19,,,,,,,,,10,,,,,19,,,16,,0,,,,,,17,,0,,,,,,,
3014,,17,,,,,,,,,,,,,,,,,,,,,,40,,,0,,,,,,,,,,9,,,,,,,,,,3,,,,,,,37,,,,,,,,10,,,,,,,,,2,,,,,,,12,,,,,20,,,,,,,,13,,,1,5,,,,,
3015,,48,,,,,,,,,,,,,19,,,,,,,,,26,,,,,,,,,,,,,,,,,,,,,,,,,,,,,,18,,,,,,,,,,,,18,,,,,,,,,19,,,,,18,,,16,5,,,,,,,16,,,,,,,,,
3016,,61,,,,,0,,,,,,1,,25,,,,,,,,0,26,,,,,,,,,,,,,,,,,,,,,2,,,,,,,,,26,,,,,,,,,,,,21,,,,,,,,,18,,,,,18,,,22,,,,,,,,16,,,,,,,,,
3017,,61,,,,0,,,,,,,,,21,,,,,,,,,24,,,,,,,,,,,,,,,,,,,,,,,,,,,,,1,6,,,,,,,,,,,,12,,,2,,,,,,7,,,,,14,,,21,,,,,,,,16,,,,,,,,,
3018,,43,0,,,,,,,,,,,,23,,0,,,,,,,8,,,,,,,,,,,,,,,,,,,,,,,,,,,2,,,22,,,,,,,,,,,,18,,,,,,,,,23,,,,2,24,13,,3,,,,,,,,19,,,,,,,,,
3019,,42,,,,,,,,,,,,,21,,,,,,,,,4,,,,,,,,,,3,,,,1,,,,,,,,,,,,,,,,26,,,,,,,,0,,,,7,,,,,,,,,8,,,,,18,3,,13,,,,,,,,19,,,,,,,,,
3020,,36,,,,,,,,,,,,6,21,,,,,,,,,30,,,,,,,,,,,,0,,,,,,,,,,5,,,,,,,,24,,,,,,,,,,,,13,,,,,,,,,24,,,,,17,,,21,,,,,,,,14,,,,,,,,,
3021,,58,,,,,,,,,,,,,0,,,,,,,,,27,,,,,,0,,,,,,,,,,,,,,,,,,,,,,,,17,,,0,,,,0,,,,,22,,,,,,,,,14,0,,,,15,,,12,,,,,,,,0,,,,,,,,,
3022,,17,,,,,,0,,,,,,,,,,,,,,,,44,,,,,,,,,,,,,,,,,,,,,,,,,,,,,,,,,,,,,,16,,,,,,,,,,,,,,,,6,,,,,20,,,,,,,,14,,,,,,,,,
3023,,7,,,,,,,,,2,,,,,,,,,,,,,45,,,,,,,,,,,,,,,,,,,,,,,,,,,,,,,,,,,,,,8,,,1,,,,,,,,,,,,,8,,,,,2,,,,,,,,16,,,,,,,,,
3024,,0,,,,,,,,,,,,,22,,,,,,,,,27,,,,,,,,,,,,,,,,,,,,,,,,,,,,,,29,,,,,,,,,,,,20,,,,1,,,,,15,,,,,20,,,21,,,,,,,,21,,,,,,,,,
3025,,33,,,,,,,,,2,,,,,10,,,,,,,,0,,,,,,,,,,,,,,,,,,,,,,,,,,,,,,1,,,,,,,,17,,,,,,,,,,,,,,,,9,,,,,19,,,1,,,,,13,,,,,,,,,
3026,,14,,,,,,,,,,,,,,,1,,,,,,2,45,,,,,,,,,,,,,,,,,,,,,,,,,,,,,,,0,,,,,,,5,,,,,,,,,,,,,,,,0,,,,,17,,,,1,,,,15,,,,,,,0,0,
3027,,57,,,,,,,,,,,,,0,,,,,,,,,28,,,,,,,,,,,,,,,,,,,,,1,,,,,,,,,25,,,,,,,,,,,,21,,,,,,,,,14,,,,,16,,,18,,,,,4,0,,17,,,,,,,,,
3028,,39,,,2,,,,,,,0,,,23,,,,,2,,,,30,,,,,,,,0,,,,,,,,,,,,,,,,,,,,,,28,,,,,,0,,,,,,5,,,,,,,,,28,,,,2,36,,,22,,,,,,,0,7,,,,,,,,,
3029,,0,,,,,,,,,,,,,,,,,,,,,,44,,2,,,,,,,,,,,3,,,,,,,,,,,,,,,,,,,,,,,,,8,,,,1,,,,,,,,,0,,,9,,,,,12,,,,,2,,,11,,,,,,,,,
3030,,1,,,,,,,,,,,,,23,6,,,,,,,,28,,,,,,,1,,,,0,,,,0,,,,1,,,,,,,,,,,,,,,,,,,12,,,,,,,,,,,,,,,,13,,,,,6,,,,,,,,15,,,,,,,,,0
3031,,33,,,,,,,,,,,,,21,,,,,,,,,28,,,,,,,,,,,,,,,,,,,,,,,,,,,,,,28,,,,,,,,,,,,2,,,,,,,,,,,,,,,,,2,5,,,,,,,12,,,,,,,,,
3032,0,60,,,4,,,,,,,,,,19,,,,,,,,,26,,,,,,,,,,,,,,,,,,,,,,,,,0,,,,,23,,,,,,,,,,,3,10,,,,,,,,,17,,,,,18,,0,11,,,0,,,,,17,,,,,,,,,
3033,,5,,,,,,,,,,,,,,,3,0,,,,,,41,,,,,,,,,,,,,,,3,,,,,,,,,,,,,,,,,,,,,,,14,,,,,,0,,,,,,,,,,7,,,,,19,,,,,,,,8,,,0,,,,,,
3034,,49,,,,,,,,,,,,,22,,,,,,,,,29,,,,,,,,,,,,,,0,,,,,,,,,,,,,,,,20,,0,,,,,,,,,,2,,,,,,,,,16,,,,,2,,,12,,,,,,,,16,,,,,,,,,
3035,,0,,,,,,,,,,,,,21,,,,,,0,,,21,,,,,,,,,,,,,,,,3,,,,,,,,,,,,,,2,,,,,,,,,1,,,16,3,,,,,,,,3,,,,,17,,,21,,,,,,,,13,,,,,,,,,
3036,,10,,,,,,,,,,,,,,3,4,,,,,,,44,,,,,,,,,,,,,,,,,,,,,,,,,,,,,,,,,,2,,,,17,,,,,,1,,,,,,,,,,12,,,,,8,,,5,,,,,15,,,,,,,,,
3037,0,34,,,,,,,,,,,,,22,,,,,,,,,30,,,,,,,,,,,,,,,,,,,,,,,,,,,,,,,,,,,,,,,,,,,,,,,,,,,,,,,,,,,2,6,,,,,,,13,,,,,,,,,
3038,,55,,,,,,,,,,,,,20,,,,,,0,,,20,,,,,,,,,,,,,,,,,,,,,,,,,,,,,,20,,,,,,,,,,,,23,,,,,,,,,11,,,,,15,,,19,,,,,,,,15,0,,,,,,,,
3039,,60,,,,,,,,,,,,,17,,,,,,,,,17,,,,,,,,,,,,,,,,,,,,,,,,,,,,,,23,,,,,,,,,,0,,25,,,,,,,,,7,,,,,15,,,2,,,,,,,,13,,,,,,,,,
3040,,8,,,,,,,,,,,,,,,,,,,,,,35,,,,,,,,,,,,,1,,,,,,,,,,,,,,0,,,,,,,,,,,13,,,,,,,,,,,,,,,,2,,,,,21,,,,,,,,15,,,0,,,,,,
3041,,62,,,,0,,,,,,,,,21,,,,,,,,,24,,,1,,,,,,,0,,3,,,,,,,,,,,0,,,,,,,17,,,,,,,,,,,,18,,,,,,,,,13,,,,,17,,,8,,,1,0,,,,19,,,0,,,,,,
3042,,12,,,,,,,,,,,,,,,,,,,,,,44,,,,,,,,,,,,,,,,,,,,,1,,,,,,3,,,38,,,1,,,,,15,,,,,,,,,,,,,,,,13,,,,,12,,,,,,,,16,,,0,,,,,,
3043,,55,,,,2,,,,,,,7,,21,,,,,,,,,22,,,,,,,,,,,,,,,,,,,,,,,,,,,,1,,21,,,,,,,,,,,,20,,,,,,,,,15,,,,,15,,,17,,,,,,,,15,,,,,1,,,,4
3044,,22,,,,,1,,,,,,,,,7,1,,,,,,5,1,,,,,,,,,,,,2,,,,,,,,,,,,,,,,,,,,,,,,,,18,,,,,,,,,,,2,,,,,11,,,,,17,,,,,,,,7,,,,,,,,,
3045,,24,,,,,,,,,,,,,,11,,9,,,,,,38,,,,,,1,,,,,,,,,,,0,,,,,,,,1,,,,,34,,,,,,,,19,,,,5,,,,,,,,,,,,2,,,,,3,,,,,,,,19,3,,,,,,,,
3046,,60,,,,,,,,,,,,0,18,,,,,,,,,15,,,,,,,,,,,,,2,,,,,,,,0,,,,,,,,,18,,,,,,,,,,,,20,,,,,,,,0,3,,,,,17,,,17,,,,,,,,13,,,,,,,,,
3047,,18,,,,,,,,,,,,,,,,,,,0,,1,2,,,,,,,,,,,,,,,,,,,,,,,,,,,,,,,,,,,,,,12,1,,,,,,,,,,,,,,,2,,,,,16,3,,,,,,,17,,,,,,,,,
3048,,0,2,,,,,,,,,,,,21,,,,,,,,,30,3,,,,,,,,,,,,,,,,,,,,,,,,,,,,,23,,,,,,,,,,,,19,,,,1,,,,,17,,0,,,19,,,19,,,,,,,,12,,,,,,,,,
3049,,58,,,,,,,,,,,,,19,,,,,,,,,19,,,,,,,,,,,,,,,,,,,,,,,,,,,,,,13,,,,,,,,,,,,21,,,,,,,,,15,,0,,,15,,,23,0,,,,,,0,11,,,,,,,,,
3050,,57,,,,,,,,,,,,,24,,,,,,,,,28,,,,,,,,,,,,5,,,,,,,,,,,,,,,,,,26,,,,,,,,,,,,5,,,,,,,,,17,,,,,18,1,,24,,,,,3,,1,17,,,,,,0,,,
3051,,60,,,,,,,,,,,,,16,,,,,,,,,21,,,,,,,,,,,,1,,,,,,,,,,,,,,,,,,30,,,,,,,,,,,,26,,,,,,,,,17,,,,,21,22,,21,,,,,,,,3,,,,,,,,,
3052,,21,,,,,,,0,,,,,,,,,,,,,,4,43,,0,,,,,,,,,,,,,0,,,,,,,,,,,,,,,,,,,,,,,17,,,,,,,,,,,,,,,,11,,,,,9,0,,,,,,,3,,,,,,,,,
3053,,,,,,,,,2,,,,,,,,,,2,,,,,30,,,,,,,,,2,,,,,,,,,,,,,,,,,,,,,,,1,,,,,,,,,,4,,,,,,,,,18,1,,,,,,,4,,1,3,,,,,,,,,,,,,,
3054,,22,,,,,,,,,,,,,,4,,1,,,,,,38,,,,,,,,,,,,,,,,,,,,,,,,,,,,,,,,,,,,,,14,,,,,,,,,,,,,,,,8,,,,,18,3,,,,1,,,15,,0,,,,,,0,
3055,,34,,,,,,,0,,,,,,22,,,,,,,,,28,,,,,,,,,0,,,,,,,,,,,,,,,,,,2,,,,,,,,,,,0,,,,0,,,,,,,,,,,,,,,,,,6,,,,,,,,,,2,,,,,,
3056,,20,,,0,,,,,,,,,,,1,,,,,,,,32,,,,,,,,,,,,,,,,,,,,,,,,,1,,,,,,,,6,,,,,16,,,,,,,,,,,,,,,,9,,,,,1,,,,,,,,16,,,,,0,,,,
3057,,35,,,,,,,,,,,,3,,10,,,,,13,,,29,,,,,,,,,,,,,,,,,,,,,,,,,1,,,,,29,,,,,1,,,,,,,20,,,,,,,,,14,,,,,28,,0,14,,,,,,,,17,,,,,,,3,0,
3058,,33,,,,,,,,,,,,,22,,,,,,,,,27,,,,,,,,,,,,4,2,,,,,,,,,,3,,,,,,,6,,,,,,,,4,,,0,17,,,,,,0,,,15,,,,,16,,,15,,,,,,,,18,,,,,,,,0,
3059,,24,,0,,,,,,,,,,,,,,10,,,,,,44,,,,,,2,,,,,,,,,,,,,,,,,,,,,,,,35,,,,,0,,,19,2,,,2,,0,,,0,,,,,,,1,,,,,2,,,,,,,,12,3,,,,,,,,
3060,,63,,,,,,,,,,,,,8,,,,,,,,,22,,,,,,,,,,,,,,,,,,,,,,,,,,,,,,19,,,,,,,,,,,,24,,,,,,,,,10,,,,,2,,,23,,,,0,,,,14,,,,,,,,,
3061,,42,,,,,,,,,,,,,23,,,,,,,,,12,,,,,,,,,,,0,,,,,,,,,,,,,,0,,,,,30,,,,,,,0,,,,,4,,,,,,,,,18,,,,,22,,,18,,,,,,,,17,,,,,0,,,,
3062,,33,,2,,,,,,,,,,,21,,,,,,,,,12,,,,,,,,,,,,,,,,,,,,,,,,,,,,,,25,,,,0,,,,,,,,10,,,,,,,,,18,,,,,0,,,11,,,,,1,,,16,0,,,0,,,,,
3063,,40,,,4,,,,,,,,,,21,,,,,,,,,33,,,,,,,,,,,0,,,,,,,,,,,6,,,,,,,,27,,,,,,,,,,,,8,,,,,,,,,25,,,,0,36,,,2,,,,,0,,,8,,,,,,,,,
3064,,17,,,,,,,,,,,,,,,1,,,,,,,43,,,,,,,,,0,,,,,,0,,,,,,,,,,,,,,,,,,,,,,,0,,,,,,,,,,,,,,,,0,,,,,20,,,,,,,0,17,,,,,,,,,
3065,,7,,1,,,,,,,,,,,,0,,1,,,,,,41,,,,,,,,,,,,,1,,0,,,,,,,,,,,,,,,,,,,0,,,,15,,,,,,,,,0,,,,,,,8,,,,,19,,,,,,,,14,,,,,,,,,
3066,,40,,,5,,,,,,,,,,24,,,,,0,,,,,,,,,,,,,,,,,,,,,,,,,,,,,,,,,,29,,,,,,,,,,,,7,,,,,,,,,29,,,,,40,,,21,,,,,,,,0,,,,,,,,,
3067,,52,,,,,,,,,,,,,23,,,,,,,,,24,,,,,,,,,,5,,,,,,,,,,,,,,,,,,,,25,,,,,,,,,,,,25,,,,,,,,,15,,,,,13,,,2,,,,,,,,12,,0,,,,,,,
3068,,38,,,,,,,0,,,,,,22,,,,,,,,,10,,,,,,,,0,,,,,,,,,,,,,,,,,,,,0,,23,,,,,,5,,,,,,14,,,,,,,,,20,,,,,18,4,,10,,,,,,,,21,,,,,,,,,
3069,,35,,,,,,,,,,,,,13,,,,,,,,,10,,,,,,,,,,,,,0,,,,,,1,,,,,,,,,,,26,,,,,0,,,,,,,14,,,,,,,,,18,,,,,20,,,10,,,1,,,,,19,,,,3,,,,,
3070,,57,,,,,,,,,,,,,2,,,,,,,,,23,,,,,,,,,0,,,,,,,,,,,,,,,,,,,,,5,,,,,,,,,2,0,,21,,,,,,,,,13,,,,,16,,,20,,,,,,,,16,,,,,,,,,
3071,,33,,,,,,,,,,,,,21,,,,,,,,,28,,,,,,,,,,,,,,,,,,,,,,,,,,,,,,28,,,,,,,,,,,,2,,,,,,,,,,,,,,,,,2,5,,,,,,,12,,,,,,,,,
3072,,58,,,,,,,,,,,,,21,,,,,,,,,29,,,,,,,,,,,,,1,,,,,,,,,,,,,,,,,23,,,,,,,,,,,,3,,,,,,,,0,16,,,,,17,,,0,,,,,,,,6,,,,,,,,,
3073,,5,,,,,,,,,,,,,,,,,,,,,,45,,,,,,,,,,,,,,,,,,,,,,,,,,,,,,,,,,,,,,17,,,,,,,0,,,,,,,,,5,,,,,2,0,,,,,,,1,,,,,,,,,
3074,,34,,,,,0,,,,,,,,23,,,,,,,,,29,,,,,,,,,,,,,,,,,,,,,,,,,,,1,,,,,,,,,,,,,,,2,,,,,,,,,,,,,,,,,,8,,,,,,,,,,1,,,,,,
3075,,58,,,,,,,,,,,,,21,0,,,,,,,,18,,,,,,,,,,,,,,,,,,,2,,,,,,,,,,,21,,,,,,,,,,,,19,,,,,,,,,6,,,,,20,,,19,,,,,,,,16,,,,,,,,,
3076,,24,,,,,,,,0,,,,,18,,,,,,,,,23,,,,,,,,,,,,,,,0,,,,,,,,,,,,,,,22,,,,,,,,1,,,,25,,,,,,,,,7,,,,,2,4,,20,,0,,,,,,15,,,,,,,,,
3077,,41,,,,,,,,,,,,,19,,,,,,,,,17,,,0,,,,,,1,,,,,,,,,,,,,,,,,,,,,23,,,,,0,0,,,,0,,5,,,1,,0,,,,25,,,,,22,,,24,8,,0,,,,,18,,,0,,3,,,,
3078,,8,,,,,,,,,,,,,,,,,,,,,2,42,,,,,,,,,,,,,,,,,,,,,,0,,,,0,,,,0,,,,,,,,16,,,,2,,,,,,,,,,,,7,,,,,20,,,,,,,,15,,,,,,,,,
3079,,63,,,,,,,,,,,,,3,,,,,,,,,27,,,,,,,,,,4,,,,,,,,,,,,,,,,,,,,10,,,,,,,,,,,,24,,,,,,,,,14,,,,,12,,,22,,,,,,,,0,,,,,,,,,
3080,,22,,,,,,,,,,,,,23,1,,,,0,,,,2,,,,,,,,,,,,,,,,,,,3,,,,,,,,,,,,,,,,,,,15,,,,,,,,,,,,,,,,12,,,,,5,,,,,,,,16,,,,1,,,,,
3081,,33,,,3,,,,,,,,1,,20,,,,,,,0,,29,,,0,,,,,,,,,,,,,,,,,,,,,,,,,,,31,,,,,,,,,,,,4,,,,,,,,,16,,,0,,21,,,17,,,,,,,,16,,,,,,,,,
3082,,60,,,,,,,,,,,,,20,,,,,,,,,15,,,,,,,,,,,,,,,,,,,,,,,,,,,,,,3,,,,,,,,,,,,20,,,,,,,,,11,,,,,15,,,22,,,,,,,,14,,,,,,,,,
3083,,37,,,1,,,,,,,,,,22,,,,,,,,,,,,,,,,,,,,,,,,,,,,,,,,,,,,,,,30,,,,,,,,,,,,7,,,,,,,,2,28,,,,,34,,,20,,,,,,,,2,,,,,,,,,
3084,,10,,,0,,,,,,,,,,,0,,,0,,,,,43,1,,,,,,,,,,,,,,,,,,,,,,,,0,,,,,,,,,,,,,8,,,,,,,,,,,,,,,,10,,,,,15,,,5,,,,,7,,,,,,0,,,1
3085,,20,,,,1,,,,,,,,,,2,,,,,,,,37,,,,,,,,,,,,,4,,,,,,,,,,,,,,,,,,,,,,,,,14,,,,,,,,,,,,,,,,10,,,,,20,5,,,,,,,15,,,,,0,,,,
3086,,39,,,,,,,,,,,,,24,,,,,,,,,8,,,,,,,,,,4,,,1,,,,,0,,,,,,,6,,,1,,26,,,,,,0,,,,,,6,,,,,,,,,24,,,,2,21,5,,2,,,,,0,,,19,,,,,,,,,
3087,,62,,,,,,,,,,,8,,23,,,,,0,,,,26,,,,,,,,,,,,,,,,,,,,,2,,,,,,,,,24,,,,,,,,,,,,3,,,,,,,,,14,,,,,18,,,21,,,,,,,,17,,,,,,,,,
3088,,60,,,,,,,,,,,,,22,,,,,,,,,24,,,,,,,,,,,,,,,,,,,,,,,,,,,,,,21,,,,0,,,,,,,,24,,,,,,,,,14,,,,,12,,,23,,,,,,,,15,,,,,,,,,
3089,,62,,,,,,,,,,,,,22,,,,,,,,,23,,,,,,,,,,,,,,,,,,,,,,,0,,,,,,,1,,,,,,,,,,,,19,,,,,,,,,10,,,,,18,,,17,,,,,,,,17,5,,,,,,,,
3090,,21,,,,,,,,,,,,,,,,11,,,,,,42,,1,,,,,,,,,,,,0,,,,,,,1,,,,,,,,,33,0,,,,,,,16,,,,,,,,,2,,,,,,,12,,,,,10,3,,,,,,,18,,,,0,,,,,
3091,,36,,,,3,,,,,,,,,21,,,,,,,,,18,,,1,,,0,,,,,,,,,,,,,,,,,,,,,,,,29,,,,,,,,,,,,4,,,4,,,,,0,,,,,,25,,2,12,7,,,,,,,15,,,,,,,,,
3092,,0,,,,,,,,,,,,,,,,,,,,,,43,,0,,,0,,0,,,,,,,,,,,,,,,,,,,,,,,,,,,,,,0,15,,,,2,,,1,,,,,,,,,10,0,,,,12,,,,3,,,,14,,,,,,,,,
3093,,60,,,,1,,,,,,,6,,21,,,,,,,,,29,,,,,,,,,,,,,,,,,,,,,,,,,,,,,,24,,,,,,,,,,,,22,,,1,,,,,,2,,,,,14,,,20,,,,,,,,14,,,,,,,,,4
3094,,62,,,,,,,,,,,,,2,,,,,,,,,0,,,,,,0,,1,,,,,,,,,,,,,,,,,,,,,,18,,,,1,,,,,,,,23,,,,,,,,,4,,,,,15,,,24,,7,,,,,,12,,,,,,,,,
3095,,23,,,,,,,,,,,,0,,4,,0,,,,,,44,3,,,,,,,,,,,,,,,,,,,,,,,,0,,,,,30,,,2,,,,,16,,,,,,,,,,,,,2,,,11,,,,,4,3,,,,,,,18,,,,,,,,,
3096,,9,,0,,,,,,,,,,,,,4,,,,,,,44,,,,,,,,,,,,,,,2,,,,,,,,,,,,,,,,,,,,,,,14,,,,,,,,,,,,,,,,8,,,,,19,,,,,,,,16,,,,,,,,,
3097,,55,,,,,,,,,,,,,11,,,,0,,,,,8,,,,,,,,,,,,,3,,,,,,,,,,,,,,,,,0,,,,,,,,,,,,17,1,,,,,,,,0,,,,,18,,,16,,,,4,,,,17,1,,,,,,,,
3098,,16,,,,,,,,,,,,,,,,,,,,,,43,,2,,0,,,,,,,,,0,,,,,,,,,,,,,,,,,,,,,,,,,2,,,,,,,,,,,,,,,,12,,,,,21,4,,,,,,,14,,,,,,,,,
3099,,37,,,,,,,0,,,,,,10,,,,,,,,,27,,,,,,,,,,0,,,,,,,,,,,0,,1,,,,,,,26,,,,,,,,,,,,5,,,,,,,,,17,0,,,,17,,,20,,,,,,,,17,,,5,0,,,,,
3100,,45,,,,,,,,,,,1,,25,,,,,,,,,26,,,,,,,,,,,,,,,,,,,,,,,,,,,1,,,22,,,,,,,,,,,,19,,,,,,,,,2,,,,,19,,,5,,,,,,,,20,,,,,,,,,
3101,,56,,,,,,,,,,,,,16,,,,,,,,,27,,,,,,,,,,,,,,,,,,,,,,,,,,,,,,18,,,,,,,,,,,,21,,,,,,,,,15,,,,,3,,,22,,,,,,,,13,,,,,,,,,
3102,,62,2,,,,,,,,,,,,18,,,,,,,,,23,,,,,,,,,,,,,,,,,,,,,,,,,,,,,,16,,,,,,,,,,,,25,,,,,,,,,15,,,,,22,,,2,,,,,,,,13,,,,,,,,,
3103,,42,,,,,,,,,,,,,23,,,,,,,,,16,,,,,,,,,,,,,,,,,,,,,,,,,,,,,,29,,,,,,3,,,,,,10,,,,,,,,,24,,,3,,17,15,0,16,,,,,,,,17,,,,,,,,,
3104,,21,,,,,,0,,,,,,,,,,0,,,,,,0,,,,,,,,,,,,,,,,,,,,,,,,,,,,,,1,,,,,,,,17,,,,2,,,,,,,,,,,,11,,,,,11,,,,,,,,12,,,,,,,,,
3105,,,,,,,,,1,,,,,,,,,,2,,,,,31,,,,,,,,,0,,,,,,,,,,,,,,,,,,,,,,,,,,,,,,,,,4,,,,,,,,,17,4,,,,,,,3,,,2,,,,,3,,,,,,,,,
3106,,58,,3,,,,,,,,,,,19,,,,,,,,,0,,,,,,,,,,,,,,,,,,,,,,,,,,,,,,20,,,,,,,,,,,,20,,,,,,,,,12,,,,,5,,,19,,,,,0,,,2,,,,,,,,,
3107,,54,,,,,,,,,,,4,,20,,,,,,,,,24,,,,,,,,,,,,,,,,,,,,,,,,,,,,,,26,,,,,,,,,,,,19,,,,,,,,,17,,,,,0,16,,20,,,,5,,,,17,,,,,,,,,
3108,,19,,,,,,,,,,,,,,,,,,,,,,46,,,,,,,,,,,,,,,,,,,,,,,,,,,,,,,,,,,,,,15,,,,,,,,,,,,,,,,8,,,,,21,,,,,,,3,19,1,,0,0,,,,,
3109,,0,,,,,,,,,,,,,22,1,,,,,,,,25,,,,,,,,,,,,,,4,,,,,,,,,,,,,,,,3,,,,,,,0,,,,,17,,,,,,,,,15,,,0,,16,,,21,5,,,,,,,16,,,,,,,,,
3110,,44,,,,,,,,,,,,,22,0,,,,,,,,28,,,,,,,,,,,,,,,,,,,,,,,,,,,,,,19,,,,,,,,,,,0,21,,,1,,,,,,18,,,,,19,,,10,,,,,,,,17,,,,,,,,,
3111,,61,,,,,,,,,,,,,19,,1,,,,,,,1,,,,,,,,,,,,,,,,,,,,,,,,,0,,,,,5,,,,,,,,,,,,20,,,,,,,,,0,,,,,3,,,23,,,,,,,,15,,,,,,,,,
3112,,63,,,,,,,,,,,,,9,,,,,,,,,26,,,,,,,,,,,,,,,,,,,,,,,,,,,,,,18,,,,1,,,,,,,,24,,,,,,,,,14,,,,,4,,,18,,,,,,,,12,,,,,,,,,
3113,,45,,,,,,,,,,,,,13,,,,,,,,,22,,,,,,,,,,,,,,,,,,,,,,,,,54,,,,,5,,,,,,,,,,,,23,,,,1,,0,,,11,,,,,16,,,22,,,,,,,,15,,,,,,,,,
3114,,13,,,,,,5,,,,,,,,,,,,,,,,45,,,,,,,,,,,,,,,,,,,,,,,,,,,,,,37,,,,,,,,16,,,,,,,,,,,,,,,,7,,,,,17,,,,,,,,14,,,,,,,,,
3115,,48,,,,,,,,,,,,,17,,,,,,,0,,26,,,,,,,,,,,,,,,,,,,,,,,,,,,,,,16,,,,,,,,,,,,22,,,,,,,,,8,,,,,15,6,,20,,,,,,,,9,,,,,,,,,
3116,,0,,,,3,,,,,,,7,,21,,,,,,,,,29,,,,,,,,,,,,,,,,,,,,,,,,,,,,,,7,,,,,,,,,,,,20,,,,,,,,,11,,,,,11,,,19,,,,,,,,18,,,,,,,,1,
3117,,21,,,,,,,,,,,,,,,0,,,,,,,43,,,,,0,,,,,,,,,,,,,,,,,,1,,,,1,,,,,,,,,,,5,,,,18,,,,,,,,,,,,13,,19,,,20,7,,,3,,,,2,,,,,,,,,
3118,,61,,,,,,,,,,,,,25,,,,,,,,,26,,,,,,,0,,,,,,,0,,,,1,,,,,,,,,,,,20,,,,,,,,,,,,20,,,,,,,,,16,,,2,,13,,,23,,,,,,,,17,,,,,0,,,,
3119,,20,,,,,,,,,,,,,,6,,,,,,,2,46,,,,,,,,,,,,0,,,,,,,,,,,,,,,,,,35,,,,,,,,16,,,,0,,,,,,,1,,,,,10,,,,,17,,,,,,,,6,,,,,,,,,
3120,,60,,,,,,,,,,,,,8,,,,,,,,,22,,,,,,,,,,,,,,,,,0,,,,,,,,,,,,,19,,,,,,,,,,,,24,,,,,,,0,,2,0,,,,15,,,22,,,,,,,,17,,,,1,,,,,
3121,,8,,,,,,,,,,,,,21,,,,,5,,,,30,,,,,,,,,,,,,,,,,,,,0,,,,,,,,,,22,,,,,,,,,,,,3,,,,,,,,,30,,0,,,39,,,17,,,,,,,,12,,,,,,,,,
3122,,,,,,,,,4,,,,,,,,,,0,,,,,30,,,,,,,,,,,,,,,,,,,0,,,,,,,,,,,,,0,,,,,,,,,0,3,,,,,,,,,20,3,,,,,,,2,,,1,,,,,5,,,,,,,,,
3123,,11,,,,,,,,,0,,,,1,,,,,2,,,,30,,,,,,,,,,,,,,,,,,,,0,,,,,,,,,,,,,,,,,,18,,,,,,,,,,,0,,,,,12,,0,,,14,,,4,,,,,14,,,,,,,,,
3124,,61,,,0,,,,,,,,,,12,,,,,,,,,26,,,,,,,,,,,,,,,,,,,,,,,,,,,,,,27,,,,,,,,,,,,16,,,,,,,,,8,,,,,18,,,26,,,,,,,,12,,,,,,,,,
3125,,33,,,,,,,,,,,,,21,,,,,,,,,18,,,1,,,,,,2,,,,,,,,,,,,,,,,,,,,,24,,,,,,,,,,1,,2,,,2,,1,,,,,,,,,,,,25,9,,1,,,,,19,,,1,,,,,,
3126,,37,,,3,,,,,,,,,,25,,,,,,,,,,,,,,,,,,,,,,,,,,,,,,,,,,,,,,,31,,,,,,,,,,,,3,,,,,,,,,28,,,,,,,,21,6,,,,,,,4,,,,,,,,,
3127,,35,,,,,,,,,,,,,22,,,,,,,,,31,,,,,,,,,,,0,,,,,,,,,,,,,,,,,,,,,,,,,,,,,,,2,,,,,,,,,,,,,,,,,,8,,,,,,,,,,1,,,,,,1
3128,,35,,,3,,,,,,,,,,24,,,,,,,,,,,,,,,,,,0,,,,,,,,,,,,,,,,,,,,,31,,,,,,,,,,,,6,,,,,,,,0,28,,,,,,,,2,8,,,,,,,1,,,,,,,,,
3129,,21,,,,,,,,,,,,,,10,,,,,,,,43,,,,,,,,,,,,,,,,,,,,,,,2,,,,,,,,,,,,,,,16,,2,,,,,,,,,,,,,,11,,,,,13,,,,,,,,12,,,,,,,,,
3130,,24,,,,,,,0,,,,,,,,,1,,2,,,,44,,,,,,,,,,0,,,,,,,,,,,,,,,3,,,,,36,,,,,,,,18,0,,,,,,,,,,,,,,,9,,,,,9,,,6,,,,,18,,,0,0,,,,,
3131,,,,,,,,,,,,,,,,,,,,,,,,29,,0,,,,,,,,,,1,,,,,,,,,,,,,,,3,,,,,,,,,,,,,,,,,,,,,,,,20,,,,,,,,3,8,,,,,,,,,,,,,,,,
3132,,4,,,,,,,,,,,,,1,,,,,,,,,23,,,,,,0,,,,0,,,,,,,,,,,,,,,,,,,0,18,,0,,,,,,0,,,,24,,,,,,,,,10,,,,,17,,,20,,,,,,,,16,,,,,,,,,
3133,,41,,,,,,,,,,,,,19,,,,,,,,,6,,,,,,,,,,,,,,,,,,,,,,,,,,,,,,29,,,,,,,,,,,,12,,,,,,,,,23,,,,,19,4,,14,,,0,,,,,20,,,,,,,,,
3134,,46,,,,,,,,,,,,,21,,,,,,,,,3,,,,,,,,,,,,,,,,,,,,,,,,,,,,,,26,,,,,,,,,,,,2,,,,,,,,0,,,,,,,,,24,5,,,,,,,4,,,,,,,,,
3135,,17,,,,,,,,,,,0,,,,,,,,,,,45,,,,,0,,,,,,,,,,0,,,0,,,,,,,,,,,,,,,4,,,0,,16,,,0,,,,,,,,1,,,,,11,,,,,19,,,,2,,,,12,,,,,,,,,
3136,,37,,,,,,,,,,,,7,25,,1,,,,,22,,29,,,,,,,,,,,,,2,,,,,,3,,,,,,,,,,,23,,,,,,,,,,,,17,,,,,,,,,18,,,,1,25,14,,17,,,,,,,,18,0,,0,,,,0,,
3137,,20,,,,,,,,,,,,,,0,,,,,,,,44,,,,,,,,,,,,,,,,,,,,,,,,,,,,,,34,,,0,,,,,18,,,,4,,,,,6,,,,,,,12,0,,,,8,,,,,1,,0,17,,,,,,,,,
3138,,46,,,,,,,,,,,,,24,,,,,,,,,26,1,,,,,,,,,,,,,,,,,,,,,,,,,,,,,24,,,,,,,,,,,,20,,,,,,,,,19,,,,,20,,,18,,,,,,,,13,,,,,,,,,
3139,,22,,,,,,5,,,,,,,,,,8,,,,,,42,,,,,,,,,,,,,,,,,,,,,,,,,,,,,,31,,,,,,,,15,,,,,,,,,,,,,,,,10,,,,,5,8,,,,,,,18,,,,,,,,,
3140,,56,,1,,,,,,,,,,,17,,,,,,,,,22,,,,,,,,,,,,,,,,,,,,,,,,,,,,,,28,,,,,,,,,,,,18,,,,,,,,,15,,,,,17,,,8,,,0,,,,,15,,,,,,,,,
3141,,,,,,,,,2,,,,,,,,,,5,,,,,29,,,,,,,,,1,,,,,,,,,,,,,,,,,,,,,,,0,,,,,,,,,,8,,,,,,,,,22,0,,,,,,,5,,,1,,,,,,,,,,,,,,
3142,,1,,,,,,,,0,,,,,,,,12,,,,,2,41,,,,,,,,,,0,,1,,,,,,,,,,,,,,,,,,,,,,,,,,18,,,,,,,,,,,,,,,,1,,,,,7,,,,,,,,17,,,,,,,,,
3143,,24,1,,,,,,,,,,,,22,,,,,0,,0,,44,4,0,,,,,,,,,,,,,,,,,,,,,,,,,,,,31,,,,,,,,17,,,,,,,,,,,,,2,,,0,,,,,6,5,,,,,,,0,,,,,,,,,
3144,,61,,,6,,,,,,,,,,0,,,,,,,,,0,,,,,,,,,,,,,,,,,,,,,3,,,,,,,,2,23,,,,,,,,,,,,20,,,5,,,,,,16,,,,,21,,,11,,,,,,,,17,,,,,,,2,,
3145,,60,,,,,,,,,,,0,,17,,,,,,,,,26,,,,,,,,,,,,0,,,,,,,,,,,,,,,,,,4,,,,,,,,,,,,24,,0,,,,,,,1,,,,,12,,,24,,,,,,,,2,,,,,,,,,
3146,,0,,,,,,,,,,,,,19,,,,,,,,,24,,,,,,,,,,,,,,,,,,,,,,,,,,,,,,14,,,,,,,,,,,,23,,,,,,,,,4,,,,,16,,,22,,,,,,,,16,,,,,,,,,
3147,,33,,,,,,,,,,,,,21,,,,0,,,,,28,,,,,,,,,,,1,,,,,,,,,,,,,,,,0,,,,,,,,0,,,,,,,1,,,,,,,,,,,,,,,,,,5,,,,0,,,,,,2,,,,,,0
3148,,60,,,,,,,,,,,,,11,,,,,,,,,24,,,,,,,,,,,,,,,,,,,,0,,,,,,,,,,12,,,,,,,,,,0,,19,,,0,,,,,,10,,,,,2,,,18,,,,,,,,15,,,,,,,,,
3149,,9,,,,,,,,,0,,,,22,,,,,,,,,2,,,,,3,,0,,,,,,,,,,,,,,,,,,,,,,,,,,,,,,,17,,,,,,,,,,,,,,,0,3,,,0,,20,,,,,0,,,15,,,,,,,,,
3150,,60,,,,,,,,,,,,,8,,,,,,,,3,0,,,,,,0,,,,,,,,,,,,,,,,,,,,,,,,20,,,,,,,,,,,,24,,,,,,,,,8,,,,,17,,,24,,,,,,,,16,,,,,,,,,
3151,,59,,,,,0,,,,,,,,18,,,,,,,,,1,,,,,,,,,,,,,,,,,,,,,0,,,0,,,,,,24,,,,,,,,,,,,23,,,,,,,,,20,,,,,20,2,,8,3,,,0,,,,17,,,,,,,,,
3152,,58,,,,,,,,,,,,,15,,,,,,,,,25,,,0,,,,,,,,,,,,,,,,,,,,,,,,,,,21,,,,,,,,,,,,22,,,,,,,,,14,,,,,9,,,13,,,,,,,,9,,,,3,,,,,
3153,,26,0,,,,,,,,,,,,21,,,0,,0,,,,43,2,,,,,,,,,,,,,,,,,,,,,,,,,0,,,,,,,,,,,,19,,,,,,,,,,,,,1,,,10,,,,,5,5,,,,,,,19,,,,2,,,,,
3154,,42,,,,,,,,,,,,,9,,,,,,,,,21,,,,,,,,,,,,,,,,,,,,,,,,,,,,,,23,,,,,,,,,,,,21,,,,,,,,,25,,,,,13,0,,23,,1,,,,,,16,,,,,,,,,
3155,,39,,,3,,,,,,,,,,23,,,,1,,,,,28,,,,,,,,,,,,,0,,,,,,,,,,,,,,,,,26,,,,,,,,,,,,4,,,,,,,,,30,,,,1,38,,,21,,,,,,,,7,,,,,,,,,
3156,,59,,,4,,,,,,,,,,23,,,,,,,,,26,,,,,,,,,,,,,,,,,,,,,,3,,,,,,,0,23,,,0,,,,,,,,,0,,,,,,,,1,21,,,,1,,,,6,,,,,,,,17,,,,,,,,,
3157,,,,,,,,,,,,,,,21,,,,,,,,,25,,,,,,,,,,,,,,,,,,,,,,1,,,1,,,,,23,,,,,,,,,,,,12,0,,,,,,,,7,,,,,17,,,13,,,,,,,,17,,,,,,,,,
3158,,20,,,,,,,,,,,,,,10,,1,,,,,,45,,,,,,,,,,,,,,,,,,,,,,,,,,,,,,3,,,3,0,,,,18,,,,,,,,,,,,,,,,10,,,,,19,3,,2,,,1,,13,,,,,,,,,
3159,,34,,,,,,,,,,,,,25,,0,,,,,,,28,,,,,,,,,,,,,,,,,,,,,,,,,,2,,1,,28,,1,,,,,,,,,,19,,,,,,,,,25,,,,,23,7,,13,,,,,,,,16,,,,,,,,,
3160,,58,,,,2,,,,,,,,,20,,,,,,,,,26,,,,,,,,,,,,,,,,,,,,,,,,,,,,,,21,,,,,,,,,,,,22,,,,,,,,,14,,,,,12,,,22,,,,,,,,18,,,,,,,,,
3161,,41,,,,,,,,,,,,,24,,,,,,,,,29,0,,0,,,,,,,,,,,,,,,,,,,2,,,4,,,,,26,,,,,,,,,,,,14,,,,,,,0,,19,,,,,25,,,6,,,1,,,,,16,,0,,,,,,,
3162,,44,,,,,,,0,,,,,,23,,,,,,,,,0,,,,,,,,0,,,,,,,,,,,1,,,,,,,,,,,25,,,,,,,,,,,0,12,,,,,,,,,20,,,,,22,1,,10,,,,,,,,19,,,,,,,,,
3163,,8,,,,,,,0,,,,,,,,,2,,,,,3,31,,,,0,,,,,,,,,,,,,,,,,2,,,,,,,,,34,,,2,,,,,17,,,,3,,,,,,,,,,,,1,,,,,2,,,,,,,,13,,,,,,,,,
3164,,34,,,,,,,,,,,,,24,,,,2,,,,,32,,,,,,,,,,,,,,,,,,,,,,,,,6,,,,,21,,,,,,,,,,,,20,,,,,,,,,20,,,,,29,,,3,,,,,,,,18,,,,,,,,,
3165,,45,0,,,,,,,,,,,,0,,,,,,,,,31,,,,,,,,,,,,,,,,0,,,,,,,,,62,,,,,23,,,,,,,,,,,,19,,,,,,,,,19,,,,,33,,,17,,,,,,,,4,,,,,,,,,
3166,,33,,,,,5,,,,,,0,,,,,,,,,,5,43,,,,,,,,,,,,,,,,,,,,,,,,,,,,,,,,,,,,,,16,,,,,,,,,,,,,,,,13,,,,,19,,,2,,2,,,12,,,,,,,,,
3167,,56,0,,6,,,,,,,,,,23,,,,,,,,,26,,,,,,,,,,,,,,,,,,,,,,,,,,,,1,,2,,,,,,,,,,,,9,,,,,,,,,17,,,,,19,,,9,,,,,,,,17,,,2,,,,,,
3168,,33,,,,,,,,,,,,,23,,,,,,,,,6,,,,,,,,,,,,,,,,,,,,,,,,,,,,0,,26,,,,,,,,,1,,,12,,,,,,,,,24,,,,,19,4,,12,,,,,0,,,20,,,,,,,,,
3169,,47,,,,,,,,,,,,,19,,,,,,,,,26,,,,,,,,,,,,,,,,,,,,,,,,,,,,,,17,,,,,,,,,,,,22,,,,,,,,,15,0,,,,12,,,18,,,,,,,,13,,,,,,,,,
3170,,58,,,,,,,,,,,,,11,,1,,,,,,,26,,,,,,,,,1,,,3,,,,,,,,,,,,,,,,,,11,,,,,,,,,,,,22,,,,,,,,,7,,,,,14,,,23,,,,,,,,0,,,,,,,,,
3171,,62,,,,,,,,,,,,,23,,,,,,,1,1,28,,,,,,,,,,,,6,,,,,,,0,,,,,,,,,,,25,,,,,,,,,,,,16,,,,,,,,,25,,,,,15,14,,2,,,,,1,,,17,,,,,,,,,
3172,,63,,,,,,,,,,,,,19,,,0,,,,,,25,,,,,,,,,,,,,,,,,,,,,,,,,1,,,,,8,,,,,,,,,,,,25,,,,,,,,,12,,,,,12,,,24,,,,,,,,10,,,,,,,,,
3173,,22,,0,,,0,,,,,,,,1,,,,,,,,,27,0,,,,,,,,,,,3,,,,0,,,0,,5,,,,,,,,,23,,,,,,,,,,,,2,,,,,0,,,,14,,,,,0,,1,17,,,,,,,,17,,,3,,,,1,,
3174,,19,,,,,,,,,,,,,,,,,,,,,,39,,,,,,,,,2,,,,,,,,,,,,,,,,,,,,,,,,,,,,,14,,,,,,,,,,,,,,,,8,,,1,,19,,,,,,,,10,,,,,,,,,
3175,,60,2,,,,0,,,,,,,,21,,,,,,,,,24,1,,,,,,,,,,,,,,,1,,,,,,,6,,,,,,,20,,,,,,,,,,,,16,,,,,,,,,11,,,,,18,,,17,,,,,,,,0,,,,,,,,,
3176,,40,,,,,,,,,,,,3,23,,,,0,,,,,1,,,1,,,,,,,,,,,,,,,,,,,,,,,,,,,27,,,,,,,,,,,,13,,,,,,,,,18,,,,,24,13,,22,,,,,,,,13,,,,,,,,,
3177,,43,,,,0,,,,,,,,,21,,,,,,,,,5,,,,,,,,0,,3,,,0,,,,,,,,,,,,,,,,,29,,,,,,,,,,,,8,,,,,,,,,22,,,0,,16,,,2,,,,,,,,20,,,,,,,,0,
3178,,48,,,,,,0,,,,,,,21,,,,,,,,,30,,,,,,0,,,,,,,,0,,,,,,0,,,,,,,,,,25,,,,,,,,,,,,19,,,,,,,,0,18,,,,,3,,,17,,,,,,,,4,,,,,,,,0,
3179,,59,,,,,0,,,,,,,,6,,,,,,,,,27,,,9,,,,,,,,,,,,,,,,2,,,,,,,,,,,19,,,,,,,,,,,,24,,,,,,,,,12,,,,,0,1,,21,0,,,,,,,12,,,,,,,,,
3180,,,,,,,,,,,,,,,,,,,,,,,,28,,3,,,,,,,,,,2,,,,,,,,,,,,,,,4,,,,,,,,,1,,,,,,,,,,,,,,,22,,,,,,,,3,5,,,,,,,,,,,,,,,,0
3181,,,,,,,,,,,,,,,,,,,,,,,,30,,1,,,,,,,,,,0,,,,,,,,,,,,,,,0,,,,,,,,,,,,,,,,,0,,,,,,,21,,,,,,,,4,6,,,,,,,,,,,,,,,,
3182,,61,,0,,,,,,,,,,,18,0,,,,,,,,27,,,,,,,,,,,,,,,,,,0,,,,,,,,,,,,5,,,,,,,,,,,,24,,,,,,,,,15,,,,,7,,,20,,,,,,,,14,,,,,1,,,,0
3183,,33,,,,,,,,,,,,,21,,,,,,,,,28,,,,,,,,,,,,,,0,,,,,,,,,,,,,,,,28,,,,,,,,,,,,2,,,,,,,,,,,,,,,,,2,5,,,,,,,12,,,,,,0,,,
3184,,19,,,0,,,,,0,,,,,,,,,,,,,,46,,,,,,,,,,,,,,,,,,,,,,,,,,,,,,,,,,,,,,9,,,,,,,,,,,,,,,,8,,,,,0,,,,,,,,15,,,,,,,,,
3185,,62,,,,,,,,,,,,,10,,,,,,,,,16,,,,,,,,,,,,,,,,,,,,,,,,,,,,,,17,,,,,,,,,,,,25,,,,,,,,,16,,,,,13,,,24,,,,,,,,15,,,,,,,,,
3186,,47,,,,,,,,,,,,,21,,,,,,,,2,12,,,,,,,,,,,,,,,,,,,,,,,,,,,,,,28,,,,,,,,,,,,15,,,,,,,,,23,,,,,1,,,15,,,,6,,,,17,,,,,,,,,
3187,,60,,,3,,1,,,,,,,,21,,,,,,,,,28,,,,,,,,,,,,,,,,,,1,,,5,,,,,,,,,24,,,,,,,,,,,,2,,,,,,,,,15,,,,,22,,0,3,,,,,,,,19,,,,,,,,0,
3188,,59,,,,,,,,,,,,,16,,,,,0,,,,16,,,,0,,,,,,,,,,,,,,,,,,,5,,,,,,,16,,,,,,,,0,,,,15,,,,,,,,,12,,0,,,15,,,22,,,,,,,,10,,,,,,,,,
3189,,51,,,,,,,,,,,,,21,,,,,,,,,31,,,,,,,,,,0,,,,,,,,,,,,,,,,,,1,,20,,,,,,,,,,,,21,,,,,,,,,21,,,,,16,18,,1,,,,,,6,,10,1,,,,1,,,,
3190,,24,,,,,,,,,,,4,,0,,,,,,,,1,30,,,,,,,,,,,,,,,,,,,5,,,,,,,,,,,24,,,,,,,,,,,,19,,,,,,,,,13,,,,,,1,,10,7,,,,,,,19,,,,,,,,,
3191,,46,,,,,,,,,,,,0,17,,,,,,,,,11,,,,,,,,,,,,,,,,0,,,,,,,,,,,,,,28,,,,,,,,,0,,,16,,,,,,,1,,17,,,,,5,10,,16,,,,,,0,,16,,,,2,,,,,
3192,,58,,,,,,,,,,,,,22,,,,,,,,,25,,,,,,,,,,,,,,,,,,,,,,,,,,,,,2,22,,,1,,,,,,,,,7,,,,,,,,,10,,,,,14,6,,21,,,,,,,,14,,,,,,,,,
3193,,22,,,,,,,,0,,1,,,,1,,,,,,,,44,,,,4,,,,,,,,,,,,,,,,,,,,,,,,,,,,,,0,,,,15,,,,,,,,0,0,,,,,,,8,,,,,6,,,,,,,,5,,,,,,,,,
3194,,63,,,,,,,,,,,,,21,,,,,,,,,25,0,,,,,,,,,,,,,,,0,,,,,,,,,,,,,,19,,,,,,,,,0,,,18,,,,,,,,,10,,,,,19,,,19,,,0,,,,,17,,,,,,,,,
3195,,19,,0,,,,,,,,,,,,,,,,,,1,,43,,,,,,,,,1,,,,,,,,,,,,1,,,,,,,,,,,,,,,,,18,,,,,,,,,4,,,,,,,4,,,,,18,1,,,,,,,15,,,,,,,,,
3196,,58,,,3,0,,,,,,,,,24,,,,,,,,,26,,,,,,,,,,,,,,,,,,,,,,,,,,,2,,,21,,,,,,,,,,,,1,,,,,,,,,24,,,,,14,,,14,,,,,,,,18,,,,,,,,,
3197,,33,,,,,,,,,,,,,21,,,1,,,,,,18,,,,,,,,,,,,,,,,,,,,,,,,,,,,,,21,,,,,,,,,,0,0,20,,,,,,,,3,6,,,,,16,,,2,,,,,,,,12,,,,,,,,,
3198,,59,,2,,,,,,,,,,,16,,,,,,,,,15,,,,,,,,,,,,,1,,,,,,,,,1,,,,,,,,18,,,,,,,,,,,,20,,,,,,,,,12,1,,,,15,,,20,,,,,,,,16,,,0,,,,,,
3199,,61,,,,,,,,,,,,,3,,,,,,,,,26,0,,,,,,,,,,,1,,,,,,,,,,,,,0,1,,,,1,,,,,,,,1,1,0,,24,,,,,,,,,7,,,,,16,,,22,,,,,,,,14,,,,,,,,,
3200,,,,,,,,,3,,,,,,,,,,3,,,,,30,,,,,,,,,,,,,,,,,,,,,,,,,,,,,,,,,,,,,,,,,,2,,,,,,,,,21,2,,,,,,,6,,0,2,,,,,,,,,1,,,,,
3201,,59,,,,1,,,,,,,,,20,,,,,,,,,24,,,,,,,,,,,,,,,,,,,,,,,,,,,,,,18,,,,,,,,,,,,20,,,,,,,,,13,,,,,13,,,23,,,,,,,,15,,,,,,,,,
3202,,21,,,,,,,,,,,0,,21,,,,2,,,,,44,,,,,,,,,,,,,,,,,,,,,,,,,0,,,,,,,,,,,,,15,,,,,,,,,,,,,,,,8,,,,,2,,,,,,0,,1,,,,,,,,,
3203,,58,,,,,,,,0,,,,,17,,,,,,,,,6,,,,,,,,,,,,,,,,,,,,,,,,,,,,,,21,,,,,,,,,,,,17,,,,,,,,,21,,,,,19,11,,17,,,,,,,,12,,,,,,,,,
3204,,59,,,,,,,,,,,,,20,,,,,,,,,1,,,,,,2,,0,,,,,,,,,,,,,,,,,,,,,,20,,,,,,,,,,,,22,,,,,,,,,15,,,,,13,,,23,,,,,,,,4,,,,,,,,,
3205,,33,,,,,,,,,,,,,12,,,,,,,,0,28,,,,,,,,,,,,1,,,,,,,,,,,,,,,,,,24,,,,,,,,,,,,27,,,,,,,,,14,,,1,,27,,,19,,,,,,,,13,,,,,,,,,
3206,,57,,,,,,,,,,,,,12,,,,,,,,,25,,,,,,,,,,,,,,,,1,,,,,,,,,,,,,,12,,,,,,,,,,,,22,,,,,,0,,,1,0,2,,,7,,,20,,,,,,,,15,,,,,,,,,
3207,,42,,,,,,,,,,,,,22,,,,,,,,1,13,,,,,,,,,0,0,,,,,,,,,,,,0,,,,,,,,26,,,,,,1,,,,,,9,,,,,,,0,,23,,,,,18,9,,21,,0,,,,,,18,,,,,,,,,
3208,,61,,,,,,,,,,,,,23,,,,,,,,,29,,,,,,,,,,2,,,,,,,,,,,,,,,,,1,,,26,,,,,,,,,,,,18,,,,,,,,,17,0,,,,19,12,,2,,,,,,,,14,,,,,,,,,
3209,,61,,,,,,,,,,,,,22,,,,,,,,,24,1,,,,,,,,,1,,,,,,,,,,,,,,,,,,,,18,,,,,,,,,,,,17,,,,,,,,,16,,,,,17,,,19,,,,,,,,17,,,,,,,,,
3210,,59,,,,,,,,,,,,,18,,,,,,,,,7,,,,0,,,,,,,,,,,,,,,,,,,,,1,,,,,24,,,,,,,,,,,,14,,,,,,,,,18,,,,,19,4,,8,5,,,,,,,18,,,,,,,,,
3211,,61,,0,,,,,,,,,,,12,,,,,,,,,25,,,,,,,,,,,,,,,,,,,,,,,,,2,0,,,,3,,,,,,,,,0,,,16,,,,,,,,,13,,,,,10,,,18,,,,,,,,14,,,,,,,,,
3212,,59,,,,,,,,,,,,,21,,,,,,,,,24,,,,,,,,,,,,,,,,,,,,,,,,,,,,,,15,,,,,,,,2,,,0,21,,,0,,,,,,18,,,,,17,,,21,,,,,,,,15,,,,,,,,,
3213,,22,,,,,,,,,,,,1,,,0,,2,,,,,45,0,,,,,,,,,,,,,,,,,,,0,,,,,,,,,,,,,,,,,,17,,,,19,,,,,,,,,,,,12,,,,,19,,,,,,,,16,,,,,,,,,
3214,,59,,,,,,,,,,,6,,24,,,,,,,,,28,,,,,,,,,,,,,,,,,,,,,,,,,,,,,1,22,,,,,,,,,,,,22,,,,,,,,,11,,,,,18,3,,0,,,,,,,,12,,,,5,,0,,,
3215,,61,,,1,,,0,,,,,0,,10,,0,,1,,,,,9,,,,,,,,,,1,,,,,,,,,,,,,,,1,,,,0,21,,,,,0,,,,,,,22,,,,,,,,,12,,,,,15,,,17,,,,5,,,,16,,,,0,,0,,,
3216,,,,,,,,,3,,,,,,,,,2,,,,,,29,,,,,,,,,3,,,,,,,,,,,,,,,,,,,,,28,,,,,,,,,,,,3,,,,,,,,,22,,,0,,,,,6,,1,3,,,,,,,,,0,,,,,
3217,,50,,,,,,,,,,,,,21,,,,,,,,,28,,,,,,,,,,,,,,2,,,,,,,,,,,,,,,,26,,,,,,,,,,,,7,,,,,,,,,18,,,,,19,,,22,,,,,5,,,12,,,,,,,,,
3218,,,,0,,,,,2,,,,,,,,,,1,,,,,28,,,,,,,,,,,,,,,,,,,,,,,,0,,,,,,,,,,,,,,,,,,6,,,,,,,,,0,2,,,,,,,4,5,,0,,,,,6,,,,,,,,,
3219,,55,,,,,,,,,,,,,20,,0,,,,,,,25,,,,,,,,,,,,,,,,,,,,,,,,,,,,,,19,,,,,,,,,,,,19,,,,,,,,,19,,,,,10,,,0,,,,,,,,14,,,,4,1,,,,
3220,,17,,,,,,,,,,,,,,0,,,,,,,,44,1,,,,,,,,,,,,,,,,,,,,,,,,,,,,,,,,4,,,,,17,,,,,,,0,,,,,,,2,,11,,,,,16,,,,,,,,17,,,2,,,,,,
3221,,60,,,,,,0,,,,,5,,22,,,,,,,,,29,,,,,,,,,,,,,,,,,,,4,,,,,6,1,,,,,24,,,,,,,,,,,,19,,,,,,,,,10,,,,,15,15,0,12,1,,,,,,,18,,,,,,,,,
3222,,35,,,,,,,,,,,,4,23,,,,,,,18,,28,,,5,,,,,,,,,,,,,,,,,,,,,,2,,,,,27,,,,,,,,,,,,9,,,,,,,,,15,,,,,31,,,20,,,,,,,0,16,,,,,,,,,
3223,,46,,,,,,,,,,,,,20,,,,,,,,,12,,,,,,,,,,,,,,,,,,,,,,,,,,,,,,28,,,,,,,,,,,,14,,,,,,,,,20,,,2,,24,,,20,,2,,,,0,,18,,,,,0,,,2,
3224,0,26,,,,,,,,,,,,,1,,,,,,,,,17,,,,,,,,,,,1,,,,,,,,,,,,3,,,,,,,24,,,,,,,,,,,,19,,,,,2,,,,16,,,,,17,23,,18,,,,,,,,19,,,,,,,,,
3225,,58,,,,,,,,,,,0,,11,,,,,,,,,26,,,,,,,,,,,,,,,,,,,,,,,,,,,,,,18,,,,,,,,,,,,25,,,3,,,,,,8,,,,,26,,,22,,,,,,,,12,,,,,,,,,
3226,,3,,,1,,,,,,,,,,,,,,,,,,,43,,,,0,,,,,,,,,,,,,,,,,,,,,,0,,,,,,,,,,,,15,,,,,,,,,,,,,,,,2,,,,,16,,,,,,,,13,,,,,,,,,
3227,,24,,,,,,,,,,,,,,,,,,,,,,29,,,,,,,,,,,,2,,,,,,,,,,,,,,,,,,29,,,,5,,,,18,,,,2,,,,,,,,,,,,12,,,,,3,1,,1,,,,,13,,,,,,,,,
3228,,21,,,,,,,,,,0,,,,,1,,,,,,3,39,,,,,,,,,,,,,,,,,,,,,,,3,0,,,,,,,,0,,,,,,15,,,,,,,,,,,,,,1,,9,,,,,18,,0,,,,,,8,,,,,,,,,
3229,,25,,,,,,,,,,,,,,,,10,,,,,,43,,,,,,,,,,,,,,,,,,,,,,,,,,,,,,32,,,,,,,,18,,,,,,,,,,,,,,,,11,,2,,,3,,,,,,,,21,4,,,3,,,,,
3230,,33,,,,,0,,,,,,,,21,,,,,,,,,28,,,,,,,,,0,,,,,,,,,,,,,,,,,,,,,28,,,,,,,,,,,,2,,,0,,,,,,,,,,,,0,,2,5,,,,,,,12,,,,,,,,,
3231,,25,,,,,,,,,,,,,,,,,,,,,,3,,,,,,,,,,,,,,,,,,,,,,,,,,,,,,34,,,,,,,,17,,,,,,,,,,,,,,,,7,,,,,7,,,,,,,,17,,,,,,,,,
3232,,21,,,,,0,,,,,,,,,,0,,,,,,,44,,,,,,,,,6,,,,,,,,,,,,,,,,,,,,,,,,,,,,,17,,,0,,,,,,,,,,,,,5,,,,,0,,,,,,,,13,,,,,,,,,
3233,,41,,,,,,,,,,,,,24,,,,,,,,,2,,,0,,,,,,,,,,,,,,,,,,,,,,,,,0,,28,,,,,,,,,,,,9,,,,,,,,,22,,,,,18,3,,15,,,2,,,,,21,,,,,,,,,
3234,,22,,,,,,,,,,,,,,,,4,,,,,,44,,,,,,,,,,,,,,,,,,,,0,,,,,,,,,,,,,,,,,,17,,,,,,,,,,,,,,,,11,,0,,,18,,,,,,,,2,,,,,,,,,
3235,,61,,,,0,,,,,,,,,20,,,,,,,,,26,,,,,,,,,,,,,,,,,,,1,,,,,,,0,,,,13,,,,0,,,,0,2,,,24,,,,,1,,,,4,,,,,7,,,12,,4,,,,,,14,,,,,,,,,
3236,,58,,,,,,,,,,,,,24,0,,,,,,,,27,,,,,,,,,,,,,,2,,,,,,,,,,,,,,,,22,,2,,,,0,,,,,,15,,,,,,,,,23,,,,,20,,,16,,,,,0,,,18,,,2,,,,,,
3237,,19,,,,,,,,,,,,,,2,,,,,0,,,43,,,,,,,,,,,,,,,,,,,,,,,,,,,,,,,,,,,,,,14,,,,,,,,,,,,,,,,10,,,,,11,1,,,2,,,,3,,,,,,,,,
3238,,17,,,,,,,,,,,,,,9,2,,,,0,,,46,,,,,,,,,,,,,,,,,,,,,,,,,,,,,,4,,,,,,,,15,,,,4,,,,,,,,,,,,8,,,,,21,,,,,3,,,16,,,,,,,,,
3239,,48,,,,,,,,,,,,,9,,,0,,,,,,25,,,,,,,,,,,,,,,,,,,,,,,,,,,,,,12,,,,,,,,,,,,20,,,,,,,,,15,,,,,0,,,24,,,,,,,,15,,,,,,,,,
3240,,60,,,,,,,,,,,,,18,,,0,,,0,,3,25,,,0,,,,,,,,,,,,,,,,,1,,,,,,,,,,16,,,,,,,,,,,,17,,,,,,,,0,16,,,,,13,,,21,,,0,,,,,18,,,,,,,,,
3241,,43,,,,,,,,,,,,,21,,,,,,,,,15,,,,,,,,,,,,,,,,,,,,,,,,,,,,2,,28,,,,,,1,,,,,,9,,,,,,,,,25,,,,,23,16,,24,,,4,,,,,19,,,,,1,,,,
3242,,36,,,,,,,,,,,,,7,,,,,,,,,25,,,,,,,,,,,,,,,,,,,,,,,,,,,,,,27,,,,,,,,,,,,0,,,,,,,,,7,1,,,,18,,,20,,,,,,,,17,,,4,,,,,,
3243,,20,,,,,,,,,,,,,,4,,,,,,,,28,,,,,,0,,,,,,,,,,,,,,,,,,,,,,,,2,,,,,,,,15,,,,,,,,,,,,,,,,12,,0,,,6,,,,,,,,16,,,,,,,,,
3244,,37,,,,,,,,,,,,,21,,,,,,,0,,18,,,,,,,,,,,,,,,,,,,2,,,,0,,,,,,,28,,,,,,,,,,,,17,,,,,,,,,20,,,,,25,4,1,9,,,,,,,,12,,,,,,,,,
3245,,33,,,,,,,,,,,,,24,,,,,,,,,28,,,6,,,,,,,,,,,,,,,,,,,1,,,6,,,,,28,,,,,,,,,,,,11,,,,0,,,,,17,,,,,26,,,4,,,,,,,,14,,,,,,,,,
3246,,36,,,,,0,,,,,,,,0,,,,,,,,,10,,,,,,,,,,,,,,,,,,,,,,,,,,,,,,28,,,,,,,,,,,,16,,,,,,,,,19,,,,,24,,,20,,,,7,,,,6,,,,,,,,,
3247,,58,,,,,,,,,,,,,17,,,,,,,,0,0,,,,,,,,,,,,,,,,,,,1,,,,,,,,,,,13,,,,,,,,,,,,23,,,,,,,,,13,,,,,16,,,24,,,,,,,,17,1,,,,,,,,5
3248,,56,,,,,,,,,,,,,21,,,2,,,,,,30,,,,,,,,,,,,,,,,,,,,,,,,,,,,,,22,,,,,,,,,0,,,20,,,,,,,,,12,,,,,20,3,,11,,,,,,,,18,,,,,,,,0,
3249,,61,,,,,,,,,,,7,,22,,,,,,,,1,17,,,,,,,,,,,,,,,,,,0,,,,,,,,,1,,0,24,,,,,,,,,,,,3,,,,,,,,,13,,,,,19,,,1,,,,,,,,19,,,,,,,,,
3250,,9,,,,,,,,,,,,,,,,,,,,,,45,,,3,,,,,,,,,1,,,,,1,,,,,,,,,,,,,28,,,,,,,,15,,,,,,,,,,,,,,,,9,,,,,19,,,,,,,,17,,,,,,,,,
3251,,,,,,,,,,,,,,,,,,,,,,,,29,,0,,,,,,,,,,,,,,,,,,,,,,,,,3,,,,,,,,,,,,,,,,,,,,,,,,18,,,,,,,,5,8,,,,,,,,,,,,,1,,,
3252,,60,,,,,,,,,,,,,14,,,,,,,1,,27,,,,,,,,,,,,,,,,,,,,,,,0,,,0,,,,5,,,,,,,,,,,,23,,,,,,,,,14,,,,,14,,,25,,,,,,,,16,,,,,,,,,
3253,,57,,,,,,,,,,,,,18,,,,,,,,5,12,0,,10,,,,,,,,,,,,,,,,,,,,,,,,,,,22,,4,,,,,1,,,,,16,,,,,,,,1,15,,,,,18,14,,12,,,,,,,,19,,,,,,,0,,
3254,,51,,,,,,,,,,,,9,15,,,,,,,,,27,,,,,,,,,,,,,,,,,,,,,,,,,,,,,,11,,,,,,,,,,,,18,,,,,,,,,17,,,,,22,,,23,,,,,,,,13,,,,,,,,,
3255,,58,,,5,,,,,,,,9,,23,,,,,,,,,25,,,,,,,,,,,,,,,,,,,,,,,,,,,,,3,22,,,,,,,,,,,,17,,,,,,,,0,0,,,,,12,,0,7,,,,,,,,18,,,,,,,,,
3256,,59,,,,,,,,,,,,,24,,,,,,0,,,27,,,,,,,,,,,,,,,,,,,,,,,,,,,2,,,21,,,,,,,,,,,,20,,,,,,,,,23,,,,,20,,,16,,,,,,,,15,,,,,,,,,
3257,,19,,,,,,,,,,,,,,8,,,,,,,,43,,,,,,,,,,,,,,,,,,,3,,,,,,,,,,,,,,,,,,,18,,,,3,,,,,,,,,,,,12,,,,,14,2,,,,,,,3,,,,,,,,,
3258,,62,,,,,,,,,2,,,,14,,,,,,,,,26,,,,,,,,,,,,,,,,,,,,,,,,,,,,,,7,,,,,,1,,,,,,24,,,,,,,,,5,,,,,11,,,17,,,,,,,,5,,,2,,,,,,
3259,,56,,1,,,,,,,,,,,21,,,,,,,,,16,,,,,,,,,,,,,,,,,,,,,,,,,,,,,,23,,,,,,,,,,,,16,,,,,,,,,17,0,,,,15,18,,2,,,,,,,,16,,,,,,,,,
3260,,1,,,,,,,,,,,,,18,,,,,,,,,22,,,,,,,,,,,,,,,,,,,,,,,,,,,,,2,19,,,,,,,,,,,,18,,,,,,,,,6,,,,,18,,,13,6,,,,,,,17,,,,,,,,,
3261,0,3,,,,,,,,,,,,,12,,,,,,,,,24,,,,,,,,,,,,,,1,,,,,,,3,,,,,,,,,5,,,,,,,,,,,,24,,,,,,,,,0,,,,,4,2,,23,,,,,,,,15,,,,,,,,,
3262,,33,,,,,,,,,1,,,,13,,,,,,,,,28,,,,,,,,,,,,,,,,,,,,,4,,,,,,,0,,0,,,,,,,,,,,,23,,,,,,,,,6,,,,,8,,,12,,,,,,,,7,,,0,,,,,,
3263,,51,,,,,,,,,,,3,,23,,,,,,,,,27,,,,,,,,,,,,,,,,,,,,,,,,,5,,,,,30,,,,,,,,,,,,10,,,,,,,,,18,,,,,12,,,19,,,,,,,,17,,,,,,,,,
3264,,59,,,3,,,,,,,,,,24,,,,,,,,,28,,0,,,,,,,,,,,,,,,,2,4,,,,,,,,,,,24,,,,,,,,,,,,5,,,,,,,,,22,,,,,18,,,18,,,,,,,,16,,,,,,,,,
3265,,58,,,,,,,,,,,8,,10,,,,,,,,,23,,,,,,,,,,,,,,,,,,,1,,3,,,,,,,,,16,,,,,,,,1,,,,24,,,,,,,,,14,,,,,10,,,21,5,,,,,,,16,,,,,,,,,
3266,,42,,,,,,,,0,,,,,22,,,,,,,,,28,,,,,,,,,,,,,,,,,,,,,,,,,1,,,,,28,,,,,,,,,,,,3,,,,,,,,,18,,,,,23,,,19,5,,,,,,,18,,,,,1,,,,
3267,,6,,,,,,,,,,,,,0,,,,,0,,2,,26,1,,,,,,,,,,,,,,,,,,,,1,,,,,,,,,19,,,,,,,,,,,,21,,,,,,,,,4,,1,,,15,,,23,,4,,,,,,14,,,,,,,,,
3268,,33,,,,,,,,,,,,,,,,,,,,,,28,,,,,,,,,,,,,,,,,,,,,,,,,,,,,,28,,,,,,,0,,,,,0,,,,,,,,,,0,,,,,,,2,5,,,,,,0,,,,,,,,,,
3269,,23,,,,,,,,,,,,,,10,,,,,,0,,28,,,,,,,,,,,,,,,,,,,,,,,,,,,,,,35,,,,,,,,18,,,,2,,,,,,,,,,,,11,,,,,2,4,,2,,,,,16,,,,,,0,,,
3270,,33,,,,,,,,,,,,,3,,,,,1,,,,28,3,,,,,,,,,,,,,,0,,,,,,,,,,,1,,,,2,,,,,,,,,,,,22,,,,,,,,,6,,,,,4,,,2,,2,,,,,,17,,,,,,,,,
3271,,,,,,0,,,6,,,,,,21,,,,5,,,,,29,,,,,,,,,2,,,,,,,,0,,,,,,,,,,,,,,,,,,,,,0,,,,9,0,,,,,,,,23,1,,,,,0,,6,6,,,,,,,,,,,,,,,,
3272,,61,,,,4,,,,,1,,,,9,,,,,,,,,22,,,,,,,,,,1,,,,,,,,,,,,,,,,,,,,10,,,,,,,,,,,,22,,,,,,,,,1,,,,,14,,,22,,0,,,,,,14,,,,0,,,,,
3273,,40,,0,,,,,,,,,,,25,,,,,,,,,3,,,,,,,,,1,,,,,,,,,,,,0,,,,,,,,,28,,,,,,,,,,,,6,,,,,,,,,24,,,,,15,2,,15,0,,,,3,,,19,,,,,,,,,
3274,,21,,,,,,,,,,,,,6,,,,,,,,,2,,,,,,,,,,,,,,,,,,,,,,,,,,,,,,22,,,,,,,,,0,,,21,,0,,,,,,,6,,,,,17,,,21,,,,,0,,,16,,,,,0,,,,
3275,,57,,,,,,,,,,,1,,18,,,,,0,,,,23,,,,,,,,,,,,,,,,,,,,,,,,,,,,,,26,,,,,,,,,,,,16,,,,,,,,,17,,,,,17,16,,9,,,,,,,,18,,,,,,,,,
3276,,43,3,,,,,,,,,,,,22,,,,,,,,,25,,,,,,,,,,,,,,,,,,,,,,,,,,,,,,23,,,,,,,,,,,,15,,,3,,,,,,15,,,,,18,5,,13,,,,,,,,0,,,,,,,,,
3277,,43,,,,,,,,,,,0,,16,,,,,,,,0,22,,,,,,,,,,,,,,0,,,,,,,,,,,54,,,,,3,,,,,,,,,,,,21,,,,,,,,,15,,,,,16,,,22,,,,,,,,14,3,,,,,,,,0
3278,,34,,,,,,,,,,,,,11,,,,,,,,,17,,,1,,,,,,,36,0,,,,,,,,,,,,,,,,,,0,29,,,,,,,,,,,,27,,,,,,,,,18,,,,,27,,,21,,,,,,,,19,,,,,,,,,
3279,,42,,,0,,,,,,,,,,15,,,,,,,,,27,0,,,,,,0,,,,,,,,,,,,,,,,,,,,,,,23,,,,,,,0,,,,,19,,,,,,,,,3,,,,,20,,,15,,,,,,,,0,,,,0,,,,,
3280,,59,,,,,,,,0,,,,0,19,,,,,,1,,,23,,,,,,,,,,,,,,,,,,,,,,,,,,,,,,15,,,,,,,,,0,,,23,,,,,0,,,,13,,,,,14,,,24,,,,,,,,14,,,,,,,,,
3281,,22,,,,,,,,,,,,,8,,,,,,,,,25,,,,,,,,,,,,,,1,,,,,,,,,,,,,,,,7,,,,,,,,,,,,24,,,,,,,,,2,,,,,16,,,22,,,,,,,,12,,,,,,,,,
3282,,33,,,,,,,,,,,,0,21,,2,,,,,23,,28,,,,,,,,,,,,,3,,,,,,4,,,,,,,,,,,28,,,0,,,,,,,,,2,,,,,,0,,,,,,,2,26,15,,18,5,,,,,,,0,,,1,,,,1,,
3283,,,,,,,,,,,,,,,,,,7,,,,,,,,,,,,,,,,,,,,,,,,,,,,,,,,,,,,34,,,,,7,,,,,,,7,,3,,1,,,,,21,,3,,,,,,2,,,,,,1,,15,,,,,,,,,
3284,,18,,,,,,,,,,,,,,,,,,,,,,45,,,,,,,,,,,,,,,,,,,,,,,,,,,,,,,,,,,,,,15,,,,,,,,,,,,,,,,3,,,,,19,,,,,,,,17,,,,,,,,,
3285,,40,,,,,,,,,,,,,24,,,,,,,,,3,,,,,,,,,,2,,,,,,,,,,,,,,,,,,,,23,,,,,,,,,,,,11,,,,,,,,,21,,,2,,17,13,,20,,,,,,,,8,,,,,,,,,
3286,,21,,,,,,,0,1,,0,,,,1,,,,,,,,44,,,,,,,,,,,,,,,,,,,,,,,,,2,,,,,,,,,,,,,16,,,,,,,,,,,,,,,,12,,,,,5,,,,3,,,,16,,,,,,,,,
3287,,49,,,,,,,,,,,,,18,,,,,,,,,28,,,,,,,,,,,,,,,,,,,,,,,,,,,,,,28,,,,,,,,,,,,20,,,,,,,,,11,,,,,5,,,16,,,,,,,,16,,,,,,,,,
3288,,44,,,,,,,,0,,,,,19,,,,,,2,,,5,,,,,,,,,,,,0,,,,,,,,,,,,,,,,,,17,,,,,,,,,,,,26,,,,,,,,,4,,,,0,13,,,22,,,,,,,,16,,,,,,,,,
3289,,61,,,2,,,,,,,,,,2,,,,,,,,,24,,,9,,,,,,,,,0,,,1,,0,,,,,,,,,,,,,21,,,,1,,,,,,,,19,,,,,,,,,8,,,,,29,,,13,,,4,,3,,,18,,,,,,,,,
3290,,34,,,,,,,,,,,,,24,,,,,,15,20,,28,,3,,,1,,,,,22,,,,1,2,,,,,0,,,,,26,,,,,30,9,,,,0,,,,,,,,29,,,,,1,,2,2,13,,,,0,,,,5,,,,,,,15,,,,,,,,,
3291,,59,,,,,,,,,,,,,19,,,,,,,,,5,,,,,,,,,,,,,,,,,,,,,0,,,,,,,0,,19,,,,,,,,,,,,23,,,,,,,,,0,,,,,16,,,10,,,,,,,2,1,,,,,,,,,4
3292,,35,,,,,,,,,,,,,19,,,,,,,,,24,,,,,,,,,,,,,2,,,,,,,,,,,,,,,,3,23,,,,,,,,0,,,,19,,,,,,,,,18,0,,,,17,,,12,,,,,5,0,,18,,,,,,,,,
3293,,16,,,,0,,,,,,,,,,,,,,,,,,44,,,,,,,,,,,,,,,,,,,,,,,,,,,,,,,,,,,,,,18,,,,1,,,,,1,,,,,,,11,,,,,17,3,,,,,,,16,,,,,,,,,
3294,,23,,,,,0,,,,,,,,,,,,,,,,,43,,,,1,,,,,,,,,,,,,,,,,,,,,,2,,,,,,,,,,,,17,,,,,,,,,,,,,,,,0,,,,,5,,,,,,,,4,,,1,,,,,,
3295,,39,,,,,,,,,,,,,24,,,,,,,,,7,,,3,,,,,,,2,,,0,,,,,,,,,,,,,,0,,,21,,0,,,,,,,,,,17,,,,,,,,,20,,,,,22,,,8,,,,,,,,19,,,,,,,,,
3296,,60,,,,,,,,,,,0,,20,,0,,,,,,,6,,0,,,,1,,,,,,0,,,,1,,,0,,,,,,,,,,,22,,,,,,,,,,,,21,,,,,,,,,2,,,,,12,,,21,,,,,,,,8,,,,,,,,,
3297,,60,,,,,,,,,,,,,20,,,,,,,,,26,,,,,,,,,,,,,,,,,,,,,,,,,,,,,,18,,,,,,,,,,,,24,,,,,,,,,12,,,,,11,,,23,,,,,,,,0,,,,,,,,,
3298,,58,,,,,,,,,,,,,20,,,,,,,,,22,,,,,,,,,,,,,,,,,,,,,,,,,,,,,,19,,,,,,,,,,,,24,,,,,,,,,13,,,,,3,,,22,,,,,,,,16,,,,,,,,,
3299,,60,,,,,,,,,,,,,9,,,,,,,,,26,,,,,,,,,,,0,,,,,,,,0,,,,,,,,,,,19,,,,,,,,,,,,22,,,,,,,,2,14,,,,,17,,,20,,,,,,,,11,,,,,,,,,
3300,,25,,,,,,,,,,,,,,,,9,,,,,,44,,,,,,,,,,,,,,,,,,,,,,,,,,,,,,37,,,,,,,,18,,,,,,,,,,,,,,,,11,,,,,12,,,,,,,,17,1,,,,,,,,
3301,,19,,,,,,,,,,,,,,,,,1,,,,,43,,,,,,,,,,0,,,,,,,,,,,,,,,,,,,,,,,,0,,,,16,,,,,,,,,1,,,,,,,12,,,,,19,,,,,,,,14,,,,,,,,,
3302,,57,,0,,,,,,,,,,,22,,,,,,,,,26,,,,,,,,,,,,,0,,,,,,,,,,,,,,,,,20,,,,,,,,,,,,3,,,0,,,,,,17,,,,,18,,,14,,,,,3,,,17,,,,,,,,,
3303,,18,,,,,,,0,,,,,,,,,,,,,,,42,,,,,,,,,,,,,,,,,,,,,,,,,,,,,,,,,,,,,,11,,,,1,,,,,,,,,,,,13,,,,,13,,,,,,,,15,,,,,,,,,
3304,,22,,,,,,,,,,,,,,,,,,,,,,36,,,,,,,,,,,,,,,,,,,,,,,,,,,,,,,,,1,,,,,6,,,,,,,,,,,,,,,,11,1,,,,0,,,,,,,0,14,,,,,1,,,,0
3305,,43,,,,,,,,,,,,,21,,,,,,,,,28,0,,,,,,,,,,,,,,,,,,,,,0,,,,,,,,28,,,,,,,1,,,,,19,,,,,,,,,18,,,,0,18,,,24,,,,,,,,7,,,,,,,,,
3306,,58,,,,,,,,,,,,,20,,,,,,,,,16,,,,,,,,,,,,,,,,,,,,,6,,,,,,,,,13,,,,,,,,0,,,,18,,,,,,,,,10,,,,,4,4,,23,5,,,,,,,15,,,,,,,,,
3307,,47,,,,,,,,,,,1,,22,,,,,,,,,30,2,,,,,,,,,,,0,,,,,,,,,,,,,,,,,,25,,,,,,,,,,,,22,,,,1,,,,,17,,,,,19,,,24,,,,,,,,17,,,,,,,,,
3308,,41,,,,,,,,1,,,,,21,,,,,,,,,13,,,,,,,,,,,,,,,,,,,0,,,,,,6,,,,,30,,,,,,,,,,0,,2,,,,,,,,,19,,,2,0,13,,,17,,,,,,,,17,,,,,2,,,,
3309,,,,,,,,,,,,,,,,,,3,,,,,,,,,,,,,,,,,,,,,,,,,,,,,,,,,,3,,34,,,,,1,,,,,,,8,,0,,2,,,,,23,,3,,,,,,1,,,,,,7,,12,,,,,,1,,,
3310,,31,,,1,,,,,,,,,,24,,,,,,,,,30,,,,,,,,,2,,,,,,,,,,,,,,,,,,,,,14,,,,0,,,,,,,,5,,,,,,,,,21,,0,,0,38,,,18,,,,,,,,4,,,,,,,,,1
3311,,,,,,,1,,,,,,0,,,,,4,,,,,,28,,,,,,,,,,,,,,,,,,,,,,,,,,,,,,34,,,,,5,,,,,,,8,,3,,1,,0,,,21,,5,,,,,,4,,,,,,9,,15,,,,,,,,,
3312,,58,,,,,,,,,,,,,23,,3,,,,,,0,28,,,,,,,,,,2,,7,,,,,,,,,,,,,,,,,,23,,,,,,,,,,,,15,,,,,,,,,9,,,,,16,0,,17,,,,,,,,17,,,,,,,,,
3313,,25,,,,,,,,,,,,,16,,,,,,,,,17,,,,,,,,,,,,,,,,,,,,,0,,,,,,,,,25,,,,,,,,,,,,21,,,,,,,,,16,,,,,18,18,,21,,,,,,,,16,,,,,,,,,1
3314,,,,,,,,,,,,,,,,,,2,,,,,,,,,,,,,,,,,,,,,,,,,,,,,,,,,,1,,34,,,,,6,,,,,,,7,,1,,3,,,,,25,,5,,,,,,4,,,,,,0,,16,,,,,,,,0,
3315,,23,,,,,,,,,,,,,,4,,5,,,,,,46,,,,,,,,,,,,,,,,,,,,,,,,,,,,,,,,,,,,,,16,,,,,,,,,,,,,,,,12,,,,,19,,,,,,,,3,,,,,,,,1,
3316,,60,,,,1,,,,,,,,,20,0,,,,,,,,24,,,,,,,,,,,,,,,,,,,,,2,,,,,,,,,4,,,,,,,,,,,,21,,,,,,,,,14,,1,,,11,,,24,6,5,,,,,,16,,,,,,,,,
3317,,24,,,,,,,,,,,,,21,,,,,,,,,4,2,,,,,,,,,,,,1,,,,,,4,,,,,,,,,,,,,,,,,,,16,,,,0,,,,,,,,,,,,12,0,,,,6,,,,,,,,16,,,,,,,,,
3318,,,,,,,,,,,,,,,,,,8,,,,,,,,,,,,,,,,,,,,,,,,,,,,,,,,,,,,30,,,,,7,,,,,,,8,,4,,4,,,,,22,,,,,,,,4,,,,,,8,,14,,,,,,,,,
3319,,60,,,,,,,,,,,,,20,,,,,,1,,,20,,,,,,,,,,,,,,,,1,,,,,,,,,,,,,,19,,,,,,,,,,,,21,,,,,,,,,17,,,,,18,,,22,,,,,1,,,7,,,,,,,,,
3320,,57,,,,,,,,,,,,,0,,,,,1,,,,25,,,,,,,,,,,,2,,,,,,,,,,0,,,,,,,,20,,,,,,,,,,,,21,,,,,,,,,6,,,,,13,,,24,,,,,1,,,16,,,,,,,,,
3321,,35,,,,,,,,,,,,,19,,,,,,,,,5,,,,,,,,,,,,,,,,,,0,,,,,,,,,,,,16,,,,,,,,,,,,21,,,,,,,,0,15,,,,,18,7,,19,,,,,,,,2,,,,,,,,,
3322,,36,,,2,0,,,,,,,,,23,,,,,,,,,,,,,,,,,,,,,,,,,,,,,,,,,,,,,,,28,,,,,,,,,,,,2,,,,,,,,,29,,,,,,,,21,7,,,,,,,1,,,,,,,,,
3323,,61,,,,,,,,,,,,,22,,,,,,,,,23,,,,0,,,,,,,,,,,,,,,3,,,,,,,,,,,6,,,,,,,,,,,,20,,,,,,,,,18,,,,,21,,,18,,,,,,,,16,,,,,,,,,
3324,,21,,,,,,,,,,,,,,0,,4,1,,,,,45,,,,2,,,,,,,,,,,,,,,,,,,,,,,,,,,,,,4,,,,14,,,,,,,,,,,,,,,,11,,,,,3,0,,0,,,,,16,,,,,,,,,
3325,,,,,,,,,,,,,,,,,,5,,,,,,,,,,,,,,,,,,,,,,,,,,,,,,,,,,,,33,0,,,,2,,,0,,,,6,,,,5,,2,,,24,,4,,,,,,0,,,,,,2,,18,,,,,,,,,
3326,,22,,,,,,0,,,,,,,14,,,,,,,,,8,,2,2,,,,,,,,,,,,,,,,,,1,,,,,,,,,25,,,,,,,,,,,,0,,,,,,,,,13,,,,,19,,,7,,,,,,2,,17,,,,,,,,,
3327,,34,0,,,,,,,,,,,,23,,,,,,,,0,29,,,,,,,,,,,,,,,,,,,,,,,,5,,,,,,24,,,,,,,,,,,,19,1,,,,,,,,13,,,,,24,1,,11,2,,,,,3,,16,,,,,,,,,
3328,,1,,,,,,,,,,,,,21,,,,,,,,,21,,,,,,,,,,,,,,,,,,,,,,,,,,,,,,25,,,,,,,,0,,,,9,,,4,0,,,,,14,,,,,19,,,21,,,,,,,,12,,,,,,,,,
3329,,,,,,,,,,,,,,,9,,,,,,,,,28,,,,,,,,,0,,,,,,,,,,,,,,0,,,,,,,28,,,,,,,,,,,,4,,,,,,,,1,19,,,,,17,,,10,,0,,,,,,17,,,,,,,,,
3330,,59,,,,,,,,,,,,,0,,,,,2,,,,15,,,,,,,,,,,,0,,,,,,,,,,,,,,,,,,19,,,,,,,,,,,,18,,,,,,,,,13,,,,,9,,,22,,,,,,,,18,,,,,,,,,
3331,,59,,,,,,,,,,,,,0,,,,,,,,,6,,,,,,,1,,,,,1,,,,,,,,,,,,,,,,,,0,,,,,,,,,,,,20,,,,,,,,,19,,,,,,,,18,,,1,,,,,19,,,,,,,,,
3332,,61,,,,,,,,,0,,,,18,,,,,,,,,14,,,,,0,,,,,,,4,,,,,,,,,,,,,,,,1,,19,0,,,,,,,,,,,20,,,,,,,,,8,,,,,12,,,11,,,,,,,,3,,,,,,,,,
3333,,24,,1,,,,,3,,,,,,24,,,,,,,,,39,,,,,,,,,,0,,,,,,,,,,,3,,,,,3,,,,,,,,,,,0,17,,,,,,,,,9,,,,,,,12,,,,,6,,,,,,,,12,,,,,,,,,
3334,,36,,,,,,,,,,,,,21,,,,,,,,,11,,,4,,,,,1,,,,,,,,,,,2,,,,,,,,,,,26,,1,,,,,,,,,,13,,,,,,,,,22,,,,,23,2,,11,,,,,,,,19,,,,,,,,,
3335,,61,,,,,,,,,,,,,0,,,,,0,,,,20,,,,,,,,,,0,,,,,,,,,,,1,,,,,,,,,18,,,,,,,,,,,,17,,,,,,,,,15,,,,,0,,,23,,,,,,,,15,,,,,,,,,
3336,,40,,,4,,,,,,,,,,24,,,,,,,,,,,,,,,,,,,,,,,,,,,,,,,,,,,,,,,30,,,,,,,,,,,,4,,,,,,,,,29,,,,,,,,22,5,,,,,,,4,,,,,,,,,
3337,,53,,,,,0,,,,,,,,21,,,,,,,,,27,,,,,,,,,,,0,,,2,,,,,,,,,,,,,,,,23,,,,,,,,0,,,,19,,,,,,,,,5,,,,,20,,1,0,,,,,,,,19,,,,5,,,,,
3338,,64,,,3,,,,,,0,,,,24,,,,,,,,,28,,,,,,3,,,,,,,,,,,,,,,,,,,,,,,,1,,1,,,,,,,,,,3,,,,,,,,,25,,,,,22,,,4,,,,,,,,17,,,,,,,,,
3339,,4,,,,,,,,,,,,,,,,,,,,,,43,,,,,,,,,,,,,,,0,,,,,,,,,,,,,,,,,,,,,,,6,,,,3,,,,,,,,,,,,6,,,,,18,1,,,,,,,9,,,,,,,,,0
3340,,56,,,,,,,,,,,,5,22,,,,,,,,,26,,,,,,,,,,,,,,,,,,,,,,,,,,,,,,24,,,,,,,,,,,,13,,,,,,,,,16,,,,,18,,,16,,,,,,,,15,,,,,,,,,0
3341,,36,,,,,,,,,,,,,21,,,,0,,,,,23,,,,,,,,,,,,,,,,0,,,,,,,,,,,,,,24,,2,,,,,,,,,,18,,,,,,,,,9,,,,,22,,,18,0,,,,,1,,18,,,1,,,,,,
3342,,53,,,,,,,,,,,,,18,,,0,,,,,,16,,,,,,,,,,,,,,,,,,,,,,,,,,,,,,22,,,,,,,,,,0,,23,,,0,,,,,,1,,,,,16,,,16,,,,,,,,15,,,,,,,,,2
3343,,44,,,,,,,,,,,,,0,,,,,,,,,13,,,,,,,,,,,,,,,,,,,,,,,,,,,,,,22,,,,,,,,,,,,2,,,,,,,,,16,,,0,,21,6,,15,,,,,,,,12,1,,,,,,,,
3344,,59,,,,,,,,,,,,,19,,,,,,,,,26,,,,,,,,,,,,,,,,,,,,,,,,,,,,,,0,,,,,,,0,,,,,14,,,,,,,,,14,,,,,16,20,,18,,,,,,,,3,,,,0,,,,0,
3345,,61,,,,,,,,,,,,,15,,,,,,,,,24,,,,,,,,,,,,,,,,,,,,,,,1,,,,,,,15,,,,,,,,,,,,21,,,,,,,,,5,,,,,15,,,13,,,,,,,,17,,,,,,,,,
3346,,42,,,,,,,,,,,,,23,,,,,,,,,12,,,,,,,,0,,,,,,,,,,,,,,,,,3,,,1,,23,,,,,,,,,,,,19,,,,,,,,,3,,,,,21,13,,14,,,,,,,,18,,,,,,,,,
3347,,61,,,,,,,,,0,,,,19,,,,,,1,,,26,,,,,,1,,,,,,,,,,,,,,,,,,,,,,,,11,,,0,,,,,,,,,22,,,,,,,,,13,,,,,8,,,24,,,,,0,,,15,,,,,,,,,
3348,,19,,1,,,,,0,,,,,,,,,,,,,,,31,,1,,,,,,,,1,,,6,,2,,,,,,,,,,,,,,,,,,,,,,,13,,,,,,,,,,,,,,,,4,,,,,19,,,,,,,,15,,,,,,,,,
3349,,57,,,,,,,,,,,,,8,,,,,,,,,27,,,,,,,,,,,,,,,,,,,,,,,,,,,,,,20,,0,,,,0,,,,,,18,,,,,,,,,18,,,,,18,,,4,,1,,,,,,17,,,,,,,,,
3350,,62,,,,,,,,,3,,,,20,,,,,,,,,21,,,,,,,,,,,,,,,,,,,,,,,,,,,,,,18,,,,,,,,,,,,18,,,,,,1,,,15,,,,,11,,,21,,,,,,,,13,,,,,,,,,
3351,,60,,,,,,,,,,,,,18,,,,,,0,,,21,,,,,,,,,,,,,,,,2,,,,,,,,,,,,,,9,,,,,,,,,,,,23,,,,,,,,,14,,,,,17,,,21,,,,,,,,15,,,,,0,,,,
3352,,59,,,,1,,,,,,,,,17,,,,,,,,,26,,,,,,,,,,1,,,,,,,,,,,,,4,,,,,,,6,,,,,,,,,,,,19,,,,,,,,,17,,,,,16,,,14,,,,,,,,17,,,,,,,,,
3353,,41,,,,,,,,,,,,,21,,,,,,,,,22,,,,,,,,,,,,,,,,,0,,,,,,,0,,,,,,24,,,,,,,,,,,,17,,,,,0,,,,15,,,,,0,5,,22,,,,,,,,2,,,,2,1,,,,
3354,,,,,,,,,0,,,,,,,,,,2,,,,,29,,,,,,,,,,,,,0,,,,,0,,,,,,,,,,,,,,,,,,,,,,,,7,,,,,,,,,19,3,,,,,,,5,,2,3,,,,,,,,,,,,,,
3355,,61,,,,,,,,,,,,,18,,,,,,,,,16,,,,,,,,,,,,,,,,,,,,,,,,,,,,,,13,,,,,,,,,,,,22,,,,,,,,,10,,,,,4,,,21,,,,,,,,14,,,,,,,,,
3356,,41,,,,,,0,,,,,,4,25,,,,,,,,,10,,,,,,,,,,1,,,,,,,,,,,,,,,,,,,,29,,,,,,,,,,,,11,,,,,,,,,18,,,,,19,0,,10,,,,,,,,20,,,,,,,,,
3357,,61,,,,,,,,,,,,,20,,,,,,,,,16,,,,0,,,,,,,,,,,,,,,,,,,3,,,,,,,18,,,,,,,,,,,0,20,,,,,,,,,15,0,,,,11,,,20,,,,,,,,5,,,,,0,,,,0
3358,,60,,,,,,,,,,,,,1,,,,,,,,,25,,,,,,,0,,,,,,,,,,,,,,,,,,,,,1,,25,,,,,,,,,,,,9,,,,,,,,,8,,,,,20,,,20,,,,,,,,19,,,,,,,,,
3359,,43,,,,,,,,,,,,,23,,,,,,,,,18,,,,,,,,,,,,,,,,,,,,,,,,,,,,,,28,,,,,,,,,,,,14,,,,,,,,,16,,,,,18,9,,15,,,,,,,,18,,,,,,,,,
3360,,62,0,,,2,,,,,,,,,19,0,,,,,,,,2,,,,,,,,,,,,,,,,,,,,,,,2,,,,,,,19,,,,,,,,,,,,19,,,,,,,,,14,,,,,17,,,18,,,,,,,,16,,,,,,,,,
3361,,33,,,,,,,,,,,,1,12,,,,,,,,,28,,,,,,,,,0,37,,,,,,,,,,,,,,,,,,,,27,,,,,,,,,,,,7,,,,,,,,,17,,,,,31,,,24,,,1,,,1,,18,,,,,,,,,
3362,,22,,,,,,6,,,,,,,,4,3,,,,,,,43,,,,,,,,,,,,,,,,,,,,,,,,,,,,1,,,,,,,,,,14,,,,,,,,,,,,,,,,9,,,,,18,0,,,,,,,13,,,,,,,,,
3363,,22,,,,,,,,,,,,,0,,3,0,,,,,,35,,,,,,,,,,,,,,,,,,,,,,,,,,,,,,,,,,,,,,14,,,,,,,,,,,,,,0,,0,,0,0,0,19,,,,,,,,14,,,,,,,,,
3364,,15,,,,,,,,,,,,,,,,,,,,,1,42,,,,,0,,,,,,,,,,,,,,,,,,,,,,,,,,,,,,,,,14,,,,,,0,,,,,,,,,,8,,,,,14,,,,0,,,,15,,,,,,,0,,
3365,,57,,,3,,,,,,,,,,22,,,,,,,,,25,,,,0,,,,,,,,,,,,,,,,,,3,,,,,1,,,22,,4,,,,,,,,,,0,,,,,,,,,22,,,,,17,,,5,,,1,,,,,15,,,,,,,,,
3366,,41,,,,,,,,,,,,,22,,,,,,,,,9,,,2,,,,,,,,,,,,,,,,,,,,,,,,,,,27,,,,,,,,,,,,13,,,,,,,,,17,,,,,20,1,,9,,,,,,,,20,,,,,1,,,1,
3367,,23,,,,,,,,,,,,,7,,,,,,,,,24,,,,,,,,,,,,,,0,,,,,,,,,,,,,,,,21,,,,,,,,,,,,25,,,,,,,,,6,,1,,,17,5,,24,,,,,,,,4,,,,,,,,,
3368,,40,,,6,,,,,,,,,,22,,,,,,,,,31,,,,,,,,1,,,,,,,,,,,,,,,,,,,,,,27,,,,,,,,,,,,8,,,,,,,,,26,,,,3,35,,,22,,,,,1,,,8,,,,,,,,,
3369,,2,,,0,,,,,,,,,8,23,,,,,,,,,24,,,,,,,,,,,,,,,,,,,,,,,,,,,,0,,22,,,,,,,0,,,,,15,,,,,,,,,20,,,,0,13,,,19,,,,,,,,17,,,0,,,,,,
3370,,39,,,,,,,,,0,,,,10,,,,,,,1,,12,,,,,,,,,,,,,,,,,,,,,,,,,,,,1,,27,,,,,,,,,,,,14,,0,,,,,,,18,,,,,26,14,,10,5,,,,,,,19,,,,0,,,,0,
3371,,44,,,,,,,,,,,,,23,,,,,,,,,14,,,,,,,,,,,,,,,,,,,,,,,,,,,,,,30,,,,,,,,,,,,9,,,,,,,,,25,,,,,19,18,,22,,,,,,,,18,,,,,2,0,,,
3372,,,,,,,,,,,,,,,,,,,,,,,,30,,2,,,,,,,,,,2,,,,,,,,,,,,,,,1,,,,,,,,,2,,,,,,,,,,0,,,,,21,,,,,,,,4,5,,,,,,,,,,,,,0,,,
3373,,58,0,,,,0,,,,,,,,16,,,,,,,,,19,,,,,,,,,,,,,,,,,,,,,,,,,,,,,,17,,,,,,,,,,,,20,0,,,,,,,,18,,,,,22,,,14,,,,,,,,12,,,,,,,,,
3374,,43,,,,,,,,,,,,,22,,,,,,,,,29,2,,,,,,,,0,,,,,,,,,,,,,,,,,,,,,26,,,,,,,,,,,,18,,,,,,,,,17,,,,,18,,,25,,,,,,,,18,,,,,,,,,
3375,,22,,,,,,,,,,,,,21,,,,,,16,,,28,,,,,,0,,,,,,,,,,,,,,,,,,,,,,,,23,,,,,,,,,1,,,,,1,,,,,,,17,,,,,37,,,2,,,,,,,,17,,,,,1,,,,
3376,,60,,,7,,,,,,,,,,24,,,,,,1,,,28,,,,,,1,,,,,,,,,,,,,,,,,,,,,,,,2,,0,,,,,,,,,,4,0,,,,,,,,25,,,,,0,,,3,,,,,,,,18,,,,,,,,,
3377,,60,,,,,,,,,,,,,5,,,,,,,,,25,,,1,,,,,,,,,,,,,,,,,,,1,,,,,,,,7,,,,,,,,,,,,24,,,,,,,,,5,,0,,,2,,,24,,,,,,,,8,,,,,,,,,
3378,,62,,,,,,,,,,,,,16,,,0,,,,,,27,,,,,,,,,,,,,,,,,0,,,,,,,,,,,,,18,,,,,,,,,,,,23,,,,,0,,,,6,,,,,16,,,23,,,,,,,,15,,,,,,,,,
3379,,33,0,,,,,,,,,,,,24,,,,,,,,,9,,,,,,,,1,,4,,,,,,,,,0,,,,,,,,,,,24,,,,,,,,,,,,18,,,,,,,,,20,,,,,24,13,,9,,,,,,,,16,,,1,3,,,,,
3380,,55,,,,,,,,,,,5,,18,,,,,,,,,3,,,,,,,,,,,,,,,,,,,,,,,,,,,,,,25,,,,,,,,,,,,24,,,,,,,,,9,,,,,14,,,11,,,,,,,,15,,,,,,,,,
3381,,48,,,,,,,,,,,,,10,,,,,,,,0,17,,,,,,,,,,,,,,,,,,,,,,,,,,,,,,14,,,,,,,,,,,,22,,,,,,,,,5,,,,,16,,,24,,,,,,,,13,,,,,,,0,,
3382,,,1,,,,,,,,,,,,,,,7,,,,,,,,,,,,,,,,,,,,,,,,,,,,0,,,,,,0,,33,,,,,6,,,,,,,7,,1,,4,,,,,22,,2,,,,,,2,,,,,0,8,,16,,,,,,,,,
3383,,23,,,,,,,,,1,,,,,,,,3,,1,,,29,,,,,,,,,,,,,,0,,,,,,,,,,,,,,,3,23,0,,,,,,,,,,,7,,,,,1,,,,12,,,,,16,3,,8,,,2,,,,,17,,,,,,,,,
3384,,19,,2,,,,,,,,,,,,,,,,,,,,41,,,1,,,,,,,,,,,,,,,,,,,,,,,,,,,,,,0,,,,,14,,,,,,,,,,,,,,,,13,,,,,16,,,,,,,,15,,,,,,,,,
3385,,57,,,1,,,,,,,,,,22,,,,,,,,,30,,,,,,,,,,,,,,,,,,,,,,,,,,,,,,19,,,,,,,,,,,,18,,,,,,,,1,21,,,,,19,,,17,,,,,,,,15,,,2,,,,,,
3386,,59,,,,,,,,,,,,,17,,,1,,,,,,28,,,,,,,,,,,,,,,,,,,,,,,,,1,,,,,19,,,,,,,,,,,,16,,,,,,,,,5,,,,,12,,,14,0,,,,,,,4,,,,,,,,,1
3387,,18,,,,,,,,,,,,,,,,,,,,,,41,,,,,,0,,,,,,,,,,,,,,,,,0,,,,,,,,,,,,,,,15,,,,,,,,,,,,,,,,11,,,,,0,,,,,,,,12,,,,3,,,,,
3388,,24,,,,,,,4,,,,,,,2,,,,,,,,3,,,0,3,,,,,,,,,,,,,,,,,,,,,,,,,,,,,,,,,,16,,,,,,,,,9,,,,,,,12,,,,,8,0,,,,,,,4,,,,,,,,,
3389,,34,,,,,,1,,,,,,,23,,,,,,1,,1,30,,,,,,,,,,,,,,,,,,,,,,,,3,,,,1,,22,,,,,,,,,,,,20,,,,,,,,,11,,,,,21,5,,10,2,,,,,,,19,,,,,,,,1,
3390,,22,,,,,,,1,,,,,,23,2,,7,,,,,,40,,,,,,,,,,,,,,,0,,,,,,,,,,,,,,,,,,,,,,,16,,,,,,,,,,,,,,,,10,,,,,12,,,,,,,,14,,,,,,,,,
3391,,59,,,,,,,,,,,,,3,,,,,,,,,23,,,,,,,,,,,,,,,,,,,,,,,,,,,,,,20,,,,,,,,,,,,15,,,,,,,,,13,,,,1,10,,,19,,,,,,,,15,,1,,,,,,,
3392,,24,,,,,,,,,,,,,,,,6,,,,,,45,,,,,,,,,,,,,,,,,,0,,,,,,,,,,,,33,,,,,,,,19,,,,,,,,,,,,,,,,9,,,,,2,6,,,,,,,18,3,,,,,,,,
3393,,45,,,,0,,,,,,,,,14,,,,,,1,,,16,,,,,,,,,,,,,,,,,,,,,,4,,,,,,,,23,,,,,,,,,,,,1,,,,,,,,,0,,,,,21,,,23,,,,,,,,16,,,,,,,,0,
3394,,26,,,,,,,,,3,,,,22,,,,,,,,1,38,1,,,,,,,,,,,,,,,,,,,1,,,,,,0,,,,,,,,,,,,11,,,,,,,,,,,,,,,,11,,,,,7,,,,,,,,3,1,,,,,,,,
3395,,57,,,,,,,,,,,,,20,,,,,,1,,,28,,,,,,,,,,,,,2,,,,,,,,,,,,,,,2,,24,,5,,,,,,,,,,19,,,,,,,,,20,,,,,19,,,6,,,,,,,,13,,,,,,,,,
3396,,61,,,,,,,,,,,,,4,,,,,,,,,26,,,,,,,,,,,,,,,,,,,,,,,,,,,,,,0,,,,,,,,,,,,24,,,,,,,,,13,,,,,12,0,,16,,,0,,,,,7,,,,,,,,,
3397,,60,,,,,,,,,,,,,18,,,0,,,,,,25,,,,,,,,,,,,,,,,,,,0,,,,,,,,,,,12,,,,,,,,,,,,23,,,,,,,,,9,,,,,6,,,21,,3,,,5,,,16,4,,,,,,,,
3398,,0,,,,,,,,,,,,,22,,,,,,,,,13,,,,,,,,,,,,,,,,,,,,,,,,,1,,,,,31,,,,,,,,,,,,3,,,,,,,,,17,,,,,13,,,17,,,,,,,,17,,,,,4,,,,0
3399,,20,,,,,,,,,,,,,,,,,,,,,,42,,,,,,,,,,,,,,,1,,,,,,,,,,,,,,,,,,,,,,,16,,,,,,,,,,,,,,,,7,,,2,,19,5,,,0,,,,1,,,,,,0,,,
3400,,24,,,,,,,,,,,,,,4,1,0,,,,,,45,,,,,,,,,,,,,,,,,,,,,,,,,,,,,,,,,,,,,,17,,,,0,,,,,,,,,,,,6,,,,,15,,,,,,,,3,,,,,,,,,
3401,,65,,,4,,,,,,,,0,,23,,,,,,,,,29,,,,,,0,,,,,,,,,,,,,,,,,,,,,,,,5,,3,,,,,,,,,,20,,,,,,,,,24,,,,,,,,4,,,,,,,,19,,,,,,,,,
3402,,65,,,2,,,,,,,,,,23,,,,,,,,,28,,,,,,3,,,,,,,,,,,,,,,,,,,,,,,,0,,,,,,,,,,,,2,,,,,,,,,24,,,,,4,,,3,,,,,,,,18,,,,,,,,,
3403,,62,,,,,,,,,,,4,,18,,,,,,,,,27,,,,,,,,,,,,,,,,,,,,,,,,,,,,,,20,,,,,,,,,,,,11,,,,,,,,,14,,,,,13,6,,17,,,,,,,,1,,,,,,1,,,
3404,,57,,0,,,,,,,,,,,23,,,,,1,,,,26,,,,,,3,,,,,,,,,,,,,,,,,,,,,,,,26,,,,,,,,,,,,4,,,,,,,,,23,,,12,,16,,,1,,,,,0,,1,19,,,,,,,,,
3405,,40,,,,,,,,,,,,,22,,1,,,,,,,7,,,,,,,,,,,,,,,,,,,,,,,,,,,,,,29,,,,,,,1,,,,,0,,0,1,,,,,,20,,,,,20,5,,16,,,,,,,,18,,,,,3,,,,
3406,,54,,,,,,,,,,,,,17,,,,,,,,,24,,,,,,,,,,,,,,,,,,,,,,0,,,,,,,,21,,,,,,,,,,,,21,,,,,,,,,15,,,,,17,,,18,,,,,,,,16,,,,,,,,,
3407,,34,,,,,,,,,,,,,,,,,,,,,,29,,,,,,,,,,,,,,,,,,,,,,,,,,,,,,29,,,,,,,,,,,,1,,,,,,,,,,1,,,,,,,2,5,,,,,,1,,,,,,,,,,
3408,,61,,,,,,,,,,,,,21,,,,,,,,,28,,,,,,,,,,,,,,,,,,2,,,6,,,,,,,,,25,,,,0,,,,,,,,2,,0,,,,,,,16,,,,,,,1,2,5,,,,,,,12,,,,,,,,1,
3409,,61,,,,,,0,,,,,,8,16,,,,,,,21,,23,,,,,,,,,,,,,,,,,,,,,,,1,,,,,,,22,,,,,,,,,,,,19,,,,,,,,,17,,,,,16,3,,9,,,,,,,,12,,,,,,,,,
3410,,42,,,,,,,,,,,,,24,,,,,,,,,14,,,,,,,,,,,,,,,,,,,,,,1,,,,,,,,29,,,,,,0,,,,,,8,,,,,,,,,24,,,3,,24,19,,20,,,,,,,,19,,,,,,,,,
3411,,61,,,,,,,,,,,,,14,,,,,,,,,25,,,,,,,,,,,,,,,,,,,,,,,1,,,,0,,0,19,,,,,,,,,,,,17,,,,,,,,,5,,,,,13,20,,24,,,,,,,,6,,,,,,,,,
3412,,43,,,,,,,,,,,,1,22,,,,,,14,,,17,,,,,,,,,,,,,,,,,,,,,,,,,,,,,,30,,,,,,4,,,,,,12,,,,,,,,,23,,,,,22,,,21,,,,,,,,17,,,,,1,,,,
3413,,15,,,,,,,,,,,,,,12,,,,,,,,47,,,,,,,,,,,0,,,,,,,,,,,,,,1,,3,,,28,,,,0,,,,19,,,,,,,,,,,,,,,,13,,,,,19,,,,,,,,14,,,,,,,,,
3414,,22,,,,,,,,1,,,,,,,,,,,,,,44,,,,3,,,,,,,,,0,5,,,,,,,,,,,,,,,,,,,,,0,,,10,,,,,,,,,,,,,,1,,9,,,,0,20,,,,,,,,16,,,,,,,,,
3415,,49,,,,,,,,,,,,,21,,,,,,2,,,10,,,,,,,,,,,,,,,,,,,,,,,,,,,,,,18,,,,,,,,,,,,20,,,,,,,,,19,,,,,17,5,,1,,,,,,,,9,,,,,,,,,
3416,,60,3,,,,,,,,,,,,4,,,,,,,0,,24,,,,,,,,,,,,,,,,,,,,,,,,,0,,,,,20,,,,,,,,,,1,,24,,,,,,,,,10,,,,,15,,,23,,,,,,,,16,,,,,,,,,
3417,,19,,,,,,,,,,,,,,1,,,,,,,,29,,,,,,,,,,,,,,,,,,,,,,,,,,,2,,,,,,,,,,,3,,,,,,,,,,,,,,,,0,,,,,15,,,,,,,,17,,,,,,,,,
3418,,1,,,1,1,1,,,,,,,0,20,,,,,,,,,27,,,,,,,,,,,,,,,,,,,2,,,,,,1,,,,,22,,,,,,,,,,,,17,,,,,,,,,12,,0,,,22,,,18,,,,,,,,16,,,0,,,,3,,
3419,,47,,,,,,,,,,,,,21,,,,,,,,,18,,,,,,,,,,,,,,,,,,,,,,,,,,,,,,16,,,,,,,,,,,,19,,,,,0,,,,3,,,,,12,,,14,,,,,,,,16,,,,,,,,,
3420,,42,,,,,,,,,,,,,22,,,,,,,,0,15,0,,,,,,,,,,,,,0,,,,,,,,,,,7,,,,,26,,,,,,2,,,,,,7,,,,,,,,,24,,,1,,22,15,,21,,,,,,,,19,,,,1,,,,,
3421,,61,,,,,,,,,,,,,21,,,,,0,,,,16,,,,,,,,,,,,,,,,,,,,,,,4,,,,,,,22,,,,,,,,,,,,20,,,,,,,,,14,,,,,20,,,18,,,,,,,,19,,,0,,,,,,
3422,,59,,,,,,,,,,,,,1,,,,,,,,,25,,,,,,,,,,,,,,,,,,,,,,,,,,,,,,19,,,,,,,,,,0,,21,,,,0,,,,,9,,,,,10,5,,17,,,,,,,,13,,,,,,,,,
3423,,,,,,,,,,,,,,,,,,0,,,,,,,,,,,,,,,,,,,,,,,,,,,,,,,,,,2,,31,,,,,7,,,,,,,7,,2,,4,,0,,,22,,1,,,,,,6,,,,,,2,,15,,,,,,2,,,
3424,,35,,,,,,,,,,,4,,22,,,1,,,,,,29,,,,,,,,,,,,,,,,,,,,,,,,,,,,,3,23,,,,,,,,,,,,21,,,,,,,,,13,,,,,23,6,,10,5,,4,,,,,17,,0,,,,,,,
3425,,63,0,,6,,,,,,,,,,22,,,,,,,,,29,,,,,,5,,,,,,,,,,,,,,,,,,,,,,,,22,,2,,,,,,,,,,19,,,,,,,,,26,,,,,21,,,4,,,,,,,,18,,,,,,,,,
3426,,21,,,,,,,,,,,,,,,,5,,,,,,3,,,,,,,,,,2,,,,,,,,,,,,,,,,,,,,,,,,,,,,10,,,,,,,,,,,,,,,,12,,,,,14,2,,,,,,,15,0,,,,,,,,
3427,,59,,,5,,,,,,,,,,25,,,,,,,,,29,,,,,,4,,,,,,,,,,,,,,,,,,,,,,,,3,,2,,,,,,,,,,3,,,,,,,,,25,,,,,21,,,2,,,,,,,,17,,,,,,,,,
3428,,25,1,,,,,,,,,,,,,,,7,,1,,,0,0,1,,,0,,,,,,,,,,,,,,,,,,,,,,,4,,,28,,,,,,,,18,,,,,,,,,,,,,,,,10,,,,,2,7,,,,,,,12,,,,3,,,,,
3429,,59,,,9,,,,,,,,,,8,,,,,,,,,26,,,0,1,,,,,,,,,,,,,,,,,,0,,,,,0,,,5,,4,,,,,,,,,,25,,,,,,,,,24,,,,,21,,,4,,,,,,,,16,,,,,,,,,
3430,,19,,,,,,,,,,,,,0,,,6,,,,,,41,,,,,,,,,,,,,,,,1,,0,,,,,,,,,,,,38,,,,,,,,13,,,,,,,,,,,,,,,,3,,,,,12,,,,,,,,16,,,,,,,,,
3431,,,,,,,,,,0,,,,,24,,,,,,,0,,2,,,11,,,,,,,,,,,,,,,,,,4,,,,,,2,,,24,,,,,,,,,,,,15,,,,,,,,,16,,1,,,16,,,12,,,,,,,,13,,,,,,,1,,
3432,,33,,,,,,,,,,,,1,0,,,,,,,19,,30,,,,,,,,,,,,,,,,,,,,,,4,,,,,,,,30,,,,,0,,,,1,,,14,,,,,,,,,19,,,,,29,7,,13,,,,,,,,1,,,,1,,,,,
3433,,20,,,,,,,,,,,,,,,,,,,,,,42,,,,,,,,,,,,,,,,,,,,,,,,0,,,,,,,,,,,,,,16,,,,5,,,,,,,,,,,,10,,,,,14,1,,,,,,,16,,1,1,,,,,,
3434,,61,,,,,,,,,,,,,2,,,,,,,,1,16,,,,,,,,,,,,,,,,,,,,,,,,,,,,,,16,,,,,,,,,,,,19,,,,,,,,1,0,,,,,14,,,23,,,,,,,,14,,,,,,,,,
3435,,21,,,,,,,,,,,,,,,1,,,,,,3,30,,0,0,,,,,1,,,,,,,,,,,,,,,,,,,,,,,,,,,,,,17,,,,,,,,,,,,,,,,8,,,,,16,,,,,,,,13,,,,,,,,2,
3436,,21,,,,0,,,,,,,,,21,,,,,,,,,44,0,,,,,,,,,,,,,,1,,,,,,,,,,,,,,,28,,,,,,,,15,,,,,,,,,,,,,,,,9,,,,,2,,,,,,,,16,,,,,0,3,,,
3437,,,,1,,,,,,,,,,,2,,,,,,,,,,,,,,,,,,,,,,,,,,,,,1,,,,,7,,,,,,,,,,,,,,,,,,,,,5,,,,,,,,,,,,,1,,,,,,,,,11,,11,,,,,,
3438,,,,,,,,22,,,,,,,,,10,,,,,,,2,,,,,,,,,,,,,,,,14,,,,19,,,,,8,,,,,,,,,5,,,,,,,,,,,,14,,,,,,,,,1,,3,,5,,,,,,,,,10,,,6,,,,,
3439,,,,2,,,,,,,,,,,3,,,,,,,,,,,,,,,,,,,,,,,,,,,,,4,,,,,0,,,,,,,5,,,,,,,,,,,,3,,,4,2,,,,,,,,,,,3,,,,,,,,,,5,19,,,,,,
3440,,0,,,,,,22,,,,,,,,0,11,,,,,,,,,,,,,,,1,,,,,,,,2,,,,23,,,,,61,,,,,,2,,,,,,,,,,,,,,,0,,,,,,,,,,,,,10,,,1,,,,,,11,,12,21,,,,,
3441,,,,2,,,,,,0,8,,,,7,,,,,,,,,,,,,,,,,,,,4,,,,,,6,,,3,,,,,14,,,,,,,,,,,,,,,,,,,,,6,,,,7,,,,,,,,,6,,5,,,,,,1,13,,,,,,,,
3442,6,,,,,,,,,,,,,0,3,,,5,,,,,,,,,,,0,,,,,,,,,,,,,,,4,,,,,90,,,,,,3,,,,,,,1,,0,,,,,,16,,,,,,,,,,,,,,,,,,,,,,15,,,39,,,,,
3443,,,,,,,,,,,,,,,,,3,,0,,,,,,,,,,,,13,,,,,,,,,,,0,,,,2,,,,,,,,,,,,,,,,,,,,,,,0,7,,1,,,,,,,,,,,,,,,,,,,,16,,16,,,,0,,
3444,,,,4,,,,,,,,,,,4,,,,,,,,,,,,,,,,,,,,,6,,,,,,,,7,2,,,,,,3,,,,,,,,,,,,,,,1,,,,,,,,,,,,,,,,,18,,,,,,,,,12,,0,,,,,,4
3445,,,,,,,,,,4,1,,,,,,,,,,,1,,,,,,,,1,,,,,,,,,,,3,,,,1,,,,,4,,,,,,,,,,,,,,2,,,,,,12,,,,,,,,,,,,,4,,,,,,,,,,,,,,,,,4
3446,2,,,7,,,,,,,,,,,4,,,,0,,,,,,,,,,,,,,,,,,,,,,,,,4,,,,,15,,,,,,,,,,,,,,,,,,,,,10,,,,7,,,,,,,,,5,2,5,,,,,,3,,,,,,,,,
3447,,,,4,,,,,,,,,,,3,,,,,,,,,,,,,,,,,,,,,,0,,,,,,,6,,,0,,8,,,,,,,,,,,,,,,,,,,,,0,,,,3,,,,,,,,,6,,3,,,,,,,,,,,,,,,
3448,,,,0,,,,3,,,,,,,,,8,,,,,,,,,,,7,,,,,,,,,,,,13,,,,20,,,,,,,,,,,,,0,,,,,,,,,,,,,13,,,,,,,,,,,,0,11,,,,,,,,,10,,1,18,0,,,,
3449,,,,,,,,21,,,,,,,,,12,,,,,,,7,,,,,,,,,,,,,,,,14,,,,19,,,,,,,,,,,,,,,,,,,,,,,,,,15,,,,,,,,,,,2,,13,3,,,,,,,,7,,,11,,,,0,
3450,,,,,,,,14,,,,,,,,,8,,,,,,,2,,,,,,,,,,,,,,,,13,,,,25,,,,,,,,,,,,,,,,,,,,,,,,,,11,,,,,,,,,,,,,13,,,,,,,,,12,,,7,,,,,
3451,,,,2,,,,,,,,,,,3,,,,,,,,,,,,,,,,,,,,,,,,,,,,,2,,,,,8,,,,,,,,,,,,,,,,,,,,,6,0,,,,,,,,,,,,2,,,,,,,,,12,,12,,,,,,
3452,,,,,,,,5,,,,,,,,,12,,,,,,,4,,,,4,3,,,,,,,,,,,10,,,2,24,,,,,,,,,0,,,,,,,,,,,,,,,,,10,,,3,,,,,,,,,,11,,,,,0,,,,6,,,0,,,,,
3453,,,,2,,,,,,,,,,,3,,,,,,,,,,,,,,,,,,,,,,,,,,,,,2,,,,,8,,,,,,,,,,,,,,,,,,,,,6,,,,,,,,,,,,,2,,,,,,,,,12,,12,,,,,,
3454,,,,,,,,24,2,,,,,,,,3,,,,,,,,0,,,,,,,,,,,,,,0,9,,,,5,,,,,64,,2,,,,,,,,,,,,,,,,,,,6,,22,,,,,,,,,,,9,,1,,,,,,,13,,13,22,,,,,1
3455,5,4,,,,,,,,,,,,5,6,,,4,,,,,,,,,,,,,,,,,,,,,,,,,,5,,,,,89,,,,,,,,,,,,,,,,,,,,,19,,,,,,,,,,,,,,,1,,,,,,,13,,,38,,,,,
3456,,,,,,,,24,,,,,,,,,3,,,,,,,2,0,,,,0,,,,,,,,,,,14,,,,19,,,,,,,,,,,,,,,,,,,,2,,,,,7,14,,,,,,,,,,,,,6,7,,,,,,,,9,,,17,,,,,
3457,,,,2,,,,22,,,,,,6,,,12,,,,,,,,,1,,,,,,,,,,,,,,16,,,,21,,,,,,,,,,,,,,,,,,,,0,,,,,,16,,,,,,,,,,,,,3,,,,,,,,,9,1,,14,,,,,
3458,,,,,,,,,,,,,,,,,,,,,,,,1,,,,,,,2,1,,,,,,,,,,,,,,,,,8,,,,,,,,,,,,,,,,,,,,,12,,12,,,,,,,,,,,,,,,,,,,,19,,5,,,,,,5
3459,,,,5,,,8,,,,,,,,,,,,,,,,,,,,,,,,13,,,,,,,,,,,,,,,,,,17,,,,,,,,2,,,,,,,,,,,,,8,,14,,,,,,,,,,,,,,,,,,,5,17,,16,,,,,,
3460,,,,,,,2,,,,,,,,,,7,,,,,,,,,,,,,,11,,,,,,,,,,,,,,,,,,,,,,,,,,,1,,,,,,,,,,,,1,,18,,,,,,,,,,,,,,,,0,,,,12,,19,,,,,,
3461,,,,,,,,0,,,,,,,,,9,,,,0,,,5,,,,,,,,,,,,,,,,16,,,,22,,,,,,,,,,,,,,,,,,,,,,,,,,11,,,,,,,,,,,,,7,,,,,,,,,11,,,18,,,,,
3462,,,,,,,,6,0,,,,,,,,11,,,,,,,,,,,,2,,,,,,,,,,,9,,,1,21,,,,,,,,,,,,,,,,,,,,,,,,,,13,,,2,,,,,,,,,,12,,,,,,,,,6,,,16,,,,,
3463,,,,,,,,,,,,,,2,,,,,,,,,,,,,,,,,8,,,,,,,,,,,,,3,,1,,,,,,,,,,,,,,,,,,,,,,0,,14,,13,,,,,,,,,,,12,,,,,,3,,,18,,1,,,,,,
3464,,,,,,,2,,,,,,,,,,2,,,,,,,,,,,,,3,10,,,,,,,,,,,0,,,,,5,,3,,,,,,,,,,,,,,,,,,,,0,9,,17,,,,,,,,,,,,,,,,,,,,1,,18,,,,,,
3465,,,,,,,,,2,,,,,,6,,,,,,,,,,,,,,,,,,,,,,,,,,,,,,,,,,8,,,,,,0,,,,,,,,,,,,,,,,,,,1,,,,,,,0,,5,,,,,,,,,20,,,,,,,,
3466,,,,,,,,1,,,,0,,,,,5,,,,,,,,,,,,,,11,,,,,,,,,,,,,,,,6,,,,,,,,0,,,,,,,,,,,,,,,11,,18,,,,,,,1,,,,,,,,,,,,,13,,17,,,,,,
3467,,,,2,,0,,25,,,,,,,3,,13,,,,,,,,0,,,,,,,,,,,,,,1,17,,,,0,,,,,8,,,,,,1,,,,,,,,,,,,,,,16,,,,,,,,,,,,,12,,,,,,,,0,14,,,19,,,,,
3468,,1,,,,,2,,,,,,,,,,,,,0,,,0,,,,,,,,8,,,,,,,,,,0,0,1,,,,,,8,,1,,,,1,,2,,,,,,,,,,,,,10,,12,,,,,,,,,,,,,,,,,,,,14,,19,,,,,,
3469,6,,,,,,4,,,,,,,,,,0,,,,,,,,,,,,,,12,,,,,,,,1,,,3,,,,,4,,,,,,,,,,,,,,,,,,0,,,,,9,,15,,,,,,,,,,,,,,,,1,,,,14,,20,,,,,,
3470,8,,,,,,,19,,,,,,3,4,,,7,,,,,,,,,,,,,,,,,1,,,,,,,,,7,,,,,0,,,,,,2,,,,,,,,,,,,,,,17,,,,,,,,,,,,,10,,,,0,,,,,0,,,38,,,,,
3471,,,,,,,,19,,,,,,,,,11,,,,,,,,,,,,,,,,,,,,,,,6,,,,21,,,2,,,,,1,,,,,,,,,,,,,,,,,1,9,,,,,,,,,,,,,12,,,,,,,,,8,,,2,,,,,
3472,7,,,,,,,2,,,,,,6,1,,13,,,,,,,,,,,,,,,,,,,,,,,,,,,10,,,,,9,,,,,,,,,,,,,,,,,,,,,19,,1,,,,,,,,,,,,,,,,,,,,15,,1,24,,,,,
3473,,,,,,,,,,0,4,,,,,,,,,,,4,,,,,,,1,3,,,,,,,,,,,8,,,,,,,,,5,,,,,,,,,,,,,,3,,,,,,15,,,,,,,,,,,,,5,,,,,,,,,,,,,,,,,4
3474,,,,,,,,,,,,,,,15,,3,,,,,,,,,,,,0,2,10,,,,,,,,,,,2,,,,,,,,,,,,,,,,2,,,,,,,,,,2,0,11,,22,,,,,,,,,,,,,,,,,,,,14,,19,,,,,,
3475,0,,,,,,,21,,,0,,,,3,,12,,,,,,,,,,,,,,,,,,,,,,,8,,,1,21,,,,,68,,,,,,,,,,,,,,,3,,,,,4,11,,,,,,,,,0,,,,10,,,,,,,,,0,,,0,,,,,
3476,,,,,,,,,,,,,,,4,,,,,,,,,,,,,,,,,,,,,,,,,,,,,,,,,,11,,,,,,,,,,,,,,,,,,,,,,,,,,,,,,,,1,,6,,,,,,,,,18,,12,,,,,,
3477,,0,,3,,,,,,,,,,,5,,8,,,,,,,,,,0,,,,,,,,,,,0,,15,,,,2,,,,,,,,,,,,,,,,,,,,,,,,,8,13,,,,,,,,,,,,,3,,,,,2,,,0,13,,,17,,0,,,
3478,,,,8,,,,,,,,,,,11,,22,,,,,,,,,,,,1,,,0,0,,,,,,,,,,,7,5,,,2,79,,,1,,,,,0,,,,4,,3,,,,,,,24,,,,,,,,,,,0,,,,,,,,,,,12,,18,,,,,,
3479,,,,,,,,,,,,,3,,,,,,,,,,,,,,4,6,,,0,,,,,,,,5,,,,,,,,,,0,,,0,,,,,,,,,,,,,,,,,,7,,,,,0,,,,,,,,7,,,,2,,,,,4,,,,,2,,,
3480,,,,,,,,22,,,0,,,,,,6,,,,,,,,,,,,,,,,,,,,,,,15,,,,19,,,,,,,,,,,,,,5,,,,,,,,,,,,10,,,,,,,,,,,6,,5,,,,,,,,,11,,,12,,,,,
3481,,,,,,,,,,,,,1,0,,,,,,0,,,,,,,3,1,,,,,,,,,,,2,,,,,22,,,,,5,,,,,,,,,,,,,,,,,,,,,8,,,,,,,,,,,,,7,,,,6,,,,,5,,,,,3,,,
3482,8,,,,,,,25,,,,3,,0,3,,14,,,,,,,,2,,,,1,,,,,,,,,,,9,,,,3,0,,,,8,,,,,,,,,,,,,,,,,,,,,15,,,,,,,,,,,,,,,,,,,,,,4,,0,28,,,,,
3483,,,,2,,,,,,,,,,,6,,1,,,,,,,,,,,,,,13,,,,,,,0,,,,,,,,,,1,,,,,,,,,,,,,,,,,,,,,,11,,19,,,,,,,,0,,,,,,,,,,,,17,,18,,,,,,
3484,,,,,,,,22,,,,,,,,,13,,,,,,,,,,,,,,,,,,1,,,,,,,,,10,,,,,,,,0,,,,,,,,,1,,,,,,,,,9,,,,,,,,,,,,,11,,,,,,1,,,1,,,1,,,,,
3485,,,,,,,,20,,,,,,,,,9,,,,,,,3,,,,,,,,,0,,0,,,,,2,,,,24,,,,,,,,,,,,,,,,,,,,,,,,,,10,,,,,,,,,,,,,13,,,,,,,,,1,,,15,0,,,,1
3486,,,,,,,,,,,,,,,,,,,,,,,,,,,0,,,,1,,,,,,,,,,,,,5,,,,,,,,,,,,,,,,,,,,,,,,,,14,,6,,,,,,,,,,,12,,,,,,,,,16,,15,,,,,,
3487,,5,,,,,39,,,,,,,,,,,3,,,,,,,,,,,,,,,,,,,,,,1,,,,22,,,,,68,,,1,,,,0,,,,,2,,,,,,,0,4,7,,,,,,,,,,,,,4,,0,,,,,,,,,15,,,,,,
3488,,,,,0,,,10,,,,,,,,,8,,,,0,,,,,,,,2,,,1,,1,,,,,,0,,,,25,,,,,,,,,,,,,,,,,,,,,,,,,,14,,,,,,,0,,,,,,12,,,,,,,,,1,,,11,,,,,
3489,,,,2,,,,,,,,,,,,,,2,,,,,,,,,,0,,,15,,,,,,0,,,,,,,2,,,,,,,,,,,,,,,,,,,,,,,,,,6,,,,0,,,,,,,,,1,,,,,,,,,16,,19,,,,,0,
3490,0,,,4,,,,,,,,,,,5,,,,,,,,,,,,,,,,,,,,,,,,,,,,,6,,,,0,14,,,,,,,,,,,,,,,,,,,,,11,,,,0,,,,,,,,,6,,1,,,,,,,,,,,,,,,
3491,0,,,,,,,21,0,,,,,,,,3,,,,0,,,,,,,,,,,,,,,,,,,12,,,0,18,,,,,70,,,,,,,,,,,,,,,,,,,,,14,,,,,,,,,,,,,12,,,,,0,,,,11,,,17,,,,,
3492,,,,8,,,,23,,,,,,,,,10,4,,,,,,,,,,,,,,,,4,,,,,,,,,,23,1,,,,67,,,,,,,,,,,,,,,,,,,,,15,,,,,,,,,,,,,9,,,,,,,,1,13,,,19,,,,,
3493,,,,,,,6,,,,,,,,1,,,,,,,,,,,,,,,,11,2,,,,,,,,,,,,,,,,,,,,,,,,,,,,,,,,,,,,,,15,,7,,,,,,,,,,,,,,,,,2,,,16,,13,,,,,,
3494,,,,2,,,,,,,,,,,,,,0,,,,,,,,,,5,,,12,,,,,,,,,,,,,14,,,,,91,,,,,,,,,,,,,,0,,,,,,,13,,,,,,,,,,,,,10,,,,,,,,,16,,15,,,,,,
3495,,,,,,,,27,,,,,,,,,8,,,,,,,,,,,,,,,,,,,,,,,3,,,,22,,,,,,,,,,,,,,,,,,,,,,,,,,16,,,,,0,,,,1,,,,3,,,,,,,,,11,,,21,,,0,,
3496,,,,7,,,,25,,,,,,,,,11,2,,,,,,,,,,,,,,,,,,,,,,2,,,,21,,,,,66,,,,,,,,,,,,3,,,,,,,,,16,,,,,,,,,,,,,7,,,,,,,,,14,,,20,,,,,
3497,,,,0,,,,13,,,,,,,,,10,,,,,,,,,,,4,4,,,,,,,,,,,8,,,,24,,,,,,,,,,,,,,,,,,,,,,,,,,7,,,,,,,,,,,,,11,,,,,,,,,12,,,19,,,,,1
3498,5,,,,,,,,,,,,,3,6,,,2,,,,,,,,,,,,,,,,,,,,,,,,,,10,,,0,,82,,,,,,,,,,,,1,,,,,,,,,20,,,,,,,,,,,,0,,,,,,,,,,16,,,35,,,,,
3499,,,,,,,,,,0,,,,,3,,,,,,,,,,,,,,,,11,,,,,,,,,,,6,,,,,,,,,,,,,,,4,,,,,,,,,,,,,12,,19,,,,,,,,,,,,0,,,,,,,,12,,17,,,,,,
3500,0,,,7,,,,,,,,,,,12,,19,,,,,,,,,,,,2,,,,,,,,,,,,,,,5,0,0,,0,75,,,,,,,,,,,,0,,,,,,,,,8,,,,,,,,,,,1,,11,,,,,,,,,20,,12,,,,,,
3501,,,,,,,,23,,,,,,,,,11,,,,,,,,,,,,,1,,,,,3,,,,,15,,,,18,,,2,,,,,,,,,,,,,,,,,,,,,,,9,,,0,,,,,,,,,,10,,,,,,,,,15,,,7,,,,,
3502,,,,,,,,,,,,,,,,,,,,3,,,,,,,,,,,,,,,,,,,,,,,,24,,,,,,,,,,,,,,,,,,,,,,,,,,8,,,,,,,,,,,,,13,,,,,,,,,12,,,,,,,,0
3503,,,,,,,,25,,,,,,,,,10,,,,,,,,,,,,,,,,,,,,,,1,5,,,,24,0,0,,,,,1,,,,,,,,,,,,,,,,0,,,13,,,2,,,,,,,,1,,9,,,,,,,,,4,,,21,,,,,
3504,,,,3,,,0,,,,,,,,,,,,,,,,,,,,,,,,,,,,,,,,,0,,,,20,1,,,,11,,,,,,,,,,,,,0,,,,,,,5,10,,,,,,,,,,,3,,2,,4,,,,,1,,14,,,,,,,,
3505,5,,,,,,,23,,,,,,5,13,,12,,,,,,,,,,,,,,,,,,,,,,,,,,,9,,,,,10,,,,,,,,0,,,,,0,,,,,,,,19,,0,,,,,,,,,,,,,,,,,,,,14,,21,26,,,,3,
3506,,,,,,,2,,,,,,,,,,,,,,,,,,,,,,,,10,,,,,,,,,,,,,,,,,,,,,,,,,,,,,,,,,,,,,,,13,,12,,,,,1,,,,,,,,,,,,,,,16,,4,,,,,,
3507,,,,,,,3,,,,,,,,,,,,,,,,,,,,,,,,9,,,,,,,,,,,9,,,,,,,,,,,,,,,,,,,,,,,,,,,,11,,20,,2,,,,,,,,,,,,,,,,,,16,,16,,,,,,
3508,9,,,,,,,24,,,,0,,6,13,,17,9,,,,,,,,,,,,,,,,,,,,,,0,,,,7,,,,,72,,,,,,,,,,,,,,,,,,0,,,17,,,,,,,,,,,,,10,,,,,,,,,16,,,27,,,,,
3509,,,,,,,,,,,,,,,,,,,,,,,,,,,,,,,5,,,,,,,,,,,,,,,,,,,,,,,,,,,,,,,,,,,0,,,,13,,12,,,,,,,,,,,,,,,,,0,,,18,,13,,,,,,
3510,,,,,,,,,,,,,,,,,1,,,,,,,,,,,,,,9,,,,,,,,0,,,2,,,,,,,,,,,,,,,,,,,,,,,,,,,,11,,18,,,,,,,,,,,12,,,,,,,,,1,,19,,,,,,
3511,,,,,,,4,,,,,,,,4,,,,,,,,,,,,,,,,6,,,,,,,,,,,0,,,,,,,,,,,,,,,4,,,,,,,,,,,,,14,,12,,,,,,,,,,,3,,6,,,,,,,14,,13,,,,,,
3512,,,,,,,,24,,,0,,,,,,12,,,,,,,,,,,,,,0,,,,,,,,,16,,,,16,,,,1,8,,,,,,,,,,,,,,,,,,,,,16,,,,,,,,,,,,,13,,,,,,,,,12,,,7,,1,,,
3513,,,,3,,,,,,,,,,,3,,,,,,,,,,,,,,,,,,0,,,,,,,,,,,5,,,,,2,,,0,,,,,,,,,,,,,,,,2,,,2,6,,0,,,,,,,,,4,,,,,,,1,,,5,20,,,,,,
3514,,,,,,,0,19,,,,,,,,,9,,,,,0,,0,,,,,,,,,1,5,,,,,,0,,,,26,,,,,,,,,,,,,,,,,,,,,,,,,,12,,,,,,,,,,,,0,13,,,,,,,,,12,,,16,,,,,
3515,,,,,,,3,,,,,,,,,,,,,,,0,,,,,,,,,5,,,,,,,,,,,,,28,,4,,,69,,,,,,,,,3,,,,,,,,,,,,13,,13,,,,,,,,,,,,,,,0,,,,,14,,16,,,,,,
3516,,,,,,,,,,,,,2,,,,,,,0,,,,,,,0,3,,,,,,,,,,,4,,,,,,,,,,7,,,,,,,,,,,,,,,,,,,,,9,,,,,,,,,,,,,5,,,,5,,,,,4,,,,,3,,,
3517,,,,,,2,,23,,,,,,,,,10,,,,,,,,1,,,,,,,,,,,,,,1,15,,,,17,,,,,,,,,,,,,,2,,,,,,,,,,,,17,,,,,,,,,,,,,6,,,,,,,,,10,,,6,,2,,,
3518,,,,,,,2,17,,,,,,,,,11,,,,,,,,,,,,,,,,,3,,,,,,1,,,,25,,,,,,,,,,,,0,,3,,,,,,,,,,,,12,,,,,,,,,0,,,,11,,0,,,,,,,7,,,16,,,,0,
3519,,,,,,,,,2,,,,,,5,,,,,,,,,,,,,,,,,,,,,,,,,,,,,,,,,,8,,,,,,,,,,,,,,,,,,,,,,,,,0,,,,,,,,,5,,,,,,,,,19,,,,,,0,,
3520,,,,3,,,,18,,1,,,,,,,11,,,,,,,,,,,,,,1,,,,0,,,,1,1,,,,20,,,,,69,,,,,,0,,,,,,,,,,,,,,,11,,,,,,,,,,,,,2,1,,,,,,,,17,,,7,,,,,
3521,4,,,,,,,24,,,,,,2,7,,20,3,,,,,,,,,,,2,,,,,,0,,,,,,,,,9,,,,,71,,,,,,,,,,,,0,,,,,,,,,20,,,,,,,,,,,,,,,,,,,,,,3,,,23,,,,,
3522,,5,,,,,,23,,,,,,,,,8,,,,,,,5,,,,,3,,0,,,4,,,,,,15,,,,2,,,,,62,,,,,,0,,,,,,,,,,,0,,,,11,,,,,,,0,,,,,,5,,,,,,,,,13,,14,18,,,,,
3523,,,,,,,,,,,,,0,,,,,,,,,,,,,,,7,,,,,,,,,,,4,,,,,,,,,,5,,,,,,,,,,,,,,,,,,,,,9,,,,,,,,,,,,,7,,,,4,,,,,4,,,,,2,,,
3524,1,,,,,,8,,,,,,,,,,4,,,,,,,,,,,,,,12,,,,,,,,,,,,,,,,,,,,,,,,,,3,,,0,,,,,,,,,,12,,20,,,,,,,,,,,,,,,,,,,,16,,9,,,,,,
3525,,,,,,,,18,,,,,,,,,11,,,,,,,,,,,,,,,,,,7,,,,,12,,,,15,,,,,70,,,,,,,,,,,,,,,,,,,0,,1,,,,,,,,,,,,,2,,,0,,,,,,14,,,6,,,,,
3526,1,,,,,,,22,,,,,,,6,,13,,,,,,,,,,,,,,,,,,,,,,,,,,,14,2,,,1,11,,,,,,,,,,,,,,,,,,,,,18,,0,,,,,,,,,,,3,,2,,,,,,,13,0,,1,,,,,
3527,,,,,,,,0,,,,,,,,,9,,,,,,,,,0,,,,,,,,,,,,,,13,,,,25,,,,,8,,,,,,,,,,,,,,,,,,,,,13,,,,,,,,,,,,,11,,,,0,,,,,13,,,11,,,,,
3528,,,,,,,,14,,,,,,,,,8,,,,,,,,,,,,,,,,,,,,,0,,7,,,,23,,,,,,,,,,,,,,,,,,,,,,,,,,10,,,,,,,,,,,,,13,7,,,,,,,,9,,,18,,,,,
3529,,,,,,,,,,,,,,,,,0,,,,,,,,,,,,,,1,,,,,,,,,,,1,,,,,,,,,,,,,,,,,,,,,,,,,,,1,13,,16,,,,,,,,,,,,,,,,,,,,0,,15,,,,,,
3530,,,,2,,,,,,,,,,,,,,,,,,,,,,,,,,,,,,,,0,,,,3,,,,24,,,,,64,,,0,,,,,,,,,,,,,,,,2,1,12,,,,,,,0,,,,,,4,,3,,,,,,,13,,15,,,,,2,
3531,,,,5,,,1,,,,,,,,5,,,,,,,,,,,,,,4,,,,,,0,,,,,,,,,5,,,,,14,,,,,,,,,,,,,,,,,,,,,9,,,,7,,,,,,,,,6,,3,,,,,,4,,,,,,,,,
3532,,,,,,,2,,,,,,,,,,,,,,,,,,,,,,,1,9,,,,,,,,,,,,,,,,,,,,,,,,,,,,,,,,,,,,,,,11,,13,,,,,,,,,,,,,,,,,,,,0,,17,,,,,,
3533,0,,,,,,,24,,,,,,,,,12,,,,,,,,0,,,,,,,,,,,,,,,16,,,,1,,,,,9,,,,,,0,,,,,,,,,,,,,,,15,,,,,,,,,,,,,11,,,,,,,,,13,,,18,,,,,
3534,7,,,,,,,,,,,,,,,,,,,,,,,,,,,,,,13,,,,,,,,,,0,,0,2,,,,,1,,,,,,,,3,,,,,,,,,,,,,8,,19,,,,,,,,,,,,,,,,,,,,13,,16,,,,,,
3535,,,,,,,2,,,1,,,,,,,,,,,,,,,,,,,,,11,,,,,,,,,,,,,,,,,,,,,,,,,,2,,,,,,,,,,,,,11,,19,,0,,,,,,,,,,,,,,,,,,14,,17,,,,,0,
3536,,,,2,,,,,,,,,0,,6,,,,,2,,,,,,,,,,,,,,,3,,,,0,,,,,8,,,,,13,,,,,,,,,,,,,,,,,,,,,6,,,,9,,,,,,,,,3,,1,,,,,,2,12,,,,,,,,
3537,,,,3,,,,,,,,,,,4,,,,,,,,,,,,0,,3,,,,,,,,,,,,,,,2,,,1,7,9,,,,,,,1,4,,,,6,,,,,,,,0,20,,0,,,,0,,,,,,,3,,,,,,,,,19,,13,,,0,,,
3538,,,,,,,,,,3,7,,,,,,,,,,,4,,,,,,,,1,,,,,,,,,,,5,,,,,,,,,6,,,,,,,,,,,,,,4,,,,,,11,,,,,,,,,,,,,4,,,,,,,,,,,,,,,,,2
3539,,,,2,,,,,,,,,,,3,,0,,,,,,,,,,,,,,12,,,,,,,,,,,,,,,,,1,9,,,,,,,,,,,,,,,,,,,,0,13,,1,,0,,,,,,,,,5,,,,,,,,,17,,6,,,,,0,
3540,,,,,,,,23,,,,,,,,,11,,,,,,,,,,,,,,,,,,,,,,,11,,,,22,,,,,,,,,,,,,,,,,,,,,,,,,,13,,,,,,,,,4,,,,11,,,0,,,,,,7,,,5,,,,,
3541,,,,,,,,,,4,7,,,,,,,1,,,,5,,,,,,,,2,,,,,,,,,,,0,,,1,,,,0,,4,,,,,,,,,,,,,,3,,,,,,12,,,,,,,,,,,,,2,,,,,,,,,,,,,,,,,3
3542,,,,,,,,15,,,,,,,,,10,,,,,,,,,,,,,,,,,,,,,,,14,,,,26,,0,,,,,,,,,0,,,,,,,,,,,,,,,10,,,,,,,,,,,,,10,7,,,,,,,,13,,,17,,,,,
3543,,,,,,,,20,,,,,,,,,11,,0,,,,,,,,,,1,,,,,,,,,,,,,,,2,,1,,,,,,,,,,,,,,,,,,,,,,,2,6,,,,,,,,,,,,,0,,,,,,,,,1,,12,18,,,,,
3544,,,,8,,,,24,,,,,,,,,7,,,,,0,,,,,,,,4,,,,,,,,,,14,,,,3,,,,,,,,,,,,,,,,,,,,,,,,,,16,,,,,,,,,,,,,5,,,,,,,,,13,,13,25,,,,,
3545,,,,,,,,16,,,,,,0,,,7,0,,,,,,0,,,,,,,,,,2,,,,,,0,,,,24,,,,,,,,,,,,,,,,,,,,,,,,,,9,,,0,,,,,,,,,,11,,,,,,,,,15,,,22,,,,,
3546,,,,7,,,,,,,,,,,6,,,,,,,,,,,,,,,,,,,,,,,,,,,,,2,,,,,13,,,,,,,,,,,,,,,,,,,,,8,,,,6,,,,,,,,,5,0,4,,,,,,0,,,,,,,,,
3547,,,,6,0,,0,4,1,,,,,,,,8,,,,,,,,,,,,,,,,,,,,,,,,,,,2,,,,,65,,,,,,,,,,,,,,,,,1,,,,12,,24,,,,,,,,,,,10,,,,,,,,,13,,20,24,,,,,
3548,,,,,,,,,,,,,,,,0,10,,,,,,,,,,,,,,,,,,,,,,,16,,,,22,,,,,11,,,,,,,,,,,,,,,,,,,,,0,,,,,,,,,,,,,10,,,,,,,,,2,,21,,,,,,
3549,,,,7,,,2,,,,,,,,0,,,,,,,,,,,,,,,,,,,,2,,,,,,,,,7,,,,,16,,,,,,,,,,,,,,,,,,,,,0,,,,9,,,,,,,,,7,,4,,,,,,,,,,,,,,,
3550,,,,3,,,,25,,0,,,,,,,12,,,,,,,,,,,,,,,,1,,,,,,,13,,,,2,,,,,68,,,,,,,,,,,,,,,,,,,,,10,,,,,,,,,,,,,8,,,,,,,,,13,,,22,,,,,
3551,,,,,,,,,,,,,,,,,,,,,,,,,,,,,,,,,,,,,,,,6,,,,23,,,,,66,,,,,,,,,,,,0,,,,,,,3,0,11,,,,,,,,,,,4,,3,,2,,,,,0,,15,,17,,,,,,
3552,,,,,,,,19,,,,,,,,,13,,,,,,,4,,,,,,,,,0,,,2,,,,14,,,,19,,,,,69,,,,,,,,,,,,,,,,,,,,,6,,,,,,,,,5,,,,9,,,,,0,,,,14,,12,0,,,,,
3553,4,,,,,,,,,,,,,1,2,,,,,,,,,,,,,,,,,,,,,,,,,,,,,13,,,,,10,,,,,,,,,,,,,,,,,,,,,13,,,,,,,,,,,,,,,,,,,,,,14,,,31,,,,,
3554,,,,,,,1,,,,,,,,,,7,,,,,,,,,,,,,1,0,,,,,,,,,,,1,,,,,,,,,,,,,,,,,,,,,,,,,,,,12,,16,,,,,,,,,,,,0,,,,,,,,15,,18,0,,,,,
3555,,,,,,,,,,,,,,3,,,,,0,,,,,,,1,,,,,11,,,,,,,,,,,,,27,,0,3,,,,,,,,,,,,,,,,,,,,,,,10,,14,,,,,,,,,,,,,,,,,0,,,16,,16,,,,,,
3556,,,,,,,0,22,,,,,,,,,10,,,,,,,,,,,,,,,,,,8,,,,,16,,,,19,,,,,,,,,,,,,,,,,,,,,,,,,,11,,,,,,,,,,,,0,8,,,,,,,,0,13,,0,18,,,,,
3557,,,,,,,,19,,,,,,,,,0,4,,,,,,,,,,,,,,,,,,,,,,4,,,,24,,,,,,,,,8,,,,,,,,,,,,,,,,,11,,,,,,,,,,,,,13,,,,1,,,,,0,,,21,,,,,
3558,,,,,,,,,,,,,,,,,,,,,,,,,,,,2,,,8,,,,,,0,,,,,,,,,,,,12,,,,,,,,,,,,,,,,,,,,,14,,12,,,,,,,,,,,,,,,,,,,,17,,15,,,,,,
3559,,,,,,,,11,,,,,,,,,5,,,,,,,2,,,,,,,,,,,,0,,0,,6,,,,26,,,,,,,,,,,,,,0,,,,,,,,,,,,12,,,,,,,5,,,,,,13,,,,,,,,,10,1,,17,,,,,
3560,,,,,,,,,,,,,,,,,12,,1,,,,,,,,,,,,,,,,,,,,,,,,,21,,,,,9,,,,,,,,,,,,,,,,,,,,,7,,,,,,,,,,,,,2,,,,,,,,,6,,,,,2,,,
3561,,,,,,,,,,,,,,,,,,,,,,,,,,,,,,6,13,,,,,,,,,,,4,,2,,,2,,61,,,,,,,,,,,,,,,,,,,,,10,,15,,,,,,,,,,,,,,,,,,,,16,,,,,,,,
3562,,,,,,,,,,,,,2,0,,,,,,,,,,,,,2,6,,,,,,,,,,,2,,,,,,,,,,6,,,,,,,,,,,,0,,,,0,,,,,7,,,,,,,,,,,,,0,,,,5,,,,,0,,,,,5,,,
3563,,,0,,,,,20,,,,,,,,,12,,,,,,,,,,,,,,,,,,,2,,,,15,,,,14,,,,,,0,,,,,,,,,,,,,,,,,,,,6,,,,,,,,,,,,,12,,,2,,,,,,13,,,15,,,,,
3564,,,,,,0,,,,,,,,,,,,,,,,,,,,,0,,,,12,,,,,,,,,,,,,,,,,,,,,,,,,,,,,,,,,,,,,,,7,,19,,,,,,,,,,,7,,,,,,,,,16,,16,,,,,,
3565,,,,2,,,,,,,,,,,4,,9,,,,,0,,,,,,,,,,,,,,,,2,,15,,,,3,,,,,0,,,,,,,,,,,,,,,,,,,,9,13,,,,,,,,,,,,,2,,,,,3,,,,13,,,18,,,,,
3566,,7,,,,,4,,,,,,,,,,,,,,,,,,,,,,,,,,,,,,,,,2,,,,8,,,,,68,,,,,,,,,,,,,,,,,,,2,,6,,13,,9,,,,,,,,,3,,5,,,,,,,,,14,,,,,,
3567,,,,,,,,,,2,4,,,,,,,,,,,5,,,,,,,,3,,,,,,,,,,,6,,,,1,,,,,5,,,,,,,,,,,,,,1,,,,,,11,,,,,,,,,,,,,2,,,,,,,,,13,,,,,,,,6
3568,,,,,,,,,,,,,,,,,,,,,,,,,,,,1,,,11,,,,,,,,,,,,,,,,,,,,,,,,,,0,,,,,,,,,,,,,11,0,14,,,,,,,,,,,,,,,,,,,7,15,,15,,,,,,
3569,,,,,,,,,,,,,,,,,,,,,,,,,,,,,,,1,,,,,,,,,,,,,,,,,,,,,,,,,,,,,,,,,,,,,,,13,,13,,,,,,,,,,,,0,,,,,2,,,20,,12,,,,,,
3570,,,,2,,,,,,,,,,,3,,,,,,,,,,,,,,,,,,,,,,,,,,,,,2,,,,,8,,,,,,,,,,,,,,,,,,,,,0,,,,,,,,,,,,,2,,,,,,,,,12,0,12,,,,,,
3571,,,,,,,,,,,,,,,4,,,,,,,,,,,1,,,,,,,,,,,,,,,,,,,,,,,12,,,,,,,,,,,,,,,,,,,,,,,,,,,,,,,,,,4,,0,,,,,,0,18,,,,,,,,
3572,7,,,2,,,,,0,,,,,,,,,,,,,,,0,,,,,,,2,,,,,,,,,,,,,,,,,,,,,,,,,,,,,0,,,,,,,,,,13,,8,,,,,,,,,,,,,,,,,,,,17,,12,,,,,,
3573,,,,,,,,25,,,,,1,,,,15,,,,,,,3,,,,,1,,,,,,,1,,,,6,,,,24,,,,,,,,,,,,,,5,,,,,,,,,,,,7,,,,,,,5,,,,,,10,,,,,,,,,12,,,21,,,,,
3574,,,,,0,,,21,,,,,,0,,,8,,,,,,,,,,,,3,,,,,7,,,,,1,15,,,,21,,,,,,,,,,,,,,,,,,,,,,,,,,12,,,,,,,,,,,,,12,,,1,,,,,,14,,,1,,,,,
3575,,,,3,,,,,,,,,,,3,,11,,,,,,,,,,,,,,,,,,,,,,,15,,,,2,,,,,68,,,,,,,,,,,,,,,,,,,,,6,,,1,,,,,,,,,,2,,,,,,,1,,12,,,7,,,,,
3576,,,,,,,,7,,,,,,,,,9,,,,,,,,,,,1,0,,,,,,,,,,,5,,,,24,2,,,,,,,,6,,,,,0,,,,,,,,,,,,11,,,1,,,,4,,,,0,,12,,,0,,,,,,0,,,19,,,,,
3577,,,,,,,,17,,,,,,,,,10,,,,,,,,,,,,,0,,,,,,,,,,10,,,,16,,,,0,,,,,,,,,,,,,,,,,,,,,8,14,,,,,,,,,,0,,,12,,,,,,,,,0,,,15,,,,,
3578,,,,,,,,0,,,,,0,,,,6,,,,,,,,,,,,4,,,,,7,1,,,,,12,,,,24,0,,,,70,,,,,,,,,,,,,,,,,,,,,14,,,,,,,,,,,,,12,0,,1,,,,,,12,,,11,,,,,
3579,,,,,,,,,1,,,0,,,5,,,,,,,,,,,,,,,,,,,0,,,,,,,,,,,,,,,9,,,,,,,,,,,,,,,,,,,,,,,,,,,,,,,,,,5,,,,,,,,,19,,,,,,,,
3580,,,,6,,,,,,,,,,,3,,,,,,,,0,,,,,,,,,,,,,,,,,,,,,4,,,,,15,,,,,,,,,,,,,,0,,,,,,,9,,,,3,,,,,,,,,7,,5,,,,,,,,,,0,,,,,
3581,,,,,,,,,,,,,4,,,,,,,1,,,,,,,,4,,,,,,,,,,,3,,,,,,0,,,,1,,,,,,,,,,,,,,,,,,,,,8,,,,,,,,,,,,,6,,,,0,,,,,3,,,,,4,,,0
3582,,,,,,,,4,,,,,,,,,6,,1,,,,,,,,,,,,15,,,,,,,,,,,,,,,3,6,,,,,,,,,,,,,,,,,,,,,,1,8,,,,,,,,,,,,,2,,,0,,,,,,17,,17,,,,,,
3583,,,,3,,,,,,,,,,,,,,,,,,,,,,,,,,,13,,,,,,,,0,,,,,,,,,,8,,,,,,,,,,,,,,,,,,,,1,14,,13,,,,,,,,,,,9,,,,,,,,,14,,14,,,,,,
3584,,,,1,,,,,,,,,,,,,,,,,,,,,,,,,,,7,,,,,,,,,,,,,,,,,,,,,,,,,,,,,,,,,,,,,,,10,,0,,,,,,,,,,,,,,,,,,,,16,,13,,,,,,
3585,,,,6,,,1,,,,,,,,4,,,,2,,,,,,,,,,5,,,,,,,,,,,,,,,2,,,,,16,,,,,,,,,,,,,,,,,,,,,10,,,,4,,,0,,,,,,6,,5,,,,,,,,,,,,,,,
3586,,,,,,1,,16,,,,,,,,,4,0,,,,,,1,,,,,,,,,,,,,,,,2,2,,,18,,,,,,,,,,,,,,1,,,,,,,,,,,,16,,,,,,,,,,,,,8,,,,,,,,,14,,,12,,,,,
3587,,,,7,,,,,,,,,,,13,0,18,,,,,,,,,,,,,,,,,,8,,,,,,,,,4,0,1,,2,77,,,,,,,,,,,,2,,1,,,,,,,24,,,,,,,,,,,,,,,,,,,,,,19,,14,,,,,,
3588,6,6,,,,,,,,,,,,,3,,,5,,,,,,,,,,,,,,,,,,,,,,,,,,6,,,,,85,,,0,,,,,,,,,,,1,,,,,,,18,0,,,,,,,,,,,,2,,2,,,,,,,14,,12,39,,,,,
3589,,,,2,,,,,,,,0,,,3,,7,,,,,,,,,,,,4,,,,,,,,,1,,13,,,,2,,,,,8,,,,,,,,,,,,,,,,1,,,,,9,,,,,,,,,,0,2,,2,,,,,,,,,13,,,25,,,,0,
3590,6,2,,,,,,,,,,,,4,1,,19,5,,,,,,,,,,,,,,,,,,,,,,,,,,12,1,,,,84,,,,,,4,,,,,,,,,,,,,,,17,,,,,,,,,,,,,,,,,,,,,,15,,,40,,,,,
3591,,,,,,,,,,,,,,,,,,,,,,,,,,,,,,,8,,,,0,,,2,,,,,,5,,,,,,,,,,,,,,,,,,,,,,,,,,13,,13,,,,,,,,,,,2,,,,,,2,,,16,,14,,,,,,
3592,,,0,6,,,,22,,,,,,,,,6,,,,,,,,,,,,3,,,,,,,,,0,,12,,,,27,,,,,61,,,,,,,,,,,,,,,,0,,,,,8,,,,,,,,,,,1,,3,,,,,,,,0,12,,,24,,,,,
3593,,,,,,,,,,,,,,,,,,,,,,,,,,,,,,,6,,,,,,,,,,,,,4,,3,,,,,,,0,,,,,,,,,,,,,,,,,12,,2,,,,,,,,,,,,,,,1,,,,,15,,6,,,,,,
3594,,,,,,0,,20,,,,,4,,,,,,,,,,,,,,3,6,,,,,,,,,,,4,,,,,,,,,,2,,,,,,,,,,,,,0,,,,,,,,8,,0,,,,,,,,,,,6,,,,1,,,,,5,,,,,5,,,2
3595,,,,,,,,,,1,1,,,,,,,,,,,5,,,,,,,2,2,,,,,,,,,,,1,,,,,,,,,4,,,,,,,,,,,,,,3,,,,,,6,,,,,,,,,,,,,6,,,,,,,,,,,,,,,,,6
3596,,,,,,,,4,,,,,,,,,9,,,,,,,,,,,,3,,,,,,,,,,,8,,,,22,,,,,,,,,4,,,,,,,,,,,,,,,,,1,,,,,,,,,,,,,5,,,,,,,,,6,,,20,,,,,
3597,5,,,2,,,,,,,,,,3,3,,21,4,,,,,,,,,,,1,,,,,,,,,,,,,,,2,,,,,8,,,,,,,,,,,,,,,,,,,,,21,,,,,,,,,,0,,,2,,,,,,,,,16,,,24,,,,,
3598,9,,,,,,,25,,,,,,4,3,,0,,,,,,,,,,,,,,,,,,,,,,,,,,,4,,,,,9,,,,,,,,,,,,,,,,,,,,,14,,,,,,,,,,,,,,,,,,,,,,13,,12,27,,,,,
3599,2,,,,,,,,,,,,,1,5,,,3,,,0,,,,0,,,,,,,,,,,,,,,,,,,14,,,,,85,,,,,,,,,,,,,,,,,,,,,13,,,,,,,,,,,,,,,,,,,,,,1,,,40,,,,,
3600,,,,5,,,,,,,,,,,,,12,,,,,,,,,,,,,,14,,,,,,,,,,,,,,,,,,63,,,,,,,,,,,,,,,,,,,,,1,,15,,,,,,,,,,,10,,,,,,,,,12,,13,,,,,,
3601,,,,4,,,,,,0,,,,,,,,,,,,,,,,,,,,,11,,,,,,,,,,,1,,,,,,,,,,,,,2,,3,,,,,,,,,,,,,7,,14,,,,,,,,,,,0,,,,,,,,,13,,1,,,,0,,
3602,,,,,,,6,,,,,,,,,,2,,,,,,,,,,3,,,,0,,,,,,,,,,,,,,,,,,,,,,,,,,,0,,,,,,,,,,0,,6,,19,,,,,,,,,,,,,,,,,,,,14,,16,,,,,,
3603,,,,3,,,,18,,,,,,,,,11,,,,,,,,,,,5,,,,,,,,,,,,12,,,4,26,,,4,,,,,,,,,,,,,,,,,,,,,,,6,,,4,,,,1,,,,,,8,,,,,,,0,,5,,,23,,,,,
3604,5,,,,,,,12,,,,,,,,,7,,,,,,,1,,,,,,,,,,,,,,,,11,,0,,26,0,,,,,,,,,,,,0,,,,,,,4,,,,,,9,,,,,,,,,,,,,15,,,,,,,,,13,,,21,,,,,
3605,,,,,,0,,2,,,,,,,,,8,1,,,,,,,,,,,,,,,,6,,,,,,10,,,,21,,,,,,,,,,,,,,,,,,,,,,,,,,13,,,,,,,,,,,,,12,,,,,,,,,10,0,,15,,,,,
3606,,,,2,,,,,0,,0,,,,4,,,,,,,,,,,,,,1,,,,,,2,,,,,,,,,6,,,,,9,,,,,,,0,,,,,,,,,,,,,,0,,,,10,,,,,,,,,5,,,,,,,,,,,12,,,,,,
3607,,,,4,,,,25,,,,,,6,12,,15,,,,,,,,,,,,1,,,1,,,,,,,,,,,,8,,,,6,11,,,,,,,,,,,,5,,,,,,,,,20,,,,,,,,,,,,,,,,,,,,,,13,,20,29,,,,,
3608,7,,,,,,,,,,,,,2,4,,,7,,,,,,,,,,,,,,,,,,,,,,,,,,12,,,,,89,,,,,,,,,,,,,,,,,,,,,19,,,,,,,,,,,,,,,0,,,,,,,3,,,41,,,,,
3609,,,,,,,,22,,,,,,,,,9,,,,,,,3,,,,,,,,,,,1,,,,,15,,,,20,,,1,0,,,,,,0,,,,,,,,,,,,,,,,13,,,,,,0,,,,,,,8,,,,,,,,,1,,,8,,,,,
3610,,3,,3,,,,25,,,,,,,,,0,,,,,,0,,,,,,,,,,,,,,,,,12,0,,,25,,,,,,,,,,,,,,,,,,,,,,,,,,9,,,,,,,,,,,,,9,,,,,,,,,12,,,,,,,,
3611,,,,,,,1,18,,,,,,,,,6,,,,,,,,,,,0,,,,,,,,,,,,6,,,2,24,,,,,69,,,,,,,,,,,,,,,,,,,,7,9,,,,,,,,,,,,,12,,,0,,,,,,0,,0,17,,,,,
3612,,,,,,,,,,,,,,,,,,,,,,,,,,,,,,,14,,,,,,,,,,,,,,,,,,62,,,,,,,,,,,,,,,,,,,,,9,,20,,,,,,,,,,,7,,,,,,,,,18,,16,,,,,,
3613,,,,,,,,19,,,,,1,,,,,,,,,,,,,,5,6,,,,,,,,,,,3,,,,,,,,,,3,,,,,,,,,,,,,,,,,,,,,7,,,,,,,,,,,,,1,,,,5,,,,,2,,,,,4,,,
3614,,,,,,,,,,,,,,,,,,,,,,,,1,,,,,,0,3,,,,,,,1,,,1,,,,,,,,8,,,,,,,,3,,,,,,,,,,,,,3,0,19,,,,,,,,,,,,0,,,,,,,6,12,,17,,,,,,
3615,10,2,,,,,,,,,,,,3,5,,,,,,,,,,,,,,,,,,,,,,,,,,,,,8,,,,,80,,,,,,,0,,,,,2,,,,,,,,,13,,,,,,,,,,,,,,3,,,,,,,,16,,,40,,,,,
3616,,,,4,,,,,,,,,,0,2,,,,,,,,,,,,,,,,,,,,,,,,,,,,,3,,,,,2,,,,,,,,,,0,,,,,,,,,1,,,1,3,,,,,,,,,,,2,,,,,,,,,,3,18,,,,,,
3617,,,,7,,,0,,,,,,,,,,,,,,,,,,,,0,,,,6,,,,,,,,,,,,,,,,,,0,,,,,,,,,,,,,,,,,,,,,7,,17,,,,,,,,,,,,,,,,,,,,16,,17,,,,,,
3618,,,,,,,,25,,,,,,,,,6,,,,,,,,,,,0,,,,,,,,,,,,14,,,,19,,,,,,,,,,,3,,,,,,,,,,,,,,,15,,,,,,,,,2,,,,8,0,,,,,,,,4,,,10,,,,,
3619,,,,2,,,,29,,,,,,,,,13,,,,,,,,,,,,,,,,,8,,,,,,14,,0,,2,,,,,8,,,,,,,,,,,,,,,,,,,,,17,,,,,,,,,,0,,,4,,,,,,,,,13,,13,15,,4,,,
3620,,,,,,,,,,,,,,,,,,,,,,,,,,,,1,,,13,,,,,,,,,,,,3,,,,,,11,,,,,,,,,0,,,,,,,,,,,,14,,4,,,,,,,,,,,,,,,,3,1,0,,18,,15,,,,,,
3621,,,,,,,,23,,,,,,,,,11,,,,,,,,,,,,,0,,,,,,,,,,4,,,0,6,,,0,,,,,,0,,,,,,,,,,,,,,,,,16,,23,,,,0,,,2,,,,6,,,,,,,,,12,,,15,,,,4,2
3622,,,,,,,3,,,,,,,,,,,,,,,,,,,,,,,0,9,,,,,,,,,,,9,,,,,,,9,,,,,,,,,,,,,,,,,,,,,8,,18,,,,,,,,,0,,,,,,,,,,,1,,6,,,,,,
3623,0,0,,,,,,,,,,,,,,,,,,0,,,,,,,,,,,11,,,,,,,,,,,2,,,,,,,,,0,,,,,,,,0,,,,,,,,,,,11,0,14,,,,,,,,,,,,,,,,,,,,15,,1,,,,,,
3624,1,,,3,,,,,,,,,,,7,,,,,,,,,,,,,,,,,,,,,,,,,,,,,5,,,,,12,,,,,,,,,,,,,,,,,,,,,10,,,,0,,,,,,,,,5,,5,,,,,,,,,,,,,,,
3625,,,,,,,,22,,,,,,,,,13,,,,,,,,,,,,,,,,,,7,0,,,,13,,,,18,,,,,,,,,,,,,,,,,,,,,,,,,,15,,,,,,,,,,,,,9,2,,,,,,,0,13,,,8,,,0,,
3626,,,,4,,,,28,,,,,,,,,8,,,,,,,,,,,,,,,,,,,,,,,17,,,,28,0,,,,10,,,,,1,,,,,,,,,,,,,,0,,9,,,,,,,,,,,1,,3,,5,,,,,,,13,,,,,,,,
3627,,,,,,,,15,,,,,,,,,6,,0,,,,,2,,,,,2,,,2,,,,,,,,1,,,,25,,,,,,,,,,,,,,,,,,,,,,,,,,0,,,,,,,,,,,,,14,,,,,,,,,7,,,0,,,,,
3628,,,,,,,,,,2,0,,,,,,,,,,,1,,,,,,,0,3,,,,,,,,,,,7,,,,,,,,,0,,,,,,,,,,,,,,1,,,,,,12,,,,,,,,,,,,,0,,,,,,,,,12,,,,,,,,1
3629,1,3,,,,,,,,,,,,4,0,,,,,,,,,,,,,,,,,,,,,,,,,,,,,12,,,,,88,,,,,,,,,,,,,0,,,,,,,,16,,,,,,,,,,,,,,,,,,,,,,15,,,36,,,,2,
3630,,,,,,,3,,,,,,0,,,,2,,1,,,,,,,,,,,4,11,,,,,,,,,,,1,,,0,,,,,,,,,,2,,,4,,,,,,,,,,3,1,12,,18,,,,,,,,,,,,,,,,,,,,0,,17,,,,,,
3631,3,,,,0,,3,,,,,,,,,,,,,,,,1,,,,,,,,7,,,,,,,,,,,0,,,,,,,,,1,,,,,,,,,,,,,0,,,,,,7,,9,,,,,,,,,,,,,0,,,,,,,14,,7,,,,,,
3632,11,,,,,,,,,,,,,,2,,21,,,,,,,,,,,,,,0,,,,6,,,,,,,,,3,,,0,,4,,,,,,,,,,,,7,,,,,,,,,24,,,,,,,,,,,,,9,,,,,,,,,17,,,,,,,,
3633,,,,,,,,2,,,,,,,,,5,,,,,,,,,,,1,,,,,,,,,,,,13,,,,18,,,,,,,,,,,,,,,,,,,,,,,,,,15,,,,,,,,,,,,,10,,,,,,,,,14,,,15,,,,0,0
3634,,0,,,,,5,,,,,,,,,,3,,,,,,,,,,,,1,,7,,,,,,,,,,,,,5,,,,,,,,,,,,,,,,,,,,,,,,,,12,,17,0,,,,,,,,,,,1,,,,,,,,15,,19,,,,,,
3635,,,,,,,,20,,,,,,,,,7,3,,,,,,,,,,,,,,,,,,,,,2,5,,,,27,,,0,,,,,,3,,,,,,,,,,,,,,,,,13,,,,,,,,,,,,,6,,,,,,,,,11,,,23,,,,0,
3636,6,6,,,,,,,,,,,,6,1,,,5,,,,,,,,,,,,,,,,,,,,,,,,,,11,1,,,,89,,,0,,,,,,,,,,,,,,,,,,16,,,,,0,,,,,,,,,0,,,,,,,,16,,,33,,,,,
3637,,,,2,,,,27,,,,,,,3,,9,,,,,,,,,,1,,,,,,,,,,,1,,16,,,,4,,,,,,,,,,,,,,,,,,,,,,,,,,12,,,,,,,,,,,,,5,,,,,4,,,,13,,12,18,,,,,
3638,,,,5,,,,,,,,,,,3,,,,,,,,,,,,,,,,,,,,,,,,,,,,,5,,,,0,1,,,,,,,3,0,,,,,,,,,,,0,,,4,,,,,,,,,,,,4,,,,,,,,,,1,16,,,,,0,
3639,,,,,,,,,,,,,2,,,,,,,,,,,,,,4,7,,,,,,,,,,,3,16,,,,,,,,,7,,,,,,,,,,,,,,,,,,,,,6,,0,,,2,,,,,,,,6,,,,6,,,,,1,,,,,1,,,
3640,,,,,,,,8,,,,,,,,,9,,,,,,0,,,,,,2,,,,,0,0,,,,,2,,,3,25,,,,,,,0,,,,,,,,,,,,,,,,,,,14,,,,,,,0,,,,,,7,,,,,,,,,4,,,22,,,,3,
3641,,,,7,,,,,,,,,,,13,,20,8,,,,,,,,,,,,,,,,,,,,,,,,,,4,2,,,1,79,,,,,,,,,,,,1,,1,1,,,,,,24,,,,,,,,,,,,,,,,,,,,,,19,,21,,,,1,,
3642,,,,,,,,15,1,,,,0,,,,2,,,,2,,,,,,,,0,,,,,,,,,,,8,,,0,26,,,,,,,,,5,,,,,3,,,,,,,,,,,5,12,,,,,,,,,,,,,12,,,,1,,,,,13,,,21,,,,,
3643,,,,,,,0,,,,,,,,,,,,,,,,,,,,,2,,,4,,,,,,,,,,,,,,,,,,,,,,,,,,,,,,,,,,,,,,,13,,10,,,,,,,,,,,,,,,,,,,,18,,12,,,,,,1
3644,10,,,,,,,1,,,,,,7,2,,13,,,,,,,,3,,,,0,,,,,,,,,,,,,,,9,,,,,8,,,,,,,,,,,,,,,1,,,,,,14,,,,,,,,,,,,,,,,,,,,,,3,,20,30,,,,,
3645,,,,,,,,,1,,,,,,,,,,,,,,1,,,,,1,,,10,,,,,,,,,,,1,,,,,,,18,,,,,,,,,,,,,,,,,,,,,6,,0,,,,,,,,,,,,,,,,,,,,16,,16,,,,1,1,
3646,,,,,,,,,,,,,,,,,,,,,,,,,,,,0,,,9,,,,,,,,,,,,,,,,,,92,,,,,,,,,,,,,,,,,,,,,13,0,3,,,,,,,,,,,,,,,,,,,,18,,14,,,0,,,
3647,,,,4,,,,,,,,,,,4,,,,,,,,,,,,,,,,,,,,,,,,,,,,,6,,,,,2,,,,,,,4,,,,,,,,,,,,5,,,4,1,,,,,,,,,,,2,,,,,,,,,,6,17,,,,,,
3648,,,,,,,,,,1,,,,,,,,,,,,,,,,,,1,,,7,,,,,,,,,,,,,,,,,,13,,,,,,,,,,,,,,,,,,,,,14,,4,,,,,,,,,,,,,,,,,,,,16,,13,,,,,,2
3649,,,,,,,,19,,,,,3,,,,,,,,,,,,,,2,5,,,,,,,0,,,,1,,,,,,,,,,4,,,,,,,,,,,,,,,,,,,,,6,,,,,1,,,,,,,,4,,,,4,,,,,2,,,,,3,,,
3650,,,,2,,,,,,,,,,,3,,,0,,,,,,,,,,,,,,,,,,,,,,,,,,2,,,,,8,,,,,,,,,,,,,,,,,,,,,6,,,,,,,,,,,,,2,,,,,,,0,,12,,12,,,,,,
3651,,,,,,,,18,,,,,,,,,7,,,,,,,,,,,,,,,0,,,,,,,,10,1,,,21,,,,,,,,,,,,,,0,,,,,,,,,,,7,10,,,,,,,,,,,,,10,,,,,1,,,,16,,,11,,,,,
3652,,0,,,,,,,,,,,,,,,,,,,,,,0,,,,,,,14,,,,,,,0,,,,,,2,,,,,,,,,,,,,,,,,,,,,,,,,,3,,,,1,,,,,2,,,,0,,,,,,,,,14,,18,,,,,,
3653,,,,0,,1,,,,,,,,,1,,,,,1,,,,,,,,,,,,,,,1,,,,,,,,,4,,,,,7,,,,,,,,,,,,,,,,,,,,,,,,,,,,,,,,,,2,,,,,,,,,,,,,,,,1,
3654,,,,,,,,20,,0,,,,,,,6,,,,,,,1,1,,,,,,,,,,,,,,,1,,,,19,0,,,,,,0,,,,,,,,,,,,,,,,,,8,10,,,,,,,,,,,,,11,,,,,,,,,14,,,15,,,,,
3655,,,,8,,,,,,0,,,,,13,,17,7,,,,,,,,,,,,,,,,,,,,,,,,,,3,1,,,3,79,,,,,,,,,,,,2,,6,,,,,,,21,,,,,,,,,,,,,,,,,,,,,,14,,20,,,,,,
3656,,,,,,,,19,,,,,,,3,,12,,,,,,,,,,,,,,,,,,,1,,,,0,,,,19,,,,,,,,,,,,,,,,,,,,,,,,,,14,,,,,,,,,,,,,11,,,1,,,,,,15,,,17,,,,,
3657,0,,,,,,,,,3,8,,,,,,,0,,,,4,,,,,,,,2,,,0,,,,,,,,9,,,,,,,,,3,,,,,,,,,,,,,,2,,,,,,12,,,,,,,,,,,,,6,,,,,,,,,,,,,,,,,4
3658,,,,,,,,25,,,,,,,,,9,,,,1,,,5,,,,5,1,,0,,,,,,,,,9,,,,25,1,,,,,,,,,,,,,,,,,,,,,,,,,13,,,,,,,,,,,,,11,,,,,,,,,7,,,17,,,,,
3659,,,0,4,,,,26,,,,,,,,,4,,,,3,,,,,,,,,,,,,,,,,,,15,,,,25,,,,,,,,,,,,,,,0,,,,,,,3,,,,11,,,,,,,,,,,,,5,,,,,,,,,14,,,23,,,,,
3660,,,,4,,,,23,,,,,,,,,3,,,,0,,,,,,,,,2,10,,,,,,,,,11,,,,24,,,,,,,0,,,,,,,,,,,,,,,,,,,9,,,,,,,,,,,,,13,,,,,,,,,12,,22,,,,,,
3661,,,,2,,,,,,,,,,,,0,11,,,,,,,,,,,,,,0,,,,,,,,,14,,,,23,,,,,13,,,,,,,,,,,,,,,,,,,,,17,,,,,,,,,,,,,0,,,,,,,,,13,,22,,,,,,
3662,,,,6,,,,,,1,,,,,6,,,,,,,,,,,,,,,,,,,,1,,,,,,,,,7,,,,,15,,,,,,,,,,,,,,,,,,,,,11,,,,8,,,,,,,,,4,1,0,,,,,,,,,,,,,,,
3663,7,,,,,,,,,,,,,5,3,,,5,,,,,,,1,,,,,,,,,,,,,,,,,,,14,,,,,89,,,,,,,,,,2,,,,,,,,,,,14,,,,,,,,,,,,,2,,,,,,,,,13,,,39,,,,,
3664,,,,8,,,,,,,,,,,3,,,,,,,,,,,,,,1,,,,,,,,,,,,,,,6,6,,0,5,79,,,,,,,,,,0,,1,,,,,,,,,23,,,,,,0,,,,,,,2,,,,,,,,,17,,14,,,,,,
3665,,,,,,,,,,,,,,,,,,1,,,,,,,,,,,,,15,,,,,,,,,0,,,,2,,,,,,,,,,,,,,,,,,,,,,,,,,6,,13,,,,,,,,,,,9,,,,,,,,,16,,19,,,,,,
3666,3,2,,,,,,,,,,,,5,2,,,6,,,,,,,,,,,,,,,,,,,,,,,,,,13,,,,,8,,,,,,,,,,,,,,,,,,,,,14,,,,,,,,,,,,,,,,,,,,,,12,,,42,1,,,,
3667,,,,4,,,,21,,,,,,,,,11,3,,,,,,,,,,,,,,,,,9,,,,,14,,,,19,,,,,,,,,,,,,,,,,,,,0,,,,,,16,,,,,,,,,,,,,10,0,,,,,,,,12,,,22,,,,,
3668,,,,,,,3,0,,,,,,,,,7,,,,,,,,,,,,,5,13,,,,,,,0,,,,3,,,,,3,,,,,,,,,,,,,,,,,,,,,,,12,,17,,,,,,,,,,,13,,,,,,,,,0,,16,,,,,,
3669,,,,,,,,,,,,,,,,1,,,,2,,,,,,,,,,,,,,,,,,,,,,,1,22,,,,,,,,,,,,,,,,,,,,,,,,,,8,,,,,,,,,,,,,14,,,,,,0,,,12,,,0,,,,,
3670,,,,,,,,7,,,,,,,,,7,2,,,,,,,,,,0,,,,,,2,,,,,,1,,,,23,,,,,,,,,0,,,1,,,,,,,,,,,,,,12,,,,,,,3,,,,,,13,,,,,,,,,12,,,16,,,,1,
3671,4,,,3,,,,,,,,,,,,,,,,,,,,,,,,,,,12,,,,,,,,,,,5,,,,,,,19,,,,,,,,4,,,,,,,,,,,,,14,,0,,,,,,,,,,,2,,,,,,,,,15,,12,0,,,,,
3672,,,,2,,,,17,,,,,,,,,10,,,,,,,,,,,,,,,,,,,,,,0,12,,,,20,,,3,,67,,,,,,,,,,,,,,,,,,,,,12,,,0,,,,,,,,,,8,,,,,,,0,,2,,,6,,,,,
3673,,,,2,,,,25,,,,,,,0,,,,,,,,,,1,,,,,,,,,,0,,,,1,4,,,,,,,,,63,,,,,,,,,,,,,0,,,,,,,,6,,21,,,,,,,,,,,8,,4,,,,,,,12,,14,,,,,,
3674,,,,,,,,23,,,,,,,,,6,,,,,,,,,,,,,,,,,,0,,,,,9,,,,16,,,0,,,,,,,,,,,,,,,,,,,0,,,,15,,,,,,,,,,,,,8,,,,,,,,,14,,,17,,,,,
3675,,,,,,,,,,,,,,,3,,,,,,,,,,,,,,,,,,,,1,,,,,,,,,2,,,,,12,,,,,,,,,,,,,,,,,,,,,,,,,1,,,,,,,,,2,,,,,,,,,19,,,,,,,,
3676,,,,,,,,,,,,,,,,,,0,,,,,,,,,,,,,16,,,,,,,,,,,,,3,,,,,,,,,,,,,,,,,,,,,,,,,,7,,,,,,,,,,,,,1,,,,,,,,,16,,20,,,,,1,
3677,,,,,,,,21,,,,,,,,,1,,,,,,,,,,,,,,,,,,,,,,,9,0,,,22,,,,,,,,,,,,,,,,,,,,,,1,,,,11,,,,,,,,,,,1,,4,3,,,,,,,,16,,,17,,,,,
3678,7,,,3,,1,,,,,,,,,13,,21,7,,,,,,,,,,,,,13,,,,8,,,,,,,,,2,7,,,,8,,,,,,,,,,,,,,,,,,,,,6,,,,,0,,,,,,,,6,,,,,,,,,17,,18,,,,,,
3679,,,,5,1,,,,,,,,,,5,,,,,,,,,,,,,,,,,,,,,,,,,,,,,2,,,,,10,,,,,,,,,,,,,,,,,,,,,8,,,,3,,,,,,,,,4,,3,,,,,,,,,,,,,,,
3680,,,,,,,,,0,,,,,,,,,,,,,,,0,,,,,,,4,,,,,,,,,,,,,2,,,,,,,,,,,,,,,,,,,,,,,,,,13,,13,,,,,,,,,,,,,,,,,,,,17,,14,,,,,,
3681,,,,,,0,,12,,,,,,,,,7,,0,,,,,1,,,,,4,,,,,,1,,,,,8,,,,24,,,,,,,,0,,,,,,,,,,,,,,,,,,2,,,,,,,,,,,,,14,,,,,,,,,0,,,18,,,,,
3682,,,,5,,,,,,,,,,,4,,,,,,,,,,,,,,,,,,,,2,,,,,,,0,,7,,,,,15,,,,,,,,,,,,,,,,,,,,,12,,,,2,,,,,,,1,,7,,2,,,,,,3,,,,,,,,,
3683,,,,,,,,21,,,,,,0,,0,10,,,,,,,,,,,,5,,,,,,5,,,,,13,,,,22,,,,,,1,,,,,,,,,,,,,0,,,,,,,14,,,,,,,,,,,,,11,,,,,,,,,13,,,16,,,,,
3684,,,,9,,,,3,,,,,,,,,12,,,,,,,,,,,,,,0,,,,,,,,,,,,,18,,,1,,71,,,,,,,,,,,,,,,,,0,,,,15,,,,,,,,,,,,,7,,,,,,0,,,18,,,22,,,,4,
3685,7,,,,,,,0,,,,1,,6,4,,0,,,,,,,,,,,0,,,,,,,,,,,,,,,,6,,,,,9,,,,,0,,,,,,,,,,,,0,,,,17,,,,,,,,,,,,,,,,,,,,,,12,,,25,,,,,
3686,,,,,,,,5,,0,,,,,,,10,4,,,,,,,,,,1,,,,,,,,,,,0,9,,,,23,,,1,,,,,,4,,,2,,,,,,,,,,,,,,2,,,,,,,4,,,,,,6,,,,,,,,,13,,,17,,,,1,
3687,,,,,,,,12,,,,,,,,,10,,,,,,,,,,,,,,,,0,1,,,,,,12,,0,,20,,,,,,,,,,,,,,,,,,,,,,,,,,2,,,,,,,,,,,,,13,5,,,,,,,,10,,,12,,,,,
3688,,,,2,,,0,23,,,,,,,3,,11,,,,,,,,,,,,,,,,,,9,0,,,,17,,,,2,,,,,,,,,,,,,,,,,,,,,,,0,,,6,,,,,,,,,,,,1,2,,,,,,,,1,12,,12,19,,,0,,
3689,,,,0,,,,,,,,,,0,3,,17,,,,,,,,,,,,,1,,,,,,,,,,0,,,,7,,,,,71,,,,1,,,,,,,,,,,0,,,,,,17,,,,,,1,,,3,,,,2,,,,,,,,,6,,,16,,,,4,3
3690,,,,,,,,,,,,0,,,,,,,,,,,,,,,,4,,,11,,,,,,,,,,,,,,,,,,,,,,,,,,,,,,,,,,,,,,,,,19,,,,,,,,,,,,,,,,,,,,17,,5,,,,,,
3691,,,,,,,,,,,,,,,,,12,,0,,,,,,,,,,,,,,,,,,,,,,,,,21,,,,,8,,,,,,,,,,,,,,,,,,,,,6,,,,,,,,,,,,,3,,,,0,,,,,5,,,,,1,,,
3692,,,,,,0,,22,,,,,,,,,11,,,,,,,,,,,,,,,,,,8,,,,,2,,,,22,,,,,,,,,,,2,,,,,,,,,,,,,,,12,,,,,,,,,,,7,,10,,,,,,,,,14,,,3,,,,,
3693,,,,,,,,4,,,,,,,,,4,,,,,,,,,,,,,,,,,,9,,,,,14,,,,17,,,,,,,,,,,,,,,,,,,,,,,,,,11,,,,,,,,,,,4,,13,,0,,,,,,,8,,2,16,,,,,
3694,8,,,2,,,,,,2,,,,4,8,,,8,,,,,,,,,,,,,,,,,,,,,,,,,,11,,,,,88,,,,,,,,,,,,,,,,,,,,,21,,,,,,,,,0,,,,,,1,,,,,,,14,,15,,,,,,
3695,,,,,0,,,20,,,,,3,,,,,,,,,,,0,,,5,6,,,,,,,,,,,3,15,,,,21,,,,,3,,,,0,,,,,,,,,,,,,,,,,4,,1,,,,,,,,,,,5,,,,5,,,,,3,,,,,4,,,1
3696,,,,6,,,,,,,,,,,10,,20,,,,,,,,,,,,,,,,,,,,,,,,,,,2,1,,1,1,78,,,0,,,,,,,1,,1,,2,,,,,,,23,,,,0,,,,,,,,,,,,,,,,,,18,,14,,,,0,,
3697,,,,0,,,,7,,,,,,,,,8,,,,,,,,,,,,,,,,,,,,,,,15,0,,,23,,0,,,,,,,,,,,,,,,,,,,,,,,,16,,,,,,,,,,,,,9,,,,,,,,,12,,,19,0,,,,
3698,8,,,,,,,26,,,,4,,5,1,,14,9,,,,,,,,,,,,,,,,,,,,,,,,,,13,,,,,10,,,,,,,,,,,,,,,,,,,,,19,,,,,,,,,,,,,,,,,,,,,,14,,,28,,,,,
3699,,,,2,,,,,,,,,,,4,,,,,,,,,,,,,,,,,,,,,,,,,,,,,2,,,,,1,,,,,,,,,,,,,,,,,,,2,,,5,4,,,,,,,,,,,2,,,,,,,,,,6,20,,,,,,
3700,,,,,,,,,,,,,,,3,,,,,4,,,,,,,,,1,,,,,,,,,,,,,,,21,,,,,,,,,,,,,,,,,,,,,,,,,,6,,,,,,,,,,,,,2,,,,,,,,,14,,,,,,,,
3701,,,,,,,,,0,,,,,,3,,,,,,,,,,,,,,0,,,,,,,,,,,,,,,,,,,,12,,,,,,,,,,,,,,,,,,,,,,,,,,,,,,,,,,7,,,,,,,,,19,,,,,,,,
3702,,,,,,,,16,,,,,,,,,10,,,,,,,,,,,,1,,,,,,,,,,,3,,,,21,,,,,,,,,1,,,,,,,,,,,,,,,,0,12,,,,,,0,,,,,,,9,1,,,,,,,,9,,,7,,,,,
3703,,,,,,,,22,,,,,,,,,8,1,,,,,,,,0,,,,,,,,,,,,,1,5,,,,22,,,,,70,,,,,,,,,,,,,,,,,,,,,15,,,,0,,,,,,,,,12,,,,,,,1,,15,,,18,,,,,
3704,,,0,2,,,,26,,,,,,,3,,12,,,,,,,,,,,0,5,,,,,,,,,,,,,,,23,,,,,8,,,,,,,,,7,,,,,,,,,,,,9,,,3,,,,,,,,,,2,,,,,2,,,,2,,12,1,,,,,
3705,5,,,,,,,,0,,,,,1,6,,,,,,1,,,,,,,,,,3,,,,,,,,,,,,,13,,,,,90,,,,,,,,,,,,,,,,,,,,,12,,,,,,,,,,,,0,,,,,,,,,,15,,,,,,,,
3706,6,,,,,,,,,,,,,,,,,,,,,,,1,,0,,,,,4,,,,,,,,,,,,,,,,,,,,,,,,,,,,,,,,,,,,,,,13,,8,1,,,,0,,,,,,,,,,,,,,,19,,15,,,,,,
3707,,,,,,,,11,,,,,,,,,9,,,,,,,,,1,,,,,,,,,,,,,,12,,,,23,,,,,,,,,,,,,,,,,,,,,,,,,,12,,,4,,,,,,,,,,13,,,,,,,,,12,,,1,,,,,
3708,,,,,,,,,,,,,,,6,,,,,,,,,1,,,,,,,,,,,0,,,,,,,,,,,,,,9,,,,,,,,,,,,,,,,0,,,,,,3,,,,,,,,,,,,6,,,,,,,,,17,,,,,,,,
3709,,,,2,,,,,,,,,,,3,,,,,,,,,,,,,,,,,,,,,,,,,,,,,2,,,,,8,,,,,,,,,,,,,,,,,,,,,6,,,,,,,,,,,,,2,,,,,,,,,12,,12,,,,,,
3710,2,,,,,,,,,,,,,0,3,,,0,,,,,,,,,,,,,,,,,,,,,,,,,,11,,,,,86,,,,,,,,,,,,,,,,,,,,,15,,,,,,,,,,,,,,,,,,,,,,14,,,41,,,,,
3711,,,,,,,,,,,,,,,,0,,,,,,,,0,,,3,,,,3,,,,,,,,,,,,,,,4,,,,,,,,,,,,,,,,,,,,,,,,13,,0,,,,,,,,,,,,,,,,,,,,13,,14,,,,,,4
3712,,,,,,,,24,1,,,,,,,,2,,,,,,,,,,,,,,,,,,,,,,,5,1,,,19,,,,,8,,,,,,,,,3,,,,,,,,2,,,,15,,,,,,1,,,,,6,,3,,,,,,,,,15,,,18,,,,,
3713,0,7,,,,1,,,,,,,,2,6,,,,,0,,,,,,,,,,,,,,,,,,,,,,,,10,,,,,87,,,,,,,,,,,,,,,,,,,,,6,,,,,,,,,,,,,,,,,,,,,,15,,,40,,,,,
3714,,,,,,,,,,,,,,,,,,,,,,,,,,,,,,,9,,,,,,,,,,,3,,,,,,,,,,,,,,,,,,,,,,,,,,,,14,,9,,,,,,,,,,,,,,,,,2,,,18,,14,,,,,,
3715,3,8,,,,,,,,,,,,2,6,,,6,,,,,,,,,,,,,,,,,,,,,,,,,,11,,,,,91,,,,,,,,,0,3,,,,,,,,,,,20,0,,,,,,,,,,,,,,,,,,,,,14,,,36,,,,,
3716,,,,5,,,,,,,,,,,2,,,,,,,,,,,,,,,,,,,,,,,,,,,,,5,,,,1,3,,,,,,,5,1,,1,,,,,,,,,2,,,5,4,,,,,,,,,,,3,,,,,,,,,12,2,18,,,,,,
3717,,,,,,,,19,,,,,,,4,,12,,,,,,,,,,,,,,,,,,,,0,,,16,,,,3,,,,,9,,,,,,,,,0,,,,,,,,,,,,4,,,,,,,,,,,,,3,,,,,,,,,12,,12,,,,,,
3718,,,0,,,,,,,,,,,,4,,,,,,,,,,,,,,,,4,0,,,,,,,,,,,,,,,,,10,,,,,,,,,,,,,,,,,,,,,11,,11,,,,,,,,,,,,,,,,,,,,18,,13,,,,,,
3719,,,,,,,,,,,,,,,,,,,,,,,,,,,,,,,10,,,,,,1,,,,,5,,,,,,,,,,,,,,,,,,,,1,,,,,,,,6,,12,,,,,,,,,,,,,,,,,,,,17,,16,,,,,,
3720,,,,,,0,,,,,0,,,,1,,,,,0,,,,,,,0,,,,,,,,5,,,,,,,,,5,,,,,6,,,,,,,,,,,,,,,,,,,,,23,,,0,,,,,,,,,,7,,,,,,,,,,,,,,,,,
3721,,,,,,,,23,,,,,,,,,16,0,,,,,,6,,,,,,1,,,,,2,,,,,12,,,,19,,,,,70,,,,,,,,,,,,,,,,,,,,,15,,,,,,,,,,,,,12,,,,,,,,,5,,,14,,,,3,
3722,1,,,,,,,,,,,,,2,4,,18,1,,,,,,,,,,,,,,,,,,,,,,,,,,11,0,,,0,83,,,,,,,,,,,,,,,,,,,,,19,,,,,,,,,,,,,8,,,,,,,,,15,,,37,,,,,
3723,,,,,,,38,,,,,,,,,,,,,,,,,,,,,,,,,,,,,,,,,4,,,,21,,,,,65,,,0,,,,,,,,,1,,,,,,,1,5,12,,,,,,,,,,,,,2,,2,,,,,,,,,18,,,,,,
3724,,,,3,,,5,,,,,,,,5,,2,,,,,,,,,,,,,,,,,,,,,,,,,,,,,,6,2,4,,,,,,,,5,,,,,,,,,,,,,10,,18,,,,,,,,,,,4,,,,,,,,,2,,14,,,,,,
3725,,,,,,,,,,5,6,,,,,,,,,,,2,,,,,,,,0,,,,,,,,,,,4,,,,0,,,,,5,,,0,,,,,,,,,,,0,,,,0,,13,,,,,,,,,,,,,4,,,,,,,,,,,,,,,,,6
3726,,,,,,,1,0,,,,,,,,,8,,,,,,,,,,,,,2,,,,,,,,,,,,,,,,,7,,,,,,,,,,,,,,,,,,0,,,,2,12,,16,,,,,,,,,,,,,,,,,,,,14,,19,,,,,,
3727,,,,2,,,,,,,,,,,3,,,,,1,,,,,,,,,2,,,0,,,3,,,,,,,1,,6,,,,,8,,,,,,,,,,,,,,,,,,,,,13,,,,9,,,,,,,,,3,,6,,,,0,,,,,,,,,,,
3728,8,,,,,,,,,,,,,6,5,,,6,,,,,,,,,,,,,,,,,,,,,,1,,,,12,,,,,88,,,,,,,,,,,,,,,,,,,,,17,,,,,,,,,,,,,,,,,,,,,,15,,,35,0,,,0,
3729,,,,2,,,0,,,,,,,,3,,,,,,,,,0,,,,,,,,,,,,0,,,,,,,,2,,,,,8,,,,,,,,,,,,,,,,,,,,,6,,,,,,,,,,,,,2,,,,,,,,,12,,12,,,,,,
3730,,,,,,,,11,,,,,,,,,8,,,,,,,,,,,,,,,,,,,,0,,,9,,,,26,,,,,,,,,,,,,,,,,,,,,,,,,,14,,,,,,,,,,,,,11,,,,,,,,,11,,,22,,1,,,
3731,,,,,,,,24,,,,,,,,,1,,,,,,,,,2,,,,,,,,,,,,,,7,,,4,24,,,,,,,,,5,,,,,,,,,,,,,,,,,14,,,,,,,,,,,,,12,,,,,,,,,11,,,3,,1,,,
3732,,0,,4,,,,26,,,,,,,3,,,,,,,,,,,,,,,,,,,,,,,,,,1,,,26,,,,,8,,,,,,,,,,,,,,,,,,,,,10,,,,,,,,0,,,,0,2,,,,,,,,,12,,,,,,,,
3733,,,,2,,,,,,,,,,,,,13,,,,,,,,,,0,,,,,,,,,4,,,,,,,,2,,,,,,,,,,,,1,,,,,,,,,,,,,,,,15,,,,,,,,,,,2,,,,,,,,,13,,12,,,,,,6
3734,,,,,,,,19,,,,,,,,,3,,,,,,,,,,,,,,,,,,,,,,,1,,,,23,,,,,,,,,,,,,,,,,,,,,,,,,,14,,,,,,0,,,,,5,,1,,,,,,,,,12,,,12,,,,,
3735,8,0,,,,,,,,,,,,1,0,,,,,,,,,,,,,,,0,,,,,,,,,0,,,,,12,,,,2,88,,,,,,,,,,1,,,2,,,,,,,,6,,,,,,,,,,,,,,,,,,,,,,4,,,41,,,,,
3736,,,,,,,,22,,,,,,,,,7,,,,,,,,,,,,,,,,,,,,,,,15,,,,21,,,,,8,,,,,,,,,,,,,,,,,,,,,4,,,,,,,,,,,,,2,,,,,,,,,1,,,15,,,,,
3737,,,,,,,,23,,,,,,1,,,9,,,,,,,,,,,,,,,,,,,,,,,13,,,,24,,,,,,,,,,,,,,,,,,,,,,,,,,17,,,,,,,,,,,,,12,,,,,1,,,,1,,,19,,,,,
3738,,,,0,,,,,,,,,,,,,1,,,,,,,,,,,,,3,14,,,,,,,,,,,,,,,,1,,,,,,,,1,,,,,,,,,,,,,,,7,,16,,,,,,,,,,,,,,,,,,,,14,,7,,,,,0,
3739,1,,,,,,,,,6,,,,,,,,,,,,3,,,,,,,,1,,,,,,,,,,,11,,,,,,,,,2,,,,,,,,,,,,,,3,,,,,,13,,,,,,,,,,,,,2,,,,,,,,,,,,,,,,,6
3740,7,,,,,,,,,,,,,0,4,,,1,,,2,,,,,,,,,,,,,,,,,,,,,,,3,,,,,90,,,,,,,,,,,,,,,,,,,,,18,,,,,,,,,,,,,,,,,,,,,,12,,,34,,,,,
3741,,,,,,,,19,,,,,,,,,13,,,,0,,,,,,,,,,,0,,,,,,,,16,,,,21,,,,,,0,,,,,,,,,,,,,,,,,,,,14,,,,,,,,,,,,,13,,,,,,,,,14,,,14,,,,,
3742,,,,4,,,,,,,,,,,3,,,,,,,,,,,,,,,,,,,,,5,,,,,,,,5,,,,,,,1,,,,,,,,,,,,,,,1,,,,,,,,,,,,,,,,,17,,,,,,,,,13,,12,,,,,,4
3743,,,,,,,,,,4,8,,,,,,,,,,,3,,,,,,,,1,,,,,,,,,,,1,,,,,,,,,3,,,,,,,,,,,,,,3,,,,,,8,,,,,,,,,,,,,1,,,,,,,,,,,,,,,,,3
3744,,,,,,,,20,,,,,,,3,,12,,,,,,,,,,,,0,,,,,,,,,,,15,,,,2,,,,,8,,,,,,,,,1,,,,,,,,,,,,4,,,,,,,,,,,,,2,,,,,,,,,12,,12,,,,,,
3745,,,,3,,,,,,,,,,,6,,,,,,,,,,,,,,0,,,,,,3,,,,,,,,,5,,,,,16,,,,,,,,,,,,,,0,,,,,,,12,,,,10,,,,,0,,,,6,,,,,,,,,,,,,,,,,
3746,,,,,,,,,,,,,,,3,,,,,,,,,,,,,,,,,,,,,,,,,,,,,3,,,,,8,,,,,,,,,,,,,,,,,,,,,6,,,,,,1,,,,0,,,2,,,,,,,,,,,,,,,,,
3747,,,,5,,,,,,,,,,,11,,14,8,,,,,,,,,,,,,,,,,,,,,,,,,,6,3,,,5,76,,,,,,,,,,,,4,,4,,,,,,,20,,,,,,,,,,,,2,,,,,,,,,,12,,19,,,,,,
3748,,,,2,,,,,,,,,,,3,,,0,,,,,,,,,,,,,,,,,,,,,,,,,,0,,,,,8,,,,,,,,,0,,,,,,,,,,,,6,,,,,,,,,,,,,2,,,,,,,,,12,,12,,,,,,
3749,,,,,,,,,,,1,,,,1,,,,,1,,,,,,,,,,,,,,,2,,,,,,,,,5,,,,,4,,,,,,,,0,,,,,,,,,,,,,25,,,,,,,,,,,,,6,,,,,,,,,,,,,,,,,
3750,,,,,,,,26,,,,,,,,,7,,,,,,,,,,,,,,,,,,,,,,,1,,,,20,,,,,,,,,,,,,,5,,,1,,,0,,,,,,12,0,,,,,,,,,,,,6,,,,,,,,,13,,,21,,,,,
3751,,,,,,,,,,0,,,,,2,,,,,,,,,,,,,,,,,,,,4,,,,,,,,,6,,,,,6,,,,,,,,,,,,,,,,,,,,,24,,,,,,,,,,,,,7,,,,,,,,,,,,,,,,,
3752,,,,,,,,3,,,,,,,,,5,,,,,,,,,,,,,5,14,,,,,,,,1,,,,,,,,5,,,,,,,,,,,0,,,,,,,,,,,,12,,16,2,,,,1,,,,,,,,,,,,,,,16,,19,,,,,,
3753,7,,,,,,,,,,,,,4,7,,,4,,,,,,,,,,0,,,,,,,,0,,,,,,,,11,,,,1,11,,,,,,1,,,,0,,,,,,0,,,,,21,,,,,,,,,,,,,,,3,,,,,,,15,,,36,,,,1,
3754,,,,8,,,,,,,,,,,7,,0,,,,,,,,,,,,,,9,,,,,,,,,,,,,28,,0,,,1,,,,,,,,,,,,,,,,,,,,,12,,18,,,,,,,,,,,,,,,,,,,,17,,17,,,,,,
3755,,,,,,,,19,,,,,,1,,,9,,,0,,,,,,,,,,,,,,,,,,,1,1,,,0,20,1,,,,,,1,,,,,,,,,,,,,,,,,,,11,,,,,,,,,,,,,12,,,,,,,,,16,,,22,,,,,
3756,,,,,,,,21,,,,,,,,,10,,,,0,,,,,,,,,,,,,,,,,,,14,,,,22,,,,,,,,,,,,,,,,,,,,,,,,,,14,,,,,,,,,,,,,4,,,,,,,,,12,,,16,,,,,
3757,,,,,,,,,,,,,,,6,,,,,,,,,,,,,,,,,,,,,,,,,,,,,,,,,,11,,,,,,,,,,,,,,,,,,,,,,,,,,,,,,,,,,7,,,,,,,,,19,,,,,,,,
3758,1,,,,,,,,,,,,,,,,,,,,,,,,,,,,,,12,,,,,,0,,,0,,,,,,,,,,,,,,,,,1,,,,,,,,,,,,,7,,13,,,,,,,,,,,,,,,,,,,,15,,3,,,,,0,
3759,,,,,,,,,,,,,,,6,,,,,,,,,,,,,,,,,,,,,,,,,,,,,,,3,,,12,,,,,,,,,,,,,,,,,,,0,,,,,,,,,,,,,,,7,,0,,,0,,,,18,,,,,,,,
3760,,,,,,,,23,,,,,,,,,14,,,,,,,,,,,,,,,,,6,,,,,,10,,,,17,,,,,0,,,,,,,,,,,,,,,,,,,,,16,,,,,,,,,,,4,,7,,,,,,,,,16,,12,13,,3,,,
3761,,,,,,,5,,,,,0,,,,,4,,,,,,,,,,,,,4,9,,,,,,,,,,,,,,,,0,,,,,,,,,,,,,,,,,,,,,0,,0,,15,,,,,,,,,,,,,,,,,,,,15,,18,,,,,,
3762,,,,0,,,,22,,,,,,,,,4,,,,,,,,,,,,1,,,,,8,,,,,,5,,,3,25,,,,,,,,,,,,,,,,,,,,,,,,,,10,,,,,,,7,,,,,,7,7,,,,,,,,12,,1,13,,,,,
3763,,,,,,0,5,,,2,,,,,2,,,,,,,,,,,,,1,,,8,,,,,,,,,,,2,,6,,,,,91,,,,,,,0,,,,,,,,,,,,,,9,,6,,,,,,,,,,,,,,,,,,,,17,,14,,,,,,
3764,,,,,,,,,,,,,,0,,,,,,,,,,,,,,0,,,13,,,,,,,,,,,,,,,,,,,,,,,,,,1,,,,,,,,,,,,,8,,15,,,,,,,,,,,,,,0,,2,,,,13,,15,,,,,,
3765,,,,,,,,6,,,,,,,,,10,1,,,,,,2,,,,,,,,,,,,,,,,3,,,,21,0,,,,8,,,,,,,,,2,,,,,,,,,,,,11,,,,,,,,,,,,,9,,,,,,,,,5,,,22,1,,,,
3766,,,,4,,,,,,,,,,,12,,22,,,,,,,,,,,,,,,,,,,,,,,,,,,9,4,1,,3,80,,,,,,,,,,,,4,,,,,,,,,6,,,,,,,,,,,,,,,,,,,,,,20,,22,,,,,,
3767,,,,,,,,,,,,,,1,,,1,,,,,,,,,,,,,2,10,,,,,,,,,,,,,28,,,,,,,,,,,,,,,,,,,,,,,,,,12,,14,,,,,,,,,,,,,,,,,,,,12,,16,,,,0,,
3768,3,,,,,,,,,,,,,,,,,,,,,,,,,,,,,,12,,,,,,,,,,,3,,,,,,,,,,,,,,,,,,,,,,,,,,,,8,,6,,,,,,,,,,,0,,,,,,,,,16,,2,,,,,,
3769,5,5,,,,,,,,,,,,6,5,,,4,,,,,,,,,,,,,,,,,,,,,,,,,,13,,,,0,89,,,,,,,,0,,,,,,,,,,,,,14,,,,,,,,,,,,,,,,,,,,,,15,,,39,,,,,
3770,6,,,,,,7,,,,,,,,3,,3,,,,,,,,,,,,,,13,,,,,,,,,,,4,,,,,,,18,,,,,,,,3,,,,,,,,,,,,,9,,13,,,,,,,,,,,1,,,,0,,,,,17,,10,,,,,,
3771,,,,,,,,,,,,,,,4,,,,,0,,,,,,,,,3,,,,,,,,,,,,,,0,5,,,,,15,,,,,,,,,,,,,,,,,,,,,13,,,,8,,,,,,,,,2,,5,,,,,,,,,,,,,,,
3772,,2,,4,,,,25,,,,,,,,,4,,,,,,,,,,,,,,,,,,,,,,,13,,,,24,,,,,,,,,,,,,,,,,,,,,,,,,,7,,,,,,,,,,,,,2,,,,0,,,,,13,,,24,,,,,
3773,5,,,,0,,,,,,,,,0,6,,,6,,,,,,,,,,,,,,,,,,,,,,,,,,8,,,,,1,,,,,,0,,,,,,,0,,,,,,,,20,,,0,,,,,,,,,,,,4,,,,,,,4,,12,37,,,,,
3774,,,,,,,,,,,,,,,5,,,,,,,,,,,,,0,1,,,,,,,,,,,,,,,,,,,,10,,,,,,,,,,,,,,,,,,,,,,,,,,,,,,,,,,3,,,,,,,,,12,,,,,,,,
3775,,5,,5,,,,23,,,,,,,,,8,,,,,,,0,,,,,,3,,,,,,,,,,10,,,,22,,,,,9,,1,,,,,,,,,,,,,,,,,,,6,,,,,,,,,,,,,8,,0,,,,,,,13,,21,26,,,,,
3776,,,,7,,,,,,,,,,,9,,21,,,,,,,,,,,,,,,,,,,,,,,,,,,7,5,,,1,77,,,,,,,,,,,,3,,,,,,,,,22,,,,,,,,,,,,1,,,,,,,,,,20,,19,,,,,,
3777,,,,,,,3,,,,,,,,,,1,,,,,,,,,0,,,,5,10,,,,,,,,,,,1,,,,,4,,8,,,,,,0,,,,,,,,,,,,,,,11,,17,,,,,,,,0,,,,,,,,,,,,16,,17,,,,,,
3778,6,,,,,,,,,,,,,3,3,,,5,,,,,,,,,,,,,,,,,,,,,,,,,,5,,0,,,90,,,,,,,,,,,,,,,,,,,,,17,,,,,,,,,,,,,,,,,,,,,,5,,,24,,,,,
3779,,4,,,,,,24,0,,,,,,,,3,,,,,,,,,,,,,,,,,5,,,,,,2,,,,23,,,,,,,3,,,,,,,,,,,,,,,2,,,,12,,23,0,,,,,,,,0,,9,,,,,,,,,12,,12,22,,,,,
3780,,,,,,,,19,,,,,,,,,13,,,,,,,,,,,,,1,1,,,,,,,,,11,,,,23,,,,,,,,,,,,,,,,,,,,,,,,,,6,,,,,,,,,,,,,12,,,,,,,,,14,,,19,,,,,
3781,,,,2,,,,,,,0,,,,,,,,,,,,,,,,,,,,10,,,,,,,,,,,,,,,,0,,9,,3,,,,,,,,,,,,,,,,,,,,,20,,,,,,,,,,,,,,,,,,,,16,,19,,,,,,
3782,,,,,,,,,,,,,,,,,0,,,,,,,,,,,,,,9,,,,,,,,,,,1,,,,,,,,,,,,,,0,,,,,,,,,,,,,,10,,13,,,,,,,,,0,,,,,,,,,,,16,,8,,,,,,
3783,,,,7,,,,,,,,,,,12,,18,,,,,,,,,0,,,,,,2,,,,,,,,,,,,6,2,,,2,79,,,,,,,,,,,,3,,,,,,,,,21,,,,,,,,,,,1,,,,,,,,,,,18,,15,,,,1,,
3784,,,,,,,,,,,,,,,4,,,,,,,,,,,,2,0,,0,4,,,,,,,,,,,,,20,,,,,,,0,,,,1,,,,,,,,,,,,,,,13,,7,,,,,,,,,,,,,,,,,,,,17,,16,,,,,,
3785,,,,,,,,26,,,,,,,,,11,,,,,,,,,,,2,,,,,,,,,,,,13,,,,22,,,,,,,0,,8,,,,,,,,,,,,,,,,,14,,,,,,,,,,,,,9,,,,,,,,,3,,,20,,,,,
3786,2,,,,,,1,,,1,,,,,,,,,,,,,,,,,,,,,11,,,,,,,,,,,,,,,,,,,,0,,,,,,,,,,,,,,,,,,,6,,14,,,,,,,,,,,,,,,2,,,,,16,,2,,,,,,
3787,,,,,,,,,,1,,,,,3,,,,,,,,,,,,,,,,,,,,5,,,,,,,,,5,,,,,8,,,,,,,,,,,,,,,,,,,,,28,,,,,,,,,,,,,8,,,,,,,,,13,,,,,,,,
3788,1,,,,,,,20,,,,,,,,,5,,,,,,,0,,,,,,,,,,0,,,,,,3,,,,24,,,,,71,,,,,,,0,,,,,,,,,,,,,,6,,,,,,,,,,,,,9,,,,,,,,,14,,,21,,,,,
3789,,,,,,,,,,,,,,,2,,,,,,,,,,,,,,,,,,,,1,,,,,,,,,3,,,,,5,,,,,,,,,,,,0,,,,,,,,,26,,,,,,,,,,,,,6,1,,,,,,,,,,,,,,,0,
3790,,,,,,,,19,,,,,,,,,5,,,,,,,,,,,,,,,,,,,,,,,3,,,5,26,,,,,,,,,2,,,,,,,,,,,,,,,,,14,,,,,,,,,,,,,12,,,,,,,,,10,,,18,,,,,0
3791,10,,,6,,,,,,,,,,,12,,20,6,,,,,,,,,,,,,,,,,7,,,,,1,,,,2,6,,,4,73,,,,,,,,,,,,4,,,,,,,,,22,,,,,,,,,,,,,,,,,,,,,,17,,17,,,,,,
3792,,,,,,,4,,,,,,,,,,,,,,,,,,,,4,2,1,,8,,,0,,,,,,,,,,2,,,,,14,,,,,,,,,,,,,,,,,,,,,12,,12,,,,,,,,,,,,,,,,,,,,17,,12,,,,,,3
3793,,,1,,,,,,,,,,,,,0,,,,,,,,,,,,,,,5,,,,,,,,,,,0,,0,,,,,,,,,,,,,,,,,,,,,,,,,,11,,12,0,,,,,,,,,,,,,,,,,,,14,,1,,,,,,
3794,,,,,,,,,,,0,,,,,,,,,,,,0,,,,,,,,1,,,,,,,,,,,,,,,,,,,,,,,0,,,,,,,,,,,,,,,,13,,1,,,,,,,,,,,,,,,,,,,,19,,13,,,,,,
3795,,,,2,,,,25,,,,,,,3,,13,,,,,,,,,,,,,,,,,,,,,,,2,,,,2,,,,,8,,,,,,1,,,,,,,,,,,,,,,13,,,,,,,,,,,,,7,,,,0,,,,,14,,,22,,,,,
3796,,,,,,,,17,,,,,,,,,15,,,,,,,,,,,,,,,,0,0,,,,,,14,,,,20,,,,,71,,,,,,,,,,,,,,,,,,,,,16,,,,,,,,,,,,,9,4,,,,,,,,8,,12,8,,,,,
3797,,,,,,,,24,,,,,,,,,14,,,,,,,,,,,,,,,,,,0,,,,,13,,,,20,,,,,,,,,,,,,,,,,,,0,,,,,,,15,,,,,,,,,3,,,,7,,,,,,,,,10,,,9,,,,,
3798,,,,2,,,,,,,,,,,3,,,,,,,,,,,,,,,,,,,,,,,,,,0,,,2,,,,,8,,,,,,,,0,,,,,,,,,,,,,6,,,,,,,,,,,,,2,,,,,,,,,12,,12,,,,,,
3799,,,,3,,,,,,,,,,,1,,,,,,,,,,,,,,,,,,,,,,,,,,,,,5,,0,,,4,,,,,,,1,,,,,,,,,,,,3,,,,5,,,,,,,,,,0,6,,,,,,,,,,0,15,,,,,,
3800,,,,,,,,15,,,,,,,,,9,,,,,,,,,,,,,,,,1,,,,,,,4,,,0,27,,,,,,,1,,1,,,1,,,,,,,,,,,,,,14,,,3,,,,,,,,,,10,4,,,,,0,,,6,,,15,,0,,,
3801,8,,,,,,0,,,,,,,,3,,,,,,,,,,,,,,,,,0,,,,,,,,,,,,3,,,,,8,,,,,,,,,,,,,,,0,,,,,,7,,,,,,,,,,,,,,,,,,,,,,,,13,,,,,,0
3802,6,,,,,1,,,,,,,,3,6,,,5,,,,,,,,,,,,,,,,,,,,,,,,,,12,,,,,86,,,,,,,,,,,,,,,,,,,,,22,,,,,,,,,,,,,,,,,,,,,,14,,,32,,,,,
3803,,,,,,,,,,,,,,,,,,,,0,,,,,,2,,,,,10,,,,,,,,,,,,,,,,,,,,,,0,,,,,,,,,,,,,,,,,12,,14,,,,,,,,,,,,,,,,,,,,17,,15,,,,,,
3804,,,,,,,,23,,0,,,,,,,5,,,,,,,,,,,,,,,,,8,,,,,,12,,,,25,,,,,,,,,,,,,,,,,,,0,,,,,,,2,,,,,,,,,,,,,12,6,,,,,,,,13,,,14,,,,,
3805,,1,,6,,,,27,,,,,,,,,12,,,,,,,,0,,,,1,,,,,,,,,,,15,,,,20,,,,,8,,,,,,,,,,,,,,,,,,,,,8,,,,,,,,,0,,0,,4,,,,,,,,,8,,,24,,,,,0
3806,,,,2,2,,,,,,,,,,3,,,,,,,,,0,,,,,,,,,,,,,,,,,,,,4,,,,,8,,,,,,,,,,,,,,,,,0,1,,,8,,,,1,,,,,,,,,2,,5,,,,,,,,,,,,,,,0
3807,,,,2,,,,,,,,,,,3,,,,,,,,,,,,,,,,,,,,2,,,0,,,,,,2,,,,,6,,,,,,,,,,,,,,,,,,,,,27,,,,,,,,,,,,,2,0,,,,,,,,,,12,,,,,1,
3808,,,,9,,,,25,,,,,,,,,8,,,,,1,,,,,,,,5,,,,,,,,,,15,,,,2,,,,,8,,,,,,,,,,,,,,,,,,,,,17,,,,,,,,,,0,,,6,,,,,,,,,12,,12,26,,,,,
3809,,,,5,,,,,,,,,,,3,,20,,,,,,,,,0,,,,,,1,,,,,,,,,,,,3,3,,,1,78,,,,,,,,,,,,4,,2,,,,,,,18,,,,,,,,,,,,,,,,,,,,,,19,,16,,,,,,
3810,,,,4,,,,,,,,,,,,,,,,,,,,,,,,,,,13,,,,,,,,,,,6,,,,,,,,,,,,,0,,3,,,,,,,,,,,,,10,,4,,,,,,,,,,,,,,,,,0,,,17,,14,,,,,,
3811,,,,5,,,,,,,,,,,3,,,,,,,,,,,,,,,,,,,,,,,,,,,,,2,,,,,14,,,,,,,,,,,,,,,,,,,,,6,,,,,,,,,,,,,6,,5,,,,,,1,,,,,,,,,
3812,,,,4,,,,,,,,,,,5,,,,0,,,,,,,,,,,,,,,,0,,,,,,,,,6,,,,,16,,,,,,,,,,,,,,,,,,,,,1,,,,10,,,,,,,,,2,,,,,,,,4,,,,,,,,,
3813,,,,,,,,,,,,,,,,,,,,3,,,,,,,,,,,,,,,,,,,,,,,,25,,,,,,,,,,,,,,,,,,,,,,,,,,7,,,,,,,,,,,,,14,,,1,,,,,,13,,,,,,,,
3814,3,,,5,,,1,,,,0,,,,3,,,,,,,,,,,,,,5,,,,,,,,,,,,,1,,0,,,,,16,,,,,,,,,,,,,,,,,,,,,12,,,,1,,0,,,,,0,,6,,6,,,,,,2,,,,,,,,,
3815,7,7,,,,,,,,,,,,5,6,,,0,,,1,,,,,,,,,,,,,,,,,,,,,,,2,,,,,89,,,,,,,,,,,,,,,,,,,,,18,,,,,,,,,,,,,,,,0,,,,,,15,,,37,,,,,
3816,,,,2,0,,,,,,,,,,9,,,9,,,,,,,,,,,,,8,,,,,,,,,,,,,2,,,,,14,,,,,,,,,,,0,,,,,,,,,,15,,,,,,,,,,,,,,,,,,,,,,17,,14,,,,,,
3817,,,,,,,,21,,,,,,0,,,9,,,,,,,4,,,,,,,,,,,9,,,,,,,,,2,,,,,71,,,,,,1,,,,,,,,,,,,,,,10,,,,,,,1,,,,,,13,,,,,,,,,15,,,17,,,,,
3818,0,,,2,,,,,,,,,,,,,,,,,,,,,,,,,,,10,,,,,,,,,,,3,,,,,,,,,,,,,,,2,,,,,,,,,,,,,11,1,14,,,,,,,,,1,,,,,,,,,,,17,,9,,,,,,
3819,,,,,,,,,,3,2,,,,,,,,,,,0,,,,,,,,0,,,,,,,,,,,8,,,2,,,,,8,3,,,,,,,,,,,,,,3,,,,,0,8,,,,,,,,,,,,,3,,,,,,,,,,0,,,,,,,5
3820,,,,2,,,,,,,,0,,0,3,,,,,,,,,,0,,,,,,,,,,,,,,,,,,,2,,,,,8,,,,,,,,,,,,,,,,,,,,,6,,,,,,,,,,,,,2,,,,,,,,0,12,,12,,,,,,
3821,,,,2,,,,,,,,,,,,,,,,,,,,,,,,,,,13,,,,,,,,,,,8,,,,,,,,,,,,,,,3,,,,,,,,,,,0,,10,,17,,,,,,,0,,,,,,,,,,,,,15,,14,,,,,,
3822,,,,,,,,,,,,,,,,,,,,,,,,,,,,,,,3,,,,,,,,,,,,,,,,,,14,,,,,,,,,,,,,,,,,,,,,14,,9,,,,,,0,,,,,,,,,,,,,,17,,0,,,,,,
3823,,,,0,,,,,,,0,,,,,,,,,,,,,,,,,,,,9,,,,,,,,,,0,4,,,,,,,2,,2,,,,,,,,,,,,,,,,,,,,,21,,1,,,,,,,,,,,,,,,,,,15,,18,,,,,,
3824,,,,,,,,6,,0,,,,,,,7,1,,,,,,,,,,,,,,0,,5,,,,,,14,,,,23,,1,,,,,,,,,0,,,,,,,0,,,,,,,,13,,,,,,,1,,,,,,13,0,,,,,,,,5,,0,10,,,,,
3825,,,,,,,,,,,,,,,,,,,,,,,,,,,,,,,13,,,,,,,,,,,,,1,,,,,,,,,,,,,1,,,,,,,,,,,,,2,,18,,,,,,,,,,,8,,,,,,,,,15,,,,,,,,
3826,,,,,0,,,,,,,,,,,,,,,,,,,,,,,,,,0,1,,,,,,,,,,,,,,,,,9,,,,,,,,,,,,,,,,,,,,,12,,10,,,,,,,,,0,,1,,,,,,3,,,15,,13,,,,,,
3827,5,5,,,,,,,,,,,,3,4,,,6,,,,,,,,,,,3,,,,,,,,,,,,,,,10,,,,,84,,,1,,,,,,,,,,,0,,,,,,,6,,,,,,,,0,,,,,0,,2,,,0,,,,4,,,38,,,,,
3828,,,,,,,,18,,,,,,,,,2,,,,,,,,,,,6,1,,,,,6,,,,,,11,,,,25,,,,,,,,,,,,,,,,,,,,,,,,,,13,,,5,,,,,,,,,,11,,,2,,,,,,11,,,2,,,,,
3829,,,,,,,,,,,,,,,,,,,,,,,,,,,,,,4,10,,,,,,,,,,,2,,,,1,,,,,,,,,2,,,2,,,,,,,,,,,,12,,18,,,,,,,,,,,,,,,,,,,,15,,17,,,,,,
3830,,,,,,,,18,,,,,,,,,11,,,,,,,,,,,,,,,,,,,,,,0,14,,,,20,,,,,,,,,,,,,,,,,,,,,,,,,,3,,,,,,,,,,,,,12,,,,,,,,,4,,,13,,0,,,
3831,,,,,,,,21,0,,,,,,,,8,,,,,,,,,,,,,,,,,6,,,,,,15,,,,21,,,,,70,,,,,,,,,,,,,,,,,,,,,15,,,,,,,0,,,,,,12,,,,,,,,,0,,,18,,,,,
3832,,,,,,,,19,,,,,,,,,9,,,,,,,,,,,,,,,,,,,,,,0,8,,,,26,,,,,,,,,,,,,,4,,,,,,,,,,,,13,,,,,,,,,,,,,13,,,,,,,,,10,,12,19,,,,,
3833,,,,,,,,,,,,,,,3,,,,,,,,,,,,1,,,,5,,,,,,,1,,,,,,,,,,,,,,,,,,,,,,,,,,,,,,,,13,,8,,,,,,,,,,,,,,,,,,,,17,,15,,,,,,
3834,,,,,,,,,,,,,,,,,,,,,,,,,,,,2,,,7,,,,,,,,,,,7,,,,,,,,,,,,,,,4,,,,,,,,,,,,,9,,17,,,,,,,,,,,,,,1,,,,,,14,,16,,,,,,
3835,3,,,,,0,,,,,,,,1,5,,,2,,,,,,,,,,,,,,,,,,,,,,,,,,11,,,,,88,,,,,,,,,,,,,,,,,,,,,18,,,,,,,,,,,,,0,,,,,,,,,14,,,41,,,,,
3836,,,,,,,,,,,,,,,5,,,,,,,,,,,,,,,,,,,,,,,,,,,,,,,,,,12,,,,,,,,,,,,,,,,,,,,,,,,,,,,,,,,,,4,,,,,,,,,20,,,,,,,,
3837,,,,,,,,,,,,,,,4,,,,,,,,,,,0,,,,,,,,0,,,,,,,,,,,,,,,11,,,0,,,,,,,,,,,,,,,,,,,3,,,,,0,,,,,,,6,,,,,,,,,18,,,,,,,,
3838,,,,,,,,0,,,,,,,,,8,,,,,,,,,,,,,,,,,,,,,,,13,,,,23,,,,,,,,,,,,,,,,,,,,3,,,,,,13,,,3,,,,,,,,,,12,,,,0,,,,,7,,,21,,,,,
3839,,,,2,,,,22,,,,,,,,,0,,,,,,,,,,,,,,,,,,,,,,,10,1,,,19,2,,,,11,,,,,0,,,,,,,,,,,,,,,,10,,,,,,,,,,,2,,5,,,,,,,,,14,,,,,,,,
3840,5,,,,,,,2,,,,,,7,1,,14,,,,,,,,,,,,,,,,,,,,,,,,,,,8,,,,,11,,,,,,,,,,,,,,,,,,,,,15,,,,,,,,,,,,,,,,,0,,,,,13,,,26,,,,,
3841,,,,,,0,,24,,,,,,,,,2,,,,,,,,,,,,,,,,,,,,,,,11,,,,21,,,,,,,,,,,,,,,,,,,,,,,,,,15,,,,,,,,,,,,,0,,,,,,,,,15,,,12,,,,,
3842,,,,,,,,20,,,,,,,,,7,2,,,,,,,,,,2,,0,,0,,,6,,,,,15,,,,22,,,,,,,,,,,,,,,,,,,,,,,,,,15,,,,,,,,,0,,,,11,,,,,,,,,16,,,16,1,,,,1
3843,,,,2,,,,,,,,,,,,,,,,,,,,,,,,,,,9,,,,,,,,,,,7,,3,,2,,,,,,,,,,,,,,,,,,,,,,,,6,,19,,,,,,0,,,,,,,,,,,,,,12,,16,,,,,,
3844,0,,,4,,,,,,,,,,1,0,,,,,,,,,,,,,,,,,,,,,,,,,,,,,4,,,,,5,,,,,,,,,,,,,,,,,,,,,,0,6,,,,,,,,,,1,5,,,,,,,,,,1,17,,,,,,
3845,,,,,,,0,21,,,,,,,,,0,,,,,,,,,,,,,,,,,,0,,,,,14,,,,22,,,,,,,,,,,,,,,,,,,,,,,,,,10,,,,,,,,,,,,,12,,,,,,,,,14,,1,15,,,,,
3846,,,,,,,,,,,,,,,3,,,,,,,,,,,,,,,,,,,,,,,,,,,,,2,,,,,8,,,,,,,,,,,,,,,,,,,,,6,,,,,,0,,,,1,,,2,,,,,,,,,,,,,,,,,0
3847,,1,,3,,,,22,,,,,,,,,2,,,,,,,,,,,,,,,,,,,,,,,16,,,,,,,,,,,,,,,,,,,,,,,,,,,,,,8,,,,,,,,,1,,0,,5,,,,,3,,,,13,,,18,,,,,
3848,,,,4,,,,,,,,,,,1,,,,,,,,,,,,,,,,,,,,,,,,,,,,,4,,1,,,3,,,,,,,2,,,,,,,,,,,,,,,,4,,,,,,,,,,0,6,,,,,,,,,,1,19,,,,,,
3849,,,,5,,,,,,,,,,,4,,,,,,,,,,,,,,,,,,,,,7,,,,,,,,6,,,,,,,2,,,,,,,,,,,,,,,0,,,,,,,,,,,,,,,,,17,0,,,,,,,,14,,12,,,,,,4
3850,6,,,,,,,27,,,,2,,1,2,,18,,,,,,,,1,,,,,,,,,,,1,,,,,,,,8,,,,,0,,,,,,,,,,,,,,,,,,,,,18,,,,,,,,,,,,,,,,,,,,,,2,,,29,,,,,
3851,,,,,0,,,20,,,,,,,,,12,,,,,,,,,,,,,,,,,,,,,,,15,,,,22,,,0,,,,,,,,,,,,,,,,,2,,,,,,10,,,,,,,,,,,,,10,,,,,,,,,9,,13,5,,,,,
3852,,,,,,,,12,,,,,,,,,14,,,,,,,,,,,,,,,,,,10,2,,,,13,,,,24,,,,,72,,,,,,,,,,,,,,,,,,,,,8,,,,,,,,,,1,,,11,,,,,,,,,12,,,20,,,,,
3853,,,,2,,0,,,,,,,,,3,,,,,,,,,,,,,,,,,,,,,,,,,,,,,2,,,,,8,,,,,,,,,,,,,,,,,,,,,6,,,,,,0,,,,,,,2,,,,,,,,,12,,12,,,,,,
3854,,,,,,,,,,,,,,,1,,,,,,,,,,,,,,,,,,,,,,,,,,,,,2,,,,,8,,,,,,1,,,,,,,,,0,,,,,,,3,,,,,,,,,,,,6,,,,,,,,,12,,12,,,,,,
3855,,,,,,,,,,,,,,,,,,,,1,,,,,,,,,,,7,,,,,,,,,,,,,6,,,,,13,,,,,,,,,,,,,,,,,,,,,6,,12,,,0,,,,,,,,,,,,,,,,,0,,14,,,,,1,
3856,0,,,2,,,,,,,,,,,3,,,,,,0,,,,,,,,,,,,,,,,,,,,,,,2,,,,,8,,,,,,,,,,,,,,,,,,,,,6,,,,,,,,,,,,,2,,,,,,,,,12,,12,,,,,,
3857,,,,,,,,,,4,3,,,,,,,,,,,4,,,,,,,,2,,,,,,,,,,,3,,,,2,,,,,6,,,,,,,,,,,,,,3,,,,,,10,,,,,,,,,,,,,5,,,,,,,,,,,,,0,,,,7
3858,,,,,,,,24,,,,,1,,,0,9,,,,,,,5,,,,,1,,,,,6,,,,,,11,,,,23,,,,,,,,,7,,,,,1,,,,,,,,,,,,13,,,,,,,2,,,,0,,14,,,,,,0,,,8,,,0,,,,2,
3859,,,,2,,,,,,,,,,,,,13,,,,,0,,,,,,,,4,,,,,,,,,,,,,0,3,,,,,,,,,,,,,,,,,,,,,,,,,1,,,,,,,,,,,,,,0,,,,,,,,,15,,8,,,,,,
3860,,,,,,,,27,,,,,,,,,5,,,,,,,6,,,,,,,,,,4,3,,,,,12,,,,23,,,,,,,,,,,,,,,,,,,,,,,,,,15,,,,,,,,,,,,,12,,,,,,,,,2,,,20,,,,,
3861,6,,,4,,,,,,,,,,,,,12,,,,,,,,,,,,,,,,,,,3,,,,,,,,4,1,,,,,,0,,,,,,,,,,,,,,,,,,,,,14,,,,,,,,,,,16,,,,,,,,,15,,13,,,,,,3
3862,2,,,,,,,,,,,,,1,2,,,4,,,,,0,,,,,,,,,,,,,,,,,,,,,13,,,,,86,,,,,,,,,,,,,,,,,,,,,17,,,,,,,,,,,,,,,3,,,,,,,15,,,40,,,,,
3863,3,,,6,,,,,,,,,,,6,,,,1,,,,,,,,,,,,,,,,2,,,,,,,,,3,,,0,,11,,,,,,,,,,,,,,,,,,,,,9,,,,5,,,,,,,,,5,,2,,,,,,,,,,,,,,,0
3864,,,,,,,,,,,,,,,,0,,,,1,,,,,,,,,,,,,,,,,,,,,,,0,21,,,,,,,,,,,,,,,,,,,,,,,,,,7,,,,,,,,,,,,,3,,,0,,,,,,13,,,,,,,,
3865,7,,,,,,,,,,,,,1,4,,,,,,3,,,,,,,,,,,,,,,,,,,,,,,2,,,,,8,,,0,,,,,,,,,,,,1,,,,,,6,,,,,,,,,,,,,,,,,,,,,,12,,,35,0,,,,
3866,0,,,,,,,,,,,,,,,1,,,,,,,,,,,,3,,,11,,,,,,,,,,,1,,,,,,,,,,,,,,,,,,,,,,,,,0,,,10,,14,1,,,,,,,,,,4,,,,,,,,,15,,21,,,,,,0
3867,6,,,,,,,,,,,,,3,7,,,4,,,,,,,,,,,,,,,,,,,,,,,,,,10,,,,,87,,,,,,,,,,2,,,,,,,,,,,20,,,,,,,,,,,0,,,1,,,,,,,,13,,,40,,,,,
3868,,,,,,,,,,6,2,,,,,,,,,,,2,,,,,,,,1,,,,,,,,,,,2,,,,,,,,,4,,,,,,,,,,,,,,1,,,,,,13,,,,,,,,,,,,,3,,,,,,,,,,,,,,,,,6
3869,,,,8,,,,,,,,,,,,,,,,,,,,,,,2,,,,5,,,,,,,,,,,,,,,,,,,,,,1,,,,,,,,,,,,,,,,,15,,7,,,,,,,,,,,11,,,,,,,,,16,,20,,,,,,
3870,,,,,,,,,,,,,,,,,,,,,,,,,,,,,,,9,,,,,,,,,,,,1,,,,,,,,,,,,,,,0,,,,,,,,,,,,14,,11,,,,,,,,,,,,,,,,0,,,,18,,14,,,,,,
3871,,,,,,,,,,6,5,,,,,,,,,,,5,,,,,,,,2,,,,,0,,,,,,6,,,,,,,,,7,,,,,,,,,,,,,,1,,,,,,14,,,,,,,,,,,,,5,,,,,,,,,12,,,,,,,,5
3872,,,,8,,,,,,,,,,,,,13,,,,,,,,,,,,,,,,0,,,,,,,14,,,,19,,,,,,,,,,,,,,,,,,,,,,,,,,10,,,,,,4,,,,,,,4,,,,,,,,,11,,,7,,,,,
3873,,,,,,,,22,,,,,,,,,6,,,,,,,,,,,,,,,,,,,,,,,7,,,,22,,,1,,,,,,,,,,,,,,,,,,,,,,,16,,,,,,,,,,2,,,11,,,,,,,,,6,,,9,,,,,
3874,,,,,,,,,,5,0,,,,,,,,,,,4,,,,,,,,2,0,,,,,,,,,,7,,,0,0,,,1,,4,,,,,,,,,,,,,,1,,,,,,14,,,,,,,,,,,,,2,,,,,,,,,,,,,,,,,5
3875,,,,2,,,,0,,,,,,,3,,,,,,,,,,,,,,,,1,,,,,,,,,,,,,2,,,1,9,9,,,,,,,1,,,,,6,0,,,,,,,,20,,,,,,2,,,,,,,12,,,,,,,,,12,,12,,,,,,
3876,5,,,,,,,,,,,,,6,0,,,6,,,,,,,,,,,3,,,,,,,,,,,,,,0,6,,,,,89,,,,,,,,,,,,,,,,,,,,,17,,,,,,,,,,,,,,,,,,,,,,14,,,38,,,0,,
3877,,,,,,,,1,,,,,,,,,9,,,,,,,0,,,,,4,,,,,,4,,,,,7,,,,19,,,,,,,,,,,1,,,4,,,,,,,,,,,,13,,,,,,,,,,1,,,12,,,,,,,,,10,,,2,,,,,
3878,,,,,,1,4,,,1,,,,,,,,,,,,,,,,,,,,1,12,,,,,,,,,,,,,2,,,,,,,,,,,,,4,,,,,,,,,,,,,,,18,,,,,,,,,,,,,,,,,,,,17,,15,,,,,,
3879,,,,,,,,0,,,,,,,1,,,,,,,,,,,,,,,,,,,,,,,,,,,,,6,,,,,4,,,,,,1,,,,,,7,,,,,,,,,6,,,,,,,,,,,,,2,,,,0,,,,,12,,,,,,,,
3880,,,,,,,1,28,,,,,,,,,13,,,,,,,,,,,,,,,,,7,,,,,,15,,,,23,,,,,9,,,,,,,,,,,,,,,,,,,,,14,,,,,,,,,,,,,2,,2,,,,,,,7,,,22,,,,,0
3881,,,,3,,,,,,,,,,,,,,,,,,,,,,,,,,,12,,,,,,,,,,1,7,,,,,,,,,,,,,,,3,,,,,,0,,,,,,,9,,16,,,,,,,,,,,,,,,,,,,,12,,20,,,,,,
3882,5,,,2,,,,,1,,,,,,,,,,,,,,,,,,,,,,,,,1,,,,,,,,,,2,,,,,15,,,,,,,,,,,,,,,,,,,,,13,,13,,,,,,,,,,,,,,,,,,,,16,,13,,,,,,
3883,,,,,,,,,,,,,0,,,,,,,,,,,,,,1,0,,,,,,,,,,,2,,,,,,,,,,2,,,,,,,,,,,,,,,,,0,,,,11,,,,,,,,,,,,,7,,,,3,,,,,3,,,,,1,,,
3884,,,,,,,,9,,,,,,,,,4,,,,,,,,,,,,,,,,,0,,,,,,14,,,,24,,,,,,,,,,,,,,4,,,,,,,,,,,,11,,,,,,,,,,,,0,13,,,,,0,,,,1,,,19,,,,,
3885,9,,,,,,1,,,,,,,,3,,,,,,,,,,,,,,,,,1,,,,,,,,,,,,2,,,,,8,,,,,,,,,,,,,,,1,,,,,,6,,,,,,,,,,,,,,,,,,,,,,,,12,,,,,,1
3886,,,,,,,,19,,,,,,,,,10,,,0,,,,,,,,,,,,,,,1,1,,,,14,,,,21,,,,,,,,,,,,,,,,,,,,,,1,,,,13,,,0,,,,,,4,0,,,9,,,,,,,,,14,,,3,,,,,
3887,,,,2,,,,,,,,,,,4,,,,,,,,,,,,,,,,0,,,,,,,,,,,,,3,,,0,8,8,,,,,,,0,3,,,,5,,,,,,,,,19,,,,,,1,,,,,,,11,,,,,,,,,12,,12,,,,,,
3888,,,,7,,,,,,,,,,,,,5,,,,,,,,,,,,,,,,,,,,,,,13,,,,17,,,,,,,,,,0,,,,,0,,,,,,,,,,,6,,,,,,,,,,,,,4,,,,,,,,,13,,,24,,0,,,
3889,,,,,,,,18,,,,,,,,,12,,,,,,,0,,,,,,,,,,,,,,,,13,,,,17,,,,,,,,,,,,,0,,,,,,,,,,,,,0,,,,,,,,,,,3,,9,,,,,,,,,1,,,21,,,,,
3890,,,,,,0,,,,,,,,,4,,,,,,,,,,,,,,,,11,2,,,,,,,,,,,,,,,,0,2,,,,,,,,,,,,,,,,,,,,,6,,,,,,,,,,,,,2,,,,,,,,,16,,14,,,0,,,
3891,,,,,,,,25,,,,,,,,,11,,,,,,,,,,,1,4,,,,,,,,,,,1,,,,22,,,,,,,,,,,,,,6,,,,,,,,,,,,8,,,2,,,,,,,,,,9,,,,,1,,,,1,,,0,,,,,
3892,,,,,,,,,,6,7,,,,,,,,,,,5,,,,,,,,2,,,,,,,,,,,10,,,,,,,,,0,,,,,,,,,,,,,,2,,,,,,12,,,,,,,,,,,,,2,,,,,,,,,,,,,,,,,4
3893,,,,,,,,,,,,,,,,,,,,,,,,,,,,,,,14,0,,,,,,,,,,,,2,,,,,63,,,,,,,,,,,,,0,,,,,,,,6,,1,,0,0,,,,,,,,5,,,,,,,,,17,,12,24,,,,,
3894,,,,5,,,,,,,,,,,4,,,,,,,,,,,,,,,,,,,,,,,,,,,,,3,,,,,0,,,,,,,,,,,,,0,,,,,0,,,10,,,,2,,,,,,,,,3,,4,,,,,,,,,,,,,,,
3895,,,,6,,,,,,,,,,,,,,,,,,,,,,,,5,,,11,,,,,,,,,,,,,23,,,,0,4,,,,,,,,,,,,,2,0,,,,,,,12,,20,,,,,,,,,,,,,,,,,,,,17,0,5,,,,,,0
3896,,,,0,,,,,,,,,,,,,,,,,,,,,,,2,,,,6,,,,,,,,,,,,,,,,,,,,,,,,,,,,,,,,,,,,,,0,12,,9,,,,,,,,,,,,,,,,,,,,17,,12,,,,,,
3897,,,,4,,,,,,,0,,,,,1,12,,,,,,,,,,,,,,,,,,,,,,,15,,,,2,,,,,12,,,,,,,,,,,,,,,,,,,,,17,,,,0,,,,,,,,,5,,,,,0,,,,13,,12,,,,,,
3898,,,,,,,,,,,,,3,,,,,,,,,,,,,,5,5,,,,,,,,,,,2,,,,,,,,,,6,,,,,,,,,,,,,,,,,,,,,10,,,,,,,,,,,,,2,,,,2,,,,,2,,,,,2,,,
3899,,,,,,,,,,,,,,,2,,,,,,,,,,,,,,,,,,,,,,,,0,,,,,3,,,,,12,,,,,,,,,,,,,,,,,,,,,,,,,,,,,,,,,,5,,,,,,,,1,12,,,,,,,,
3900,,,,,,,5,,,,,,,,,,,,,,,,,0,,,,,,,2,,,,,,,,,,,,,,,,,,,,,,,,,,,,,,,,,,,,,,,12,,10,,,,,,,,,,,,,,,0,,,,,13,,14,,,,,,
3901,,,,4,,,,,,,,0,,,10,,,,,,0,,,,,,,,2,0,,2,,,1,,,,,,,0,,2,5,,,6,10,,,,,,,,5,,,,5,,,,,,,,,23,,,,,,,,,,,,,3,,,,,,,,,18,,15,,,,,,
3902,,,,,,,,24,,,,,0,,,,10,,,,,,,,,,,,,,,,,4,,,,,,6,,,,23,0,,,,,,,,,,,,,5,,,,,,,,,,,,12,,,0,,,,,,,,,,8,,,,,,,,,11,,,10,,,,,
3903,,,,,,,,,,0,,,0,,,,,,,,,,0,,,,,,,,2,,,,,,,,,,,,,,,,,,8,,,,,,1,,,,,,,,,,,,,,1,14,,10,,,,,,,,,0,,,,,,,,,0,,19,,14,,,,,,
3904,,,,3,,,,,,,,,,,5,,,,,,,,,,,,,,,,8,,,,,,,,,,,,,8,,,,,,,,,,,,,,,,,,,,,,,,,,15,,1,,,,,,,,,,,2,,,,,,,,,15,,12,,,,,,5
3905,,,,4,0,,,,,2,,,,,4,,,,,,,,,,,,,,,,,,,,,,,,,,,,,5,,,,,15,,,,,,,,,,,,,,,,,,,,,10,,,,2,,,,,,,,,7,,4,,,,,,,,,,1,,,,,
3906,2,,,3,,,,,,,,,,,,,,,,,,,,,,,,,,,12,,,,,,,,,,,2,2,,,,,,2,,,,,,0,,,,,,,,,,,,1,,,9,,13,,,,,,0,,,,,,,,,,,,,,14,,0,,,,,,
3907,2,,,0,,,,,,,,,,3,7,,,7,,,,,0,,,,,0,,,,,,,,,,,,,,,,9,,,,0,87,,,,,,,,,,,,,,,0,,,,,,6,,,,,,,,,,,,1,,,,,,,,,,2,,,39,,,,,
3908,,,,3,,,,,,,,,,,,2,13,,,,,,,,,,,,,1,,,,,,,,,,16,,,,23,,0,,,10,,,,,,,,,,,,,,,,,,,,,16,,,,,,,,,2,,,,4,,,,,,,,,12,,22,,,,,,
3909,,,,,,,,,,,,,,,,,1,,,,,,,,,,,,,,7,,,,,,,,,,,,,,,,,,,,,,,,,,,,,,,,,,,,,,,14,,11,,,,,,,,,,,,,,,,,,,,17,,15,,,,,,
3910,,,,2,,,,,,,,,,,4,,,,,,,,,,,,,,,,,,,,,,,,,,,,,,,,,,11,,,,,,,,,,,,,,,,,,,,,,,,,,,,,,,,,,4,,,,,,,,,20,,,,,,,,
3911,,,,,,,,,,,,,,,,2,,,,0,,,,,,,,,0,,,,,,,,,,,,,,1,23,,,,,,,,,,,,,,,,,,,,,,,,0,,6,,,,,,,,,,,,,13,,,,,,,,,14,,,,,,,,
3912,,,,,,,,,,2,7,,,,,,,,,,,3,,,,,,,,3,,,,,,,,,,,8,,,,,,,,,1,,,,,,,,,,,,,,2,,,,,,7,,,,,,,,,,,,,3,,,,,,,,,,,,,,,,,0
3913,,,,,,,,24,,,,,,,,,8,,,,,1,,2,,,,,,,,,,5,,,,,,1,,,1,27,,,,,,,,,6,,,,,,,,,1,,,,,,,,13,,,,,,,,,,,,,13,,,,,,,,,13,,,16,,,,,
3914,4,,,,,,,,,,,,,,,,9,,,,,,,,,,,2,,,13,,,,,,,,,12,,0,,27,,,,,,,,,,,,,,,,,,,6,,,,,,,9,,,2,,,,,,,,,,,,,,,,,,8,13,,,,,,,0,
3915,,,,,,,,2,,,,,,,,,8,,,,,,,,,,,,,,13,,,,,,,,,3,,2,,,1,,,,,,,,,,,,,1,,,,,,,,,,,,10,,16,1,,,,0,,,,,,,,,,,1,,,,15,,20,,,,,,
3916,,2,,5,,,,27,,,,,,,,,9,,,,,,,,1,,,,0,,,,,,,,,,,17,,,,19,,,,,9,,,,,,,,,,,,,,,,,,,,,7,,,,,,,,,,,1,,10,,,,,,,,,12,,,24,,,,,
3917,,,,,,,,,,5,6,,,,,,,,,,,4,,,,,,,,0,,,,,,,,,,,8,,,,,,,,,1,,,,,,,,,,,,0,0,0,,,,,,9,,,,,,,,,,,,,4,,,,,,,,,,,,,,,,,5
3918,,,,,,,,,,,,,,,0,,,,,,,,,,,,,,,,,,,,0,,,,,,,,,5,,2,,,3,,,,,,0,,,,,,6,,,,,,,,,,2,,,,,,,,,,,,5,,,,,,,,,16,,,,,,,,
3919,,,,,,,,,,,,,1,,,,,,,,,,,,,,6,2,,,,,,,,,,,1,,,,,2,,,,,5,,,,,,,,,,,,,,,,,,,,,8,,,,,,,,,,,,,3,,,,6,,,0,,3,,,,,2,,,
3920,,,,6,,,,,,,,,,,12,,19,,,,,,,,,,,,,,,1,,,,,,,,,,,,6,3,,,3,77,,,,,,,,,,,,2,,0,,,,,,,19,,,,,,,,,,,,,,,,,,,,,,20,,18,,,,2,,
3921,7,1,,,,,,,,,,,,4,5,,,3,,,,,,,,,,,,,,,,,,,,,,,,,,13,,,,,81,,,,,,,,,,,,,,,,,,,,,7,,,,,,,,,,,,,,2,,,,,,,,14,,,42,,,,,
3922,,,,2,,,,,,,,,,,3,,,,,3,,,,,,,,,,,,,,,4,,,,,,,,,9,,,,,14,,,,,,,,,,,,,,,,,,,,,6,,,,10,,,,,,,,,2,,2,,,,,,,12,,,,,,,,
3923,,,,,,,,,,,0,,,,2,,,,,,,,,,,,,,,,,,,,3,,,,,,,,,4,,,,,6,,,,,,,,,,,,,,,,,,0,,,27,,,,,,,,,,,,,7,,,,,,,,,12,,,,,,,,
3924,,,2,,,,,,,,,,0,,0,,,,,,,,,,,,1,,0,,7,,,,,,,,,,,,,1,,,,,,,,,,1,,,,,,,,0,,,,,,,,14,,11,,,,,0,,,,,,,,,,,,,,,18,,13,,,,,,
3925,,,,,,,,,,,,,,,,,,,,,,,,,,,0,,,,,,,,,,,,,2,,,,23,,,,,67,,,,,,,1,,,,,,,,,,,,4,2,8,,,,,,,,,,,5,,4,,3,,,,,,,12,,16,,,,,1,
3926,,,,,,,,3,,,,,,,,,9,,,,,,,,,,,,,,,,,,,,,,,,,,,25,1,,,,,,,,,,,,,,,,,,,,,,,,,13,,,,,,,,,,,,,9,,,,,,,0,,5,,,18,,,,,
3927,,,,,,,1,,,,,,,,,,,,,,,,,,,,,1,,5,8,,,,,,,,,,,8,,,,,5,,1,,,,,,,,,,,,,,,,,,,,,10,,,,,,,,,,,,,,,,,,,,,,17,,15,,,,,,
3928,,,,2,,,,18,,,,,,,,,,,,,,,,,,,,,,,,,,,,,0,,1,14,,,,21,,,,,68,,,,,,,,,,,,,,,,,,,,,6,,,1,,,,,,,,,0,11,,,,,,,,,3,,,16,,,,,
3929,,,,,,,,20,,,,,,,,,4,3,,,,,,,,,,,,,0,,,,,,,,,15,,,,3,,,,,9,,,,,,,,,,,,,,,,,,,,,14,,,,,,,,,,,,,13,,,,,,,,,17,,,18,,,,,
3930,,,,,,,2,5,,,,,,,,,9,,,,,,,4,,,,,5,,,,,3,,,,,,5,,,,24,0,,,,,,,,,,,,,1,,,,,,,,,,,,10,,,,,,,6,,,,,,8,,,,,,,1,,0,,,21,0,,,,
3931,,,,,,,,,,,,,,,,,,,,,,,,,,,1,,,,7,,,,,,,,,,,,,,,,,,8,,,,,,,,2,,,,,,,,,,,,,12,,12,,,,,,,,,,,10,,,,,,,,,17,,1,,,,,,
3932,,,,4,,,,,,,,,,,3,,,,,,,,,,,,,,,,,,,,,,,,,,,,,4,,,,,1,,,,,,,6,,,,,,,,,,,,4,,,3,0,,,,,,,,,,,5,,,,,,,,,,4,19,,,,,,
3933,,,,3,,,,,,,,,0,,9,,16,,,,,,,,,,,,0,,,,,,,,,,,,,,,8,4,,,0,80,,,,,,,,,,,,2,,2,,,,,,,23,,,,,,,,,,,,,,,,,,,,,,19,,21,,,,,,
3934,,,,,,,,7,,,,,,,,,10,,,,,,,,,,,,,,,,,,,,,,,4,,,,24,,,,,,0,,,,,,,,,,,,,,,,,,,,17,,,,,,,,,,,,,9,,,,,,,,,12,,12,22,,,,,
3935,,,,2,,0,,,,,,,,,3,,,,,,,,,,,,,,,,,,,,,,,,,,,,,2,,,,,8,,,,,,,,,,,,,,,,,,,,,6,,,,,,,,,,,,,2,,,,,,,,,12,,12,,,,,,
3936,7,,,,,,,,,,,,0,3,4,,,,,,,,,,,,,,1,,,,,,,,,,,,,,,5,,,,,72,0,,,,,4,,,,,,,,,1,,,,,,17,,,,,,,,,,,,,,,,0,,,,,,14,,22,28,,,,,
3937,,,,,,,6,,,,,,,,,,4,,,,,,,,,,,,,,14,,,,,,,,,1,,,,,,,,,,,,,,,2,,,,,,,,,,,,0,,,8,,17,,,,,,,,,,,,,,,,,,,,12,,17,,,,,,
3938,,,,,,,,23,,,,,,,,,2,,,,,,,,,,,,,,,,,,,,,,,4,,,,22,,,,,,,,,0,,,,,2,,,,,,1,,,,,6,14,,,,,,,,,,,,,2,,,,,,,,,8,,,20,,,,,
3939,,,,6,2,,,,,,,,,,5,,,,,,,,,,1,,,,,,,,,,,,,,,,,,,3,,,,,10,,,,,,,,,,,,,,,,,,,,,6,,,,5,,,,,,,,,4,1,5,,,,,,,,,,,,,,,
3940,,,,,,,,18,,,,,,,,,11,,,,,,,,,,,,,,,0,,,,,,,,9,,,,3,,,,,,,,,,,1,,,0,,,,,,,,,,,3,8,0,,,,,,,,,,,,12,,,,1,,,,,0,,,3,,0,,,
3941,,,,,,,3,,,,,,,,,,4,,,,,,,5,,,,,,,15,,,,,,,,,,0,,,5,,,,,91,,,,,,,,,,,,,,,,,0,,,,11,,,1,,,,,,,,,,8,,,,,,,,,13,,13,23,,,2,,
3942,,,,2,,,,,,,,,,,3,,,,,,,,,,,,,,,,,,,,,,,,,,,5,,2,,,,,8,,0,,,,,,,,,,,,,,,,,,,11,,16,,,,,,,,,,,2,,,,,,,,,17,,,,,0,,,
3943,,,,,,,,16,,,,,,,,,10,,,,,,,2,,,,8,,,,,,,,,,,,12,,,,19,,,,,,,,,,,0,,,,,,,,,4,,,,,,1,,,,,,,,,,,,,9,,,,,,,,,9,,,14,,,,,
3944,,,,,,,,16,,,,,,5,,,11,,,,0,,,,,,,,,,,,,,,,,1,,7,,,,22,,,,,8,2,,,,,,2,,,,,,,,,,,,,,15,,,4,,,,,,2,,,,13,,,,,,,,,12,0,,15,,,,,
3945,,,,,,,0,0,,,,,,,,,,,,,,,,,,,,,,4,8,,0,,,,,,,2,,1,,,,,,,,,,,,,,,,3,,,,,,,,,,,,11,,13,,,,,,,,,,,,,,,,,,,,16,,18,,,,,,
3946,,,,2,,,,,,,1,,,,,,,,,,,,,,,,,5,,,10,,,,,,,0,,,,,,,,,,,8,,4,,,,,,,,,,,,,,,,,0,,,,,,,,,,,,,,,,,,,,,,,,16,,19,,,,,,
3947,,,,,,,,,,,,,,,,,,,,,,,,,,,,,,,8,,,,,,,,,,,3,,,,,,,,,,,,,,,,,,,,,,,,,,,,12,,5,,,,,,,,,,,,,,,,,,,,17,,12,,,,,,
3948,,,,,,,,17,,,,,,,,,13,,,,,,,,,,,,0,,,,,,,,,,,1,,,,21,,,,,,,,,,,,,,3,,,,,,,,,,,,15,,,,,,,,,,,,,9,,,,,,,,,15,,,14,,,,,
3949,,,,4,,,0,,,,,,,,0,,,,,,,,,,,,,,4,,,,,,,,,,,,,0,,4,,,,,15,,,,,,,,,,,,,,,,,,,,,14,,,,3,,,,,,,,,6,,4,,,,,,1,,,,,,,,,
3950,,3,,7,,,,26,,,,,,,,,14,,,,4,,,,,,,,2,,,,,,,,,,,14,,,,18,,,,,,,,,0,,,,,,,,,,,,,,,,,6,,,,,,,,,,,,,3,,,,,,,,,12,,,23,,,,,
3951,,,,,,,,,,,,,,,,,,,,,,,,,,,,,,,1,,,,,,,,,,,,,,,0,,,,,,,,,0,,,,,,,,,,,,,,,15,,11,,,,,,,,,,,,,,,,,1,,,17,,15,,,,,,
3952,,,,2,,,,,,,,,,,4,,,,,,,,,,,,,,,,,,,,,,,,,,,,,6,,,,,3,,,,,,,2,,,,,,,,,,,,3,,,3,7,,,,,,,,,,,5,,,,,,,0,,,6,21,,,,,1,
3953,,4,,2,,,,24,,,,,,,3,,1,,,,,,,,,,,,,,,,,,,,,,,11,,,,,,,,,8,,,,,,,,,,,,,,,,,,,,,7,,,,,,,,0,0,,,,2,,,,,,,,,12,,,19,,,,,
3954,,,,3,,,,,,,,,,,,,0,,,,,,,,,,,,,,,,,,,4,,,,,,,,5,,,,,,,,,,,,0,,,,,,,,,,,,,,,,16,,,,,,0,,,,,18,,,,,,,,,12,,13,,,,,,5
3955,,,,,,,,,,,,,,,,,,,,,,,,1,,,,0,,,12,,,,,,,,,,,,,2,,,,,8,,,,,,,,,,,,,,,,,,,,,14,,14,,,,,,,,,,,2,,,,,,,,,18,,12,,,,,,
3956,,,,,,,3,1,,,,,,,,,6,,,,,,,,,,,,,0,12,,,,,,0,,,,,1,,,,3,2,,,,,,,,,,,,,,,,,,,,,1,,12,,16,,,,,,,,,,,,2,,,,,,,,15,,18,,,,,,
3957,,,,,,,,,,,,,,,1,,,,,,,,,,,,,,,,,,,,,,,,,,,,,2,,,,,11,,,,,,,,,,,,,,,,,,,,,,,,,,,,,,,,,,6,,,,,1,,,,18,,,0,,,,,
3958,,,0,,,,,,,,,,,,,,,,,,,1,,,,,,,0,,6,,,,,,,,,,,,,,,5,,,,,,,,,,,,,,,,,,,,,,,,13,,12,,,,,,,,,,,0,,,,,,,,,13,,5,,,,,,
3959,,,0,2,,,,26,,,,,,,3,,11,,,,,,,,,,,,,,,,,,,,,,2,6,,,,2,,1,,,0,,2,,,,,,,,,,,,,,,,,,,6,,,3,,,,,,,,2,,0,,,,,,,,,5,,12,22,,,,,
3960,,,,8,,,,,,,,,,,8,,18,9,,,,,,,,,,,,,,3,,,,,,,,,,,,5,6,,,4,80,,,,,,,,,,,,3,,,,,,,,,20,,,,,,,,,,,,,,,,,,,,,,20,,14,,,,,,
3961,,6,,,,,39,,,0,,,,,,,,,,,,,,,,,,,,,,,,,,,,,,5,,,,22,,,,,67,,,,,,,,,,,,,,,,,,,2,3,7,,,,,,,,,,,,,2,,1,,,,,,,,,18,,,,,0,
3962,,,,,,,,22,,,,,,,,,12,,,,,,,,,,,,,,,,,,,,,,,5,,,,17,,,,,,,,,,,,,,,,,,,,,,,,,,7,,,,,,,,,,,,,9,,,,,,,,,8,,,14,,,,,
3963,,,,6,3,,,,,,,,,,4,,,,,,,,,,0,,,,,,,,,,,,,,,,,,,3,,,,,9,,,,,,,,,,,,,,,,,,,,,7,,,,4,,,,,,,,,3,,6,,,,,,,,,,,,,,,
3964,,,,5,,,,,,,,,,,13,,,,,,,,,,,,,,,,,,,,,,,,,,,,,6,5,,,2,78,,,,,,,,,,,,3,,,,,,,0,,7,,,,,,,,,,,,0,,,,,,,,,,13,,0,,,,,,
3965,,,,,,,,,,,,,,,5,,,,,,,,,,,,,,,,,,,,,,,,,,,,,,,,,,13,,,,,,,,,,,,,,,,,,,,,,,,,,,,,,,,,,8,,1,,,,,,,12,,,,,,,,
3966,,,,,,,,11,,,,,,,,,10,,,,,,,,,,,3,,,,,,,,,,,,5,,,,24,,,,,,,,,,,,,,5,,,,,,,,,,,,12,,,,,,,,,,,,,10,,,,,,,,,13,,,4,,,,,
3967,,,,8,,,,,,,,,,,14,,21,,,,,,,,,,,,,,,,,,,,,,,,,,,5,2,,,2,74,,,2,,,,,,,,,1,,5,,,,,,,21,,,,,,,,,,,,,,,,,,,,,,15,,13,,,,,,
3968,,,,,,,,21,,,,,,,,,8,,,,,,,,,,,,,,,,,,8,,,,,14,,,,21,,,,,69,,,,,,,,,,,,,,,,,,,,,8,,,,,,,,,,,,,10,,,,,,,,,14,,,0,,,,,
3969,,,,,,,,,,,,,,,,,,,,,,,,0,,,,,,,8,1,,,,,,,,0,,,,,,,,,,,,,,,,,,,,,,,,,,,,,,11,,5,,,,,,,,,,,,,,,,,,,,18,,1,,,,,,
3970,,,,,,,0,29,,,,,,,,,12,,,,,,,,,,,,,,,,,9,,,,,,13,,,,2,0,0,,,,,,,,,,,,,,,,,,,,,,,,2,,,,,,,,,,,5,,3,,1,,,,,,,12,,12,14,,,,,
3971,,,,,0,,,20,0,,,,,,,,13,,,,,,,,,,,,,,,,,,,,,,,0,,,,23,,,,,,,,,,,,,,4,,,,,,,,,,,,10,,,,,,,,,,,,,9,,,,,,,,,16,,,19,,,,0,
3972,,,,,,,7,3,,,,,,,3,,3,,,,,,,,,0,,,,,14,,,,,,,,,,,,,,,,5,,,,,,,,,,,2,,,,,,,,,,,,12,,14,,,,,,,,,,,,,,,,,,,,16,,19,,,,,,
3973,,,,,,,,,,,,,,,,,,,,,,,,,,,,,,,5,,,,,,,0,,,,4,,,,,,,,,,,,,1,,,,,,,,,,,,,,,11,,6,,,,,,,,,,,,,,,,,,,,18,,14,,,,,0,
3974,,,,2,,,,,,,,,,,3,,,,,,,,,,,,,,,,,,,,,,,,,,,,,2,,,,,8,,,,,,,,,,,,,,,,,,,,,6,,,0,,,,,,,,,,2,,,,,,,,,12,,12,,,,,,
3975,,,,,,,,,,,,,,,2,,,,,,,,0,0,,,,,,,,,,,,,,,,,,,,,,,,,9,,,,,,,,,,,,7,,,,,,,,,,,,,,,,,,,,0,,6,,,,,,,,,19,,,,,,,,
3976,,,,,,,,,,,,,,,,,,,,,,,,,,,3,,,,6,,,,,,,,,,,,,,,,,,,,,,,,,,,,,,,,,,,,,,,11,,11,,,,,,,,,,,,,,,,,,,,0,,14,,,,,,
3977,2,,,,,,,,,,,,,5,3,,,2,,,,,,,,,,,0,,,,,,,,,,,,,,,13,,,,,91,,,0,,,,,,,,,,,,1,,,,,,15,,,,,,,,,,,,,2,,,,,,,,,12,,,40,,,,,
3978,,,,,,,,23,,,,,,,,,9,,,,,,,,,,,,,,14,,,,,1,,,,13,,,,23,,,,,,,,,,,,,,,,,,0,7,,,,,,,17,,,,,0,,,,2,,,,,,,,,,,,1,12,,,,,,1,1,
3979,,0,,5,,,,24,,,,,,,,,7,,,,,,,,,,,,,,,,,,,,,1,,16,,,,26,,,,,,,,,,,,,,,,,,,,,,,,,,10,,,,,,,,,,,2,,6,,,,,,,,,14,,13,24,,,,,
3980,,,,,,,,,,,,0,,,,,,2,,,,7,,,,,0,,,,,,,,,,,,,,,,,7,,,,,,,,,,,8,,,,0,,,,,,,,4,,,,,,,,,,,,,,,,,,,,,4,,,,,,,,,,,,
3981,,,2,,,,,,,,,,,,,,,6,,0,,9,,,,,4,,,,,,,,0,,,,,,,,,2,,,,,0,,,,1,,6,,,,1,,,,,,,,3,,,,,,,,,,,,,,,,,,,,,3,,,,,,3,,,,,,
3982,,4,,,,,,,,,,,,,,,,6,,,,5,,,,,8,,3,,,,,,,,,,,,,0,,5,,,,,,,,,,,10,,,,6,,0,,,,,,1,,,,,,,,,,,,,,,,,,,,,5,,,,,,1,,,,,,
3983,,5,,,,,,,,,,,,,,,,3,,,,4,,,,,6,,,,,,,,,,,,1,,,,,8,,,,,,,,,,,1,,,,1,,,,,,,,5,,,,,,,,,,,,,,,,,,,,,5,,,,,,,,,,,,
3984,,,,,,,,,,,,1,,,,,,3,,,,8,,,,,1,,,,,,,,,,,,,,,,,8,,,,,,,,,,,9,,,,1,,,,,,,,5,,,,0,,,,,,,,,,,,,,,,,5,,,,,,0,,0,,,,
3985,,8,,,,,,,,,0,2,,,,,,3,,,,9,,,,0,8,,,,,,,,,,,,,,,,,9,,,,,,,,,,,9,,,,1,,,,,,,,7,,,,,,,,,,,,,,,,,,,,,2,,,,,,,,,,,,
3986,,3,,,,,,,,,,,,,,,,7,,,,3,1,,,,7,,,,,,,,,,,,,,,,,8,,,,,,,,,,,9,,,,1,,,,,,,,7,,,,,,,,,,,,,,,,,,,0,,6,,,,,,,,,,,,
3987,,,,,,,,,,,,2,,,,,,3,,,,8,,,1,,1,,,,,,,,,,,,,,,,,8,,,,,,,,,,,,,,,1,,,,1,,,,,,,,,,,,,,,,,,,,,,,,,6,,,,,,,,,,,,
3988,,1,,,,,,,,,,3,,,,,,5,1,,,9,,,,,7,,,,,,,,,,,,,,,,,9,,,,,,,,,,,7,,,,7,,,,,,,,7,,,,,,,,,,,,,,,,,,,,,1,,,,,,,,,,,0,
3989,,,,,,,,,,,,2,,,,,,2,,,,9,,,,,2,,,,,,,,,,,,,,,,,8,,,,,,,,,1,,10,2,,,6,,,,,,,,,,,,,,,,,,,,,,,,,,,,,,,,,,,10,,,,,,
3990,,,,,,,,,,,,3,,,,,0,3,,,,9,,,,,3,,,,,,,,,,,,,,,,,8,,,,,,,,0,,,10,,,,2,,,,,,,2,6,,,,,,1,,,,,,,1,,,,,,,,,,,,,,,,,,,,
3991,,,,,,,,,,,,1,,,0,,,3,,,1,10,,,,,3,,,,,,,,,,,,,,,,,8,,,0,,,,,,,,9,3,,,6,,,,,,,,,,,,,,,,,,,,,,,,1,,,,,,,,,,1,10,0,,,,,
3992,,7,0,,0,,,,,,,,,,,,,4,,,,2,,,,,1,0,,,,,,,,,,,1,,,,,10,,,,,,,,,,,1,,,,1,,0,,,,,,7,,,,,,,,,,,,,,,,,,,,,5,,,,,,,,,,,,
3993,,7,,,,,,,,,1,1,,,,,,5,,,,8,,,,,8,,,,,,,,,,1,,,,,,,8,,,,,,,,,,,8,,,,7,,,,,,,,8,,,,,,,,,,,,,,,,,,,,,0,,,,,0,1,,,,,,
3994,,,4,,,,,,,,,,,,,,,7,,,,8,,,,,1,,1,,,,,,,,0,1,,,,,0,3,,,,0,,,,,,,4,,,,1,,,,,,,,2,,,,,,,,,,,,,,,,,,,,,4,,,,,,4,,,,,,
3995,,6,,,,,,,,,,3,,,,,,4,0,,,13,,,,,7,,,,,,,,,,0,,,,,,,9,,,,,,,,,,,8,,,,7,,,,,,,,6,,,,,,,,,,,,,,,,,,,,,3,,,,,,,,,,,,
3996,1,,,,,,,,,,,1,,,,,,3,,,,0,,,,,2,,2,,,,,,,,,,,,,,,6,,,,1,,,,,,,5,,,,2,,,0,,,,,3,,,,,,,,,,,,,,,,,,,,,6,,,,,,5,,,,,,
3997,,,2,,,,,,,,,,,,,,,5,,,,6,,,,,5,,0,,,,,,,,,,,,,,,0,,,,2,,,,,,,5,,,,5,,,,,,,,2,,,,,,,,,,,,,0,,,,,,,,3,,,,,,3,,,,,,
3998,,,1,,,,,,,,,,,,,,,6,,,,9,,,,,2,,3,,,,,,,,,,,,,,,6,,,,,,,,,,,2,,,,3,,,,,,,,3,,,,,,,,,,,,,,,,,,,,,4,,,,,,4,,,,,,
3999,,,,,,,,,,,,1,,,,,,7,,,,9,,,,,1,,,,,,,,,,,,,,,,,8,,,,,,,,,,,9,,,,2,,,,,,,,5,,,,,,,,,,,,,,,,,,,,,5,,,,,,5,,,,,,
4000,,6,,,0,,,,,,,,,,,,,3,,,,1,,,,,6,,,,,,,,,,,,,,,,,9,,,,,,,,,,,10,,,,0,,,,,,,,6,,,,,,,,,,,,,,,,,,,,,4,,,,,,2,,,,,,
4001,,,,,,,,,,,,1,,,,,,0,,,,8,,,,,1,1,,,,,,,,,,,,,,1,,8,,,,,,,,,,,9,,,,,,,,0,,,,5,,,,,,,,,,,,,,,,,,,,,,,,,,,,,,,,,
4002,,,,,,,,,,,,,,,,,,6,,,,10,,,,,3,,,,,,,,,,,,,,,,,5,,,,,,,0,,,,10,0,,,4,,,0,,,,,4,,,,,,,,,,,,,,,,,,,,,3,,,,,,6,,,,,,
4003,,5,,,,,,,,,,1,,,,,,7,,,,9,,,,,1,,0,,,,,,,,,,0,,,,,5,,,,,,,,,,,9,,,,5,,,,,,,,3,,,,,,0,,,,,,,,,,,,,,,2,,,,,,2,,,,,,
4004,,,,,,,,,,,2,3,,,,,,5,,,2,12,,,,,3,,,,,,,,,,,,,,,,,5,,,,,,,,,,,2,,,,6,,,,,,,,0,,,,,,,,,,,,,,,,,,,,,,,,,,,8,,,,,,
4005,,,,,,,,,,,,1,,,,,,8,,,,8,,,,,3,,,0,,,,,,,,,,,,,,7,,,,,,,,,,,9,,,,1,,,,,,,,5,,,,,,,,,,,,,,,,,,,,,5,,,,,,,,,,,,
4006,,,,,,,,,,,,1,,,,,,3,,,,8,,,,,4,,,,,,,,,,,,,,,,,8,,,,,,,,,,,12,2,,,1,,,,,,,,7,,,,,,,,,,,,,,,,,,,,,5,,,,,,9,,,,1,,
4007,,,,,,,,,,,,1,,,,,3,4,,,,9,,,,,1,,,,,,,,,,,,,,,,,9,,,,,,,,,,,9,,,,3,,,,,,,1,5,,,,,,0,,,,,,,3,,,,,,,,,,,,,,,,,,,,
4008,,,,,,,,,,,,1,,,,,,3,,,,8,,,,,1,,,,,,,,,,,,,,,,,8,,,,,,,0,,,,9,,,,1,,,,,,,,5,,,,,,,,,,,,,,,,,,,,,5,,,,,,,,,,,,
4009,0,6,3,,,,,,,,,,,,,,,4,,,,7,,,,,3,,2,,,,,,,,0,,,,,,,4,,,,,,,,,,,1,,,,4,,,,,,,,0,,,,,,,,,,,,,,,,,,,,,1,,,,,,2,,,,,,
4010,,,,,,,,,,,,1,,,,,,3,,,,8,,,,,1,,,,,,,,,,,,,,,,,8,,,,,,,,,,,9,,,,1,,,,,,,,5,,,,,,,,,,,,,,,,,,,,,5,,,,,,,,,,,,
4011,0,,,,,,,,,,,2,,,,,,1,,,31,9,,,,,1,18,,0,,,,,,,,,,,,,,8,,,,,,,,,0,,11,3,,,6,,,,0,,,,5,,,,,,,,,,,,,,,0,1,,,,,,,,,,1,10,,,,,,
4012,,,,,,,,,,,,1,,,,,,3,,,,8,,,0,,1,,,,,,,,,,,,,,,,,8,,,,,,,,,,,,,,,1,,,,0,,,,,,,,,,,,,,,,,,,,,,,,,5,,,,,,,,,,,,
4013,,,,,,,,,,,,1,,,,,0,5,,,,11,,,,,1,,,,,,,,,,,,,,,,,2,,,,,,,,,,,1,,,,5,,,,,,,,,,,,,,,,,,,,,,,,,,,,,,,,,,,,,,,,,
4014,,5,,,,,,,,,,,,,,,,8,,,,8,,,,,1,,,,,,,,,,,,,,,,,7,,,,,,,,,,,11,0,,,5,,,,,,,,7,,,,,,,,,,,,,,,,,,,,,6,,,,,,,,,,0,,
4015,,,,,,,,,,,,1,,,,,,3,,,,8,,,,,1,,,,,,,,,,,,,,,,,8,,,,,,,,,,,9,,,,1,,,,,,,,5,,,,,,,,,,,,,,,,,,,,,5,,,,,0,,,,,,,
4016,,,,,,,,,,,,1,,,,,1,5,,,,8,,,,,2,,,,,,,,,,,,,,0,,,10,,,,,,,,,,,9,,,,1,,,,,,,0,5,,,,,,1,,,,,,,2,,,,,,,,,,,,,,,,,,,,
4017,,4,,,,,,,,,,,,,,,,5,,,,3,,,,,5,,,,,,,,,,,,0,,,,,10,,,,,,,,,,,0,,,,2,,,,,,,,6,,,,,,,,,,,,,,,,,,,,,6,,,,,,,,,,,,
4018,,,3,,,,,,,,,,,,,,,3,,,,9,,,,,3,,,,,,,,,,,2,,,,,,0,,,,,1,,,,,,5,,,,1,,,,,,,,3,,,,,,,,,,,,,,,,,,,,,3,,,,,,4,,,,,,
4019,,,0,,,,,,,,,,,,,,,3,,,,8,,,,,4,,,,,,,,,,,,,,,,,5,,,,,,,,,0,,3,,,,8,,,,,,,,1,,,,,,,,,,,,,,,,,,,,,0,,,,,,4,,,,,,
4020,,,,,,,,,1,,,,,,,,,5,,,1,11,,,,,4,,,,,,,,,,,,,,,,,4,,,,,,,,,,,9,,,,7,,,,,,,,5,,,,,,,,,,,,,,,,,,,,,5,,,,,,7,,,,,,
4021,,0,,,,,,,,,,,,,,,,4,,0,,4,,,,,6,,,,,,,,,,,,,,0,1,,9,,,,,,,,,,,10,,,,2,,,,,,,,5,,,0,,,,,,,,,,,,,,,,,,6,,,,,,,,,,,,
4022,,,,,,,,,0,,,1,,,,,,3,,,,8,,,,,1,,,,,,,,,,,,,,,,,8,,,,,,,,,,,9,,,,1,,,,,,,,5,,,,,,,,,,,,,,,,,,0,,,5,,,,,,,,,,,,
4023,,7,,,,,,,,,,,,,,,,7,,,,9,,,,,2,,,,,,,,,,,,,,,,,1,,,,,,,,,,,0,,,,4,,,,,,,,3,,,,,,,,,,,,,,,,,,,,,2,,,,,,2,,,,,,
4024,,,,,,,,,,,,1,,,,,,3,,,,8,,,,,1,,,,,,,,,,,,,,,,,8,,,,,,,,,,,9,,,,1,,,,,,,,5,,,,,,,,,,,,,,,,,,,0,,5,,,,,,,,,,,,
4025,,,,,,,,,,,,2,,,,,2,4,,,,9,,,,,1,,,0,,,,,,,,,,,,,,9,,,,,,,,,,,0,,,,4,,0,,,,,,6,,,,,,1,,,,,,,0,,,,,,,,,,,,,,,,,,,,
4026,,5,,,,,,,,,,,,,,,,3,,,,0,2,,,,5,,,,,,,,,,,,,,,,,8,,,,,,,,,1,,11,,,,8,,,,,,,,5,,,,,,,,,,,,,,,,,,,,,5,,,,,,1,,,,,,
4027,,,,,,,,,,,,2,,,,,,6,,,,9,,,,,3,,,,,,,,,,,,,,,,,8,,,,,,,,,,,11,1,,,6,,,,,,,,6,,,,,,,,,,,,,,,,,,,,,4,,,,,,8,,,,0,,
4028,0,,,,,,,,,,,1,,,,,,3,,,,1,,,,,3,,,,,,,,,,,,,,,,0,7,,,,,,,,,,,9,,,,1,,,,,,,,5,,,,,,,,,,0,,,,,,,,,,,5,,,,,,6,,,,,,
4029,,,,,,,,,,,,2,,,,,,3,,,,9,,,,,1,0,,,,,,,,,,,,,,0,,8,,,,,,,,0,,,10,,,,,,,,,,,,5,,,,,,,,,,,,,,,,,,,,,,,,,,,,,,,,,
4030,,2,,,,,,,,,,,,,,,,4,,,,8,,,,,4,,,,,,,,,,,0,,,,,,4,,,,1,,,,,,,6,,,,7,,,,,,,,2,,,,,,,,,,,,,,,,,,,,,5,,,,,,0,,,,,,
4031,,,,,,,,,,,,2,,,,,,4,,,0,11,,,,,2,,,,,,,,,,,,,,,,,0,,,,,,,,,,,1,4,,,5,,,,,,,,,,,,,,,,,,,,,,,,0,,,,,,,,,,0,9,,,,,,
4032,,0,,,,,,,,,,3,,,,,,3,,,,8,,,,,1,,,,,,,,,,,,0,,,,,8,,,,,0,,,,,,9,2,,,7,,,,,,,,7,,,,,,,,,,,,,0,,,,,,,,5,,,,,,,,,,1,,
4033,,7,,,1,,,,,,,,0,,,,,8,,,,2,0,,,,7,,,,,,,,,,0,,,,,,,9,,,,,,,,,,,9,,,,2,,,,,,,,7,,,,,,,,,,,,,,,,,,,,,5,,,,,,,,,,,,
4034,,,,,,,,,,,,1,,,,,,8,,,,10,,,,,1,0,,,,,,,,,,,,,,,,2,,,,,,,,,,,9,,,,1,,,,,,,,5,,,,,0,,,,,,,,,,,,,,,,3,,,,,,,,,0,,,
4035,,,,,,,,,,,,1,,,,,,3,,,,8,,,,,1,,,,,,,,,,,,,,,,,8,,,,,,,,,,,9,,,,1,,,,,,,,5,,,,,0,,,,,,,0,,0,,,,0,,,5,,,,,,,,,0,,,0
4036,,,,,,,,,,,,1,,,,,,8,,,,10,,,,,0,,,,,,,,,,,,,,,,,8,,,,,,,,,,,10,,,,3,,,,,,,,5,,,,,,,,,,,,,,,,,,,,,6,,,,,,6,,,,,,
4037,,,,,,,,,0,,,,,,,,,6,,,,9,,,,,2,,,,,,,,,,,,,,,1,,6,,,,,,,,,,,10,,,,6,,,,,,,,2,,,,,,,,,,,,,,,,,,,,,6,,,,,,8,,0,,,,
4038,,,,,,,,,,,,,,,,,,7,,,,10,,,,,1,,,,,,,,,,,,,,,,,3,,,,,,,,,,,9,1,,,6,,,,,,,,,,,,,,,,,,,,,,,0,,,,,,,,0,,,,9,,,,,,
