nodeID,iter_1,iter_2,iter_3,iter_4,iter_5,iter_6,iter_7,iter_8,iter_9,iter_10,iter_11,iter_12,iter_13,iter_14,iter_15,iter_16,iter_17,iter_18,iter_19,iter_20,iter_21,iter_22,iter_23,iter_24,iter_25,iter_26,iter_27,iter_28,iter_29,iter_30,iter_31,iter_32,iter_33,iter_34,iter_35,iter_36,iter_37,iter_38,iter_39,iter_40,iter_41,iter_42,iter_43,iter_44,iter_45,iter_46,iter_47,iter_48,iter_49,iter_50,iter_51,iter_52,iter_53,iter_54,iter_55,iter_56,iter_57,iter_58,iter_59,iter_60,iter_61,iter_62,iter_63,iter_64,iter_65,iter_66,iter_67,iter_68,iter_69,iter_70,iter_71,iter_72,iter_73,iter_74,iter_75,iter_76,iter_77,iter_78,iter_79,iter_80,iter_81,iter_82,iter_83,iter_84,iter_85,iter_86,iter_87,iter_88,iter_89,iter_90,iter_91,iter_92,iter_93,iter_94,iter_95,iter_96,iter_97,iter_98,iter_99,iter_100
0,0,0,0,0,0,0,0,0,0,0,0,0,0,0,0,0,0,0,0,0,0,0,0,0,0,0,0,0,0,0,0,0,0,0,0,0,0,0,0,0,0,0,0,0,0,0,0,0,0,0,0,0,0,0,0,0,0,0,0,0,0,0,0,0,0,0,0,0,0,0,0,0,0,0,0,0,0,0,0,0,0,0,0,0,0,0,0,0,0,0,0,0,0,0,0,0,0,0,0,0
1,,1,,,,,,,,,,,,,,,,,,,,,,,,,,,,,,,,,,,,,,,,,,,,,,,,,,,,,,,,,7,,,,,,,,,,,,,,,,,,,,,,,,,,,,,,,,,,,,,,,3,,
2,,,,,,,,,,,,,,,,,,,,,,,1,,,,,,,,,,,,,,8,,1,,,,,,5,,,,5,,,,,,,,,,,,,,,,,,2,,,,,,,5,,,6,4,,,,,,,,,5,,,,,6,,,,,,,,
3,,,,,,1,,,,,,,,,,,,,,,,,,,,,,,,,,,,,,,,,,,,,,,,,,3,,,,,,,,,,,,,,,,,,,,,,,,,,,,,,,,,,1,,,,,,,,,,,,,,,,,,
4,,,,,,,4,,3,,,,,,,,5,,2,,,,,,,,,,5,,,,,,,,,,,,,,,5,,,3,2,1,,1,,,,,,7,,,,,,,,,,,,,2,1,,1,,,,,,,,,,,,,4,1,,,,,,,,,,,,,
5,,,,,,,2,,,,,,,,,,,,,,,,,,,,,,,,,,,,,,,,,,,,,,,,,,,1,,,,,,,1,,,,,,,,,,,,,,,,,,,,,,,,,,,,,,,,,,,,,,,,,,,
6,3,,,6,,,4,,,,,,,,1,,,,,,,,,,,2,,,,3,4,,7,,,,4,,,2,,,2,1,,,,,3,,,,,2,,,,1,,,,,5,,,,,,,,4,,,2,,,,1,,3,3,,,3,,,5,,,,,,2,,,,,,3,
7,,,,,,,,,,1,,,,,,,,,,,,,,,,,,,,,,,,,,,,,,,,,,,,,,,,,,,,,,,,,,,,,,,,,1,,,,,,,,4,,,2,,,,,,,,,,,,,,,,,,,2,,,
8,5,,,,,,5,,,2,4,,,3,,,,,,,,4,,,,,,,1,2,5,4,2,,,,2,,,,,,,3,,,2,,,,,,,,,,,,5,,4,,3,,,,,3,,,,,,1,2,1,,,,2,3,,,,,,,,,,,,4,,,,,,,
9,,,,,,,,,,,,,,,,,,,,4,,,,,,,,,,,,,4,,,,,,,,,,,,,,,,,,,,,,,,,,5,,,,,,,,,,,,,,,,,,,,,,,,,,,,,,,,,,,,,,,,,
10,1,,,,,,,,,,,,,,,,,,,,,,,,,,,,,,,,,,,,,,,,,,1,,,,,,,,,,,,,,,,,,,,,,,,,,,3,,,,,,,,,,,,,,,,,,,,,,,,,,,,,,
11,1,1,1,1,1,1,1,1,1,1,1,1,1,1,1,1,1,1,1,1,1,1,1,1,1,1,1,1,1,1,1,1,1,1,1,1,1,1,1,1,1,1,1,1,1,1,1,1,1,1,1,1,1,1,1,1,1,1,1,1,1,1,1,1,1,1,1,1,1,1,1,1,1,1,1,1,1,1,1,1,1,1,1,1,1,1,1,1,1,1,1,1,1,1,1,1,1,1,1,1
12,1,1,1,1,1,1,1,1,1,1,1,1,1,1,1,1,1,1,1,1,1,1,1,1,1,1,1,1,1,1,1,1,1,1,1,1,1,1,1,1,1,1,1,1,1,1,1,1,1,1,1,1,1,1,1,1,1,1,1,1,1,1,1,1,1,1,1,1,1,1,1,1,1,1,1,1,1,1,1,1,1,1,1,1,1,1,1,1,1,1,1,1,1,1,1,1,1,1,1,1
13,,,,,,,,,,,,,,,,,,,,,,,,,1,1,,,,,,,,,,,,,,,,,,,,,,,,,,,,,,,,,,,,,,,,,,,,,,,,,,,,,,,,,,,,,,,,,,,,,,,,,,
14,,,,,,,,,,,,,,,,,,,,,,,,,,,,,,,,,,,,,7,,,,,,,,1,,1,,5,,,,,,3,,,,,,,,,,,,,,,,,,,6,,,,,,,,,,,,,7,,,,,,,,,,,,,
15,1,1,1,1,1,1,1,1,1,1,1,1,1,1,1,1,1,1,1,1,1,1,1,1,1,1,1,1,1,1,1,1,1,1,1,1,1,1,1,1,1,1,1,1,1,1,1,1,1,1,1,1,1,1,1,1,1,1,1,1,1,1,1,1,1,1,1,1,1,1,1,1,1,1,1,1,1,1,1,1,1,1,1,1,1,1,1,1,1,1,1,1,1,1,1,1,1,1,1,1
16,,,,,,,,,,,,,,,,,,,,,,,,,,,,,,,,,,,,,,,,,,1,,,,,,,3,,,,,,,,,,,,,,,,,,,,,,,1,,,,,,,,,,,,,,,,,,,,,,,,,,,,
17,,,,3,,,,,,,,,,,,,,,,,,,,,,,,,,,,,,,,,5,,,,,,,,10,,,,9,,,,,,,,,,,,,,,,,,,,,,,,,9,,,,3,,,,,,,,,10,2,,,,3,,,,,,,,
18,1,1,1,1,1,1,1,1,1,1,1,1,1,1,1,1,1,1,1,1,1,1,1,1,1,1,1,1,1,1,1,1,1,1,1,1,1,1,1,1,1,1,1,1,1,1,1,1,1,1,1,1,1,1,1,1,1,1,1,1,1,1,1,1,1,1,1,1,1,1,1,1,1,1,1,1,1,1,1,1,1,1,1,1,1,1,1,1,1,1,1,1,1,1,1,1,1,1,1,1
19,,2,2,2,,,,,,,,,,,,,,,,,2,,,,,,,,,,,,4,,,,6,,,,,,,,7,,,,3,,,,,,,,,4,,,,,2,,,,,,,,,,,5,,2,,1,,,,,,5,,3,3,,,,,2,,,,,,,,1
20,,1,,,,,,,,,,,,,,,,,,,,,,,,,,,,,,,,,,,10,,,,,,,,2,,,,9,,,,,4,,,,,,,,,,1,,,,,,,,,,7,,,,,,,,,,,,,3,,,,,,,,,,,,,
21,,,,,,,,,,,,,,,,,,,,,,,,,,,,,,,,,,,,,,,,,,,,,,,,,,,,,,,,,,,3,,,,,,,,,,,,,,,,,,,,,,,,,,,,,,,,,,,,,,,,,2
22,,,,,,,,,,,,,,,,,,,,,,,,,,,,,,,,1,,,,,,,,1,,,4,,,,,,,,2,,,,,5,,,,,1,,,,,,,,,3,,,,,3,,,,,,,,,,1,,,,,,,,,,,,,,2,
23,,,,,,,,,,4,,,,,,,,,,,,,,,,,,,,,,,,,3,2,3,,,,,,,,7,,,,,1,,,,,,,,,5,,,,1,,,,,,,,,,3,,,,2,,,2,,,,,,,,,,,,,,,,,,,,
24,,,,,,,,,,,,,,,,,,,,,,,,,,,,,,,,,,,,,,,,,,,,,,,,,,,,,,,,,,,,,1,,,,1,,,,,,,,,,,,,,,,,,,,,,,,,1,,,,,,,,,,
25,,,,,,,,,,,,,,,,,,,,,,,,,,,,,,,,,,,,,,,,,,,,,,,,,,,,,,,,,,,,,,,,,,,,,,,,,,,,,,,,,,,,,,,,,,,,,,,,,,,,
26,,,,,,,,,,,,,,,,1,,,,,,,,,,,,,,,,,,,,,,,,,,,,,,,,,,,,,,,,,,,,,,,,,,,,,,,,,,,,,,,,,,,,,,,,,,,,,,,,,,,,
27,,,,,,,,,,,,,,1,,,1,,,,,,,,,,,,,1,,1,,,,,,,,,,,,,,,,1,,1,1,,,,1,5,,,,1,,,,,2,,,,,,,,,,,,,,,,2,,,,,,,,,,,,,,,,,1,,
28,,,,,,,,,,,,,,,,,,,,,,,,,,,,,,,,,,,,,13,,3,1,,,,,6,,,,8,,,,,,2,,,,,,1,,,,,,,,,,,,,9,,,,,,,,,,,,,5,,,,,,,,,,,,,
29,,,,,,,,,,,,,,,,,,1,,,,2,,,,,,,,,,,,,,,,,,,,,,,1,,,,,,,,,,2,,2,,3,,,,,,,,,,,,,,,,,,,,,,,,,2,,,,,,,,2,,1,,,,,,3
30,,,,,,,,,,,,,,,,1,,,,,,,,,,,,,,,,,,,,,,,,,,,,,,,,,,,,,,,,,,,4,1,,,,,,,,,,,,,,,,,,,,,,,1,,,,,,,,,,,,,,,,,
31,,,,,,,,,,,,,,,,,,,,,,,,,,,,,,,,,3,,,,,,,,,,,,,,,,,,,,,,,,,,,,,,,,,,,,,,,,,,,,,,,,,,,,,,,1,,,,,,,,,,,,
32,,,,,,,,1,3,,,,,,,,,,,,2,,,,,,,,,,,,,,,,2,,,,,,,,12,,,3,1,,,,,,,3,,,,,,,2,1,2,,,,,1,,,,11,,1,,,,,1,,,,,,10,2,,,,,,,,,,,,
33,1,2,,1,2,,2,2,1,1,1,,1,2,,2,2,1,1,1,1,,1,2,2,1,,1,2,,1,2,,1,,2,,1,2,1,2,2,,,,2,,1,,1,1,,,2,1,2,1,1,,,1,1,1,1,2,2,1,1,1,1,1,2,,1,1,,1,1,,2,2,1,,,2,1,,2,1,2,1,,1,,1,2,,2,,1
34,1,,,,3,,,,,,1,,1,,,,,,,,,1,,,1,,,,1,,2,3,,1,1,1,,,,,1,,1,1,,1,1,,,,,,,,,,4,,,,,,,,1,,,,,,1,,,1,,,,,,,,,,1,,,1,1,,1,1,,,1,,,,1,,
35,5,1,3,,,1,,1,,1,1,,,1,1,,1,1,1,,1,,,1,1,,,,3,,,,1,,1,1,,,1,6,1,1,1,,1,1,1,,1,1,,1,1,,1,,1,,,,,1,,1,6,1,2,,,,,,,,1,3,1,,1,,2,1,1,,1,1,1,,,1,1,1,3,,,,,,1,1
36,,,,,,,,,,,,,,,1,,,,,4,1,,1,,,,,,,,,,,,,,,,,,,,,,,,,1,,,,,,,,,,,,,,,,,,,1,,,,,,,,2,,,,,,,,,,,,,,,,,,,,,,,,,
37,1,1,1,1,1,1,1,1,1,1,1,1,1,1,1,1,1,1,1,1,1,1,1,1,1,1,1,1,1,1,1,1,1,1,1,1,1,1,1,1,1,1,1,1,1,1,1,1,1,1,1,1,1,1,1,1,1,1,1,1,1,1,1,1,1,1,1,1,1,1,1,1,1,1,1,1,1,1,1,1,1,1,1,1,1,1,1,1,1,1,1,1,1,1,1,1,1,1,1,1
38,,,,,,,,,,,,,,2,,,,,,1,,,,,,,,,2,,,,,,,,,1,,,,,,,,,,,,,1,,,,,,,,,1,,,,,,,,,,,,,,,,,,,,1,,,,,1,,,,,,,,1,1,,,1,,,
39,,,,,,,,,,,,,,,,,,,,,,,,,,,,,,,,,,,,,,,,,,,,,,,,,2,,,,,,,,,,,,,,,,,,,,,,,,,,,,,,,,,,,,,,,,,,,,,,,,,,,
40,,,,,,,,,,,,,,,,,,,,,,,,,,,,,,,,,,,,,,,,,,,1,,,,,,,,,,,,,,,,2,,,,,,,,,,,,,,,,1,,,,,,,,,,,,,,,,,,,,,,,,,
41,,,,,,,,,,,,,,,,,,,,,,,,,,,,,,,,,,,,,9,,,,,,,,14,,,,9,,,,,,,,,,,,,,,,,,,,,,,,,8,,,,,,,,,,,,,8,,,,,,,,,,,,,
42,1,1,,2,1,,1,1,2,1,1,,1,1,,1,1,1,1,1,2,,1,1,1,1,,2,1,,2,1,,2,,1,,1,1,1,1,1,,,,1,,1,,1,1,,,1,2,1,2,1,,,2,1,1,1,1,1,1,2,1,1,2,1,,2,2,,2,1,,1,1,2,,,1,1,,1,2,1,1,,1,,2,1,,1,,1
43,1,1,1,1,1,1,1,1,1,1,1,1,1,1,1,1,1,1,1,1,1,1,1,1,1,1,1,1,1,1,1,1,1,1,1,1,1,1,1,1,1,1,1,1,1,1,1,1,1,1,1,1,1,1,1,1,1,1,1,1,1,1,1,1,1,1,1,1,1,1,1,1,1,1,1,1,1,1,1,1,1,1,1,1,1,1,1,1,1,1,1,1,1,1,1,1,1,1,1,1
44,,2,,,,,,,,,,,,,,,,,1,,1,,,,,1,,,,,,,,,,,8,,,,,,,,3,,1,,8,,,,,,,,1,,,,,,,1,,,,,,,,,,1,,,,1,,,,,,,,,9,,1,2,,,,1,1,,,,,
45,,,1,,,,,,,,,,,,,,,,,,,,,,,,,,,,,,,,,,,,,,,,,,,,,,,,,,,,,,,,,,,,,,,,,,,,,,,2,,,,,,,1,,,,,,2,,,,,,,,,,,,,
46,3,,1,,,,,,,,,,,,,,,,,,,,,,,,,,,,,,6,,,,,,,6,,,,,,,,,1,5,,,,,,,,,,,1,,,,4,,,,,,,,,,,4,2,,,,,,,,1,,,,,,,,4,,,,,,,
47,1,1,1,1,,1,,1,2,,1,2,,,2,1,,,,,,1,,2,,,,,2,,,,1,1,,1,1,1,1,,1,1,2,1,1,,1,2,1,,1,,1,,,1,2,1,1,,1,1,1,1,2,1,1,2,1,,,1,1,2,2,1,1,1,1,1,,,1,,1,1,1,,,,,1,1,2,1,1,1,,1,2
48,,,,,,,,,,1,,,,1,,,,,,,,,,,,,,,,,,,,,,,,,,,,,,,,,,,,,,,,,,,,,6,,,,,,,,,,,,,,,,,,,,,,,,,,,,,,,,,,,,,,,,,
49,2,2,2,,1,3,2,2,,,2,,1,,1,,,3,2,3,,2,2,,,2,2,2,3,,,1,3,2,3,,2,2,2,2,3,2,,3,1,1,1,1,1,2,3,2,,1,,,2,3,,,,1,3,,3,1,1,,2,2,,2,,3,3,,,,2,,2,2,3,,,,2,,3,1,2,2,,2,2,,2,3,2,1
50,,,,,,,,1,,,,,,,,,,,,,,,,,,,,,,,,1,,,,,,,,,,,,,,,,,,,,,,,,,,3,,,,,,,,,,,,,,,,,,,1,,,,,,,,,,,,,,,,1,,,,,,,
51,,,,1,,,,,,,,,,3,,,,,,,,,,,,,,,,1,,,,,5,,,,,,,,,,,,,,,,,2,,,,,,,,,,,,,,,2,,,,,,,,,,,,2,,,,,1,,,,,,,,,,,,,,,,
52,1,1,3,1,3,3,4,,,1,2,1,1,1,,1,,1,1,3,,2,1,1,,1,2,1,1,,,1,1,1,1,,4,1,1,,1,4,3,1,1,1,3,3,3,,3,,,1,,1,1,1,,1,1,1,1,,1,1,1,1,1,1,,1,2,1,1,,,1,,,,,3,1,,2,1,1,3,1,1,1,1,4,1,,2,1,3,
53,,,,,,,,,,,,,,,,,,,,,,,,,,,,,,,,,,,,,,,,,,,,,,,,,,,,,,,,,,,,,,,,,,,,,,,,,,,1,,,,,,,,,,,,,,,,,,,,,,,,,
54,,,,1,,,,,,,,,,,,,,,,,,,,,,,,,,2,,,,,,,,,,,,,,,,,,,,,,,,,2,,,,7,,,,,,1,,,1,,,,,,,,,,,,,1,1,,,,,,,,,,,,,,,,,,
55,,,,,,,,,,,,,,,,,,,,,,,,,,,,,,,,,,,,,,,,,,,,,,,,,,,,,,,,,,,,,,,,,,,,,,,,,,,,,,,,,,,,,,,,1,,,,,,,,,,,,3
56,,,,,,,,,,,,,,,,,,,,,1,,,,,,,,,,,,,,,,,,,,,,,,,,,,,,,,,,,,,,3,,,,,,,,,,,,,,,,,,,,,,,,,,,,,,,,,,,,,,,,,
57,,,,,,,,,,,,,,,,,,,,3,,,,,,,,,,,,,,,,,,,,,,,,,,,,,,,,,,,,,,,,,,,,,,,,,,,,,,,,,,,,,,,,,,,,,,,,,,,,,,,,
58,3,,,,2,,1,2,29,2,,14,2,1,2,2,,2,,,,1,,3,,,2,1,,,1,,,,,2,5,,2,1,,4,,1,,4,2,2,1,1,1,2,22,1,1,,,2,1,,1,1,,1,,,3,6,,1,,,2,,,,,1,1,,1,,,1,2,1,,,,2,2,4,,3,3,,,1,,
59,,,,,,,,,,,,,,,,,,,,,,,,,,,,,,,,,,,,,,,,,,,,,,,,,,,,,,,,,,,,,,,,,,,,,,,,,,,,,,,,,,,,,,,,,,,,,,,,,,,,
60,,,,,,,,,,,,,,,,,1,1,,,1,,,,,,1,,,,,,,,,,,,,,,,,,,1,,,,,,,,,,,,,,,,,,,,,,,,,,,,,,,,,,,,,,,,,,,,,,,,,,,,,,
61,1,,1,,,,,,,3,1,,,,1,,,1,1,,1,,,1,2,,,,,1,5,2,1,,,1,4,2,,,,,1,5,8,1,6,,,,,,1,1,,,1,,1,,5,,4,1,1,,,1,,,,,4,,3,2,3,,,1,1,,,1,1,,,,,,1,1,,1,,,,,,1
62,,,,,,,,,,,,,,,,,,,,1,,,,,,,,,,,,,,,,,,,,,,,,,,,,,,,,,,,,,,,,,,,,,,,,,,,,,,,,,,,,,,,,,,,,,,,,,,,,,,,,
63,,,1,,,,,,,,,,,,,,,,,,,,,,,,,,,,,,,1,,,,,,,,,1,,,,,,,,,,,,,,,,,,,,,,,,,,,,,,,,,1,,,,,,,,,,,,,,,,,,,,,,,,4
64,6,2,,,,,3,,,,,,,,,,,,,,,,,1,,,,,,,,,,,,,,,18,,,,3,3,1,,,,,,,,,6,3,2,,,,,,4,,,,,,,,5,,,,,,,,,,,,,,4,,,,,,,1,,,,,,,,,
65,,,,,,,,,,,,,,,,,,,,,,,,,,,,,,,,,,,,,,,,,,,,,,,,,,,,,,,,,,,,,,,,,,,,1,,,,,,,,,,,,,,,,,,,,,,,1,,,,1,,,,,
66,,,,,,,,1,,1,,,,,,,,,,,,,,,,,,,,,,,,,,,,,,,,,,,,,,,,,,,,,,,,,,,,,,,,,,,,,,,,,,,,,,,,,,,,,,,,,,,1,,,,,,,
67,,,,,,,,,,,,,,,,,,,,,,,,,,,,,,,,,,,,,,,,,,,,,,,,,,,,,,,,,,,,,,,,,,,,,,,,,,,,,,,,,,,,,,,,,,,,,,,,,,,,
68,4,,2,,,,,,,,,,,,,,,,,,,,,,,,,,,,4,,7,,,,,,,5,,,,,,,,,,4,,,,,,,,,,,,,1,,7,,,,,1,,,,,3,1,4,,,,,,,,,,,,,,,,,,,,,,,
69,,,,,,,,,,,,,,,,,,,,,,,,,,,,,,,,,5,1,,,,,,,,,,,,,,,,,,,1,,,,,,1,,,,,,,,,,1,,,,,,,,,1,,,,,,,,,,,,,,,,1,,,,,,
70,1,5,1,,1,1,1,1,,,1,,1,1,,,1,1,1,,,,1,,,1,1,1,1,,,1,1,1,1,,1,,,1,1,,,,1,,1,1,1,4,3,1,,,1,1,,1,7,1,,,1,,1,1,1,1,,1,,,3,,,1,,1,1,1,2,1,,1,1,3,12,,1,1,,1,,,,1,,1,3,
71,,5,,,,,,4,,,,,,1,,,,,,1,1,,,,,1,,2,1,,1,5,1,,4,,1,,,,,2,,,1,,,1,,4,1,,,1,,,,,4,4,1,1,,2,,3,,1,,1,1,,1,,1,3,1,1,,,1,,,,,3,13,2,,,,,,1,1,2,,,1,
72,,,,,,,,,,,,,,1,,,,,,,,,,,,,2,,,,,,,,,,,,,,,,,,,,,,,,,,,,,,,,,,,,,,,,,,,,,,1,,,,,,,,,,,,1,,,,,,,,,,,,,,,
73,,,,,,,,2,,,1,,,,,,,,,,,,,,,,,,,,,,,,,,,,,3,,,,,1,,,,1,,,,,,,,,,5,,,,,,,,,,,,,,,,,,,,,,,,,,,,,,,,,,,,,,,,,
74,1,1,1,1,1,1,1,1,1,1,1,1,1,1,1,1,1,1,1,1,1,1,1,1,1,1,1,1,1,1,1,1,1,1,1,1,1,1,1,1,1,1,1,1,1,1,1,1,1,1,1,1,1,1,1,1,1,1,1,1,1,1,1,1,1,1,1,1,1,1,1,1,1,1,1,1,1,1,1,1,1,1,1,1,1,1,1,1,1,1,1,1,1,1,1,1,1,1,1,1
75,,,,,,,,,,,,,,,,,,,,,,,,,,,,,,,,,,1,,,,,,,,,,,,,,,1,,,,,,,,,,,,,,,,,,,,,,,,,,,,,,,,,,,,,,,,,,,,,,,,,,,
76,2,1,,,,1,,,,2,,2,2,,,2,,,1,1,2,,1,1,,,,,,,,,,,,1,,,,,,,1,,,,,1,2,1,,1,,,1,,1,,1,2,1,,,,,,,2,,,1,1,,,2,1,2,1,,1,,2,,,,,,,1,,,2,1,2,1,,1,,,1
77,,,,,,,,,,1,,,,,,,,,,,,,,,,,,,,2,,,1,,,,,,2,,,,,,,,,1,,,,,,,,,,,1,,,,,,1,,,,,,2,,1,,,,,,,,,,,,,,,,,2,,,,,,,,1,,
78,,,,,,,3,,4,,,,,,,,5,,,,,,,1,,,,,3,,,,,,,,,,,,,,,3,,1,2,,1,,6,,,,,,5,,,,,,,,1,,,,,4,,,4,,,,,,2,,,,,,,5,2,,,,,,,,,,,,,
79,,,,,,,,,,,,,,,,,,,,,,,,,,,,,,,,,,,,,,,1,,,,,1,,,,,,,1,,,,,,,,,1,,,,,,,,,,,,,,,,,,,,,,,,,,,,,,,,,,,,,,,,
80,,,,,,,,,,,,,,,,,,,,,,,,,,,,,,,,,,,,,,,,,,,,,,,,,,,,,,,,,,,,,,,,,,,,,,,,,,,,,,,,,,,,,,,,,,,,,,,,,,,,
81,1,1,2,,1,2,1,,2,2,,,2,,,1,2,1,,2,,1,1,,,2,1,,2,,3,,1,,2,,1,1,2,1,2,3,1,3,2,1,,4,,1,,,2,,1,,1,,1,,,1,,,,,,,2,1,,2,,,2,1,2,2,2,,,2,,,1,1,1,1,,,1,6,2,,1,2,,,1,2
82,,,,,,,,,,,,,,2,,,,,,,,,,,,,,,,,,,,,,,,,,,,,,,,,,,,,,,,,,,,,4,,,,,,,,,,,,,,,,,,,,,,,,,,,,,,,,,,,,,,,,,
83,,,,2,,,,,,,,,,2,,,,,,,,,,,1,,,1,,,,,1,,4,,,,,,,,,,,,,,,,,1,,,,,,,,,,,2,,,,1,,,,,,,,,,,,1,,,,,,,,,,,,2,,,,,,,,,
84,,,,,,,,,,,,,,1,,,,,,,,,,,,,,,,,,,,,,,,,,,1,,,,,,,,,,,,,,,,,,,,,,,,,,,,,,,,,,,,,,,,,,,3,,,,,,,,,,,,,,,,
85,,,,,,,,,,,,,,,,,,,,,,,,,,,,,,,,,,,1,,,,,,,,,,,,,,,,,,,,,,,,,,,,,,,,,1,,,,,,,,,,,,,,1,,,,,,,,,,,,,,,,,,
86,3,,4,,,,,,,,,1,2,,,,1,,,,,,,,6,,,,,1,5,,6,,,,,,,5,,,,,,,,,,5,,,,,,,,,,,,,,,2,,,,,,,,,,1,4,7,,,,,,,4,,,,,,2,,,,,,,1,,,
87,,,,,,,,,,,,,,,,,,1,,,,,,,,,,,,,,,,,,,,,,,,,,,,,,,,,,,,,,,,,,,,,,,,,,,,4,,,,,,,,,,,,,,,,,,,,,,,,,,,,,,
88,,,,,,,,,,,,,1,,,,,,,,,,,,,,,,,,,,,,,,,,,,,,,,,,,,,,,,,,,,,,,,,,,,,,,,,,,,,,,,,,,,,,,,,,,,,,,,,,,,1,,,
89,,,,4,,,2,,,,,,,,3,,,,,,,,,,,2,,,,1,4,,1,,,,3,,,1,,,3,,,,,,2,,,,,1,,,,3,,,,,4,,,,,,,,,1,,3,,,,2,,2,4,,,4,,,4,,,,,,2,,,,,,2,
90,1,1,1,1,,1,1,1,3,2,,1,,1,2,1,,1,1,1,,,,,,,1,,,,,,3,,1,1,1,,1,,1,1,1,1,2,1,,,,1,,2,1,3,1,2,1,1,1,1,1,1,1,,3,1,1,1,1,1,1,1,1,2,,1,1,1,1,,1,3,1,,,1,2,,1,1,1,,3,,2,1,3,3,,1
91,3,,,,,,3,,,1,3,,,3,,,,,,,,3,,,,,,,3,,3,2,,2,,,2,,,,,,,2,,,2,,,,2,,,,,,,,2,,1,,2,,,,,,,,,,,4,1,2,,,,4,,,,,,,,,,,,,1,,,,,,,
92,,,,,,,,,,,,,,,,,,,,,,,,,,,,,,,,,,,,,,,,,,,,,,,,,,,,,,,,,,,,,,,,,,,,,,,,,,,,,,,,,,,,,,,,,,,,,,,,,,,,
93,,,,,,,,,4,,,1,,,,,,,1,,1,,,,,,,,,,,,,,,,1,,,,,,,,13,,,1,7,,,,,,,1,,,,,,,1,1,2,,,,,1,,,,10,,2,,,1,,2,,,,,,9,,,,,,,,1,,,,,
94,,,,,,,,,,,,,,,,,,,,,,,1,,,,,,,,,,,,,,,,,,,,,,,,,,,,,,,,,,1,,,,,,,,,,,,,,,,,,,,,,,,,,,,,,,,,,,,,,,,,,,
95,,,,2,,2,3,,,,,,,,4,,,,,,,,,,,1,,,,4,3,,7,,,,4,,,,,,2,2,,,1,,1,,,,,5,,,,2,,,,,1,,,,,,,,4,,,1,,,,2,,3,2,,,2,,,6,,,,,,3,,,2,,,2,
96,,,,,,,,,,6,,,,,,,,,,,,,,,,,,,,,1,,,,,,,,,,,,,,1,,,,,,,,,,,,,1,,,,,,,,2,,,,,,,,,,,,,,,,,,,,,,,,,,,,,,,,,,
97,,1,2,,,,,,1,,1,2,,2,,1,,,,,,2,2,2,,1,2,3,,,3,3,4,3,2,,,3,2,,,2,,1,16,,,,1,2,1,,2,,3,,,,7,2,2,,,,1,1,,,,,,1,3,1,,3,,2,,,1,1,,1,,3,1,1,,,2,,1,,,1,,,3,
98,,,,,,,,,,,,,,,,,,,,,,,,,,,,,,,,,,,,,,,,,,,,,,,,,,,,,,,,,,,,,,,,,,,,,,,,,,,,,,,,,,,,,,,,,,,,,,,,,,,,
99,6,,3,,,,,,,,,,,,,,,,,,,,,,,,,,,,,,7,,,,,,,4,,,,,,1,,,,3,,,,,,,,,6,,,,,,6,,,,,,,,,,,4,5,,,,,,,,,,,,,,,,,,,,,,,
100,7,4,,,,,,,,,,,,,,,,,,,,,,,,,,,,,,,,,,,,,19,,,1,2,2,,,,,,,,,,5,4,1,,,,,,3,,,,,,,,5,,,,,,,,1,,,,,,6,,,,,,,,,,,,,,,,
101,,,,,,,,,,,,,,,,,,,,,,,,,,,,,,,,,,,,,,,,,,,,,,,,,,,,,,,,,,,8,,,,,,,,,,,,,,,,,,,,,,1,,,,,,1,,,,,,,,,,,,,
102,7,,4,,,,,,,,,,,2,,,,,,,1,,,,,,,,,,2,,1,1,,,,,3,1,,,,,,,,,,4,,,,,,,,,,,,,,,7,,,,,4,,,,,,1,6,,,,,,,1,,,,,,,,,,,,,,,,
103,,,,,1,,,1,,,,,,,,,,,,,,,,,,,,1,,,,,,,1,,,,,,,,,,,,,,,,,,,,1,,,,,,,,,,,,,,,,,,,,,,,,,,,,,,,,,,,,,,,,,,,,,
104,,,,,,,,,,,,,,,,,,,,,,,,,,,,,,,,,,,,,,,,,,,,,,,,,,,,,,,,,,,,,,,,,,,,,,,,,,,,,,,,,,,,,1,,,,,,,,,,,,,,,
105,,,,,,,,,,,,,,,,,,,,,,,,,,,,,,,,,2,,,,,,,,,,,,,,,,1,,,,,,,,,,,,,,,,,,,,1,,,,,,,,,,,,,,1,,,,,,,,,,,,,,,,,
106,,,,,,,,,,,,,,,,,,,1,,,,,,,,,,,,,,,,,,,,,,,,,,,,1,,,,,,,,1,,,,,,,,,,,,,,,,,1,,,,,,,,,,,,,,,,,,,,,,,,,,,,
107,0,0,0,0,0,0,0,0,0,0,0,0,0,0,0,0,0,0,0,0,0,0,0,0,0,0,0,0,0,0,0,0,0,0,0,0,0,0,0,0,0,0,0,0,0,0,0,0,0,0,0,0,0,0,0,0,0,0,0,0,0,0,0,0,0,0,0,0,0,0,0,0,0,0,0,0,0,0,0,0,0,0,0,0,0,0,0,0,0,0,0,0,0,0,0,0,0,0,0,0
108,,,,,,,,,,,,,,,,,1,,,2,,,,,,,1,,,,,,,,,,,,,,,,,,,,,,,,,,,,,,,,,,,,,,,,,,,,,,,,,,1,,,,,,,,,,,,,,,,,,,,,,,
109,,,,1,,,,,,,,,,,,,,,,,,,,,,,,,,,,,,,,,,1,,,,,,,,,,,,,,,,,,,,,,,,,,,,,,,,2,,,,,,,,,,,,,,,,,,,,,,,,,,,,,,
110,6,,,,,1,1,,,2,3,,,1,,,,,,,,3,,,,,,,1,,5,,,3,,,1,,,,,,,1,,,3,,,,,,,,,1,,,5,,3,,1,,,,,,,,2,,1,5,1,2,,,,3,,,,1,,,,,,1,,,3,,,,,,,
111,,,,,,,,,5,,,,,,,,,,,,,,,,,,,,,,,,,,,,11,4,,,,,,,11,,,,9,,,,,,,,,,,,,,,1,,,,,,,2,,,9,,,,,2,,,,,,,,9,,,1,,,,2,,,,,,
112,2,3,3,3,,,,,,,1,,,3,,,1,,1,,1,,,2,,,1,,,,,,5,,,,8,,1,,,,,1,8,1,,1,5,,,,,,2,2,,5,,1,,,3,,,1,,,,1,2,,,1,,3,,2,,,1,,,6,,1,5,,,,,3,,,,,,,,3
113,,,,,,,,,,,,,,,,,,,,,,,,,,,,,,,,,,,,,,,,,,,,,,,,,,,,,,,,,,,,,,,,,,,,,,,,,,,,,,,,,,,,,,,,,,,,,,,,,,,,
114,1,1,1,1,1,1,1,1,1,1,1,1,1,1,1,1,1,1,1,1,1,1,1,1,1,1,1,1,1,1,1,1,1,1,1,1,1,1,1,1,1,1,1,1,1,1,1,1,1,1,1,1,1,1,1,1,1,1,1,1,1,1,1,1,1,1,1,1,1,1,1,1,1,1,1,1,1,1,1,1,1,1,1,1,1,1,1,1,1,1,1,1,1,1,1,1,1,1,1,1
115,,,,,,,,,,,,,,,,,,,,,,,,,,,,,,,,,,,,,14,,,,,,,,7,,,,10,,,,,3,,,,,,,,,,,,,,,,,,,,5,,,,,,,,,,,,,2,,,,,4,,,,,,,,
116,,,,,,,,,,,,,1,,,,,,,,,,,,,,,,,,,,,,,,4,,,,,1,,,6,,,,6,,,,,,,,,,,,,,,,,,,,,,,,,7,,,,,,,,,,,,,10,,,,,,,,,,,,,
117,,,,,,,,,,,,,,1,,,,,,,,,,,,,,,,,,,,,,,,,,,,,,,,,,,,,,,,,,,,,,1,,,,,1,,,,,1,,,,,,,,,,2,,,,,,,1,,,,,,,,,,,,,
118,,,,,,,,,,,,,,,,,,,,,,,,,,,,,,,,,,,,,,,,,,,,,,,,,,,,,,,,,,,,,,,,,,,,,,,,,,,,,,,,,,,,,,,,,,,,,,,,,,,,
119,,,,,,,,,,,,,,,,,,,,,,,,,,,,,,,,,,,,,,,,,,,,,,,,,,,,,,,,,,,,,,,,,1,,,,,3,,,,,,,,,,,,,,,,,,,,,,,,,,,,,,
120,,,,2,2,,,,1,2,,2,,,,,,,2,,,2,,,,,,,,1,,1,,,,,,,1,,,,1,,2,,,2,,,,,,,1,,,,2,1,,,,1,,,2,,,,2,,,,,,,1,,1,,,,,,,,1,2,,,,,,,,,2,,
121,,,,,,,,,,,,,,,,,2,,,,,,,,,,,,,,,,,,,,1,,,,,,,,,,,,,,,,,,1,,,,2,,,,,,,,,,,,,,,,,,,,,,,,,,1,,,,,,,,,,,,,,,
122,,,3,,,,,,,,,,,,,,,,,,,,,,,,,,,,,,2,,,,,,,,,,,,,,,,,,,,,,,,,,,,,,,,,,,,,,,,,,,,,,,,,,,,,,,,,,,,,,,,,,,
123,,,,,,,,,,,,,,,,,,,,,,,,,,,,,,,,,,,,,,,,,,,,,,,,,,,,,,,,,,,,,,,,,,,,,,,,,,,,,,,,,,,,,,,,,,,,,,,,,,,,
124,,1,1,,3,2,,,1,2,,,,,,,1,,,,1,,,2,,2,,,,,1,,,,,3,,,,,2,1,2,,2,3,1,,,2,,,,,3,1,,,6,,1,,2,,2,,2,2,,4,,1,,,,,5,,,,,,,,,,,,,2,,,,,1,,,,,
125,,,,,,1,1,,,,,,,,,,,,,1,1,,,,,,,,,1,,1,,,,1,,,1,,,,,,,1,,,,,,,,,,1,,1,,,,1,,,,,,1,,4,,,,,1,,,,,,,,,,,,,,,,1,,,1,1,,,,,
126,,,,,,,,1,,,,,,,,,,,,,,,,,,,,,,,,,,,,,,,,2,3,,,,,,,,,,,,,,,,,,8,,,,,,,,,,,,1,,,,,,,,,,,,1,,,,,,,,,,,,,,,,,
127,,,,,,,,,,,,,,,,,,,,5,,,,,,,,,,,,,,,,1,,,,,,,,,,,,,,,,,,,,,,,,,,,,1,,,,,,,,,,,,,,,,,,,,,,,,,,,,,,,,,,,,
128,,,,,,,,,1,,,,,,,,,,,,,,,,,,,,,,,,,,,,,,,,,,,,,,,,,,,,,,,,,,,,,,,,,,,,,,,,,,,,,,,,,,,,,,,,,,,,,,,,,,,
129,,,,,,,,,,2,,,,,,,,,,,,,,,,,,,,,,,,,,,1,,,,,,2,,,,,,,,,,,,,,,,,,,,,,,,,,,,,,2,,1,,,,,,,,,,,,,,,,,,,,,,,,,1
130,,,,,,,,,,,,,,,,,,,,2,,,,,,,,,,,1,,,,,,,,,,,,,,,,,,,,,,,,,,,,,,,,,,,,,,,,,,,,2,,,,,,,,,,,,,,,,,,,,,,,,,
131,1,,4,,,,,,,,,,,1,,,,,,,1,,,,3,,,,,,1,,3,,,,,,,6,,,,,,,,,,3,,,,,,,,,,,,,,,6,,,1,,4,,,,1,3,4,8,,,,,,,,,,,,,,,,,,,,,,,
132,,,,,,,,,,,,,,,,,,,,,,,,,,,,,,,,,,,,,,,,,,,,,,,,,,,,,,,,,,2,,1,,,,,,,,,,,,,,,,,,,,,,,,,,,,,,,,,,,,,,,1,
133,,2,,,,,,,,,,,,,,,,,,,,2,,,,,,,,,,,,,,,,,,,,,,,,,,,,,,,,,,,,,,,,,,,,,,,,,,,,,,,,,,,,,,,,,,,,,,,,,,,,,,
134,,,,,,,,,,,,,,,,,,,,,,,,,,,,,,,,,,,,,,,,,,,,,,,,,,,,,,,,1,,,,,,,,,,,,,,,,,,,,,,,,,,,,,,,,1,,,,,,,,,,,,
135,,,,,,,,,,,,1,,,,,,,,6,,,,,,,,,,,,,,,,,,,,,,,,,,,,,,,,,,,,,,,,,,,,,,,,,,,,,,,2,,,,1,,,,,,,,,1,,,,,,,,,,,,
136,,,,,,,,,,,,,,,,,,,,,,,,,,,,,,,,,,,,,,,,,,,,,,,,,,,,,,,,,,1,,,,,,,,,,,,,,,,,,,,,,,,,,,,,,,,,,,,,,,,,,
137,,,,4,,,,,4,,,,,,,,,,,,,,,,,,,,,,,,,,,,2,,,,,,,,13,,,,8,,,2,1,,,3,,,,,,,,,,,,,,,,,,11,,,,,,,,,,,,,10,1,,,,,,,,,,,,
138,1,1,1,3,,,1,1,1,1,1,1,,1,,1,,1,,1,1,1,1,,,,1,1,1,,,,1,,,1,1,1,,1,,,,1,1,1,,,1,,1,,,1,1,,1,1,,,,1,3,,,,1,,,,1,1,1,1,1,1,,1,1,1,,,1,1,,1,4,1,1,1,,1,,1,,1,1,,,2
139,,,,,,,,,,,,,,,,,,,,2,,,,,,,,,,,2,,,,,,,,,,,,,,,,,,,,,,,,,,,,,,,,,,,,,,1,,,,,,1,,,,,,,,,,,,,,,,,,,,,,,,,
140,,,,,,,,,,,,,,,,1,,,,,,,,,,,,,,,,,,,,,3,,,,,,,,9,,,,8,,,,,,,1,,1,,,,,,,,,,,,,,,,10,,,,4,,,,,,,,,11,,,,,,,,,,,,,
141,,,,,,,,,,,,,,,,,,,,,,,,,,,,,,,,,,,,1,,,1,,,,,,,,,,,,,,,,,,,,,,,,,,,,,,,,,,,,,,,,,2,,,,,,,,,,,,,,,,,,,,
142,,,,,,,,,,,,,,,,,,,,,,,,,,,,,,,,,,,,,,,,,,,,,,,,,,,,,,,,,,,,,,,,,,,,,,,,,,,,,,,,,,,,,,,,,,,,,,,,,,,,
143,4,,2,,,,,,,,,,,,,,,,,,,,,2,2,,,,2,,,,6,,,,,,,5,,,,,,,,,,2,,,,,,,,,,,,,,,5,,1,,,,,,,,,2,2,,,,1,,,,,,,,,,,2,2,,,,,,,
144,,,,,,,,,,,,,,,,,,,,,,,,,,,,,,,,,,,,3,14,,,,,,,,10,,,,7,1,,,,,,,,,,,,,,,,,,,,,,,,11,,,3,,,,,,,,,,7,,,,,,,,,,,,,
145,3,2,3,1,,3,2,1,1,1,,,,2,1,3,,,1,1,,,,1,,,1,1,,1,,1,1,,1,2,,,1,,3,3,2,1,2,3,,,,2,1,1,3,1,2,2,1,1,3,3,1,3,1,,1,1,3,1,2,1,3,1,1,1,,,3,1,,1,1,1,1,1,,1,1,,3,3,3,,1,,2,3,1,1,1,1
146,,,,,,,,,,,,,,,,,,,,,,,,,,,,,,,,,3,,,,,,,,,,,,,,,,,,,,,,,,,,,,,,,,,,,,,,,,,,1,,,,,,,,,,,,,,,,,,,,,,,,1,
147,,,,1,,,4,1,,,,,,,3,,,,,,,,,,,3,,,,3,5,,6,,,,1,,1,,,1,1,,,,,,2,,,1,,4,,,,2,,,,,5,,,,,1,,,,,,3,,,,3,,1,3,,,1,,,7,,,,,,1,,,,,,2,1
148,,,,,,,,,,,,,,,,,,,,1,,,,,,,,,,,,,2,,,,,,,,,,,,,,,,,,,,,,,,,,,,,,,,,,,,,,,,,,,,,,,,,,,,,,,,,,,,,,,,,,,
149,,,,,,,,,,,,,,,,,,,,1,,,,,,,,,,,,,,,,,11,,1,,,,,,4,,,,4,,,,,,,,,,,,,,,,,,1,,,,,,,6,,,5,1,,,,,,,,,4,,,,,,,,,,1,,,
150,6,,,,,,,,28,,,,,,1,,1,,,,,,,,,,,,,,,,,,,,,,21,,,,,3,,,,,,,,,,4,2,2,,,,,,2,,,,,,,,4,,,,,,,,,,,,,,1,,,,,,,,,,,,,,,,
151,,,,,,,,,,,,,,,,,,,,,,,1,,,,,,,,,,,,,,8,,,,,,,,7,,,,6,,,,1,,1,,,,,,,,,1,,,,,,,,,,10,,,,,,,,,,,,1,9,,,,,,,,,,,,,
152,1,,,1,,,1,,6,,,,,2,,2,2,,,,,,,,,,1,,6,1,,,,,,,,,,,,,1,6,,1,3,1,1,,,,,,,,8,,,1,,,,1,,,1,1,,2,,,3,,3,,,,,,,,,,,5,6,,,,,,,,,,,1,,
153,1,1,1,,,,,1,,1,,1,1,1,,1,1,,1,1,1,1,,,1,1,,,1,1,1,1,1,1,1,,,,1,,1,,,,,1,,1,,1,,,,1,,1,1,1,1,1,1,,1,,,,1,,,1,1,,1,1,,1,,1,,1,1,,,1,1,1,1,,,1,,2,1,1,1,,,,,
154,1,1,,6,1,,6,1,1,,,1,,,5,,,1,1,,1,,1,1,1,1,,,1,1,2,1,7,1,1,,1,1,1,1,1,,5,,,,1,2,4,,,,,4,1,1,,1,,1,,1,7,,,,1,1,1,,1,,,1,,5,1,4,,1,1,,,6,1,1,7,1,,1,1,,1,1,1,1,1,,1,
155,,1,1,,1,2,2,,3,1,1,1,,,,,3,,,,3,1,,,,,,,,,2,,,,2,3,4,2,1,,2,1,2,2,2,1,,,,2,2,2,,,1,1,,,6,1,3,1,1,,2,1,2,1,,1,,3,,1,,2,3,,,1,,,,2,,1,1,,,2,,1,1,,,,2,1,,
156,,,1,1,1,,,,,,,,,,,,,,,,,,,,,,,,,,,,,,,,,,,,,,,,,,,,,,,,,,,,,,,,,1,,,,,,,,,,,,,,,,1,,,,,,,,,,,,,,,,,,,,,,
157,,2,2,,2,1,1,,2,1,1,2,,,,,2,1,,,2,,1,1,,1,,,,,1,,,,1,4,,1,2,,1,2,1,1,1,2,2,,,3,1,1,,,2,2,,,7,2,2,,1,,1,2,1,1,,2,,2,,2,,1,4,,,,1,1,,1,,1,1,,,1,,1,2,,2,,1,2,,
158,,,,,,,1,,,,,,,,,,,,,,1,,,,,,,,,,,,,,,,,,,,,,,,,,,,,,,,,,,,,,,,,,,,,,,,,,,,,,,,,,,,,,,,,,,,,,,,,,,,,,,
159,,,,,,,,,,,,,,,,,,,,6,,,,,,,,,,,1,,,,,,,,,,,,,,,,,,,,,,,,,,,,,,,,,,,,,,,,,,,,,,,,,,,,,,,,,,,,,,,,,,,,,
160,,,,,1,1,1,1,1,1,,1,1,1,,,1,1,,1,,,1,1,,,,1,,1,,,,,,1,1,,,1,1,,,1,,1,,,,1,1,1,1,,1,1,,3,1,1,3,1,,,,1,,1,1,1,1,1,1,1,,1,,,1,1,1,1,,,,,1,1,1,1,1,,2,1,,,,1,1,
161,,,,,,,,,,,,,,,,,,,,,,,,,,,,,,,,,,,,,,,,,,,,,,,,,,,,,,,,,,,,,,,,,,,,,,,,,,,,,,,,,,,,,,,,,,,,,,,,,,,,
162,,,,,,,,,,,,,,1,,,,,,,,,,,,,,,,,,,,,,,12,,,,,,,,3,,,,3,,,,,,,,,,,,,,,,,1,,1,,,1,,,5,,,1,2,,,,,,,1,,5,,,,,,,,,,,,,
163,8,,,,,,,,,,,,,,,,,,,,,,,,2,,,,,,,1,,,,3,,,,,,2,,4,,,,,,,,,1,,,,,,,,,1,,,,,,,,,,,,,,,,2,1,,,,,1,,,,,,,,,1,,,,,1,,
164,,,3,,1,,,,,1,1,,1,1,,,,,,,,,,1,,,1,,,,,,,,,,,,,1,,,,1,1,,,,,,,,,,1,,,,,1,,,,,,,,,,1,1,,,,1,1,,1,,,1,1,,,,1,,,1,,1,1,1,,,,,,,
165,,,,,,,,,,,,,,,,,,,,,,,,,,,,,,,,,,,,,,,,,,,,,,,,,,,,,,,,,,,,,,,,,,,,,,,,,,,,,,,,,,,,,,,,,,1,,,,,,,,,,
166,,,2,,3,,,2,1,,4,,,,,4,,,,2,,1,1,,2,1,,5,,,2,,,2,,,3,2,,3,1,1,,,,2,,,1,,2,,1,,,1,5,,,,,,,,,3,1,,1,,,2,,,,,1,,,1,,,,,,1,,,,4,,,,,2,,,1,,
167,,,,1,,,,,2,1,,3,,,,,,,,,,,1,,,,,1,,,,,,,,,1,4,,,,,,,13,,,2,2,,,,,,,2,,,,,,,,2,1,,,,1,2,4,,,13,,,,,,,,,,,,,11,1,,,,,,,,,,1,,
168,,,,,,,,,,,,,,,,,,,,,,,,,,,,,,1,,2,,,,,,,,,,,3,,,,,,,,3,,,,,,,,,1,2,,,,,,,,,1,,,1,,3,,,,,,,,,,,,,,,,,,,,,,,,1,
169,,,,,,,,,,,,,,,,,,,,3,,,,,,,,,,,,,,,,,,,,,,,,,,,,,,,,,,,,,,,3,,,,,,,,,,,,,,,,,,,,,,,,,,,,,,,,,,,,,,,,,
170,,,,,,,,,,,,,,,,,,,,,,,,,,,,,,,,,,,,,,,,,,,,,,,,,,,,,,,,,,,,,,,,,,,,,,3,,,,,1,,,,,,,,,,,,,,,,,,,,,,,,,
171,5,,,3,,,2,,27,16,,,,,5,1,,,1,,,,,,,,,,,,,,,,,2,3,,17,,,2,,,,2,1,,,,2,,21,3,3,,,,,,3,5,,,,,,3,,,,,,2,,,,,2,,,,2,2,,,,,,,14,1,,2,,20,,,,
172,,,,,,,,,,,,,,,,,,,,,,,,,,,,,,,,,,,,,,,,,,,,,,,,,,,,,,,,,,,,,,,,,,,,,,,,,,,,,,,,,,,,,,,,,,,,,,,,,,,,
173,,,,,2,,,,,,,,,,,5,,,,,,,,,1,,,,,,1,2,,2,,2,2,,,1,,,,,,2,,,,,,,,,,,3,,,,,,,,,1,,,,,,,,,,,,,1,,,,,1,,,2,,,5,,,,,,,,2,,
174,1,3,2,2,,,,,,,,1,,2,,,,,,,1,1,,1,,,,,,,,,6,,,,7,,,,,,,2,9,2,,2,4,,,,,,1,1,,6,,,,,3,,,2,,,,,1,,,2,,1,,3,,,1,,,6,,2,4,,,,,,,,,,,,,2
175,7,,1,,,,,,,,,,,,,,,,,,,,,,,,,,,,,,5,,,,,,,4,,,,,,,,,,2,,,,,1,,,,,,,,,,6,,,,,,,,,,,,3,,,3,,,,,,,,,,,,4,,,,,,,,
176,,,,,,,,,,,,,,,1,,,,,,,,,,,,,,,,,,3,,,,,,,,,,,,,,,,,,,,,,,,,,,,,,,,,,,,,,,,,,,,,,,,1,,,1,,1,,,,,,,,,,,,,,
177,3,,4,,,,,,,,,,,,,,,,,,,,,1,5,,,,,,2,,1,,,,,,,6,,,,,,,,,,4,,,,,,,,,,,,,,,1,,,,,,1,,,,4,3,1,,,,,,,,,,,,,,,,3,,,,,,,
178,,,,,1,,,,,,,,,,,,,,,,,,,,,,,,1,,,,,,,,,,,,,,,,,,,,,,,,,,,,,,,,,,,,,,,,,,,,,,,,,,,,3,,,,,,,,,,,,,,,,,,,
179,2,1,2,2,,2,1,2,2,1,,,,1,1,2,,,2,2,,,,,,,1,,,,,,2,,2,1,,,2,,2,2,1,2,1,2,,,,1,,1,2,2,1,1,2,2,2,2,2,2,2,,2,1,2,2,1,2,2,2,2,1,,,2,2,,,2,2,1,,,1,1,,2,2,2,,2,,1,2,2,2,,2
180,,,,,,,,,,,,,,,,,,,,,,,,,,,,,,,,,,,,,,1,,,,,,,,,,,,,,,,,,,,,,,,,,,,,,,,,,,,,,,,,,,,,,,,,,,,2,,,,,,,,,,
181,,,,,,,2,,6,,,,,,,1,1,,,,,,,,,,,,5,,,,,,,,,,,,,,,4,,,1,,,,8,,,,,,8,,,,,,,,,,,,,2,,,2,,,,,,1,,,,,,,4,3,,,,,,,,,,,,,
182,,2,1,1,,,,,2,,2,1,,1,,2,2,,,,,1,1,1,,2,1,4,,,2,2,1,2,1,,,2,1,,,1,1,2,17,,,,2,1,1,,1,1,2,,,,8,1,1,,,2,,2,,,,,,,4,1,,4,,1,,,2,,,1,,2,1,,,,1,,2,,,1,,2,4,
183,,3,1,,,,,1,1,1,,,,,1,,,,,1,1,1,1,,,,,1,,,,,,1,,1,1,,1,1,,,1,,,1,,1,1,1,,,,1,1,1,1,1,1,1,1,1,1,1,,,,,1,1,,1,,1,,,1,1,1,,1,,1,1,,1,1,1,,,,1,,,1,,,1,1,1
184,,,,,,,,,,,,,,,,,,,,5,,,,,,,,,,,,,,,,,,,,,,,,,,,,,,,,,,,,,,,,,,,,,,,,,,,,,,,,,,,,,,,,,,,,,,,,,,,,,,,,
185,,,,,,,,,,,,,,,,,,,,,,,,,,,,,,,,,,,,,,,,,,,,,,,,,,,,,,,,,,,,,,,,,,,,,,,,,,,,,,,,,,,,,,,,,,,,,,,,,,,,
186,,,,,,,,,,,,,,,,,,,,,,,,,,,,,,,,,,,,,,,,,,,,,,,,,,,,,,,,,,,,,,,,,,,,,,,,,,,,,1,,,,,,,,,,,,,,,,,,,,,,,
187,,,,,,,,,,,,,,,,,,,,,,,,,,,,,,,,,,,,,,,,,,,,1,,,,,,,,,,,,,,,,,,,,,,,,,,,,,,,,,,,,,,,,,,,,,,,,,,,,,,,,
188,,,,,,,,,,,,,,,,,,,,,,,,,,,,,,,,,,,,,,,,,,,,,,,,,,,,,,,,,,,,,,,,,,,,,,,,,,,,,,,,,,,,,1,,,,,,,,,,,,,,,
189,8,1,,,,,,,2,,1,,,,,,,,,,,,,,,,,,,,,,,,,,,,19,,,,,4,,,,,,,,,,6,1,1,,,,,,4,,,,,,,,4,,,,,,,,2,,1,,,,3,,,,,,,,,,,,,,,,
190,,,,1,,,,,,5,,,,1,1,,1,,,1,,,,,,2,2,,,,,,,,4,3,,,,,,,,,2,,,,,,,,,1,,,,2,2,,,,,,,1,,,1,,,,,,,,3,2,,3,,,,,,,,,,,,,,,,,,,,
191,,,1,1,1,1,,,,1,,1,,,1,,,,,,,,,,,,,1,,,2,,1,,1,,,,,,,1,,,,,,1,1,,,1,,,1,,1,,,,,,,,,,1,,1,,,1,,,2,,1,,,,1,,,1,1,1,,1,,,,,,,,,1,,1,
192,,,2,2,2,2,3,,,,1,,2,,,1,,2,3,2,,1,3,2,,,1,,2,,,2,2,2,2,,3,2,2,,2,3,2,2,1,2,2,2,2,,2,,,2,,,2,2,,,2,2,2,,2,2,2,,,2,,2,1,2,2,,,,,,,,2,2,,1,,,2,2,3,3,2,3,2,,1,2,2,
193,2,,,,,,5,,,2,5,,,5,,,,,,,,5,,,1,,,,3,,4,1,,5,,1,5,1,,,,,,4,,,5,,,,1,,,2,,,,,1,,4,,3,,,,,2,,,,,,,2,1,4,,,1,2,,,,1,,,,,,1,,,,,,,,,
194,,,,,,,,,,,,,,,,,1,,,,,,,,,,,,,,,,,,,,,,,,,,,,,,,,,,,,1,,,,,,1,,,,,,,,,,,,,,,,,,,,,,,,,,,,,,,,,,,,,,,,,
195,,,,,,,3,,6,,,,,,,,5,,1,,,,,,,,,,4,,,,,,,,,,,,,,,5,2,,1,,,,2,,1,,,,7,,,,,,,,,,,,,4,,,1,1,,,,,,,,,,,,1,1,,,,,,,,,,,,,
196,,,,1,,,,,,,,,,,,,3,,,,,,,,,,1,,,,,,,,,,,,,,,,,,,,,,,,,,,,,,,,,,,,,,,,,,,,,,,,,,,,,,,,,,,,,,,,,,,1,,,,,,
197,,,,,,,,,,,,,,,,,,,,1,,,,,,,,,,,,,,,,,,,,,,,,,,,,,,,,,,,,,,,,,,,,,,,,,,,,,,,,,,,,,,,,,,,,,,,,,,,,,,,,
198,,,1,,,,,1,,,3,,,,,3,,,,,4,,,,4,2,,4,,,2,,,,1,,,,,4,4,3,,,,8,,,2,,,6,,,,2,,1,,,,,,,,,1,,,4,,3,4,,,,,,,,,,,,,,3,,,3,,4,,,1,,,,,
199,,,,,,,,,,,,,,,,,,,,,,,,,,,,,,,,,,,,,,,,,,,,,,,,,,,,,,,,,,,5,,,,,,,,,,,,,,,,,,,,,,,,,,,,,,,,,,,,,,,,,
200,,,,,,,3,,,,,,,,,,,,,,,,,,,,,,,,,,,,,,,,,,,,,,,,,,,,,,,,,,,,,,,,,,,,,,,,,,,,,,,,,,,,,,,,,,,,,,,,,,,,,
201,2,,,,,,6,,,1,1,,,4,,1,,,1,,,1,,,,,,,3,3,2,3,,,,,3,,,,,,1,3,1,,1,,,,,1,,,,1,,1,4,,2,,4,,,,,4,,,,,,2,1,3,,,,3,,2,1,,,,,,,,,,1,,,,,,,
202,,,1,,1,1,,3,,,,,,,,6,,1,,1,,2,,,2,,,,,1,2,1,,1,,3,3,1,,2,,,,,,1,1,,2,,1,,1,,,,4,,,,,,,,,2,2,,,,,1,,,,,,,,,,,,,,,,,,5,,,,,3,,,3,1,
203,,,,,,,,,,2,,,,,,,,,,,,,,,,,,,,,,,,,,,,,,,,,,,,,,,,,,,,,,,,,,,,,,,,,,,,,,,,,,,,,,,,,,,,,,,,,,,,,,,,,,
204,,,,,,,,,,,,,,,,,,,,,,,,,,,,,,,,,,,,,,,,,,,,,,,,,,,,,,,,,,,,,,,,,,,,,,,,,,,,,,,,,,,,,,,,,,,,,,,1,,,,,
205,,,1,1,1,1,1,,,,2,,3,1,1,2,,1,4,1,1,1,1,1,,1,1,1,1,,1,3,1,3,1,1,4,1,1,1,3,1,1,1,1,1,3,3,3,,1,,,3,,,3,3,1,1,1,1,1,1,3,3,3,1,,1,,1,2,1,1,,1,,,,,1,1,1,,2,,,1,1,4,4,3,1,3,,1,1,1,
206,1,,,,,,,,,,1,,1,,,1,1,,,1,,,,3,1,,,,2,,,,,,,,2,,,2,1,1,,2,,,,,,,3,,,,,,,1,,,1,,,,,,1,,,,3,1,,,,,,,,,4,,,,,,,,,3,1,,2,,,,,1,1,
207,,,,,,,,1,,,,,,,,,,1,,,1,,,1,,,,,,,,,1,,,1,1,,,,,1,1,,,1,,,,,,,,,,1,,1,,1,,,,,,,1,1,,,,,,,,,,,,,1,1,,,1,,1,,,1,1,1,,,,,,,,
208,,,,,,,,,1,,,,,,1,,,,1,,,,,,,,,,,,,1,,,,,,,,2,,,,,,,,,,,,1,,,,,,,,,,,,,1,,,,,4,,,,,,,,,,,,,,,,,,,,,,,,,,,,,,
209,1,1,1,1,1,1,1,1,1,1,1,1,1,1,1,1,1,1,1,1,1,1,1,1,1,1,1,1,1,1,1,1,1,1,1,1,1,1,1,1,1,1,1,1,1,1,1,1,1,1,1,1,1,1,1,1,1,1,1,1,1,1,1,1,1,1,1,1,1,1,1,1,1,1,1,1,1,1,1,1,1,1,1,1,1,1,1,1,1,1,1,1,1,1,1,1,1,1,1,1
210,1,1,1,1,1,1,1,1,1,1,1,1,1,1,1,1,1,1,1,1,1,1,1,1,1,1,1,1,1,1,1,1,1,1,1,1,1,1,1,1,1,1,1,1,1,1,1,1,1,1,1,1,1,1,1,1,1,1,1,1,1,1,1,1,1,1,1,1,1,1,1,1,1,1,1,1,1,1,1,1,1,1,1,1,1,1,1,1,1,1,1,1,1,1,1,1,1,1,1,1
211,,,,,,,,,,,,,,,,,,,,,,,,,,,,,,,,,,,,,,,,,,1,,,,,,,,,,,,,,,,,,,,,,,,,,,,,,,,,,,,,,,,,,,,,,,,,,,,,,,,,,2
212,,,,,,,,,,,,,,,,,,,,,,,,,,,,,,,,,,,1,,,,,,,,,,,,,,,,1,,,,,,,,1,,,,,,,,,,,,,,,,,,,,3,,,,,,,,,,,,,,,,,,,,,
213,,,,,,,,,,,,,,,,,,,,,,,,,,,,,,,,,,,,,,,,,,,,,,,,,,,,2,,,,,,,,,,,,,,,,,,,,,,,,,,,,,,,,,,,,,,,,,,,,,,,,
214,,,,,,,,,,2,,,,,,,,,,,,,,,,,1,,,,,,,,,,6,,,,,,,,8,,,,8,,,,,,1,,,,,,,,,,,,,,,,,,,7,,,,2,,,,,,,,,10,,,,,,,,,,,,,
215,1,1,1,1,1,1,1,1,1,1,1,1,1,1,1,1,1,1,1,1,1,1,1,1,1,1,1,1,1,1,1,1,1,1,1,1,1,1,1,1,1,1,1,1,1,1,1,1,1,1,1,1,1,1,1,1,1,1,1,1,1,1,1,1,1,1,1,1,1,1,1,1,1,1,1,1,1,1,1,1,1,1,1,1,1,1,1,1,1,1,1,1,1,1,1,1,1,1,1,1
216,1,,1,1,,1,1,,1,,1,1,,,,1,1,1,,1,1,2,,1,1,1,1,,,1,,,,1,1,,4,1,1,1,,1,1,1,13,,1,1,2,,1,1,1,,1,1,,1,,1,,1,1,1,1,,1,1,,1,1,1,1,14,,1,1,,,1,,1,1,,1,,10,1,,,,,,,,,1,,,1
217,7,3,,4,,,,,1,,,,,,,,,,,,,,,,,,,,,,1,,,,,,,,20,,,3,1,1,,,,,,,,,,6,4,3,,,,,,3,,,,,,,,6,,,,,,,,,,1,,,1,5,,,,,,1,15,,,,,,,,,
218,,,,,,,1,,4,,,,,,,,2,,,,,,,,,,,,4,,,,,,,,,,,,,,,4,1,,2,,,,2,,,,,,2,,,,,,,,,,,,,6,,,4,1,,,,,,,,,,,,2,3,,,,,,,,,,,,,
219,2,,,5,,,5,,,,,2,,,4,,,,,,,,,,,3,,,,4,1,,6,,,,2,,2,3,2,,4,,,,,1,3,,,,,3,,,,2,,1,,,6,,,,,,,,2,,,4,,4,,3,,3,4,,,5,2,,6,,,,,,3,,,,,,2,
220,,,,,,,,,,,,,,,,,2,,,,,,,,1,,,,1,,,,,2,,,15,,,,,,,1,1,1,,,2,,1,,,4,,,,,,,,,,,,,1,,,,,1,,6,,,,,,,,,1,,,,1,,,,,5,,,2,,,1,,
221,,,1,,,,,,,,,,,,,,,,,,,,,,,,,,,,,,,,,,,,1,,,,,,,1,,,,,,,,,,,,,,,,,,,,,,,,3,,,,1,,,,,,,,,,,,,,,,,,,,,,,,,1,
222,,,,,,,,,,,1,,,,,,,,,,,,,,,,,,,,,,,,,,1,,,,,,,,,,,,,,,,,,,,,,,,,,,,,,,,,,,1,,,,,,3,,,,,,,,2,,,,1,,,,,,,,,,3
223,,,,,,,,,,,,,,,,,,,,,,,,,,,,,,,,,,,,,,,,,,,,,,,,,,,,,,,,,,,,,,,,,,,,,,,,,,,,,,,,,,,,,,,,,,,1,,,,,,,,,
224,,,,,,,,,,,,,,,,,,,,,,,,,,,,,,,,,1,,,,,,,,,,,,,,,,,,,,,,,,,,,,,,,,,,,,,,,,,,,,,,,,,,,,,,,,,,,,,,,,,,,
225,2,,1,,,,,,,,,,,,,,,,,,,,,,4,,,,,,4,,6,,,,,,,6,,,,,,,,,,3,,,,,,,,,,,,,,,7,,,,,3,,,,,2,4,8,,,,,,,,,,,,,1,,3,,,,,,,,
226,,2,,,,,,,,,,,,,,,,,,,,,,,,,,,,,,,,,,,10,,2,,,,,,3,,,,3,,,,,,,,,,,,,,,,,,,,,,,,,3,,,,,,,,,,,,,1,,,,,5,,,,,,,,
227,1,,3,,,,,,,,,,,,,,,,,,,,,,,,,,,,3,,3,,,,,,,5,,,,,,,,,,6,,,,,,,,,,,,,,,7,,,,,2,,,,,,,6,,,,,,,3,,,,,,,,,,,,,,,,
228,,,,,1,,1,,,1,,,,1,,,,,,,,,1,,1,,,,,1,,1,,,,1,,,,,1,,,,2,,,1,,1,1,,,,,,,,1,,,1,,,1,2,,,,,,,1,,,,,,,,1,1,1,,1,,,1,,1,,,1,,,,,,,
229,,,,2,,,,,,,,,,,,,1,1,,,1,,,,,1,1,,,,,,,,,,,,,1,,,,,,,,,,,1,,,1,,,,,1,,,,,,,,1,,,,,,,,,,,1,,4,,,,,,,,,,,,,,,,,,,,
230,,4,,,,,,2,,,,,,,,,,,,,,,,,,,,2,,,,4,3,,3,,2,,,,,,,,15,,,,,3,2,,,,,,,,6,3,,,,,,2,,,,,,,2,,,2,,3,,,1,,,,,2,11,,,2,,,,,,3,,,2,
231,,,,,,,,,,,,,,,,,,,,,,,,,,,,,,,,,,,,,,,,,,,,,,,,,,,,,,,,,,,2,,,,,,,,,,,,,,,,,,,,,,,,,1,,,,,,1,,,,,,,,,,
232,,,4,,,,1,,,,,,,,,,,,,,,,,,,,,,,1,,,,,,,,,,,,,,,,,,,,,,,,,,,,,,,,,,,,,,,,1,,,,,,,,,,,,,,,,,,,1,,,,,,,,,,,
233,1,1,2,1,1,1,1,1,1,1,1,1,1,1,1,1,,,1,1,,1,2,1,1,1,,2,1,,1,,2,,,1,,2,2,2,1,1,1,2,2,1,,2,,1,,1,1,,,,2,1,,2,1,2,2,2,1,1,1,1,2,2,1,1,1,2,1,2,1,,1,1,,2,2,2,2,,,1,1,2,2,2,1,,1,1,2,1,1,1
234,,,1,,1,,,1,,,,,,1,,1,,1,,,,,,1,,,1,1,,1,,,,1,,1,1,1,,1,1,1,1,1,1,1,1,,,,,1,1,1,,1,,,,,1,1,1,,,,,1,1,,1,1,1,,1,,1,1,3,,,,1,1,,,1,,,1,1,1,1,,,1,1,1,,1
235,,,2,2,,,3,,,1,,,,,,,,,,,,,,,,,,,1,,,,3,,,,,,,,,,,,,,,,,2,,,1,,,,,,4,,,,,,,,,,,,,,,,,,,2,,,,,,,,1,,,,,,,,,,,,,,1
236,,,,,,,,,,,,,,,,,,,,,,,,,,,,,,,,,1,,,,,,,,,,,,,,,,,,,,,,,,,,,,,,,,,,,,,,,,,,,,,,,,,,,,,,,,,,,,,,,,,2,,
237,,,,,,,,,,1,,,,4,,,,,,,,,,,2,,,,,,,1,,,,,,,,,,,,1,,,,,,,,,,,,,,,6,,,,,,,,,,1,,,,,,,,3,,,,,,,2,,,1,,,,1,1,,,,,,,,
238,,,,,,,,,,,,,,,,,,,,,,,,,,,,,,,,,,,,,,,,,,,,,,,,,,,,,,,,,,,,,,,,,,,,,,,,,,,,,,,,,,,,,,,,,,,,,,,,,,,,
239,,,,,,,,,,,,,,,,,,,,,,,,,,,1,,,,,,,,,,,,,,,,,,,,1,,,,,,,,,,,,,,,,,,,,,,,,,,,,,,,,2,,,,,,,,,,,,,,,,,,,,,
240,,,,,,,,,1,1,,,,,,,,,,,,,,1,1,,,,,,1,,1,,,,2,,,,,,,,,,,,,2,1,,,1,,,,,6,1,,,2,1,,1,,,1,,,,4,,,,,1,,,,,,,1,1,,,,2,,,,,,,,,,4
241,1,1,1,1,1,4,1,1,,,3,,1,1,1,,,4,1,4,,1,1,,1,1,3,1,4,1,,1,4,1,4,,1,1,1,3,1,1,,4,1,2,1,1,1,1,4,1,,2,,,1,4,,1,,2,1,1,4,2,2,1,1,1,,3,1,4,4,,,,1,,1,1,1,,,,3,,1,2,1,1,,1,1,,3,4,1,1
242,,,,,,,,,,,,,,,,,,,,,,,,,,,,,,,,,,,,,,,,,,,,,,,,,,,,,,,,,,,1,,,,,,,,,,,,,,,,,,,,,,,,,,,,,,,,,,,,,,,,,
243,,,,2,,,,,1,,,2,,,,,,,,,,1,,,,,,,,,,,,,,,3,2,,,,,,,12,,,,1,,1,,,,,,,,,,,,,2,,,,,,2,,1,,13,,,,,,,,,,,,,9,,,,,,,,,,,,,
244,1,,1,1,2,2,1,1,1,,1,2,,1,,1,1,1,,1,,1,2,1,1,1,,,2,,,2,1,1,1,2,1,2,2,,1,1,1,2,1,2,1,1,2,1,1,1,1,1,1,,2,1,1,,,1,2,2,2,1,1,1,,1,,,1,2,,2,1,2,,1,,,1,,2,,1,2,1,,,,2,2,2,2,2,,1,
245,4,,,,,,5,,,2,4,,,4,,,,,,,,3,,,,,,,,1,4,1,3,,4,1,1,,,,,,,4,8,1,1,,,1,3,,,,,,1,,4,,4,,3,,,,,,,,1,,,2,2,3,,,,3,,,,,,,,,,,,,5,,,,,,,
246,,,,,,,,,,,,,,,,,,,,,,,,,,,,,,,,,,,,,,,,,,,,,,,,,,1,,,,,,,,,,,,,,,,,,,,,1,,,,,,,,,,,,,,,,,,,,,,,,,,,,,
247,,,,1,1,,,,1,1,,1,,,,,,,1,,1,1,,,,,1,1,,,,1,,,,,,1,,,1,1,,,1,,,1,,,,1,,,2,,1,,1,2,,,,2,,,1,,,,1,,,,,1,,,,,,,,3,,,1,,1,,,1,,2,,,,1,,
248,,,,,,,2,,,,,,,,,,,,,,,,,,,,,,,,,,,,,,,,,,,,,,,,,,,,,,,,,,,,,,,,,,,,,,,,,,,,,,,,,,,,,,,,,,,,,,,,,,,1,,
249,,,,,,,,,,,,,,,,,2,,,,,,,,,,,,,,,,,,,,,,,,,,,5,,,,,,,,,,,,,,,,,,,,,,,,,,,,,,,,,,,,,,,,,,,,,,,,,,,,,,,,
250,,,,,1,,,,,1,,1,,,,,,,,,,,,,,,,,,,,1,,,,,,,,,,,,,,,,,,,,,,1,,,,,,1,,,,1,,,,,,1,,,,,,,,,,,,,,,,,,,,,,,,,,,,,,
251,,,,,,,,,,,,,,,,,,,,3,,,,,,,,,,,,,,,,,,,,,,,,,,,,,,,,,,,,,,,,,,,,,,,,,,,,,,,,,,,,,,,,,,,,,,,,,,1,,,,,2,
252,,,,,,,,,,,,,,,,,,,,,,,,,,,,,,,,,,,,,,,,,,,,,,,,,,,,,,,,,,,,,,,,,,,,,,,,,,,,,,,,,,,,,,,,,,,,,,,,,,,,4
253,,3,,2,,1,,1,3,,3,2,,2,,3,1,,,,,2,1,2,,1,1,5,,,1,1,1,1,2,,,1,2,,,,2,1,16,,,,3,1,1,,2,,1,,,,7,2,2,,,1,,3,,,,,,,1,1,,1,,2,,,3,,,,,1,2,,1,3,1,,3,,,1,,1,3,
254,,,,,,,,,,,,,,,,,,,,,,,,,,,1,,,,,,,,,,,,,,,,,,,,,,,,,,,,,,,,,,,,,,,,,,,,,,,,,,,,,,,,,,,,,,,,,,,,,,,,,
255,1,1,3,,1,4,1,1,,,1,,1,,1,,,4,3,1,,1,1,,,1,1,3,4,,1,2,1,1,1,,3,3,1,1,1,1,,1,2,2,2,2,2,1,4,1,,1,,1,1,4,,,1,2,4,,1,1,1,,1,3,1,1,,1,4,,,,3,,1,3,1,,1,,1,,1,1,3,1,,1,3,,1,4,1,2
256,1,2,1,1,1,1,1,2,2,1,1,1,1,2,2,1,,,2,1,,1,1,1,1,2,,1,1,,1,,1,,,2,,1,1,1,2,1,1,1,1,2,,1,,2,,2,2,,,,1,1,,1,2,1,1,1,1,2,1,2,1,1,1,1,1,1,2,1,1,,1,2,,1,1,1,1,,,2,2,1,1,1,1,,1,2,1,2,1,1
257,,,,,,,,,,,,,,,,,,,,,,,,,,,,,,,,,,,,,,,,,,,,,,,,,,,,,,,,,,,,,,,,,,,,,,,,,,,,,,,,,,,,,,,,,,,,,,,,,,,,
258,,,,,,,,,,,,,,,,,,,,,,,,,,,,,,,,,,,,,,,,,,,,,,,,,,,,,,,,,,,6,,,,,,,,,,,,,,,,,,,2,,,,,,,,,,1,,,,,,,,,,,,
259,1,,,,,,4,,,1,2,,,4,,,,,,,,2,,,,,,,2,,1,,,4,1,,3,,,,,,,3,,,4,,,,,,,,,,,,3,,3,,4,,,,,,,,,,,3,1,2,,,,2,,1,,,1,,,,,,,,6,,,,,,,
260,,,,,,,,,,,,,2,,,,,,,1,,,,2,,,,,,,,,,,,,,,,1,2,,,1,,,,,,,2,,,,,,,2,,,2,,,,,,,,2,3,2,2,2,,,2,,,,,,,,,,,2,,,2,,,1,,,,,,,
261,,,,,,,,,,,,,,1,,,,,,,,,,,,,,,,,,,3,,,,,,,,,,,,,,,,,,,,,,,,,,,,,,,,,,,,,,,,,,,,,,,,,,,,1,,,,,,,,,,,,,,,
262,,,,,,1,,,,,,,,,,,1,,,,,,,,,1,,,,,,,,1,1,,16,,,,,1,,,2,,,,1,,2,1,,4,,,,,,,,,,,,,,,,,,1,1,5,,,,,,,,,2,,,,1,,,,,1,1,,1,1,,,,1
263,6,,2,,,,,,,,,,,2,,,,,1,,,,,,,,,,,,1,,8,,,,,,2,3,,1,,,,,,,,5,,,,,,,,,,,,,,,7,,,,,2,,,,,,,4,,,,,,,2,1,,,,,,,,,,,1,,,,
264,2,,,,1,2,2,,,2,4,,1,2,,,,,,,,1,,1,,,,,3,,4,,1,1,,,3,,,,1,,,1,,,4,,,,,,,,,,,,4,,2,,5,,,,,,,,1,,,5,2,1,,,1,3,,,,,2,,1,,,,,,2,,,,,,,
265,,,,,,,,,,,,,,,,,,,,,,,,,,,,,,,,,,,,,,,,,,,,,,,,,,,,,,,,,,,,,,,,,,,,,,,,,,,,,,,,,,,,,,,,,,,,,,,,,,,,
266,,,,,,,,,,,,,,,,,,,,,,,,,,,,,,,,,,,,,,,,,,,,,,,,,,,,,,,,,,,,,,,,,,,,,,,,,,,,,,,,,,,,,,,,,,,,,,,,,,,,
267,1,1,,1,,1,,1,,1,1,,1,,,,1,1,1,,,1,,,,1,,1,1,,,,,,4,1,1,1,1,1,1,,,1,1,,,1,1,2,,1,1,,,1,,1,1,,,1,1,,1,1,,1,1,,,1,1,,,1,1,1,1,1,1,1,,1,1,1,,1,,1,,,1,,,,1,1,,1
268,,,,,,,,,,,,,,,,,,,,,,,1,1,,,,,,,,,,,,,,,,,,,,,,,,,,,,,,,,,,,,,,,,,,,,,,4,,,,,,,,1,,,,,,,,,,,,,,,,,,,,,,
269,2,,,,,,,,,3,,,,,,,3,3,,,,,,,,1,2,,,,2,,,,1,,6,,20,,,2,3,2,,,,3,,2,,,,1,,,,,2,,,4,,,,,,,,6,,,,,1,,3,3,3,,,,,,,1,,,,1,1,5,3,,2,1,,,,
270,1,1,,,,2,,,,1,,1,1,,,1,,,,,1,,,,,,,,,,,,,,,2,,,,,,,,,,,,2,1,,,,,,,,,1,,1,2,,,1,,,,1,,,,,,,1,,1,,,,,1,,,,,,,,1,,1,2,1,2,,,,,
271,,,,,,,,,,,,,,,,,,,,,,,,,,,,,,,,,,,,,,,,,,,,,,,,,,,,,,,,,,,,,,,,,,,,,,,,,,,,,,,,,,,,,,,,,,,,,,,,,,,,3
272,,,,,,,,,,,,,,,,,,,,,,,,,,,,,,,,,,,,,,,,,,,,,,,,,,,,,,,,,,,,,,,,,,,,,,,,,,,,,,,,,,,,,,,,,,,,,,,,,,,,
273,,,,,,,1,,2,,,,,,,,3,,,,,,,,,,,,4,,,,,,,,,,,,,,,1,3,,4,,,,7,,,,,,4,,,,,,,,,,,,,5,,,4,,,,,,,,,,,,,5,2,,,,,,,,,,,,,
274,,,,,,,,,,,,,,,,,,,,,,,,,,,,,,,1,,3,,,,,,,,,,,,,,,,,,,,,,,,,,,,,,,,,,,,,,1,,,,,,,,,,,,,,3,,,,,,,,,,,,,,,
275,,,,,,,2,,5,,,,,,,2,4,,,,,,,,,,,,1,,,,,,,,,,,,,,,5,,,2,,,,5,,,,,,3,,,,,,,,,,,,,1,2,,2,,,,,,,,,,,,,4,5,,,,,,,,,,,,,
276,,,,,,,,,,,,,,,,,1,,,,,,,,,,,,,,,,,,,,,,,,,,,,,,,,,,,,,,,,,,,,,,,,,,,,,,,,,,,,,,,,,,,,,,,,,,,,,,,,,,,
277,,,,,,,,,,,,,,,,,,,,,,,,,,,,,,,,,,,,,,,,,,,,,,,,,,,,,,,,,,,,,,,,,,,,,,,,,,,,,,,,,,,,,,,,,,,,,,,,,,,,
278,2,,3,,,,,,,,,,1,,,,,,,,,,,,,,,,,,,,2,,,,,,,5,,,,,,,,,,4,,,,,,,,,,,,,,,3,,2,,,,,,,,,3,7,,,,,,,,,,,,,,,,,,,,,,,
279,,1,,,,1,1,1,6,1,1,,1,1,1,1,,1,,1,1,,1,1,,,1,1,1,,,,1,,1,1,12,1,,1,,,,,12,,1,1,1,1,,1,1,,1,,1,1,,1,1,1,1,2,1,1,1,,,,1,1,,1,1,,1,,3,1,1,,1,1,,,1,1,,1,,1,1,1,,1,1,,,
280,,,,,,,,,,,,,,,,,,,,,,,,,,,,,,,,,,,,,,,,,,,,,,,,,,,,,,,,,,,,,,,,,,,,,,,,,,,,,,,,,,,,,,,,,,,,1,,,,,,,,
281,,,4,,,,,,,,,,,,,,,,,3,,,,,,,,,,,,,,,,,,,,,,,,,,,1,,,,,,,,,,,,,,,,,,,,,,,,,,,,,,,,,,,,,,,,,,,,,,,,,,,,1,
282,2,,2,1,1,1,1,2,2,,2,1,,1,,1,2,1,,2,,2,1,1,1,2,,,1,,,1,2,1,2,1,2,1,1,,2,1,2,1,1,1,1,1,1,1,1,1,1,2,1,,1,2,1,,,2,1,1,1,1,1,2,,2,,,2,1,,1,2,1,,2,,,2,,1,,2,1,1,,,,1,1,1,1,1,,1,
283,,,,,,,,,,,,,,1,,,,,,,,,1,,,,,,,,,,,,,,1,,,,2,,,,1,,,2,,,,,,,,,,,1,,,,,,,1,,,,,1,1,,,1,,,,,,,2,,,,,,,,,,,2,,,,,,,
284,,,,,,,,,,,,,,,,,,,,7,,,,,,,,,,,,,,,,,,,,,,,,,,,,,,,,,,,,,,,,,,,,,,,,,,1,,,,,,,,,,,,,,,,,,,,,,,,,,,,,,
285,,,2,,,,,,,,,,,,,,,,,,,,,,,,,,,,,,,,,,,,,,,,,,,,,,,,,,,,,,,,,,,,,,,,,,,2,,,,,,,,,,,,,,,,,,,,,,,,,,,,,,
286,2,1,1,1,2,1,2,,1,1,,1,1,,,2,1,1,,1,,1,1,1,,1,1,,1,,4,,2,,3,,2,2,1,2,1,4,2,4,1,2,,5,1,1,1,1,1,,1,,1,,1,,,2,1,,,,,,1,2,,1,,,1,2,1,1,1,,,1,1,,2,2,2,1,,,2,1,1,,2,3,,1,1,1
287,1,1,1,1,1,1,1,1,1,1,1,1,1,1,1,1,1,1,1,1,1,1,1,1,1,1,1,1,1,1,1,1,1,1,1,1,1,1,1,1,1,1,1,1,1,1,1,1,1,1,1,1,1,1,1,1,1,1,1,1,1,1,1,1,1,1,1,1,1,1,1,1,1,1,1,1,1,1,1,1,1,1,1,1,1,1,1,1,1,1,1,1,1,1,1,1,1,1,1,1
288,,,,1,1,,1,,,,,,,,,,1,,,,,,,,,,,,,,,1,,,,,,,,,,,,,1,,,,,1,,,,,,,,,7,,,,,,,,,,,,,1,,,,,,,,,,,,,1,,1,,,,,,,,,,,1,,
289,1,1,3,3,,,,,1,1,,,,,,,,,,,1,,,,,,,,,1,1,,,,,,7,,,,,1,1,,8,1,,,4,,,,,,2,4,,,,,,,1,,,,,,,,,,,6,,1,,2,,,,,,6,,,1,,,,,1,,,,,,,,
290,,1,,,,,,,1,,,,,,,,,,,,,,,,,,,,,,,,,,,,,,,,,,,,,,,,,,,,,,,,,,,,,,,,,1,,,,,,,,,,,,,,,,,,,,,,,,,,,,,,,,,,
291,,,,,,,,,,,,,,,,,,,,,,,,,,,,,,,,,,,,,,,,,,,,,,,,,,,,,,,,,,,,,,,,,,,,,,,,,,,,,,,,,,,,,,,,,,,,,,,,,,,,
292,1,1,1,1,1,1,1,1,1,1,1,1,1,1,1,1,1,1,1,1,1,1,1,1,1,1,1,1,1,1,1,1,1,1,1,1,1,1,1,1,1,1,1,1,1,1,1,1,1,1,1,1,1,1,1,1,1,1,1,1,1,1,1,1,1,1,1,1,1,1,1,1,1,1,1,1,1,1,1,1,1,1,1,1,1,1,1,1,1,1,1,1,1,1,1,1,1,1,1,1
293,2,1,1,1,,1,1,,,,,1,,1,,,,,,,1,,,2,,,,,,1,,1,5,1,,,8,,,,,,,1,8,3,,,4,,,,,,1,2,,5,,,,1,4,,1,3,,,,,,,,6,,2,,2,1,,2,,,6,,3,5,,,,,,,,,,,,1,2
294,,,1,1,,,,,,1,,,,,,1,,,,,,,1,,,,,,,1,,,2,,,,,,1,,,,,,,,,2,,,,,1,,,,1,,1,,,,,,,,,1,1,,1,,2,,,1,,,,,1,,1,,,1,1,,,1,,,,1,,,,1,1,
295,,,,,,,,,1,,,,,,,,,,,5,,,,,,,1,,,,,,,,,,,,,,,,,,,,,,,1,,,,,,,,,,,,,,,,,,,,,,,,,,1,,,,,,,,,,,,,,,,,,,,,,,,
296,5,,3,1,1,,,,,,,1,,1,,,,,2,,,,,,,,,,,,2,,2,2,,,,,1,2,,,,,,2,,,,4,,,,,,,,,,,,,,,8,,,,,3,,,,,,,6,,,,,,,2,2,,,,,,,,,,,,,,,1
297,,,,,,,,,,,,,,,,,,,,,,,,,,,,,,,,,,,,,,,,,,,,,,,,,,,,,,,,,,,,,,,,,,,,,,,,,,,,,,,,,,,,,,,,,,,,,,,,,,,,
298,,,,,1,,,,,,,,,,,,,,,,,,,,,,,,,,,,,,,1,,,,,,,,,,,,,,,1,,,,,,,,,,,,,,,,,,1,,,,,,,,,,,,,,,,2,,,,2,,,,,,,1,,,,
299,,,,,,,,,,,,,,,,,,,,,,,,,,,,,,,,,,1,,,,,,,,,,,,,,,,,,,,,,,,,7,,,,,,,,,,,,,,2,,,,,,,,,,,,,,,,,,,,,,,,,,,
300,,,,,,,,,,,,,,,1,,,,,,,,2,1,,,,,,1,,1,,,,,,,,,,,,,,,,,,,,,,,,,1,1,,,,,,,,1,,,,,,,1,,,,,,,,,,,,,,,,,,,,,,,,,,,
301,1,,1,2,,1,,2,1,,2,1,,,1,2,,,,,,2,,1,,,,,1,,,,1,,,2,1,1,1,,1,1,1,1,2,,1,1,,,,,2,,,1,1,,2,,,2,,2,1,2,2,1,,,,2,2,1,1,2,2,2,2,1,,,1,,2,1,1,,,,,1,2,1,,1,1,,1,1
302,,,,,,,,,,,,,,,,,,,,,,,,,,,,,,,,,,,,,,,,,,,,,,,,,,,,,,,,,,,,,,,,,,,,,,,,,,,,,,,,,,,,,,,,,,,,,,,,,,,,
303,,,,,,,,,,,,,,,,,,,,,,,,,,,,,,,,,,,,,,,,,,,,,,,,,,,,,,,,,,1,,,,,,,,,,,,,,,,,,,,,,,2,,,,,,1,,,,,,,,1,,,,,
304,,,,,,,,,,,,,,,,,,,,,,,,,,,,,,,,,,,,,,,,,,,,,,,,,,,,,,,,,,,,,,,,,,,,,,,,,,,,,,,,,,,,,,,,,,,,,,,,,,,,
305,1,1,,,1,,,,1,1,1,,,1,,1,1,1,1,1,,1,1,,1,1,1,,1,,1,,1,1,,,1,,,1,,,1,,6,,1,,1,1,1,,1,1,1,,,,,1,,1,1,1,1,1,,,,,,1,,1,1,1,,,2,,1,1,,,1,1,1,1,,1,1,,,,,,1,,,1
306,,,,,,,3,,1,,,,,,,,4,,,,,,,,,,,,2,,,,,,,,,,,,,,,5,,,3,,,,4,,,,,,6,1,,,,,,,2,,,,,5,,,3,,,,,,,,,,,,,3,4,,,,,,,,,,,,,
307,,5,,,,,,3,,,,,,2,,,,,,1,,,,,,2,,1,,,,5,2,,5,,2,,,,1,1,2,,16,,,,,5,2,,,,,,,,3,4,,1,,1,,3,,2,,,,,3,,2,1,2,4,,,2,,,,,1,12,1,,,,,,2,,1,,,1,
308,,,,,,,,,,,,,,,,,,,,,,,,,,,,,,,,,,,,,,,,,,,,,,,,,,2,,1,,,,,,,,,,,,,,,,,,,,,,,,,,,,,,,,,,,,,,,1,,,,,,,,,
309,,,,,,,,,,,,,,,,,1,,,4,,,,,,,,,,,,,,,,,1,1,,,,,,,1,,,,,,,,,,,,,,,,,,,,,,,,,,,,,,1,,,,,,,1,,,,,,,,,,1,,,,,,,,
310,,,,,,,,,1,,,,,,,,,,,,,,,,,,,,,,,,,,,,8,,,,,,,,11,,,,6,,,,,,2,,1,,,,,,,3,,,,,,3,3,,,10,,,,,,,,,,,,,8,,,,,,,,,,,,,
311,,,,,,,,,,,,,,,,,,,,,,,,,,,,,,1,,,1,,,,,,,,,,,,1,,,,,,,,,,,,,,,,,,,,,,,,,,,,,,,,,1,,,,,,,,,,,,,,,,,,,,,,
312,,,,,,,,,,,,,,,,,,,,,,,,,,,,,,,,,,,,,12,,,,,,,,5,,,,2,,,,,,,,,,,,,,,,,,,,,,,,,4,,,,,1,,,,,,,,8,,,,,,,,,,,,,
313,,,,,,,,,,,,,,,,,,,,,,,,,,,,,,,,,,,,,,,,,,,,,,,,,,,,,,,,,,,,,,,,,,,,,,,,,,,,,,,,,,,,,,,,,,,,,,,,,,,,
314,,,,,,,,,,,,,,,,,,,,,,,,,,,,,,,,,,,,,,,,,,,,,1,,,,,,,,,,,,,2,,,,,,,,,,,,1,,,,,,,,1,,,,1,,,,,,,,,,,,,,,,,,
315,,,,,,,,,,,,,,,,,,,,,,,,,,,,,,,,,,,,,,,,,,,,,,,,,,,,,,,,,,,6,,,,,,,,,,,,,,,,5,,,,,,,,,,,,,,,,,,,,,,,,,
316,,1,,1,1,1,1,,1,,,1,1,1,,1,,1,1,1,,,1,1,1,,1,,,,,,1,,1,1,,1,,,1,,1,1,,,1,1,,2,1,,,1,1,1,1,,,,1,,1,1,1,1,1,,1,1,,,,1,1,,1,,1,,1,,1,,1,,,1,1,,1,1,1,1,1,1,,,,
317,,,,,,,1,,,,,,,,,,1,,,,,,,,,,,,,,,,,,,,,,,,,,,,1,,,,,,,,,,,,,,1,,,,,,,,,,,,,,,,2,,,,,,,,,1,,,,,,,1,,,,,,,1,,
318,,,,,,,,,1,,,,,2,,,,,,,,,,,,,,,,,,,,,,,,,,,,,,,,,,,,,,,,,,,,,,,,,,,,,,,,,,,,,,,,,,,,,,,,,,,,,,,,,,,,1,,
319,,,,3,,,3,,,,,1,,,2,,,,,,,,,,,,,,,2,2,,5,,,,5,,,,,,1,,,,,,2,,,,,6,,,,2,,,,,3,,,,,,,,3,,,3,,3,,1,,2,3,,,4,,,6,,,,,,,,,,,,1,
320,,,,,,,,,,,,,,,,,,,,4,,,,,,,,,,,,,,,,,,,,,,,,,,,,,,,,,,,,,,,,,,,,,,2,,,,,,,,,,,,,,,,,,,,,,,,,,,,,,,,,,
321,5,,1,,,,1,,,,1,1,,1,,1,,1,,,,,,1,3,,,1,1,,,,6,1,,1,1,,1,1,,,,,,,,1,,1,,,,,,,,,1,1,,,,,1,1,1,,,,,,,,,1,1,,,4,2,,1,,,,,,,,,1,1,,,,,,1,
322,,,,,,,,,,,,,,,,,,,,,,,,,,,,,,,,,,,,,,,,,,,,,,,,,,,,,,,,,,,,,,,,,,,,,,,,,,,,,,,,,,,,,,,,,,,,,,,,,,,,
323,,,,,,,,,,,,,,,,,,,,3,,,,,,,,,,,,,,,,,,,,,,,,,,,,,,,,,,,,,,,,,,,,,,,,,,,,,,,,,,,,,,,,,,,,,,,,,,,,,,,,
324,,,,,,,,,,,,,,,,,,,,,,,,,,,,,,,,,,,,,,,,,,,,,,,,,,,,,,,,4,,,,,,,,,,,,,,,,,,,,,,,,,,,,,,,,,,,,,,,,,,,,
325,,,,,,,,,,,,,,,,,,,,,,,,,,,,,,,,,,,,,,,,,,,,,,,,,,,,,,,,,,,,,,,,,,,,,,,,,,,,,,2,,,,,,,,,,,1,,,,,,,,,,,5
326,,,,,1,,,,,,,,,,,,,,,,,,,,,,,,,,,,,,,,11,,,,,,,,4,,,,7,,,,,,,,,,,,,,,,,,,,,,,,,10,,,,,,,,,,,,,6,,,,,,,,,,,,,
327,,,,3,,1,1,,,,,2,,,3,1,,,,,,,,,,,,,,1,3,,2,,,,5,,,2,,,4,1,,,,,2,,,,,6,,1,,3,,,,,1,,,,,,,,5,,,2,,,,2,,3,1,,1,1,,,1,,,,,,,,,1,,,1,
328,,,,,,,2,,5,,,,,,,,4,,,,,,,,,,,,3,,,,,,,,,,,,,,,2,,,3,,,,3,,,,,,1,,,,,,,,,,,,,3,,,3,,,,,,,,,,,,,6,4,,,,,,,,,,,,,
329,,,,,,,,,,,,,,,,,,,,,,,,,,,,,,,,,,,,,,,,,,,,,,,,,,,,,,,,,,,,,,,,,,,,,,,,,,,,,,,,,,,,,,,,,,,,,,,,,,,,
330,,,,,,,,,,,,,,,,,,,,,,,,,,,,,,,,,,,,,,,,,,,,,,,,,1,,,,,,,,,,,,,,,,,,,,,,,,,,,,,,,,,,,,,,,,,,,,,,,,,,,
331,,,,,,,,,,,,,,,,,,,,,,,,,,,,,,,,,,,,,,,,,,,,,2,,,,2,,,,,,,,,,1,,,,,,,,,,,,,,,,,,,,,,,,,,,,,,,,,,,,,,,,,
332,,,,,,,,,,,,,,,,,,,,2,,,,,,,,,,,,1,,,,,,,,1,,,,,,,,,,,,,,,,,,,,,,,,,,,,,,,,,,,,,,,,,,,,,,,,,,,,,,,,,,,,
333,,3,,,,,,,,,,,,,,,1,,,,,,,1,,,,,,,,,,,,1,9,,,,,,,,1,,,,8,,,,,,,,,,,,,,,,,,,1,,,,1,,7,1,,2,3,,,,,,,,,5,,,,,,,,,,,,,
334,,,,,,,,,,,,,,,,,,,,,,,,,,,,,,,,,,,,,,,,,,,,,,,,,,,,,,,,,,,,,,,,,,,,,,,,,,,,,,,,,,,,,,,,,,,,,,,,,,,,
335,1,1,1,1,1,1,1,1,1,1,1,1,1,1,1,1,1,1,1,1,1,1,1,1,1,1,1,1,1,1,1,1,1,1,1,1,1,1,1,1,1,1,1,1,1,1,1,1,1,1,1,1,1,1,1,1,1,1,1,1,1,1,1,1,1,1,1,1,1,1,1,1,1,1,1,1,1,1,1,1,1,1,1,1,1,1,1,1,1,1,1,1,1,1,1,1,1,1,1,1
336,,1,,,,,,,,,,,2,,1,,1,,1,,,1,,1,,,,1,,,,,1,,,1,,1,1,,,,1,,,1,1,,,,,,,,,,1,,,,1,1,1,,1,,,,,1,,,1,1,,,,,,1,,,,1,,,,1,,,,,,1,,1,2,,,
337,,,,,,,,,4,,,,,,,,,,,,,,,1,1,,,,,,,,,,,,9,3,,,,,,,12,,,,2,,,1,,,,,,,,,,,,1,,,,,,2,3,,,12,,,,,,,,,,,,,1,,,,,1,,,,,,,,
338,,,,,,,1,,,,,,,,,,,,1,,,3,,,,,,,,,,,,,,,,,,,,,,,,,1,,,,,,,,,,,,4,,,,,,,,,,,,,,,,,,,,1,1,,,,,,,1,,,,2,,,,,,,,,
339,,,,,,,,,,,,,,1,,,,,,,,,,,,,,,,,,,,,,,,,,,,,,,,,,,,,,,,,,,,,,,,,,,,,,,,2,,,,,2,,,,,,,,,,,,,,,,,,,,2,,,,,
340,,,,,,,,,1,,,,,2,,,,,,,1,,,,,,,,,,,,,1,,,,,,,,,,,,,,,,,,3,,,,1,,,,,,,,,,,2,,,,,,,,3,,,1,,,,,,,,,,,,,,1,,,,,3,,,
341,,,,,,,,,,,,,,,,,,,,,,,,,,,,,,,,,,,,,,,,,,,,,,,,,,,,,,,1,,,,6,1,1,,,,,,,1,,,,,,,,,,,,,1,,,,2,,,,,1,,,,,,,,,,
342,,,,,,,,,,,,,,,,,,,,,,,,,,,,,,,,,,,,,,,,,,,,,,,,,,,,,,,,,,,,,,,,,,,,,,,,,,,,,,,,,,,,,,,,,,,,,,,,,,,,1
343,,,,,,,,,,,,,,,,,,,2,,,,,,,,,,,,,,,,,,7,,,,,,,,6,,,,7,,,,,,2,,,,,,,,,,,,,,,,,,,2,,,4,2,,,,,,,,,9,,,,,,,,,,,,,
344,,,,,,,,,,,,,,,,,,,,,,,,,,,1,,,,,,,,,,,,,,,,,,,,,,,,,,,,,,,,,,,,,,,,,,,1,,,,,,,,2,,,,,,,,,,,,,,,,,,,,,,
345,,,,,,,,,,,,,,,,,,,,,,,,,,,,,,,,,,,,,1,,,,,,,,,,,,,,,,,,,,,,,,,,,,,,,,,1,,,1,,,,,,,,,,,,,,,,,,,,,,,,,,,
346,,,,,,,,,,,,,,,,,,,,,,,,,,,,,,,,,,,,,,,,,,,,,,,,,,,,,,,,,,,,,,,,,,,,,,,,,,,,,,,,,,,,,,,,,,,,,,,,,,,,
347,,,,,,,,,,,,,,,,,,,,,,,,,,,,,,1,,1,,,1,,,,,,,,1,1,,,,,,,1,,,,,,1,,,,3,,1,,,,,,,2,,,,,4,,,,,,,,,,,1,,,,,,,,,,,,,,
348,0,0,0,0,0,0,0,0,0,0,0,0,0,0,0,0,0,0,0,0,0,0,0,0,0,0,0,0,0,0,0,0,0,0,0,0,0,0,0,0,0,0,0,0,0,0,0,0,0,0,0,0,0,0,0,0,0,0,0,0,0,0,0,0,0,0,0,0,0,0,0,0,0,0,0,0,0,0,0,0,0,0,0,0,0,0,0,0,0,0,0,0,0,0,0,0,0,0,0,0
349,,1,3,,,,,,,,,,,,,,,,,,,,3,,,,,,,,,,,,,,,,,,,3,,,1,,1,,,,,,,,,,1,,,,,,,,,,,,,,,,,,,,,1,1,,,1,,,,,,,,,,,,,,,,,,
350,,,,,,,,,,,,,,,,,,,,,,,,,,,,,,,,,,,,,,,,,,,,,,,,,,,,1,,,,,,,,,,,,,2,,,,,,,,,,,,,,,,,,,4,,,,,,,,,,,2,,,,,
351,2,,4,,,,,2,,,4,1,,1,,3,,2,,,7,,,,,,,1,,,1,,,,2,1,,,,1,4,1,,,,7,,,1,,,5,1,,,8,,,,,,,,,2,,1,3,1,2,,3,3,,,,,,,,,,,,,,3,,,6,,1,,,6,,,,,
352,,,,,,,2,,,,,,,,,,,,,,,,,,,,,,,,,,,,,,,,,,,,,,,,,,,,,,,,,,,,,,,,,,,,,,,,,,,,,,,,,,,,,,,,,,,,,,,,,,,,,
353,,,,,,,,,,,,,,,,,,,,,,,,,,,,,,,,,,,,,,,,,,,,,,,,,,,,,,,,,,,,,,,,,,,,,,,,,,,,,,,,,,,,,,,,,,,,,,,,,,,,
354,,,,,,,2,,,,,,,,,,,,,,,,,,,,,,,,,,,,,,,,,,,,,,,,,,,,,,,,,,,,,,,1,,,,,,,,,,,,,,,,,,,,,,,,,,,,,,,,,,,,,,
355,,,,,,,1,,,,,,,,,,,,,,,,,,,,,,,,,,,,,,,,,,,,,,,,,,,,,,,,,,,,,,,,,,,,,,,,,,,,,,,,,,,,,,,,,,,,,,,,,,,,,
356,1,1,2,,1,1,2,4,,,2,,2,,,,,2,1,,2,,2,5,1,,,2,1,,,1,,1,1,,,2,,2,,,,1,1,2,2,1,,5,2,,,1,,1,,2,,,3,,2,,,5,,,1,2,2,2,,3,,3,1,,5,5,,,1,,1,3,,,3,,2,2,,2,,2,2,1,2,
357,,,,,,,,,,,,,,3,,,,,,,,,,,,,,,,,,,,,,,,,,,,,2,,,,1,,,,,,,,,,,,,,,,,,,,,,,,,,,,,,,,,,,,,,,,,,11,,,,,,,,,,,
358,1,1,1,1,1,1,1,1,1,1,1,1,1,1,1,1,1,1,1,1,1,1,1,1,1,1,1,1,1,1,1,1,1,1,1,1,1,1,1,1,1,1,1,1,1,1,1,1,1,1,1,1,1,1,1,1,1,1,1,1,1,1,1,1,1,1,1,1,1,1,1,1,1,1,1,1,1,1,1,1,1,1,1,1,1,1,1,1,1,1,1,1,1,1,1,1,1,1,1,1
359,,,,4,,,,,,,,,,,,,,,,,,,,,,,,,,,,,,,,,,,,,,,,,,,,,,,,,,,,,,,,,,,,,,,,,,,,,,,,,,,,,,,,,,,,,,,,,,,,,,,,
360,,,,,,,,,,,,,,,,,,,,,,,,,,,,,,,,,,,,,,,,,,,,,,,,,,,,,,,,,,,,,,,,,,,,,,,,,,,,,,,,,,,,,,,,,,,,,,,,,,,,
361,,,,,,,3,,,,,,,,,,,,,,,,,,,,,,,,,,,,,,,,,,,,,,,,,,,1,,,,,,,,,,,,,,,,,,,,,,,,,,,,,,,,,,,,,,,,,,2,,,,,,,,
362,,,,,,,,,,,,,,,,,,,,,,,,,,,,,,,,,,,,,,,,,,,,,,,,,,,,,,,,,,,,,,,,,,,,,,,,,,,,,,,,,,,,,,,,,,,,,,,,,,,,
363,,,,,,,,,,,,,,,,,,,,,,,,,,,,,,,,,,,,,,,,,,,,,,,,,,,,,,,,,,,,,,,,,,,,,,,,,1,,,,,,,,,,,,,,,,,,,,,,,,,,,
364,1,,3,,,,,1,,,2,,,,,2,,,,,6,,,,,,,1,,,1,,,,,,,,,3,3,2,,,,5,,,4,,,3,,1,,4,,,,,,,,,,,1,2,,3,,4,2,,,,,,,,,,,,,,2,,,5,,2,,,5,,,,,
365,,,,,,,,,,,,,,,,,1,,,,1,,,,,,,,,,,,,,,,,,,,,,,,1,,,,,,,1,,,,,,1,,,,,1,,,,,,,,,,,,,,,,1,,,,,,,,,,,,,,,,,,,,,
366,,,,,,,,,,,,,,,,,,,,,,,,,,,,,,,,,,,,,,,,,,,,,,,,,,,,,,19,,,,,,,,,,,1,,,,,,,,,,,,,,,,,,,,,,,,,,,,,,,,,,,
367,,,,,,,,,,,1,,,,,,,,,,,,,,1,,,,,3,,,,,,,,,,,,,,,,,,,,,,,,,,,,,,,,,,,,,,,,1,,,,,,,,,,,,,,,,,,,,,,,,,,,,,,
368,,,,,,,,,,,,,,,,,,,,,,,,,,,,,,,,,,,,,,,,,,,,,,,,,,,,,,,,,,,,,,,,,,,,,,,,,,,,1,,,,,,,,,1,,,,,,,,,,,,1,,,
369,,,,,,,,,,,,,,,,,,,,,,,,,,,,3,,,,,,,,,,,,,,,,,,,,,,,,,,,,,,,,,,,,,,,,1,,,,,,,1,1,,,,,,,,,,,,,6,,,,,,,,,,,
370,,,,2,,,,,,,,,,,,,,,,,,,,,,,,,,,,,,,,,,,,,,,,,,,,,,,,,,,,,,,,,,,,,,,,,,,,,,,,,,,,,,,,,,,,,,,,,,,,,,,,
371,,,,,,,,,,1,,,,,,,1,,1,,,,,,,1,4,,,,,,,,,,,,,,,,,,,,,,,1,,,,,,,1,,,,,1,,,,,,1,,,,,,,,1,,1,,,,,1,,,,,,,1,,,1,,,1,,,,
372,,,,,,,,,,,,,,,,,,,,,,,,,,,,,,,,,,,,,,,,,,,,,,,,,,2,,,,,,,,,,,,1,,,,,,,,,,,,,,,,,,,,,,,,,,,,,,,,,,,,,,
373,,,,,,,,,,,,,,,,,,,,,,,,,,,,,,,,,,,,,,,,,1,,,,,,,,,,,,,,,,,,,,,,,,,,,,,,,,,,,,,,,,,,,,,,,,,,,,,,,,,,,
374,,,,,,,,,,,,,,,,,,,,,,,,,,,,,,,,,,,,,,,,,,,,,,,,,,,,,,,,,,,,,,,,,,,,,,,,,,,,,,,,,,,,,,,,,,,,,,,,,,,,
375,,,,,,,,,,,,,,,,,,,,,,,,,,,,,,,,,,,,,,,,,,,,,,,,,,,,14,,,,,,,,,,,,,,,,,,,,,,,,,,,,,,,,,2,,,,,,,,,,,,,,,
376,,,,,,,,,,,,,,,,,,,,,,,,,,,,,,,,3,,,,,,,,,,,,,,,,,,,,,,,,,,,,,,,,,2,,,,,,,,,,,,,,,,,,,,,,,,,,,,,,,,,,,
377,1,2,,,3,1,1,1,,1,1,1,2,,1,,1,1,,2,2,1,2,,,2,,1,,,1,,1,1,2,1,,,1,1,,1,1,,1,1,,4,1,1,1,1,,2,1,2,,1,1,,1,1,1,1,,2,1,,2,,,1,,,,,,,1,1,2,1,1,,,1,1,1,2,1,,,,,,2,1,1,1,1
378,,,,,,,,,,,,,,,,,,,,,,,,,,,,,,,,,,,,,,,,,,,,,,,,,,,,,,,,,,,,,,,,,,,,,,,,,,,,,,,,,,,,,,,,,,,,,,,,,,,,
379,,1,,1,1,,1,1,1,4,,1,1,3,,4,1,1,4,1,3,,,1,1,1,1,4,,1,1,,1,3,,,,,,,3,,1,1,,1,,1,1,1,1,3,1,1,1,7,1,1,,,6,,,,1,3,1,1,,,,,,4,,2,,,1,1,1,,1,,1,,,,1,2,,,1,2,1,1,,1,1,1
380,,,,,,,,1,,,,,,6,,,,,,,,,,,,,,,,,,,,,,,,,,,,,,,,,,,,,,,5,,,,,,,,,,,,,,,,,,,,,,2,,,,,,,,1,,,,,,8,,,,,,,,,,,
381,,,,,,,,,,,,,1,4,,,,,,,,,,,3,,,2,,,,,,1,,,,,,,,,,,,,,,,,,6,2,,,,,,,,,,,,,,,,,,1,,,,5,,,,,,,,,,,,,,3,,,,,2,,1,3,,,1
382,,,,,,,,,,,,2,,,,,,,,,,,,,,,,,,,,,,,,,,,1,1,,,,,,,,,,,,,,,,,1,,,,,,,,,,,,,,,,,,1,,,,,,,,,,,,,,,,,,,,,,,,,
383,2,1,,,2,1,2,1,,2,1,2,1,,2,,2,2,,1,1,1,1,,,1,,2,,,2,,1,,1,2,,,,,,2,,,,1,,3,,,1,2,,1,2,1,,2,,,2,2,2,1,,1,2,,1,,,2,,,,,,,2,1,1,2,2,,,,1,,1,2,,,,,,1,1,2,,
384,,,,,,,,,,,,,,2,,,,1,1,,,3,,,,,,,,,,2,1,,,,5,2,,,,3,,,,4,,,,,,1,,,,,2,,,,,,,1,,,,1,,,,2,1,1,,1,,,,,,,,3,,,,1,,,,,,,1,,3,,,
385,,1,,,1,1,,,,,,,,3,,,,1,,,1,,,,,,,,,,,,,,,,1,,1,,,,,,,,,,,,,,,,,,,,,,,,,,,,1,,,,,,2,,,,,,,,1,,,,,,,,,,,1,,,1,,,,,
386,,,,2,,1,2,,1,1,,3,,2,2,4,,3,1,2,3,,1,2,2,,2,4,,,,2,2,1,1,1,2,,2,1,1,,1,2,2,1,1,1,,5,,1,4,2,,1,2,2,,,1,2,2,,2,2,,,,,1,,,2,,2,1,2,3,6,,,2,,2,2,,,2,2,,2,1,2,2,1,1,2,1,2
387,,,,,1,,,,,,,,,,,,,,,,,,,,,,,,,,,,,,,,,,,,,,,,,,,2,,,,,,,,,,,,,,,,,,,,,,,,,,,,,,,,,,,,,,,,,,,,,,,,,,,,
388,,,,,,,,,,,,,,,,,,,,,,,,,,,,,,,,,,,,,,,,,,,,,,,,,,,,,,,,,,,,,,,,,5,,,,,,,,,,,,,,,,,,,,,,,,,,,,,,,,,,,
389,,,,,,,,,,,,,1,,,,,,,,,,,,,,,,,,,,,,,,,,,,,,,,,,,,,,,1,1,,,,,,,,,,,,,,,,,,,,,,,,,,,,,,,,,,,,4,,,,,,,,,,,
390,,,,,,,,,,,,,,,,,,,,,,,,,,1,,,,,,,,,,,,,,,1,,,,,,3,,,,1,,1,,,,1,,,,1,,,,,,,,1,,,,,,,,,,,,,,,,,,,,,,,,,,,,,,,
391,,,,,,,,,,,,,,,,,,,,,,,,,,,,,,5,2,,,,,,,,,,,,,,,,,,,,,,,,,,,,,,,,,,,,,,,,,,,,,,,,,,,,,,,,,,,,,,,,,,,,,
392,,,,,,,,,,,,,,,,,,,,,,,,,,,,,,,,,,,,,,,,,,,,,,,,,,,,,1,,,,,,,,,,,,,,,,,,,,,,,,,,,,,,,,,,,,,,,,,,,,,,,
393,,,2,,,,,2,,,4,,,,,1,,,,,3,,,,,,,3,,,4,,,,,4,,,,4,2,2,,,,1,,,4,,,3,,,2,5,,,1,,,,,1,,,,2,,4,,4,3,,,,,,,,1,,,,,,6,,,1,,3,,,3,,,,,
394,,,,,,,,,,,,,,,,,,,,,,,,,,,,,,,,,,,,,,,,,,,,,,,,,,,,,,,,,,,,1,,,,,,,,,,,,,,,,,,,,,,,,,,,,,,,,,,,,,,,,
395,,,,,,,,,,,,,,,,,,,,,,,,,,,,,,,,,,,,,,,,,,,,,,,,,,,,,,,,,,,,,,,,,,,,,,,,,,,,,,,,,,,,,,,,,,,,,,,,,,,,
396,,,,2,,,,,,,,,,,,,,,,,,,,,,,,,,,,,,,,,,,,,,,,,,,,,,,,,,,,,,,,,,,,,,,,,,,,,,,,,,,,,,,,,,,,,,,,,,,,,,,,
397,,,,,,,,,,,,,,,,,,,,,,,,,,,,,,,,,,,,,,,,,,,,,,,,,,,,,,1,,,,,,,,,,,,,,,,,,,,,,,,,,,,,,,,1,,,,,,,,,,,,,,
398,,,,,,,,,,4,,,,,,,,,,,,,,,,,,,,,,,,,,,,,,,,,,,,,,,,,,,,,,,,,,,,,,,,,,,,,,,,,,,,,,,,,,,,,,,,,,,,,,16,,,,
399,,,3,,,,,4,,,3,,,,,1,,,,,2,,,,,,,2,,,5,,,,,,,,,1,3,5,1,,,4,,,4,,,8,,,,1,,,,,,,1,,,,,1,,3,,1,3,,,,,,,,,,,,,,1,,,3,,4,,,5,,,,,
400,,,,,,,,,,,,,,,,,,,,,,,,,,,,,,,,,,,,,,,,,,,,,,,,,,,,,,,,,,,,,,,,,,,,,,,,,,,,,,,,,,,,,,,,,,,,,,,,,,,,
401,1,,,3,1,1,1,,2,1,,1,1,1,1,5,,4,2,1,1,,2,1,1,1,1,5,,,,1,1,2,1,1,1,,1,2,1,,1,1,1,2,2,1,1,1,1,2,5,1,,1,1,1,1,,2,1,1,1,1,1,,,,,1,,1,1,,3,2,1,1,7,,,1,1,1,1,1,,1,1,,1,2,3,1,2,1,1,2,1
402,,,,,,,,,,,,,,,,,,,,,,,,,,,,,,,,,,,,,,,,,,,,,,,,,,,,,,,,,,,,,,,,,,,,,,,,,,,,,,,,,,,,,,,,,,,,,,,,,,,,
403,,,,3,,,,,,,,,,,,,,,,,2,,,,,,,,,,,,,,,,,,,,,,,,,,,,,,,,,,,,,,,,,,,,,,,,,,,,,,2,,,,,,,,,,,,,,,1,,,,,,,,,,
404,,,,,,,,,,,,,,,,,,,,,,,,,,,,,,,,,,,,,,,,,,,,,,1,,,,,,,,,2,,,,,,,,,,,,,,,,,,,,,,,,,1,,,,,,,,,,,,,,,,,,,,
405,,,,,,,,,,,,,,,,,,,,,,,,,,,,,,,,,,,,,,,,,,,,,,,,,,,,,,,,,,1,,2,,,,,,,,,,,,,1,,,,,,,,,,,,,,,,,,,,,,,2,,,,
406,,1,,,,,,,2,1,,2,,3,,1,4,1,4,,2,,,3,,,,2,,,,,,3,,,,1,,1,,,,,1,,,1,,1,,3,1,,,7,1,,,,1,,,,,1,5,,,,,,1,4,,,,,3,6,,,,,,,,,1,2,,,,4,4,,,,,
407,,,,,,,,,,,,,,,,,,,,,,,,,,1,,,,,,,,,,,,,,,,,,,,,,,,,,,,,,,,,,,,,,,1,,,,,,,,,2,,,,,,,,,,,,,,,,,,,,,,,,,,
408,,,1,,,,,,,,,,,,,,,,,,,,,,,,,,,,,,,,,,,,,,,,,,,,,,,,,,,,,,,,,,,,,,,,,,,,,,,,,,,,,,,,,,,,,,,,,,,,,,,,,
409,,,,,,,,,,,,,,,,,,,,,,,,,,,,,,,,,,,,,,,,,,,,,,,,,,,,,,,,,,,,,,,,,,,,,,,,,,,,,,,,,,,,,,,,,,,,,,,,,,,,
410,,,,2,,,,,,,,,,,,,,,,,,,,,,,,,,,,,,,,,,,,,,,,,,,,,,1,,,,,,,2,,,,,,,,,,,,,,,,,,,,,,,,,,,,,,,,,,,,,,,,,,,
411,4,1,1,,,1,,3,,1,1,,1,,,1,,1,2,1,1,,2,4,,,,1,2,,,1,,2,2,,,3,,1,,,,,1,1,1,4,,4,1,,1,,,1,,1,,,2,,1,,,4,,,2,3,3,1,,2,,2,2,,4,4,,,2,,1,2,,,2,,1,1,1,1,,,3,1,1,
412,,,,,,,,,,,,,,,,,,,,1,,,,,,,,,,,,,,,,,,,,,,,,,,,,,,,,,,,,,,,,,,,,,,,,,,,,,,,,,,,,,,,,,,,,,,,,,,,,,,,,
413,,,,,,,,,,,,,,,,,,,,,,,,,,,,,,,,,,,,,,,,,,,,,1,,,,,,,,,,,,,1,,,,,,,,,,,,,,,,,,,,,,,,,,,,,,,,,,2,,,,,,,,
414,,,,,,,,,,,,,,,,,,,,,,,,,,,,,,,,,,,,,,,,,,,,,,,,,,,,,,,,,,,,,,,,,,,,,,,,,,,,,,,,,,,,,,,,,,,,,,,,,,,,
415,,,,,,,,,,,,,,,,,,,,,,,,,,,,,,,,,,,1,,,,,1,,,,,,,,,,,,,,,4,,,,,,,,,,,,1,,,,,,,,,,,,,,,1,,,,,1,,,,,,,,,,,,,
416,,,4,,,,,,,,,,,,,,,,,,,,,,,,,,,,,,,,,,,,,,,,1,,,,,,,,,,,,,,,,,,,,,,,,,,,,,,,,,,,,1,,,,,,,,,,,,,,,,,,,,,
417,,,,,,,,,,,,,,,,,,,,,,,,,,,,,,,,,,,,,,,,,,,,,,,,,,,,3,,,,,,,,,,,,,,,,,,,,,,,,,,,,,,,,,,,,,,,,,,,,,,,,
418,,,,,,,,,,,,,,,,,,,,,,,,,,,,,,,,,,,,,,,,,,,,,,,,,,,,,,,,,,,,,,,,,,,,,,,,,,,,,,,,,,,,,,,,,,,,,,,,1,,,,
419,,,,,,,,,,,,,,,,,,,,,,,,,,,,,1,,,,,,,,,,,,,,,,,,,,,,,,,,,,,,,,,,,,,,,,,,,,,,,,,,,,,,,,,,,,1,,,,,,,,,,,
420,1,,,,,,,,,,,,,3,,,,,,,,1,3,,,,,,,,,,,,,,,,,,,,,,,,,,,,,1,,,,,,,,,,,,,,,,,,,,,,,,,,,,,,,,,,,,1,,,,,,,,,,,,
421,,,,,,,,,,,,,,,,,,,,,,,,,,,,,,,,,,,,,,,,,,,,,,,,,,,,,,,,,,,,,,,,,,,,,,,,,,,,,,,,,,,,,,,,,1,,,,,,,,,,,
422,,,,,,,,,,1,,,,,,,,,,,,,,,,,,,,,,,,,,,,,,,,,,,,,,,,,,,,,,,,,,,,,,,,,,,,,,,,,,,1,,,,,,,,,,,,,,,,,,,,,,,
423,,,,,,2,,,,,,,,,,,,,,,,,,,,,,,,,,,,,,,,,,,,,,,,,,,,,,,,,,,,,,,,,,,,,,,,,,,,,,,,,,,,,,,,,,,,,,,,,,,,,,
424,,,,,,,,,,,,,,4,,,,,,,,,,,2,,,4,,,,,,,,,,,,,,,,,,,,,,,,,,,,,,,,,,,,,,,,,,,,,,,4,,,,,,,,,,,,,,2,,,,,,,,,,,
425,,,,,,,,,,,,,,,,,,,,1,,,,,,,5,,,,,,,,,,,,,,,,,,,,,,,,,,,,,,,,,,,,,,,,,,,,,,,,,,,,2,,,,,,,,,,,,,,,,,1,,,,
426,,,,,,,,,,,,,,,,,,,,,,,,,,,,,,,,,,,,,,,,,,,,,,,,,,,,,,,,,,,,,,,,,,,,,,,,,,,,,,,,,,,,,,1,,2,,,,,,,,,,,,
427,,,,,,,,1,,,,,,1,,,,,,,,,,,2,,,,,,,,,,,,3,,,,,3,,,,,,,,,,,,,,,,2,,,,,,,,1,,,,1,,,,,,2,,,,,,,,2,,,,,1,,,,,,,3,,1,,
428,,,,,,,,,,,,,,,,,,,,,,,,,,,,,,,1,,,,,,,,,,,,,,,,,,,,,,,,,,,,,,,,,,,,,,,,,,,,,,,,,,,,,,,,,,,,,,,,,,,,,
429,,1,,,,,,,,,,,,,,,,,,,,,,,,,,1,,,,,,,,,,,,1,,1,,1,,,1,,,,,,,,,,,,,,,,,,,,,,,,,,,1,,,,,,,,,,,,,,,,,,,,,1,,,,,
430,,,,,,,,,,3,,,,,,,,,,,,,2,,,,,,,,,,,,,,,,,,,,,,,,,,,,,,,,,,,,,,,,,,,,,,,,,,,,,,,,,,,,,,,,,,,,,,,,,15,,,,
431,,,,,,,,,,,,,,,,,,,,,,,,,,,1,,,,,,,,,,,,,,,,,,,,,,,,,,,1,,,,,,,,,,,,,,,,,,,,,,,,,,,,,,,,,,,,,,,,,,,,,,
432,,,,,,,,,,,,,,,,,,,,,,,,,,,,,,,,,,,,,,,,,,,,,,,,,,,,,,,,,,,,,,,,,,,,2,,,,,,,,,,,,,,,,,,,,,,,,,,,,,,,,
433,,,,,,,,,,,,,,,,,,,1,,,,,,,,,,,,,,,,,,,,,1,,,,,,,,,,,,,,,,,,,,,,3,,,,,,,,,,,,1,,,,,,,,,,,,,,,,,,,,,,3,,,,
434,,,,,,,,,,,,,,,,,,,,,,,,,1,,,,,,,,,,,,,,,,,,,,,,,,,,,,,,,,,,,,,,,,,,,,,,,,,,,,,,,,,,,,,,,,,,,,,,,,,,,
435,,,,,,,,,,,,,,,,,,,,,,,,,,,,,,,,,,,,1,,,,,,,,,,,,,,,,2,,,,,,,,,,,,,,,,,,,,,,,2,,,2,,,,,,,,,,,5,,,1,,,,,,,,
436,,,,,,,,,,,,,,,,,,,,,,,,,,,,,,,,,,,,,,,,,,,,,,,,,,,,,,,,,,,,,,,,,,,,,,,,,,,,,,,,,,,,,,,,,,,,,,,,,,,,
437,,,,,,,,,,2,,1,,4,,,3,2,2,,1,,,2,,,,1,,,,4,,3,,,,,,,3,,,,,,1,,,4,,,4,,,3,4,,,,3,,,,,2,4,,,,,,,4,,,,,2,4,,,,,,,,,5,3,,,,3,1,,,,,
438,,,2,,,,,,,,,,,,,,,,,,,,,,,,,,,,,,,,,,,,,,,,,,,,,,,,,,,,,,,,,,,,,,,,,,,,,,,,,,,,,,,,,,,,,,,,,,,,,,,,,
439,,,,,,,,,,,,,,,,,,,,,,,,,,,1,,,,,,,,,,,,,,,,,,,,,,,,,,,,,,,,,,,,,,,,,,,,,,,,,,,,,,,,,,,,,,,,,,,,,,,,,
440,,,,,,,1,,,,,,,,,,,,,,3,,,,,,,,,,,,1,,,,,,,,,,,,,,,,,,,,,,,,,,,,,,,,,,,,,,,,,,,,,,,,,,,,,,,,,,,,,,,,,,,
441,,,2,,,,,3,,,1,,,,,4,,,,,5,,,,,,,2,,,4,,,,,,,,,5,1,1,,,,2,,,3,,,1,,,,5,,,,,,,,,,,,3,,1,1,4,1,,,,,1,,,,,,,,,3,,,3,,6,,,5,,,,,
442,,,,,,,,,,,,,,,,,,,,,,,,,,,,,,,,,,,,,,,,,,,,,,,,,,,,,,,,,,,,,,,,,,2,,,,,,,,,,,,,,,,,,,,,,,,,,,,,,,,,,
443,1,1,1,,,1,,2,1,1,1,3,1,,3,1,3,1,1,,1,,1,2,,,1,3,,,1,1,,1,1,,1,,,1,,,1,2,,,1,1,3,1,,,1,1,1,1,1,1,,,1,,1,1,,5,1,,1,,,,1,3,1,1,1,1,2,3,3,1,1,2,,1,1,1,1,3,1,,4,2,1,1,3,1,,
444,,,,,,,,,,,,,,,,,,,,,,,,,,,,,,,,,,,,,,,,,,,,,,,,,,,,,,,,,,,,,,1,,,,,,,,,,,,,,,,,,,,,,,,,,,,1,,,,,,,,1,,
445,,,,,,,,,,,,,,,,,,,,,,,,,,,,,,,,,,,,,,,,,,,,,,,,,,,,,,,,,,,,,,,,2,,,,,,,,,,,,,,,,,,,,,,,,,,,,,,,,,,,,
446,,,,,,,1,,,,,,,,,,,,,,,,,,,,,,,,1,,,,,,,,,2,,,,,,,,,,,,,,,,,,,2,,1,,,,,,,,,,,,,,,,,1,,,,,,,,,,,,,,,,,,,,,,
447,1,1,1,1,1,1,1,1,1,1,1,1,1,1,1,1,1,1,1,1,1,1,1,1,1,1,1,1,1,1,1,1,1,1,1,1,1,1,1,1,1,1,1,1,1,1,1,1,1,1,1,1,1,1,1,1,1,1,1,1,1,1,1,1,1,1,1,1,1,1,1,1,1,1,1,1,1,1,1,1,1,1,1,1,1,1,1,1,1,1,1,1,1,1,1,1,1,1,1,1
448,1,1,,,,,,,1,,,,,,,,,,,,3,,1,,,,4,1,,,,1,,,1,,,,1,,,,,,,,,1,1,1,,,,,1,,,1,,,,1,,,,,1,1,,,,,,,,1,1,,,,,1,,1,,,,1,1,,,1,,,,,,,,1
449,,,,,,,1,,1,1,,,,,,,,,1,,,,,,,,,,,,,,,,,,,,,,,,2,,,,,,,,,,,,,,,,,,,,,,,,,,,,,,1,,,,,,,,,1,,,,,,,,,,,,,,,,,,
450,,,,,,,,,,,,,,,1,,,,,,,,,,,2,,,,,,,,,,,,,,,,,,,,,,,,,,,,,,,2,,,,,,,,,,,,,,,,,,,,,,,,,,,,,,,,,,,,,,,,,,,
451,,,,,,,,,,,,,,1,,,,,,,,,,,,,,,,,,,,,,,,,,,,,,,,1,,,,,,,,,,,1,,,,,,,,,,,1,,,,,,,,,,,,,,,,,,,,,,,,,,,,,,,,
452,,,,,,,,,,,,,,,,,,,,,,,,,,,,,,,,,,,,,,,,,,,,,,,,,,,,,,,,,,,,,,,,,,,,,,,,,,,,,,,,,,,,,,,,,,,,,,,,,,,,
453,2,2,,,,,,1,,1,,2,2,,2,,2,2,2,,1,,2,1,,,,2,,,,2,,4,,,,,,,,,,1,,,2,2,2,2,,,2,,1,2,5,2,,,2,,2,,,4,,,1,,,,2,2,2,2,,,1,2,2,,2,1,,,2,,2,2,3,,3,1,2,,2,2,,
454,1,,1,,,1,,1,,,3,1,,2,,4,,1,,,6,1,,,,,,2,,,2,,,,,2,,,,3,5,2,,,,7,,1,4,,,1,,,2,7,,,,,,,1,,1,,,1,1,1,,1,4,,,,,,,,1,,,,1,,4,,,3,,1,,,1,,1,,,
455,,,,,,,,,,,,,,,,,,,,,,,,,,1,,,,,,,,,,,,,,2,,,,,,,,,,,,,,,,,,,,,,,,,,,,,,,,,,,,,,,,,,,,,,,,,,,,,,,,,,,,
456,,,,,,,,,,,,,,,,,,,,,,,,,,,,,,,,,,,,,,,,,,,,,,,,,,,,,,,,,,,,,,,,,,,,,,,,,,,,,,,,,,,,,,,,,,,,,,,,,,,,
457,,,,,,,,,,3,,,,7,,,,,,,,,,,,,,,,,,,,,,,,,,,,,,,,,2,,,,,5,3,,,,,,,,,,,,,,,,,,,,,,,,,,,,,,,,,,,,10,,,,,,,,,,,
458,,,,,,,,,,,,,,,,,,,,,,,,,,,,,,,,,,,,,,,,,,,,,,,,,,,,,,,,,,,,,,,,,,,,,,,,,,,,,,,,,,,,,,,,,,,,,,,,,,,,
459,,,,,,,,,,2,,,2,3,,,,,,,,,,,,,,,,,,,,,,2,,,,,,,1,,,,,,,,,4,5,,,,,,,,,,,,,,,,,,,,,,4,,,,,,,,,,,,,,10,,,,,,,,,,,
460,,,,,,,,,,,,,,,,,,,,,2,,,,,,3,,,,,,,,,,,,,,,,,,,,,,,,,,,,,,,,,,,,,,,,,,,,,,,,,,,,,,,,,,,,,,,,,,,,,,,,,
461,,,,,,,,,,,,,,2,,,,,,,,,,,,,,,1,,,,,,,,,,,,,,,,,,,,,,,,,,,,,,,,,,,,,,,,,,,,,,,,,,,,,,,,,,,,,,,,,,,,,,,
462,,,,,,,1,,,,,,,3,,,,,,,,,,,,,1,,,,,,,,,,,,,,,,,,,,,,,,,,,,,,,,,,,,,,,,,,,,,,,,,,,,,,,,,,,,,,,,,,,,,17,,,,
463,,,,,,,,,,,,,,,,,,1,,,,,,,,,,,,,,,,,,,,,,,,,,,,,2,,,,,,,,,,,,,,,1,,,,,,,,,,,,,,,,,1,,,,,,,,,,,,,,,,,,,,,
464,,,,,,,1,2,,,,,,2,,,,2,,,,2,,,2,,,,,,,1,2,,,,4,1,1,,,2,,,,3,,,,,,,,1,,,2,3,,,,,,2,,2,,,,,,1,,,,1,,,,,1,,,1,,,,,,,,,,,,,2,2,,
465,,,,,,,,,,,,,,,,,,,,,,,,,,,,,,,,,,,,,,,,,,,,,,,,,,,,,,,,,,,,,,,,,,,,,,,,,,,,,,,,,,,,,,,,,,,,,,,,,,,,
466,,,,,,,,,,,,,,,,,,,,,,,,,,,,,,,,,,,,,,,,3,,,,,,,,,,,,,,2,,,,,,,,,,,,,,,,,,,,,,,,,,,,,,,,,,,,,,,,,,,,,,
467,,,,2,,,,1,1,3,,3,,5,,1,1,3,1,,3,,,1,2,,,2,,,,6,,4,,,,,,,4,,,,,,,3,,5,1,4,1,,,5,6,,,,1,,1,,,1,3,,,,,,,1,,,,,1,1,,2,,,,,,2,2,2,,,,2,2,,,,,
468,1,1,,,1,,,1,,1,1,3,3,,1,1,1,1,3,1,1,1,3,1,1,1,,3,,1,1,1,,5,,,,,,1,,,,2,1,,1,1,1,1,,,3,,1,3,6,3,1,1,3,,1,,1,5,,1,1,,1,,3,1,1,1,1,,1,1,1,1,3,2,1,1,1,,3,1,4,,1,2,1,,1,1,,
469,,,,,,,,,,,,,,8,,,,,,,,,,,,,,,,,,,,,,,,,,,,,,,,,,,,,,1,,,,,,,,,,,,,,,,,,,,,,,4,,,,,,,,,,,,,,12,,,,,1,,,2,,,
470,,,,,,,,,,,,1,,,,,,,,,,,,,2,,,,,,,,,,,,,,,,,,,,,,,,1,,,,,,,,,,,,,,,,,,,,,,,,,,,,,,,,,,,,,,,,,,,,,,,,,,,
471,,,,,,,,,,,,,,,,,,,,,,,,,,,,,,,,,,,,,,,,,,,,,,,,,,,,,,,,,,,,,,,,,,,,,,,,,,,,,,,,,,,,,,,,,,,,,,,,,,,,
472,,,,,,,1,,1,,2,,,,,,,2,,,3,1,1,,,,2,,1,1,,,,,,,,1,,,,,,2,,,,2,,6,,,,2,,,,,,,,2,,,,,,,1,1,1,,,4,,,2,,,6,,,,,,,,,4,,1,3,,2,2,1,1,,,
473,,,3,,,,,,,,,,,,,,,,,,,,,,,,,,,,,,,,,,,,,1,,,,,,,,,,1,,,,,,,,2,,,,,,,,,,1,,,,,,,,,,,,,,,,,,,,,,,,,,,,,,,,
474,,,,,,,,,,,,,,,,,,,,,,,,,,,,,,,,,,,,,,,2,,,,,,,,,,,,,,,,,,3,,,,,2,,,,,,,,,,,,,,,,,,,,,,,,,,,,,1,,,,,,,,,
475,,,,,,,,,,,,,,,,,,,,,,,,,,,,,,1,,,,,,,,,,,,,,,,,,,,,,,,,,,,,,,,,,,,,,,,,,,,,,,,,,,,,,,,,,,,,,,,,,,,,,
476,,1,2,,,1,,2,,,6,,,,,2,,,,,1,,,,,,,2,,,4,,,,1,,,,,4,2,2,,,,5,,,4,,,7,,2,,3,,,,,,,,,,,,4,,4,,2,4,,,,1,,,,1,,,,,,4,,,4,,5,,,6,,,,,
477,,,,,,,,,,4,,,,1,,,,,,,,,,,,,,,,,,1,,,,,,,,,,,,1,,,,,,,,,,,,,,,,,,,,,,,,,,,,1,,,,,,,1,,,,,,,,,,13,,,,,,,,,,,
478,,,2,,,,,,,,,,,,,,,,,,,,1,,,,,,,,,,1,,,,,,,,,1,1,,1,,,,,,,,,,,,,,,,,,,,,,,,,,,,,,,,,,,,,,,,,,,,,,,,,,,,,,,
479,,1,,,,,,,,,,,,,,,,,,,,,,,,,,,,,,,,,,,,,,,,,,,,1,,,,,,,,,,,,,,,,,,,,,,,,,,,,,,,,,,,,,,,,,,,,,,,,,,,,,,
480,,,,5,,,,,1,2,1,,,,,,,,,,,1,,1,,,,,,,,,,,,,,,,,,,3,1,,,,,1,,,3,,,,,,,,1,,,,,,,,,,,,,1,,,,,,,2,,,,,,1,,,,,,,,,,,,,,
481,,,,,,,,,,,,,,,,,,,,,,,,,,,,,,,,,,,,,,,,,,,,,,,,,,,,,,1,,,,,,,,,,,,,,,,,,,,,,,,,,,,,,,,,,,,,,,,,,,,,,
482,,,,,,,,,,,,,,,,,,,,,,,,,,,,,,,,,,,,,,,,,,,,,,2,,,,,,,,,,,,,1,,,,,,,,,,,,1,,,,,,,,,,,,,,,,,,,,,,,,,,,,,
483,0,0,0,0,0,0,0,0,0,0,0,0,0,0,0,0,0,0,0,0,0,0,0,0,0,0,0,0,0,0,0,0,0,0,0,0,0,0,0,0,0,0,0,0,0,0,0,0,0,0,0,0,0,0,0,0,0,0,0,0,0,0,0,0,0,0,0,0,0,0,0,0,0,0,0,0,0,0,0,0,0,0,0,0,0,0,0,0,0,0,0,0,0,0,0,0,0,0,0,0
484,,,,,,,,,,,,10,,,,,5,,,,,,,,,,,,,,,,2,,,,,,,,,,,,,,,,,,,,,,,,,,,,,,,,,,,,,,,,,,,,,,,,,,,,,,,,,,,,,,,,,,,
485,,,,1,,,,,,5,,,,,,,,,,,,,,,,,,,,,1,,,,,,,,,,,,,2,,,,1,,,,,,2,,,,1,,,1,,,,,1,,,1,,,,,,,,,,,,,,,,,,,,,,,,,,,3,,,,
486,,,,,,,,1,,,,,,,,,,,,,,,,,,,,1,,,,,,,,,,,,,,,,,,,,,,,,,4,,,,,,,,,,,,,,,,,,,,,,3,,,,,,,,,,,,,,7,,,,,,,,,,,
487,,,,,1,,,,,,,,,,,,,,,,,,,,,,,,,,,,,,,,,,,,,,1,,,,,,,,,,,,,,,,,,,,,1,,,,,,,,,,,,,,,,,,,,,,,,,,,,,,,,,,,,
488,,,,,,,,3,,,,,,,,,,,,,,,,,,,,,,,,,,,,,1,,,,,,,,,,,,,,,,,,,,,,,,,,,,,,,,,,,,,,,,,,,,,,,,,,,,,,,,,,,,,,,
489,,,,,,,,,,,,,,,,,,,,,,,,,,3,,,,,,,,,,,,,,,1,,,1,,,,,,,,,,,,,,,,,,,,,,,,,,,,,,,,,,,,,,,,,,,,,,,,,,,,,,,,
490,,,,,,,,,,,,,,,,,,,,,,,,,,,,,,,,1,,,,,,,,,,,,,,,,,,,,,,,,,,,,,2,,,,,,,,,,,,,,,,,,,,,,,,,,,,,,,,,,,,,,,
491,,,,,,,,,,,,,,,,,,,,,,,,,,,,,,,,,,,,,,,,1,,1,,,,,,,,,,,,,,,1,,,,,,1,,3,,,,,,,,,,,,,,,,,,,,,2,,,,,,,,,,,,,,
492,,,,,,,,,,6,,,,,,,,,,,,,,,,,,,,,,,,,,,,,,,,,,,,,,,,,,,,,,,,,,,,,,,,,,,,,,,,,,,,,,,,,,,,,,,,,,,,,,,,,,
493,,,,,,,,,,,,,,,,,,,,,,,,,,,,,,,,,,,,,,,,,,,,,,,,,,,,,,,,,,,,,,,,,,,,,,,,,,,,,,,,,,,,,,,,,,,,,,1,,,,,,
494,,,,,,,,,,,,,,,,,,,,,,,,,,,,,,,,,,,,,,,,,1,,,,,,,,,,,1,,,,,1,,,,,,,,,,,,,,,,,,,,,,,,,,,,,,,,,,,,,,,,,,,
495,,,,,1,,,,,,,,,,,,1,,,,,,,,,,,,,,,,,,,,,,,,,,,,,,,,,,,,,,,,,,,,,,,,,,,,,,,,,,,,,,,,,,,,,,,,,,,,,,,,,,,
496,,,,,,,,,,,,,,,,,,,,,2,,,,,,,,,,,,,,,,,,,,,,1,,,2,,,,,,,,,,,,,,,,,,,,,,,,,,,,,1,,,,1,,,,,,,,,,,,,,,,,,,,1,
497,,,,,,,,,,,,,,,,,,,,,,,,,,,,,,,,,,,,,,,,,,,,,,,,,29,,,,,,,,,,,,,,,,3,,,,,,,,,,,,,,,,,,,,,,,,,,,,,,,,,,,
498,3,3,1,,,,,2,,,,3,,,,2,3,3,1,,2,,1,3,,,,3,,,,3,,1,,,,,,,,,,,,,3,3,,3,,,4,,,3,,,,,1,,,,,3,,,1,,,,,1,,1,,,3,3,,,,,,1,,,1,1,2,,2,2,,,,2,,
499,1,,,1,,,,,2,3,1,1,,3,,1,1,3,3,,2,1,,5,,,,2,1,,1,1,4,1,,,,,1,,1,,,,1,,2,3,,5,,1,4,,,4,3,,,1,6,,,,1,1,3,,,,,,,4,1,1,,,3,1,,,,,,,,,4,2,1,1,,2,1,,,,,
500,,,3,,,,,,,,,,,,,,,1,,,,,,,,,,,,,,,,,,,,,,,,,,,,,,,,,,,,,,,,,,,,,,,,,,,,,,,,,,,,,,1,,,,,,,,,,,,,,,,,,,,
501,,,3,,,,,3,,,5,,,,,4,,,,,5,,,,,,,1,,,3,,,,1,,,,,3,1,4,,,,3,,,5,,,2,,3,,4,,,2,,,,,,,,,3,,3,,3,3,,,,,,,,,,,,,,4,,,2,,4,,,2,,,,,
502,,,,,,,,,,,,,,,,,,,,,,,,,,1,,,,4,,4,,,,,,,2,,1,,,,,,,,,,,,,,,,,,,,,,,,4,,,,,1,,1,1,,,,,,,,,,,,,1,,,,1,,,,,,,,,,
503,,,,,,,,1,,2,,,,,,,,,,,,,,,,,,,,,,,,,,,,,,,,,,,,,,,,,,,,,,,,,,,,,,,,,,,,,,,,,,,,,,,,,,,,,,,,,,,,,,,,,,
504,,,,,,,,,,,,,,,,,,,,,,,,,,,,,,,,,,,,,,,,,,,,,,,,,,,,,,,,,,,,,,,,,,,,,,,,,,,,,,,,,,,,,,,,,,,,,,,,,,,,
505,,,,,,,1,,,,,,,9,,1,,,,,,,,,,,,,,,,,,,,,,,,,,,,,,,,,,,,,2,,,,,,,,,,,,,,,,,,,,,,,,,,,,,,,,,,,,8,,,,,,,,,,,
506,,,,,,,,,,,,,,1,,,,,,,,,,,,,,,,,,,,,,,,,,,,,,,,,,,,,,,,,,,,,,,,,,,,,,,,,,,,,,,,,,,,,,,,,,,,,,,,,,,,,,
507,,,,,,,,,,,,,,,,,,,,,,,,,,,,,,,1,,,,,,,,,,,,,,,,,,,,,,,,,,,,,,,,,,,,,,,,,,,,,,,,,,,,,,,,,,,,,,,,,,,,,
508,,,,,,,,,,3,,,,,,,,,,,,,,,,,,,,,,,,,,,,,,,,,,,,,,,,1,1,,,,,,,,,,,,,,,,,,,,,,,,,,,,,,,,,,,,,,,,,,,,,,,,,
509,,,,,,,,,,,,,,5,,,,,,,,,,,,,,,,,,,,,,,,,,,,,,,,,,,,,,,7,,,,,,,,2,,,,,,,,,,,,,,,,,,,,,,,,,,,,,,,,,,,,,,,
510,,,,,,,,,,,1,,,,,,,,,,,,,,,,,,,,,,,,,,,,,,,,,,,1,,,,,,,,,,,,,,,,,,,,,,,,,,,,,,,,,,,,,,,,,,,,,,,,,,,,,,
511,,,,,,,,2,,5,,,,,,,,,,,,,,,,,2,,,,,,,,,,,,,,,,,,,,,,,,,,,,1,,,,,,,,,,,,,,,,,,,,,1,,,,,,,,,,,,,,,,,,,,,,,,
512,,,,,,,,,,,,,,,,,5,,,,,,,,,,,,,,,,,,,,,,1,,,,,,,,,,,,,,,,,,,,,,,,,,,,,,,,,,,,,,,,,,,,,,,,,,,,,,,,,,,,,
513,,,,,,,,,,,,,,,,,,,,,,,,,,,,,,,,,,,,,,,,,,,,,,,,,,,,,,,,,,,,1,,,,,,,,,,,,,,,,,,,,,,,,,,,,,,,,,,,,,,,,
514,,,,,,,,,,,,,,,1,,,,,,,,,,,,,,,,,,,,,,,,,,,,,,,,,,,,,,,,,,,,,,,,,,,,,,,,,,,,,,,,,,,,,,,,,,,,,,,,,,,,,
515,,,,3,,,,,,,,,,,,,,,,,1,,,,,,,,,,,,,,,,,,,,,,,,,,,,,,,,,,,,,,,,,,,,,,,,1,,,,,,,,,,,,,,,,,,,,,,,,,,,,,,,
516,,,,,,,,,,,,,,,,,,,,,,,,,,,,,,,,,,,,,,,,,,,,,,,,,,,,,6,,,,,,,,3,,,,,,,,,,,,,,,,,,,,,,,,,,,,11,,,,1,,,,,,,
517,,,,,,,,,,,,,,,,,,,,,,,,,,,,,,,,,,,,,,,,,,,,,,,,,,,,,,,,,,,,,,,,,,,,,,,,,,,,,,,,,,,,,,,,,,,,,,,,,,,,
518,,,,,,,,,,5,,,,2,,,,,,,,,,,,,,,,,,,,,,,,,,,,,,,,,,,,,,,,,,,,,,,1,,,,,,,,,,,,,,3,,,,,,,,,,,,,,12,,,,,,,,,,,
519,,,,,,,,,1,,,,,,,,,,,,,,,,2,,,,,4,,,,,,,,,,,,,,,,,,,1,,,,,,,,,,,,,,,,,,,,,,,,,,,,,,,,,,,,,,,,,,,1,,,,,,,,
520,,,,,,,,,,,,,,,,,,,,,,,,,,,,,,,,,,,,,,,,,,,,,,,,,,,,,,,,,,,,,,,,,,,,,,,,,,,,,,,,,,,,,,,,,,,,,,,,,,,,
521,,,,,,,,,,,,,,,,,,,,,,,,,,,,,,,,,,,,,,,,,,,,,,,,,,,,,,,,,,,,,,,,,,,,,,,,,,,,,,,,,,,,,,,,,,,,,,,,,,,,
522,,,,,1,,,,,,,,,,,,,,,,,,,,1,,,,,1,,,,,,,,,,2,,,,,,,,,,,,,,1,,,,,,,,,,,,,,,,,,,,,,,,,,,,,,,,,,,,,,,,,,,,,,
523,,,,,,,,,,,,,,,,,,,,,,,,,2,,,,,,,,,,,,,,,,,,,,,,,,,,,,,,,,,,,,,,,,,,,,,,,,,,,,,,,,,,,,,,,,,,,,,,,,,,,
524,,,,,,,,,,,,,,,,,,,,,,,,,,,,,,,,,,,,,,,,,,,,,,,,,,,,,,,,,,,,2,,,,,,,,,,,,,,,,,,,,,,,,,,,,,,,,,,,,,,,,
525,,,,,,,,,,,,,1,,,,,,,,,,,,,,,,,,,,,,,,,,,,,,,,,,,,,,,,,,,,,,,,,,,,,,,,,,,,,,,,,,,,,,,,,,1,,,,,,,,,,,,,
526,2,,,,,,,,,11,,,,,20,,4,11,,30,,,2,,,13,12,,1,,,,,,,,,,,,,,,,,,,,28,,,13,19,19,,2,,,,,,15,,,,,,,,,,,,,,17,,,,,,,,,,,,,,,,,24,,,14,,11,,9
527,,,,,,,,,,1,,,,,,,,,,,,,,,,,,,,,1,,3,,,,,,,,,,,,,,,,,,,,,,,,,,,,,,,,,,,,,,,,,,,,,,,,,,,,,,,,,,,,,,,,,,,
528,,,,,1,,,,,,2,,,3,,,,,,,,,,,,,,,,,,,,,,,,,,1,,1,,,,,,,,,,,1,,,,,,,,,2,,,,,,,,,,,,,,,,,,,,,,,,,,,,,,,,,,,,,,
529,,,,,,,,,,,,,,,,,,,,,,,,1,,,,,,,,,,,,,,,,1,,,,2,,,,,,,,,1,,,,,,,,,,,,,,,,,,,,,,,,,,,,,,,,,,,,,,,,,,,,,,,
530,,,,,1,,4,,,,,,,,,,1,,,,,,,,1,,,,,,,,,,,,,,1,,,,,,,,,,,,,1,1,,1,,,,,,,2,1,,,,1,,,,,,,1,,,,,,,,,,,,,,,1,,,1,,,,,1,,,1
531,,,,3,,,,,,,,,,,,,,,,,,,,,,,,,,,,,,,,,,,,,,,,,,,,,,,,,,,,,,,,,,,,,,,,,,,,,,,,,,,,,,,,,,,,,,,,,,,,,,,,
532,,,,1,,,,,1,3,,2,,2,,3,,2,3,,2,,,4,,,,3,,,,,3,2,,,,,,,2,,,,,,,2,,4,,2,3,,,6,2,,,,5,,,,,2,2,,,,,,,3,,1,,,2,5,,,,,,,,,3,1,,,,1,3,2,,,,
533,,,,,,,,,,,1,,,,,,,1,,,,2,,,,,,,,2,,,,,,,,,,,,,,,,,,3,,,,,,3,,,,,,,,1,,,,,,,,,,,,,,,,,,,,,,,,,,,5,,,,,1,1,4,,,,
534,,,1,,,,,,,,,,,,,,,,,,,,2,,,,,,,,1,,,,,,,,,,,2,,,,,,,,,,,,,,,,,,,,,,,,,,,,,,,,,,,,,,,,,,,,,,,,,,,,,,,,,,
535,,,,,,1,,,,,,,,,,,,,,,,,1,,,,,,,,,,,,,,,,,1,,,,,,,,,,2,,,,,,,1,1,1,,1,,,,,,,,,,,,,,,,,,,,,,,,,,,,1,,,,,,,,,,,
536,,,,,,,,,,,,,,,,,1,,,,,,,,,,,,,,,,,,,,,,,,1,,,,,,,,,,,,,,,,,,,,,,,,,,,,,,,,,,,,,,,,,,,,,,,,,,,,,,,,,,,
537,,,,,,,,,,,,,,,,,,,,,,,,,,,,,,,,,,,,,,1,,,,,,,,,,,,,,,,,,,,,,,,,,,,,,,,,,,,,,,,,,,,,,,,,,,,,,,,,,,,,,
538,,,,,,,,,,,,,,,,,,,,,,,,,,,,,,,,,,,,,,,,,,,,,,,,12,,,,,,,,,,,,,,,,,,,,,,,,,,,,,,,,,,,,,,,,,,,,,,,,,,,,
539,,,,,,,,,,,,,,,,,,,,,,,,,,,,,,,,,,,,,,,,,1,,,,,,2,,,,,,,,,,,,,,,,,,,,,,,,,,,,,,,2,,,,,,,,,,,,,,,,,,,,,,
540,,,,,,,,,,,,,,,,,,,1,1,,1,,,1,,,,1,,,,,,,,,,,,,,1,,,,,,,,,2,,,1,,,,,,,,,,,,,,,,,,,,,,,,,1,,,,,,,,,,,,,1,,,,1,,,
541,,,,,,,,,,,,,1,,2,,,,,,,,1,,,,,,,,,,,,1,,,,,,,,,,,,,,,,,,,,,,,,,,,,,,,,,,,,,,,,,,,,,,,,,,,,,,,,,,,,,,,,,
542,,,,,,,,,,,,,,,,,,,,,,,,,,,2,,,,,,,,,,,,,,,,,,,,,,,,,,,,3,,,,,,,,,,,,,,,,,,,,,,,,,,,,,,,,,,,,,,,,,,,,,
543,,,,4,,,,,,,,,,,,,,,,,,,,,,,,,,,,,,,,,,,,,,,1,,,,,,,,,,,,,,,,,,,1,,,,,,,,,,,,,,,,,,,,,,,,,,,,,,,,,,,,,,
544,,,,,,,,,,,,,,,,,,,,,,,,,1,,,,,,,,,,,,,,,,,,,,,,,,,,,,,,,,,,,,,,,,,,,,,,,,,,,,,,,,,,,,,,,,,,,,1,,,,,,,
545,,1,,,,,,,,,,,,,,,,,,,,,,,,,,,,,,,,,,,,,,,,,,,,,,,,,,,,,,,,,,,,,,,,,,,,1,,,,,,,,,,,,,,,,,,,,,,,,,,,,,,
546,,,,,,,,,,,,,,,,,,,,,,,,,,,,,,2,,,,,,,,,,,,,,,,,,,,,,,,,,,,,,,,,,,,,,,,,,,,,,,,,,,,,,,,,,1,,,,,,,,,,,,
547,,,,,,,,,,,,,,,,,,,,,,,,,,,,,,,,,,,,,,,,,,,,,,,,,,,,,,,,,3,,,,,,,,,,,,,,,,,,,,,,,,,,,,,,,,,,,,,,,,,,,
548,,,,,,,,,,,,,,,,,,,,,,,,,,,,,,1,,,,,,,,,1,,,,,,,,,,,,,,,,,,,,,,,,,,,,,,,,1,,,,,,,,,,,,,,,,,,,,,,,,,,,,,
549,,,,,,,,,,,,1,,,,,,,,,,,,,3,,,,,,3,,,,,,1,,1,,,4,,,,1,,,,,,,,,,,,1,,,1,,,,,2,2,,,,,,,,,,,,,,,,,1,,,,,,,,,,,,,,2,,
550,1,1,1,1,1,1,1,1,1,1,1,1,1,1,1,1,1,1,1,1,1,1,1,1,1,1,1,1,1,1,1,1,1,1,1,1,1,1,1,1,1,1,1,1,1,1,1,1,1,1,1,1,1,1,1,1,1,1,1,1,1,1,1,1,1,1,1,1,1,1,1,1,1,1,1,1,1,1,1,1,1,1,1,1,1,1,1,1,1,1,1,1,1,1,1,1,1,1,1,1
551,,,,,,,,,,1,,,,10,,,,,,,,,,,1,,,,,,,,,,,1,,,,,,,,,,,,,,,,3,,,,,,,,,,1,,,,,,2,,,,,,,,,,1,,1,,,,,,,,,9,,,,,,,,,,,
552,,,,,,,,,,,,,,1,,,,,2,1,,1,,1,1,1,,,,,,3,3,,,,6,2,2,,,1,,,,1,,,,,,2,1,,,,1,4,,,,,,2,,,,,,,,2,1,1,,2,,,,,,,,2,,,,,1,,,,,,2,,1,,,
553,,,,,,,,,,,,,,,,,,,,2,,,,,,,,,,,,,,,,,,,,,,,,,,,,,,,,,,,,,,,,,,,,,,,,,,,,,,,,,,,,,,,,,,,,,,,,,,,,,,,,
554,,,,,,,,,,,,,,3,,2,,,,,,,,,,,,,,,,,,,,,,,,,,,,,,,,,,,,,,,,,,,1,,,,,,,,,,,,,,,,,,,,,,,,,,,,,,9,,,,,,,3,,,,
555,,,,1,,,,,,,,,,,,,,,,,,,,,,,,,,5,,,,,,,,,,,,,,,,,,,,,,,,,,,,,,,,,,,,,,,,,,,,,,,,,,,,,,,,,1,,,,,,,,,,,,,
556,,,,,,,,,,,,,,,,,,,,,,,,,,,,,,,,,,,,,,,,,,,,,,,,,,,,,,,1,,,,,,,,,,,,,,,,,,,,,,,,,,,,,,,,,,,,,,,,,,,,,
557,,,1,,,,,,,,,,,,,,,,,,,,,,,,,,,,,1,,,,,,,,,,,,,,,,,,,,,,,,,,,,,,,,,,,,,,,,,,,,,,,,,,,,,,2,,,,,,,,,,,,,,
558,,,,,,3,,,,,1,,,,,,,,,,,,,,,,4,,,,,,,,,,,,,,,,,1,,,,,,,,,,,1,,,,,,,,,,,,,,,,,,,,,,,,,,,,,,,,,,,,,,,,,,,,,
559,,,,,,,,,,,,,,,,,,,,,,,,,,,,,,,,,,,,,,,,,,,,,,,,,,,,,,,,,,,,,,,,,,,,,,,,,,,,,,,,,,,,,,,,,,,,,,,,,,,,
560,,,,,,,,,,,1,,,,,,,,,,,,,,,,,,,,,,,,,,,,,,,,,,,,,,,,,,,,,,,,,,,,,,,,,,,,,1,,,,,,,,,,,,,,,,,,,,,,,,,,,,
561,,,3,,,,,,,5,,,,,,,,,,,,,,,,,,,,,,,,,,,,,,,,,,,,,,,,,,2,,,,,,,,,,,,,,,,,,,,,,,,,,,,,,,,,,,,,,,,,,,,,,,,
562,,,1,,,,,,,,,2,,,,,,,,,,,,,1,,,,,,1,,,,,,,,,,,,,,,,,,2,2,,,,,,,,,,1,,,,,1,,1,1,,,,,,,,,,,,,,,,1,,,,,,,,3,,,,,,1,,
563,,,,,,,,,,2,,,,2,,,,,,,,,,,1,,,,,,,,,,,,,,,,,,,,,,,,,,,,,,,,,,,,,,,,,1,,,,,,,,,,,,,,,,,,,,,,,,,,,,,,2,,,,
564,,,3,,,,,4,,,2,,,,,4,,,,,5,,,,,3,,2,,,5,,,,,3,,,,2,4,3,,,,6,,,3,,,4,,,1,6,,,,,,,,,,,,2,,2,,2,2,,,,,,,,,,,,,,5,,,2,,3,,,4,,2,,,
565,,,,,,,,,,,,,,,,1,,,,,,,,,,,,,,,,,,,,,,,,,,,,,,1,,,,1,,,,,,,,,,,,,,,1,,,,,,,,,,,,,,,,,,,,,,,,,,,,,,,,,,,
566,,,,1,,,,,,,,,,,,,,,,,,,,,,,,,,,,,,,,,,,,,,,,,,,,,,,,,,,,,,,,,,,,,,,,,,,,,,,,,,,,,,,,,,,,,,,,,,,,,,,,
567,,,,,,,,,,,,,,,,,,,,,,,,,,,,,,,,,,,,,,,,,,,,,,,,,,,,,,,,,,,,,,,,,4,,,,,,,,,,,,,,,,,,,,,,,,,,,,,1,,,,,,
568,,,,,,,,,,,,,,,,,,,,,1,,,,,,,,,,,,,,,,,,,,,,,,,,,,,2,,,,,,,,,,,,,,,,,,,,,,,,,,1,,,,,,,,,,,,,,1,,,,,,,,,,
569,,,,,,1,,,,,,1,,,,,,,,,,,,,,,,,,,,1,,,,,,,,,,,2,,,,,,,1,,,,,,,,,,,,,,,,,,,,,,,,,,,,,,,,,,,,,,,,,,,,,,,,,,
570,,,,,,,,,,,,,,,,,,,,,,,,,,,4,,,,,,,,,,,,,,,,,,,,,,,,,,,,,,,,,,,,,,,,,,,,,,,,,,,,,,,,,,,,,,,,,,,,,,,,,
571,,,,1,,1,1,1,1,,1,,,,,,,,1,1,,,,,,,,,,,,,,,,1,,,,1,1,1,,,1,,,,1,,,1,,,,,,,,,,,,,1,,,3,,,1,,,,,,,,,1,1,,,1,,,,,,,,,,,,,1,,1,
572,,,,3,,,,,2,3,,4,,1,,2,4,1,3,,4,,,2,1,,,2,,,,5,,4,,,,,,,4,1,,,1,,,,,1,,3,2,,,4,5,,,,4,,2,,,1,3,,,,,1,,2,,,,,1,6,,1,,,,,,1,1,2,,,,3,1,,1,,,
573,,,,,,,,,,,,,,,,,,,,,,,,,,,,,,,,,,,,,,,,,,,,,,,,,,,,,,,,,,,,,,,,,,,,,,,,,,,,,,,,,,,,,,,,,,,,,,,,,,,,
574,,,,,,,,,,,,,,,,,,,,,,,,,,,,,,,,,,,,,,,,,,,,,,,,,,,,,,,,,,,,,,,,,,,,,,,,,,,,,,,,,,,,,,,,,,,,,,,,,,,,
575,,,,,,,,,,,,,,,,,,,,,,,,,,,,,,,,,,,,,,,,,,,,,,,,,,,,,,,,,,,,,,,,,,,,,,,,,,,,,,,,,,,,,,,,,,,,,,,,,,,,
576,,,,,,,,,,,,,,,,,,,,,,,,,,,,,,,,,,,,,,,,,,,,,,,,,,,,,,,,,,,,,,,,,,,,,,,,,,,,,,,,,,,,,,,,,,,,,,,,,,,,
577,,,,,,,,,,,,,,,,,,,,,,,,,,,,,,,,,,,,,,,,,,,,,,,,,,,,,,,,,,,,,,,,,,,,,,,,,,,,,,,,,,,,,,,,,,,,,,,,,,,,
578,,,,,,,,,,,,,,,,,,,,,,,,,,,,,,,,,,,,,,,,,,,,,,,,,,,,,,,,,,,,,,,,,,,,,,,,,,,,,,,,,,,,,,,,,,,,,,,,,,,,
579,,,,,,,,,,,,,,,,,,,,,,,,,,,,,,,,,,,,,,,,,,,,,,,,,,,,,,,,,,,,,,,,,,,,,,,,,,,,,,,,,,,,,,,,,,,,,,,,,,,,
580,,,,,,,,,,,,,,,,,,,,,,,,,,,,,,,,,,,,,,,,,,,1,,,,,,,,,,,,,,,,,,2,,,,,,,,,,,,,,,,,,1,,,,,,,,,,,,,,,,,,,,,
581,,,,,,,,,,,,,,,,,,,,,,,,,,,,,,,,,,,,,,,,,,,,,,,,,,,,,,,,,,,,,,,,,,,,,,,,,,,,,,,,,,,,,,,,,,,,,,,,,,,,
582,,,,,,,,,,,,,,,,,,,,,,,,,,,,,,,,,,,,,,,,,,,,,,,,,,,,,,,,,,,,,,,,,,,,,,,,,,,,,,,,,,,,,,,,,,,,,,,,,,,,
583,,,,,,,,,,,,,,,,,,,,,,,,,,,,,,,,,,,,,,,,,,,,,,,,,,,,,,,,,,,,,,,,,,,,,,,,,,,,,,,,,,,,,,,,,,,,,,,,,,,,
584,,,,,,,,,,,,,,,,,,,,,,,,,,,,,,,,,,,,,,,,,,,,,,,,,,,,,,,,,,,,,,,,,,,,,,,,,,,,,,,,,,,,,,,,,,,,,,,,,,,,
585,,,,,,,,,,,,,,,,,,,,,,,,,,,,,,,,,,,,,,,,,,,,,,,,,,,,,,,,,,,,,,,,,,,,,,,,,,,,,,,,,,,,,,,,,,,,,,,,,,,,
586,,,,,,3,,,,,,,,,,,,,,,,,,,,,,,,,,,,,,,,,,,,,,,,,,,,,,,,,,,,,,,,,,,,,,,,,,,,,,,,,,,,,,,,,,,,,,,,,,,,,,
587,,,,,,4,,,,,,,,,,,,,,,,,,,,,,,,,,,,,,,,,,,,,,,,,,,,,,,,,,,,,,,,,,,,,,,,,,,,,,,,,,,,,,,,,,,,,,,,,,,,,,
588,,,,,,,,,,,,,,,,,,,,,,,,,,,,,,,,,,,,,,,,,,,,,,,,,,,,,,,,,,,,,,,,,,,,,,,,,,,,,,,,,,,,,,,,,,,,,,,,,,,,
589,,,,,,,,,,,,,,,,,,,,,,,,,,,,,,,,,,,,,,,,,,,,,,,,,,,,,,,,,,,,,,,,,,,,,,,,,,,,,,,,,,,,,,,,,,,,,,,,,,,,
590,,,,,,,,,,,,,,,,,,,,,,,,,,,,,,,,,,,,,,,,,,,,,,,,,,,,,,,,,,,,,,,,,,,,,,,,,,,,,,,,,,,,,,,,,,,,,,,,,,,,
591,,,,,,,,,,,,,,,,,,,,,,,,,,,,,,,,,,,,,,,,,,,,,,,,,,,,,,,,,,,,,,,,,,,,,,,,,,,,,,,,,,,,,,,,,,,,,,,,,,,,
592,,,,,,,,,,,,,,,,,,,,,,,,,,,,,,,,,,,,,,,,,,,,,,,,,,,,,,,,,,,,,,,,,,,,,,,,,,,,,,,,,,,,,,,,,,,,,,,,,,,,
593,,,,,,,,,,,,,,,,,,,,,,,,,,,,,,,,,,,,,,,,,,,,,,,,,,,,,,,,,,,,,,,,,,,,,,,,,,,,,,,,,,,,,,,,,,,,,,,,,,,,
594,,,,,,,,,,,,,,,,,,,,,,,,,,,,,,,,,,,,,,,,,,,,,,,,,,,,,,,,,,,,,,,,,,,,,,,,,,,,,,,,,,,,,,,,,,,,,,,,,,,,
595,,,,,,,,,,,,,,,,,,,,,,,,,,,,,,,,,,,,,,,,,,,,,,,,,,,,,,,,,,,,,,,,,,,,,,,,,,,,,,,,,,,,,,,,,,,,,,,,,,,,
596,,,,,,,,,,,,,,,18,,,,,1,,,,,,,,,,,,,,,,,,,,,,,,,,,,,,,,,,,,,,,,,,,,,,,,3,,,,,,,,,,,,,,,,,,,2,,,,,,,,,,,,,
597,,,,,,,,,,,,,,,,,,,,,,,,,,,,,,,,,,,,,,,,,,,,,,,,,,,,,,,,,,,,,,,,,,,,,,,,,,,,,,,,,,,,,,,,,,,,,,,,,,,,
598,,,,,,,,,,,,,,,,,,,,,,,,,,,,,,,,,,,,,,,,,,,,,,,,,,,,,,,,,,,,,,,,,,,,,,,,,,,,,,,,,,,,,,,,,,,,,,,,,,,,
599,,,,,,,,,,,,,,,,,,,,,,,,,,,,,,,,,,,,,,,,,,,,,,,,,,,,,,,,,,,,,,,,,,,,,,,,,,,,,,,,,,,,,,,,,,,,,,,,,,,,
600,,,,,,,,,,,,,,,,,,,,,,,,,,,,,,,,,,,,,,,,,,,,,,,,,,,,,,,,,,,,,,,,,,,,,,,,,,,,,,,,,,,,,,,,,,,,,,,,,,,,
601,,,,,,,,,,,,,,,,,,,,,,,,,,,,,,1,,,,,,,,,,,,,,,,,,,,,,,,,,,,,,,,,,,,,3,,,,,,,,,,2,,,,,,,,,,,,,,,,,,,,,,,
602,,,,,,,,,,,,,,,,,,,,,,,,,,,,,,,,,,,,,,,,,,,,,,,,,,,,,,,,,,,,,,,,,,,,,,,,,,,,,,,,,,,,,,,,,,,,,,,,,,,,
603,,,,,,,,,,,,,,,,,,,,,,,,,,,,,,,,,,,,,,,,,,,,,,,,,,,,,,,,,,,,,,,,,,,,,,,,,,,,,,,,,,,,,,,,,,,,,,,,,,,,
604,,,,,,,,,,,,,,,,1,,,,,,,,,,,,,,,,,,,,,,,,,,,,,,,,,,,,,,,,,,,,,,,,,,,,,,,,,,,,,,,,,,,,,,,,,,,,,,,,,,,,
605,,,,,,,,,,,,,,,,,,,,,,,,,,,,,,,,,,,,,,,,,,,,,,,,,,,,,,,,,,,,,,,,,,,,,,,,,,,,,,,,,,,,,,,,,,,,,,,,,,,,
606,,,,,,,,,,,,,,,,,,,,,,,,,,,,,,,,2,,,1,,,,,,,,,,,,,,,,,,,,,,,,,,,,,,,1,,,,,,,,,,,,,,,,,,,,,,,,,,,,,,,,,,
607,,,,,,,,,,,,,,,,,,,,,,,,,,,,,,,,,,,,,,,,,,,,,,,,,,,,,,,,,,,,,,,,,,,,,,,,,,,,,,,,,,,,,,,,,,,,,,,,,,,,
608,,,,,,,,,,,,,,,,,,,,,,,,,,,,,,,,,,,,,,,,,,,,,,,,,,,,,,,,,,,,,,,,,,,,,,,,,,,,,,,,,,,,,,,,,,,,,,,,,,,,
609,,,,,,,,,,,,,,,,,,,,,,,,,,,,,,,,,,,,,,,,,,,,,,,,,,,,,,,,,,,,,,,,,,,,,,,,,,,,,,,,,,,,,,,,,,,,,,,,,,,,
610,,,,,,,,,,,,,,,,,,,,,,,,,,,,,,,,,,,,,,,,,,,,,,,,,,,,,,,,,,,,,,,,,5,,,,,,,,,,,,,,,,,,,,,,,,,,,,,,,,,,,
611,,,,,,,,,,,,,,,,,,,,,,,,,,,,,,,,,,,,,,,,,,,,,,,,,,,,,,,,,,,,,,,,,,,,,,,,,,,,,,,,,,,,,,,,,,,,,,,,,,,,
612,,,,,,,,,,,,,,,,,,,,,,,,,,,,,,,,,,,,,,,,,,,,,,,,,,,,,,,,,,,,,,,,,,,,,,,,,,,,,,,,,,,,,,,,,,,,,,,,,,,,
613,,,,,,,,,,,,,,,,,,,,,,,,,,,,,,,,,,,,,,,,,,,,,,,,,,,,,,,,,,,,,,,,,,,,,,,,,,,,,,,,,,,,,,,,,,,,,,,,,,,,
614,,,,,,,1,,,,,,,,,,,,,,,,,,,,,,,,,,,,,,,,,,,,,,,,,,,,,,,,,,,,,,,,,,,,,,,,,,,,,,,,,,,,,,,,,,,,,,,,,,,,,
615,,,,,,,,,,,,,,,,,,,,,,,,,,,,,,,,,,,,,,,,,,,,,,,,,,,,,,,,,,,,,,,,,,,,,,,,,,,,,,,,,,,,,,,,,,,,,,,,,,,,
616,,,,,,,,,,,,,,,,,,,,,,,,,,,,,,,,,,,,,,,,,,,,,,,,,,,,,,,,,,,,,,,,,,,,,,,,,,,,,,,,,,,,,,,,,,,,,,,,,,,,
617,,,,,,,,,,,,,,,,,,,,,,,,,,,,,,,,,,,,,,,,,,,,,,,,,,,,,,,,,,,,,,,,,,,,,,,,,,,,,,,,,,,,,,,,,,,,,,,,,,,,
618,,,,,,,,,,,,,,,,,,,,,,,,,,,,,,,,,,,,,,,,,,,,,,,,,,,,,,,,,,,,,,,,,,,,,,,,,,,,,,,,,,,,,,,,,,,,,,,,,,,,
619,,,,,,,,,,,,,,,,,,,,,,,,,,,,,,,,,,,,,,,,,,,,,,,,,,,,,,,,,,,,,,,,,,,,,,,,,,,,,,,,,,,,,,,,,,,,,,,,,,,,
620,,,,,,,,,,,,,,,,,,,,,,,,,,,,,,,,,,,,,,,,,,,,,,,,,,,,,,,,,,,,,,,,,,,,,,,,,,,,,,,,,,,,,,,,,,,,,,,,,,,,
621,,,,,,,,,,,,,,,,,,,,,,,,,,,,,,,,,,,,,,,,,,,,,,,,,,,,,,,,,,,,,,,,,,,,,,,,,,,,,,,,,,,,,,,,,,,,,,,,,,,,
622,,,,,,,,,,,,,,,,,,,,,,,,,,,,,,,,,,,,,,,,,,,,,,,,,,,,,,,,,,,,,,,,,,,,,,,,,,,,,,,,,,,,,,,,,,,,,,,,,,,,
623,,,,,,,,,,,,,,,,,,,,,,,,,,,,,,,,,,,,,,,,,,,,,,,,,,,,,,,,,,,,,,,,,,,,,,,,,,,,,,,,,,,,,,,,,,,,,,,,,,,,
624,,,,,,,,,,,,,,,,,,,,,,,,,,,,,,,,,,,,,,,,,,,,,,,,,,,,,,,,,,,,,,,,,,,,,,,,,,,,,,,,,,,,,,,,,,,,,,,,,,,,
625,,,,,,,,,,,,,,,,,,,,,,,,,,,,,,,,,,,,,,,,,,,,,,,,,,,,,,,,,,,,,,,,,,,,,,,,,,,,,,,,,,,,,,,,,,,,,,,,,,,,
626,,,,,,,,,,,,,,,,,,,,,,,,,,,,,,,,,,,,,,,,,,,,,,,,,,,,,,,,,,,,,,,,,,,,,,,,,,,,,,,,,,,,,,,,,,,,,,,,,,,,
627,,,,,,,,,,,,,,,,,,,,,,,,,,,,,,,,,,,,,,,,,,,,,,,,,,,,,,,,,,,,,,,,,,,,,,,,,,,,,,,,,,,,,,,,,,,,,,,,,,,,
628,,,,,,,,,,,,,,,,,,,,,,,,,,,,,,,,,,,,,,,,,,,,,,,,,,,,,,,,,,,,,,,,,,,,,,,,,,,,,,,,,,,,,,,,,,,,,,,,,,,,
629,,,,,,,,,2,,,,,,1,,,,,,,,,,,,,,,,,,,1,,,,,,,,,,,,,,,,,,,,,,,,,,,,,,,,,,,,,,,,1,,20,,,,,,,,,,,,,13,,,,,,,,,,,
630,,,,,,,,,,,,,,,,,,,,,,,,,,,,,,,,,,,,,,,,,,,,,,,,,,,,,,,,,,,,,,,,,,,,,,,,,,,,,,,,,,,,,,,,,,,,,,,,,,,,
631,,,,,,,,,,,,,,,,,,,,,,,,,,,,,,,,,,,,,,,,,,,,,,,,,,,,,,,,,,,,,,,,,,,,,,,,,,,,,,,,,,,,,,,,,,,,,,,,,,,,
632,,,,,,,,,,,,,,,,,,,,,,,,,,,,,,,,,,,,,,,,,,,,,,,,,,,,,,,,,,,,,,,,,,,,,,,,,,,,,,,,,,,,,,,,,,,,,,,,,,,,
633,,,,,,,,,,,,,,,,,,,,,,,,,,,,,,,,,,,,,,,,,,,,,,,,,,,,,,,,,,,,,,,,,,,,,,,,,,,,,,,,,,,,,,,,,,,,,,,,,,,,
634,,,,,,3,,,,,,,,,,,,,,,,,,,,,,,,,,,,,,,,,,,,,,,,,,,,,,,,,,,,,,,,,,,,,,,,,,,,,,,,,,,,,,,,,,,,,,,,,,,,,,
635,,,,,,,,,,,,,,,,,,,,,,,,,,,,,,,,,,,,,,,,,,,,,,,,,,,,,,,,,,,,,,,,,,,,,,,,,,,,,,,,,,,,,,,,,,,,,,,,,,,,
636,,,,,,,,,,,,,,,,,,,,,,,,,,,,,,,,,,,,,,,,,,,,,,,,,,,,,,,,,,,,,,,,,,,,,,,,,,,,,,,,,,,,,,,,,,,,,,,,,,,,
637,,,,,,,,,,,,,,,,,,,,,,,,,,,,,,,,,,,,,,,,,,,,,,,,,,,,14,20,,,,1,,,,,,,,,,,,,,,,,,,,,,,,,,,,,,,,,,,,,,,,,,,
638,,,,,,,,,,,,,,,,,,,,,,,,,,,,,,,,,,,,,,,,,,,,,,,,,,,,,,,,,,,,,,,,,,,,,,,,,,,,,,,,,,,,,,,,,,,,,,,,,,,,
639,,,,,,,,,,,,,,,,,,,,,1,,,,,,,,,,,,,,,,1,,,,,,,,,,,,,,,,,,,,,,,,,,,,,,,,,,,,,,,,,,1,,,,,,,,,,,,,,,,,1,,1,,
640,,,,,,,,,,,,,,,,,,,,,,,,,,,,,,,,,,,,,,,,,,,,,,,,,,,,,,,,,,,,,,,,,,,,,,,,,,,,,,,,,,,,,,,,,,,,,,,,,,,,
641,,,,,,,,,,,,,,,,,,,,,,,,,,,,,,2,,,,,,,,,,3,,,,,,,,,,,,,,,,,,,,,,,,,,,,,,,,,,,,,,,,,,,,,,,,,,,,,,,,,,,,
642,,,,,,,,,,,,,,,,,,,,,,,,,,,,,,,,,,,,,,,,,,,,,,,,,,,,,,,,,,,,,,,,,,,,,,,,,,,,,,,,,,,,,,,,,,,,,,,,,,,,
643,,,,,,,,,,,,,,,,,,,,,,,,,,,,,,,,,,,,,,,,,,,,,,,,,,,,,,,,,,,,,,,,,,,,,,,,,,,,,,,,,,,,,,,,,,,,,,,,,,,,
644,,,,,,,,,,,,,,,,,,,,,,,,,,,,,,,,,,,,,,,,,,,,,,,,,,,,,,,,,,,,,,,,,,,,,,,,,,,,,,,,,,,,,,,,,,,,,,,,,,,,
645,,,,,,,,,,,,,,,,,,,,,,,,,,,,,,,,,,,,,,,,,,,,,,,,,,,,,,,,,,,,,,,,,,,,,,,,,,,,,,,,,,,,,,,,,,,,,,,,,,,,
646,,,,,,3,,,,,,,,,,,,,,,,,,,,,,,,,,,,,,,,,,,,,,,,,,,,,,,,,,,,,,,,,,,,,,,,,,,,,,,,,,,,,,,,,,,,,,,,,,,,,,
647,,,,,,,,,,,,,,,,,,,,,,,,,,,,,,,,,,,,,,,,,,,,,,,,,,,,,,,,,,,,,,,,,,,,,,,,,,,,,,,,,,,,,,,,,,,,,,,,,,,,
648,,,,,,,,,,,,,,,,,,,,,,,,,,,,,,,,,,,,,,,,,,,,,,,,,,,,,,,,,,,,,,,,,,,,,,,,,,,,,,,,,,,,,,,,,,,,,,,,,,,,
649,,,,1,,,,,1,,,,,,,,,,,,,,,,,,,,1,,,,,2,,,,,,,,,,,,,,,,,,,,,,,,,,,1,,16,,,,,,,,,,,,,,,2,,,,2,,,,,1,,,,,,,,,,,1,,
650,,,,,,,,,,,,,,,,,,,,,,,,,,,,,,,,,,,,,,,,,,,,,,,,,,,,,,,,,,,,,,,,,,,,,,,,,,,,,,,,,,,,,,,,,,,,,,,,,,,,
651,,,,,,4,,,,,,,,,,,,,,,,,,,2,,,,,,,,,,,,,,,,,,,,,,,,,,,,,,,,,,,,,,,,,,,,,,,,,,,,,,,,,,,,,,,,,,,1,,,,,,,,
652,,,,,,,,,,,,,,,,,,,,,,,,,,,,,,,,,,,,,,,,,,,,,,,,,,,,,,,,,,,,,,,,,,,,,,,,,,,,,,,,,,,,,,,,,,,,,,,,,,,,
653,,,,,,,,,,,,,,,,,,,,,,,,,,,,,,,,,,,,,,,,,,,,,,,,,,,,,,,,,,,,,,,,,,,,,,,,,,,,,,,,,,,,,,,,,,,,,,,,,,,,
654,,,,,,,,,,,,,,,,,,,,,,,,,,,,,,,,,,,,,,,,,,,,,,,,,,,,,,,,,,,,,,,,,,,,,,,,,,,,,,,,,,,,,,,,,,,,,,,,,,,,
655,,,,,,,,,,,,,,,,,,,,,,,,,,,,,,,,,,,,,,,,,,,,,,,,,,,,,,,,,,,,,,,,,,,,,,,,,,,,,,,,,,,,,,,,,,,,,,,,,,,,
656,,,,,,,,,,,,,,,,,,,,,,,,,,,,,,,,,,,,,,,,,,,,,,,,,,,,,,,,,,,,,3,,,,,,,,,,,,,,,,,,,,,,,,,,,,,,,,,,,,,,,
657,,,,,,,,,,,,,,,,,,,,,,,,,,,,,,,,,,,,,,,,,,,,,,,,,,,,,,,,,,,,,,,,,,,,,,,,,,,,,,,,,,,,,,,,,,,,,,,,,,,,
658,,,,,,,,,,,,,,,,,,,,,,,,,,,,,,,,,,,,,,,,,,,,,,,,,,,,,,,,,,,,,,,,,,,,,,,,,,,,,,,,,,,,,,,,,,,,,,,,,,,,
659,,,,,,,,,,,,,,,,,,,,,,,,,,,,,,,,,,,,,,,,,,,,,,,,,,,,,,,,,,,,,,,,,,,,,,,,,,,,,,,,,,,,,,,,,,,,,,,,,,,,
660,,,,,,,,,,,,,,,,,,,,,,,,,,,,,,,,,,,,,,,,,,,,,,,,,,,,,,,,,,,,,,,,,,,,,,,,,,,,,,,,,,,,,,,,,,,,,,,,,,,,
661,,,,,,,,,,,,,,,,,,,,,,,,,,,,,,,,,,,,,,,,,,,,,,,,,,,,,,,,,,,,,,,,,,,,,,,,,,,,,,,,,,,,,,,,,,,,,,,,,,,,
662,,,,,,,,,,,,,,,,,,,,,,,,,,,,,,,,,,,,,,,,,,,,,,,,,,,,,,,,,,,,,,,,,,,,,,,,,,,,,,,,,,,,,,,,,,,,,,,,,,,,
663,,,,,,,,,,,,,,,,,,,,,,,,,,,,,,,,,,,,,,,,,,,,,,,,,,,,,,,,,,,,,,,,,,,,,,,,,,,,,,,,,,,,,,,,,,,,,,,,,,,,
664,,,,,,,,,,,,,,,,,,,,,,,,,,,,,,,,,,,,,,,,,,,,,,,,,,,,,,,,,,,,,,,,,,,,,,,,,,,,,,,,,,,,,,,,,,,,,,,,,,,,
665,,,,,,,,,,,,,,,,,,,,,,,,,,,,,,,,,,,,,,,,,,,,,,,,,,,,,,,,,,,,,,,,,,,,,,,,,,,,,,,,,,,,,,,,,,,,,,,,,,,,
666,,,,,,,,,,,,,,,,,,,,,,,,,,,,,,,,,,,,,,,,,,,,,,,,,,,,,,,,,,,,,,,,,,,,,,,,,,,,,,,,,,,,,,,,,,,,,,,,,,,,
667,,,,,,,,,,,,,,,,,,,,,,,,,,,,,,,,,,,,,,,,,,,,,,,,,,,,,,,,,,,,,,,,,,,,,,,,,,,,,,,,,,,,,,,,,,,,,,,,,,,,
668,,,,,,,,,,,,,,,,,,,,,,,,,,,,,,,,,,,,,,,,,,,,,,,,,,,,,,,,,,,,,,,,,,,,,,,,,,,,,,,,,,,,,,,,,,,,,,,,,,,,
669,,,,,,,,,,,,,,,2,,,,,,,,,,,,,,,,,1,,,1,,,,,,,,,,,,,,,,,,,,1,,,,,,,,,,,,,,,,,,,,,,,,,,,,,,,,,,,,,,,1,,,,,,
670,,,,,,,,,,,,,,,,,,,,,,,,,,,,,,,,,,,,,,,,,,,,,,,,,,,,,,,,,,,,,,,,,,,,,,,,,,,,,,,,,,,,,,,,,,,,,,,,,,,,
671,,,,,1,,,,,1,,,1,,,1,,,,,,,,1,,,,,,,,2,,,,,1,,1,,,1,,,,,,,,,,,,,,,,,,1,,1,1,,,,,,1,,,,,1,,,,,,,,1,,,,,,,1,1,,,,,,1,,,,
672,,,,,,,,,,,,,,,,,,,,,,,,,,,,,,,,,,,,,,,,,,,,,,,,,,,,,,,,,,,,,,,,,,,,,,,,,,,,,,,,,,,,,,,,,,,,,,,,,,,,
673,,,,,,,,,,,,,,,,,,,,,,,,,,,,,,,,4,,,,,,,,,,,,,,,,,,,,,,,,,,,,,,,,,,,,,,,,,,,,,,,,,,,,,,,,,,,,,,,,,,,,
674,,,,,,,,,,,,,,,,,,,,,,,,,,,,,,,,,,,,,,,,,,,,,,,,,,,,,,,,,,,,,,,,,,,,,,,,,,,,,,,,,,,,,,,,,,,,,,,,,,,,
675,,,,,,,,,,,,,,,,,,,,,,,,,,,,,,,,,,,,,,,,,,,,,,,,,,,,,,,,,,,,,,,,,,,,,,,,,,,,,,,,,,,,,,,,,,,,,,,,,,,,
676,,,,,,,,,,,,,,,,,,,,,,,,,,,,,,,,,,,,,,,,,,,,,,,,,,,,,,,,,,,,,,,,,,,,,,,,,,,,,,,,,,,,,,,,,,,,,,,,,,,,
677,,,,,,,,,,,,,,,,,,,,,,,,,,,,,,,,,,,,,,,,,,,,,,,,,,,,,,,,,,,,,,,,,,,,,,,,,,,,,,,,,,,,,,,,,,,,,,,,,,,,
678,,,,,,,,,,,,,,,,,,,,,,,,,,,,,,,,,,,,,,,,,,,,,,,,,,,,,21,,,,,,,,,,,,,,,,,,,,,,,,,,,,,,,,,,,,,,,,,,,,,,,
679,,,,,,,,,,,,,,,,,,,,,,,,,,,,,,,,,,,,,,,,,,,,,,,,,,,,,,,,,2,,,,,,,,,,,,,,,,,,,,,,,,,,,,,,,,,,,,,,,,,,,
680,,,,,,,,,,,,,,,,,,,,,,,,,,,,,,,,,,,,,,,,,,,,,,,,,,,,,,,,,,,,,,,,,,,,,,,,,,,,,,,,,,,,,,,,,,,,,,,,,,,,
681,,,,,,,,,,,,,,,,,,,,,,,,,,,,,,,,,,,,,,,,,,,,,,,,,,,,,,,,,,,,,,,,,,,,,,,,,,,,,,,,,,,,,,,,,,,,,,,,,,,,
682,,,,,,,,,,,,,,,,,,,,,,,,,,,,,,,,,,,,,,,,,,,,,,,,,,,,,,,,,,,,,,,,,,,,,,,,,,,,,,,,,,,,,,,,,,,,,,,,,,,,
683,,,,,,,,,,,,,,,,,,,,,,,,,,,,,,,,,,,,,,,,,,,,,,,,,,,,,,,,,,,,,,,,,,,,,,,,,,,,,,,,,,,,,,,,,,,,,,,,,,,,
684,,,,,,,,,,,,,,,,,,,,,,,,,,,,,,,,,,,,,,,,,,,,,,,,,,,,,,,,,,,,,,,,,,,,,,,,,,,,,,,,,,,,,,,,,,,,,,,,,,,,
685,,,,,,,,,,,,,,,,,,,,,,,,,,,,,,,,,,,,,,,,,,,,,,,,,,,,,,,,,,,,,,,,,,,,,,,,,,,,,2,,,,,,,,,,,,,,,,,,,,,,,
686,,,,,,,,,,,,,,,,,,,,,,,,,,,,,,,,,,,,,,,,,,,,,,,,,,,,,,,,,,,,,,,,,,,,,,,,,,,,,,,,,,,,,,,,,,,,,,,,,,,,
687,,,,,,,,,,,,,,,,,,,,,,,,,,,,,,,,,,,,,,,,,,,,,,,,,,,,,,,,,,,,,,,,,,,,,,,,,,,,,,,,,,,,,,,,,,,,,,,,,,,,
688,,,,,,,,,,,,,,,,,,,,,,,,,,,,,,,,,,,,,,,,,,,,,,,,,,,,,,,,,,,,,,,,,,,,,,,,,,,,,,,,,,,,,,,,,,,,,,,,,,,,
689,,,,,,,,,,,,,,,,,,,,,,,,,,,,,,,,,,,,,,,,,,,,,,,,,,,,,,,,,,,,,,,,,,,,,,,,,,,,,,,,,,,,,,,,,,,,,,,,,,,,
690,,,,,,,,,,,,,,,,,,,,,,,,,,,,,,,,,,,,,,,,,,,,,,,,,,,,,,,,,,,,,,,,,,,,,,,,,,,,,,,,,,,,,,,,,,,,,,,,,,,,
691,,,,,,,,,,,,,,,,,,,,,,,,,,,,,,,,,,,,,,,,,,,,,,,,,,,,,,,,,,,,,,,,,,,,,,,,,,,,,,,,,,,,,,,,,,,,,,,,,,,,
692,,,,,,,,,,,,,,,,,,,,,,,,,,,,,,,,,,,,,,,,,,,,,,,,,,,,,,,,,,,,,,,,,,,,,,,,,,,,,,,,,,,,,,,,,,,,,,,,,,,,
693,,,,,,,,,,,,,,,,,,,,,,,,,,,,,,,,,,,,,,,,,,,,,,,,,,,,,,,,,,,,,,,,,,,,,,,,,,,,,,,,,,,,,,,,,,,,,,,,,,,,
694,,,,,,,,,,,,,,,,,,,,,,,,,,,,,,,,,,,,,,,,,,,,,,,,,,,,,,,,,,,,,,,,,,,,,,,,,,,,,,,,,,,,,,,,,,,,,,,,,,,,
695,,,,,,,,,,,,,,,,,,,,,,,,,,,,,,,,,,,,,,,,,,,,,,,,,,,,,,,,,,,,,,,,,,,,,,,,,,,,,,,,,,,,,,,,,,,,,,,,,,,,
696,,,,,,,,,,,,,,,,,,,,,,,,,,,,,,,,,,,,,,,,,,,,,,,,,,,,,,,,,,,,,,,,,,,,,,,,,,,,,,,,,,,,,,,,,,,,,,,,,,,,
697,,,,,,,,,,,,,,,,,,,,,,,,,,,,,,,,,,,,,,,,,,,,,,,,,,,,,,,,,,,,,,,,,,,,,,,,,,,,,,,,,,,,,,,,,,,,,,,,,,,,
698,,,,,,,,,,,,,,,,,,,,,,,,,,,,,,,,,,,,,,,,,,,,,,,,,,,,,,,,,,,,,,,,,,,,,,,,,,,,,,,,,,,,,,,,,,,,,,,,,,,,
699,,,,,,,,,,,,,,,,,,,,,,,,,,,,,,,,,,,,,,,,,,,,,,,,,,,,,,,,,,,,,,,,,,,,,,,,,,,,,,,,,,,,,,,,,,,,,,,,,,,,
700,,,,,,,,,,,,,,,,,,,,,,,,,,,,,,,,,,,,,,,,,,,,,,,,,,,,,,,,,,,,,,,,,,,,,,,,,,,,,,,,,,,,,,,,,,,,,,,,,,,,
701,,,,,,,,,,,,,,,,,,,,,,,,,,,,,,,,,,,,,,,,,,,,,,,,,,,,,,,,,,,,,,,,,,,,,,,,,,,,,,,,,,,,,,,,,,,,,,,,,,,,
702,,,,,,,,,,,,,,,,,,,,,,,,,,,,,,,,,,,,,,,,,,,,,,,,,,,,,,,,,,,,,,,,,,,,,,,,,,,,,,,,,,,,,,,,,,,,,,,,,,,,
703,,,,,,,,,,,,,,,,,,,,,,,,,,,,,,,,,,,,,,,,,,,,,,,,,,,,,,,,,,,,,,,,,,,,,,,,,,,,,,,,,,,,,,,,,,,,,,,,,,,,
704,,,,,,,,,,,,,,,,,,,,,,,,,,,,,,,,,,,,,,,,,,,,,,,,,,,,,,,,,,,,,,,,,,,,,,,,,,,,,,,,,,,,,,,,,,,,,,,,,,,,
705,,,,,,,,,,,,,,,,,,,,,,,,,,,,,,,,,,,,,,,,,,,,,,,,,,,,,,,,,,,,,,,,,,,,,,,,,,,,,,,,,,,,,,,,,,,,,,,,,,,,
706,,,,,,,,,,,,,,,,,,,,,,,,,,,,,,,,,,,,,,,,,,,,,,,,,,,,,,,,,,,,,,,,,,,,,,,,,,,,,,,,,,,,,,,,,,,,,,,,,,,,
707,,,,,,,,,,,,,,,,,,,,,,,,,,,,,,,,,,,,,,,,,,,,,,,,,,,,,,,,,,,,,,,,,,,,,,,,,,,,,,,,,,,,,,,,,,,,,,,,,,,,
708,,,,,,,,,,,,,,,,,,,,,,,,,,,,,,,,,,,,,,,,,,,,,,,,,,,,,,,,,,,,,,,,,,,,,,,,,,,,,,,,,,,,,,,,,,,,,,,,,,,,
709,,,,,,,,,,,,,,,,,,,,,,,,,,,,,,,,,,,,,,,,,,,,,,,,,,,,,,,,,,,,,,,,,,,,,,,,,,,,,,,,,,,,,,,,,,,,,,,,,,,,
710,,,,,,,,,,,,,,,,,,,,,,,,,,,,,,,,,,,,,,,,,,,,,,,,,,,,,,,,,,,,,,,,,,,,,,,,,,,,,,,,,,,,,,,,,,,,,,,,,,,,
711,,,,,,,,,,,,,,,,,,,,,,,,,,,,,,,,,,,,,,,,,,,,,,,,,,,,,,,,,,,,,,,,,,,,,,,,,,,,,,,,,,,,,,,,,,,,,,,,,,,,
712,,,,,,,,,,,,,,,,,,,,,,,,,,,,,,,,,,,,,,,,,,,,,,,,,,,,,,,,,,,,,,,,,,,,,,,,,,,,,,,,,,,,,,,,,,,,,,,,,,,,
713,,,,,,,,,,,,,,,,,,,,,,,,,,,,,,,,,,,,,,,,,,,,,,,,,,,,,,,,,,,,,,,,,,,,,,,,,,,,,,,,,,,,,,,,,,,,,,,,,,,,
714,,,,,,,,,,,,,,,,,,,,,,,,,,,,,,,,,,,,,,,,,,,,,,,,,,,,,,,,,,,,,,,,,,,,,,,,,,,,,,,,,,,,,,,,,,,,,,,,,,,,
715,,,,,,,,,,,,,,,,,,,,,,,,,,,,,,,,,,,,,,,,,,,,,,,,,,,,,,,,,,,,,,,,,,,,,,,,,,,,,,,,,,,,,,,,,,,,,,,,,,,,
716,,,,,,,,,,,,,,,,,,,,,,,,,,,,,,,,,,,,,,,,,,,,,,,,,,,,,,,,,,,,,,,,,,,,,,,,,,,,,,,,,,,,,,,,,,,,,,,,,,,,
717,,,,,,,,,,,,,,,,,,,,,,,,,,,,,,,,,,,,,,,,,,,,,,,,,,,,,,,,,,,,,,,,,,,,,,,,,,,,,,,,,,,,,,,,,,,,,,,,,,,,
718,,,,,,,,,,,,,,,,,,,,,,,,,,,,,,,,,,,,,,,,,,,,,,,,,,,,,,,,,,,,,,,,,,,,,,,,,,,,,,,,,,,,,,,,,,,,,,,,,,,,
719,,,,,,,,,,,,,,,,,,,,,,,,,,,,,,,,,,,,,,,,,,,,,,,,,,,,,,,,,,,,,,,,,,,,,,,,,,,,,,,,,,,,,,,,,,,,,,,,,,,,
720,,,,,,,,,,,,,,,,,,,,,,,,,,,,,,,,,,,,,,,,,,,,,,,,,,,,,,,,,,,,,,,,,,,,,,,,,,,,,,,,,,,,,,,,,,,,,,,,,,,,
721,,,,,,,,,,,,,,,,,,,,,,,,,,,,,,,,,,,,,,,,,,,,,,,,,,,,,,,,,,,,,,,,,,,,,,,,,,,,,,,,,,,,,,,,,,,,,,,,,,,,
722,,,,,,,,,,,,,,,,,,,,,,,,,,,,,,,,,,,,,,,,,,,,,,,,,,,,,,,,,,,,,,,,,,,,,,,,,,,,,,,,,,,,,,,,,,,,,,,,,,,,
723,,,,,,,,,,,,,,,,,,,,,,,,,,,,,,,,,,,,,,,,,,,,,,,,,,,,,,,,,,,,,,,,,,,,,,,,,,,,,,,,,,,,,,,,,,,,,,,,,,,,
724,,,,,,,,,,,,,,,,,,,,,,,,,,,,,,,,,,,,,,,,,,,,,,,,,,,,,,,,,,,,,,,,,,,,,,,,,,,,,,,,,,,,,,,,,,,,,,,,,,,,
725,,,,,,,,,,,,,,,,,,,,,,,,,,,,,,,,,,,,,,,,,,,,,,,,,,,,,,,,,,,,,,,,,,,,,,,,,,,,,,,,,,,,,,,,,,,,,,,,,,,,
726,,,,,,,,,,,,,,,,,,,,,,,,,,,,,,,,,,,,,,,,,,,,,,,,,,,,,,,,,,,,,,,,,,,,,,,,,,,,,,,,,,,,,,,,,,,,,,,,,,,,
727,,,,,,,,,,,,,,,,,,,,,,,,,,,,,,,,,,,,,,,,,,,,,,,,,,,,,,,,,,,,,,,,,,,,,,,,,,,,,,,,,,,,,,,,,,,,,,,,,,,,
728,,,,,,,,,,,,,,,,,,,,,,,,,,,,,,,,,,,,,,,,,,,,,,,,,,,,,,,,,,,,,,,,,,,,,,,,,,,,,,,,,,,,,,,,,,,,,,,,,,,,
729,,,,,,,,,,,,,,,,,,,,,,,,,,,,,,,,,,,,,,,,,,,,,,,,,,,,,,,,,,,,,,,,,,,,,,,,,,,,,,,,,,,,,,,,,,,,,,,,,,,,
730,,,,,,,,,,,,,,,,,,,,,,,,,,,,,,,,,,,,,,,,,,,,,,,,,,,,,,,,,,,,,,,,,,,,,,,,,,,,,,,,,,,,,,,,,,,,,,,,,,,,
731,,,,,,,,,,,,,,,,,,,,,,,,,,,,,,,,,,,,,,,,,,,,,,,,,,,,,,,,,,,,,,,,,,,,,,,,,,,,,,,,,,,,,,,,,,,,,,,,,,,,
732,,,,,,,,,,,,,,,,,,,,,,,,,,,,,,,,,,,,,,,,,,,,,,,,,,,,,,,,,,,,,,,,,,,,,,,,,,,,,,,,,,,,,,,,,,,,,,,,,,,,
733,,,,,,,,,,,,,,,,,,,,,,,,,,,,,,,,,,,,,,,,,,,,,,,,,,,,,,,,,,,,,,,,,,,,,,,,,,,,,,,,,,,,,,,,,,,,,,,,,,,,
734,,,,,,,,,,,,,,,,,,,,,,,,,,,,,,,,,,,,,,,,,,,,,,,,,,,,,,,,,,,,,,,,,,,,,,,,,,,,,,,,,,,,,,,,,,,,,,,,,,,,
735,,,,,,,,,,,,,,,,,,,,,,,,,,,,,,,,,,,,,,,,,,,,,,,,,,,,,,,,,,,,,,,,,,,,,,,,,,,,,,,,,,,,,,,,,,,,,,,,,,,,
736,,,,,,,,,,,,,,,,,,,,,,,,,,,,,,,,,,,,,,,,,,,,,,,,,,,,,,,,,,,,,,,,,,,,,,,,,,,,,,,,,,,,,,,,,,,,,,,,,,,,
737,,,,,,,,,,,,,,,,,,,,,,,,,,,,,,,,,,,,,,,,,,,,,,,,,,,,,,,,,,,,,,,,,,,,,,,,,,,,,,,,,,,,,,,,,,,,,,,,,,,,
738,,,,,,,,,,,,,,,,,,,,,,,,,,,,,,,,,,,,,,,,,,,,,,,,,,,,,,,,,,,,,,,,,,,,,,,,,,,,,,,,,,,,,,,,,,,,,,,,,,,,
739,,,,,,,,,,,,,,,,,,,,,,,,,,,,,,,,,,,,,,,,,,,,,,,,,,,,,,,,,,,,,,,,,,,,,,,,,,,,,,,,,,,,,,,,,,,,,,,,,,,,
740,,,,,,,,,,,,,,,,,,,,,,,,,,,,,,,,,,,,,,,,,,,,,,,,,,,,,,,,,,,,,,,,,,,,,,,,,,,,,,,,,,,,,,,,,,,,,,,,,,,,
741,,,,,,,,,,,,,,,,,,,,,,,,,,,,,,,,,,,,,,,,,,,,,,,,,,,,,,,,,,,,,,,,,,,,,,,,,,,,,,,,,,,,,,,,,,,,,,,,,,,,
742,,,,,,,,,,,,,,,,,,,,,,,,,,,,,,,,,,,,,,,,,,,,,,,,,,,,,,,,,,,,,,,,,,,,,,,,,,,,,,,,,,,,,,,,,,,,,,,,,,,,
743,,,,,,,,,,,,,,,,,,,,,,,,,,,,,,,,,,,,,,,,,,,,,,,,,,,,,,,,,,,,,,,,,,,,,,,,,,,,,,,,,,,,,,,,,,,,,,,,,,,,
744,,,,,,,,,,,,,,,,,,,,,,,,,,,,,,,,,,,,,,,,,,,,,,,,,,,,,,,,,,,,,,,,,,,,,,,,,,,,,,,,,,,,,,,,,,,,,,,,,,,,
745,,,,,,,,,,,,,,,,,,,,,,,,,,,,,,,,,,,,,,,,,,,,,,,,,,,,,,,,,,,,,,,,,,,,,,,,,,,,,,,,,,,,,,,,,,,,,,,,,,,,
746,,,,,,,,,,,,,,,,,,,,,,,,,,,,,,,,,,,,,,,,,,,,,,,,,,,,,,,,,,,,,,,,,,,,,,,,,,,,,,,,,,,,,,,,,,,,,,,,,,,,
747,,,,,,,,,,,,,,,,,,,,,,,,,,,,,,,,,,,,,,,,,,,,,,,,,,,,,,,,,,,,,,,,,,,,,,,,,,,,,,,,,,,,,,,,,,,,,,,,,,,,
748,,,,,,,,,,,,,,,,,,,,,,,,,,,,,,,,,,,,,,,,,,,,,,,,,,,,,,,,,,,,,,,,,,,,,,,,,,,,,,,,,,,,,,,,,,,,,,,,,,,,
749,,,,,,,,,,,,,,,,,,,,,,,,,,,,,,,,,,,,,,,,,,,,,,,,,,,,,,,,,,,,,,,,,,,,,,,,,,,,,,,,,,,,,,,,,,,,,,,,,,,,
750,,,,,,,,,,,,,,,,,,,,,,,,,,,,,,,,,,,,,,,,,,,,,,,,,,,,,,,,,,,,,,,,,,,,,,,,,,,,,,,,,,,,,,,,,,,,,,,,,,,,
751,,,,,,,,,,,,,,,,,,,,,,,,,,,,,,,,,,,,,,,,,,,,,,,,,,,,,,,,,,,,,,,,,,,,,,,,,,,,,,,,,,,,,,,,,,,,,,,,,,,,
752,,,,,,,,,,,,,,,,,,,,,,,,,,,,,,,,,,,,,,,,,,,,,,,,,,,,,,,,,,,,,,,,,,,,,,,,,,,,,,,,,,,,,,,,,,,,,,,,,,,,
753,,,,,,,,,,,,,,,,,,,,,,,,,,,,,,,,,,,,,,,,,,,,,,,,,,,,,,,,,,,,,,,,,,,,,,,,,,,,,,,,,,,,,,,,,,,,,,,,,,,,
754,,,,,,,,,,,,,,,,,,,,,,,,,,,,,,,,,,,,,,,,,,,,,,,,,,,,,,,,,,,,,,,,,,,,,,,,,,,,,,,,,,,,,,,,,,,,,,,,,,,,
755,,,,,,,,,,,,,,,,,,,,,,,,,,,,,,,,,,,,,,,,,,,,,,,,,,,,,,,,,,,,,,,,,,,,,,,,,,,,,,,,,,,,,,,,,,,,,,,,,,,,
756,,,,,,,,,,,,,,,,,,,,,,,,,,,,,,,,,,,,,,,,,,,,,,,,,,,,,,,,,,,,,,,,,,,,,,,,,,,,,,,,,,,,,,,,,,,,,,,,,,,,
757,,,,,,,,,,,,,,,,,,,,,,,,,,,,,,,,,,,,,,,,,,,,,,,,,,,,,,,,,,,,,,,,,,,,,,,,,,,,,,,,,,,,,,,,,,,,,,,,,,,,
758,,,,,,,,,,,,,,,,,,,,,,,,,,,,,,,,,,,,,,,,,,,,,,,,,,,,,,,,,,,,,,,,,,,,,,,,,,,,,,,,,,,,,,,,,,,,,,,,,,,,
759,,,,,,,,,,,,,,,,,,,,,,,,,,,,,,,,,,,,,,,,,,,,,,,,,,,,,,,,,,,,,,,,,,,,,,,,,,,,,,,,,,,,,,,,,,,,,,,,,,,,
760,,,,,,,,,,,,,,,,,,,,,,,,,,,,,,,,,,,,,,,,,,,,,,,,,,,,,,,,,,,,,,,,,,,,,,,,,,,,,,,,,,,,,,,,,,,,,,,,,,,,
761,,,,,,,,,,,,,,,,,,,,,,,,,,,,,,,,,,,,,,,,,,,,,,,,,,,,,,,,,,,,,,,,,,,,,,,,,,,,,,,,,,,,,,,,,,,,,,,,,,,,
762,,,,,,,,,,,,,,,,,,,,,,,,,,,,,,,,,,,,,,,,,,,,,,,,,,,,,,,,,,,,,,,,,,,,,,,,,,,,,,,,,,,,,,,,,,,,,,,,,,,,
763,,,,,,,,,,,,,,,,,,,,,,,,,,,,,,,,,,,,,,,,,,,,,,,,,,,,,,,,,,,,,,,,,,,,,,,,,,,,,,,,,,,,,,,,,,,,,,,,,,,,
764,,,,,,,,,,,,,,,,,,,,,,,,,,,,,,,,,,,,,,,,,,,,,,,,,,,,,,,,,,,,,,,,,,,,,,,,,,,,,,,,,,,,,,,,,,,,,,,,,,,,
765,,,,,,,,,,,,,,,,,,,,,,,,,,,,,,,,,,,,,,,,,,,,,,,,,,,,,,,,,,,,,,,,,,,,,,,,,,,,,,,,,,,,,,,,,,,,,,,,,,,,
766,,,,,,,,,,,,,,,,,,,,,,,,,,,,,,,,,,,,,,,,,,,,,,,,,,,,,,,,,,,,,,,,,,,,,,,,,,,,,,,,,,,,,,,,,,,,,,,,,,,,
767,,,,,,,,,,,,,,,,,,,,,,,,,,,,,,,,,,,,,,,,,,,,,,,,,,,,,,,,,,,,,,,,,,,,,,,,,,,,,,,,,,,,,,,,,,,,,,,,,,,,
768,,,,,,,,,,,,,,,,,,,,,,,,,,,,,,,,,,,,,,,,,,,,,,,,,,,,,,,,,,,,,,,,,,,,,,,,,,,,,,,,,,,,,,,,,,,,,,,,,,,,
769,,,,,,,,,,,,,,,,,,,,,,,,,,,,,,,,,,,,,,,,,,,,,,,,,,,,,,,,,,,,,,,,,,,,,,,,,,,,,,,,,,,,,,,,,,,,,,,,,,,,
770,,,,,,,,,,,,,,,,,,,,,,,,,,,,,,,,,,,,,,,,,,,,,,,,,,,,,,,,,,,,,,,,,,,,,,,,,,,,,,,,,,,,,,,,,,,,,,,,,,,,
771,,,,,,,,,,,,,,,,,,,,,,,,,,,,,,,,,,,,,,,,,,,,,,,,,,,,,,,,,,,,,,,,,,,,,,,,,,,,,,,,,,,,,,,,,,,,,,,,,,,,
772,,,,,,,,,,,,,,,,,,,,,,,,,,,,,,,,,,,,,,,,,,,,,,,,,,,,,,,,,,,,,,,,,,,,,,,,,,,,,,,,,,,,,,,,,,,,,,,,,,,,
773,,,,,,,,,,,,,,,,,,,,,,,,,,,,,,,,,,,,,,,,,,,,,,,,,,,,,,,,,,,,,,,,,,,,,,,,,,,,,,,,,,,,,,,,,,,,,,,,,,,,
774,,,,,,,,,,,,,,,,,,,,,,,,,,,,,,,,,,,,,,,,,,,,,,,,,,,,,,,,,,,,,,,,,,,,,,,,,,,,,,,,,,,,,,,,,,,,,,,,,,,,
775,,,,,,,,,,,,,,,,,,,,,,,,,,,,,,,,,,,,,,,,,,,,,,,,,,,,,,,,,,,,,,,,,,,,,,,,,,,,,,,,,,,,,,,,,,,,,,,,,,,,
776,,,,,,,,,,,,,,,,,,,,,,,,,,,,,,,,,,,,,,,,,,,,,,,,,,,,,,,,,,,,,,,,,,,,,,,,,,,,,,,,,,,,,,,,,,,,,,,,,,,,
777,,,,,,,,,,,,,,,,,,,,,,,,,,,,,,,,,,,,,,,,,,,,,,,,,,,,,,,,,,,,,,,,,,,,,,,,,,,,,,,,,,,,,,,,,,,,,,,,,,,,
778,,,,,,,,,,,,,,,,,,,,,,,,,,,,,,,,,,,,,,,,,,,,,,,,,,,,,,,,,,,,,,,,,,,,,,,,,,,,,,,,,,,,,,,,,,,,,,,,,,,,
779,,,,,,,,,,,,,,,,,,,,,,,,,,,,,,,,,,,,,,,,,,,,,,,,,,,,,,,,,,,,,,,,,,,,,,,,,,,,,,,,,,,,,,,,,,,,,,,,,,,,
780,,,,,,,,,,,,,,,,,,,,,,,,,,,,,,,,,,,,,,,,,,,,,,,,,,,,,,,,,,,,,,,,,,,,,,,,,,,,,,,,,,,,,,,,,,,,,,,,,,,,
781,,,,,,,,,,,,,,,,,,,,,,,,,,,,,,,,,,,,,,,,,,,,,,,,,,,,,,,,,,,,,,,,,,,,,,,,,,,,,,,,,,,,,,,,,,,,,,,,,,,,
782,,,,,,,,,,,,,,,,,,,,,,,,,,,,,,,,,,,,,,,,,,,,,,,,,,,,,,,,,,,,,,,,,,,,,,,,,,,,,,,,,,,,,,,,,,,,,,,,,,,,
783,,,,,,,,,,,,,,,,,,,,,,,,,,,,,,,,,,,,,,,,,,,,,,,,,,,,,,,,,,,,,,,,,,,,,,,,,,,,,,,,,,,,,,,,,,,,,,,,,,,,
784,,,,,,,,,,,,,,,,,,,,,,,,,,,,,,,,,,,,,,,,,,,,,,,,,,,,,,,,,,,,,,,,,,,,,,,,,,,,,,,,,,,,,,,,,,,,,,,,,,,,
785,,,,,,,,,,,,,,,,,,,,,,,,,,,,,,,,,,,,,,,,,,,,,,,,,,,,,,,,,,,,,,,,,,,,,,,,,,,,,,,,,,,,,,,,,,,,,,,,,,,,
786,,,,,,,,,,,,,,,,,,,,,,,,,,,,,,,,,,,,,,,,,,,,,,,,,,,,,,,,,,,,,,,,,,,,,,,,,,,,,,,,,,,,,,,,,,,,,,,,,,,,
787,,,,,,,,,,,,,,,,,,,,,,,,,,,,,,,,,,,,,,,,,,,,,,,,,,,,,,,,,,,,,,,,,,,,,,,,,,,,,,,,,,,,,,,,,,,,,,,,,,,,
788,,,,,,,,,,,,,,,,,,,,,,,,,,,,,,,,,,,,,,,,,,,,,,,,,,,,,,,,,,,,,,,,,,,,,,,,,,,,,,,,,,,,,,,,,,,,,,,,,,,,
789,,,,,,,,,,,,,,,,,,,,,,,,,,,,,,,,,,,,,,,,,,,,,,,,,,,,,,,,,,,,,,,,,,,,,,,,,,,,,,,,,,,,,,,,,,,,,,,,,,,,
790,,,,,,,,,,,,,,,,,,,,,,,,,,,,,,,,,,,,,,,,,,,,,,,,,,,,,,,,,,,,,,,,,,,,,,,,,,,,,,,,,,,,,,,,,,,,,,,,,,,,
791,,,,,,,,,,,,,,,,,,,,,,,,,,,,,,,,,,,,,,,,,,,,,,,,,,,,,,,,,,,,,,,,,,,,,,,,,,,,,,,,,,,,,,,,,,,,,,,,,,,,
792,,,,,,,,,,,,,,,,,,,,,,,,,,,,,,,,,,,,,,,,,,,,,,,,,,,,,,,,,,,,,,,,,,,,,,,,,,,,,,,,,,,,,,,,,,,,,,,,,,,,
793,,,,,,,,,,,,,,,,,,,,,,,,,,,,,,,,,,,,,,,,,,,,,,,,,,,,,,,,,,,,,,,,,,,,,,,,,,,,,,,,,,,,,,,,,,,,,,,,,,,,
794,,,,,,,,,,,,,,,,,,,,,,,,,,,,,,,,,,,,,,,,,,,,,,,,,,,,,,,,,,,,,,,,,,,,,,,,,,,,,,,,,,,,,,,,,,,,,,,,,,,,
795,,,,,,,,,,,,,,,,,,,,,,,,,,,,,,,,,,,,,,,,,,,,,,,,,,,,,,,,,,,,,,,,,,,,,,,,,,,,,,,,,,,,,,,,,,,,,,,,,,,,
796,,,,,,,,,,,,,,,,,,,,,,,,,,,,,,,,,,,,,,,,,,,,,,,,,,,,,,,,,,,,,,,,,,,,,,,,,,,,,,,,,,,,,,,,,,,,,,,,,,,,
797,,,,,,,,,,,,,,,,,,,,,,,,,,,,,,,,,,,,,,,,,,,,,,,,,,,,,,,,,,,,,,,,,,,,,,,,,,,,,,,,,,,,,,,,,,,,,,,,,,,,
798,,,,,,,,,,,,,,,,,,,,,,,,,,,,,,,,,,,,,,,,,,,,,,,,,,,,,,,,,,,,,,,,,,,,,,,,,,,,,,,,,,,,,,,,,,,,,,,,,,,,
799,,,,,,,,,,,,,,,,,,,,,,,,,,,,,,,,,,,,,,,,,,,,,,,,,,,,,,,,,,,,,,,,,,,,,,,,,,,,,,,,,,,,,,,,,,,,,,,,,,,,
800,,,,,,,,,,,,,,,,,,,,,,,,,,,,,,,,,,,,,,,,,,,,,,,,,,,,,,,,,,,,,,,,,,,,,,,,,,,,,,,,,,,,,,,,,,,,,,,,,,,,
801,,,,,,,,,,,,,,,,,,,,,,,,,,,,,,,,,,,,,,,,,,,,,,,,,,,,,,,,,,,,,,,,,,,,,,,,,,,,,,,,,,,,,,,,,,,,,,,,,,,,
802,,,,,,,,,,,,,,,,,,,,,,,,,,,,,,,,,,,,,,,,,,,,,,,,,,,,,,,,,,,,,,,,,,,,,,,,,,,,,,,,,,,,,,,,,,,,,,,,,,,,
803,,,,,,,,,,,,,,,,,,,,,,,,,,,,,,,,,,,,,,,,,,,,,,,,,,,,,,,,,,,,,,,,,,,,,,,,,,,,,,,,,,,,,,,,,,,,,,,,,,,,
804,,,,,,,,,,,,,,,,,,,,,,,,,,,,,,,,,,,,,,,,,,,,,,,,,,,,,,,,,,,,,,,,,,,,,,,,,,,,,,,,,,,,,,,,,,,,,,,,,,,,
805,,,,,,,,,,,,,,,,,,,,,,,,,,,,,,,,,,,,,,,,,,,,,,,,,,,,,,,,,,,,,,,,,,,,,,,,,,,,,,,,,,,,,,,,,,,,,,,,,,,,
806,,,,,,,,,,,,,,,,,,,,,,,,,,,,,,,,,,,,,,,,,,,,,,,,,,,,,,,,,,,,,,,,,,,,,,,,,,,,,,,,,,,,,,,,,,,,,,,,,,,,
807,,,,,,,,,,,,,,,,,,,,,,,,,,,,,,,,,,,,,,,,,,,,,,,,,,,,,,,,,,,,,,,,,,,,,,,,,,,,,,,,,,,,,,,,,,,,,,,,,,,,
808,,,,,,,,,,,,,,,,,,,,,,,,,,,,,,,,,,,,,,,,,,,,,,,,,,,,,,,,,,,,,,,,,,,,,,,,,,,,,,,,,,,,,,,,,,,,,,,,,,,,
809,,,,,,,,,,,,,,,,,,,,,,,,,,,,,,,,,,,,,,,,,,,,,,,,,,,,,,,,,,,,,,,,,,,,,,,,,,,,,,,,,,,,,,,,,,,,,,,,,,,,
810,,,,,,,,,,,,,,,,,,,,,,,,,,,,,,,,,,,,,,,,,,,,,,,,,,,,,,,,,,,,,,,,,,,,,,,,,,,,,,,,,,,,,,,,,,,,,,,,,,,,
811,,,,,,,,,,,,,,,,,,,,,,,,,,,,,,,,,,,,,,,,,,,,,,,,,,,,,,,,,,,,,,,,,,,,,,,,,,,,,,,,,,,,,,,,,,,,,,,,,,,,
812,,,,,,,,,,,,,,,,,,,,,,,,,,,,,,,,,,,,,,,,,,,,,,,,,,,,,,,,,,,,,,,,,,,,,,,,,,,,,,,,,,,,,,,,,,,,,,,,,,,,
813,,,,,,,,,,,,,,,,,,,,,,,,,,,,,,,,,,,,,,,,,,,,,,,,,,,,,,,,,,,,,,,,,,,,,,,,,,,,,,,,,,,,,,,,,,,,,,,,,,,,
814,,,,,,,,,,,,,,,,,,,,,,,,,,,,,,,,,,,,,,,,,,,,,,,,,,,,,,,,,,,,,,,,,,,,,,,,,,,,,,,,,,,,,,,,,,,,,,,,,,,,
815,,,,,,,,,,,,,,,,,,,,,,,,,,,,,,,,,,,,,,,,,,,,,,,,,,,,,,,,,,,,,,,,,,,,,,,,,,,,,,,,,,,,,,,,,,,,,,,,,,,,
816,,,,,,,,,,,,,,,,,,,,,,,,,,,,,,,,,,,,,,,,,,,,,,,,,,,,,,,,,,,,,,,,,,,,,,,,,,,,,,,,,,,,,,,,,,,,,,,,,,,,
817,,,,,,,,,,,,,,,,,,,,,,,,,,,,,,,,,,,,,,,,,,,,,,,,,,,,,,,,,,,,,,,,,,,,,,,,,,,,,,,,,,,,,,,,,,,,,,,,,,,,
818,,,,,,,,,,,,,,,,,,,,,,,,,,,,,,,,,,,,,,,,,,,,,,,,,,,,,,,,,,,,,,,,,,,,,,,,,,,,,,,,,,,,,,,,,,,,,,,,,,,,
819,,,,,,,,,,,,,,,,,,,,,,,,,,,,,,,,,,,,,,,,,,,,,,,,,,,,,,,,,,,,,,,,,,,,,,,,,,,,,,,,,,,,,,,,,,,,,,,,,,,,
820,,,,,,,,,,,,,,,,,,,,,,,,,,,,,,,,,,,,,,,,,,,,,,,,,,,,,,,,,,,,,,,,,,,,,,,,,,,,,,,,,,,,,,,,,,,,,,,,,,,,
821,,,,,,,,,,,,,,,,,,,,,,,,,,,,,,,,,,,,,,,,,,,,,,,,,,,,,,,,,,,,,,,,,,,,,,,,,,,,,,,,,,,,,,,,,,,,,,,,,,,,
822,,,,,,,,,,,,,,,,,,,,,,,,,,,,,,,,,,,,,,,,,,,,,,,,,,,,,,,,,,,,,,,,,,,,,,,,,,,,,,,,,,,,,,,,,,,,,,,,,,,,
823,,,,,,,,,,,,,,,,,,,,,,,,,,,,,,,,,,,,,,,,,,,,,,,,,,,,,,,,,,,,,,,,,,,,,,,,,,,,,,,,,,,,,,,,,,,,,,,,,,,,
824,,,,,,,,,,,,,,,,,,,,,,,,,,,,,,,,,,,,,,,,,,,,,,,,,,,,,,,,,,,,,,,,,,,,,,,,,,,,,,,,,,,,,,,,,,,,,,,,,,,,
825,,,,,,,,,,,,,,,,,,,,,,,,,,,,,,,,,,,,,,,,,,,,,,,,,,,,,,,,,,,,,,,,,,,,,,,,,,,,,,,,,,,,,,,,,,,,,,,,,,,,
826,,,,,,,,,,,,,,,,,,,,,,,,,,,,,,,,,,,,,,,,,,,,,,,,,,,,,,,,,,,,,,,,,,,,,,,,,,,,,,,,,,,,,,,,,,,,,,,,,,,,
827,,,,,,,,,,,,,,,,,,,,,,,,,,,,,,,,,,,,,,,,,,,,,,,,,,,,,,,,,,,,,,,,,,,,,,,,,,,,,,,,,,,,,,,,,,,,,,,,,,,,
828,,,,,,,,,,,,,,,,,,,,,,,,,,,,,,,,,,,,,,,,,,,,,,,,,,,,,,,,,,,,,,,,,,,,,,,,,,,,,,,,,,,,,,,,,,,,,,,,,,,,
829,,,,,,,,,,,,,,,,,,,,,,,,,,,,,,,,,,,,,,,,,,,,,,,,,,,,,,,,,,,,,,,,,,,,,,,,,,,,,,,,,,,,,,,,,,,,,,,,,,,,
830,,,,,,,,,,,,,,,,,,,,,,,,,,,,,,,,,,,,,,,,,,,,,,,,,,,,,,,,,,,,,,,,,,,,,,,,,,,,,,,,,,,,,,,,,,,,,,,,,,,,
831,,,,,,,,,,,,,,,,,,,,,,,,,,,,,,,,,,,,,,,,,,,,,,,,,,,,,,,,,,,,,,,,,,,,,,,,,,,,,,,,,,,,,,,,,,,,,,,,,,,,
832,,,,,,,,,,,,,,,,,,,,,,,,,,,,,,,,,,,,,,,,,,,,,,,,,,,,,,,,,,,,,,,,,,,,,,,,,,,,,,,,,,,,,,,,,,,,,,,,,,,,
833,,,,,,,,,,,,,,,,,,,,,,,,,,,,,,,,,,,,,,,,,,,,,,,,,,,,,,,,,,,,,,,,,,,,,,,,,,,,,,,,,,,,,,,,,,,,,,,,,,,,
834,,,,,,,,,,,,,,,,,,,,,,,,,,,,,,,,,,,,,,,,,,,,,,,,,,,,,,,,,,,,,,,,,,,,,,,,,,,,,,,,,,,,,,,,,,,,,,,,,,,,
835,,,,,,,,,,,,,,,,,,,,,,,,,,,,,,,,,,,,,,,,,,,,,,,,,,,,,,,,,,,,,,,,,,,,,,,,,,,,,,,,,,,,,,,,,,,,,,,,,,,,
836,,,,,,,,,,,,,,,,,,,,,,,,,,,,,,,,,,,,,,,,,,,,,,,,,,,,,,,,,,,,,,,,,,,,,,,,,,,,,,,,,,,,,,,,,,,,,,,,,,,,
837,,,,,,,,,,,,,,,,,,,,,,,,,,,,,,,,,,,,,,,,,,,,,,,,,,,,,,,,,,,,,,,,,,,,,,,,,,,,,,,,,,,,,,,,,,,,,,,,,,,,
838,,,,,,,,,,,,,,,,,,,,,,,,,,,,,,,,,,,,,,,,,,,,,,,,,,,,,,,,,,,,,,,,,,,,,,,,,,,,,,,,,,,,,,,,,,,,,,,,,,,,
839,,,,,,,,,,,,,,,,,,,,,,,,,,,,,,,,,,,,,,,,,,,,,,,,,,,,,,,,,,,,,,,,,,,,,,,,,,,,,,,,,,,,,,,,,,,,,,,,,,,,
840,,,,,,,,,,,,,,,,,,,,,,,,,,,,,,,,,,,,,,,,,,,,,,,,,,,,,,,,,,,,,,,,,,,,,,,,,,,,,,,,,,,,,,,,,,,,,,,,,,,,
841,,,,,,,,,,,,,,,,,,,,,,,,,,,,,,,,,,,,,,,,,,,,,,,,,,,,,,,,,,,,,,,,,,,,,,,,,,,,,,,,,,,,,,,,,,,,,,,,,,,,
842,,,,,,,,,,,,,,,,,,,,,,,,,,,,,,,,,,,,,,,,,,,,,,,,,,,,,,,,,,,,,,,,,,,,,,,,,,,,,,,,,,,,,,,,,,,,,,,,,,,,
843,,,,,,,,,,,,,,,,,,,,,,,,,,,,,,,,,,,,,,,,,,,,,,,,,,,,,,,,,,,,,,,,,,,,,,,,,,,,,,,,,,,,,,,,,,,,,,,,,,,,
844,,,,,,,,,,,,,,,,,,,,,,,,,,,,,,,,,,,,,,,,,,,,,,,,,,,,,,,,,,,,,,,,,,,,,,,,,,,,,,,,,,,,,,,,,,,,,,,,,,,,
845,,,,,,,,,,,,,,,,,,,,,,,,,,,,,,,,,,,,,,,,,,,,,,,,,,,,,,,,,,,,,,,,,,,,,,,,,,,,,,,,,,,,,,,,,,,,,,,,,,,,
846,,,,,,,,,,,,,,,,,,,,,,,,,,,,,,,,,,,,,,,,,,,,,,,,,,,,,,,,,,,,,,,,,,,,,,,,,,,,,,,,,,,,,,,,,,,,,,,,,,,,
847,,,,,,,,,,,,,,,,,,,,,,,,,,,,,,,,,,,,,,,,,,,,,,,,,,,,,,,,,,,,,,,,,,,,,,,,,,,,,,,,,,,,,,,,,,,,,,,,,,,,
848,,,,,,,,,,,,,,,,,,,,,,,,,,,,,,,,,,,,,,,,,,,,,,,,,,,,,,,,,,,,,,,,,,,,,,,,,,,,,,,,,,,,,,,,,,,,,,,,,,,,
849,,,,,,,,,,,,,,,,,,,,,,,,,,,,,,,,,,,,,,,,,,,,,,,,,,,,,,,,,,,,,,,,,,,,,,,,,,,,,,,,,,,,,,,,,,,,,,,,,,,,
850,,,,,,,,,,,,,,,,,,,,,,,,,,,,,,,,,,,,,,,,,,,,,,,,,,,,,,,,,,,,,,,,,,,,,,,,,,,,,,,,,,,,,,,,,,,,,,,,,,,,
851,,,,,,,,,,,,,,,,,,,,,,,,,,,,,,,,,,,,,,,,,,,,,,,,,,,,,,,,,,,,,,,,,,,,,,,,,,,,,,,,,,,,,,,,,,,,,,,,,,,,
852,,,,,,,,,,,,,,,,,,,,,,,,,,,,,,,,,,,,,,,,,,,,,,,,,,,,,,,,,,,,,,,,,,,,,,,,,,,,,,,,,,,,,,,,,,,,,,,,,,,,
853,,,,,,,,,,,,,,,,,,,,,,,,,,,,,,,,,,,,,,,,,,,,,,,,,,,,,,,,,,,,,,,,,,,,,,,,,,,,,,,,,,,,,,,,,,,,,,,,,,,,
854,,,,,,,,,,,,,,,,,,,,,,,,,,,,,,,,,,,,,,,,,,,,,,,,,,,,,,,,,,,,,,,,,,,,,,,,,,,,,,,,,,,,,,,,,,,,,,,,,,,,
855,,,,,,,,,,,,,,,,,,,,,,,,,,,,,,,,,,,,,,,,,,,,,,,,,,,,,,,,,,,,,,,,,,,,,,,,,,,,,,,,,,,,,,,,,,,,,,,,,,,,
856,,,,,,,,,,,,,,,,,,,,,,,,,,,,,,,,,,,,,,,,,,,,,,,,,,,,,,,,,,,,,,,,,,,,,,,,,,,,,,,,,,,,,,,,,,,,,,,,,,,,
857,,,,,,,,,,,,,,,,,,,,,,,1,,,,,,,,,,,,,,,,,,,,1,,,,,,,,,,,,,,,,,,,,,,,,,,,,,,,,,,1,,,1,,,4,,,,1,,,,,,,,,,,1,,
858,,,,,,,,,,,,,,,,,,,,,,,,,,,,,,,,,,,,,,,,,,,,,,,,,,,,,,,,,,,,,,,,,,,,,,,,,,,,,,,,,,,,,,,,,,,,,,,,,,,,
859,,,,,,,,,,,,,,,,,,,,,,,,,,,,,,,,,,,,,,,,,,,,,,,,,,,,,,,,,,,,,,,,,,,,,,,,,,,,,,,,,,,,,,,,,,,,,,,,,,,,
860,,,,1,1,1,1,1,1,1,,,,,,,,,,,1,1,,,1,1,1,,1,1,,,,1,1,,,1,1,1,,1,,,,,,1,,,1,,,1,,,1,,,1,,1,1,,1,,,,1,,,1,,1,,,,1,,1,,1,,1,1,,1,1,1,,,1,1,,1,1,,1,,
861,,,,,,,,,,,,,,,,,,,,,,,,,,,,,,,,,,,,,,,,,,,,,,,,,,,,,,,,,,,,,,,,,,,,,,,,,,,,,,,,,,,,,,,,,,,,,,,,,,,,
862,,,,3,,,,,,,,,,,,,,,,,,,,,,,,,,,,,,,,,,,,,,,4,,,,1,,,1,,2,,,,,,,,,,,,,,,,,,,,,,,,,,,,3,,,,,,,,2,,,,,,,,,,,,
863,,,,,,,,,,,,,,,,,,,,,,,,,,,,,,,,,,,,,,,,,,,,,,,,,,,,,,,,,,,,,,,,,,,,,,,,,,,,,,,,,,,,,,,,,,,,,,,,,,,,
864,,,,,,,,,,,,,,,,,,,,,,,,,,,,,,,,,,,,,,,,,,,,,,,,,,,,,,,,,,,,,,,,,,,,,,,,,,,,,,,,,,,,,,,,,,,,,,,,,,,,
865,,,,,,,,,,,,,,,,,,,,,,,2,,,,,,,,,,,,,,,,,,,,3,,,,2,,,,,,,,,,,,,,,,,,,,,,,,,,,,,,,,,4,,,,,,,,,,,,,,,,,,2,,
866,,,,,,,,,,,,,,,,,,,,,,,,,,,,,,,,,,,,,,,,,,,,,,,,,,,,,,,,,,,,,,,,,,,,,,,,,,,,,,,,,,,,,,,,,,,,,,,,,,,,
867,,,,,,,,,,,,,,,,,,,,,,,,,,,,,,,,,,,,,,,,,,,,,,,,,,,,,,,,,,,,,,,,,,,,,,,,,,,,,,,,,,,,,,,,,,,,,,,,,,,,
868,,,,,,,,,,,,,,,,,,,,,,,,,,,,,,,,,,,,,,,,,,,2,,,,,,,,,,,,,,,,,,,,,,,,,,,,,,,,,,2,,,2,,,,,,,,,,,,,,,,,,,,
869,,,,,,,,,,,,,,,,,,,,,,,,,,,,,,,,,,,,,,,,,,,,,,,,,,,,,,,,,,,,,,,,,,,,,,,,,,,,,,,,,,,,,,,,,,,,,,,,,,,,
870,,,,,,,,,,,,,,,,,,,,,,,,,,,,,,,,,,,,,,,,,,,,,,,,,,,,,,,,,,,,,,,,,,,,,,,,,,,,,,,,,,,,,,,,,,,,,,,,,,,,
871,,,,,,,,,,,,,,,,,,,,,,,,,,,,,,,,,,,,,,,,,,,,,,,,,,,,,,,,,,,,,,,,,,,,,,,,,,,,,,,,,,,5,,,,,,,,,,,,,,,,,
872,,,,,,,,,,,,,,,,,,,,,,,,,,,,,,,,,,,,,,,,,,,,,,,,,,,,,,,,,,,,,,,,,,,,,,,,,,,,,,,,,,,,,,,,,,,,,,,,,,,,
873,,,,,,,,,,,,,,,,,,,,,,,,,,,,,,,,,,,,,,,,,,,,,,,,,,,,,,,,,,,,,,,,,,,,,,,,,,,,,,,,,,,,,,,,,,,,,,,,,,,,
874,,,,,,,,,,,,,,,,,,,,,,,,,,,,,,,,,,,,,,,,,,,,,,,,,,,,,,,,,,,,,,,,,,,,,,,,,,,,,,,,,,,,,,,,,,,,,,,,,,,,
875,,,,,,,,,,,,,,,,,,,,,,,,,,,,,,,,,,,,,,,,,,,,,,,,,,,,,,,,,,,,,,,,,,,,,,,,,,,,,,,,,,,,,,,,,,,,,,,,,,,,
876,,,,,,,,,,,,,,,,,,,,,,,,,,,,,,,,,,,,,,,,,,,,,,,,,,,,,,,,,,,,,,,,,,,,,,,,,,,,,,,,,,,,,,,,,,,,,,,,,,,,
877,,,,,,,,,,,,,,,,,,,,,,,,,,,,,,,,,,,,,,,,,,,,,,,,,,,,,,,,,,,,,,,,,,,,,,,,,,,,,,,,,,,,,,,,,,,,,,,,,,,,
878,,,,,,,,,,,,,,,,,,,,,,,,,,,,,,,,,,,,,,,,,,,,,,,,,,,,,,,,,,,,,,,,,,,,,,,,,,,,,,,,,,,,,,,,,,,,,,,,,,,,
879,,,,,,,,,,,,,,,,,,,,,,,,,,,,,,,,,,,,,,,,,,,,,,,,,,,,,,,,,,,,,,,,,,,,,,,,,,,,,,,,,,,,,,,,,,,,,,,,,,,,
880,,,,,,,,,,,,,,,,,,,,,,,,,,,,,,,,,,,,,,,,,,,,,,,,,,,,,,,,,,,,,,,,,,,,,,,,,,,,,,,,,,,,,,,,,,,,,,,,,,,,
881,,,,,,,,,,,,,,,,,,,,,,,,,,,,,,,,,,,,,,,,,,,,,,,,,,,,,,,,,,,,,,,,,,,,,,,,,,,,,,,,,,,,,,,,,,,,,,,,,,,,
882,,,,,,,,,,,,,,,,,,,,,,,,,,,,,,,,,,,,,,,,,,,,,,,,,,,,,,,,,,,,,,,,,,,,,,,,,,,,,,,,,,,,,,,,,,,,,,,,,,,,
883,,,,,,,,,,,,,,,,,,,,,,,,,,,,,,,,,,,,,,,,,,,,,,,,,,,,,,,,,,,,,,,,,,,,,,,,,,,,,,,,,,,,,,,,,,,,,,,,,,,,
884,,,,,,,,,,,,,,,,,,,,,,,,,,,,,,,,,,,,,,,,,,,,,,,,,,,,,,,,,,,,,,,,,,,,,,,,,,,,,,,,,,,,,,,,,,,,,,,,,,,,
885,,,,,,,,,,,,,,,,,,,,,,,,,,,,,,,,,,,,,,,,,,,,,,,,,,,,,,,,,,,,,,,,,,,,,,,,,,,,,,,,,,,,,,,,,,,,,,,,,,,,
886,,,,,,,,,,,,,,,,,,,,,,,,,,,,,,,,,,,,,,,,,,,,,,,,,,,,,,,,,,,,,,,,,,,,,,,,,,,,,,,,,,,,,,,,,,,,,,,,,,,,
887,,,,,,,,,,,,,,,,,,,,,,,,,,,,,,,,,,,,,,,,,,,,,,,,,,,,,,,,,,,,,,,,,,,,,,,,,,,,,,,,,,,,,,,,,,,,,,,,,,,,
888,,,,,,,,,,,,,,,,,,,,,,,,,,,,,,,,,,,,,,,,,,,,,,,,,,,,,,,,,,,,,,,,,,,,,,,,,,,,,,,,,,,,,,,,,,,,,,,,,,,,
889,,,,,,,,,,,,,,,,,,,,,,,,,,,,,,,,,,,,,,,,,,,,,,,,,,,,,,,,,,,,,,,,,,,,,,,,,,,,,,,,,,,,,,,,,,,,,,,,,,,,
890,,,,,,,,,,,,,,,,,,,,,,,,,,,,,,,,,,,,,,,,,,,,,,,,,,,,,,,,,,,,,,,,,,,,,,,,,,,,,,,,,,,,,,,,,,,,,,,,,,,,
891,,,,,,,,,,,,,,,,,,,,,,,,,,,,,,,,,,,,,,,,,,,,,,,,,,,,,,,,,,,,,,,,,,,,,,,,,,,,,,,,,,,,,,,,,,,,,,,,,,,,
892,,,,,,,,,,,,,,,,,,,,,,,,,,,,,,,,,,,,,,,,,,,,,,,,,,,,,,,,,,,,,,,,,,,,,,,,,,,,,,,,,,,,,,,,,,,,,,,,,,,,
893,,,,,,,,,,,,,,,,,,,,,,,,,,,,,,,,,,,,,,,,,,,,,,,,,,,,,,,,,,,,,,,,,,,,,,,,,,,,,,,,,,,,,,,,,,,,,,,,,,,,
894,,,,,,,,,,,,,,,,,,,,,,,,,,,,,,,,,,,,,,,,,,,,,,,,,,,,,,,,,,,,,,,,,,,,,,,,,,,,,,,,,,,,,,,,,,,,,,,,,,,,
895,,,,,,,,,,,,,,,,,,,,,,,,,,,,,,,,,,,,,,,,,,,,,,,,,,,,,,,,,,,,,,,,,,,,,,,,,,,,,,,,,,,,,,,,,,,,,,,,,,,,
896,,,,,,,,,,,,,,,,,,,,,,,,,,,,,,,,,,,,,,,,,,,,,,,,,,,,,,,,,,,,,,,,,,,,,,,,,,,,,5,,,,,,,,,,,,,,1,,,,,,,,,
897,,11,,,1,,,,23,12,,10,17,,18,,,1,11,30,,,15,13,,6,11,,,,,,19,,,,,,13,,,,,12,15,,12,12,26,,19,11,5,13,,5,,13,10,,,,8,,1,11,,,,2,15,,,,,14,,19,,,,,,12,,2,,,5,,13,17,26,,,5,15,12,,1
898,,,,,,,,,,,,,,,,,,,,,,,,,,,,,,,,,,,,,,,,3,,,,,,,,,,,,,,,,,,,,,,,,,,,,,,,,,,,,,,,,,,,,,,,,,,4,,,,,,,,1,,
899,2,3,,,,2,,,25,13,,12,5,,1,,,8,1,26,,1,13,,3,3,9,,,2,1,1,1,1,,,,9,1,,,,1,11,1,,1,2,1,,22,1,1,15,,1,1,2,2,,,1,10,,4,5,,4,,,,,,1,1,4,,16,1,,1,1,,1,,,1,,13,1,,7,1,2,2,1,1,14,,13
900,,,,,,,,,,,,,,,,,,,,,,,17,,,,,,,,,,,,,,,,,,,,,,,,,,,,25,,8,,,,,,,,,,1,,,,,,,,,,,,,14,,25,,,,,,,,,,,,,,,,1,,,,1,,
901,,,,,,,,,,,,,,,,,,,,,,,,,,,,,,,,,,,,,,,,,,,,,,,,,,,,,,,,,,,,,,,,,,,,,,,,,,,,,,,,,,,,,,,,,,,,,,,,,,,,
902,,,,,,,,,,,,,,,,,,,,,,,,,,,,,,,,,,,,,,,,,,,,,,,,,,1,,,,,,,,,,,1,,,,,,,,,,,,,,,,,,,,,,,,,,,,,,,,,,,,,,,
903,,,,,,,,,,,,,,,,,,,,,,,,,,,,,,,,,,,,,,,,,2,,,,,,,,,,,,,,,,,,,,,,,,,,,,,,,,,,,,,,,,,,,,,,,,,,,,,,,,,,,
904,6,1,,4,,,3,,2,1,2,,,,,2,1,,1,2,2,,,,2,2,1,1,2,,,2,2,,2,3,2,,18,2,,,2,,2,2,2,,,,2,1,1,2,2,,,2,,1,4,6,,2,1,1,,2,,,,1,,,1,1,2,,2,,,,1,1,,1,,,2,,1,2,,2,,2,,1,1,1
905,,,,,,,1,,,,,12,,,,,,11,,,,,,,,,,,,,,,,,,,,,,,,,,,,,,,,,,,,,,,,,,,,,,,,2,3,,,,,,,,,11,,,,,,,,,,,,,,,,,,,,,,,,
906,,18,,,,1,,,12,14,,5,26,,19,,1,7,10,26,,8,11,3,,1,12,,,7,,,8,,2,,,,6,,,,,10,4,1,16,8,20,,4,10,10,16,,,,6,,,,19,10,2,,15,,,,1,1,14,,,,17,,4,,,,,,9,1,,,,1,,1,10,2,,,15,13,10,,10
907,,3,,,,2,,2,,11,,8,,,12,,,9,,29,,1,14,,,,13,,,2,,,,,,,,1,17,,,,,14,,,16,12,,,20,,11,,,,,9,7,,,24,5,,2,,,,4,,11,,,2,,17,,19,,,,,1,10,,,,,,,13,16,14,1,,18,15,,,3
908,,,,,,,,,,,,13,,,1,,,,,,,,,,,,,,,,,,,,,,,,,,,,,,,,,2,,,,,,,,,,,,,,,26,,,,,,,,,,,,,15,,21,,,,,,10,,,,,,,,,,,,,,,,
909,,,,,,,,,,,,20,,,,,,,,,,,,3,,,,,,,,,,,,,9,,,,,,,,,,,,,6,,,,,,,,10,,,1,,11,,,,5,,,,,,,,,21,,28,,,,,,,,,,,19,4,,,,3,,,,,,15
910,,,,3,3,,,,,,,,,2,,,,,,,,1,1,,,,,2,,,,,,,,2,1,,1,1,,,,1,,2,20,,,,,,1,,,5,,,1,,,,2,,,2,,,,,2,,1,,,,,,3,,,,,3,,,,,,,,,,,,,1,,2,1
911,1,1,1,1,1,1,1,1,1,1,1,1,1,1,1,1,1,1,1,1,1,1,1,1,1,1,1,1,1,1,1,1,1,1,1,1,1,1,1,1,1,1,1,1,1,1,1,1,1,1,1,1,1,1,1,1,1,1,1,1,1,1,1,1,1,1,1,1,1,1,1,1,1,1,1,1,1,1,1,1,1,1,1,1,1,1,1,1,1,1,1,1,1,1,1,1,1,1,1,1
912,,,,,,,,,,,,,,,,1,,,,1,,,,,,,,3,,,,,,,,,,,2,,,,,15,,,19,,,,,,,,,,,,,,,,1,,,1,,,,,,,,,,,,,3,,,,,2,,,,,,,,,,,,,,,1,
913,,,,,,,,,,,,,29,,,,,,11,,,,,,,18,,,,,,,,,,,,,,,,,,,,,,,,,26,,21,,,,,,,,,,,,,4,,,,,,,,,5,,,,,,2,,,,,,,,9,,,13,21,,,,2,,,
914,,,,,,,,,,,,,,,,,,2,,,,,,1,,,,,,,,,,,,,,,,,,,,,,,,,,,,,20,,,,,,,,,27,,,,,,,,,,,,,,,,,,,,,,,,,,,,,,,,,,2,,,,
915,,,,,,,,,,,,,,,,,,,,,,,,,,,,,,,,,,,,,,,,,,,,,,,,,,,,,,,,,,,,,,,,,,,,,,,,,,,,,,,,,,,,,,,,,,,,,,,,,,,,
916,,16,,,,,,,22,8,,2,5,,14,,,5,9,31,,9,14,7,,9,9,,,,,,18,,,,,,13,,,,,10,11,3,16,2,24,,16,2,12,14,,,,9,,,,6,1,,,15,,,,,18,3,,2,,1,,11,,,,,,3,,,18,1,8,2,13,12,20,,,12,9,10,,9
917,,,,,,,,,,,,,,,,,,,,,,,,,,,,,,,,,,,,,,,,,,,,,,,,,,,,,,,,,,,,,,,,,,,,,,,,,,,,1,,,,,,,,,,,,,1,,,,,,,,,,,
918,1,1,1,1,1,1,1,1,1,1,1,1,1,1,1,1,1,1,1,1,1,1,1,1,1,1,1,1,1,1,1,1,1,1,1,1,1,1,1,1,1,1,1,1,1,1,1,1,1,1,1,1,1,1,1,1,1,1,1,1,1,1,1,1,1,1,1,1,1,1,1,1,1,1,1,1,1,1,1,1,1,1,1,1,1,1,1,1,1,1,1,1,1,1,1,1,1,1,1,1
919,,,,,,,,,,,,,,,,,,,,,,,,,,,,,,,,,,,,,,,,,,,,,,,,,,,26,,,,,,,,1,,,,,,,,,,,,,,,,,,,,,,,,,,,,,,,,,,,,,,,,,
920,,19,,,3,,,,26,10,2,1,,2,17,,,14,6,28,,,9,17,,2,15,,,,,,6,,,,,,4,,,,,6,18,,4,6,23,,17,4,19,7,,,2,7,,,,23,11,,,15,,,2,,12,,,,,17,,23,,2,2,2,,10,3,,,,14,,6,16,28,,,17,10,12,,8
921,,18,,,2,,,,20,4,,9,19,,5,,5,8,6,28,,,13,7,1,17,10,,2,8,,,5,,,1,,9,9,,,,,5,15,,16,10,11,,13,8,5,1,,7,,9,,,,21,7,,,2,,,,,11,,,,,16,,2,,,,,,9,,,,,14,,10,14,26,,,15,14,11,,7
922,3,18,,,,,,,21,17,,18,1,,25,,,7,3,29,,,6,14,,17,9,,,2,,7,21,,,,,,3,,,,5,6,7,1,16,10,6,,24,14,13,17,,,2,6,,,,24,3,,,17,,,2,,18,,,,,17,,20,,,,,,9,,,,,9,,15,3,25,,,12,14,2,,7
923,,,,,,,,,,,4,17,,1,17,,,,,,,,16,,,28,16,,,,,,,,,,,,,,,1,,,17,,,9,30,,28,,19,16,5,,,15,,,,16,11,,,20,,,,,15,,,,,2,,24,,,,,,,,,,,,,,,30,,,,,19,,19
924,,,,,,,,,,,,,,,,,,,,,,,,,,,,,,,,,,,,,,,,,,,,,,,,,,,,,,,,,,,,,,,,,,,,,,,,,,,,,,,,,,,,,,,,,,,,,,,,,,1,,
925,,13,,,,,,,13,12,1,11,24,,6,,2,8,11,27,1,,16,15,,6,1,,,,,4,18,4,,,,,15,,7,,,12,3,,12,10,14,,6,11,9,1,,,,12,,,,18,6,1,,2,,,,,18,,,,,15,,20,,,,,,9,,,11,,12,,10,15,23,,,6,12,6,,11
926,,20,,1,,,,,20,13,,10,1,,16,,,4,13,1,,,10,12,,18,3,,,,,,21,,,,,,13,3,,,3,9,18,,15,2,24,,18,5,1,17,,,,10,,1,,1,9,5,,14,3,,2,,11,4,2,,,7,,20,,6,1,,,11,,,,,11,,15,16,6,,,1,15,9,,10
927,,5,,,,,,,23,3,,5,24,,5,,,3,12,24,,,14,4,,10,10,,,,,7,18,2,,,,,16,,1,,,10,18,,13,10,15,2,18,8,11,16,,,,4,,,,23,2,2,,1,,,,,18,,1,1,4,10,,17,,,,,,8,,,,,14,,12,12,23,,,15,11,1,,8
928,2,23,,,,,,,,,,,,,,,,,,,,,,,,,,,,,,,,,1,,,,,,,,,,,,,,,1,1,,,,,,,,,,,,31,,,,,,,,,,1,,,,,29,,,,,,,,,1,,,,,,,1,,,,,,
929,,,,,,1,,,,,2,1,,2,1,,1,,,,,,21,,,29,18,1,,,,,1,,,,,,,,,2,,,,,23,15,,1,31,10,,1,1,,,,,,,,12,1,,1,,,,1,23,,1,,,1,1,,,1,2,,,,2,,,,,,,,28,,,,,19,,18
930,,,,,,,,,,,,,,,,,,,,,,,,,,,,,,,,,,,,,,,,,,,,,,,,,,,,,,,,,,,,,,,,,,,,,,,,,,,,,,,,,,,,,,,,,,,,,,,,,,,,
931,,28,,,,,,,3,,,,33,,,,,,,,,,,,,,,,,,,,,,,,,11,,,,,,,,,,,,,,,15,,,,,,,,,,,1,,,,,,,,,,,,,,,,,,,,,,,,,,,,,,,,,14,,,
932,,19,,,2,,,,22,12,,8,14,,12,,,9,2,26,,,10,15,,11,9,,,7,,,7,,1,,,,12,,,,,11,16,,5,11,26,,12,9,12,14,,,,4,,,,17,7,,,14,,,,,19,1,,,,16,,18,,,,,21,8,,,,,14,,14,3,22,,,11,15,9,,5
933,,,,,,,,,,,,,,,,,,,,2,,,,,,,,,,,,,,,,,,,,,,,,,,,,,,,,,,,,,,,,,,,,,,,,,,,,,,,,,4,,,,,,,,,,,,,,,,,,,,,,,
934,1,1,,,1,,,3,22,6,,6,,,1,,,1,2,27,,,12,8,,17,10,,2,,,,18,,,,4,,16,,,,,6,13,,14,6,21,,20,2,7,14,,,,10,,1,,1,3,1,,11,,,,,14,,,,,1,,1,,4,,4,19,4,,,,,1,,12,18,27,,1,14,3,1,,5
935,,20,,,,,,,22,,,,,,,,,,,31,,,,,,,,,,,,,,,,,,,,,,,,,3,,,,,,19,5,1,,,,,3,,,,,,,,,,,,,,,,,,,,22,,,,,,,1,,1,,,,,,,,,,,,,4
936,,,,,,,,,,,,,,,,,,,,,,,,,,,,,,,,,,,,,,,,5,,,,,,,,,,,,,,19,,,,,,,,,,,,,,,,,,,,,,,,,,,,,,,,,,,,,,,,,,,,,,
937,2,1,,,,,,,,,3,1,1,,3,,,,1,,,,1,,,,,,,,,,,,,,,,,,,2,,,1,,,,,,,,,,,,,,,,,,,4,,,,,,,,,,,,1,,,,,1,,,,,,1,,,,,,,,,,,,,
938,,,,,,2,,,,,,,,,,,,,,,,,,,,,,,,1,,,,,,,,,,,,,,,,,,,,,,,,,,,,,,,,,,,,,,,,,,,,,,,,,,,,,,,,,,,,,,,,,,,,,,
939,,,,,,,,,,,,,32,,,,,2,,,,,,17,,,,,,,,,,,,,,10,,,,,,,,,,,,,,,17,,,,,,,,,,,,,,,,,,,,,,,,,,,,,,1,,,,,,,,,,,,,,,,,
940,,,,,,,,,,,,,,,,,,,,,,,,,,,,,,,,,,,,,,,,,,,,,,,,,,,,,20,,,,,,,,,,,,,,,,,,,,,,,,,,,,,,,,,,,,,,,,,,,,,,,
941,,,,,,,,,,,2,,,,,,,,,,1,,,,,,,,,,,,,,,,,,,,,,,,,,,,,,,,,,,,,,,,,,,,,,,,,,,,,,,,,,,,,,,,,,,,,,,,,,,,,,,
942,,,,,1,,,,,,,,,,,,,,,,,1,,,,,,,,,,,,,,,,,,,,,,,,,,,,,,,,,,,,,,,,,,,,,,,,,,,,,,,,,,,,,,,,,,,,,,,,,,,,,,
943,,,,,,,,,,,,3,3,,,,1,,,,,,,,1,,,,,,,,,,,,,,,,1,,,,,,1,,,,,,,,,,,,,,,,7,,,,,,,,2,,,,,,,,,,,,,,,,,2,,,,,,,,1,,,,
944,,,,,,,,,,,,,,,,,,,,,,,,,,,,,,,,,,,,,,,,,,,,,,,1,,,,,,,,,,1,,,,,,,,,,,,,,,,,,,,,,,,,,,,,,,,,,,,,,,,,,,
945,,,,1,,1,,1,,1,1,,,,,,,,,1,,,1,,,,,,,,,,,1,,,,,,,1,,,,,,,,,,,,,,,,,,,,,,1,1,,1,,,,2,,,,,,,,1,,1,,1,1,,,1,,,,,,1,,,,,1,,,
946,,17,,,,,,,3,15,,8,17,,15,,,7,7,19,,,14,13,,15,10,,,1,,6,16,,,,,,5,2,2,,,8,13,,11,9,5,,1,9,1,1,,,,8,,,,6,3,,,10,,,,,8,,,,,14,,15,,,,,8,6,,,,,2,,14,17,24,,,9,14,5,,9
947,,19,,1,,,,,22,7,,3,27,,1,,,6,3,25,,,15,5,,16,11,,,,4,,18,2,1,,,,11,,1,2,,2,14,,10,6,16,,17,7,6,2,,,,11,,,,21,8,,5,10,,,,,12,,,,,17,,12,,,,6,,6,,,,7,9,,13,1,20,,,12,10,3,2,7
948,,,,,,,,,,,,,,,,,1,,,,,,,,,,,,,,,,,,,,,,,,,,,,,,,,,,,,,,,,,,,,,,,,,,,,,,,,,,,,,,,,,,,,,,,,,,,,,,,,,,,
949,,,,,,,,,,,,,,,,,,,,,,,,,,,,,,,,,,,,,1,,,,,,,,,,,,,,,,,,,,,,,,,,,,,,,,,,,,,,,,,,,,,,,,,,,,,,,,,,,,,,,
950,,,,,,,,,1,,,14,,,,,,,,,,,,3,,,9,,,,,,1,,,,,,,,,,,,19,,,,31,,,,5,,,1,,,,,,,27,,,,,,,,16,,,,,,,27,,,,,,,,,,,,,,,,,,,1,,,
951,,1,,,,,,,,,,14,20,,19,,,,,,,,,,,,3,,,,,,,,,,,,,,,,,,19,,,,31,,,,,,,,,13,,,,,5,,,,,,,,15,,,,,,,18,,,,,,,,,,,,,10,,,,,17,,16,,5
952,,15,,,,,,3,9,5,,1,26,,10,,,5,1,19,,,13,9,,17,1,,1,9,,,1,3,,,,10,12,,7,,,9,13,,9,6,25,2,1,6,2,13,,,,6,,2,,21,2,,,1,,,,,1,1,1,3,,15,,17,2,,,3,12,7,,,,3,7,,16,15,28,,,8,11,4,,2
953,,20,,7,,,,,20,11,2,9,28,,15,,,7,5,27,1,,6,14,,13,7,,,1,,,20,,,,,,12,,,1,,10,14,,10,12,22,,17,11,4,17,,,,12,5,,,2,5,,,15,,,,,21,13,,,,6,,7,,,,,,3,,,1,,2,1,14,17,22,,,9,8,3,,9
954,,,,,,,,,,,3,,,,,,,,,,,,,,,,,,,,,,,,,,,,,,,,,,,,,,,,,,,,,,,,,,,,,,,,,,,,,,,,,,,,,,,,,,,,,,,,,,,,,,,1,,
955,,,,,,,,,,,,22,,,,,,,4,,,,,5,,,,,,,,,,,,,,,,,,,,,,,1,,,5,,1,,,,,,8,,,,,13,,,,4,,,,,,,,,23,,29,,,,,,,,,,,20,6,,,,5,,,1,,,6
956,,,,1,,,,,,,,22,,,5,,,,,,,,,,,,,,,,,,,,,,,,,,,,2,1,,,,,,,,,,,,,,,,,,,1,,,,,,,,,,,,,,,,9,,,,,,,,,,14,,,,,,5,,,,,
957,,,,,,,,,,,,,,,,,,,,,,,,,,,,,,,,,,,,,,,,,,,,,,,,,,,,,,,,,,,,,,,,,,,,,,,,,,,,,,,,,,,,,,,,,,,,,,,,,,,,
958,,,,,,,,,,,,,,,,1,,,,,,,,,,,,,,,,,,,,,,,,,,,,,,,,,,,,,,,,,,,,,,,,,,,,,,,,,,,,,,,,,,,,,,,,,,,,,,,,,,,,
959,,21,,,,,,,24,13,4,10,21,,17,,,6,6,30,,3,12,11,,4,9,,,,,,19,,,,1,,5,,2,,,7,16,,10,12,26,,1,12,11,16,,,2,12,,,,17,9,,,14,,,,,18,,,,,12,,11,,,,,,6,,4,12,,14,6,15,4,5,,,12,14,12,,9
960,,20,,,,1,,,1,12,,10,27,,18,,,7,5,29,,,16,11,,19,11,,,,,,16,1,,,,,14,,1,,1,9,15,,4,4,3,,7,7,10,13,4,,,11,7,,,21,2,,,16,,,,,15,,,,,3,,17,2,,,,21,10,,,14,,13,1,13,14,6,,,14,16,10,3,11
961,,,,,,,,,2,,,16,27,,3,,,,16,29,,,,,,18,10,,,,5,,22,3,,,,,,,,,,1,,,,,29,,27,1,1,20,,1,,1,11,,,20,16,,,,,,,,14,,,,,,,25,,,,,,,,,1,,,,,,,,,,,,,14
962,,,,,,,,,,,,,,,,,,,,,,,,,,13,,,,,,,,,,,,,,,,,,,,,,,,,,,21,,,,,,,,,4,,,,,,,,,,,,,,,,,,,1,,,,,,,,,,,,,,,,,,,
963,,,,,,,,,,,,1,,,,,,,,,,,,,,,,,,,,,,,,,,,,,,,,,,1,,,,,,,,,,,1,,,,,,,,,,,,,,,,,,,,,,,,,,,,,,,,,1,,,,,,,,,,
964,,,,,,,,1,,,,,,,,,,,7,,,,,10,,,,,,,,,,,,,,,,,,,,,,,,,,,,,,,,,,,,,,,5,,,,,,,,,,,,,,,,,,,,,,,,,,,,,,,,,,,,,
965,,,,,,,,,,,,,,,,,,,,,,,,,,,,,,,,,,,,,,,,,,,,,,,2,,,,,,,,,,,,,,,,,,,,,,,,,,,,,,,,,2,,,,,,,,,21,,,,,,,,,,,
966,,17,,2,,,2,,22,8,,10,4,5,15,,2,3,3,25,,,14,7,,4,10,1,,,,,18,,1,1,,,1,,9,,3,1,3,,14,9,26,,12,3,9,3,,,,11,,,,8,6,,1,15,,,2,,11,,1,1,,16,2,12,,1,,,,3,,5,5,,6,,13,13,24,,1,5,1,9,,5
967,,10,,,,,4,,19,2,,3,1,,16,1,,5,7,29,,,13,13,,12,12,,,,,,13,,,,,11,13,,,,,1,19,,1,12,4,,1,10,10,16,,,,6,1,,,21,5,8,2,7,,2,,,16,6,,,,2,,15,,,,,,4,,,7,,13,,15,15,24,,,7,13,4,,9
968,,,,,,,,,27,,,,,,,,,,,,,,,,,,,,,,,,,,,,,,14,,,,,,,,1,,,,2,,17,14,,,,,,,,,8,,,,,,,,,,,,,18,,21,,,,,,10,,,,,,,,,,,,,,1,,
969,,,,,,,,,,,,,1,,,,,,,,,,,1,,,,,,,,,,,,,,,,,,,,,,,,,,,,,,,,,,,,,,,,,,,,,,,,1,,,,,,,,,,,,,1,,,,,,,,,,,,,,,
970,,,,,,,,,,,,,,,,,,,,,,,,,,,,,,,,,,1,,,,,,,,,,,,,,,,,,,,,,,,,,,,,25,,,,,,,,,,,1,,,,25,,,,,,,1,,,,,,,1,,,,,,,,
971,,,,,,,,,,,,3,,,,,,,,,,,,,,,,,,,,,,,,,,,,,,,,,,,,,,,,,,,,,,,,,,,,,,,,,,,,,,,,,,,,,,,,,,,,1,,,,,,,,,,,,
972,,21,,,,,2,,27,14,,6,11,,15,,,6,5,28,,,15,13,,18,7,,,7,,,2,5,,,,,2,,2,,,7,4,,13,5,3,,12,3,2,17,,,,13,6,,,2,6,,,16,,,,,15,,,,,17,,15,,,,,,7,,,,,13,,11,5,2,,,12,15,11,,11
973,7,21,,,,,,,27,14,,16,19,,1,,1,,17,34,,,15,11,,24,3,,,1,,,,4,,,,,,,,,,16,22,,23,,25,,,,17,18,,,,11,,,,,13,,,19,,,,,17,,,,,19,,21,,,,,,14,,,,,22,,,21,24,,,12,17,6,,2
974,,,,,,,,,,,,,,,,,,,,,,,,,,,,,,,,,,1,,,,,,,,,,,,,,,,,,,,,,,,,,,,,,4,,1,,,,,,,,,,,,,,,,,,,,,,,,,,,,,,,,2,,
975,,,,,,,,,,,,,,,,,,,,,,,,,,,,,,,,,,,,,,,,,,,,,,,,,,,,,,,,,,,,,,,,,,,,,,,,,,,,,,,,,,,,,,,,,,,,,,,,,,,,
976,,,,,,,,,,,,,,,,,,,,,,,,,,,,1,,,,,1,,,,,,,,,,,,,,,,,,,,,,,,,,,,,,,,,,1,,,,,,,,,,,,,,1,,,,,,,,,,,,,1,,,,,,
977,,,,,,,,,,,,,,,,,,,,,,,,,,,,,,,,,,,,,,,,1,,,,,,,,,,,,,,,,,,,1,,,,,,,,,,,,,,,,,,,,,,,,,,,,,,,,,,,,,,,,,
978,,18,,,,1,1,,3,9,,6,21,,16,,,1,1,29,,,8,1,,13,11,,,4,,,3,1,,,,,1,,,1,,3,2,,13,11,2,,16,1,12,16,,,,12,,,2,20,5,,,16,1,,,,16,,,,,5,,4,,,,,1,4,,,4,,15,3,8,11,27,,,13,4,13,2,11
979,,,,2,,,,,,,,20,,,5,,,,,,,,,,,,,,,,,,,,,,,,,,,,1,3,,,10,,,,,,,,,,,,,,,,17,,,,,,,,2,,,,,,,,1,,,,,,,,,,14,,,,,,6,,,,,
980,,9,,,,,,,19,12,,7,,,11,,,2,1,30,7,,10,1,,16,5,,,,,,19,,,,,,12,,,,,3,17,,15,9,25,,19,7,14,13,,,1,3,,,,23,8,,,18,1,,,,10,,,,,17,1,18,,,2,,2,9,,,,,3,,12,4,13,,,4,12,10,,5
981,,,,,,,,,,,,,,,,,,,,,,,,,,,,,,,,,,,,,,,,,,,,,,,,,,,,,,,,,,,,,,,,,,,,,,,,,,,,,,,,,,,,,,,,,,,,,,,,,,,,
982,1,1,,,,,,,23,10,,8,20,,16,,4,6,8,29,,,16,4,,18,10,,,,,,18,,,,,,5,,,,,11,9,,16,11,25,,1,12,14,13,,6,,6,,,,7,8,,2,13,,,,,16,14,1,,,14,,18,1,1,,,18,7,,,17,1,8,,9,12,23,,,1,4,7,,7
983,3,9,,,,,,,26,11,,8,28,,16,,,7,4,26,,3,15,11,,6,10,,,,,,16,,,,,,9,,,,,4,5,,11,12,2,,5,4,13,17,,,,12,2,,,9,8,,,15,,,,,17,,,,,12,,9,,,,,,9,,,,,15,,7,5,2,,,13,12,11,,12
984,,,,,,,,,,,,,,,,,,,,,,,,,,,,,,,,,,,,,,,,,,,,,,,,,,,,,,,,,,,,,,,,,,,,,,,,,,,,,,,,,,,,,,,,,,,,,,,,,,,,
985,1,,,,,,,,,,,,,,,,,1,,,,,,,,,,,,,,,,1,,3,,,,,,1,,,,,,,,1,,,,,,,,,,,,,,,,,1,,,,2,,,,1,,,,,1,,,,,,,,,,,,,,,,,,5,,
986,,,,,,,,,,,,,,1,,,,,,,,,,,,,,,,,,,,,,,,,,,,,,,,,,,,,,,,,,,,,,,,,,,,,,,,1,,,,,,,,,,,,,,,,,,,,,,,,,,,,,1,
987,,,,,,,,1,,,,,,,7,,,,,3,,,,,3,,,,,,,,25,,2,,,,,,,,,4,,1,,3,,,,,,,,,3,,,,,,11,,,21,,,,,,,,1,,,,,,,1,,,1,,1,,,,,,,,2,,,,12,,
988,,,,,,,,,,,,,,,,,,,,,,,,,,,,,,,,,,,,,,,,,,,,,,,,,,,,,,,,,,,,,,,,,,,,,,,,,,,,,,,,,,,,,,,,,,,,,,,,,,,,
989,,,,,,,,,,,,,,,,,,,,,,,,,,,,,,,,,,,,,,,,,,,,,,,,,,,,,,,,,,,,,,,,,,,,,,,,,,,,,,,,,,,,,,,,,,,,,,,,,,,,
990,,,,,,,,,,19,,,,,22,,,,16,,,,,,,,1,,,,,,25,,,,,,,,,,,,,,,,,,,,,,,,,12,,,,,,1,,,,,,,,,,,,20,,,,,,,,,,,,,,,,,,,,,15,,,
991,,10,,,,,,,,,,19,,2,24,,1,10,11,18,,,12,,,16,19,,,,,,,,,,,,13,,,,,,14,,21,1,26,,26,12,11,,,,,9,,,,,9,,,18,,,,,13,,,,,,,17,,,,,,11,,,,,10,,,1,26,,,,,10,,8
992,,,,,,,,,1,,,,,,,,,,,,,,,,,,,,,,,,,,,,,,,,,,,,,,,,,,,,,,,,,,,,,,,,,,,,,,,,,,,,,,,,,,,,,,,,,,,,,,,,,,,
993,,3,,,,,,,8,6,,8,23,,15,,,7,9,26,,,14,13,,19,2,,,,,,10,,,,,,14,,,,,4,3,,10,5,25,,1,3,8,15,,3,,13,,,,3,8,,,16,,1,,,17,16,,,1,10,,20,,,,5,,1,,,,,13,,12,16,23,,,13,12,10,,5
994,,25,,,,,,,,15,,,,,,,,,,,,,,,,,,,,,,,,,,,,,,,,,,,,,,,,,,,,,,,,,,,,,,,,,,,,,,,,,,,,,,,,,,,,,,,,,,,,,,,,,,
995,,21,,,,,,1,23,12,,9,12,,13,,,6,6,2,,,15,12,1,17,7,,,,,,21,,,,,,13,,,,,13,17,,18,11,16,,16,10,2,18,,,,12,,,,22,5,,1,12,,,,,19,,,,,17,,11,,,,,,13,,,,,14,,10,15,14,,,16,5,10,,9
996,,1,,,1,,,,4,13,,1,,2,1,,,,13,,,,21,1,3,22,15,,,,1,,1,,1,,,1,2,,,,,3,,,,2,,,32,20,10,19,2,2,,11,,,,,,1,,17,2,,2,,17,1,,,,,3,,,,,2,,11,,1,2,,,,1,23,,,,1,12,20,,16
997,,6,,,,,6,4,24,12,,6,14,,12,,,2,7,26,,,12,14,,16,1,1,,,,,13,,,,1,,13,,,,,10,18,,11,10,26,,11,8,11,16,2,,,6,,,,22,7,,,15,,,,1,18,15,,,,2,3,16,,,,,,5,,,,,14,2,15,15,18,,,10,12,11,,3
998,,20,,,,,5,,24,12,1,10,15,1,1,,,7,2,30,,,17,4,,19,7,,,,,,17,,,,,,13,,,1,1,15,16,,16,12,,,8,13,5,,,,,8,,,,1,3,,,13,,3,3,,18,,,,,15,,20,,,,,,11,,,13,,12,,1,15,25,2,,3,4,13,,11
999,,4,1,,,2,,,19,8,,6,6,,18,6,,2,1,1,4,1,1,12,,8,10,,,,,,19,,,,,,13,,,,,12,5,,1,4,25,,1,10,1,17,,,1,6,8,,,1,7,,,1,,,,,16,10,,,,13,4,7,1,,,1,,9,,,,,9,,4,12,19,,,13,10,2,,1
1000,,,,,,,,,,,,,,,,,,,,,,3,,,,,,,,,,,,,,,,,,,,,,,,,,,,2,,,,,,,,,,,,,,,,,,,,,1,,,,,,,,,,,,,,,,,,,,,,,,,,,4,,
1001,,,,,,,,,,,1,,,,,,,,,,,,,,,,,,,,,,,,,,,,,,,,,,,,8,,,,,,,,,,,,,,,,,,,,,,,,,,,,,,1,18,,,,,,11,,,,,,1,,,,,,,,12,,
1002,1,,2,,2,,1,1,2,2,2,2,2,,4,3,2,1,,,,9,3,14,,,2,2,2,1,,1,1,2,,,,1,,,,1,1,12,,,,,2,1,,1,,,,1,4,2,,,2,,,,5,,,,3,,3,3,,,,,,,,,,,,,,2,17,3,2,3,13,2,3,1,2,,2,,,
1003,,8,,,,,2,,5,10,,10,30,,1,5,,5,10,25,2,,2,3,,18,14,,,4,,,21,,,,,,12,,,,,3,20,,12,6,20,,9,11,2,11,,,,8,,,,24,9,,,14,,,,,5,,,,,17,,22,,,,13,,10,,,,,12,,2,18,4,,,15,4,10,,3
1004,,1,,2,,,,,24,15,,7,26,2,17,1,,7,5,1,,1,14,2,,17,1,,,,,7,2,,,,,,14,,,,,8,18,,14,6,7,,18,10,9,14,9,,1,11,,,,9,6,,,1,,,,,5,12,,,,4,,2,,,3,,,4,,,,,14,,10,14,13,,,14,5,8,,11
1005,,,,,,,,,,,,,,,,,,,,,,,,,,,,,,,,,,,,,,,,,,,,,,,,,,,,,,,,,,,,,,,,,,,,,,,,,,1,,,,,,,,,,,,,,,,,,,,,,,,,,
1006,,1,,,,4,,5,25,8,,6,26,5,2,4,,8,4,27,,,12,9,,19,6,,,,,,14,,,,,,14,,3,,,3,12,,4,12,25,,2,9,12,1,,,,8,2,,,16,9,,,15,,,,,15,,,,,17,,19,,,,,26,5,,,20,,6,,14,11,1,,,8,1,8,,1
1007,,,,,,,,,23,,,,,,,,,,,1,,,,,,,,,3,,,,,,,,,,,,,,,,,,,,,,,,,,,,,,,,,,,,,,,,,,,,,,,,,,,,,,,,,1,,,,,,,,,,11,,,,
1008,,,,,,,,,,,,,,,,,,,,,,,,16,,23,,,,,,,24,3,,,,,1,,,,1,,21,,,13,,,26,,15,,,,,15,,,,,14,,,20,,,,,,,,,,,,20,,,,,,,,,,,16,,10,,28,,,,,14,,23
1009,,,,,,,,,,,,,,,,,,,,,,,,,,,,,,,,,,,,,,,,,,,1,,,,,,,,,,,,,,,,,,,,,,,,,,,,,,,,,,,,,,,,,,,,,,,,,,,,,,,,,
1010,,,,,,,,,,,,,,,,,,,,,,,,,,,,,,,,,,,,,,,,,,,,,,,,,,,,,,,,,,,,,,,,,,,,,,,,,,,,,,,,,,,,,,,,,,,,,,,,,,,,
1011,,,,1,,,,,,,,,,,,,,,,,,,,,,,,,,,,,,,,,,,,,,,,,,,,,2,,,,,,,,,,,,,,,,,,,,,,,,,,,,,,,,,,,,,,,,,,,,,,,,,,,
1012,,,,,,,,,,,,,,,,,,,,31,,3,,,,,,,,,,,,,,,,,,,,,,,,,,,,,,,,18,,,3,,,,,,,,,,,,,,,,,,,19,,,,,,,,,,,,,3,,,,,,,,,,,
1013,,,,,,,,,,,,,2,,,,,,,,,,,,,,,,,,,,,,,,,,,,,,,,,,,1,,,,,,2,,,,,,,,,,,,,,,,,,,,,,,,,,,,,,,,,,,,,,,,,,1,,,,
1014,,,,,,,,,,,,,,,,,,,,,,,,,,,,,,,,,,,,,,,,,,,,,,,,,,,,,,,,,,,,,,,,,,,,,,,,,,,,,3,,,,,,,,,,,,,,,,,,,,,,,
1015,,,,,,,,,,,,,,,,,,,,,,,,,,,,,,,,,,,,,,,,,,,,,,,,,,,,,,,,,,,,,,,,,,,,,,,,,,,,,,,,,,,,,,,,,,,,,,,,,,,,
1016,,,,2,,,,,,1,,20,,,3,,,,,,1,,,,,,,,,,,,,,,,,,,1,,,,4,,,,,,,,,,,,,,,,,,,15,,,,,,,,,,,,,,,,3,,,,,,,,,2,13,,,,,,6,,,,,
1017,,17,,1,,,,,23,14,,6,24,,16,,,5,6,26,,,12,1,,20,10,,,,,,17,,,,,1,7,,,,1,5,8,,13,10,15,,1,10,12,16,,,,7,,,,6,5,,,14,,,,,3,,,,,16,,13,,,,,,7,,,,1,14,,14,2,23,,,14,6,11,,6
1018,,,,,,,,,,,,,,,,,,,,,,,,,,,,,,,,,,,,,,,,,,,,,,,,,,,,,,,,,,,,,,,,,,,,,,,,,,,,,,,,,,,,,,,,,,,,,,,,,1,,,
1019,,,,,,,,,4,,,,,,,,,,,1,,,,,,,,,,,,,,,,,,,,,,,,,,,,,,,,,,,,,,,,,,,,,,,,,,,,,,,,,,,,,,,,,,,,,,,,,,,,,,,,
1020,,,,,,,,,,,2,,,1,,,,,,,,,,,,,,,,,,,,,,,,,,,,,,,,,,,,,,,,,,,,,,1,,,,,,,,,,,,,,,,,,,,,,,,,,,,,,,,,,,,,,,,
1021,,,,,,,,,,,,,,,,,,,,,,,,,,,,,,,,,,,,,,,,,,,,,,,,,,,,,,,,,,,,,,,,,,,,,,,,,,,,,,,,,,,,,,,,,,,,,,,,,,,,
1022,1,1,,1,,1,1,,,,,1,1,,1,1,4,,1,1,,,1,,,,,,1,1,,1,1,3,,1,,1,1,,1,,,1,1,1,,,1,,1,1,,,,1,,,,,1,,1,,1,,,1,1,1,1,,,1,,1,1,,,,1,,1,,,,3,1,,1,1,,1,1,1,1,,1,1,
1023,,,,,,,,,,,,,,,,,,8,13,,,,,13,,25,1,,2,,,,,1,,,,,,,,,,11,1,,,,,,,9,9,,,,,,,,,,15,,,,,,,,,15,,,,,,1,,,,1,,12,,,,,,,,,,2,,19,15,,,
1024,,21,,,,,,,23,11,,10,3,,18,,,1,9,27,,,11,1,1,17,11,,,,,1,16,,,,,,15,,,,,9,13,,16,3,26,,14,9,9,13,,,,1,,,2,22,7,,,12,,,,,5,,,,,2,,14,,,,,,2,,,8,,11,,1,5,25,,3,10,6,7,,12
1025,2,,,,,,,,,,,,,,,1,,,,,,,,,,,,,,,,,,,,,,,,,,,,10,,,,,,,,,,2,,1,,,,,,,,,,,,,,,,,,,,,,,,3,,,,,,1,,,,,,,,,,,1,,,
1026,,6,,,,,,1,26,12,,8,8,,1,2,1,7,2,11,,,9,8,,17,3,,,2,,,19,3,,,,,14,,,,,11,1,,18,1,12,,8,7,14,13,,,,1,5,,,22,4,,,12,,4,,,15,5,,1,,16,4,1,,5,,,2,8,,,,,9,,15,11,21,,,15,10,5,,7
1027,1,,5,,,1,,2,1,5,4,2,1,1,2,,4,1,,,1,7,1,14,1,,5,2,2,1,,2,3,,,,2,2,2,,,,3,11,22,1,1,,1,2,,13,,20,,,2,,,1,,,,,1,9,,,,,8,3,,,,,,1,1,1,,1,,1,2,4,1,2,15,1,14,2,,2,,,8,,,
1028,,23,,,,2,,,1,15,,11,1,,4,1,,5,7,9,,,14,6,3,12,3,2,,10,,,1,3,3,,,,11,,,,2,12,1,3,10,1,18,,16,2,3,17,,,1,10,,,,2,4,,,11,,,,,21,,1,,,18,,13,,,,3,,1,,,10,,1,,2,16,20,,,2,6,1,1,1
1029,,21,,,,,2,,23,12,,8,14,,18,,,8,3,29,,,16,7,,16,12,,1,,,,18,,,,,,11,,,,,12,16,,15,12,24,,17,13,3,11,,,,13,,,,1,8,,,16,,,2,,13,,2,,,16,,22,,9,,,,11,,,,,13,,11,14,24,,,17,15,,,8
1030,,,,,,,,,,,,,,,,,,,5,,,1,,2,,,,,,,,,,,,,2,,,,,,,,,,,,,8,,,,,,,,12,,,,,11,,,,6,,,,,,1,,,19,,29,,,,,,,,,,,19,2,,,,3,,,,,,3
1031,,,,,,,,1,,20,,,1,1,1,,,1,15,,,,,,,,,,,,,,3,,,1,,1,,,,,,,1,,,1,,,,,,,,2,,,,,,,,,,,1,,,,1,,,,,,,18,,1,1,,,1,,,,,20,,,,,,,,1,,,13
1032,,,,,,,,,,,,,,,,,,,,,,,,,,,,,,,,,,,,,,,,,,,,,,,,,,,,,,,,,,,,,,,,,,,,,,,,,,,,,,,,,,,,,,,,,,,,,,,,,,,,
1033,,,,,,,,,,,,15,,,,,,2,,,,,,,,,,,,,,,,,,,,,,,,,,,,,,,,,23,,,,,1,,,,,,,27,,,,,,,,,,,,,,,2,,,,,,,,,,,,,,,,,,,,,,15
1034,,11,,,,1,1,,1,,,19,,1,20,1,2,11,16,19,,,1,1,,23,20,1,,,,,,,,,1,,14,,1,1,,12,18,,20,1,27,,24,13,12,,,,,10,1,,1,1,11,,,1,1,,,,13,,,1,1,,,18,,,1,1,,11,,,1,,11,,,1,1,,,1,19,17,,1
1035,,,,,,,,,,,,,,,,,,,,,,,,,,,,,,,,,,,,,,,,,,,,,,,,,,,,,,,,,,,,,,,,,,,,,,,,,,,,,,,,,,,,,,,,,,,,15,,,,,,,,
1036,,,,,,2,,,3,,,,,,,,,,,,,,,,,,,,,,,,,,,,,,,,,,,,,,,,,,,,,,,,,,,,,,,,,,,,,,,,,,,,,,,,,,,,,,,,,,,,,,,,,,,
1037,,,,,,,,,,,,,,,,,,,,,,,,,,,,,,,,,,,,,,,,,,,,,,,,,,,,,,,,,,,,,,,,1,,,,,,,,,,,,,,,1,,,,,,,,,,,,,,,,,,,,,
1038,,,,,,,,,1,14,,13,,,,3,,,14,34,,,1,13,,23,9,,5,,6,,23,1,,,,,,,,,,10,1,,21,9,30,,28,17,14,19,,2,,1,10,,,20,10,,,18,,,,,15,15,,,2,,,19,,,,,1,2,,,2,,16,,7,,29,,,16,16,11,,13
1039,,22,,,,,,,24,11,3,6,25,,19,,,8,10,27,,,14,12,,5,8,,,,,,20,,,,,,11,,2,,,9,17,,16,12,22,,12,11,13,16,,,,14,,,,22,9,,,15,,,,,16,,,,,15,,10,,,,,,9,,,,,8,6,13,2,20,,,11,12,11,,9
1040,,7,,,,1,,,27,11,4,3,25,,18,,2,6,3,30,,1,17,13,,5,10,2,,,,,19,,,,,5,14,,5,,,6,4,1,18,11,24,,2,10,8,4,,2,,12,,,,11,7,,,17,,3,,,17,,,,,7,,21,,,,,1,10,,,4,,16,,13,14,2,,,9,10,11,,10
1041,,,,,,,,,,,,,,,,,,,,,,,,,,,,,,,,,,,,,,,,,,,,,,,,,,,,,,,,,,,,,,,,,,,,,,,,,,,,,,,,,,,,,,,,,,,,,,,,,,,,
1042,,,,,,,,,1,,,,,,,,,,,,,,,,,,,,,,,,,,,,,,,,,,,,,,,,,,,,,,,,,,,,,,5,,1,,,,,,,,,,,,,,,,,,,,,,,,19,,,,,,,,,,,
1043,,,,,,,,,,,,19,,,1,,,,,,,,,4,,,,,,,,,,,,,8,,,,,,,,,,,,,7,,,,,,,,7,,,,,10,,,,1,,,,1,,,,,22,,28,,,1,,,,,,,,3,,,,,2,1,,,,,15
1044,,,,,,,,,,,,,,,,,,,,1,,,,,,,,,,,,,,,,,,,,,,,,,,,,,,1,,,,,,,,,,,,,,,,,,,,,,,,,,,,,,,,,,,,,,,,,,,,,,,,,,
1045,,22,,,,,,,,17,,18,,,,,,,,,,,,4,,28,,,,,,,1,,,,7,,,,,,,,,,,,,4,,1,,,,,,11,,,,,12,,,,,,,,,,,,,17,,29,,,,,,,,1,,,19,,,,,,2,,,,,2
1046,5,28,3,2,,2,2,1,1,16,,2,,,,1,2,,2,,,2,2,1,2,1,,,1,1,,,,,,,,3,,,1,1,2,,,,2,,,,1,1,2,2,1,2,,2,,1,,1,,,2,,,2,1,1,2,1,,1,2,,2,,3,1,,,1,,,2,,,,2,2,2,,,1,19,1,2,1,2
1047,,7,,,,1,,,19,9,,9,6,,13,,1,2,11,28,,,11,5,,11,1,,,,,,17,,5,,,,13,,,,,9,19,,5,11,18,,17,8,3,15,,3,,2,,,,21,4,,1,10,,,,,21,3,,2,,6,,18,,,,,,10,,,,1,11,,13,17,13,,,15,3,9,,9
1048,,11,,,,,,1,2,9,,7,7,,17,,,7,10,26,,,16,14,,4,13,,,,,,9,,,,,,13,3,,,,1,15,,16,9,25,,4,12,5,5,1,,,2,,,,22,9,,,14,,,,,17,,,,2,4,,21,,,,2,3,7,,,8,1,13,,6,11,23,,,1,1,11,,7
1049,,8,,,,,5,,5,8,,6,5,,18,,,8,8,29,,,6,10,,2,11,,1,,,,20,,1,,,,2,,,,,10,16,1,14,1,18,,18,10,9,3,,,,12,7,,,14,10,1,,9,,3,,6,14,,,1,,15,,1,,,,,,9,,,,,1,,2,12,23,,,11,8,2,,3
1050,5,16,,,,,,,1,,,13,,,20,,,11,11,,,,21,,,,8,,1,,,,,,,,,2,6,3,,,2,,22,,,,,,,,,,,,,,,,,,,,,5,,,,,20,,,,,,,20,,,,,,15,,3,,,,2,,20,31,1,,,15,,,12
1051,,,,,,,,,,,,,,,,,,3,,,,,,,,,,,,,,,,,,,1,,,,,,,,,,,,,1,,,,,,,,,,,,,6,,,,,,,,,,,,,,,,,,,,,,,,,,,,,,,,,,,,,
1052,,,,,,,,,,,,,,,,,,,,,,,,,,,,,,,,,,,,,,,,,,,,,,,,,,,,,,,,,,,,,,,,,,,,,,,,,,,,,,,,,,,,,,,,,,,,,,,,,,,,
1053,1,29,,,,2,,,,,,22,,,7,,,14,11,,,,,,2,,,,,1,3,,,,,1,,,,,,,,,,,,,29,,,,,5,,,,10,,1,,,,,,,1,,,,3,,,,,,,3,3,,,,,,,,,,,,,,,,,,,,,
1054,1,13,,,,,5,,,11,,9,9,1,15,,6,6,9,22,,,5,10,,13,4,,,,,1,4,,,4,,,2,,,1,,9,19,5,15,2,26,,17,9,3,12,,,,12,,,,26,1,,,14,,,,,17,,,2,,12,,18,,3,,14,,8,,,13,,,,7,14,18,,,13,10,11,,2
1055,5,13,,,,,,,,,,13,1,,20,,,11,13,,,,16,,,,14,1,,,,,,,,,,,2,5,,,3,,22,,,,,,,,,,,,,,,,,,,,,1,1,,,,20,,,,,23,1,18,,,,,,3,,1,,,,2,,15,,,,,4,,,13
1056,,19,,,,,,,24,12,,2,26,5,18,,,3,10,30,,12,12,14,,18,10,,,1,,,12,,,,,,14,,,,,13,14,,17,9,27,,7,6,13,4,,,,10,,2,,18,8,,,15,,,,,19,,,,,1,,19,,7,,,,9,,,,,12,,13,18,26,,,14,3,13,,6
1057,,1,,,1,,,,,,,22,,,,1,,1,,,,1,,,,,9,3,,,1,,,,,,,1,,,3,,,,,,,,1,,,,,1,,1,1,1,,,,1,,,,,,,,,2,,,,,2,,,3,,4,,,,,,1,,2,,1,,1,1,8,,,1,1,
1058,,,,,,,,,24,13,,12,26,,20,,,,12,26,,,,,,24,,,,,,,26,,,,,,14,,,,,25,22,1,13,13,,,,,2,14,,,,,,,,20,,,,17,,,,3,1,,3,,,20,,23,1,,,,,1,1,,,,16,,,18,,,,17,18,2,,10
1059,,16,,,,,,,20,13,,7,24,,13,,,9,10,27,,,5,2,,19,13,,,,,,1,,,3,,,7,,,,,11,19,,13,2,14,,18,9,15,13,1,,,4,,,1,21,7,,,8,,,,2,18,10,,,,17,,16,,8,,,,1,,,,,3,3,2,10,20,,,16,9,7,,2
1060,,,,,,,,,,,,,,,,,,,,,,,,,,,,,,,,,,,,,,,,,,,,,,,,,,,,,,,,,,,,,,,,,,,,,,,,,,,,,,,,,,,,,,,,,,,,,,,,,,,,
1061,,24,,,,,,,,,,,,,,,,,,,,,,,,,,,,,,,,,,,,,,,,,,,,,,,,,,,,,,,,,,,1,,30,,,,,,,,,1,,,,,6,25,,,,,,,,,2,,,,,,,,,,,,,
1062,,28,,,,1,,,,,,,,,7,,,13,,,,,,,,,2,,,,,,,,,,,,,,,,,,17,,,,,,,,,,,,,,,4,,,,,,,,,,,,,,,,,,,,,,,,,,,,,,,,,,,,,,,,
1063,,10,,,,,,,25,11,,3,20,5,17,,,7,4,24,,10,13,12,,20,8,3,,,,,16,,,,,,14,,1,,,10,5,,13,12,22,,3,2,10,9,,,,11,,,,10,8,,4,14,,,,,17,,,,,17,,22,,,,,,1,,,13,,15,2,10,2,21,,,5,10,11,,11
1064,,,,,,,,,1,,,,34,,,,,10,12,,,,,,,,,,,,,,,,,,,10,,,,,,,,,,,,,,,4,,,,,,,,,6,,,,,,,,,,,,,,,,,,,,,,,,,,,,,,,,,,,,,,
1065,1,1,1,,,,1,,1,,,,1,1,1,1,,1,1,1,,1,,1,,,,,1,,1,,,,1,1,,1,,,,,1,1,1,,,1,1,,,1,,1,2,,,1,1,6,,,,2,,1,1,,,,1,,1,,1,,,,,1,,1,,,1,1,,,,1,1,,,1,1,1,,1,,1
1066,,,,,,,,,,,2,,,,,,,,,,,,,,,,,,,,,,,,,,,,,,,,,,,,,,,,,,,,,,,,,,,,,,,,,,,,,,,,,,,,,,,,,,,,,,,,,,,,,,,,,
1067,,,,,,,,,,,,,,,,,,,,,,,,,,,,,,,,,,,,,,,,,,,,,,,,,,,,,,,,,,,,,,,,,,,,,,,,,,,,,,,,,,,,,,,,,,,,,,,,,,,,
1068,,5,,,,,,5,20,9,,10,27,,8,,1,4,3,28,,7,15,12,,20,11,,,,,,17,,,,,1,12,,,,,3,12,,14,10,22,,14,6,10,3,,,,,7,4,,6,6,,,16,,,,,16,,,,,3,,5,,,,,,5,,,15,,10,2,14,13,21,,,15,8,12,,8
1069,2,8,,,,,,1,5,12,,6,13,,15,,,8,3,24,,,16,12,,19,3,4,,5,,5,19,,,,,,13,,2,,,9,6,2,10,11,26,,13,4,9,18,,,1,13,,,,5,1,,3,1,,,,,16,,,,,3,,10,,,2,2,,4,,,19,,1,7,10,9,3,,1,12,13,14,,9
1070,,,,,,,2,,,,,,,,,,,,,,,,,,,,,,,,,,,,,,,,,4,,,,,,,,,,,,,,,,,,,,,,,,,,,,,,,,,,,,,,,,,,,,,,,,,,,,,,,,,,,,
1071,2,3,2,,2,2,,,3,2,,1,19,,2,,,1,14,42,2,1,1,1,,,2,,2,1,,1,1,1,1,4,,2,1,,2,3,,,2,2,,1,,,,3,16,1,,1,,1,2,,1,3,11,2,,,,2,2,2,1,,2,,,1,,1,,1,,1,2,1,,2,1,,2,,,1,,,1,1,19,,,
1072,,,,,,,,,,,,,,,,,,,,,,,,,,1,,,,,,,,,,,,,,,,,,,,,2,,,,,,,,,,,16,,,,,,,,,,,,,,,,,,,,,,,,,,,,,,,,,,,,,,,,,,
1073,,,,,,,,,,,,,,1,14,,,7,,,,,,,,24,14,,,,,,,2,,,,,8,,,,,10,,,,,,,25,,,,,,,13,,,,,25,,,,,,,,,,,,,,,27,,,,,,2,,,,,,1,,,27,,,,,,,
1074,,18,,,,,,,20,1,,10,24,,10,,3,7,2,29,,,17,15,,18,10,,,,,,6,,,,,,11,,,,,9,16,,16,11,23,,16,11,6,16,,4,,8,,,,26,8,,,16,2,,,,11,,,,,18,,,,,,,,6,,,,,14,,11,13,26,,,10,15,9,,
1075,,18,,,,,,,15,13,,7,31,,2,,,1,12,31,,,9,9,,18,10,,,3,2,,1,,,,,,2,,,3,,3,6,,16,3,25,,14,11,11,17,,2,,14,10,,,21,6,,,14,,,4,3,19,,1,,,16,,15,,4,,1,,7,1,,,,14,,11,3,16,,,14,12,2,,3
1076,,3,,,,,3,,16,5,,5,1,,18,,,5,9,1,,,14,10,,4,10,,,,,,16,,,,,,13,,,,,10,17,,15,5,23,,17,9,11,13,,,,9,,,1,22,8,,,12,,,,,17,,,,,16,,16,1,,,,,10,,,16,,15,,11,16,24,,2,2,13,6,,8
1077,,22,,,,4,,,,15,,14,,,21,,,,13,40,,,17,11,,23,,,,1,,,24,,,,,1,,,,,,19,21,,,13,,,,,,20,,,,7,,,,1,12,,,,,,,,19,,,,,16,,22,,,,,,11,,,,,1,,,22,,,,16,17,13,,
1078,2,20,,1,,,,4,16,2,,5,7,4,14,,,8,1,29,,,13,9,,9,11,,,2,,,4,,,,,,10,,,,,4,12,,9,3,4,,16,5,10,2,,,,10,,,,22,9,,,11,,,,,18,,,,,13,,17,,,,,,5,,,,,16,,8,6,7,,5,11,13,10,1,5
1079,,13,,4,,,,,21,2,,5,25,,16,1,,7,8,29,,,5,7,,12,11,,,5,,,15,,,,,5,13,,,1,,11,18,,3,8,25,,19,4,1,16,,,,1,,,2,23,4,,4,9,,,,,19,1,,,,8,,1,,2,,,,8,,,,,3,4,11,14,23,,,13,4,3,,1
1080,,,,,,1,,,,,,,,,,,,,,,,,,,,,,,,,,,,,,,,,,,,,,12,,,,,,,,,,,,,,,,,,,,,,,,,,,,,,,,,,,,,,,,,,,,,,,,,,,,,,,,
1081,,,,,,,,,,,,,,,,,,,,,,,,,,,,,,,,,,,,,,,,,,,,,,,,,,,,,,,,,,,,,,,,,,,,,,,,,,,,,,,,,,,,,1,,,,,,,,,,,,,,,
1082,,,,,,,,,,,,,,,,,,,,,,,,,,,,,,,,,,,,,,,,,,,,,,,1,,,,,,,,,,,,,,,,,,,,,,,,,,,,,,,,,,,,,,,,,,,,,,,,,,,,,
1083,2,4,,,,,,,26,11,,7,19,,8,,,5,6,30,1,,15,14,,20,7,,,,,,13,,1,,,,14,,,,,12,14,,14,12,24,,12,7,9,17,,,,8,,,,6,6,,,16,,,,,1,,,,,16,,14,,,,,13,8,,,,,12,6,8,1,3,,,12,6,12,,1
1084,,22,,,,,4,2,19,13,,4,15,,14,,,4,3,29,,,16,15,,4,12,,,,,,18,,,,,,10,,5,,,12,12,,14,13,27,,17,12,4,12,,4,,8,1,,,23,8,,,14,,,,1,5,,,,,13,,11,,,,,,7,,,,,14,,14,15,22,,,11,16,8,1,10
1085,,,,,,,,,,,,,,3,,,,,,,,,18,,4,,,,,,,,,,,,,,,,,,,,,,,,,,30,2,,,,,,,,,,,,,,24,,,,,,,,,,,,30,,,,,,,,,,,,,,,,3,,,8,,,10
1086,0,0,0,0,0,0,0,0,0,0,0,0,0,0,0,0,0,0,0,0,0,0,0,0,0,0,0,0,0,0,0,0,0,0,0,0,0,0,0,0,0,0,0,0,0,0,0,0,0,0,0,0,0,0,0,0,0,0,0,0,0,0,0,0,0,0,0,0,0,0,0,0,0,0,0,0,0,0,0,0,0,0,0,0,0,0,0,0,0,0,0,0,0,0,0,0,0,0,0,0
1087,,,,,,,,1,3,,,,,4,,,,,14,3,,,20,,,23,11,,,,6,1,21,1,,2,,,1,,,,,2,,,,17,,,31,19,17,,1,3,,15,,1,,16,,,,18,,,,3,18,,,,,,,,,,,,,,,,1,,,,,22,,,,16,,19,,15
1088,,,,,,,,,,,,,,,4,,,,,,,,,,,1,,,,,,,,,1,2,,,,,,,,,,,,,,,1,,8,22,,,,,12,,,,20,,,,2,,,,15,,,,,,,25,,,,1,,,,,,,,,12,,,,,,,,,11
1089,,,,,,,,,,,,1,,,,,,,,,,1,,,,,,,,,,,,,,,,,,,,,,,,,,,,,,,,,,,,,,,,,,3,,,,,,,,,,,1,,,1,,,,,,,3,,,,,,,,,,,,1,,,
1090,,,,,,,,,,,,,,,,,,,,,,,,,,,,,,,,,,,1,,,,,,,,,,,,,,,,,,,1,,,,,,,,,,,,,,,,,,,,,,,,,,,,,,,,,,,,2,,2,,,1,,1,6,,
1091,4,17,,,,,,1,24,9,4,2,,,9,2,,3,5,15,,5,15,12,,18,2,,,,,8,17,,,,,7,16,,,,,9,19,,5,11,26,,19,11,11,18,,,,9,,,,23,5,,3,7,,,,,6,13,3,,,5,,13,1,,,,1,2,,2,15,,13,,11,12,1,,,1,6,13,4,12
1092,1,20,,,,,4,,20,9,,6,26,,1,,,6,10,10,1,,9,2,1,10,10,,,,,,13,,4,,,,14,,,,,11,15,,12,3,20,,15,8,1,2,,,,9,,,,5,1,,,12,,,,,17,,,,,6,1,1,,,,,,9,,,,,4,,8,11,24,,,15,14,13,,7
1093,,,1,,,,,,,,,,1,,,1,,,,,,,,,3,,,,,,,,,,,,,,,,,,,,1,,1,,,,1,,,,,,,,,,,,,,1,,,,,,,,,,,,,,,,,,,,,,,1,,,,,,,,,,,,
1094,1,,,,,,,,,,,,,,,,,,,,,,,,,,,,,,,,,,,,1,,,,,,,,,,,,,,,,17,,,,,,,,,,,,,,,,,,,,,,,,,,,,,,,,,,,,,,,,,,,,,,,
1095,,,,,,,,,,,,,,,,,,13,,,,,,,,,,,,,,,,,,,,,,,,,,9,,,,,,,,,1,,,,,,,,,,1,,,,,,,,,,,,,1,,,,,,,,,,,,,,,,,,,,,,,1,
1096,1,1,1,1,1,1,1,1,1,1,1,1,1,1,1,1,1,1,1,1,1,1,1,1,1,1,1,1,1,1,1,1,1,1,1,1,1,1,1,1,1,1,1,1,1,1,1,1,1,1,1,1,1,1,1,1,1,1,1,1,1,1,1,1,1,1,1,1,1,1,1,1,1,1,1,1,1,1,1,1,1,1,1,1,1,1,1,1,1,1,1,1,1,1,1,1,1,1,1,1
1097,1,,,,,,1,,,,,,,,,,,,,,,,,,,,,,,,,,,,,,,,,,,,,,,,,,,,,,,,,,,1,,,,,,,,,,,,,,,,1,,,,1,,,,,,,,,,,,,,,,,,,,,,
1098,,,,,,,,,,19,,,,,,1,,,,,,,19,,,,,,,,,,,,,,,,,,,,,,,,,,,,,,,,,,,,,,,,29,,,,1,,,,,,,,,,,26,,3,,,,,,,,,,,,,,,,,,,,12
1099,,,,,,,,,,,,,,,,,,,,,,,,,,,,,,,,,,,,,,,,,,,,,,,,,,,,,,,,,,,,,,,,,,,,,,,,,,,,,1,,,,,,,,,,,,,,,,,,,,,,,
1100,,,,,,,,,,,,,,,,,,,,,,,,,,,,,,,,,,,,,,,,,,,,,,,,,,,,,,,,,,,,,,,,,,,,,,,,,,,,,,,,,,,,,,,,,,,,,,,,,,,,
1101,2,21,,8,,1,,,24,5,,8,1,,18,,,3,7,28,,,15,2,,19,11,,,,,,11,,,,,,2,,,,,3,7,,15,7,19,,11,11,1,2,8,,,7,5,,,4,2,,,15,,,,6,16,,,,,3,,13,,,1,,,1,,,,,9,,4,12,22,,,13,14,5,,11
1102,,,,,,,,,,,,,,,,,,,,,,,,,,,,,,,,,,,,,,,,,,,,,,,,,,,,,,,,,,,,,,,,,,,,,,,,,,,,,,,,1,,,,,,,,,,,,,,,,,,2,,
1103,1,,,,,,,1,,,,,,,,,,,,,,,,,,1,,,,,,,,,,,,,,,,,,,1,,,,,,,,,,,,,,,,,1,,,,,,,,,,,,,,,,,,,,,,,,,,,,,,,,2,,,,,,
1104,,,,,,,,,2,,,,,,,,,,,,,,,,,,,,1,,,,,,,,,,,,,,,,,,,,,,,,,,,,,,,,,,,,,,,,,,,,,,,,,,,,,,,,,,,,,,,,,,,,,,,
1105,2,,1,,1,,,2,1,3,1,2,2,,4,1,4,2,,,,7,2,1,,,1,1,3,3,,,2,3,,,,2,,,,3,2,11,,,,,4,2,,,,,,2,2,,,,3,,,,4,,,,2,,2,1,,,,,,,,,,,,,,2,18,1,1,2,14,2,1,2,1,,3,,,
1106,,,,,,,,,,,2,,,,,,,,,,,,,,,,,,,,,,,,,,,,,,,,,,,,,,,,,,,,,,,,,,,,,,,,,,,,,,,,,,,,,,,,,,,,,,,,,,,,,,,,,
1107,2,10,,,,,,,24,11,,4,3,,15,,,8,10,28,,,16,12,,5,7,,,,,,19,,,,,,5,2,,,,2,14,,14,10,26,,16,9,13,13,,4,,12,,,,16,10,,,17,,,,,19,,,,,4,,11,1,,,,,3,,,12,,9,,13,13,25,,3,13,14,7,,8
1108,,,,,,,,,,,,,,,,,,,,,,,,,,,,,,,,,,,,,,,,,,,,,,1,,,,,,,,,,,,,,,,,,,,,,,,,,,,,,,,,,,,,,,,,,,,,,,,,,,,,,
1109,,,,,,,,,,,,,,,,,,,,,,,,,,,,,,,,,,,,,,,,,,,,,,,,,,,,,,,,,,,,,,,,,,,,,,,,,,,,,,,,,,,,,,,,,,,,,,,,,,,,
1110,,17,,,,,,2,21,12,,7,6,,14,,,8,8,,,,2,7,,15,12,,,6,,,11,,,,,,1,,1,,,11,13,,14,2,25,,20,13,3,16,,,,3,,,,,7,,,1,,,,,19,,,,,14,,19,,2,,,,2,,,17,,12,,5,19,23,,,13,2,3,,8
1111,,,,,,,,,,,,21,,,,,,,,,,,,1,,,,,,,,,,,,,,,,,,,,,,,5,,,3,,,,,,,,9,,,,,12,,,,1,,,,1,,,,,21,,27,,,,,,,,,,,19,,,,,6,,,,,,5
1112,,13,,,,,,,21,4,,8,11,,18,,,8,4,1,,,6,11,1,13,10,,,,2,,1,5,,,,,2,,,,,3,7,,14,2,28,,17,5,9,16,,2,,2,,,,17,8,,,11,,,,,11,7,4,,,15,,3,,3,,,,9,1,,,6,3,1,1,1,22,4,,16,1,11,,1
1113,,,,,,,,,,,,,,,,,,,,,,,,,,,,,,,,,,,,,,,,,,,,,,,,,,,,,,,,,,,,,,,,,,,,,,,,,,,,,,,,,,,,,,,,,,,,,,,,,,,,
1114,,,,,,,,,,,,,,,,,,,,,,,,,,,,,1,,,,,,,,,,,,14,,,,,,,,,,,,,,,3,,1,,,,1,,2,,,,,,,,,,,,,,,1,,,,,12,,,,,,,,,,,,,,1,,
1115,,,,,,,,,,,,,,,,,,,,,,,,,,,,,,,,,,,,,,,,,,,,,,,,,,,,,,,,,,,,,,,,,,,,,,,,,,,,,,,,,,,,,,,,,,,,,,,,,,,,
1116,,19,,,,4,1,,24,9,,6,25,,18,,,7,5,27,,,14,,,14,10,,,,,,19,,,,,,8,,,,,4,5,,17,10,20,,19,7,11,11,,,1,13,,,1,4,1,,,13,,,,,18,,,,,19,,5,,,,,,10,,,,,14,,10,19,22,,,14,15,10,,5
1117,,18,,,,1,2,,23,6,4,6,22,,12,,,1,2,29,,,14,12,,17,7,,,,,,3,4,,1,,,15,,,,,8,10,,15,9,14,,20,2,12,16,,,,1,,,,15,1,,,4,,5,,,14,,,,,1,,16,,,,,22,6,1,,,3,13,,16,16,27,,,1,15,2,,8
1118,,,,,,,,,,,,,,,,,,,,,,,,,,,,,,,,,,,,,,,,,,,,,,,,,,,,,,,,,,,,,,,,,,,,,,,,,,,,,,,,,,,,,,,,,,,,,,,,,,,,
1119,1,1,1,1,1,1,1,1,1,1,1,1,1,1,1,1,1,1,1,1,1,1,1,1,1,1,1,1,1,1,1,1,1,1,1,1,1,1,1,1,1,1,1,1,1,1,1,1,1,1,1,1,1,1,1,1,1,1,1,1,1,1,1,1,1,1,1,1,1,1,1,1,1,1,1,1,1,1,1,1,1,1,1,1,1,1,1,1,1,1,1,1,1,1,1,1,1,1,1,1
1120,,,,,,,,,,,,,,,,,,,,,,,,,,,,,,,,,,,,1,,,,,,,,,,,,,,,,,,,,,,,,,,,,,,,,,,,,,,,,,,,,,,,,,,,,,,,,,,,,,,,,
1121,,,,,,,,,,,,,,,,,,,,,,,,,,,,,,,,,,,,,,,,,,,,,,,,,,,,,,,,,,1,,,,,,,,,,,,,,,,,,,,,,,,,,,,,,,,,,,,,,,,,,
1122,,,,,,,,,,,,,24,,,,,,,,,,,,,,,,,,,,,,,,,,,,,,,,,,,,,,,,,,,,,14,,,4,,,,,,,,,,,,,,,,,,,,,,,,,,,,,,,,,,,,,,,
1123,4,19,,,,,,,4,16,,10,21,,4,,4,1,7,25,,,15,9,2,16,8,,,2,,,1,,,,,,1,,,,,7,16,,1,4,26,,17,9,5,16,,,,2,9,,,9,1,,,12,,,3,,18,8,,,,15,,18,1,,,,,8,,,,,12,,8,15,11,,,14,1,11,,12
1124,1,20,,,,,,,25,13,,11,23,,15,,,4,6,29,,,11,4,,16,11,,2,,,,18,,,,,,15,,,,,12,6,,13,6,27,,18,2,10,10,,,,11,,,,22,2,,,13,,1,1,,16,,,,,16,2,19,,,,,,11,,,,,16,,12,17,25,,,13,12,11,,3
1125,,5,,4,,,,,4,10,,7,26,,13,,,2,7,27,,5,12,12,,18,9,,,3,,,14,,1,,,,14,,,,,2,14,2,7,11,25,,4,9,13,17,2,,,8,,,,19,8,,,14,,,,,16,,,,,3,,18,,,1,,,9,,,,,15,,8,13,1,,,12,11,1,,13
1126,0,0,0,0,0,0,0,0,0,0,0,0,0,0,0,0,0,0,0,0,0,0,0,0,0,0,0,0,0,0,0,0,0,0,0,0,0,0,0,0,0,0,0,0,0,0,0,0,0,0,0,0,0,0,0,0,0,0,0,0,0,0,0,0,0,0,0,0,0,0,0,0,0,0,0,0,0,0,0,0,0,0,0,0,0,0,0,0,0,0,0,0,0,0,0,0,0,0,0,0
1127,,,,,,,,,,,,,,,,,,,,,,2,,,,,,,,,,,,,,2,,,,1,,,,,,,,,,,,,,,,,,,,,,,,,,,,,,,,,,,,,1,,,,,,,,,,,,,,,,,,,,,2,,
1128,,24,,,1,1,,4,21,14,,5,24,1,2,,2,9,11,25,,10,14,1,1,16,13,,,,2,,20,1,,,,,15,,,,2,9,1,,2,6,8,1,19,11,2,1,,,,5,1,,,22,2,1,,2,,,,,13,1,,,,18,,20,,1,,10,,7,,,,9,14,,15,13,24,1,,4,14,1,,1
1129,,,,,,,,,,,,,,,,,,,,,,,,,,,,,,,,,,,,,,,,,,,,,,,,,,,,,,,,,,,,,,,,,,,,,,,,,,,,,,,,,,,,,,,,,,,,,,,,,,,,
1130,,5,,,,,,,23,2,,10,17,,1,,,2,10,12,,7,16,12,,20,11,,,1,1,,20,,,,,8,15,,5,,4,4,4,,12,11,4,,3,8,11,16,,,,5,12,,,1,3,,,16,,2,,,1,,,,,16,,15,,2,,,,11,,,,,15,,1,4,1,1,,11,13,9,,5
1131,,,,,,,,,,,,,,,,,,,,,,,,,,,,,,,,,,,,,,,,,,,,,1,,,,,,,,,,,,,,,,,,,,,,,,,,,,,,,,,,,,,,,,,,,,,,,,,,,,,,,
1132,,5,,,,,,,23,11,,5,18,1,1,2,,4,9,12,,,8,13,,17,10,,,7,,,18,,,,,,13,,10,,,10,1,3,16,10,16,,17,5,7,9,,,2,6,2,,,22,7,,1,16,,,,,19,4,,,,6,,18,,,,,,6,,,,2,1,,13,15,19,1,3,1,17,8,,10
1133,1,1,,,,,,,24,12,,11,4,,1,,,7,2,25,,,12,,3,2,12,,,2,1,3,2,2,,,,,15,,,,3,10,2,,17,1,27,,20,11,11,17,,,,2,,,,21,9,,,5,,3,,,6,,,1,,3,,15,2,,,,,10,,,1,,13,,,12,2,1,1,11,2,13,,13
1134,,,,,,,,,,,,,,,,,,,,,,4,,,,1,,,,,,,,,,,,,,,,,,,,,,,,,,,,,,,,,,,,,,2,,,,,,,,,,,,,,,,,,,1,,,,,,2,,,,1,,,,,1,,
1135,1,1,,,,,,,22,8,1,,13,,17,,6,7,11,25,,,17,14,,17,10,,,3,3,,12,,,,,1,15,,,1,,9,12,,1,7,24,,16,7,1,,,2,,,,,,1,4,1,,16,,,,2,16,,,,,16,,1,1,,,,,10,,,,10,14,,13,16,18,,1,10,8,9,1,10
1136,,,,,,,,,,,,,,,,,,,,,,,,,,,,,,,,,,,,,,,,,,,,,,,,,,,,,1,,,,,,,,,,27,,,,,,,,,,,,,,,28,,,,,,,,,,,,,,,,,,,,,,
1137,,,,,,,,,,,,,,,,,,,,,,,,,,,,,,,,,,,,,,,,,,,,,,,,,,,,,,,,,,,,,,,,,,,,,,,,,,,,,,,,,,,,,,,,,,,,,,,,,,,,
1138,5,,,,,,,,,,,21,,,5,,,,,,,,,,,,8,,,,,,,,,,,,,,2,,,2,,,2,,,,,,,,,,,,,,,,16,,,,,,,,1,,,,,,,,4,,,,,,,,,,11,1,,,,2,7,,,,,
1139,,,,,,,,,,,,,,,,,,,,,,,,,,,,,,,,,,,,,,,,,,,,,,,,,,,,,,,,,,,,,,,4,,,,,,,,,,,,,,,,,,,,,,,,,,,,,,,,,,,,,
1140,,1,,,,,,,,,,,,2,26,,,,10,,1,,22,,,26,13,,,,,,,,,,,,4,,,,,,20,,16,16,,,9,8,,,,,,11,,,,,,,,11,,,,,,,,,,2,,26,,,,,,,,,,,,,,,,,,15,,,,19
1141,,,,,,,,,1,,,,,,,,,,,,,,,,,,,,,,,,,,,,,,,,,,,,,,,,,,,,,,,,,,,,,,,,,,,,,,,,,1,,,,,,,,,,,,,,,,,,3,,,,,,,,
1142,,,,,,,,,,,,,,,,,,,,,,,,,,,,,,,,,,,,,,,,,,1,,,,,,,,,,,,,,,,,,,,,,,,,,,,,,,,,,,,,,,,,,,,,,,,,,,,,,,,,,
1143,,,,,,,,4,,,,,,,1,,,,,,,,,,,,,,,,,,,,,,,,,,,,,10,,,,,,,,,,1,,,,,1,,,,,3,,,,,,,,,,,,,,,,1,,,,,,,,,,,,,,,,,15,,,
1144,,,,,,,,,,,,,,,,,,,,,,,,,,,,,,,,,,,,,,,,,,,,,,,,,,,,,7,,,2,,1,,,,,33,,,,,,,,,,,,,,,28,,,,,,,,,,,,,,,,,,,,,,
1145,1,1,1,1,1,1,1,1,1,1,1,1,1,1,1,1,1,1,1,1,1,1,1,1,1,1,1,1,1,1,1,1,1,1,1,1,1,1,1,1,1,1,1,1,1,1,1,1,1,1,1,1,1,1,1,1,1,1,1,1,1,1,1,1,1,1,1,1,1,1,1,1,1,1,1,1,1,1,1,1,1,1,1,1,1,1,1,1,1,1,1,1,1,1,1,1,1,1,1,1
1146,,18,,,,,,,21,12,,7,25,,10,,,7,5,30,8,,13,9,,1,8,,,,,,1,,,,,,10,,,,,11,17,,14,11,13,,19,6,4,12,,5,,8,,,,23,9,,,15,,,,,15,,,,,15,,14,,,,,,2,,,2,,14,,1,12,1,,,4,1,8,,4
1147,,20,,,,,,1,,,1,,27,,5,1,,,,,,,,,,,,,,3,,,,,,,,,,,,,,,,,,,,,,,,14,,,,,,,,,,,,,,,,,,,,,,1,,,,,3,1,1,10,,,,,1,,1,,,,,,,,,10
1148,,,,,,,,,,,,,,,,,,,,,,,,,,,,,,,,,,,,,,,,,,,,,,,,,,,,,,,,,,,,,,,,,,,,,,,,,,,,,,,,,,,,,,,,,,,,,,,,,,,,
1149,,18,3,,,,,,14,15,,7,24,,16,,3,6,10,1,3,,14,16,,3,2,1,,,,,14,2,,,,1,8,,,1,1,4,5,,13,7,1,,16,8,11,13,,1,,2,,,,23,4,7,,9,,,1,,15,,2,,,13,,17,,,,,,9,,,1,1,3,,14,16,11,4,,13,13,1,,9
1150,,,,,,,,,27,16,,16,18,,18,,6,,16,37,,,16,1,,23,9,,,4,,,22,,,,,,,,,,,17,21,,22,17,21,,23,16,15,20,,,,13,9,,,,12,,,19,,,3,,16,,,,,19,,22,,2,,,,13,,,,,15,,13,1,28,,,13,18,14,,10
1151,,22,,2,1,,1,,20,13,,8,2,,11,,,11,6,39,,,14,1,,19,11,,,,,,18,1,,,,,14,,,,3,10,17,,13,6,27,,18,1,14,17,,,1,9,3,,,10,9,4,,15,2,,3,,3,5,,,,1,,24,,5,,,,10,,,,,,,11,17,7,,,13,13,13,1,10
1152,,,,,1,,,,,,,,,,,,1,,,,,,,,,,,,,,,,,,1,,,,,,,,,,,,,,,,,,,,,,,,,,,,,,,,,,,,,,,,,,,,,,,,,,,,,,,,,,,,,,,1,,
1153,,3,,9,,2,4,3,22,14,,6,24,,17,,,9,4,27,,1,7,14,,11,4,1,,,,,15,,,,,,14,,,,,7,16,,12,12,24,,14,12,11,16,,,,1,,,,20,5,,,16,,,,,4,,,4,,2,,17,,,1,,25,9,,,,3,13,,9,1,20,,,1,13,8,,1
1154,,,,,1,,,,,,,,,,,,,,,1,,,,18,,,,,,,,,,,,,2,,2,,,,,,,,,,,,,,,,,,,1,,,,,,,,,1,,,,,,,,,,,,,,,,,,,,,,,,,,,,,,,,,
1155,,,,,,,,,,,,,,,,,,1,,,,,,,,,,,,,,,,,,,,,,,,,,,,,,,,,,,,,,,,,,,,,,,,,,,,,,,,3,,,,,,,,,,,,,,,,,,,,,,19,,,,
1156,,14,1,,,1,,,22,11,1,7,1,,14,,,10,10,30,,,10,10,,19,11,,,,,,4,,,,,,11,,,2,3,7,12,,6,5,26,,7,1,6,1,,,,10,,,,21,6,,,1,,,,,16,,,,,16,,7,,,,,,8,1,,,,8,,13,15,1,,,1,15,1,,11
1157,,11,,,,,,,21,14,,15,,,19,,,11,,37,,,1,16,,15,12,,1,1,2,,24,,,,,,15,,,,,7,10,,17,8,24,,,11,,16,1,1,,8,13,,,,8,,5,18,,,3,,20,3,,1,,21,,1,,,,2,,9,1,1,,,13,,11,14,,,,13,16,2,2,3
1158,,,,,,,,,,1,,,,,,,,,,,,,,,,,,,,,,,,,,,,,,,,,,,,,,,,,,,,,,,,,,,,,,,,,,,,,,,,,,,,,,,,,,,,,,,,,,,,,,,,,,
1159,,,,,,,,,,,,,,,,,,,,,,,,,,,,,,,,,,,,,,,,,,,,,,,,,,,,,,,,,,,,,,,,,,,,,,,,,,,,,,,,,,,,,,,,,,,,,,,,,,,,
1160,,18,,,,,2,,6,8,,7,24,,17,,,2,6,28,,,14,8,,19,10,,,2,,,19,,,,,6,16,,,,,11,18,,15,10,28,,12,1,10,19,,,1,13,,,,20,7,,,10,,,,,12,,,,,18,,4,,,,,,12,,,,,10,,12,2,17,,,15,12,2,,5
1161,,20,,,,,,,,15,,13,,,,,,,13,33,,,8,13,,22,10,,,,,,22,2,,,,,,,,,,14,18,,19,12,31,,25,16,15,18,,,,9,8,,,,11,,,20,1,,,,16,,,,,20,,20,,,,,,11,,,,,15,,6,19,28,,,15,17,14,,12
1162,1,8,1,,,,,,3,,1,,,,,,,6,,11,,1,1,1,,,,,,,,,,,,,,4,,,,,,,,,,,,,,,14,16,1,,,,,4,,,,,,,,,,,,,,,,,,,,,,,5,,1,,,3,5,,,15,,,,,,2,,1
1163,3,1,,,,1,1,,24,10,5,7,27,,2,,2,6,10,22,,,10,11,,6,9,,,,,,20,,,,,,13,,1,,,10,9,,6,8,1,,2,3,7,17,,1,,12,,,,19,9,,,7,,,2,,3,14,,,,15,,17,,,,,,7,,,,9,11,,15,15,22,,4,1,3,8,1,9
1164,2,4,,,1,4,,,20,6,,8,29,,16,,,3,10,26,,,14,9,,17,4,1,,1,,1,1,3,,,1,,12,1,,,,10,16,,15,13,19,,20,2,3,14,,5,,10,1,,1,23,2,,,1,1,1,1,,11,,,,1,14,,3,,,3,,4,9,,,,,11,,16,15,19,,,11,1,13,,1
1165,,,,,,,,2,,17,1,,,,,,2,,,39,,,,,,26,18,,,,,,2,,,,,,,,,,,,,,,13,27,,,,18,,,1,,15,,,,,11,,,16,,,,,20,,,,,16,,17,,,,2,,,,,,,19,,,,,,,,18,19,,9
1166,,,,,,,,,,,,,,,,,,,,,,,,,,,,,,,,,,,,,,,,,,,,,,,,,,,,,13,,,,,,,,,,,,,,,,,,,,,,,,,,,,,,,,,,,,,,,,,,,,,,,
1167,,,,,,,,,,,,,,,,,,,,,,,,,,,,,,,,,,,,,,,,,,,,,,,,,,,,,,,,,,,,,,,,2,,,,,,,,,,,1,,,,,,,,,1,,,,,,,,,,,,,,,,
1168,,,,,1,,,,,,1,2,2,,,2,2,1,2,,,,,,2,,,,,,,,,,,,,,,,,,,,,,2,,,,,,,,,,,,,,,,8,4,2,,,,,,1,,,,,,,,,,,,,,,,,1,,,1,,,,,,,,,
1169,,,,,,,,,,,,,,,,,,,,,,,,,,,,,,,,,,,,,,,,,,,,,,,,,,,,,,,,,,,,,,,,,,,,,,,,,,,,,,,,,,,,,,,,,,,,,,1,,,,,,
1170,,,,,,,,,,,,,,,,,,,,,,,,,,,,,,,,,,,,,,,,,,,,,,,,,,,,,,,,,,,,,,,,,,,,,,,,,,,,,,,,,,,,,,,,,,,,16,,,,,,,,
1171,,22,,,,,,,26,14,,11,,,8,,,12,10,,,,,,,,,,,,,,25,,,,8,4,15,3,,,,,,,19,,28,4,17,,3,15,,,,9,2,,,,,,,,,,,,2,,,,,19,,2,4,,,,,1,,,,,12,,12,14,,,,17,,,,
1172,,17,,,,,,,26,10,,7,3,,7,1,,6,8,29,,,12,7,,16,4,,2,,,1,20,,2,,,,2,,,,,11,18,,14,9,13,,18,11,11,1,,,,10,,,,18,2,,,7,,,,,19,5,2,,,17,,22,,,,,,4,,,,,14,,7,9,1,,,9,12,7,,10
1173,,19,,,,,4,,8,12,,3,19,,13,2,,3,10,28,,,15,14,,18,14,,,,,,20,,,,,,14,,,,,11,19,,15,9,26,,8,7,7,13,,,,12,1,,,20,5,,,9,,,,,17,,,,,1,,,,,,,,10,,,12,,11,,10,18,15,1,,14,14,12,,6
1174,1,,,,,,,,,,,,,,,,,,,,,,,,,,,,,,,,,,,,,,,,,,,,,,,,,,,,,,,1,,,,,,,29,,,,,,,,,,,,,1,,26,,1,,,,,,,,,,,,,,,,,,,,
1175,,22,,,,,,,24,14,,10,25,,2,,,7,9,28,,,3,7,,18,8,,,,,1,19,2,,,2,2,3,,,,,8,17,1,1,4,2,,3,12,3,17,,,,11,,,,25,6,,,16,,,,,19,,,,,1,,18,,,,6,,6,,2,,,13,,10,3,20,,,12,10,1,,4
1176,,1,,1,,1,,,,1,1,1,,1,1,1,1,,1,1,,1,,1,,,,,1,,1,1,,,,1,1,,,1,1,,,1,,1,,1,1,,1,1,1,,1,,1,,,1,,,1,1,,,,1,1,,1,,1,,,,1,,,,,,1,1,1,1,,,,1,,1,1,1,,1,,1,,
1177,,,,,,,,,,,,19,,,6,,,,,,,,,,,,,,,,,,,,,,13,,,,,,,3,,,,,,,,,1,,,,,,,,,,18,,,,,,,,,,,,,,,,5,,,1,,,,,,,1,,,,,,,,,,,
1178,,,,,,,,3,,,4,,,4,,,,,,40,,,,17,,27,15,,,,,,,,2,,,,,,,1,,,,,,16,29,,,,16,15,,,,16,,,1,,12,,,23,3,,,,24,,,1,,1,,23,,,,,,,,,,,21,,,27,,,,,19,20,,2
1179,,,,,,,,,,,,,,,,,,,,,,,,,,,,1,,,,,,,,,,,,,,,,,,,,,,,,,,,,,,,,,,,,,1,,,,,,,,,,,,,,,,,,,,,,,,,,,,,,,,,,,
1180,8,17,,,,2,,,19,,,8,27,,16,,,10,10,29,,16,16,4,,17,6,,1,,,,17,,,,,,4,,,,,9,8,,16,,23,,19,1,10,12,2,3,,13,,,,21,6,,,14,,,,,18,,,,,15,,13,,,,1,,10,,,,,11,2,15,13,19,,,2,1,11,,3
1181,,1,,1,,,,,1,3,,1,27,,2,5,,2,7,28,2,1,12,1,,7,2,,,,,,20,,,,,,8,,,,,6,1,,12,5,25,,15,10,14,16,,,,12,,,,20,5,,,11,1,,,,16,,,,,5,,12,,,,,,9,,1,8,4,4,1,10,14,18,,,15,4,10,,5
1182,,16,,,,,,,6,7,,8,18,1,16,,,4,11,1,,10,11,14,,19,11,,,2,,,13,,,,,,8,,,5,,10,4,,1,9,2,3,14,11,10,6,1,,1,6,,,,1,10,,,2,,,,,1,,,,,16,,15,,1,,,,9,,,,,13,,12,15,27,,,16,11,11,,3
1183,,30,,,,,,,,,,,,,,,,,,,,,,,,,,,,,,,,,,,,,,,,,,,,,,,,,,,,,,,,,,,,,,,,,,,,,8,,,,,,,,,,,,,,,,,,,,,,,,,,,,,
1184,,18,,,,,,,15,13,,6,26,,17,1,,2,10,29,1,,13,1,,20,8,,,4,,,19,,,,,,11,,,,,1,2,,12,1,24,,19,9,2,15,,,,5,,,,5,3,,,13,,,4,,19,8,,,1,16,,14,,4,,,21,6,,,,,18,,10,11,22,,,15,4,2,,7
1185,3,19,,,,,,,1,10,,10,27,,13,1,1,8,6,3,6,,8,6,,16,10,,,1,2,,4,,,2,,,6,,,,4,11,5,,15,8,18,,17,1,8,10,,,,7,,,,13,7,,,12,,,,,5,,,,,15,,2,,,,18,,6,,1,,,14,,4,10,22,,,7,13,3,,6
1186,,,,1,,,,,,,,,,,,,,,,,,,,,,,,,,,,,,,,,,,,,,1,,,,,,,,,,,,,,,,,,,,,,,,,,,,,,,,,,,,,,,,,,,,,,,,,,,,,,,,,1,
1187,1,24,,,,,,,,,,12,,,,,,,,,,,,,,,,,,,,,,,,,,,13,,,,1,12,,,,3,,,,,,,,,,,,,,,28,,,,,,,,,,,,,,,30,,,,,,,,,,,,,,,,,,,,1,,
1188,,,,,,,,,,,,,,,,,,,,,,,,,,,,,,,,,,,,,,,,,,,,,,,,,,,,,,,,,,,,,,,,,,,,,,,3,,,,,,,,,,,,,,,,,,,,,,,,,,,,,
1189,,,,,,,,,,,1,,,,,,,,,,,,,,,,,,,,,,,,,,,,,,,,,,,,,,,,,,,,,,,,,,,,3,,,,,,,,,,,,,,,,,,,,,,,,,,,,,,,,,,,,,
1190,,,,,,,,,,,,,,,,,,,,,,,,,,,,,,,,,,,,,,,,,,,,,,,,,,,,,,,,,,,,,,,,,,,,,,,,,,,,,,,,,,,,,,,,,,,,,,,,,,,,
1191,1,10,,,,,,,26,7,,8,20,,16,,,7,8,28,,,13,3,,2,8,,,3,,,20,,1,,,,1,,,,,6,16,3,11,1,28,,19,10,5,16,,,,7,,,,16,8,,2,5,,,3,,19,15,,,1,18,,17,,,,,,4,,,,,11,,10,12,5,,,11,13,1,,9
1192,,,,,,,,,,,,,,,,,,,,,,,,,,,,,,,,,,,,,,,,,,,,,,1,,,,,,,,,,,,,,,,2,,,,,,,,,,,,,,,,,,,,,,,,,,,,,,,,,,,,,,
1193,6,,,1,,,,,,1,,1,,2,5,,,,16,,,,18,,,32,,,,,,,,5,,1,4,,,,,,,,,1,,,,,31,,20,19,4,,,11,,,,,,,,3,,,,,20,,,,,24,,26,3,,,,,16,,,,,,,13,25,29,,,,,,,14
1194,3,27,1,1,,2,1,3,,15,,,,,,,3,,1,,,2,1,1,2,,,,1,2,,,,,,,,1,,,2,2,3,1,,,,,,,2,2,1,1,1,2,,1,,3,,,,,3,,,1,3,3,,1,,,1,,3,,2,3,,,2,,,3,,,,2,1,14,,,,18,1,3,3,3
1195,1,23,,,1,,,,23,1,,9,14,,6,,,7,12,26,,12,13,6,,1,1,,,2,,,13,,,,,,9,,,,,11,18,1,16,2,1,1,1,9,1,13,,6,,13,5,,,22,4,,,1,,2,,3,1,6,,,1,11,5,18,,,,6,,4,,2,,,3,,12,15,2,,2,16,12,11,,1
1196,,20,,,,,,,5,15,2,9,,,17,1,4,7,2,37,,,16,15,,20,3,,,9,,,17,,,,,,11,,1,1,,11,14,,1,11,15,,18,5,15,15,,,1,1,,,,23,4,1,,18,,,,,17,,,,,19,2,16,1,,,1,5,10,,,,,13,,11,1,11,,,13,15,3,,1
1197,,21,,,,,,,,,,17,,,2,,,,3,,,,,17,,,,,,,,,2,,,,,,,,,,,,,,2,,,1,,,,1,,,,2,,,,,7,,,,,,,,23,,,,,20,,26,,,,,,,,,,,16,3,,,,6,,,,,,4
1198,,18,,,,,,,17,9,,10,22,,17,,7,2,11,4,,,8,3,,19,9,,,,,1,3,,,,,,10,,,1,,1,1,,16,9,19,,16,11,8,17,,,,8,,,2,22,2,,,8,,,,,4,3,,,,13,1,17,,,1,,,5,,,,6,11,,12,11,23,,,4,12,1,,10
1199,0,0,0,0,0,0,0,0,0,0,0,0,0,0,0,0,0,0,0,0,0,0,0,0,0,0,0,0,0,0,0,0,0,0,0,0,0,0,0,0,0,0,0,0,0,0,0,0,0,0,0,0,0,0,0,0,0,0,0,0,0,0,0,0,0,0,0,0,0,0,0,0,0,0,0,0,0,0,0,0,0,0,0,0,0,0,0,0,0,0,0,0,0,0,0,0,0,0,0,0
1200,,1,1,,1,,,,3,17,,,19,,23,,,,1,,,,3,,,,,1,3,3,,3,26,,,1,1,,,,2,3,1,,,,,1,1,,,,16,3,1,,,1,,,,4,11,3,,,,1,,,,,,5,,,,,,,,,,13,1,1,,2,,,,1,,,,,1,,,
1201,,1,,,,,5,,24,1,,1,20,,18,3,,5,1,15,,9,11,12,,18,9,,,,,3,19,,,,,11,4,,,,,8,17,,15,1,26,1,9,11,4,13,,3,2,11,,,,22,6,,,9,,4,,,20,16,,,,3,3,18,,,,5,,11,1,,10,,2,,14,8,13,,,11,16,1,,1
1202,2,2,,,2,3,,,2,16,,15,18,,22,,,2,13,41,3,2,2,14,,,,,1,2,,2,25,,,2,,1,,,,2,,,2,,,3,,,,2,15,2,,,,3,,,,2,10,2,,,,3,,,,,,,,18,,,,,,,,12,,3,,,1,,,2,,,,15,18,,,
1203,,,,,,,,,,,,,,,,,,,,,,1,,,1,,,,,,,,1,,,,,,,,,,,,,1,,,,,,,,,,,,,,,,,25,,,,,,,,,,,,,,,30,,,,,,,,,3,,,,,,,,,,,,,
1204,,,,,,,,,,,,,,,,,,,,,,,,,,,,,,,,,,,,,,,,,,,,,,,,,,,,,,,,,,,,,,,,,,,,,,,,,,,,,,,,,,,,,,,,,,,,,,,,,,,,
1205,,16,,,,,1,,24,10,,5,27,,16,,,2,11,9,,2,10,6,,14,12,,,,,,19,,,,1,,14,,,2,,2,17,,16,11,26,,19,8,9,12,,,,10,,,,1,6,,,14,,,,,12,,,,1,4,,15,,,,,1,8,,,,,9,7,12,17,26,,,1,15,9,,10
1206,1,1,1,1,1,1,1,1,1,1,1,1,1,1,1,1,1,1,1,1,1,1,1,1,1,1,1,1,1,1,1,1,1,1,1,1,1,1,1,1,1,1,1,1,1,1,1,1,1,1,1,1,1,1,1,1,1,1,1,1,1,1,1,1,1,1,1,1,1,1,1,1,1,1,1,1,1,1,1,1,1,1,1,1,1,1,1,1,1,1,1,1,1,1,1,1,1,1,1,1
1207,,2,,,,,,2,22,5,,1,28,1,3,,,6,3,2,,,11,1,,20,11,,,,,,16,,,,,,12,,,,,7,12,1,7,12,3,,13,12,9,13,5,,,11,2,,,23,2,,,10,,,,,19,,,,,2,1,21,,,1,,9,6,,1,16,,2,,13,13,25,,,1,9,9,3,5
1208,2,,1,,2,1,1,2,3,1,2,1,1,,1,2,1,1,1,,,8,1,1,,,2,3,3,2,,,1,1,,,,1,,,,2,2,12,,,,,1,2,,,,,,2,1,1,,,1,1,,1,5,,,,1,,1,2,,,,,,,,,,,,,,1,18,2,3,1,14,1,2,1,1,,1,,,1
1209,,18,,1,,,,,13,10,,5,27,,15,,2,7,8,31,,,7,4,,5,11,,,,,,9,1,,,,,13,,,,,8,4,,16,5,26,,18,10,5,15,3,,,4,,,,20,9,,,17,,,,4,14,17,,,,1,,1,4,5,,,1,9,,,,,12,,2,2,15,,6,1,5,2,,2
1210,,,,,,,,,,,,,,,,,,,,,,,,,,,,,,1,,,,,,,,,,,,,,,,,,,,,,1,17,,,,,,,,,,,,,,,,,,,,,,,,,,,,,,,1,,,,,,,,,,,,,,,,
1211,4,9,,,,,,4,18,6,,3,22,,9,,2,7,9,27,,6,12,11,,17,10,,,,,,17,,,,,,15,,1,,,9,4,,15,4,24,,17,10,11,14,,,,3,1,,,5,1,,3,11,3,,,1,14,,,,,16,1,18,3,,,,20,2,,,,,7,,16,17,23,,,12,13,6,,12
1212,,29,,,,,,,4,,,,30,,,,,9,,,,,,,,,,,,,,,,,,,,9,,,,,,,,,,,,,,,16,,,,,,,,,,,,,,,,,,,,,,,,,,,2,,,,,,,,,,,14,15,,,,,,,,
1213,,,,,,,,2,,,,,,,,,,,,,,,,,,,,,,,,,,,,,,,,,,,,,,,,,,,,,,,,,,,,,,,,,,,,,,,,,,,,,,,,,,,,,2,,,,,,,,,,,,,,,
1214,,11,,,,,,,9,12,,7,26,,5,,,1,11,31,,8,10,16,,18,6,,,,,,20,,,,,,8,,,,,10,14,,14,9,24,,13,7,7,15,,,,12,,,,5,8,,,11,,,,,16,15,,,,18,,8,,,,7,,11,,,,,11,,11,1,14,,2,10,12,5,,6
1215,,,,,,,,,,,,,,,,,,,,,,,,,,,,,,,,,,,,,,,,,,,,,,,,,,,,,,,,,,,,,,,,,,,,,,,,,,,,,,,,,,,,,,,,,,,,,,,,,,,,
1216,,,,,,,,,,,,,,,,,,,,,,,,,,,,,,,,,,,,,,,,,,,,,,,,,,,,,,,,,,,,,,,,,,,,,,,,,,,,,,,,,,,,,,,,,,1,,,,,,,,,,
1217,,,,,,,,,,,,,,,,,,9,,,,,,,,,,,,,,,,,,,,,,,,,,,,,,,,,,,18,20,,,,,,,,,,,,,,,,,,,,,,,,,,,,,,,,,,,,,2,1,,,,1,16,,,
1218,,,,,,,,,,,,21,,,6,,,,,,,,,,,,,,,,,,,,,,,1,,,,,,2,,,,,19,,,,,,,,,,,,,,13,,,,,,,,,,,,,,,,2,,,,,,,,,,13,,,,,,6,,,,,
1219,,9,,,,,,,26,1,1,9,27,,18,,2,2,10,29,,,12,13,,1,10,,,,,,16,,,1,,,7,,,,2,4,9,,13,12,19,1,6,1,8,9,,1,,12,,,,3,5,,,12,,,,,17,5,1,,,12,,3,1,,,,,7,,,22,,9,,13,16,26,,1,2,2,8,,4
1220,,18,,,,1,1,,1,1,,9,21,1,1,,2,9,4,30,,,8,8,6,17,10,,1,,1,,19,3,,,,,10,1,,2,,6,17,3,18,2,28,,18,12,13,15,,,,3,1,,,2,8,,2,14,,,3,,14,15,,,,18,,17,,10,,,1,8,,,2,,12,,13,4,,,2,18,14,13,,6
1221,,,,,,,,,,,,,,,,,,,,,,,,,,,,,,,,,,,,,,,,,,,,,,,,,,,,,,,,,,,,,,,,,,,,,,,,,,,,,,,,,,,,,,,,,,,,,,,,,,,,
1222,7,19,,,,,,,20,13,,4,25,,17,,,9,11,27,,7,9,2,,14,11,,,,,1,2,,,,,,11,,8,,,10,12,,14,8,21,,19,3,12,11,,,,13,3,,,25,5,,,16,,,,,1,,,,,14,,1,2,,,,,6,,,2,,8,,9,13,18,,,15,14,3,,2
1223,,,,,,,,,,,,,,,,,,,9,,,,,,,,,,,,,,,,,,,,,,,,,9,,,,,,,,,,19,,,,,6,,,,,,,,,,,,,,,,,19,,,,,,,,,,,,,12,,,,,,,,,,,
1224,7,1,,1,,,1,,1,1,1,1,,1,,1,1,,2,1,1,,,,1,1,1,2,1,,,1,1,,1,1,1,,1,1,,,1,,1,1,1,,1,,1,1,2,1,1,,,1,,2,5,7,,1,1,1,,1,,,,1,1,,2,1,1,,1,,,,2,1,,2,,,1,,2,1,,1,,1,,1,1,1
1225,,,,,,,,,,,,,,,,,,,,,,,,,,,,,,,,,,,,,,,,,,,,,,,,,,,,,,,,,,,,,,,,,,,,,,,,1,,,,,,,,3,,,,,,,,,,,,,,,,,,,,
1226,,,,,,,,,,,,,,,,,,,,,,,,,,,,,,,,,,,,,,,,,,,,,,,,,,,,,,,,,,,,,,,,,,,3,,,,,,,,,,,,,,,,,,,,,,,2,,,,,,,,,,
1227,,,,,,,,,,,5,,,,,,,,,,,,,,,,,,,,,,,,,,,,,,,,,,,,,,,,,,,,,,,,,,,,,,,,,,,,,,,,,,,,,,,,,,,,,,,,,,,,,,,,,
1228,,,,,,,,,,,,,,,,,,,,,,,,,,,,,,,,,,,,,,,,,,,,,,,,,,,,,,,,,,,,,1,,,,,,,,,,,,,,,,,,,,,,,,,,,,,,,1,,,,,,3,,
1229,,,,,,,,,,,,,,,,,,,,,,,,,,,,,,,,,,,,,,,,,,,,,,,,,,,,,,,,,,,,,,,,,,,,,,,,,,,,,,,,,,,,,,,,,,,,,,,,,,,,
1230,,10,,7,,,,6,23,6,1,5,14,1,17,,,4,6,29,,,16,2,,15,11,,6,,,1,18,,,,,,14,,5,,2,9,15,1,13,8,15,,12,1,6,11,,,,12,,,,3,2,,,4,,,,,16,1,,,,12,,15,,,3,,,8,,,,,8,,15,13,2,,,5,15,9,,2
1231,,,,,,,,,,,,,,,,,,,,,,,,,,,,,,,,,,,,,,,,,,,,,,,,,,,,,,,,,,,,,,,,,,,,,,,,,,,,,,,,,,,,,,,,,,,,,,,,,,,,
1232,,,,,,,,,,,,,,,,,,,,,,,,,,,,,,,,,,,,,,,,,,1,,,,,,,,,,,,,,,,,1,,,,,,,,,,,,,,,,,,,,,,,,,,,,,,,,,,,,,,,,,
1233,1,,1,,1,1,,,,,1,,,,19,1,1,,,1,,,1,1,,,,1,,,1,,,,1,1,1,1,,,,,1,1,,,,1,,,1,1,,,,,,1,,1,1,1,,1,,,1,4,1,1,,,,1,,,,1,1,1,1,1,1,1,1,,1,,1,1,,,,,1,1,1,,1,1
1234,,,,,,,,3,,,,,,,,,,10,,,,,,,,,,,,,,,,,,,,8,,,,,,,20,,,,,,,,13,,,,,,,1,,5,,,,,,,,,,,,,,,,,,,,,,,,1,,,,,,,,,,,3,,,
1235,,2,,,,,,,,,,,,,,,,,,,,,,,,,,,,,,2,,,,,,,,,,,,,,,,,,,,,,,,,,,,,,,,,,,,,,,1,,,,,,,,,,,,,,,,,,,,,,,,,,,,,
1236,,,,,,,,,,,,,4,,,,,,,,,,,,,,,,,,,,,,,,2,,,,,,,,,,,,,,,,,,,,,,,,,,3,,,,,,,,,,,,,,,,,,,,,,,,,,,,,,,,,,,,,
1237,,,,,,,,,,,,,1,,,,,,,,,,,,,,,,,,,,,,,,,,,,,,,,,,,,,,,,,,,,,,,,,1,,1,,,,,,,,,,,,18,,,,2,,,,,,,,,,,,,,,,,,,,
1238,1,20,,,,,,,7,3,,9,12,,17,,,6,2,27,,,15,13,,16,8,,,,,,15,,,,,,14,,3,,,7,13,,10,9,15,,12,2,10,12,,,,12,,,,20,8,,5,15,,3,,1,18,,,,,1,,13,,,,,,4,,,3,,15,1,11,2,20,,,11,4,6,,11
1239,,10,,,,2,,,24,10,1,9,21,,14,,,9,2,3,,,12,13,1,12,8,1,,,,,17,,5,1,1,,5,,,,,11,7,,18,5,19,1,1,8,13,16,,1,,5,,,,24,6,,2,11,,1,,,17,,,,,15,,18,3,,1,,,10,1,,4,2,13,,8,11,23,,1,10,10,13,,10
1240,,2,,,,,,,,2,,,2,,1,,,1,,2,,,,,2,,,,,2,,,2,,1,,,,,,,,,5,,2,20,2,,1,,,,,,4,2,,,,,,,,,,,2,,,,,,2,,,,,,,,,,1,,2,2,,,,,,,,,2,,2,,
1241,,,,,,,,,,,,,,,,,,,,1,,,,,,,,,,,,,,,,,,,,,,,,,,,,,,,,,,,,,,,,,,,,1,,,,,,,,,,,,,,,,,,,,,,,,,,,,,,,,,,,,
1242,,7,,,,,6,1,6,9,,1,24,,12,,,10,5,27,1,,12,14,,6,8,,2,4,1,,15,,,,,,1,,,2,,7,20,,1,1,29,,18,12,3,2,,,,11,,,,24,8,,2,15,,1,,,2,,,,,16,,2,,,,17,,6,2,,15,4,7,,12,1,8,,,13,11,10,,8
1243,,2,,,,,,,25,4,,1,27,,1,,,6,7,26,,,12,11,,16,10,,,,1,,10,1,,,1,,15,,9,,,7,17,,13,7,10,,16,7,7,7,,,,12,,,,20,8,,,9,,,,,13,,,,1,18,4,15,,,,,,1,3,,,,1,,12,11,24,,,4,2,10,,6
1244,,,,,,,,,,,,,,,1,,,,,,,,,,,,,,,,1,,,,,1,,,,,,,1,,,,1,,,,,,,,,,,,,,,,,,,,,,,,,,,,,,,,,,,,,,,,,,,1,,,,,2,,,,,
1245,,,,,,,,,,,,,,,,,,,,,,,,4,,,,,,,,,,,,,,,,,,,,,,,,,,,,,,,,,,,,,,,,,,,,,,,,,,,,,,,,,,,,,,,,,,,,,,,,,,,,
1246,,,,,,,,,,,,,,,,,,,,,,,,,,,,,,,,,,,,,,,,,,,,,,,,,,,2,,,,,,,,,,,,,,,,,,,,,,,,,,,,,,,,,,,,,,,,,,,,,,,,,
1247,,,,,,,,,,,,,,,,,,,,,,,,,,,,,,,,,,,,,,,,,,,,,,,13,,,,,,,,,,,,,,,,,,,,,,,,,,,,,,,,,,,,,,,,,,,,,,,,,1,,,1,
1248,1,,,,3,,,,,,,,,,1,,,,,,,1,,,,20,,,2,,,,,,,,,,,,13,3,,,,,,,,,,,,,,,,,,,,,1,5,,12,,,,,1,2,,,,,,,,,,,1,,2,,,,1,,,,,,,,,6,,
1249,,,,,,,,,,,,,,,,,,,,,,,,,,,,,,,1,,,,,,,,,,,,,,,,2,,1,,,,,,,,2,,2,,,,,,,,,,,,,,,,,,,,,,,,,,,,,,,,,,,,,,,,,
1250,,7,,,,,4,3,1,1,,4,20,,15,1,,4,5,5,,10,4,1,,1,8,,,,,,12,,,,1,,3,,,,,7,16,,15,2,1,,17,10,10,16,,,,1,,,,20,7,,,15,,,,,14,,,,,14,,12,,1,,,,10,,,9,5,11,,10,15,2,,,1,8,6,,10
1251,,,,,,,,,,,,,,,1,,,,,,,,,,,,,,,,,,,,,,,,,,,,,,,,,,,1,,,7,,,3,1,,,,,,28,,,,,,,,,,,,,,,27,,,,,,,,,,,,,,,,,,,,,,
1252,,1,,,,1,,,,,,,,,,1,1,,6,,,2,,3,1,1,1,,,1,,1,,,,,2,,,1,,,1,1,1,1,1,,1,1,,,20,,,,,17,,,,,1,,,,6,,2,,26,,2,,1,20,,30,,1,1,1,,,1,,,,20,1,,,,4,1,,1,,1,2
1253,1,3,1,,1,1,,1,3,1,,16,1,,1,,1,1,1,42,1,2,1,2,1,1,1,,2,3,,1,1,1,2,3,,3,2,,1,3,,,1,1,,2,,,,3,16,2,,1,,2,1,,,3,12,1,,,,1,1,1,2,,1,,,2,,1,,1,,2,1,13,,1,2,,2,,,2,,,,2,19,,,
1254,,,,,,,,1,,,,,,,,,,,,,,2,1,,2,2,,,,,,,,,,,1,,,1,,,,,,,,,,6,,,19,,,,,16,,,,,2,,,,5,,1,,25,,,,2,21,,30,,,,2,,,,,,,20,3,,,,4,1,,1,,,1
1255,1,6,,,,,1,,25,14,,3,5,,10,,,6,10,2,,18,14,5,,17,7,,,,,1,4,,,,,,4,2,7,,,1,14,,10,3,22,,17,8,16,11,1,1,,9,,,,22,8,4,,11,,,3,,18,,,,1,14,,17,,,,,,1,4,,,,12,,9,17,1,,2,,14,10,,6
1256,,5,,,,,,,25,10,,5,2,,16,3,,5,10,25,,2,1,9,,5,5,1,,,,,19,,,,,,13,,,,2,9,10,,1,11,24,,16,1,13,17,,,,12,,,,1,9,,,1,,,1,,17,,1,,,17,,16,,,,,,12,,,11,,8,2,17,3,26,,,7,5,11,,9
1257,,,,1,,,,,,,,,,,,,,,,,,,,,,,,,,,,,,,,,,,,,,,,,,,,,,,,,,,,,,,,,,,,,,,,,,,,,,,,,,,,,,,,,,,,,,,,,,,,,,,,
1258,,,,,,,,,,14,,,,1,,,,2,,,,,,,,,,,,,,,,,,,,,1,,,,,,,,,,,,,,,,,,,,,,,,,,,,,,,,,,,,,,,,,,,,,,,,,,,,,,,,,,,,,
1259,,,,,,,,,,,,,,,,,,,,,,,,,,,,,,,,,,,,,,,,,,,,,,,,,,,,,,,,,,,,,,,,,1,,,,,,,,,,,,,,,,,,,,,,,,,,,,,,,,,,,
1260,,,,,,,,,,,,,,,,,,,,,,,,,,,,,,,,,,,,,,,,,,,,,,,,,,,,,,,,,1,,,,,,,,,,,,,,,,,,,,,,,,,,,,,,,,,,,,,,,,,,,
1261,,,,,,,,,,,,,,,,,,,,,,,,,,,,,,,2,,,,,,,,,,,,,,,,,,,,,,1,,,,,,,,,,,,,,,,,,,,,,,,,,,,,,1,,,,,,,,,,,,,,,,,
1262,1,1,,1,,,1,,1,6,1,10,1,3,1,,,1,1,1,,2,14,1,,1,1,1,2,,,,1,1,1,1,,,1,,1,,3,12,5,1,1,2,26,,18,12,1,1,,,,1,1,1,1,1,9,1,,1,1,,,1,16,10,1,,1,1,,4,1,,1,,1,3,,1,10,1,1,1,12,2,26,,1,15,9,1,,9
1263,,19,,,,,,1,,,,1,,,13,,1,,,,,,,,,,8,,,,,,,,,,,,,,,,,,,,,1,,,,3,,,,,,2,,,,1,,,,,,6,,,15,,,,1,1,,17,,1,,,,,,,,,1,,,,,,,,16,2,,
1264,3,,,,,,,,,,,,34,,3,1,,,1,,,,,,,,,,,,,,,,,,,,1,,,,,,,,,1,,,,2,,,1,1,,1,,1,,,,,,,,,,1,,,1,,,,,1,,,1,,,,,,,,,,,2,,,,,,,,
1265,,17,,,2,,,,21,12,,7,24,3,19,,1,8,6,28,,,3,14,,8,11,,,,,,19,1,,,,4,9,,1,,,12,18,,12,12,16,1,15,9,3,14,,,,8,,,,19,4,,2,16,,,,,18,,,,,3,,7,,6,,,,10,,,,,14,,10,15,15,,,13,12,10,,8
1266,4,13,,2,,1,,,3,,,,,,1,,,12,10,,,,22,,,,7,,,,,,,,1,,,,2,4,,,5,,,,1,,,,,,,,,,1,,,,,,,,,3,,,1,,19,,,,,,,19,1,,,,,10,,4,,,,,,1,,,,,16,,,11
1267,2,6,,,1,,,5,21,9,,1,8,,5,,6,4,2,26,,,12,9,,1,10,,,,,,19,,,1,,,2,,,3,,11,18,,15,8,25,,18,8,1,12,,,1,1,,,,1,2,,,15,,,,,11,2,3,,,7,,12,3,1,,7,7,8,,,,1,4,1,11,14,26,,,14,5,3,,6
1268,,,,,,,,,,,,,29,,22,,,,14,,,,,,,,,,,,,4,,,,2,,,,,1,,,,,,,,,,,,19,4,,,,,,,,3,,,,,,2,,,,,,,,,,,,,,,,2,,,,1,,,,,,,,,,,,
1269,,19,1,,,,,,21,1,2,8,,,19,,,8,6,13,,,12,13,,15,10,,,1,,,2,,,,,,15,,,,6,9,16,,15,5,18,4,18,3,11,12,,,,1,,,,21,1,,,11,,,1,,8,,,,3,16,,19,,,1,7,,8,,,,,5,,5,5,23,1,,14,14,8,,9
1270,1,1,1,1,1,,,1,29,,1,,,1,1,1,,,1,,,1,1,18,1,1,14,,1,,7,2,19,,1,,,,1,,3,1,1,1,1,1,3,4,1,1,1,1,2,1,1,1,,1,,,,,,,,1,,1,1,1,1,,,,,1,1,23,1,1,1,1,1,1,,,,1,1,,11,,15,1,1,15,3,5,2,1
1271,,6,,8,,,,,22,4,2,10,12,,2,1,,3,2,24,,,14,11,,19,3,,,1,1,,19,,,,,,15,,,,,1,13,,11,9,25,,6,10,11,13,,,,10,,,,22,8,,3,14,,,2,,20,,,,,4,,11,,,,,10,3,,,15,,1,,10,13,6,,,12,8,11,2,12
1272,,9,1,,,,3,,22,14,3,9,18,3,17,,3,7,1,24,,,14,7,,17,2,,,,,,13,3,,,1,,9,,,,,1,16,,14,6,22,,14,11,14,18,,,,10,2,,,4,6,,,13,,,,,14,,,,,14,4,21,,,,,,7,,,12,,13,2,6,13,3,,,13,8,5,,1
1273,,,,,,,,,,,,,,,,,,,,,,,,,,,,,,,,,,,,,,,,4,,,,,,,,,,,,,,,,,,,,,,,,,,,,,,,,,,1,,,,,,,,,,,,,,,,,2,,,,,,,,,
1274,,,,,,,,,,,,,,,,,,,,,,,,,,,4,,,,,,,,,,,,,,,,,,,,,,,,,,,,,,,,,,,,27,,,,,,,,,,,,,18,,23,,,,,,,,,,,,,,,,4,,,,,,12
1275,,,,,,,1,,,,,,,,,,,,,,,,,,,,,,,,,,,,,,,,,,,,,,,,,,,,,,,,,,,,,,,,,,,,,,,,,,,,,,,,,,,,,,,,,,,,,,,,,,,,,
1276,,4,,1,1,3,1,1,1,3,1,6,1,1,7,,,3,9,1,1,,12,14,,11,1,1,,,,,16,,1,,4,1,10,,,1,1,1,14,1,1,1,1,1,14,13,1,17,,1,1,13,,,,1,1,,5,1,,1,,1,1,14,,,7,15,3,1,1,,,,1,1,1,1,,,5,,15,18,1,1,1,13,1,1,,9
1277,,,,,,1,,,,,3,,,,,,,,,,,,,,,,,,,,,,,,,,,,,,,,,,,,,,,,,,,,,,,,,,,,,,,,,,,,,,,,,,,,,,,,,,,,,,,3,,,,,,,,,,
1278,,19,,,,,,,5,10,,7,28,,5,2,,10,6,16,,,6,9,,15,9,,,6,7,,13,,,,,,2,,2,2,,12,17,,16,8,24,,15,11,16,15,,,1,5,2,,,20,9,5,,15,,,5,2,20,9,,1,,1,2,4,,3,,,,7,,,6,,13,,4,11,10,1,,1,9,12,,10
1279,,,,,,,,,,,,,,,,,,,,,,,,,,,,,,,,,,,,,,,,,,,,,,,,,,,,,,,,,,,,,,,,,,,,,,,,,,,,,,,,,,,,,,,,,,,,,,,,,,,,
1280,,19,,,,,,,23,11,,9,27,,8,,,2,12,7,,17,1,11,,18,7,,,,,,20,,,,,,12,,,,,11,16,,17,5,27,,18,7,11,17,,,,6,,,,21,7,,,13,,1,,,18,,,,,2,,18,,,,,14,11,,,,,10,,14,4,21,,,13,9,9,,1
1281,,,,,,,,,,,3,,,,,,,,,,,,,,,,,,,,,,,,,,,,,,,,,,,,,,,,,,,,,,,,,,,,,,,,,,,,,,,,,,,,,,,,,,,,,,,,,,,,,,,,,
1282,,,,,,,,,,,4,,,,,,,,,,,,,,,,,,,,,,,,,,,,,,,,,,,,,,,,,,,,,,,,,,,,,,,,,,,,,,,,,,,,,,,,,,,,,,,,,,,,,,,,,
1283,,,,,,,,,27,,,18,,,19,,5,11,15,2,,,9,,,22,19,,2,,,,20,,,,,,,,,,,11,17,,19,,28,,23,18,16,,,,,14,,,,,10,,,15,,,,,12,,,,,20,,20,,,,,,10,,,,,12,,10,21,27,,,15,18,16,,13
1284,,,,,,,,,,,,,,,,,,,,,,,,,,,,,,,,,,,,,,,,,,,,,,,,,,,,,,,,,,,,,,,,,,,,,,,,,,,,,,,,,,,,,,,,,,,,,,,,,,,,
1285,4,7,,,,,,,26,9,5,10,13,4,8,,1,7,2,23,,,10,12,,3,2,,,4,,,17,,,,,,12,,1,,,6,3,,12,6,25,,1,3,10,17,,,,10,,,,22,8,,,15,,,,,14,,,1,,3,,16,,,,,,10,,,19,,12,,11,3,5,,,6,13,12,,10
1286,,,,,,,,,,,3,,,,,,,,,,,,,,,,,,,,,,,,,,,,,,,,,,,,,,,,,,,,,,,,,,,,,1,,,,,,,,,,,,,,,,,,,,,,,,,,,,,,,,,,,,
1287,,7,,11,,1,,2,8,12,,6,2,,13,,,3,6,28,,,1,1,,10,11,,,1,,,14,,,1,,,9,,,,,12,9,2,11,4,22,3,9,9,1,4,,,,1,1,,,19,9,,,12,,,,1,3,,4,,,17,5,16,,4,4,,6,2,,,,,14,,14,10,23,,,14,1,5,3,10
1288,,18,,,,,1,4,23,9,,9,22,2,1,,,5,5,10,,,12,10,,19,3,,,6,,,16,,,,,,13,,8,,,1,10,,10,10,25,,13,9,11,2,,,,12,,,,23,7,,,15,,,,,19,,,,1,16,,16,,,,,,7,,,,,14,,8,13,4,,,7,16,11,,12
1289,,17,,,,,1,1,25,14,,1,26,,14,,,5,11,28,,,8,3,,9,1,,,,,,17,,,,,,1,1,,,,6,4,,13,5,6,,17,1,3,1,6,,2,12,,,,19,2,,,16,,,,,17,6,,,,13,,19,,,,,,2,,,6,,14,,13,1,13,,,12,5,6,,3
1290,,14,,,,,,,23,14,,4,6,1,17,,,6,8,18,3,,13,10,,18,11,,,,,,2,5,,,,,10,,,,,9,12,,15,6,25,,14,12,10,14,,,,9,,,,24,8,,1,10,,,,2,8,16,1,,5,15,,18,,,1,,2,9,,,,,11,,5,18,4,,,13,7,5,,11
1291,,2,,,1,,,,19,11,1,11,11,,10,1,,4,8,25,,,2,7,,18,6,,,1,,,16,,,,,,14,,6,,,7,15,,17,7,17,,14,1,1,14,4,1,,9,,,,22,3,2,,12,,,3,,10,,,,1,17,,15,1,,,,11,3,1,,7,,7,,16,1,23,,,13,12,10,,2
1292,,,,,,,,,1,,,,,,,,,,,,,,,,,,,,,,,,,,,,,,,,,,,,,,,,,,1,,,,,,,,,,,,,,,,,,,,,,,,,,,,,,,,,,,,,,,,,,,,,,,,,
1293,,11,,,,,,,27,6,,8,28,,2,,,6,7,28,,,1,1,,14,5,,,,,,18,,,,,,7,,,1,,4,13,,1,7,25,,17,11,13,11,,,,4,,,,22,7,2,,16,5,,,,14,,,,,16,,1,,2,,17,,9,,,14,3,16,,1,1,22,,,16,10,1,,5
1294,,,,,,,,1,,,,,,1,,,,,,,2,,,,,14,,,,,,,,,,,,,,,,,,,12,,,,,,,,,,,,,,,,,,,,,,,,,,,,,,,,,,,,,,,,,,,,,,,,,,,,,,,1
1295,,,,,,,1,,,,,,33,,,,,1,2,,,,,,,,,,1,,,,1,,,,,11,1,,,,,,1,,,,1,,,3,,,2,,,,,2,,,,,,,,,,,,,,,,,,2,,,,,,,,,,,,,,1,,,,,,,,
1296,,,,,,,,,,,,,,,,,,,,,,,,,,,,,,,,,,,,,,,,,,,,,,,,,,,,,,,,,,,,,,,,,,,,,,,,,,,,,,,,,,,,,,,,,,,,17,,,,,,2,,
1297,,,,4,,,,,,16,,,,,7,,,,,,,1,,,,,,,,,,,22,,1,,9,3,17,1,,3,,,,3,2,,1,,18,,1,19,,,1,,,,,,,,,,,,,,,,,4,,1,,3,3,1,,,,3,,,,,,,,1,,3,,1,,,,
1298,,,,,,,,,,,,,,,,,,,,,,,,,,,,,,,,,,,,,,,,,,,,,,,,,,,,,,,,,,,,,,,,,,,,,,,,,,,,,,,,,,,,,,,,,,,,,,,,,,,,
1299,,,,,,,,,,,,,,,,,,,,,,,,,,,,,,1,,,,,,,,,,,,,,,,,,,,,,,,,,,,,,,,,,,,,,,,,,,,,,,,,2,,,,,,,,,,,,,,,,,,,,,
1300,,,,,,,,,,,,,,,,,,,,,,,,,,,,,,,,,,,,,,,,,,,,,,,,,,,,,,,,,,,,,,,2,,,,,,,,,,,,,,,,,,,,,,,,,,,,,,,,,,,,,
1301,,,,,,,,5,3,,,15,28,,19,,,,16,30,,,16,,1,17,20,,6,,1,,23,1,2,1,,,,,,,,12,,,21,,25,,33,2,17,21,,,,15,12,,,21,12,1,,,1,,,,16,,,,,,,21,,,,,,,,,,,1,,3,,,,,16,19,,1,12
1302,,14,,,1,1,,,21,2,,4,1,,3,,,6,12,1,,,13,8,,18,10,,,,1,,17,,,,,5,12,,,1,,9,14,,11,7,2,,8,8,11,9,2,,,10,1,,,17,4,,2,16,,,,,19,,,5,,1,,20,,,,,,9,,,,,2,,14,16,27,,2,1,1,11,,1
1303,,,,,,,,,,,,,,,,,,,,,,,,,,,,,,,,,,,,,,,,,,,,,,,,,,,,,,,,,,,,,,3,,,,,,,,,,,,,,,,,,,,,,,,,,,,,,,,,,,,,,
1304,,,,,,,,,,,,,,,,,,,,,,,,,,,,,,,,,,,,,,,,,,,,,,,,,,4,,,,,,,,,,,2,,,,,,,,,,,,,,,,,,,,,,,,,,,,,,,,,,,,,,,
1305,,24,,,,,2,,1,11,,10,4,,17,,,4,1,24,,,1,4,,20,5,,,,,,15,,,,,,10,,6,2,,1,16,,11,7,7,,18,1,13,15,,,,9,,,,3,5,,,2,,,,,16,,,,2,18,,18,,,,,,6,,1,,,9,,1,15,23,1,,13,14,9,,2
1306,,,,,,,,,,,,,,,,,,,,,,,,,,,,,,,,,,,,,,,,,,,,,,,,,,,,,,,,,,,,,,,,,,,,,,,,,,,,,,,,,,,,,,,,,,,,,,,,,,,,
1307,,,,,,,,,,,,,,,,,,3,,,,,,,,,,,,,,,,,,,,,,,,,,,,,,,,,24,,,1,,,,,,,,,24,,,,,,,,,,,,,,4,24,,,,,,,,,,,,,,,,,,,,,,
1308,,,,,,,,,,,,4,,,,,,,,,2,,,,,,,,,,,,,,,,,,,,,,,,,,,,,,,,,,,,,,,,,,,,,,,,,,,,,1,,,,,,,,,,,,,,,,,,,1,,,,,,,
1309,,,,,,,,,,,2,,,,,,,,,,,,,,,,,,,,,,,,,,,,,,,,,,,,,,,,,,,,,,,,,,,,,,,,,,,,,,,,,,,,,,1,,,,,,,,,,,,,,,,,,,
1310,,,,,,,,,,,,,,,,,,,,,,,,,,,,,,,,,,,,,,,,,,,,,,,,,,,,,,,,,,,,,,,,,,,,,,,,,,,,,,,,,,,,,,,,,,,,,,,,,,,,
1311,,,,,,,,,,,,,,,,,,,,,,,,,,,,,,,,,,,,,,,,,,,,,,,,,,,,2,,,,,,,,,,,4,,,1,,,,,,,,,,,,,,,,,,,,,,,,,,,,,,,,,,
1312,5,2,,,,,1,,,12,,10,6,2,15,,7,9,10,11,1,10,5,6,,20,12,,,3,4,,20,,,,,,12,,,,,10,6,,15,10,27,,3,12,9,1,5,,,1,,,,22,8,,,15,,1,,,17,,,,6,5,,16,,,,2,,2,,,,,12,,12,12,24,,,,10,9,,1
1313,,,,,,,,,2,,1,,,,,,,,,,,,,,,,,,,,,,,,,,,,,,,,,,,,,,,,,,,,,,,,,,,,,,,,,,,,,,,,,,,,,,,,,,,,,,,1,,,,,,,,,,
1314,,,,,,2,,,,,,,,,,,,,,,,,,,,,,,,,,,,,,,,,,,,,,,,,,,,,,,,,,,,,,,,,,,,,,,,,,,,,,,,,,,,,,,,,,,,,,,,,,,,,,
1315,,,,2,,,,,,,,,,,,,,,,,,,,,,,,,,,,,,,,,,,,,2,,,,,,,,,,,,,,,,,,,,,,,,,,,,,,,,,,,,,,,,,,,,,,,,,,,,,,,,,,,
1316,,,,,,,,,,,,,,,,,1,,,,,,,,,,,,,,,,,,,,,,,,,,,,,,,,,,,,,,,,2,,,,,,,,,,,,,,,,,,,,,,,,,,,,,,,,,,,,,,,,,,,
1317,,,,,,,,,,,,,,1,23,,,,14,,,,19,,,25,17,,,,,,,,,,,,,,,,,,,,,14,,,29,9,18,,,,,14,,,,15,11,,,20,,,,,22,,,,,1,,,,,,,,,,,,,11,,,,,,,,,18,,10
1318,,,,,,,,,,,,,,,,,,,,,,,,,,,,,,,,,,,,,,,,1,,,,,,,,,,,,,,,,,,,,,,,,3,,,,,,,,,,,,,,,,,,,,,,,,,,,1,,,,,,,,,1
1319,,,,,,,,,,,,,,,,,,,,,,,,,,,,,,,,,,,,,,,,,,,,,,,,,,,,,,,,,,,,,,,,,,,,,,,,,,,,,,,,,,,,,,,,,,,,,,,,,,,,
1320,,,,,,,,,,,,,,,,,,,,,,,,,,,,,,,,,,,,,,,,,,,,,,,,,,,,,,,,,,,,,,2,,,,,,,,,,,,,,,,,,,,,,,,,,,,,,,,,,,,,,
1321,,19,,,,,,,20,14,,17,,,16,,,3,1,35,,,16,12,,21,13,,,,,,21,,,,,2,,,2,,,14,18,,18,13,23,,22,10,13,16,,,,12,,,,,11,,,18,,,,,17,,,,,19,,17,,,,,,10,,,,,12,,12,18,15,,,12,16,15,,10
1322,,,,,,,,,,,,,,,,,,,,,,,,,,,,,,,,,,,,,,,,,,,,,,,,,,,,,,,,,,,,,,,,,,,,,,,,,,,,,,,,,,,,,,,,,,,,,,,,,,,,
1323,,19,,,,,,,23,11,,4,13,,17,,4,5,3,27,2,,9,5,,15,10,,,,2,,19,,,,,11,11,,,,,12,18,,7,11,1,,17,7,3,16,,,,9,4,,,19,9,,3,16,,,,1,12,,,,,17,,5,,,,,,2,,1,,,1,,13,9,12,,,10,13,7,,8
1324,,,,,,,,,,,,1,,,,,,,,,,,,,,,,,,,,,,,,,,,,,,,,,,,,,,,,,,,,,,,,,,,,,,,,,,,,,,,,,,,,,,1,,,,,,,2,,,,,,,,2,,1,
1325,,,,,,,,,,,,,,,,,,,,,,,,,,,,,,,,,,,,,,,,,,,,,,,,,,,,,,,,,,,,,,,14,,,,,,,,,,,,,,3,26,,,,,,,,,,,,,,,,,,,,,,
1326,1,3,1,,1,4,,1,1,1,,1,1,1,23,,,1,1,1,4,1,1,1,1,1,1,1,2,3,1,1,26,,,1,,1,1,1,,1,,1,3,1,1,4,,1,,1,16,1,,1,1,1,,1,1,1,1,3,1,,1,1,1,,,,,1,1,19,,,1,,1,,1,1,1,4,,,2,1,,1,1,1,1,1,1,,1,1
1327,,21,,,,,,,21,15,,17,21,,17,,,2,12,32,,,14,13,,23,1,,,3,4,,21,,,,,,15,,,,,14,1,,13,12,20,3,18,16,16,17,,,,5,,1,,,4,,,15,,1,,,13,,,,,19,,20,1,,,,,9,,,,,11,,1,19,2,1,,14,18,15,,10
1328,,25,,,,,,,,,,,,,,,,,,,,,,,,,,,,,,,,,,,,,,,,,,,,,,,,,,,,,,,,,,,,,32,,,,,,,,,,,,,,,29,,,,,1,,,,,,,,,,,,,,,,,
1329,1,15,,,,,4,,21,3,,7,7,,1,,,4,11,27,,9,16,15,,18,9,,,,,,12,4,,,,1,8,,,,,9,15,3,16,8,26,,17,9,4,3,,2,,10,,,,13,8,,1,7,,,,,10,,,,,13,4,16,,3,,4,,5,,1,,,15,,1,15,15,,,2,14,9,,5
1330,1,19,,,1,,,,2,7,,6,21,,14,,,2,1,29,,16,13,3,,17,12,,,,,10,19,,,,2,,11,,,,,7,10,,16,6,17,,16,11,6,14,,,,11,2,,,18,7,,,12,1,2,,,20,,,1,,17,,10,1,,,,,6,,,7,,13,,15,12,23,,,13,2,11,,10
1331,,19,,,,,,,1,13,,9,20,,4,,,6,4,29,,15,1,13,,11,6,,,,,,18,,,,3,,13,,,,,8,2,,8,7,25,,8,2,12,17,,,,2,,,,6,8,,,15,,,,,17,,,,1,18,,8,,,6,3,,9,,,1,,11,,14,7,26,,4,8,5,7,,7
1332,,,,,,,,,,,,,,,,,,,,,,,,,,,,,,,,,,,,,,,,,,,,,,,,,,,,,,1,,2,,,,,,,,,,,1,,,,,,,,,,,,,,2,,,,,,,,,,,,,,,,,,,
1333,,,,,,,,,,,,,,,,,,,,,,,,,,,,,,,,,,,,,,,,,,,,,,,,,,,,,,,,,,,,,,,,,,,,,,,,,,,,,,,,,,,,,,,,,,,,,,,,,,,,
1334,1,19,,,,,,,20,13,,8,28,,16,,,13,8,27,1,,15,16,,16,,,1,,,,,,,,,,16,,,,,9,17,1,14,6,1,,16,,6,6,,4,,11,,,,,9,,,3,,,,,10,,,,,13,1,20,6,6,,,,7,,,,,12,,2,12,11,,,16,8,10,,12
1335,,,1,,,,,,23,13,,3,4,,17,4,1,4,4,27,,,15,4,,13,5,,,1,,1,19,,,2,,,13,,,,,8,15,,14,6,25,,18,12,7,17,,4,,6,,,,4,1,,,16,,,,,18,,,,,14,,11,,,,,,10,,,,,3,,11,12,19,,,15,6,1,,8
1336,3,4,,2,,,,,21,9,1,7,23,3,17,,2,6,5,25,,,16,10,,19,1,,,,,3,17,1,,,,,12,1,,,,1,14,,13,11,26,,15,5,12,15,,,,11,,,4,23,8,,,12,,,,,18,,,,,5,,14,,1,2,,22,6,,,,,15,,12,15,24,,,14,12,11,2,5
1337,,,,,,,,,23,15,,15,,,18,,,,,37,,,16,15,,21,8,,,,,,23,,,,,,,,,,,18,19,,21,14,30,,18,17,14,,,,,12,8,,,,11,,,19,,,,,15,,,,,16,,16,,,,,,14,,,,,15,,11,23,29,,,17,,13,,13
1338,,,,,,,,,,,,,,,,,,,,,,,,,,,,,,,,,,,,,,,,,,,,,,,,,,,,,,,,,,,,,,,,,,,,,,,,,,,,,,,,,,,,,,,,,,,,,,,,,,,,
1339,7,1,,,1,1,,1,20,1,,7,27,,16,,,10,10,1,,,2,10,,18,6,,,,1,,1,1,,,,,10,,,,1,1,11,,16,9,17,,17,9,4,2,,,,10,,2,3,23,8,2,,15,,4,3,,13,3,,,2,15,,17,,,,,,8,,,,9,2,,7,16,26,2,7,13,8,13,,2
1340,,12,,,,,,,21,14,,10,27,,19,,,9,6,25,,,14,3,,20,11,,,4,,,4,,,,,,9,,,,,7,21,,2,10,18,,1,4,10,17,,,3,11,7,,1,23,5,,,16,,,,,1,,,,,1,1,2,1,,,16,22,9,,,8,,12,2,10,13,21,,,14,1,13,,7
1341,,18,,,,,,,1,9,,10,27,1,16,,,1,9,4,,,16,5,,19,14,,,3,,,15,5,,,,,10,,,,,7,16,1,15,2,27,,4,2,7,16,3,,2,2,,1,,2,8,,,8,,,,,18,1,,,,16,,1,,,,,,4,,,,,4,,16,13,22,1,,12,1,3,,1
1342,,,,,2,,,,3,,,,29,,,,,10,,31,,,,,,11,,,,,,,,,,,,,,,,,,,,,,,29,,17,,3,1,,,,,,,,8,4,,,,,,,,,,,,,18,,,,,,,,,,,,,,,,14,,,,17,,1,,
1343,,27,,,,,,,,,,,,,,,,2,,,,,,,,13,,,,,,,,,,,,,,,,,,,,,,,,,,,18,18,,,,,,,,,,,,,,,,,,,,,,,,,,,,,,,,,,,,,,,,,,,13,,,
1344,,19,,,,,2,,2,16,,6,26,,7,,,6,9,23,4,,2,11,,1,9,,,,,,18,,,,,,12,,,,,9,15,,15,8,16,,5,10,10,2,,,,4,,,,14,7,,,11,,,1,,19,8,,,,16,,18,,4,,,,6,,,,,4,1,3,13,20,,,17,5,10,,9
1345,,,,,,,,,,,,,,,,,,,,,,,,,,,,,,,,,,,,,,,,,,,,,,,,,,,,,,,,,,,,,,,,,,,,,,,,,,,,,,,,,,,,,,,,,,,,,,,,,,,,
1346,2,22,,,,,3,,24,13,2,9,15,,2,,,9,4,31,,,18,1,,,1,,4,1,,,1,,1,,,,12,,,,,13,17,,17,,,,2,1,6,1,,1,,7,1,1,,2,9,,,17,,4,3,,17,,5,,,15,,19,,,,1,,12,,,18,,14,,12,16,,1,,4,3,14,,13
1347,,,,,,,,,,,,,,,,,,,,,,,,,,,,,,,,,,,,,,,,,,,,,,,,,,,,,,,,,,,,,,,,,,,,,,,,,,,,,,,,,,,,,,,,,,,,,,,,,,,,
1348,,,,,,,,,,,,,,,,,,,,,,,,,,,,,,,,,,,,,,,,,,,,,,,,,,,,,,,,1,,,,,,,,,,,,,,,,,,,,,,,,,,,,,,,,,,,,,,,,,,,,
1349,,,,,,,,,,,,,,,,,,,,,,,,,,,,,,,,,,,,,,,,,,,,,,,,,,,,,,,,,,,,,,,,,,,4,,,,,,,,,,,,,1,,,,,,,,,,,,,,,,,,,,1
1350,,,,,,,,,,,,,,,,,,,,,,,,,,,,,,,,,,,,,,,,,,,,,,,,,,,,,,,,,,,,1,,1,,,,,,,,,,,,,,,,,,,,,,,,,,,,,,,,,,,,,,
1351,,8,1,7,,,,,25,9,1,8,4,1,14,,,3,9,28,,,13,1,,7,11,,,,,,20,,,,,,11,,5,,1,1,16,,14,10,19,,15,9,8,15,,,,3,1,,,22,1,,,1,1,,,,15,15,,1,,17,,1,5,,,,25,9,,,,,2,,17,12,26,,,10,2,15,2,10
1352,0,0,0,0,0,0,0,0,0,0,0,0,0,0,0,0,0,0,0,0,0,0,0,0,0,0,0,0,0,0,0,0,0,0,0,0,0,0,0,0,0,0,0,0,0,0,0,0,0,0,0,0,0,0,0,0,0,0,0,0,0,0,0,0,0,0,0,0,0,0,0,0,0,0,0,0,0,0,0,0,0,0,0,0,0,0,0,0,0,0,0,0,0,0,0,0,0,0,0,0
1353,1,1,,1,,,,,,1,1,1,,,1,,,2,,1,,,1,,3,,,,1,3,1,,,,2,,,,,,,,,6,,,19,1,1,1,,1,1,,,1,3,,,,,,,,,,,3,1,,,,,1,,1,,,,,,,,2,,,3,,,,,,,,,,,,,
1354,,,,1,,,,,,1,,2,,,,,,6,,,,,,,1,,1,,,,,,,,,,,,1,,,,,,,,,,,,,,,,,,,,1,,,1,,2,,,,,,,,,,,,,,2,,,,,,,2,,,,,,,1,,,,,,,,
1355,,,,,,,,,,,,,,,,,,,,,,,,,,,,,,,,,,,,,,,,,,,,,,,,,,,,,,,,,,,,,,,,,,,,,,,,,,,,,,,,,,,,,,,,,,,,,,,,,,4,,
1356,,,,,,,,,,,,,36,,,,,,,,,,2,,,,,,,,,,,,,,,9,,4,,,,,,,,,,,,,17,,,,,,,,1,25,,,,,,,,,,,,,,,,,,,,,,,,,,,,,,,,,,,,,,
1357,,,,,,,,,,,,,,,,,,,,,,,,,1,,,,,,,,,,,,,,,,,,,,,,18,,,,,13,,,,,,,,,,,,,,,,,,,,,,,,,,,,,,,,,,,,,,,,,,,,,,,,
1358,,,,,,,,,,,,,,,,,,,,,,,,,,,,,,,,,,,,,,,,,,,,,,,,11,,,,,,,,,,,,,,,1,,,,,,,,,,,,,,,,1,,,,,,,,,,,,,,,2,,,,,,
1359,,18,,,,,,,19,10,1,1,21,,15,,,4,4,30,,9,12,11,,3,6,,,,,,11,,,,,,14,,,,1,5,18,,16,8,27,,19,12,4,8,,,,13,,,,23,6,,,2,,,,,18,,,,,19,,20,,,,,,10,,,20,,16,,14,16,16,,,11,3,10,,1
1360,,,,,1,,,,,,,,,,,,,,,,,,22,,,,,,,,,,,,,,,,,,,,,,,,,,,,,,,,,,,,,,,,24,,,,,,,,,,,,,,,27,,,,,,,,,,,,,,,,,,,,,,14
1361,,18,,9,,,,,24,7,,4,25,,6,,1,1,3,28,,2,13,11,,16,7,,,,,,17,,,,,,9,,,,,2,15,,2,9,1,,9,8,12,16,,,,12,,,,17,6,,4,19,,,,,18,7,,,3,12,5,12,,,,,1,9,,,,,8,3,7,15,1,,,4,11,12,,9
1362,,,,,1,,,,1,,,,,,1,,,,,,,,,,,,,,1,1,,,1,,,,,1,1,,,,1,,1,,,,,1,,,,,,,,1,,,,1,1,1,2,,,,,,1,,,1,,,,,,1,1,1,1,,,,1,,,,,,,,,,,1,,1
1363,,1,,,,,,,,,,,,,,,,,,,,,,,,,,,,,,,,,,,,,,,,,,,,,,,1,,,,,,,,,,,,,,,,,,,,,,,,,,,,,,,,,,,,,,,,,1,,,,,,,,,,
1364,,,1,,,,,,,,,,,,18,,,,,,,,,,2,,,,,,,,18,,,,,,13,,,,,,,,,,,,3,,18,,1,2,,,,,1,,,,,,,,,,,,,,,,,22,,,,,,,,,,,,,,,13,,,,,,,
1365,,16,,,,4,,1,3,14,1,2,23,,5,5,,6,2,17,,,4,12,,21,3,,,,,,19,,,,,,12,,4,,,7,13,,15,10,23,,19,9,1,15,,,,7,,,,7,1,,,9,,1,,1,3,,,,,2,,17,,,2,1,13,8,,,3,6,4,,6,15,21,,,2,8,6,,8
1366,,,,,,,,,,,,,,,,,,,,,,,,,,,,,,,,,,,,,,,,,,,,,,,,,,,,,,,,,,,,,,,2,,,,,,,,,,,,,,,,,,,,,,,,,,,1,,,,,,,,,,
1367,,17,2,2,,,,,2,2,,8,26,,19,,,10,10,24,,,15,5,,1,8,,,,,,14,,,,,,3,,,,,7,4,,1,14,24,,11,6,1,18,,,,3,,,,22,8,,,9,,,,,12,9,,,,1,,17,,,,,,5,,,,,2,1,15,11,17,,2,16,4,12,,9
1368,,,,,,,,,,,,,,,,,,,,,,,,5,,,,,,,,,3,,,,10,,,,,,,,,,3,,,2,,,,,,,,11,1,,,,11,,,,3,,,,24,2,,,,22,,29,,,,,,,,,,,18,5,,,,5,,,,,,2
1369,,,,,,,,,26,14,,9,10,,16,,2,11,5,20,,,15,11,3,16,11,,,,,,,,1,,,,17,,,4,,,16,,24,7,24,,18,8,15,15,,,,13,,,,26,9,,,8,,,,,19,,,,,13,,16,,,,,,9,,,,,12,,8,19,26,,,17,3,4,,1
1370,,21,,,,,,,21,3,,6,25,,16,,,7,7,22,,,1,14,,10,8,,,,,,19,,,1,,,11,,,,,1,1,,10,13,21,,3,1,12,15,,,,10,8,,,7,7,,,13,,,,,14,13,,,,6,,21,,,,,,7,,4,,,9,,13,16,13,,,4,10,2,,11
1371,,,,,,2,,,,,,,,,,,,,,,,,,,,,,,,,,,,,,,,,,,,,,,,,,,,,,,,,,,,,,,,,,,,,,,,,4,,,,,,,,,,,,,,,,,,,,,,,,,,,,,
1372,,,,,,,,,,,,,35,,,,,9,1,,,,1,,,,,,,,,,,,,,,10,,5,,,,,,,,,,,,,1,,,,,,,,,8,,1,1,,,,,,,,,,,1,,,,1,,,1,,,,,,,,,,,,,,,,,
1373,,,,,,,,,,,,,,,,,,,,,,,,,,,,,,,1,,,,,,,,,,,,,,,,,,,,,,,,,,,,,,,,,,,,,,,,,,,,,,,,,,,,,,,,,,,,,,,,,,,,,
1374,,,,,,,,,,,,,,,,,,,,,,,,,,,,,,,,,,,,,,,,,,,,,,,,,,,,,,,,,,,,,,,,,,,,,,,,,,,,,,,,,,,,1,,,,,,,,,,,,,,,,
1375,,13,,,,,,,11,14,,9,27,,14,3,,9,8,24,,9,1,2,,19,1,,,,,,10,2,,,,8,8,,3,,,4,16,,14,5,25,,17,2,11,2,,,2,10,,,,7,8,,,2,,,,3,1,10,,,,16,,18,,7,,,,1,,,11,,13,,6,16,22,,,12,14,2,,1
1376,,19,,,,,,,20,12,1,4,25,,20,,,8,4,1,,9,7,10,,15,11,,,,,,9,,,,,,3,,,,,4,12,,13,1,22,,10,10,6,2,2,,,6,4,,,23,7,,,4,,,,2,17,,,,,5,,20,,,,,,12,,,,,13,,13,15,15,,,14,12,9,,10
1377,0,0,0,0,0,0,0,0,0,0,0,0,0,0,0,0,0,0,0,0,0,0,0,0,0,0,0,0,0,0,0,0,0,0,0,0,0,0,0,0,0,0,0,0,0,0,0,0,0,0,0,0,0,0,0,0,0,0,0,0,0,0,0,0,0,0,0,0,0,0,0,0,0,0,0,0,0,0,0,0,0,0,0,0,0,0,0,0,0,0,0,0,0,0,0,0,0,0,0,0
1378,,,,,,1,,,,,,,,,,,,,,,,,,,,,,,,,,,,,,,,,,,,,,,,,,,,,,,,,,,,,,,,,,,,,,,,,,,,,,,,,,,,,,,,,,,,,,,,,,,,,,
1379,,,,,,,,,,,,,,,,,,,,,,,,,,,,,,,,,,,,,,,,,,,,,,,,,,,,,,,,,,,,,,,,,,,,,,,,,,,,,,,,,,,,,,,,,,,,,,,,,,,,
1380,4,7,,,1,,,,22,10,,9,19,,2,,1,7,7,29,,,15,12,,19,9,,,,,,5,,,,,1,14,,,,,7,17,,14,7,25,,3,12,3,17,,2,,11,1,,,22,1,,,11,,,,,18,,,,,2,,18,,,,,1,13,2,,1,,10,,14,1,25,,,11,3,9,,8
1381,,,,,,,,,,,,,,,,,,,,,,,,,,,,,,,,,,,,,,,,,,,,,,,,,,,,,,,,,,,1,,,,,,,,,,,,,,,,,,,,,,,,1,,,,,,,,,,,,,,,,,
1382,,,,,,,,,,,3,,,,,,,,,,,,,,,,,,,,,,,,,,,,,,,,,,,,,,,,,,,,,,,,,,,,,,,,,,,,,,,,,,,,,,,,,,,,,,,,,,,,,,,,,
1383,,3,,,,,,8,22,14,,1,,2,14,,,12,,38,1,,16,17,,15,1,,5,1,1,,25,,6,,,,15,,,,,6,11,1,16,8,22,,,12,14,15,,2,,8,12,,,,8,,4,18,1,,1,,1,3,1,,,20,,16,,,,1,,1,2,,,,15,,12,14,,,1,1,16,1,2,4
1384,1,,,,,,,,22,16,2,16,,,2,,,1,,38,,,17,,,27,,,,,,,,,,,6,,,,,,,,2,,,15,26,8,,19,17,,,,,6,,,,,9,,,18,,,,,,,,,,19,,19,,,,,,,,,,,18,,1,,,1,,,,14,,14
1385,,,,,,,,,,,,,,,,,,,,,,,,,,,,,,,,,,,,,,,,,,,,,,,,,,,,,,1,,,,,,,,,,,,,1,,,,,,,,,,,,,,,,,,,,,,,,,,,,,,,,,
1386,1,1,1,1,1,1,1,1,1,1,1,1,1,1,1,1,1,1,1,1,1,1,1,1,1,1,1,1,1,1,1,1,1,1,1,1,1,1,1,1,1,1,1,1,1,1,1,1,1,1,1,1,1,1,1,1,1,1,1,1,1,1,1,1,1,1,1,1,1,1,1,1,1,1,1,1,1,1,1,1,1,1,1,1,1,1,1,1,1,1,1,1,1,1,1,1,1,1,1,1
1387,,23,,2,,,,,,17,,,,,6,,,,,,,,23,,,,,,,,,,21,2,,,9,1,17,,,,,,,,2,,25,,,,3,18,5,,,,3,,,,,2,,,,,,,,,,5,,2,,,3,,,,,2,,,,,15,,,,,,,,,,,
1388,,19,,,,,,,22,10,,1,16,,18,,,6,1,28,,,1,12,,16,12,,,,,,19,,,,,5,13,,,,,3,19,,15,4,24,,15,7,2,9,,,1,11,,,,4,9,,,6,,,,,17,,,,,18,,9,1,,,,,11,,,,1,15,,9,15,20,,,6,17,15,,11
1389,,6,,,,,6,,1,7,,1,24,1,15,,,7,5,28,2,,7,7,5,4,11,,,,,1,1,1,,,1,,14,,9,,,9,18,,16,7,19,,18,11,5,16,,,,14,,,,24,1,,,1,,,,,13,,,,,10,,17,,,,,,3,1,1,,1,10,,13,17,12,,,15,7,11,,7
1390,0,0,0,0,0,0,0,0,0,0,0,0,0,0,0,0,0,0,0,0,0,0,0,0,0,0,0,0,0,0,0,0,0,0,0,0,0,0,0,0,0,0,0,0,0,0,0,0,0,0,0,0,0,0,0,0,0,0,0,0,0,0,0,0,0,0,0,0,0,0,0,0,0,0,0,0,0,0,0,0,0,0,0,0,0,0,0,0,0,0,0,0,0,0,0,0,0,0,0,0
1391,,7,,,,,,,23,15,,1,26,,17,,,5,9,26,,,14,7,,18,9,,,,,,18,,,,,,13,,,,,10,17,,13,6,16,,2,10,2,2,,3,,9,,,,23,5,,,12,,,,,15,,,,,16,,16,,,,,,9,,,,,13,5,11,1,22,,,13,13,13,,10
1392,,,,,,,,,,,,,,,,,,,,,,,,,,,,,,,,,,,,,,,,,,,,,,,,,,,,,,,,,,,,,,,,,,,,,,,,,,,,,,,,,,,,,,,,,,,,,,,,,,,,
1393,,19,,,,,,,21,12,,9,7,,18,,,12,9,30,,14,12,9,,,12,,2,,,,13,,,3,,,13,,,,,9,14,,17,4,24,,18,4,13,,,5,,8,,,,23,8,,,15,,,,,15,,,,,15,,21,,,5,,,9,,,,,9,,9,17,25,,,10,11,11,,3
1394,1,3,1,,,1,,1,,3,1,,1,,1,,1,2,,3,,1,,,1,1,,,,1,1,,1,,2,1,1,1,,1,1,1,1,6,1,1,1,3,,1,,,1,1,1,1,3,,,,,1,1,1,,1,,1,,,1,,1,1,,1,1,1,1,,1,,,2,1,1,1,1,,,1,1,,,,1,1,1,,
1395,1,3,1,1,1,,,1,21,1,,1,,2,19,,,5,1,1,,1,16,1,1,17,9,,,1,1,,24,,,1,,,15,,,1,1,5,1,1,1,1,22,1,1,1,1,18,1,1,1,14,,1,,,15,,4,18,1,,1,,1,1,,1,1,1,1,1,1,1,1,,,13,,,,1,1,1,1,1,,,,13,16,14,2,6
1396,,1,,,,,,,,,6,,,,,,,,,,,,,,,,,,,,,,,,,,,,,,,,,,,,,,,,,,,,,,1,,,,,,,,,,,,,,,,,,,,,,,,,,,,,,,,,,,,,,,,,,,
1397,,,,,,,,,,,,,,,20,,,,,,,,,,,,,,,1,,,,,,,,,,,,,,,,,,,,,,,,20,,,,1,,,,,,,,,,,,,,,,,,,,,,,5,1,,,1,,,,,,,,,,,,,,,
1398,1,18,,,,,,,22,12,,7,1,,16,,,6,10,29,,,13,5,,20,10,,,,,1,1,,,,2,,15,,,,,8,1,,13,12,18,2,20,10,2,10,1,,,13,11,,,7,7,,4,14,,,,,17,,1,2,,5,2,13,,,1,,,1,,,,,9,,9,2,7,2,,14,13,1,,12
1399,,19,,,,,,,4,13,,7,25,,19,,,7,6,2,,,17,12,,6,11,,,,,,8,,,,,,13,,8,,,5,8,,10,4,23,,19,10,12,12,,5,,5,1,,,21,9,,,13,,,,,17,,,,,14,,1,,3,,,,7,1,,,,1,,7,15,24,,,14,13,9,,3
1400,,,,,,,,,,,,,,,,,,,,,,1,,,,,,,,1,,,,,,,,,,,,,,,,,,,,,,,,,,,,,,,,,,,,1,,,,,,,,,,,,,,,,,,,,,,,,,,,,,,,,,,
1401,1,24,,2,2,4,,,3,12,,7,23,,17,,,5,9,24,,,11,4,,19,13,,,,,1,1,,1,,1,,15,1,12,1,2,,11,1,16,7,16,,2,11,7,15,,1,,13,,,1,13,1,,,11,2,3,2,,1,1,2,3,,1,,14,,,,11,12,8,1,,,,6,,1,14,24,,,2,12,10,,1
1402,,18,1,,,5,,,25,12,,8,10,,16,,,1,5,6,,8,13,1,,17,6,,,,,,6,,,,,,10,,7,,6,2,14,1,11,8,25,,8,5,11,17,,,,1,,,,7,8,,2,15,,,,,17,,,,,17,,17,,,2,1,23,7,,,,6,11,1,14,14,1,,,5,10,11,,4
1403,,,,,,,,,,,,21,,,6,,,,,,,,,1,,,,,,,,,,,,,,,,,,,,5,,2,,,,,,,,,,,,,,,,,16,1,,,,,,,,,,,,,,,4,,,,,,,,,1,12,,,,,,4,,,,,
1404,,,,,,,,,,,,,,,,,,,,,,,,,,,,,,,,,,,,,,,,,,,,,,,,,,,,,,,,,,,,,,,,,,,,,,,,,,1,,,,,,,,,,,,,,,,,,,,,,,,,,
1405,,11,,,,,,,23,,,,26,2,17,,,,,,,,14,,,21,13,,,,,,,,,,,,,,,3,7,3,18,,,,26,,19,12,,3,,,,13,,,,26,,,,,,,,,18,,,,,,,,,,,,,,,,,,14,,12,14,,,,,16,,,8
1406,,,,,,,1,,,,,,,,,,,,,,,,,,,,,,,,,,,,,,,,,,,,,,,,,,,,,,,,,,,,,,,,,,,,,,,1,,,,,,,,,,1,,,,,,,,,,,,,,,,,,,,
1407,1,16,,,,,,,22,10,,7,8,,19,,2,6,10,,,2,13,1,,19,11,,2,7,1,,6,,,,,,11,,,,,2,16,,11,10,1,,18,1,6,14,,2,,14,,,,25,9,,,15,,,,,13,,,,1,15,5,2,,,,,,10,,2,,,2,,7,6,14,,,14,15,10,,
1408,,,,,,,,,,,,,1,,,,,10,,,,,,,,,,,,,,,,,,,1,,,,,,,,,,,,,8,,,9,,,,,,,,,,,,,,,,,,,,,,,,,,,,1,,,,,,,,16,,,,,,,,,,1,
1409,,8,,,,,,,24,12,,10,15,,18,,,7,7,26,,10,1,13,3,4,13,,,,,,5,,,,,,5,,,,,11,17,,12,11,26,,16,1,10,8,,,,12,,,,25,8,,,1,,,1,,14,15,,,,18,,3,,,4,,16,12,,,,,14,,12,2,23,,,9,16,9,,8
1410,,23,,,,,,,,,,,,,1,,,,,,,,,,,,,,,,,,,,,,,,,,,,,,,,,,,,,,2,,,,,,,,,,28,,,,,,,,,,,,,,,27,,2,,,,,,,,,,,,,,,,,,,,
1411,1,22,,,1,,,,23,13,,12,,,20,,,10,16,30,,,18,15,,12,,,3,1,,,19,,,,,,13,,,,,12,17,,12,,29,1,2,8,15,14,,4,,1,,,,24,1,,,15,,,1,,16,,,,,12,,22,,,,13,,4,,,13,,,2,11,1,15,,,16,8,12,,5
1412,,,,,,,,,,,,,,,,,,,,,2,,,,,,,,,,,,,,,,,,,,,,,,,,,,,,,,,,,,,,,,,,,,,,,,,,,,,,,,,,,,,,,,,,,,,,,,,,,,,,,
1413,,,,,,,,,,,,,,,,,,,,,,,,,,,,,,,,,,,,,,,,1,,,,,,,,,,,,,,,,,,,,,,,,,,,,,,,,,,,,,,,,,,,,,,,,,,,,,,,,,,,,
1414,,1,,2,,,,,,,,,,,,,,,,,1,,,,,,1,,,,1,1,2,,,,,,,,,,,,,,,,,,,,2,,,,,,,1,,,,,,,,,,,,,,,,,,,,,,,,,,,,,,,,,,,,,,,,
1415,,,,,,,,,,,,,,,,,,,,,,,,,,,,,,,,,,,,,,,,,,,,,,,,,,,,,,3,,,,,,,,,,,,,,,,,,,,,,,,,,,,,,,1,,,,,,,,,,,,,,,
1416,,10,1,,,,1,,21,3,,7,4,,1,,,7,9,15,2,,12,14,,18,9,,1,,,,15,,,,,,1,,,,,11,17,,15,14,22,,18,11,11,11,,,,6,,,2,1,5,,,11,,,,,1,11,,2,,7,,17,,,,,,5,,,7,,12,,5,13,25,,,14,4,10,,10
1417,1,1,1,,,1,,,1,1,1,1,1,1,,1,1,,1,,1,1,,,,,,,1,,1,,,,1,1,,1,1,,,1,,,1,,1,1,,,,1,,,,1,1,,,,1,,,1,1,,1,1,,,,,1,1,,,1,,1,1,,,1,,,1,,1,,,1,1,1,,,,,,1,
1418,,,,,,1,,,,,,,,,,,,,,,,11,,,,,,,,,,,,,,,,,,,,,,,,,,,,,,1,,,,,,,,,,,,2,,,,,,,,,,,,,,,,,,,,,,,,,,,,,,,,,,,,
1419,,,,,,,,1,24,16,,10,,,18,,,,12,1,,,,16,,23,14,,,,,,24,,4,,,,7,,,1,,,1,,24,17,,,,1,,14,,,,17,,,,24,13,,,22,,,,,20,,,,,18,,18,1,,,,,11,,,,,15,,,26,,,,,,16,,10
1420,,2,,,,,,,22,7,,7,15,,4,,,8,10,2,1,,14,12,,,12,,,,,,4,,2,,,,14,,,,,13,16,,15,5,12,,19,8,7,14,,,,3,6,,,23,4,,,4,,,3,,7,,,,,9,,16,,,,,,1,,,,,2,,,17,21,,,17,7,7,,13
1421,,,,,,,,,,,,,,,,,,,,,,,19,,,,,,,,,,,,,,,,,,,,,,,,,,,,,,2,,,,,,,,,,25,,,,,,,,,,,,,21,,29,,,,,,,,,,,,,,,,,,,,,,
1422,,,,,,,,,,,,11,,,,2,,12,,,,,,,,,14,,,,,,,,1,,,,,,,,,14,,,,6,,,,,,15,,,,,,,,,,1,,5,,,,,,,,1,1,10,,1,4,,,,,,,,,,,,,,,,,,,,3,
1423,,,,,,,,,,,,,,,,,,,,,,,,,,,,,1,,,,,,,,,,,,1,,,,,,,,,,,,,,,,,,,,,,,,,,,,,,,,,,,,,,,,,,,,,,,,,,,,,,,,,,,
1424,,,,,,,2,,,,,,,,,,,,,,,,,,,,,,,,,,,,,,11,,,,,,,,,,,1,,,,,,,,,,,,,,,,,,,,,,,,,,,,,,,,,,,,,,,,,,,,,,,,,,,,
1425,,,,,,,,,,,,,,,,,,3,,,,,,,,,,,,,,,,,,,,,,3,,,,,,,,,,,,,19,,,,,,,,,,2,,,,,,,,,,,,,,,,,,,,,,,,,,,,,,,,,,,,,
1426,,,,,,,,,,,,,,,,,,,,,,,,,,,,,,,,,,,,,,,,,,,,,,,,,,,,,,,,,,,,,,,,,,,,,,,,,,,,,,,,,,,,,,,,,,,,,,,,,,,,
1427,,,,,,,,4,,,,,,,,,,,,,,,,,,,,,,,,,,,,,,,,,1,,,,,,,,,,,,,,,,,,,,,2,,,,,,,,,,,,,,,,,,,1,,,,,,,,,,,,,,,,,,,
1428,,,,,,,,,,,,,,,,,,,,,,,,,,,,,,,,,,,,,,,,,,,,,,,,,,,,,,,,,,,,,,,,,,,,,,,,,,,,,,,,,,,,,,,,,,,,,,,,,,,,
1429,,,,,,,,,,,,,,,,,,,,,,,,,,,,,,,,,,,,,,,,,,,,,,1,,,,,,,,,,,,,,,,,,,,,,,,,,,,,,,,,,,,,,,,,,,,,,,,,,,,,,
1430,1,4,1,1,,,1,1,1,1,1,,1,1,,,,1,,,2,,,,1,1,1,,,1,,,,,1,,,,,,1,,,,,1,1,,,,1,1,,,1,,,,1,1,1,1,1,,1,1,1,,1,1,,1,,2,1,1,,,,,1,1,1,,1,,1,,,,1,,,1,1,1,,,1,10
1431,0,0,0,0,0,0,0,0,0,0,0,0,0,0,0,0,0,0,0,0,0,0,0,0,0,0,0,0,0,0,0,0,0,0,0,0,0,0,0,0,0,0,0,0,0,0,0,0,0,0,0,0,0,0,0,0,0,0,0,0,0,0,0,0,0,0,0,0,0,0,0,0,0,0,0,0,0,0,0,0,0,0,0,0,0,0,0,0,0,0,0,0,0,0,0,0,0,0,0,0
1432,,,,,,,,,,,,,,,,,,,,,,1,,,,,,,,,,,,,,,,,,,,,,,,,,,,,,,,,,,,,,,,,,,,,,,,,,,,,,,,,,,,,,,,,,,,,,,,,,,,,,
1433,,,,,,,,,,,,,,,,,,,,,,,,,,,19,,,,,,,,,,,,,,,,,,,,,,,,,,,,,,,,,,,,26,,,,,,,,,,,,,,,25,,,,,,,,,,,,,,,,,,,,,,
1434,3,15,,,,2,,,,,,,,,20,,,7,12,,,,21,17,1,20,6,,,,,,,,,,,,4,2,,,,,17,,,12,1,,,,7,17,,,,9,,,,,,,,5,,,2,4,22,,,,,1,6,18,,,,11,,17,,7,,,,5,12,21,27,,,,1,,,2
1435,,19,,,,,,,22,14,,,26,,4,,,7,12,,,,14,,,,,,,2,,,13,,,,,,11,,,,,13,18,,16,,20,,,,17,13,,1,,1,,,,,,,,,,,,3,,,,,,,,21,,,,,,9,,,,,,,11,14,15,,,,5,7,,9
1436,,30,,,,1,,,,,,,,,,,,,,,,8,,,,,11,,,,,,,,,,,,,,,1,,,,,,,,,,,1,,,,,,8,,,1,1,,,3,,,,,7,,,,,,,,,,,,,,,,,,23,,,14,,2,,,,,,
1437,,3,,,,,,,25,10,,8,25,2,16,,,9,12,,,,15,1,,20,7,,,,,,19,,,,,,12,,4,,,6,18,,14,16,26,1,17,11,9,12,,,,11,,,,2,6,,,15,,,,,17,,,,,17,,19,,,,,,5,,,,,13,,9,25,,,,15,13,6,,9
1438,,,,,,,,,,,,,,,,,,,,,,,,,,,,,,,,,,,,,,,,,,,,,,,,,,2,,,,,,,,,,,,,,,,,,,,,,,,,,,,,,,,,,,,,,,,,,,,,,,,,,
1439,,1,,,1,2,1,,19,2,,7,1,1,20,,1,1,2,1,5,2,13,1,,19,9,1,,,1,1,19,1,,,,,7,,1,1,1,1,3,,1,8,3,5,2,1,1,1,,,1,6,1,1,1,1,1,,,4,2,1,,2,1,1,1,,,1,,1,1,,1,1,2,7,,,1,,1,,14,1,1,1,1,17,8,1,1,11
1440,,,,,,,,,26,10,,17,29,2,16,,1,11,11,35,,,18,16,,19,6,,,,,,25,,3,,,,10,,,,,12,18,,21,15,28,,20,13,,2,,,,12,,,,,8,,,20,,,,,18,,,,,17,,20,,,,,1,7,,,,,14,,5,21,26,,,15,11,13,,9
1441,4,14,,,,,,,27,,,14,,,19,,,6,7,,,,17,16,,19,14,,,,,,,,,,,,1,3,,,1,,20,,,,28,,,,,,,,,,,,,1,,,,4,,1,,,23,,,,,,,19,,,,,,2,,5,,,,1,,21,30,,,,14,,,10
1442,3,2,,,,1,,,26,12,,9,4,,19,,,2,2,26,,,12,,2,4,8,,,1,2,2,3,3,,,,8,16,,,,2,11,14,,17,3,1,,21,11,10,14,,,4,1,1,,1,2,9,,3,4,,5,,,,,,1,1,17,,16,3,8,2,,,1,1,,9,,12,,,6,2,1,3,12,7,12,,12
1443,,,,,,,,,,,1,,35,,,,,11,13,,,,,,,,,,,,,,,,,,,10,,,,,,,3,,,,,,,,3,,,,,,,,,,1,,,,1,,,,,,,,,,,,,,,,,,,1,,,,,,,,,,,,,,
1444,,29,,,,,,,,,,,,,21,,,,,,,,,,,,14,,,,,,,,,,,,6,,,,,,,,,,,,,,,,,,,,,,,,,,,,,,,,,,,,,,,,,,,,,,,,,,,,,,,,,,,,,
1445,,,,,,,,,,,,13,,,,,,,12,,,,,,,29,4,,,,,,,,,,,,,,,,,14,20,,,,,,,,10,,,,,4,,,,,28,,,,,,,,16,,,,,,,1,,,,,,,,,,,,,,,,,,18,,,,
1446,,,,,,,1,,,,,,,,,,,,,,,,,,,,,,,,1,,,,,,,,,,,,,,,,,2,,,,,,,,,,,,,,,,,,,,,,,,,,,,,,,,,,,,,,,,,,,,,,,,,,,,
1447,,21,,,,,,,19,9,,11,17,,10,,,6,5,27,,7,8,13,,1,10,,,,,,17,1,,,,,2,,,,4,5,16,,3,5,26,,9,11,13,16,,,,8,,,,24,8,,,8,,,,,13,,,,,11,,13,,,,,1,9,,,,,9,,12,12,1,,,12,14,11,,9
1448,,,,,,,,,,16,,,,,,,,,,,,,,,,,,,,,,,,,,,,,,,,,,,,,,,,,,,,,,,,,,,,,,,,,,,,,,,,,,,,,,,,,,,,,,,,,,,,,,,,,,
1449,1,5,,,,,1,,21,13,1,19,16,2,16,,,1,4,20,,,11,11,,9,8,,,,,3,19,,,,,,13,,,1,,3,6,,13,10,6,,3,9,2,9,1,,,3,,,,19,5,,,14,,,1,,20,,,,,3,1,15,,,,,1,8,,,1,,8,,14,12,2,,1,13,9,1,,6
1450,,,,,,,,,,14,,,1,,,,,,1,,,,21,15,,,,,,,,,,,,,,,19,,,,,,21,,,16,,,26,21,16,,,,,,,,,,,,,,,,,,,,,,,5,,,,,,4,,,,,,,13,2,,,1,,,,,12,,20
1451,,,,,,,,,,,,,,,,,,,,,,,,,,,,,,,,,,,,,,,,,,,,,,,,,,,,,,,,,,,,,,,,,,,,,,,,,,,,,,,,,,,,,,,,,,,,,,,,,,,,
1452,,,,,,,,,,,,,,,,,,,,,,,,,,,,,,,,,,,,,,,,,,,,,,,,,,,,,,,,,,,,,,,,,,,,,,,,,,,,,,,1,,,,,,,,,,,,,,,,,,,,,
1453,,,,,,,,,,,,,2,,,,,7,,,,,,,,,,,,,,,,,,,,,,,,1,,,19,,,,,,,,18,1,,,,,,,,,,,,,,,,,,,,,,,,,,,,,,,,,,,,,,,,,,,,,,
1454,,,,,,,,,,,3,,,,,,,,,,,,,,,,,,,,,,,,,,,,,,,,,,,,,,,,,,,,,,,,,,,,,,,,,,,,,,,,,,,,,,,,,,,,,,,,,,,,,,,,,
1455,,,,1,,,1,,,,,,29,1,1,,1,1,,3,,1,,,,1,,,1,,,,,2,,1,,,,1,,,1,,1,3,,,,,,1,20,,1,1,,1,,,,,2,,1,,,,1,1,2,,,,,1,,1,,1,,1,,,,1,,1,,1,,,,,1,1,,,1,
1456,9,16,,,,,,,23,10,,7,24,,17,,,2,3,14,,1,11,11,,17,11,,,,,9,13,,,,,,11,,,,,9,13,4,16,3,25,,16,8,8,14,,,,9,,,,20,5,,,7,,,,,19,,,,,2,,1,,,,,,9,,,6,,12,,6,15,26,,,13,7,4,1,11
1457,3,7,,,,,2,,29,11,,5,23,,1,,,6,2,24,,4,13,2,,19,10,,,,,,18,,,,,3,13,1,,,2,7,18,,15,11,3,1,15,10,13,9,,,,6,,,,17,6,,,6,,,,,18,,2,,2,16,,19,,,,1,12,2,,,16,,15,,10,16,21,,,1,14,12,,5
1458,,21,,,,,,,19,14,,12,13,,18,1,,8,10,28,,3,7,14,,18,8,,,,,,21,,,,,,12,,4,,,7,16,,16,13,22,,16,9,13,11,,,,12,,,,23,2,,,18,,,,,19,,,,,16,,15,,,,,21,6,,,,1,14,,15,14,26,,,16,11,14,,11
1459,,,,,,,,,,,,,,,,,,,,,,,,,,,,,,,,,,,,,,,,,,,,,,,,,,,,,,,,,,,,,,,,,,,,,,,,,,,,,,,,,,,,,,,,,,,,,,,,,,,,
1460,,18,,,,,,,23,13,,1,22,,18,,,6,12,22,,,15,7,,7,12,,,,,,20,,,,,,4,,,,,13,17,,16,11,25,,14,12,2,15,,,,5,8,,,20,4,,,13,,,,,20,,,,,8,5,19,,5,,10,,9,,,,,14,,9,14,11,,,4,12,9,,6
1461,,,1,,,,,2,,1,2,,13,,14,,3,,18,3,,,,13,,25,18,,,,,1,,,3,,1,,,,,,,,,,,15,28,,,,21,16,,,,13,,,,,12,,,13,,1,,,18,,,,,17,,,,,,,,,,,,,21,,,22,,,,,18,21,,10
1462,,,,,,,,,,,,,,,,,,,,,,,,,,,,,,,,,,,,,,,,,,,,,,,,,,,,,,,,,,1,,,,,,,,,,,,,,,,,,,,,,,,,,,,,,,,,,,,,,,,,,
1463,,1,,1,,,,1,1,10,,1,27,,17,,,1,1,26,,8,1,13,1,1,1,,1,6,,1,1,1,1,1,1,,3,1,1,,5,1,1,1,1,10,1,,1,2,10,1,1,1,1,4,,1,1,21,1,1,,1,3,,,2,,1,,1,1,12,,1,1,,1,1,1,10,,,1,1,1,1,1,1,1,1,1,1,11,1,1,1
1464,1,,,,,,,5,,,,,,,,,,,,,,,,,,,,,,,,,,,,,,,,,,,,,,,,,,,,,,,,,,,,,,,,,,,,,,,,,,,,19,,,,,,,,,,,,,22,,,,,,,,,,,
1465,,,3,,,,,1,,,,,,,,,4,,,,,,,,,19,,,,,,,,1,,,,1,,,,1,,,,,,,,,,,,,,,,,,2,,,,,,,,,,,,3,,,,,,1,,,,,,,,,,,,,,,,,,,,,,
1466,1,1,1,1,1,1,1,1,1,1,1,1,1,1,1,1,1,1,1,1,1,1,1,1,1,1,1,1,1,1,1,1,1,1,1,1,1,1,1,1,1,1,1,1,1,1,1,1,1,1,1,1,1,1,1,1,1,1,1,1,1,1,1,1,1,1,1,1,1,1,1,1,1,1,1,1,1,1,1,1,1,1,1,1,1,1,1,1,1,1,1,1,1,1,1,1,1,1,1,1
1467,,18,,,,,,,15,10,,4,2,,5,,,6,11,24,,,1,12,,9,7,,,,,,16,3,,,2,,11,,,,,10,13,,15,4,1,,18,8,10,6,6,,1,7,,1,,5,8,,,17,,,,,17,5,,,,5,2,17,,,,3,,8,,,,,12,,14,2,23,,,13,12,10,,9
1468,,,,,,,,,,,,,,,,,,,,,,,,,,,,,1,,,,,,,,,,,,,,,,,,,,,,,,,,1,,,,,,,,,,,,,,,,,,,,,,,,,,,,,,1,,,,,,,,,,,,,,,
1469,,,,,,,,,,,,,,,,,,,,,,,,,,,,,,,,,,,,,,,,,,,,,,,,,,,,,,,,,,,,,,,,,,,,,,,,,,,,,,,,,,,,,,,,,,,,,,,,,,,,
1470,,4,,,,,,,18,12,,7,24,,15,,,6,6,25,,,15,14,,18,9,,,,,,19,5,2,,,,3,,,,,11,11,,10,9,29,,12,2,1,16,,2,,8,,,,19,1,,4,16,,,,,15,,,,,13,,10,,,,,,13,,,,,15,,14,8,23,,,16,6,7,,9
1471,3,22,,,,,,,20,10,,8,25,,19,,,4,1,14,,,11,13,3,1,7,,,5,,3,18,,,,,7,16,,,,,11,9,,3,11,23,,19,10,12,16,,,3,13,,,,20,8,,2,3,,,,,20,4,,,,16,,12,,7,,,,9,,,,,14,,4,11,2,,3,13,13,11,,11
1472,,,,,,,,,,,,,,,,,,,,,,,,,,,,,,,,,,,,,,,,,,,,,,,,,,,,,12,,,,,,,,,,,,,,,,,,,,,,,,,,,,,,,,,,,,,,,,,,,,,,,
1473,,,,,,,,,,,,,,,,,,,,,,,,,,,,,,,,,,,,,,,,,,,,,,,17,,,,,,19,,,,,,,,,,,,,,,,,,,,,,,,2,,,,,,,,,,,,1,,,,,,,,,,,
1474,,,,,,,,,,,,,,,,,,,,,,1,,,,,,,,,,,1,,,,,,,,,,,,,,,,,1,,,,1,,,,1,1,,,,,1,,,,,,,,,,1,,,,,,,,,,,,,,,1,,,,2,,,,,4,,
1475,,,,,,,,,,,3,,,,,,,,,,,,,,,,,,,,,,,,,1,,,,,,,,,,,,,,,,,,,,,,,,,,,,,,,,,,,,,,,,,3,,,,,,,,,,,,,,,,,,,,,,,
1476,,,,,,,,,,,,17,1,,19,,,1,,31,,,1,16,,24,10,,,,,,,,,,,,,,,,,22,16,4,15,14,,,18,13,5,21,,4,,1,6,,1,22,11,,,17,,,,1,19,1,,1,,20,,24,,,1,2,,3,,2,16,,16,,17,2,,,1,18,19,15,,9
1477,3,11,,1,,,,4,29,16,,2,,,18,,,12,,1,,,,,,4,16,,,,,,21,,,,,,,,,,,,18,1,,,29,,11,19,18,,,,,14,,1,,,20,,,16,,,3,,18,3,,,,18,,20,,,,,,16,,,,,,,13,25,32,,,,3,14,,14
1478,,30,,,,,,,,,,,31,,,,,8,,,,,,,,,1,,,,,,,1,,,,,,5,,,,,,,,,,,,,4,,,,,,,,,7,,,,,,,,,,,,,,,,,,,,,1,,,,,,,,,,,,,,,,,
1479,,,,,,,,,,,,,,,,,,,,,,,,,,,,,,,,,,,,,,,,,,,,,,,,,,,,,,,,,,,,,,,,,,,,,,,,,,,,,,,,,,,,,,,,,,,,,,,,,,,,
1480,1,4,,,,,,2,21,13,,6,13,,17,,,3,11,23,,,15,12,,20,10,,,,,,21,,2,1,,,13,,,,,9,14,,15,7,1,,15,13,12,3,,,1,4,7,,,22,3,,,13,,,1,,17,,,,,4,,18,,,,,,3,,,1,,13,,3,13,7,,,2,8,11,,10
1481,,,,,,,,,,,,,,,,,,,,,,,,,,,,,,,,,,,,,,,,,,,,,,,,,,,,,,,,,,,,,,1,1,2,,,,,,,,,,,,,,,,,,,,,,1,,,,,,,,,,,,,,
1482,,,,,,,,,,,,,,,,,,,,,,,,,,,,,,,,,,,,,,,,,,,,,,,,,,,,,,,,,,,,,,,3,,,,,,,,,,,,,,,,,,,,,,,,,,,,,,,,,,,,,
1483,1,17,,,1,,,,22,11,,7,20,,20,4,,9,1,29,,2,7,7,2,18,9,,,1,,,16,1,,,,,15,,,,,10,14,,8,11,27,1,1,6,12,1,,1,,12,,,,25,7,,,8,,,,,12,14,,,,13,,18,,8,,,19,2,1,,,,9,,14,2,13,,,9,4,12,,5
1484,,10,1,,1,,3,,6,2,1,7,3,,14,,,15,3,27,,,1,2,,1,11,,,,,,5,,,,3,,7,,,,,9,17,,13,4,26,1,4,3,13,14,,,1,9,,,,22,6,,,17,,3,,,17,,,,,16,,24,,,1,1,,8,,2,,,13,1,11,11,20,,,10,11,9,,6
1485,,6,,1,,,,,20,1,2,11,5,,14,,,2,11,29,,,17,4,,19,12,,,10,,,17,,,,,,6,1,,,,2,15,,14,11,24,,1,11,12,14,2,,,10,,,,26,7,,,15,,,,,18,,,,,4,,18,,1,,3,,10,,,11,2,11,,12,16,24,,,16,2,5,,12
1486,,1,,,,,,,27,15,,,,,7,,,13,,,,,,,,,,,,,,,23,1,,,4,2,16,2,,,,,,4,3,,1,5,,,2,4,4,,2,,,,,,1,1,1,,,,,,,,,3,,20,,3,1,,,,3,3,,,,,16,,13,2,,4,,2,,,,
1487,,,,,,,,,,,,,,,19,,,,,,,,,,,,13,,,,,,,,,,,,,1,,,,,,,,,,,,12,,,,,,,,,,3,,,,,4,,,,,,,,,,,,,,,,,,,,,,21,,,,1,,,,,,,12
1488,3,11,,,,,,,28,11,,6,11,,15,,,6,1,11,,,9,8,,19,10,,,1,,,1,,,,,1,14,,,,,8,14,,11,4,25,,17,10,9,17,,,,1,,,,1,5,,,7,,,4,,18,,,,,16,2,14,,,,,,3,,,,1,11,,8,4,21,,,8,14,8,,10
1489,,,,,,,,,,,,,,,,,,,,,,,,,,,,,,,,,,,,,,,,,,,,,,,,,,,,,,,,,,,,,,,,,,,,1,,,,,1,,,,,,,,,,,,,,,,,,,,,,,,,,,
1490,,,2,,,,,,,,,1,,,1,,1,,,,,3,,,1,,,,,,,1,,,,,,2,,2,,,,,,,,,,,1,,,,1,,,,,,,,,,,,,,,,,,,,,,,,,,,,,,,,2,,,,,,,,,,,,,
1491,,2,,,,3,,,1,13,,7,23,,2,,,4,7,21,,,13,4,,16,10,,,,,,17,,,,,,10,,,,,11,11,,14,6,23,,15,5,8,14,,,,2,,,,21,5,,,14,,,1,,12,1,,,,15,,17,,,,,,6,1,,2,,4,,5,12,25,1,,13,2,9,1,8
1492,2,26,,,,,,,,14,,,27,,,,,1,,,,,,,,,,,,,,,,,,,,,,,3,,,,19,,,,,,,,19,2,,,,,,,,,,,,,,,,,,,,,,,,,7,4,,1,1,,,,,,,,,13,,,,17,,,,13
1493,,,,,,,,,,,1,,,,,,,,,,,,,,,,,,,,,,,,,,,1,,,,,,,,,,,,,,,,,,,,,,,,,,,,,,,,,,,,,,,,,,,,,,,,,,,,,,,,,,,,,,
1494,,,,,,,,,,,,,,,,,,,,,,,18,,,,,,,,,,,,,,,,,,,,,,,,,,,,,,7,,,,,,,,,,30,,,,,,,,,,,,,,,26,,,,,,,,,,,,,,,,,,,,1,,
1495,,,,,,,,,,,,,,,,,,,,,,,,,,,,,,,,,,,,,,,,,,,,,,,,,,,,,,,,,,,,,,,,,,,,,,,,,,,,,,,,,,,,,,,,,,,,,,,,,,,,
1496,,,,,,,,,,,,,,,,,,,,,,,,,,,,,,,,,,,,,,,,,,,,,,,,,,,,,,,,,,,,,,,,,,,,,,,,,,,,,,,,,,,,,,,,,,,,,,,,,,2,,
1497,11,6,1,,,,,,,12,,12,14,,20,,,9,11,27,,,,16,,18,,,,,,,,,,,,2,9,,,,,,,,,10,22,,,3,15,,,5,,,,,,,9,,,,,,,,,,,,,,,,,,,,,,,,,,17,,,15,,,,15,12,,,
1498,2,18,1,,,2,2,,2,1,1,2,22,,1,5,1,1,2,25,1,3,9,3,6,18,10,,4,2,,,20,2,,,,1,10,,,3,,5,15,2,1,1,28,,2,12,5,1,,,,13,2,,,2,1,1,3,18,,,,,17,16,1,,,18,1,17,1,11,,,2,8,4,,14,,13,1,14,3,14,,2,3,3,13,,1
1499,,,,3,,,,,,,,18,,,4,,,,,,,,,,,,,,,,,,,,,,12,,,,,,,3,,1,,,18,,,,,,,,,,,,,,14,,,,,,,,,,,,,,,,2,,,,,,,,,,15,,,,,,3,,,,,20
1500,,,,,,,,,,,,,,,,,,,,,,,,,,,,,,,,,,,,,,,,,,,,,,,,,,,,,,,,,,,,,,,,,,,,,,,,,,,,,,,,1,,,,,,,,,,,,,,,,,,2,,
1501,,10,,,,,,,22,12,,7,23,,5,,,10,,38,,,13,6,,19,11,,,,,,21,,,,,,8,,,,2,12,9,,15,9,27,,15,10,,17,,3,,3,8,,,9,8,,4,17,,,,,19,,,,,2,,15,,10,,,,8,,,,,12,,10,16,9,,,13,12,12,,5
1502,,,,,,,,,,,,,,,,,,,,,,,,,,,,,,,,,,,,,,,,,,,,,,,,,,,,,,,,,,,,,,,,,,,,,,,,,,,,,,,,,,,,,,,,,,,,,,,,,,,,
1503,,,,,,,,,,,,,,,,,,,,,,,,,,,,,,,,,,,,,,,,,,,,,,,,,,,,,,,,,,,,,,,,1,,,,,,,,,,,,,,,,,,,,,,,,,,,,,,,,,,,,
1504,,,,,,,,,,,,,,,,,,,,,,,,,,,,,,,,,,,,,,,,,,,,,,,,,,,,,,,,,,,,,,,,,,,,,,,,,,,,,1,,,,,,,,,,,,,,,,,,,,,,,
1505,,,,,,,,,,,,,,,,,,,,,,,,,,28,,,,,,,,,,,5,,,,,,,,,,,8,,,,13,20,,,,,10,,,,,,,,19,,,,,,,,,,,,,,,,,,,,,,,,,,,,,,,,,,18
1506,,1,,,,,,,,,1,,,,,,,,,,1,3,,,,,,,,,,,1,,,,,,,,,,,,,,,,,,,,,,,,,,,,,,,,,,,,,,,,,,,,,,,,,,,,,,,,,,,,,,,,,,,
1507,,,,,,,,,,,,,,,,,,,,,,,,,,,,,,,,,,,,,,,,,,,,,,,,,,,,,,,,,,,,1,,,,,,,,,,,,,,,,,,,,,,,,,,,,,,,,,,,,,,,,
1508,,,,,,,,,,,3,,,,,,,,,,,,,,,,,,,,,,,,,,,,,,,,,,,,,,,,,,,,,,,,,,,,,,,,1,,,,,,,,,,,,,,,,,,,,,,,,,,,,,,,,,
1509,,18,,,,4,,,19,5,,9,13,,14,,,3,3,8,,,3,13,,16,9,,,,1,,15,,,,,,12,,,,,10,17,,2,2,23,,19,1,8,16,,2,,12,,,,24,3,,2,11,,,,,10,3,,3,,1,,17,,5,,11,22,4,,,21,,10,,11,13,15,,,16,13,13,,7
1510,,,1,,,,,,,1,1,,1,,1,,4,,,,,1,2,,,,1,,,,,,,,,,,,,,,,,,,,,,1,1,,,1,,,,,1,,,2,,,,,1,,,,,1,,,,,,,,,,,,1,,,,1,,,,,,,,,,,,,
1511,,1,,,,,,,,,,,,,,,,,,,,,,,,,,,,,,,,,,,,,,,,,,,,,,,,,,,,,,,,,,,,,28,,,,,,,,,,,,,,,29,,,,,,,,,,,,,,,,,,,,,,
1512,,,,,,,,,,,,,,,,,,,,,,,,,,,,,,,,,,,,,,,,,,,,,,,,,,,,,,,,,,,,,,,,,,,,,,,,,,,,,,,,,3,,,,,,,,,,,,,,,,,,,
1513,3,4,,,,,,,9,6,3,11,23,,18,,,9,8,14,,,15,8,,18,13,,,,,,20,,,,,,12,,,,,11,17,,14,12,27,1,18,14,6,17,2,,,4,,,,,3,,,10,,,,,15,,,,,16,6,16,,4,,,,7,,,,,14,,4,14,8,,,13,7,12,,1
1514,,,,,,,,,,,,,,,,,,,,,,,,,,,,,,,,,,,,,,,,,,,,,,,,,,,,,,,,,,,,,,,,,,,,,,,,,,,,,,,,,,,,,,,,,,,,,,,,,,,,
1515,,,,,2,,,,,,1,,,,,,,,,,,,,,,,,,,,,,,,,,,,,,,,,,,,,,,,,,,,,,,,,,,,,,,,,,,,,,,,,,6,,,,,,,,,,,,,,,,,,,,,,,
1516,,17,,,1,,,,14,7,,1,23,,19,,,5,2,23,,,6,14,,12,5,,,,,,15,,,,,,10,,,,,4,14,,13,7,24,,7,2,10,1,,,,11,,,,2,7,,,2,,,,,15,,,,,4,,19,,,,,,7,,,,,4,,12,15,23,2,,11,10,10,,3
1517,,6,,9,,,,1,23,12,,1,27,,17,,,4,3,21,,,14,14,,15,11,,,,,,20,1,,,,,14,,,,,9,17,,1,13,14,,18,3,12,15,,3,,11,,,1,19,8,,,14,,,,,18,,,,,14,,13,,6,,,17,11,,,,,10,,13,17,13,,1,15,1,12,,11
1518,,,,,,,,4,24,12,,14,5,,18,,,,,35,,,7,,,,,,5,,,,24,2,,2,,,,,,,,13,,,20,13,31,,32,10,13,16,,,,13,9,,,25,11,,,25,,,,,,,,,1,,,19,,,,,,8,,,,,,,2,,,2,,11,15,16,,11
1519,,21,,,,,,,28,10,,4,23,,16,,1,7,7,29,,,16,13,,1,11,,,,,,4,,,,1,,4,,,,,12,19,,14,12,4,,13,11,9,12,,3,,14,,,,20,4,,,13,,,,,20,,,,,17,,20,,,2,5,,,,,1,,14,,14,8,23,2,,13,17,10,,10
1520,,7,,,,,,,19,11,,8,26,1,18,,,5,12,1,,1,2,8,,1,5,,,,,,13,,,,,4,8,,,,,11,7,,16,9,24,,1,7,4,13,,3,,8,,,,,4,,,14,,,,2,15,10,2,,,17,,21,5,,,,,9,1,,13,,3,,9,19,3,,,16,12,9,,12
1521,,20,1,,,,,,11,15,,18,,,22,,,3,12,1,1,,16,11,,2,1,,,7,1,,24,,,,,,15,,3,,,,21,,17,15,22,,22,1,12,16,1,,,14,8,,,,14,,,19,,,,1,20,3,,,,20,1,16,,,,,,11,,,,,12,1,9,26,27,,,13,,13,,11
1522,,17,,,,,,,21,13,,6,25,,12,,,8,9,21,,,15,,,19,9,,,,,,19,2,,,,,1,,,,3,2,1,,11,11,20,,13,1,1,10,,,,8,,,,13,7,,,9,,3,,,13,,,,1,15,,15,4,,,,,5,,,,2,17,,3,16,21,,,3,13,10,,4
1523,,20,,,,,,,2,13,,11,7,,3,1,,9,9,31,,,17,4,,11,2,,,5,,,2,4,2,,,,12,,,,,10,19,,22,4,19,,16,8,16,1,,,,6,,,,23,8,4,,8,,5,,,14,,1,,,19,,20,,,,,,9,,,,,2,1,4,17,24,,,13,8,3,,4
1524,,8,,,,,,,5,6,,8,2,,1,5,,1,1,15,,,14,8,,5,6,,,7,6,,4,,,,,,11,,1,1,,2,17,5,15,1,7,,19,7,14,14,,,1,10,1,,,21,6,,,4,,1,,,20,10,,,1,17,1,4,,8,,,,1,2,,8,1,10,,12,2,21,,1,17,7,9,,10
1525,,,,,,,,,,,,,,,,,,,,,,,,,,14,,,,,,,,,,,,,,,,,,,,,,,,,,,,21,,,,,,,,,,,,,,,,,,,,,,,,,,,,,,,,,,,,,,,,,,,,,,
1526,,,,,,,,,,,,,,1,,,,,,,,,,,,16,,,,1,,,,,,,,,,,,,,,,,,,,,,,,,,,,,,,,,1,,,,,2,,,,,,,,,,,,,,,,,,,,,,,,,,,,,,,,
1527,,20,,,,,,1,,11,,11,25,,20,,,2,11,31,,,2,17,,20,9,,,,,,5,,,,,,,,,,,21,20,,13,2,,,17,12,7,14,,5,,13,,,,21,9,,,10,,,,1,20,,,,,2,,24,,,,,,5,,,15,,13,,16,3,30,,,17,20,13,,7
1528,,2,,,1,,,,20,11,,9,,,13,,,7,10,24,,,15,2,,3,13,,,,,,16,,,,,,7,,,,,8,15,5,15,11,22,,19,9,17,12,,,,2,,,,22,5,,5,15,,,2,,18,7,,,,13,,18,,1,,,,2,,,,,13,,13,5,26,,,3,10,13,,8
1529,,,,,,,,,,,,,30,,,,,,,,,,,,,,,,,,,,,,,,,,,,,,,,,,,,,,,,,,,,,,,,,,,,,,,,,,,,,,,,,,,,,,,,,,,,,,,,,,,,,,,
1530,,16,,6,,1,2,,3,9,,1,27,,18,,,8,10,16,4,,15,12,,9,5,,,,,,18,,,,,,13,,1,,2,8,11,,12,10,15,,7,6,7,14,,,1,8,,,,3,1,,,9,,,,,1,,,,,16,,8,,,,,,11,2,,10,,15,,9,13,24,2,,9,12,11,,7
1531,,,,,,,,,,,,,,,,,,,,,,,,,,,,,,,,,,,,,,,14,,,,,,2,,,,,,,,2,,,,,,,,,,,,,,,,,,,,,,,,,,,,,,,,,,,,,,,16,,,,,,,,
1532,,4,2,,,,,,1,12,1,8,1,,18,,,9,10,5,1,,15,4,,9,9,,1,11,,,11,,,,,,13,,,,,10,17,,1,10,20,,19,10,3,17,2,,,12,,,,8,5,,,16,,,,,1,,,,,15,,17,,,,,2,2,,,3,,1,,3,8,4,,,16,12,6,1,1
1533,,,,,,,,,,,,,,,,,,,,,,,,,,,,,,,,,,,,,,,,,,,,,,,,,,,,,,,,,,,,,,,,,,,,,,,,,,,,,,,,,,,,,,,,,,,,,,,,,,,,
1534,,,,,,,,,,18,,,,,25,,,9,9,,,,,,,,,,,,,,,,,,,,,,,,,,,,,,,,,,,,,,,,,,,,,,,10,,,,,,,,,,,,25,,,,2,,,,,,,,,,,,,,12,,,,21
1535,,19,,,,,,,8,14,,3,25,,1,,,13,3,1,2,,16,16,4,17,10,,1,,,,20,,,,,,16,,1,,,4,18,,4,10,27,,3,10,3,6,,,,13,,,,22,6,,,7,,,,,15,,,,2,18,,3,,,3,,,3,2,,,,12,,15,16,12,,,15,15,12,,1
1536,,,,,,,,,,,,,,,,,,,,,,,,,,,,,,,,,,,,,,,,,,,,,,,,,,,,,,,,,,,,,,,,,,,,,,,2,,,,,,,,,,,,,,,,,,20,,,,,,,,,,,
1537,,21,,,,,3,,25,,,13,,,19,,,,,,,,17,2,5,,10,,3,1,,,19,,,,,,,,,,,14,18,,17,,29,,19,11,4,,,,,,,,,1,10,,,17,,,,,19,,4,,,17,,21,,,,,,7,,,,,16,,13,22,,,,2,2,17,,12
1538,,20,,,,1,1,,22,16,1,1,27,,15,4,,10,1,3,,7,11,11,,14,7,,,,,,3,,,1,,,10,,,,,5,14,,14,10,20,,20,9,9,15,,,,6,,,,15,1,,,3,1,,,,2,4,,,,15,,16,1,,,,,10,,,1,3,10,,9,14,1,,,14,14,3,,8
1539,,1,,,,,6,,5,6,,6,1,,21,4,,3,2,24,2,,3,16,,18,13,,,,3,,14,,2,,,9,12,1,,,1,10,2,,10,9,24,,20,10,6,10,,,,4,,1,,19,7,,,1,,1,,,1,,,,,16,,15,,,,,,8,,,,1,2,3,12,12,14,,,5,11,13,,2
1540,,21,,,,,,,19,14,,,,,17,,6,12,,32,,,13,16,,12,1,,,,5,,17,,,,,,13,,,,,3,16,,12,3,26,,17,1,13,15,,,,,,,,23,2,3,,20,1,,,,,,,,,3,,23,,4,,12,,9,,,,,,4,9,,13,,,15,1,15,,10
1541,,,,,,,,,,,,,,,,,,,,,,,,,,,,,,,,,,,,,,,,,,,,,,,,,,,,,,,,,,,,,,,,,,,,,,,,,,,,,,,,,,,,,,,,,,,,,,,,,,,,
1542,,20,,,,,,,24,10,2,5,25,,15,,,8,2,30,,,14,7,,18,15,,,,,,6,,,,,,10,,8,,,13,13,,8,11,1,,8,10,10,17,,,,11,,,,8,7,,,18,,,,,19,5,,1,,12,,17,4,,,,,9,,,,,15,,9,3,3,,,10,4,10,,2
1543,,,,,,,,,,,,,,,,,,,,,,,,,,,,,,,,,,,,,,,,,,,,,,,,,,,,,,,1,,,,,,,,,,,,,,,,,,,,,,,,,,,,,,,,,,,,,,,3,,,,,,
1544,3,15,,,,3,,,26,,,11,,,18,,,10,8,,,,6,17,,22,15,,,,,,,,,,,,5,1,,,6,,21,,,,15,,,,,,2,,,1,,,,,,,,6,,,,3,22,,,,,21,,17,1,,,,,16,1,6,,,15,4,13,1,25,,,,17,,,2
1545,,,,,,,,,,,,,26,,,,,,,,,,,,,,,,,,,,,1,,,,,,,,,,,,,,,,,,,17,,,,,,,,,,,,,,,,2,,,,,,,,,,,,,,,,,,,,,,,,,,,,,,,
1546,,,,2,,,1,1,,,1,2,,1,3,1,,,,,,1,,,,,,,,,,,,,,,11,1,,,,,1,4,1,1,,1,,1,1,,,,,,,2,1,,,1,13,1,,,2,,,1,,,,,,,,,3,,,1,,,,,,1,16,,,,,1,2,,,,1,
1547,,19,,10,,,1,,2,11,3,3,2,,20,,,1,6,26,,,15,5,,17,11,1,2,,,,19,,,,,,4,,7,,,7,9,,12,11,24,,19,9,9,16,,,,2,,,,19,7,,,18,,,,,17,,,,,5,4,13,,,,,,8,,,,,15,,11,9,5,,,5,2,11,,4
1548,,,,,,,,,,,,,,,,,,,,,,,,,,,,,,,,,,,,,,,,,1,,,,,,,,,,,,,,,,,,,,,,,,,,,,,,,,,,,,,,,,,,,,,,,,,,,,,,,,,,,
1549,,,,,,,,,,,,,,,,,,,,,,,,,,,,,,,,,,,,,,,,,,,,,,,,,,,,,,,,,,,,,,,,,,,,,,,,,,,,,,,,,,,,,,,,,,,,,,,,,,,,
1550,,,,,,,1,,,,,,,,,,,,,,,,,,,,,,,,,,,,,,,,,,,,,,,,,,,,,,,,,,,,,,,,,,,,,,,,,,,,,,,,,,,,,,,,,,,1,,,,,,,,,,
1551,,19,1,,3,,,,13,6,,6,25,,14,,,5,9,29,,,13,12,,3,2,,,,,,20,,3,,,,12,,,,,12,17,2,9,5,21,,15,2,5,15,3,,,10,,,,19,9,,,13,,,,,16,,,,,9,1,17,,7,,,,4,,,,,11,,14,10,19,,,14,7,12,,3
1552,,,,4,,,,,,,,17,25,,19,,,,13,39,,,,,,18,,,,,,,1,,,,6,,,,,,,24,21,,,13,,,,,5,,,,,,11,,,26,13,,1,24,,,,,,,,,,21,,22,,,,,,3,,,,,16,,1,,,,,15,19,1,,19
1553,,20,,,,,,,23,,,11,,,,,,7,,29,,,16,,,12,10,,,,,,22,,,,,,12,,,,,11,19,,15,2,27,,,12,,,,,,13,,,,,25,,,13,,,,,,,,,,13,,23,,,,,,,,,,,12,,,,,,,,16,7,,
1554,,17,,,,,,,22,10,,6,19,2,13,,,8,7,1,,,15,1,,3,3,,1,1,,,3,,,,,,12,,,,,10,16,,13,9,14,,15,11,6,4,,,,6,,,,22,6,,,16,,1,,1,1,,5,,,11,2,2,,,,,,8,,,,,14,,15,14,14,,,14,13,10,,9
1555,,,,,,,,,,,,,,,,,,,,,,,,,,,,,,,,,,,,,,2,,,,,,,,,,,26,,,,6,,,,,,,,,,29,,,,,,,,,,,,,,,,,,,,,,,,,,,,,,,,,,,,,
1556,5,6,,,,,,3,1,12,,8,14,6,3,3,1,1,3,21,,,11,6,,18,10,,,,,5,19,,,,,,12,,11,,,6,14,,5,5,26,,3,11,1,2,1,,,4,,,,20,5,,,11,,,5,,17,,,,,4,,3,,,,,,1,,,2,,14,,10,14,6,,,13,8,10,,11
1557,7,14,,,,,,,1,11,,8,25,,15,,,4,9,18,,,1,7,,4,3,,,,5,,3,,1,,,,12,,,,,12,17,,1,7,21,,17,10,1,11,,,,9,,,,21,5,1,,3,,,,,6,,,,,15,,3,,2,,5,,9,,,1,2,9,,14,15,20,,,15,6,11,,9
1558,1,14,,,1,,2,1,26,13,4,12,,2,1,,,2,13,,1,1,1,,1,1,1,1,,,,,15,,1,,1,3,2,,,1,1,20,18,,,2,1,,1,11,10,19,2,2,1,2,1,,1,,1,,,17,2,,2,,1,1,1,,1,1,1,1,2,1,1,2,1,1,1,1,1,,1,,2,1,1,1,1,1,12,1,,1
1559,,,,,,,3,,7,14,,7,23,,15,,,3,8,25,,,13,13,2,18,4,,,,4,,17,,,,,,2,,,,,8,13,,1,7,1,,5,9,11,13,,,,10,,,,5,6,,,16,,,,,17,1,,,,17,,15,,,,,3,8,,,,,11,,6,18,13,,,11,2,10,,11
1560,1,1,1,1,1,1,1,1,1,1,1,1,1,1,1,1,1,1,1,1,1,1,1,1,1,1,1,1,1,1,1,1,1,1,1,1,1,1,1,1,1,1,1,1,1,1,1,1,1,1,1,1,1,1,1,1,1,1,1,1,1,1,1,1,1,1,1,1,1,1,1,1,1,1,1,1,1,1,1,1,1,1,1,1,1,1,1,1,1,1,1,1,1,1,1,1,1,1,1,1
1561,,21,,,,,,,,16,,8,,,22,,,,13,33,,,21,16,,24,19,,,6,,,21,,,,,1,18,,,,,15,19,,20,12,25,,25,,17,16,,1,,12,,,,,10,,,5,,,,,1,,,,,19,,20,,,,,,12,,,,,12,,9,21,,,,15,19,13,,16
1562,1,32,,,1,,,,,,,2,12,,1,,,,,9,,,,,,,12,,,,,,11,,,,,,,,1,,2,,,1,9,,17,1,,,,3,,,,,,,,,8,,1,,,,,,,,,,,18,,,7,1,1,,,,,,,,10,,10,,21,,7,,11,,,10
1563,,21,,,,,,,21,12,1,8,3,,14,,,8,2,10,,,14,13,,15,7,,,,,,16,,,,,10,11,,,,,8,15,,12,8,24,,18,8,1,12,4,,,9,,,,22,2,,,2,,,,,1,,1,,,17,1,11,,,,11,,3,3,,,,11,,1,18,20,2,,14,12,2,,11
1564,4,14,,,,,,,26,,,,,,20,,,9,11,,,,20,17,1,,8,,,,,,,,,,,1,1,2,,,,,22,,,,29,,1,,,,1,,,,,,,,,,,3,,,,,21,1,,,,24,1,19,,,1,,,14,,4,,,,,,25,28,,,,1,,,4
1565,,,,2,,,,1,,,,,,,,,,,,,,,,,,,,,,,,,,,,,,,,,,,,,,,,1,,,,,,,,,,,,,,,,,,17,,,,,,,,,,,,,,,,,,,,,,,,,,,,,,,,,,
1566,,28,,,,,,,23,,,9,35,,,,,9,13,,,,13,,,,,,,,,,,,,,,7,,,,,,,,,,,,,,,12,,,3,,,,3,,,,,,,,,,,,,,,,,,,,,,,4,,,,,,7,,,15,,,,,,,,
1567,,,,,,,,,,,,,,,,,,,,,,,,,,,18,,,,,,,,,,,,,,2,,,,,,,,,,20,10,,,,,,,,,,,22,,,20,,,,,,,,,,,,3,,,,,,,,,,,,,,,,,,,,,,
1568,,,,,,,,,,,,,,,,,,,,,,,,,,,,,,,,,,,,,,1,,,,,,,,,,,,,,,,,,,,,,,,,,,,,,,,,,,,1,,,,,,,,,,,,,,,,,,,,,,,,,,
1569,,,,,,,,,,,,,,,,,,14,,,,,,,1,,,,,,,,,,,,,,,,,,,,,,,,,,,,,,,,,,,,,,,,,,,,,,,,,,1,,,,,,,,,,,,,,,,,,12,,,,,,,
1570,,18,,,,,,,1,13,,9,21,,3,1,,6,11,28,,,17,7,,19,8,,,,1,2,17,2,,,,,17,,,,,13,15,1,13,12,29,,19,10,13,13,,1,,7,,,,24,7,,,15,,,,,14,,4,,,12,,2,3,,,,,9,,,,,13,,13,19,25,,,14,14,10,,6
1571,5,18,,,,,,5,23,11,,1,17,,16,,,8,1,24,,,12,13,,3,11,,,,,,16,,,,,,9,,,1,,4,14,1,13,9,18,,18,10,9,14,,,,12,3,,,21,2,,1,13,,,4,,16,,,,,10,,16,,,,,,7,3,,13,,10,,12,15,26,,1,2,13,10,,11
1572,2,14,,,,,,,19,14,3,6,1,,16,,3,7,2,26,,,12,5,2,14,9,,,7,3,,16,,,,,,4,,,,,2,12,,15,9,26,,17,6,11,14,,,,15,,,,26,5,,,14,,,,,12,,,,3,16,,17,3,9,,15,,8,3,,9,,6,,6,14,9,3,,14,5,2,,3
1573,,,,1,,,,,,,,,,,,,,,,,,,,,,,,,,,,,1,,,,,,,,,,,,,,,,,,,,,,,,,,,,,,,,,,,,,,,,,,,,,,,,,,,,,,,,,,,,,,,,,,,
1574,,,,,,,,,,,,,,,1,,,,,,,,,,,,,,2,,,,,,,,,,,,,,,,,,,,,,,,,,,,,,,,,,,,,,,,,,,,,4,,,,,,,,,,,,,,,,,,,25,,,,,,,
1575,,25,,,,,,,,,,,,,,,,,2,,,,,,,,,,,,,,,,,,,,,,,,,,,,,,,7,,11,8,1,,,,,,,,23,,,,18,,,,,8,,,,,,,,,,,,,,,,,,15,,,,,,,,,,,
1576,,,,,,,,,,,,,,1,,,,,,,,,,,,,,,,,,,,,,,,,,,,,,,,,,,,,,,,,,,,,,,,,,,,,,,,,,,,,,,,,,,,,,,,,,,,2,,,,,,,,,,
1577,,19,,,,,,,,,,,,,,,,,,30,,,,,,,,,,,,,,,,,,,,,,3,,,,,,10,,,,,,,,,,,,2,,,,,,,,,,,,,,,,,,,,,,,6,,,,,,,1,,,,,,,,2,,
1578,,,,,,,,,,,,,,,,,,,,,,,,,,,,,,,,,,,,,,,,,,,,,,,,,,,,,,,,,,,,,,,,,,,,,,,,,,,,,,,,,,,,,,,,,,,,,,,,,,,,
1579,,,,,,,,1,,,,12,,,,,,,1,1,,,23,,,,1,,,,,,23,,,1,,,,,1,,,,,,,,28,,,,,,,,,,,,,,30,,,14,2,,,,,,,1,,,,27,,4,,,,,,,,1,13,,1,,,,,,17,,,13
1580,,19,,,,,1,,1,13,,4,16,,17,,,8,4,20,,,12,13,,10,10,,,,,2,1,,,,,,10,,1,,,9,14,4,1,11,23,,19,4,1,19,,,,11,,,,19,2,,1,12,,,3,,19,11,,,,17,,12,,,1,,,10,,,,,15,,16,1,15,,,18,15,4,,3
1581,1,1,1,1,1,1,1,1,1,1,1,1,1,1,1,1,1,1,1,1,1,1,1,1,1,1,1,1,1,1,1,1,1,1,1,1,1,1,1,1,1,1,1,1,1,1,1,1,1,1,1,1,1,1,1,1,1,1,1,1,1,1,1,1,1,1,1,1,1,1,1,1,1,1,1,1,1,1,1,1,1,1,1,1,1,1,1,1,1,1,1,1,1,1,1,1,1,1,1,1
1582,,,,,,,,,,,,,,1,,,,,,,,,,,,,,,,,,,,,,,,,,,,,,,,,,,,,,,,,,,,,,,,,,,,,,,,,,,,,,,,,,,,,,,,,,,,,3,,,,,,,,,
1583,,,,,,,,,,,,,,,,,,,,,,,,,,,,,,,,,,,,,,,,,,,,,,,,,,,,,,,,,,,,,,,,,,,,,,,,,,,,,,,,,,,,,,,,,,,,,,,,,,,,
1584,0,0,0,0,0,0,0,0,0,0,0,0,0,0,0,0,0,0,0,0,0,0,0,0,0,0,0,0,0,0,0,0,0,0,0,0,0,0,0,0,0,0,0,0,0,0,0,0,0,0,0,0,0,0,0,0,0,0,0,0,0,0,0,0,0,0,0,0,0,0,0,0,0,0,0,0,0,0,0,0,0,0,0,0,0,0,0,0,0,0,0,0,0,0,0,0,0,0,0,0
1585,5,10,,1,,3,,,28,1,,12,,,6,,,9,9,,,,17,,,18,7,,,,,,,4,,,,,3,5,,,,,19,,,,28,,,,,,1,1,2,,,,,,,,,4,,1,3,,17,9,,,,23,,19,,,,,,15,,7,,,,3,12,24,26,,,,2,12,,13
1586,4,28,2,2,,1,2,2,1,16,,1,,,,,1,,2,,,1,1,2,1,,,,1,2,1,1,,,,,,2,,,1,2,1,,,,1,,,,2,2,1,1,2,1,,1,,2,,,,,1,,,2,2,2,1,1,,2,1,,1,,1,2,,,2,,,1,,,1,1,1,1,,,2,19,1,1,2,1
1587,,,,,,,,,,,,,,,,,,,,,,,,,,,,,,,,,,,,,,,,,,,,,,,,,,,,,,,,,,,,,,,,,,,,,,,,,,,,,,,,,,,,,,,,,,,,,,,,,,,,
1588,,,,,,,,,,,,,,,,,,,,,,,,,,,,,,,,,,,,,,,,,,,,,,,,,,,,,1,,,,,,,,,,27,,,,,,,,,,,,,,,29,,,,,,,,,,,,,,,,,,16,,,,
1589,0,0,0,0,0,0,0,0,0,0,0,0,0,0,0,0,0,0,0,0,0,0,0,0,0,0,0,0,0,0,0,0,0,0,0,0,0,0,0,0,0,0,0,0,0,0,0,0,0,0,0,0,0,0,0,0,0,0,0,0,0,0,0,0,0,0,0,0,0,0,0,0,0,0,0,0,0,0,0,0,0,0,0,0,0,0,0,0,0,0,0,0,0,0,0,0,0,0,0,0
1590,,1,,,,,,,22,14,,10,9,,15,,,6,12,24,,,7,9,,5,10,,,,,,20,,,,,,14,,,,,9,15,,17,8,28,,4,11,6,16,1,5,,1,6,,,23,,,1,6,,2,,1,9,,,,,14,,19,,,,,,10,,,,,2,,1,13,25,,,15,12,13,,5
1591,,,,,,,,,,,,,,,,,,,,,,,,,,,,,,,,,,,,,,,,,,,,,,,,,,,,,,,,,,,,,,,2,,,,,,,,,,,,,,,,,,,,,,,,,,,,,,,,,,,,,
1592,,,,,,,,,,,,,,,,,,,,,,,,,,,,,,,,,,,,,,,,,,,,,,,,,1,,,,,,,,,,,,,,,,,,,,,,,,,,,,,,,,,,,,,,,,,,,,,,,,,,,
1593,,,,,,,,,,,,,,,,,,,,,,,,,,,,,,,,,,,,,,,,,,,,,,,,,,,,,,,,,,,,,,,16,,,,,,,,,,,,,19,,29,,,,,,,,,,,,,,,,,,,,,,
1594,,20,,,,,,7,21,13,,9,27,,13,,,10,,37,,,15,14,,14,12,,4,6,,,1,,5,,,,14,,,,,5,17,,15,7,23,,22,12,8,14,,,,7,11,,,24,7,,,16,,,,4,19,,,,,18,,19,,,,,,9,2,,,,14,,,13,27,,,13,13,2,,2
1595,,,,,,,,,,,1,,,,,,,,,,,,,,,,,,,,,,,,,,1,,,,,,,,,,,,,,,,,,,,,,,,,1,,,,,,,,,,,,,,,,,,,,,,,,,,,,,,,,,,,,,,
1596,,,,,,,,,,,,,,,,,,,,,,,,,,,,,,,,,,,,,,,,,,,,,,,,,,,,,,,,,,,,,,,,,,,,,,,,,,,,,,,,,,,,,,,,,,,,,,,,,,,,
1597,,20,,,2,,,,2,10,,7,26,1,18,,,3,7,28,,,13,11,1,8,9,1,,2,,1,17,,,,,,14,,2,,,13,2,,13,9,4,2,15,11,13,15,7,,,1,,,,25,3,,,15,,,,,4,,,,,7,,16,,,,,1,7,,,12,,13,,7,16,23,,,1,7,5,,8
1598,,20,,,,,,,21,9,,9,15,,19,,,2,9,13,,,16,12,,19,3,,1,5,,,18,,,,,,13,,,,,5,15,,8,10,1,,10,12,11,17,,,,5,,,,,6,,2,6,,2,,,20,,,,,3,,8,,,,,,10,,,1,,6,,10,16,23,,,2,11,3,,2
1599,4,30,,,,,,,29,,,,36,,,,,,,,,,12,,,,,,,1,,,,,,,,4,18,,,,1,,,,,12,23,,,11,13,17,,5,,,,4,,,10,,,,,,,,,1,,,,,,,,,,,24,,,,,,6,,,16,,,,,,,,
1600,,6,,,,3,6,,21,9,,9,6,,2,,,6,10,29,,8,13,13,,13,14,,,,,,8,6,7,,,8,1,,,,,11,6,,15,1,21,1,18,9,4,10,,,,8,,,,24,4,,,12,,,,,12,,,3,1,17,,17,,,,,,4,,,,,15,,14,16,21,2,,15,11,12,,9
1601,,,,,,1,,,,,,,,,,,,,,,,,,,,,,,,,,,,,,,,,,,,,,,,,,,,,,,,,,,,,,,,,,,,,,,,,,,,,,,,,,,,,,,,,,,,,,,,,,,,,,
1602,,,,,,,,,,,,,2,,,,,,,,1,,,,1,,,,,,,,,,,,,,,1,,,,1,,,,,,,,,,,,,,,,,,,,,,,,,,,,,,,,,,,,,,,,,,,,,,,,,,,,,,,,
1603,,3,,,,3,,,3,13,,4,25,,10,,,3,10,25,,,14,3,,8,12,,,,,,19,,,,,,12,,11,,,6,2,,14,12,8,,15,3,5,13,,,,12,,,,1,2,,,15,,,1,,1,,1,,,15,,4,,,,10,,9,,,6,,12,1,11,13,23,,,6,6,10,,10
1604,10,19,,,,,,,,8,,2,25,,16,,,1,9,26,,,15,8,,16,7,,,,,4,19,,,,,,15,,,,,8,18,,12,9,27,,1,7,12,13,,,,12,2,,,22,8,,,17,,,,,20,,,,,14,,19,,,,,17,10,,,,,12,,13,17,25,2,,11,11,12,,11
1605,1,19,,1,,,,3,1,12,,3,21,,15,,,3,5,26,,,12,15,,13,2,,,,,,12,,,1,1,,13,,,,,1,12,,15,8,26,,7,8,13,18,,1,,9,,,,23,3,,1,14,,,1,,4,,,,,1,,16,,,,,,8,,2,19,,15,,12,1,4,,,2,13,5,,2
1606,,,,,,,,,,,,,,,,,,,,,,,,,,,,,,,,,,,,,1,,,4,,,,,,,,,,,,,,,,,,,,,,,,,,16,,,,,,,,,,,,,,,,,,,,,,,,,,,,,,,,,,
1607,2,30,,,,1,,,,,1,21,,,,,,16,,,,2,,,1,,1,1,,2,2,1,,,,1,,3,,1,,,,,,,,,1,,,,,2,,2,,11,,,,,,,,,1,,,,4,,,,,1,,,1,,3,,,,,,,,3,,2,,,,,,,1,,
1608,8,14,,,1,,,,2,5,,9,8,,9,1,1,7,1,27,,,15,10,,15,7,,1,6,,,17,,,,,,9,,6,1,,3,17,,14,1,18,,17,1,6,5,2,,3,2,,,,14,8,1,1,13,,,,,11,,1,1,,2,,19,,,,8,,2,,,,,14,,11,13,14,,,9,2,8,1,5
1609,,18,,,,,,,24,8,,10,20,3,10,,,5,9,28,,,13,1,,14,13,,,,,,7,3,,,,,14,,,,5,1,17,,12,10,19,,17,9,5,13,,,,14,,,,23,6,,,14,,,,,13,,,,,17,,17,,,,,23,9,,,4,,1,,4,18,26,,,13,13,16,,8
1610,,15,,,,,4,,23,12,,6,24,,12,5,,6,2,24,,,11,13,,2,9,,,,,,18,,,,,,13,,,,,5,1,,3,1,1,,5,3,13,8,,,,13,6,,,21,6,,,10,,,,1,16,2,,,,15,,21,,3,,9,,8,,,,8,8,,16,9,19,,,16,7,10,,10
1611,,,,,,,,,,,,6,,,,,,,,,,,,,,,,,,,,,,,,,,,,,,,,,,,,,,,,,,,,,,,,,,,,,,,,,,,,,,,,,,,,,,,,,,,,,,,,,,,,,,,,
1612,0,0,0,0,0,0,0,0,0,0,0,0,0,0,0,0,0,0,0,0,0,0,0,0,0,0,0,0,0,0,0,0,0,0,0,0,0,0,0,0,0,0,0,0,0,0,0,0,0,0,0,0,0,0,0,0,0,0,0,0,0,0,0,0,0,0,0,0,0,0,0,0,0,0,0,0,0,0,0,0,0,0,0,0,0,0,0,0,0,0,0,0,0,0,0,0,0,0,0,0
1613,,22,,,,,,,18,8,,11,1,,16,,,8,9,27,,,14,1,,18,11,,,,5,2,16,,,,,7,12,,,,,7,16,2,16,6,24,1,18,7,2,18,,,,11,,,,21,4,,,5,,,,,17,,3,,,17,2,15,,,,4,,6,,,13,,13,,5,11,24,,,1,9,2,,1
1614,4,6,,,,,,,23,9,,1,27,,18,,,6,8,27,,,12,6,,18,10,,,4,1,2,16,,,,,,2,,,2,,7,10,3,16,2,26,1,1,3,9,6,,1,,2,,,,23,3,,,6,,,,1,17,,,,2,17,,14,,3,1,7,,2,1,,,,10,,5,13,26,,,13,9,2,,11
1615,,,,,,,,,,,,,,,,,,,,,,,,,,,,,,,,,,,,,,,,,,,,,,,,,,,,,,,,,,,,,,,14,,,,,,,,,,,,,,2,1,,,,,,,,,,,,,,,,,,,,,,
1616,,,,,,,,,,,,,,,,,,,,,,2,,,,,,,,,,,,,,,,,,5,,,,,,,,,,,,,,,,,,,,,5,,,,,17,,,,,1,,,,,,,,,,,,,,,,,,,,,,,,,,,,,
1617,,19,,,,3,,,,13,,10,26,,16,,,5,6,21,,,14,11,1,12,9,,,,,,18,,,1,,,6,,5,,1,3,12,,1,4,3,,19,7,8,16,,,3,1,,,,18,6,1,,6,,,,,2,,,,,15,,16,,,,,,1,,,,2,1,,7,11,22,,,13,5,4,,7
1618,,19,,,,,,,22,14,,14,,,17,,,7,,31,4,,17,14,,20,9,,,4,,,17,,,,,,,,,,,19,18,,14,11,20,,14,7,14,2,,,,10,,,,23,3,,,17,,,,,4,,,,,15,,17,,,,,,9,,,12,,,,4,12,15,,,15,15,11,,4
1619,1,17,,,,,,,23,9,2,9,5,,15,,,5,7,28,2,3,14,13,,10,1,,,,,,18,,,,,,13,,,,,7,13,,17,11,24,,15,6,12,14,5,,,5,,,,22,6,,,15,,,,,2,,,,6,16,,14,,,,,,1,,3,,,6,,12,18,2,,,6,3,1,,11
1620,,11,,,,,,,4,11,,11,26,,15,,,8,10,27,,,6,15,,17,10,,,,,,17,,,,,,6,,,,,12,18,,16,1,23,,17,11,1,7,,,,12,6,,,24,3,,,10,,,,,6,,,,,17,,19,,,,,,6,,,,,12,,1,12,21,,,10,12,6,,9
1621,0,0,0,0,0,0,0,0,0,0,0,0,0,0,0,0,0,0,0,0,0,0,0,0,0,0,0,0,0,0,0,0,0,0,0,0,0,0,0,0,0,0,0,0,0,0,0,0,0,0,0,0,0,0,0,0,0,0,0,0,0,0,0,0,0,0,0,0,0,0,0,0,0,0,0,0,0,0,0,0,0,0,0,0,0,0,0,0,0,0,0,0,0,0,0,0,0,0,0,0
1622,,18,,,,,3,,24,3,,5,14,,3,,,5,7,23,,,4,14,,14,11,,,,,,13,,,,,4,11,,,,,7,1,,14,12,20,1,13,11,2,15,,,,3,,,,19,8,,,15,,,,,15,,,,,15,,18,,,,,,7,,,9,,15,,9,15,24,,,15,15,11,,10
1623,3,13,,,,,,,13,9,,4,2,,22,4,,5,7,27,,,12,12,,18,6,,,5,7,,18,,,3,,,7,,3,,,6,1,1,13,7,17,,12,13,8,17,,,,10,,,,22,4,,,14,1,,,,21,13,,,,17,5,3,,,,,5,10,1,1,,1,6,,13,14,24,1,,15,1,11,,1
1624,,,,,,,,,,,,,,,,,,,,,,,,,,,,,,,,,,,,,,,,5,,,,,,,,,,,,,,,,,,,,,,,,,,,,,,,,,,,,,,,,,,,,,,,,,,,,,,,,,,,,
1625,,,,,,,,,,,,,,2,,,,1,,,,,,,,,,,,,,,,,,,,,,,,,,,,,,,,,1,,,1,,,,,,,,,,2,,,,,,,,,,1,,,,,,,1,,,,,,,,,,,,,,,,,,,
1626,,19,,,,,,,10,14,,7,19,,21,,,2,13,35,,,17,15,,21,8,,,2,,,23,,,,,,14,,,,,13,22,,20,16,31,,24,15,11,16,2,,,13,7,,,,10,,,18,,,,,19,,,,,18,,20,,,,,,13,,,,,13,,14,20,29,,,12,15,10,,10
1627,2,1,4,1,,2,,3,1,5,4,2,1,1,1,,1,1,,,1,7,2,14,2,,4,1,1,1,,1,1,,,,1,2,1,,,,1,1,21,1,2,,2,1,,13,1,20,,,1,,,1,,,,,2,10,,,,,8,1,,,,,,2,3,1,,2,,,1,4,1,2,1,2,13,1,,1,,,8,,1,1
1628,,,,,,,,,,,,,,,,,,,,,,,,,,,,,,,,,,,,,,,,,,,,,,,,,,,,,,,,,,,,,,,,,,,,,,,,,,,,,,,,,,,,,,,,,,,,,,,,,,,,
1629,,,,,,,,,,,,,,,,,,,,,,,,,,,,,,,,,,,,,,,,1,,,,,,,,,,,,,,,,,,,,,,,,,,,,,,,,,,,,,,,,,,,,,,,,,,,,,,,,,,,,
1630,,,,,,,,,,,,,,,,,,,,,,,1,,,,,,,,,,,,,,,,,,,,,,,,,,,,,,,,,,,,,,,,,,,,,,,,,,,,,,,,,,,,,,,,,,,,,,,,,,,,,
1631,,,1,,,,,,,,,,,,1,,,,1,,,,,,,,,,,,,,,,,,,1,1,1,,,,,,,,,,,,,,,,,,,,,,,,,2,,,,,,,,,,,,,,2,,,,,,,,1,,,1,,,,1,,,,,,
1632,,19,1,,,,2,,17,11,,1,16,,4,,,9,11,30,,11,11,1,,7,10,,,1,,,18,,1,,,8,11,1,,,,7,3,,14,11,19,,1,8,10,15,,,,2,,2,3,21,5,8,,9,,5,,,3,,,5,,14,,16,,2,,,9,2,,,,6,1,,2,12,2,,,15,13,13,,2
1633,,,,,,,,,,,,,,,,,,,,,,,,,,,,,,,,,,,,,,,,,,,,,,,,,,,,,,,,,,,,,,,,,,,,,,,,,,,,,,,,2,,,,,,,,,,,,,,,,,,,,
1634,,,,,,,,,,,,,,,,,,,,,,,,,,,,,,,,,,,,,,,,,,,,,,,1,,,,,,,,,,,,,,,,,,,,,,,,,,,,,,,,,,,,,,,,,,,,,,,,,,,,,
1635,,,,,,,,,,,,,,,,,,,,,,,,,,,,,,,,,,,,,,,,,,,,,,,,,,,,,,,,,,,,,,,,,,,,,,,,,,,,,,,,,,,,,,,,,,,,,,,,,,,,
1636,,,,,,,,,,,,,,,,,,,,,,,,,,,,,,,,,,,,,,,,,,,,,,,,,,,,,,,,,,,,,,,,,,,,,,,,,,,,,,,,,,,,,,,,,,,,,,,,,,,,
1637,,17,,,,,2,,22,12,,2,15,,15,,,3,4,26,,,13,5,,10,8,,,,,3,16,,,,,,9,,8,3,,8,16,,16,10,28,,10,4,2,15,5,3,,8,,,,2,3,,,16,,,,,17,4,,,,3,1,20,,,,9,,10,,,,,11,,12,18,18,,1,8,12,8,,2
1638,,,,,,,,,,,,,,,,,,,,,,1,,,,,,,,,,,,,,,,,,,,,,,,,,,,,,,,,,,,,,,,,,,,,,,,,,,,,,,,,,,,,,,,,,,,,,,,,,,,,,
1639,,19,,,1,,4,,24,11,,7,28,,15,,,7,11,27,,13,14,15,,16,9,,,,,8,19,,,,,,15,1,,,1,6,15,,15,8,25,,19,11,1,14,,,,9,,,,25,9,,,13,,,,,2,,,,,8,3,,,,,,,7,,,14,,5,,11,15,10,,,14,3,11,,7
1640,,,,,,,,,,,,,,,,,,,,,,1,,,,,,,,,,,,,,1,,,,,,,,,,,,,,,,,1,,,,,,,,,,,3,,,,,,,,,,,,,,,,,,,,,,,,,,,,,,,,,,2,,
1641,,9,,,,,,3,30,,,20,,,18,,,,,,,,,,1,17,,,3,,,,27,,,,,,,,,,1,,,,,17,28,1,10,,17,,,,,16,,,,,19,,,24,,,,,14,6,,,,21,,24,,,,,,17,,,,,22,,11,,31,,,,20,20,,16
1642,,,,,,,,,,,,,,,20,,,,,32,,,,,,,,,,,,,,,,,,,,,,,,23,,,1,1,,,,,4,,,3,,,,,,,12,,,25,,,,,,,2,,,,,,,,,,,2,,1,17,,,,,,,,,19,18,1,,
1643,,17,,,,,,,22,4,,8,27,,14,,,4,11,29,,,10,10,,15,2,2,,,,,16,,,,,,12,,,,,12,1,2,1,6,26,,7,10,2,15,5,2,,11,,,,2,3,2,,15,,,,,17,,,,,14,,17,,,,6,6,9,4,,19,,4,,11,15,25,,,10,4,9,,4
1644,,20,,,2,,3,,25,8,,8,27,,17,,5,3,8,28,,,14,10,,18,12,,,,,,16,,,,,,4,,,,,11,6,,15,11,18,,16,1,12,17,,,,14,,,,25,7,,,14,,,,,16,,,,,16,,17,2,,,,2,8,,,15,,12,,9,11,22,,,5,2,12,,9
1645,,,,,,,,,,,,,,,,,,,,,,,,,,,,,,,,,,,,,1,,,6,,,,,,,,,,,,,,,,,,,,,6,,,,,,,,,,,,,,,,,,,,,,,,,,,,,,,,,,,,,,,
1646,,,,,,,,,,8,,,29,,18,,,15,,,,,,15,,16,12,1,,2,,,1,,,,,,,,,,,12,,,,,,,,12,,,,,,,,,,25,,,,,,,,,17,,,,3,,,3,,,3,,,,,,,,,,,14,1,,,,1,10,,
1647,,,,,,,,,,,,,,,,,,,,,,,,,,,,,,,,,,,,,,,,,,,,,,,,,,,,,,,,,,,,,,,,,,,,,,,,,,1,,,,,,,,,,,,,,,,,,,,,,,,,,
1648,,,,,,,,,,,,,,,,,,,,,,,,,,,,,,,,,,,,,,,,,,,,,,,,,,,,,,,,,,,,,,,,1,,,,,,,,,,,,,,,,,,,,,,,,,,,,,,,,,,,,
1649,,,,,,,,,,,,,,,,,,,,,,,,,,,,,,,,,,,,,,,,,,,,,,,,,,,,,,,,,,,,,,,,,,,,,,,,,,,,,,,,,,,,,,,,,,,,,,,,,,,,
1650,,,,,,,,,,,,,,,3,,3,,,,,,,,,,,,2,,,,,2,,,,,,,,,,,,,,,,,20,,,,,,,,,,,,,,,,,,,,,,,,,,,,,,,,,,,,,,,,,,,,2,,,,,
1651,1,1,1,1,1,1,1,1,1,1,1,1,1,1,1,1,1,1,1,1,1,1,1,1,1,1,1,1,,1,1,1,1,1,1,1,1,1,1,1,1,1,1,1,1,1,1,12,17,1,1,1,1,1,1,1,1,1,1,1,1,1,1,1,1,1,1,1,1,,1,1,1,1,1,18,1,1,1,1,1,1,1,1,,1,1,1,1,1,1,1,15,1,1,1,1,1,1,1
1652,,12,,,,,,,23,9,,2,25,,17,2,,7,11,26,,,6,13,,14,4,,,,,,18,,,,,,8,,3,,,6,8,,14,1,3,,19,3,10,17,,,,11,,,,22,6,4,,2,,,,,17,9,2,,,4,,6,,4,7,,,3,,,,5,13,,14,15,24,,,1,11,7,,9
1653,,20,,,,,,,18,9,3,9,8,,15,,,7,9,27,,,11,5,,19,9,,1,,,,16,,,,,,11,,,,,7,15,,15,11,1,,18,11,12,12,,,,8,3,,,14,2,,,13,,,,,11,,,5,5,18,,1,,,,,,8,,,,8,11,,1,2,24,,6,4,3,9,,7
1654,1,,,,,,1,,,,,1,28,,2,,,,,2,2,,1,,,,,,,,,,,3,,2,,,1,,1,1,,,1,2,,,,,,1,18,,1,1,,1,,,,,1,,,,,,3,,1,,,,,,3,1,,,,,,,,2,,2,,,,,,,,1,,,1,
1655,,,,,,,,,,,,,,,,,,,,,,,,,,,,,,,,,,,,,,,,,,,,,,,,,,,,,,,,,,,,,,,,,,,,,,,,,,,,,,,,,,,,,,,,,,,,,,,,,,,,
1656,,,,,,,,,,,,,,,,,,,,,,,20,12,,21,12,,,11,,,,,,,,,,,,,,,18,,,15,22,,,,,19,,,,,,,,,11,,1,,2,,,,,,,,,,,,,,,,,,,,,,,,,,24,,,14,,17,,
1657,,,,4,1,,,,,,1,,2,1,,2,,,,,,,,,,,,3,,,,,,,,3,,,,3,,,,2,,1,21,,,,,,,,,6,,,2,,,,,,,4,,,,,1,,,,,,,,2,,,,,2,,,,,,,,,,,,,,,3,
1658,2,24,,,,1,,,,,,,,,1,,,3,,,,,,3,,,,,2,,,,,,,,1,3,,,,,,,,,,1,,,,,18,,,2,,,,,,,,,,,4,,,,,1,,,1,19,,1,,,,,,,,,,,,,,,,,,,12,,,
1659,,4,,,,,,,3,8,,10,15,,14,,,9,9,28,,,11,15,,11,3,,,,,,16,,,,,,7,,,,,12,5,,9,1,3,,16,11,6,15,,2,,14,,,,24,1,,,13,,,,,5,,1,,1,14,,17,,6,4,,,8,,,12,,17,,10,17,22,,,,1,4,,2
1660,,3,,,,,,,,10,,,1,,,,,5,,,1,,,,,,1,,,,,,,,,,,,,,,,,,,,,,,,,,,,,,,,,,,2,,,,,,,,,,,,1,1,,,,,,,,,,1,,,,,,,,,,,,,,,9
1661,,,,,,,,,,,,,,,,,,,,,,,,,,,,,,,,,,,,,,,,,,,,,,,,,,,,,,,,,,,,,,,,,,,,,,,,,,,,,,,,,,,,1,,,,,,,,,,,,,,,,
1662,,17,,,,1,,,24,1,3,9,23,,10,,,4,4,28,1,,16,12,,2,9,,,,,,2,,,,,,6,,,,,11,15,,13,2,24,,16,10,11,16,,3,,5,,,,22,3,,,16,4,,,,18,13,,,,7,3,7,4,,,,23,10,1,,,,1,,13,15,2,,,14,14,3,,5
1663,0,0,0,0,0,0,0,0,0,0,0,0,0,0,0,0,0,0,0,0,0,0,0,0,0,0,0,0,0,0,0,0,0,0,0,0,0,0,0,0,0,0,0,0,0,0,0,0,0,0,0,0,0,0,0,0,0,0,0,0,0,0,0,0,0,0,0,0,0,0,0,0,0,0,0,0,0,0,0,0,0,0,0,0,0,0,0,0,0,0,0,0,0,0,0,0,0,0,0,0
1664,,,,,2,,,,,,2,,,,,,,,,,,,,,,,,2,,3,2,,,,,,,2,,,,,,,,,,,2,,,,,,,,,,,,,,,,,,1,,,,5,,,,,,,,2,,5,,,,,,,,4,,,,,,9,,,2,1,
1665,,15,,,,,,,23,12,,2,27,,17,,,5,1,27,1,5,2,12,,14,9,,,,,,18,,2,,,2,3,,,,3,10,1,,6,12,25,,15,5,10,18,6,,,11,,,,21,7,,,11,,,1,,18,,,,,15,,15,,,,,,11,,,,,20,,16,6,12,,,1,10,5,,4
1666,1,15,,,,,,,,,,,,,,,,8,14,,,,,,,,13,,,,,,,,,,,,3,,,,,,,,,,,,,,,,,,,,,,,,,,,,,,,,,,,,,,,19,,,,,,,,,,,,,,,,,,,,,,
1667,,,,,,,,,,,,,,,,,,,1,,,,,,,,,,,,,,,,,,,,,,,,,,,,,,,,,,,,,,,,,,,,1,,,,,,,,,,,,,,,,,,,,,,,,,,,,,,,,,,,,,
1668,5,4,,,,,,,21,7,,9,26,1,8,,,1,1,28,1,,11,8,,18,11,,,,,,14,,,,,,7,,9,,,5,2,,16,8,26,,3,11,3,5,,,,13,1,,,21,7,,,9,,,,,19,,,2,,3,,15,2,,,,,5,,,,,2,,2,11,4,,,9,1,12,,8
1669,,9,,,,,1,,1,11,,5,25,,21,1,,7,7,25,,,13,15,,18,2,,,,,,1,,,,,,14,,,,,10,16,,13,2,23,,20,10,12,14,,,,10,,,,1,3,,,13,,,,,11,,,4,,5,,17,5,,,11,,1,,,,,4,,13,1,22,,,16,1,10,,7
1670,,,,,,,,,,12,,14,29,,2,2,,8,12,30,,,3,15,,19,9,,,,,,,,,5,,,14,,,,,11,15,3,14,13,1,,18,2,2,20,,,,15,5,,,26,10,,,16,,,,,18,,,,,18,,23,,,,1,,4,,,,,14,,,16,,,,15,16,13,,8
1671,,,,,,,,2,,,,,,,,,,,,,,,,,,,,,,,,,,,,,,,,6,,,,,,,,,,,,,20,3,,,,,,,,,,,,,,,,,,,,,,,,,,,,,,,,,,,,,,1,,,,,,,,
1672,,,,,,,,,,,,,,,,,,,,,,,,,,,,,,,,,,,,,,,,,,,,,,,,,,,,,,,,,,,,,,,,1,,,,,,,,,,,,,,,,,,,,,,,,,,,,,,,,,,,,
1673,,,,,,,,,,,,,,,,,,,,,,,,,,,,,,2,,,,,,,,,,,,,,,,,,,,,,,,,,,,,,,1,,,,,,,,,,,,,,,,,,,,,,,,,,2,,,,,,,,,,,,,
1674,,,,,,,,,24,,,,24,,20,,,11,12,33,,,,1,,17,,,,,,,21,2,,,,1,13,,,,,20,20,,,12,,,,11,8,15,,,,,,,,,9,,,23,,,2,,20,,,,,19,,19,,,,2,,11,,,,,3,,15,,29,1,,14,14,11,,22
1675,4,1,,,,,,,17,5,,11,26,,17,,,7,8,10,,,1,15,,14,9,,,1,,,11,,,,,3,7,,,,,13,15,,16,12,2,,18,10,13,17,,,1,11,,,,23,7,3,,10,,,,,18,,,,,17,,2,,,,,,13,,,,1,11,,17,2,24,1,,15,11,5,,4
1676,,22,,,,,,,,,,,,,,,,,,,,,,,,,,,,,,,,,,,,,,,,,,,,,,,,,,,,,,,,,,,,,31,,,,,,,,,,,,,,,30,,,,,,,,,,,,,,,,,,,,,,
1677,,,,,,,,1,,,,,,,,,,,,,,,,,,,,,,,,,,,,,,,,,,,,15,,,,,,,,,,,,,,,,,,,,2,,,,,,,,,,,,,,,,,,,,,,,,,,,,,2,,,,,,,
1678,,20,,1,,,,,,15,,,23,,1,,,10,,32,,,22,5,,18,13,,,,,,20,,,,,1,13,,,,,13,13,,14,,24,,,13,1,17,,,,14,4,,,,,,,,,,,,17,,,,1,5,,19,,1,,,,1,,,,,14,,,,19,,,,,10,,15
1679,,1,,,,,,,1,,,,,,,,,,,,,,,,,,,,,,,,,,,,,,,,,,,,,,,13,,,,,,1,,,,,,,,,,,,,2,,,,,,,,,,,,,,,,,1,,,,,,,,,,,,,,,,
1680,,,,,,,,,,,,,,,,,,,,,,,,,,,,1,,,,,,,,,,1,,,,,,,,,,,,,,,,,,,,,,,,,,,,,,,,,,,,,,,,,,,,,1,,,,,,,,,,,,,,,,,
1681,,,,,,,,,,,,,,,,,,,,,,,,,,2,,,,,,,,,,,,,,,,1,,,,,,,,,,,,,,,,,,,,,,,,,,,,,,,,,,,,,,,,,,,,,,,,1,,,,,,,,,,
1682,,,,,,,,,,,,,,,,,,,,,,,,,,,,,,,,1,,,,,,,,,,,,,,,,,,,,,,,,,,,,,,,,,,,,,,,,,,,,,,,,,,,,,,,,,,,,,,,,,,,,
1683,,5,,,,,,,1,5,,5,4,,16,,,7,7,29,,,12,11,,18,12,,1,,3,,15,,,,,,8,,,,,4,2,,14,13,,1,18,9,12,15,,1,,4,6,,,24,6,,,16,,,,,1,1,,4,,16,,18,1,,,,21,6,,,,,16,,11,12,3,1,2,14,14,1,,8
1684,0,0,0,0,0,0,0,0,0,0,0,0,0,0,0,0,0,0,0,0,0,0,0,0,0,0,0,0,0,0,0,0,0,0,0,0,0,0,0,0,0,0,0,0,0,0,0,0,0,0,0,0,0,0,0,0,0,0,0,0,0,0,0,0,0,0,0,0,0,0,0,0,0,0,0,0,0,0,0,0,0,0,0,0,0,0,0,0,0,0,0,0,0,0,0,0,0,0,0,0
1685,,16,,,,,,,1,3,,1,1,,19,,,6,6,28,,,5,14,,1,12,,,6,,,20,1,,,,,11,1,,,,8,8,,12,9,24,,19,5,1,14,,1,,8,,,,1,5,4,6,14,,,,,16,1,,,,15,,14,,1,,,1,8,,,,,9,,1,4,1,,,16,14,2,,2
1686,,,,,,,,,,,,,,,,,,2,,,,,,,,,,,,,,,,,,,,,,,,,,,,,,,,,,,,,,,,,,,,,,,,,,,,,,,,,,,,,,,,,,,,,,,,,,,,,,,,,,
1687,,,,,,,,,,,,,,,,,,,,,,,,,,,,,,,,,,,,,,,,,,,,,,,,,,,,,,,,,,,,,,,29,,,,,,,,,,,,,,5,24,,,,,,,,,,,,,,,,,,15,,,,
1688,,20,,,,,,,1,10,,9,26,,17,,,9,11,28,,1,17,2,,11,1,,,5,,,1,2,,,,,9,,1,,1,8,16,,15,11,23,,18,8,2,17,,1,,13,2,,,19,10,,,14,,2,,,19,,,,,15,,6,,,,,,6,,1,2,,15,,12,16,21,,,14,10,9,,2
1689,,19,,,,,,,4,14,,2,16,,18,,,7,1,28,,,12,8,,16,5,,,,,,18,,,2,,10,5,,,,,5,5,,1,7,1,,20,1,1,11,,,,13,,,,20,6,1,,8,,3,,,15,,,,1,16,,18,1,,1,,,8,1,,,,13,,8,3,1,,,16,3,4,,1
1690,1,1,,1,,1,1,1,,,,1,,,,,,,,1,,1,,,1,1,1,1,,1,1,1,1,1,1,1,1,,,,1,,1,,1,,,1,,1,1,,,1,1,,1,,1,,,,1,1,1,1,1,,1,,1,1,1,,,,,1,,,,1,,1,1,,1,1,1,,,,1,,,1,1,,,
1691,,,,,,,,,,,,,,,,,,,,,,,,,,,,,,,,,,,,,,,,,,,,,,,,,,,,,,,,,,,,,,,,,,,,,,,,,,,,,,,,,,,,,,,,,,,,,,,,,,,,
1692,,,,1,,,,,,,,,,,,,,,,,,,,,,,,,,,,,,,,,,,,,,,,,,,,,,,,,,,,,,,,,,,,,1,,2,1,,,,,,,,18,,,,,,,,,,,,,,,,,,,,,,,,
1693,,,,,,,1,,,3,1,,1,,2,2,1,,1,1,2,2,2,,3,1,,,1,1,,,,,2,,,,,1,,,2,1,,3,21,3,,2,,1,1,1,1,2,1,,,,,,,,,,1,3,1,,1,,,3,,,,,,2,,,,2,,,1,,,,1,,1,,,1,1,,,2
1694,,,,,,,,,,,,,,,,,,,,,,,,,,,,,,,,,,,,,,,,,,,,,,,,,,,,,,,,,,,,,,,,,,,,,,,,,,,,,,,,,,,,,,,,,,,,,,,,,2,1,,
1695,,,,,,,,,,,,,,,,,,,,,,,,,,,,,,,,,,,,,,,,,,,,,,,,,,,,,,,,,,,,,,,,,,,,,,,,,,,,,,,,,,,,,,,,,,,,,,,,,,,,
1696,3,29,,,,,,,31,,,,,,,,,1,,,,,,,,,,,,3,,,,,2,,,,17,,,,,,,,,,,,,,22,,,,,,,3,,,9,,,,,1,,,,,,,,,,,,,,,4,,,,,,,,,,,,,,,,,
1697,1,3,,,,,,,,1,1,14,,,1,,1,1,,38,,,1,1,,22,,,,,,,,,,,,,1,,,,,1,20,,18,,31,,22,16,15,,,1,,13,1,,,,2,1,,,,,,,,1,,1,,20,2,20,,,,,,,,1,,,16,,1,,,,,12,16,14,,6
1698,,,,,,,,,,,,,,,,,,,,,,,,,,,,,,,,,,,,,,,,,1,,,12,,,,10,,,,,8,,,,,,,,,,25,,,,,,,,,,,,,19,,24,,,,,,,,,,,,,,,,,,,,,,
1699,,,,,,,,,,,,,,,,,1,,,,,,,,,,,,,,,,,,,,,,,,,,,,,,,,,,,,,,,,,,,,,,,,,,,,,,,,,,,,,,,,,,,,,,,,,,,,,,,,,,,
1700,,18,,,1,1,,,4,9,,6,17,,3,,,6,9,30,,12,15,12,,2,6,,,5,,,2,,,,,,12,,,,,11,3,,14,14,26,,16,3,6,16,,1,,3,,,,9,5,,1,7,,,,,17,,,,6,17,,16,6,,,,1,7,2,,,5,12,,12,13,21,,,16,14,3,,4
1701,,,,,,,,,,,1,,,3,24,,1,,12,,,,20,,,30,18,2,,,,,2,,,,,,,,,,,,,,22,2,,,27,,,,3,,,,,,,,,,,19,,,,3,23,,2,,,2,,26,,2,1,,,,,,,,,,,,27,,,,,19,,17
1702,,,,,,,,,26,7,,15,,,17,,,,11,32,,,12,7,,1,12,,,,,,20,,,,,,,,,,,13,17,,17,14,20,,21,12,11,15,,,,3,2,,,,29,,,16,,,1,,18,,,,,18,,19,,,,,,10,,,,,14,,8,25,20,,,11,,15,,4
1703,,,,,,,,,,,,,,,,,,,,,,,,,,,,,,,,,,,,,,,,,,,,,,,,,,,,,,,,,,,,,,,,,,,,,,,,,,,,,,,,,,,,,,,,,,,,,,,,,,,,
1704,,,,,,,,,,,,,,,,,,,,,,,,,,,,,,,,,,,,,,,,,,,,,,,,,,,,,,,,,,,,,,,,,,,,,,1,,,,,,,,,,,,,,,,,1,,,,,,,,,,,,,
1705,,,,,,,,,,,,,,,,,,,,,,,,,,,,,,,,,,,,,,,,,,,,,,,,,,,,,,,,,,,,,,,28,,,,,,,,,,,,,,,28,,,,,,,,,,,,,,,,,,,,,,
1706,,,,,,,,,,,,,,,,,,,,,,,,,,,,,,,,,,,,,,,,,,,,,,,,,,,,,,,,,,,,,3,,,,,,,,,,,,,,,,,,,,,,,,,,,,,,,,,,,,,,,
1707,,2,,5,,,,,25,4,,7,18,,18,,,3,6,14,,2,14,12,,14,7,,,,,,15,,,,,,8,,,,,11,17,,13,13,27,,6,11,10,17,2,,,13,,,,5,6,,,15,,,,,14,12,,,,14,,20,,,,,1,9,,,,2,12,,15,1,3,,,15,3,14,,1
1708,,,,,,,,,,,,,,,,,,1,,,,,,,,,,,,,,,,,,,,,,,,,,,,,,,,,,,,,,,,,,,,,15,,,,,,,,,,1,,,,3,28,,,,,,,,,,,,,,,,,,,,,,
1709,,,,,,,,,,,,,,,,,,,,,,,,,,,,,,,,,,,,,,,,,,,,,,,,,,,,,,,,,,,,,,,,,,,,,,,,,,,,,,,,,,,,,,,,,,,,,,,,,,,,
1710,2,1,,,,,2,,2,11,,8,27,,7,,3,8,1,3,,,16,5,1,12,2,,,,,,2,3,,,,,9,1,,,,1,16,,13,3,27,3,20,6,8,12,,,,6,,,,16,7,1,,13,,,,,1,1,,,1,3,,19,,2,,,,10,,,2,3,13,,,17,26,,,13,11,10,,8
1711,,,2,,,,,,28,,,,,,15,,,,9,,,,14,17,1,,13,,2,,6,1,18,,,,,,2,,2,,2,4,14,,2,3,1,,2,2,1,2,,2,,,,,,,,,,21,,,,,20,,,,,15,2,22,,3,,1,1,3,,,,,,,10,,14,,,14,2,4,1,1
1712,,18,,,,,2,,24,12,,1,26,,3,,,2,8,28,,,14,3,,18,2,,,,,5,17,,2,,,,14,,2,,,2,14,,15,5,16,,11,10,10,13,,,,1,,,,20,1,,,14,,,,,15,2,,,,6,,10,,,,,2,2,,,,,11,,2,16,20,,,14,7,11,,4
1713,,,1,1,,,1,,,1,1,,,,22,,,1,,,,,,,,,15,,,,,,1,,,,,,7,,1,,1,,,,,,,,,,,1,,,,,,1,,,1,,,,,,,1,,,,1,,,1,,,,,,,,,1,,,,,,,,1,,2,,,,
1714,1,19,,,,,2,2,23,11,,9,9,1,13,,,5,10,6,,7,10,6,,18,1,,1,,,,14,,,,,,15,1,,,,3,3,,14,7,24,,6,6,13,4,,,,4,,,,4,7,,1,10,,,,,16,,,,,17,,14,,,,1,24,10,,,,,6,,10,11,26,,,3,7,9,,6
1715,,,,,,,,,,,,,,,,,,,,,,,,,,,,,,,,,,,,,,,,,,,,,,,,,,,,,,,,,,,,,,,,,,,,,,,,,,,,,,,,,,,,,,,,,,,,,,,,,,,,
1716,,,,,,,,,,,,,,,,,,,,,,,,,,,,,,,,,,,,,,,,,,,,,,,,,,,,,,,,,,,,,,,,,,,,,,,,,,,,,,,,,,,,,,,,,,,,,,,,,,,,
1717,,19,,,,,3,,17,14,,8,3,,15,,,1,10,31,,8,11,10,,13,5,,,,,,19,,,,,,13,,,,,8,15,,13,12,26,,17,10,4,14,,,,10,,,,25,8,5,,12,,,,,16,,,,,4,,13,,1,3,,,8,,,,4,13,,3,2,26,,,13,6,12,,1
1718,,3,,,,,,,,,,13,,,,,,,,,,,16,,,,,,,,,,,,,,,,,,,,,4,,,,,2,,,,16,,,,,,,,,,1,,,17,,,,,,,,,,17,,14,,,,,,,,,,1,,,,,,,,17,19,11,11,
1719,,,,,,,,,,,,,,,,,,,,,,,,,,,,,,,,,,,,,,,,,,,,,,,,,,,,1,,,,,,,1,,,,23,,,,,,,,,,,,,,,31,,2,,,,,,,,,,,,,,,,,,,,
1720,,,,,,,,,,,,,,,,,,1,,,,,,,,,,,,,,,,,,,,,,1,,,,,,,,,,,,,,,,,,,,,,,,,,,,,,,,,,,,,,,,,,,,,,,,,,,,,,,,,,,,
1721,,1,,,,,,,22,10,,7,1,,16,4,,8,8,24,,,1,12,,12,10,,,1,,,18,3,4,2,,,1,,,,,9,16,,14,4,9,,16,10,11,15,,,,3,,,,20,1,,,9,1,,,,2,14,,,,13,,9,4,1,,,,5,,,3,1,1,,1,10,20,,,3,9,3,,6
1722,,17,,8,,,3,,7,11,,9,11,,13,,,6,1,31,,11,16,14,,15,6,,,,,,17,,,,,5,9,2,,,,1,11,,17,12,25,,7,9,3,16,,4,,5,,,,7,7,1,,7,1,,,,19,,,,,15,,19,,,,,,10,,,,,15,,14,4,21,,,5,15,11,,10
1723,,16,,,1,,1,1,23,10,5,10,30,,15,5,,6,10,29,,10,14,3,,4,1,,,3,,2,2,,,,,,9,1,,,,11,15,,4,5,23,,15,9,1,17,,,1,13,,,,3,8,,6,11,,,,,5,1,,,,12,,14,2,2,,7,,4,,,,9,10,,12,1,19,,,12,1,1,,4
1724,,15,,,,,,,4,15,,8,29,,8,,,11,9,28,,,3,15,,2,14,,,,,,17,,,,,,3,,,,,8,17,,14,7,26,,18,12,10,12,,,,9,5,,,24,9,6,,13,,4,,,18,,,,,17,,16,,4,,,,6,,,8,10,15,,3,16,22,,,15,11,1,,7
1725,,,,,,,,,,,,,,,,,,,,,,,,,,,,,,,,,,,,,,,,,,,,,,,,,,,,,,,,,,,,,,,,,,,,,,,,,,,,,,,,,,,,,,,,,3,,,,,,,,,5,,
1726,,,,,,,,,,,,,,1,,,,,,,,,1,,,,,,,,,,,,,,,,,,,5,,,1,,,,25,,,22,,19,,,,14,,,,,,,,9,,,,,,,,,,,,,,,,,,,,,,,14,,,,,,,,2,18,,15
1727,,,,,,,,,,,,,,,,,,,,,,,,,,,,,,,,,,,,,,,,,,,,,,,,,,6,,,,,,,,,,,,,,,,,,,,,,,,,,,,,,,,,,,,,,,,,,,,,,,,1,,
1728,,,,,,,,,,,,,,,,,,,,,,,,,,,,,,,,,,,,,,,,,,,,,,,,,,,,,,,,,,,,,,,,,,,,,,,,,,,,,,,,,,,,,,,,,1,,,,,,,,,,,
1729,,,,,,,,,,,2,,,,,,,,,,,,,,,,,,,,,,,,,,,,,,,,,,,,,,,,,,,,,,,,,,,,,,,,,,,,,,,,,,,,,,,,,,,,,,,,,,,,,,,,,
1730,0,0,0,0,0,0,0,0,0,0,0,0,0,0,0,0,0,0,0,0,0,0,0,0,0,0,0,0,0,0,0,0,0,0,0,0,0,0,0,0,0,0,0,0,0,0,0,0,0,0,0,0,0,0,0,0,0,0,0,0,0,0,0,0,0,0,0,0,0,0,0,0,0,0,0,0,0,0,0,0,0,0,0,0,0,0,0,0,0,0,0,0,0,0,0,0,0,0,0,0
1731,2,12,,,,,,,30,,,13,,,22,,,7,12,28,,,13,,,,,,,,,,,,,,,3,10,,,,,,,,,11,26,,,11,21,16,,,,,,3,,,11,,,,,,1,,,,,,,,,,,,,,5,,,,,1,5,,,16,1,,,,,1,,
1732,,,,,,,,,,,,,,,,,,,,,,,,,,,,,,,,,,,,,,,,,,,,,,,,,,,,,,,,,,,,,,,,,,,,,,,,,,,,,,,,,,,,,,,,,,,,,,,,,,,,
1733,,,,,,,,,,,2,,,,,,,,,,,,,,,,,,,,,,,,,,,,,,,,,,,,,,,,,1,,,,,,,,,,,,,,,,,,,,,,,,,,,,,,,,,,,,,,,,,,,,,,,,
1734,8,4,,,,2,1,,2,13,,1,3,2,1,,,8,2,28,,10,13,6,,17,12,1,,1,,,6,,,,,,16,,,,5,9,15,,11,2,28,1,18,11,10,1,,1,1,2,,,,2,8,,,2,,,,,6,,,1,2,16,3,5,,,1,,,5,,,,,15,,13,15,5,,,2,5,4,,4
1735,,16,,,,,,1,10,14,1,9,9,,18,,1,1,13,7,,,14,10,,19,12,,,,,,17,3,,,,1,15,,2,1,2,3,13,1,2,9,15,2,2,7,5,17,,1,1,5,2,,,7,8,,,14,,,2,,15,,,,,17,,1,2,8,,2,,7,,,,,10,,16,15,23,,1,11,13,7,,5
1736,,15,,,,,,,4,9,,5,23,,9,,,5,7,29,,,14,14,1,17,7,,,,,,19,7,,,,1,14,,,,,8,11,,1,12,25,,19,10,9,12,7,2,,2,,,,10,8,,,7,,,,,18,,,,,14,,9,,,,,,7,,,,,15,,1,8,25,,,14,13,1,,10
1737,,12,,,,,,,15,7,,5,6,,15,,,1,7,1,,,11,2,1,18,1,,,,,,17,,,,,,14,1,,,2,2,14,,14,8,19,,6,9,2,13,,,,5,9,,,1,5,,,12,,,,4,10,2,2,1,,13,,1,,1,,,,10,,,1,,3,,7,15,23,1,,12,2,1,,13
1738,,,,,,,,1,,,,,,,,,,,,,,,,,,,,,,,,,,,,,,,,,,,,,1,,,,,,,,,,,,,,,,,,,,,,,,,,,,,,,,,,,,,,,,,,,,,,,,,,,,,,,
1739,,,,,,,,,,,,,,,,,,,,,,,,,,,,,,,,,,,,,,,,,,,,,,,,,,,,,,2,1,,,,,5,,,,1,,,,,,,,,,,,,,,,,,,,,,,,,,,,,,,,1,,,,
1740,,,,,,,,,,,,,,,,,,,,,,,,,,,,,,,,,,,,,,,,,,,,,,,,,,,,,,,,,,,,,,,,,,,,,,,,,,,,,,,,,,,,,,,,,1,,,,,,,,,,,
1741,,18,,,,,,6,22,11,,4,26,,16,,,7,6,25,,,15,7,,2,2,,3,5,,,16,,,,,,4,,,,,10,8,2,4,9,28,1,11,1,9,17,3,,,11,,,,20,3,,2,16,2,,,1,15,2,,,,14,,17,,,,,,3,1,,,,10,,8,16,3,,,16,7,11,,3
1742,,,,,,,,,,,,,,,,,,,,,,,,2,,,,,,,,,,,,,,,,,,,,,,,,,,,,,,,,,,,,,,,,,,,,,,,,,,,,,,,,,,,,,,,,,,,1,,,,,,,1,,
1743,,,,,,,,,,,,,27,,,,,,,,,,,,,,,,,,,,,,,,,,,,,,,,,,,,,,1,,16,,,,,,,,,,,,,,,,,,,,,,,,,,,,,,,,,,,,,,,,,,,,,,,
1744,,,,,,,,,,,,,,,,,,,,,,,,,,,,,,,,1,,,,,,,,,,,,,,,,,,,,,14,,,,,,,,,,,,,,,,,,,,,,,,,,,,,,,,,,,,,,,,,,,,,,,
1745,,,,,,,,,,,,,,,,,,,,,,,,,2,,,,,,,,,,,,,,,,,,,,,,,,,,,,,,,,,,,,,,,,,,,,,,,,,1,,,,,,,,,,,,,,,16,,,,,,,,,,,
1746,0,0,0,0,0,0,0,0,0,0,0,0,0,0,0,0,0,0,0,0,0,0,0,0,0,0,0,0,0,0,0,0,0,0,0,0,0,0,0,0,0,0,0,0,0,0,0,0,0,0,0,0,0,0,0,0,0,0,0,0,0,0,0,0,0,0,0,0,0,0,0,0,0,0,0,0,0,0,0,0,0,0,0,0,0,0,0,0,0,0,0,0,0,0,0,0,0,0,0,0
1747,,,,,,,,,,,,,,,,,,,,,,,,,,,,,,,,,,,1,,,,,,,,,,,,,,,,,,,,,,,,,,,,,,,,,,,,,,,,,,,31,,,,,,,,,,,,,,,,,,,,,,
1748,,,,,,,,,,,,,,1,1,,,,,,,,,,,,,,,,,1,,,,,,,,,,,,,,,,,,,,,,,,,,,,,,,,,,,,,,,,,,,,,,,,,,,,,,,,,,,,,,,,,,,1,
1749,,,,,,,,,,,,,,,2,1,,,,,,,,,,,,,,,,,,,,,,,,,,1,,,,,,,,,,1,,,,,,,,,,,,3,,,,,,,,,,,,,,,,,,,,,,,,,,,,,,,,,,,,
1750,,6,,,,,,,20,9,,8,26,,18,,,7,9,17,,,4,10,3,5,13,,,5,,,18,4,,,,,11,,,,,11,5,,14,11,24,,17,11,6,5,,,,2,,,,20,6,,,16,,,2,1,9,12,,,,14,,16,,,1,5,3,3,,,5,3,5,,8,13,19,,,2,9,11,,10
1751,,,,,,,,,,,1,,,,,,,1,,,,,,,,,,,,,,,,,,,,,,,,,,,,,,,,,,,,,,,,,,,,,,,,,,,,,,,,,,,,,,,,,,,,,,,,,,,,,,,,,2,
1752,,9,,,,1,,,21,9,,8,10,,19,3,3,7,5,20,,,5,3,,10,10,,,,1,1,15,,,,,,12,,,,,2,18,2,6,4,24,,18,11,3,16,,,,8,,,,22,1,,,1,,2,3,5,4,2,,,,16,,18,,5,,,5,7,,,,,3,,1,13,24,,,8,6,1,,8
1753,,3,,,,,,,19,4,1,10,7,,18,,2,3,2,9,,,6,5,,10,11,,,,,,11,,,,,,14,,,,,8,14,,13,10,25,,1,4,14,14,,,1,8,,,1,22,8,,1,16,,,,,9,2,,,,8,,19,1,,,6,,10,,,,,14,,10,14,25,,,1,14,11,1,8
1754,,18,,,,,,,,8,,3,27,,16,,,9,10,30,,,2,8,,10,12,,,,,,20,,,,,,12,,,,,11,15,,16,3,25,,8,3,1,18,,,,7,,,,4,8,,,14,,,,,18,,,,,17,,17,1,,,4,,8,,,,,12,,12,11,15,,,1,13,2,,7
1755,,1,,,,,1,1,1,,1,1,1,,,1,1,1,,1,,,,1,1,1,1,1,1,1,1,,,1,1,,,,1,,,1,1,1,,,,,,,1,1,1,1,,,,,1,,,,,1,1,,1,1,1,,1,,1,1,,1,1,1,1,1,,1,1,1,,,1,,,1,1,1,,,,,1,,1,
1756,,,,,,,,,,,,1,,,,,,,,,,,,,,,,,,,,,,,,,,,,,,,,,,,,,,,,,,,,,,,,,,,,,,,,,,,,,,,,,,,,,,,,,,,,,,,,,,,,,,,,
1757,,13,,6,,,,,23,11,1,8,25,,4,,,3,4,2,1,,6,4,,19,8,,,,,,3,,,,,,12,,,,,1,16,,4,8,17,,3,8,13,1,,,,5,,,,19,7,,,11,,,,1,15,,,,,17,,12,,,,1,,2,,,5,,10,2,7,7,26,,4,12,4,4,,10
1758,,,,,,,,1,25,17,3,,,,19,,,,,2,,,,,,,17,,,,,,24,,,,,,,,,,,,,,,14,,,,18,,4,,,,,,,,,10,,,20,,,,,,,,,,20,,22,,,,,,,,,,,20,,,,,,,,,13,,
1759,,,,,,,1,,1,1,,,,,,,,,,,1,3,,,,,,,,,1,,,,,,,,,,,1,,,,,,,,3,1,,,,,,,,,,,1,,1,,,,,,,,,,,,,,,,,,,,1,,,,,,1,,,,,,,,,,
1760,,,1,1,,,2,,,4,2,,1,,3,1,2,,,2,1,1,1,,,2,,,1,2,,,,,3,,,,1,2,,,1,1,,4,1,,,3,,1,1,1,1,1,1,1,,,,,,,,,2,,2,,2,,1,4,,,,,,1,,,,1,,,2,,,,,,,,,,1,,,1
1761,2,11,,,,,,,7,3,,8,8,,14,,,5,1,10,,,11,14,,14,1,1,,,2,,14,,1,,,6,16,,,,,10,14,4,15,11,25,,4,10,11,,,4,,10,,2,,3,3,,,1,,,,,1,,,,,15,,17,,,,5,3,8,,,,,4,,12,14,,,,12,,11,,5
1762,2,,,,,,2,,,,,,27,,,,,,,1,1,,2,,,,1,1,,,,,,2,,3,1,,2,1,,2,,,2,1,,,,,,2,18,,2,,1,,,,,,,,,,,1,4,1,2,,,,,,4,,,,1,,1,1,,,,3,1,,1,,,,,,,,2,
1763,,1,,,,,,,,,,,,,,,,,,,,,,,,,,,,,,,,,,,,,,,,,,,,,,,,,,,,,,,,,,,,,,1,,,,,,,,,,,,19,,,,,,,,,,,,,,,,,,,,,,,,
1764,,,,,,,,,,,,,,,,,,,,,,,,,,,,,,,,,,,,,,,,,,,,,,,,,,,,,,,,,,,,,,,,,,,,,,,,,,,,,,,,,,,,,1,,,,,,,,,,,,,,,
1765,4,1,,,2,,,,24,3,,5,1,,4,1,,9,9,28,,11,8,16,,16,4,,,,,,17,1,,4,,,2,,,,,4,16,4,14,11,22,,4,9,3,19,4,4,,1,,1,,24,1,,2,18,,,,,11,,,,2,13,3,17,,,,,,7,1,,,,10,,10,15,10,,,15,9,11,,6
1766,,,,,,,,,,,,,,,,,1,,,,,,,,,,,,,,,,,,,,,,,,,,,,,,1,,,,,,,,,,,,,,,,,,,,,,,,,,,,,,,,,,,,,,,,,,,,,,,,,,,,,
1767,,,,,,,,,,,,,,,,,,,,,,,,,,,,,,,,,,,,,,,,,15,,,,,,,,,,,,,,,,,,,,,,,,,,,,,,,,,,,,,,,,,,,,,,,,,,,,,,,,,,,
1768,0,0,0,0,0,0,0,0,0,0,0,0,0,0,0,0,0,0,0,0,0,0,0,0,0,0,0,0,0,0,0,0,0,0,0,0,0,0,0,0,0,0,0,0,0,0,0,0,0,0,0,0,0,0,0,0,0,0,0,0,0,0,0,0,0,0,0,0,0,0,0,0,0,0,0,0,0,0,0,0,0,0,0,0,0,0,0,0,0,0,0,0,0,0,0,0,0,0,0,0
1769,,25,,,,,,,11,14,2,14,1,,18,,5,5,14,21,1,,2,14,,19,8,,,,,,16,,,,,,9,,4,5,,6,4,,13,11,8,,2,9,15,14,,,,6,,,,27,3,,,16,2,,,,17,,,,,14,,18,,,,,,,,,,2,14,,14,15,21,3,,16,15,2,,9
1770,,,,,,,,,,,,,,,1,,,,,,,,,,,,,,,,,,,,,,,,,,,,,,,,,,,,,,,,,,,,,,,,,,,,,,,,,,,,,,,,,,,,,,,,,1,,,,,,,,,,,,
1771,,11,,,,,1,4,3,8,,6,27,,19,,4,10,7,2,,,3,2,2,16,2,2,,1,,,19,,,1,,,3,,,,,1,16,,15,11,23,2,1,6,8,15,,1,,5,,,1,15,9,7,,12,,,1,,2,2,,,,16,1,7,,,,,4,2,,,1,1,2,,1,14,1,,,15,10,11,,9
1772,,7,,,,,,,20,1,,13,13,,16,,,6,5,29,,3,16,13,,17,8,,,,,,5,,,,,,9,,,,,1,11,2,2,9,25,,16,1,14,14,,,,5,1,,,21,7,,,16,,,2,,20,,,,,17,4,20,,,,,24,1,,,12,,13,,13,12,25,,,15,15,12,,7
1773,,2,,,,,,2,,,,,,,,,,,,,,,,,,,,,,,,,,,,,,,,,,,,,,,,,,,,,,,,,,,,,,,,,,,,,,,,,,,,,,,,,,,,,,,,,,,,,,,,,,,,
1774,,19,,,,,,3,20,11,,1,29,,15,,,7,11,36,,,14,16,,11,10,,,,,,18,,,,,,11,,3,,,13,18,,14,12,25,,18,9,1,15,1,3,,4,,,,23,8,,,17,,,1,,16,2,,,,2,,18,,,,,,5,,,,,12,,14,16,24,,3,12,14,5,,4
1775,,20,3,,1,,1,1,20,13,,6,9,,2,1,,7,3,20,1,11,11,1,,18,1,,1,2,,,1,,,,,,13,,,,,9,2,5,13,10,27,1,19,10,2,14,,,2,3,,,,1,6,,,13,,1,,,19,2,,2,1,16,,2,,6,2,1,19,10,,,,,10,,13,3,22,,,5,11,5,,1
1776,,,,5,2,,,,,,,,1,,,3,,,1,,,,,,,,,1,,,,,,,,1,,,,2,,,,16,,,21,,,,,,,,,5,,,3,,1,,,,,3,,,,,,,1,,,,,,1,1,,,,1,,,,,,,,,,,,,,,1,
1777,,,,,,,,,,1,,,1,,1,,,,,1,,,,,,,,,,,,,,,,,,,,,,,,,,,,,,,,,,,,,,,,,,,,,,2,,1,,,,,,,,,1,,,,,,,,,,,1,1,,,,1,1,,,,,,
1778,,,,,,,,,,,,,,,,,,,,,,,1,,,,,,,,,,,,,,,,,,,,,,,,,,,,,,,,,1,,,,,1,,,,,,,,,,,,,,,,,,,,,,,,,,,,,,,,,,,,,,,
1779,6,12,,,,,,,25,,,12,,,19,,,8,6,,,,15,,,17,10,,,,,1,,,,,,,7,1,,,,,23,,15,,27,,20,,8,18,,,,,,,,,,,,2,,,5,,18,,,,,22,,21,,,,,,9,,,,,,,5,19,27,,,,5,,,4
1780,,1,,1,,,,,27,16,,16,18,,21,,,12,10,34,,,18,12,,20,8,,,7,,,22,1,2,,,,,1,,,,2,23,,23,11,24,,17,13,14,4,,,,14,,,,1,15,,,17,,,1,,19,,,,,18,,20,,,,,,11,,,1,1,14,,14,23,,,1,14,14,12,,6
1781,,,,,,,,,,,,,,,,,,3,,1,,,,,,,,,,,,,,,,,,,,,,,,,,,,,,,3,,,,,,,2,,,,,,,,,,,,,,,,,,,,,,,,,,,,,,,,,,15,,,,,,,,
1782,,14,,,,,,,18,9,1,6,2,3,1,,,1,,23,,,12,13,,17,6,,,,,,15,,,,,,7,,,1,,14,16,,16,13,1,,13,8,8,18,3,,,11,,,,18,4,,,14,,1,,,2,,,,1,18,1,22,1,1,,,,1,2,,,3,1,,5,16,24,,,16,9,1,,10
1783,,,,,,,,,,,,2,,,,,,,,,,,,,,,,,,,,,,,,,,,,,,,,,,,,,,,,,,,,,,,,,,,,,,,,,,,,,,,,,,,,,,,,,,,,,,,,,,,,,,,,
1784,,,,,,,,,,,,,,,,,,,,,,,,,,,,,,,,,,,,,,,,,,,,,,,,,,,,,,,,,,,,,,,,,,,,,,,,,,,,,,30,,,,,,,,,,,,,,,,,,,,,,
1785,,,,,,,,,,,,,,,,,,,,,,,,,,,,,,,,,,,,,,,,,,,,,,,,,,,1,,,,,,,,,,,,,,,,,,,,,,,,,,,,,,,,,,,,,,,,,,,,,,,,,
1786,,,,,,,,,,,,,,,,,,,,,,,,,,,,,,,,,,,,,,,,,,,,,,,,,,,,,,,,,,,,,,,,,,,,,,,,,,,,,2,,,,,,,,,,,,,,2,,,,,,,,,
1787,,,,,,,,,,,,,,,,,,,,,,,,,,,,,,,,,,,,,,,,,,,,,,,,,,,,,,,,,,,,,,,,,,,,,,,3,,,,,,,,,,,,,,,,,,,,,,,,,,,,,
1788,,,,,,,,,,,3,21,,,3,,,,,,,,,6,,,,,,,,,,,,,,,,,,,,,,,4,,1,3,,,,,,,,8,,,,,13,,,,2,,,,,1,,,,18,,20,,,1,,,,,,,,17,,,,,4,,,,,1,1
1789,,18,,,,,,,22,12,,9,26,,17,,,8,9,28,,,8,12,,19,12,,1,6,1,,18,,,,,,14,,,,,9,17,,2,1,27,,12,11,11,16,,,,3,,,,21,4,,,16,,,1,,14,,,,,17,,16,,2,,14,,9,,,5,7,1,,6,12,26,,,17,10,5,,8
1790,,,,,,,,,,,,,,,,,,,,,,,,,,,,,,,,,,,,,,,,6,,,,,,,,,,,1,,,,,,,,,,,,,,,,,,,,,,,,,,,,,,,,,,,,,,,,,,,,,,,,,
1791,,3,,,,2,5,,22,2,,5,16,,6,,,2,8,29,,,11,13,,10,11,,,,,,15,,,,3,,9,,,5,,9,13,,12,10,22,,13,12,14,16,,,1,12,,,,22,2,,4,8,,1,,,15,13,,,6,14,2,20,5,,,,,2,,,,,4,,14,17,26,,1,12,1,8,,8
1792,2,12,,,4,,,,,15,4,3,,2,18,,,15,7,29,,,,,,3,15,,,,,1,1,,,1,,,,,,,,20,19,,,1,33,,12,20,19,19,,,,15,,1,,,21,,,16,1,,1,,,,,,,20,,3,1,,,3,,,,,,,,3,14,26,2,,,,12,13,,15
1793,6,19,,8,,,,,24,8,,6,26,,9,,,2,3,28,,,13,13,,2,12,,,,,,12,,,2,,,5,,,,,8,12,,17,8,27,,6,4,7,16,,,,9,,3,1,21,5,,,4,,,1,,12,,,,,6,,17,,,,2,,2,,,,4,12,,9,14,19,,,1,11,12,,2
1794,,,,,,,,,,,,,,,,,,,,,,,,,1,,,,,,,,,,,,,,,,2,,,,,,,,,,,,,,,,,,,,2,,,,,,,,,,,,,,,,,,,,,,,,,,,,,,,,,1,,,,11,,
1795,,19,,1,,,,,14,4,,1,27,,11,3,,3,8,25,,,2,8,,18,5,,,4,,1,5,,,,,,13,,,,,12,18,,17,9,26,,7,10,6,11,,,,2,,,,22,7,2,,16,,,,,2,13,,,,15,,5,,,,,,7,,,14,,12,,1,12,22,,1,12,6,10,,7
1796,,8,,2,,,,,24,12,,6,6,,15,,,7,10,31,2,,8,14,,2,11,,,,,,14,,1,,,,11,,,,,1,6,4,15,6,26,,19,10,8,14,,,,9,,,4,21,1,,,10,1,,3,,12,,3,,,1,,1,,,2,,,9,,,8,,1,4,11,16,24,,,13,8,14,,3
1797,,21,,2,,,,1,10,10,,10,16,,20,,,3,10,14,2,12,17,13,,20,7,,,,,1,18,,,,2,6,9,,1,,,2,15,,18,13,2,,8,10,12,16,,2,1,1,,,2,,9,2,,8,1,1,,,2,1,,,,19,,9,,1,2,,,2,,1,1,,12,,,5,15,1,3,2,12,1,,7
1798,,,,,,,,,,,,,,,,,,,,,,,,,,,,,,,,,,,,,,,,,,,,,,,,,,,1,,,,,,,,,,,,,,,,,,,,,,,,,,,,,,,,,,,,,,,,,,,,,,,,,
1799,,18,,8,,,,,23,1,2,6,,,18,,,3,3,26,,,13,10,,18,13,,,,,,1,2,,,,,14,,,,,2,10,4,10,5,18,,1,4,12,15,,,,3,,,,22,9,,,13,,,2,,10,,,,,16,,13,,,,2,4,7,2,,4,5,9,,13,2,24,,,11,14,5,,10
1800,0,0,0,0,0,0,0,0,0,0,0,0,0,0,0,0,0,0,0,0,0,0,0,0,0,0,0,0,0,0,0,0,0,0,0,0,0,0,0,0,0,0,0,0,0,0,0,0,0,0,0,0,0,0,0,0,0,0,0,0,0,0,0,0,0,0,0,0,0,0,0,0,0,0,0,0,0,0,0,0,0,0,0,0,0,0,0,0,0,0,0,0,0,0,0,0,0,0,0,0
1801,,1,,,,,,,,11,,,25,,,,,,,,,,,,,,,,,,,,,,,,,,,1,,,,,,,,,,,1,,,,,,,,,,,,,,,,,,,,,,,,,,,,,,,,,,,,,,,,,,,,,,,,,
1802,,,,,,,,,,,,,,,,,,,,,,,,,,,,,,,,,,,,,,,,,,,,,,,,,,,,,,,,,,,,,,,,,,,1,,,,,,,,,,,,,,,,1,,,,,,,,,,,,,,,,,
1803,,,,,,,,,,,,,,,,,,,,,,,,,,,,,,,,,,,,,,,,,,,,,,,,,,,,,7,,,,,,,,,,21,,,,,,,,23,,,,,,,,,,,,,,,,,,,,,,,,,,,2,,
1804,0,0,0,0,0,0,0,0,0,0,0,0,0,0,0,0,0,0,0,0,0,0,0,0,0,0,0,0,0,0,0,0,0,0,0,0,0,0,0,0,0,0,0,0,0,0,0,0,0,0,0,0,0,0,0,0,0,0,0,0,0,0,0,0,0,0,0,0,0,0,0,0,0,0,0,0,0,0,0,0,0,0,0,0,0,0,0,0,0,0,0,0,0,0,0,0,0,0,0,0
1805,,20,,,,,,,24,14,,3,6,,18,,,5,2,36,,,11,15,3,20,11,,,,,,22,,,,,,,,,,,14,15,,2,13,27,,23,14,4,17,,,,6,,,,10,7,3,,18,,,,,19,,,,,18,,19,,,,,,11,,,2,,16,,14,19,27,,,14,,11,,10
1806,,,,,,,,,,,,12,,,,,,,,,,,,,,,13,,,,,,,,,,,,,,,,,,,,,,,,,,,,,,,,,,,,23,,,,,,,,,,,,,,1,30,,,,,,,,,,,,,,,,,,,,,,
1807,,,,,,,,,,,,,,,,,,1,1,,,,,,,,,,,,,,,,,,,,,,,,,,,,,,,,,,7,,,,,,,,,,,,,,,,,,,,,,,,,,,,,,,,,,,,13,,,,,,,,,,,
1808,,,,2,,,,,,,,4,,,,,,,,,,,,,,,,,,,,,,,,,,,,,2,,,15,,,20,,,,,,,,,4,,,,,,,,,,3,,,,,,,,,,,,,2,,,,,,,,,,,,,,,,,,,,2,
1809,,20,,,,,,1,24,13,4,9,10,,5,,,8,8,25,,,14,13,,17,9,,,,,,20,,,,,,14,,,,,9,20,,9,1,1,,10,4,10,10,,4,,9,,,,22,7,,,7,,1,,,17,3,,3,,2,,16,,,1,1,24,4,,,5,,12,1,9,3,1,,,11,13,13,,8
1810,,2,,,,,,,1,9,2,8,27,,17,,,9,9,30,,,3,11,,18,11,,,,,,7,,,,,,11,,7,,,7,14,,16,11,24,,11,4,12,1,2,,,4,4,,,7,4,,,16,,,4,,18,1,,,,6,4,2,,,,1,1,9,,,,,5,,14,16,21,,,13,14,8,,3
1811,,18,,10,,,,,9,13,,3,26,2,11,,,3,8,27,,,1,11,,12,12,,,,,,2,2,,,,,8,,,1,,12,4,,1,10,19,,11,12,6,3,,,,12,,,,1,9,1,,14,,,,,16,,,,2,4,,3,,,,,,9,,,1,,14,,15,11,14,,,14,13,11,,9
1812,,,,,,,,,,,,,,,,,,,,,,,,,,,,,,,,,,,,,,,,,,,,,,,,,,,,,,,,,,,,,,,,,,,,,,,,,,,,,,,,,,,,,,,,,,,,,,1,,,,3,,
1813,,5,,,,,,,18,1,,2,26,,4,,,8,10,28,1,,15,6,,15,4,,,,,3,,2,,1,,,15,,5,,,10,17,,2,12,18,,18,,1,12,,,,11,3,,,18,8,2,,16,,4,,,14,,,,,16,,14,,3,,,,10,,,10,1,10,,13,10,19,,1,15,13,8,,9
1814,12,7,,,,,,,28,,,,,,21,,,8,,28,,,2,,,,,,,,,,,,,,,,17,,,,,,,,,,27,,,,20,15,,4,,,,3,,,10,,,,,,,,,,,,,,,,,,,,1,,,,1,2,18,,,16,,,,,,,1,
1815,,,,,,,,,,,,,,,,,,,,,,,,,,,,,,,,,,,,,,,,2,,,,,,,,,,,,,,,,,,,,,3,,,,,,,,,,,,,,,,,,,,,,,,,,,,,,,,,,,,,,,
1816,,19,,3,,,3,,21,8,,8,25,,4,,,1,5,27,,7,7,6,,17,2,,1,,,,17,,,,1,,9,,,,,9,15,,7,5,25,,18,6,14,16,,,,11,2,,,23,3,,1,5,,,,1,18,,3,,,3,,15,,,,,,5,,,,,7,,14,1,3,,5,15,1,3,1,11
1817,,,,,,,,,27,15,,17,19,,17,,,,14,20,,,16,13,,20,,,,8,,,26,,,,,,4,,,,,5,19,,17,14,25,,25,18,12,16,,,,15,3,,,,6,,,18,,,2,,15,5,,,,18,,19,,,,,,11,,,,,13,,15,22,30,,2,15,14,21,,15
1818,,,,,,,,,,,,,,,,,,6,13,,,,,,,,,,,,,,,,,,,,12,,,,,12,,5,,,,,,,8,,,,,,,,,,,,,,,,,,,,,,2,,,,,,,,,,,,,,,,,,,,,,14,,,
1819,3,19,,3,1,,,1,25,10,,2,28,,18,,,8,6,33,1,,8,12,,17,12,,,,,,14,3,,,,,12,,,,2,7,11,,15,2,23,,15,4,1,1,,,,9,,,,23,5,3,,14,,,,,3,,,,,14,,19,,,,,,9,,,5,6,5,,2,11,25,,,13,14,1,,4
1820,,,,,,,,,,,,,,,,,,,,,,,,,,,,,,,,,,,,,,,,,,,,,,,,,,,,,,,,,,,,2,,,,,,,,,,,,1,,,,,,,,,,,,,,,,,,1,,,,,,,,,,
1821,,16,,,,,,,19,9,,8,21,,17,,3,2,7,28,,,12,2,,10,11,,,,,,19,1,,,,,11,,1,,,6,15,,16,8,26,,17,1,10,5,,,,5,9,,,6,4,,,4,,,,,17,16,,,,17,,1,2,,,,,6,,,,,8,,11,13,20,,,2,3,3,,5
1822,2,14,,,,,,,2,,,,,,20,,,10,10,,,,16,,,,9,,,,,,,,2,,,,5,4,,,5,,23,,1,,,,,,,,,,,2,,,,,,,,6,,,4,,21,10,,,,,2,19,,,,,,16,,2,,,,,,20,32,,,,3,,,3
1823,,23,,,,,,,19,10,,9,22,,16,,,5,9,20,3,,14,2,,17,6,,,,,,16,,,,1,,14,,,,1,1,2,,3,7,25,,12,2,12,1,,,,9,,,,12,2,,,10,,,,,9,,,2,,15,,15,,,,,2,8,,1,,,1,,1,10,27,,,8,11,9,,3
1824,,,,,1,,,,,,1,,,,,,,,,,,,,,,,,,,,,,,,,,,,,,,,,,,,,,,,,,,,,,,,,,,,,,,,,,,,,,,,,,,,,,,,,,,1,,,,,,,,,,,1,,,
1825,,21,,,,,,,,,,,,,,,,,,,,,,,,,,,,,,,,,,,,,,,,,,,,,,1,,,,,,,,,,,,,,,30,,,,,,,,,,,,,,,29,,,,,,,,,,,,,,,,,,,,,,
1826,2,20,,11,,1,,,17,14,,4,24,,9,,,9,5,30,,,1,5,,16,12,,,,,,17,3,1,,,,8,,,,,13,3,,14,9,24,1,14,1,10,15,,6,,9,,,,18,7,,,14,,3,,,1,,,,,13,,16,,,,,2,5,,,,,15,,14,13,3,,,12,2,12,,6
1827,0,0,0,0,0,0,0,0,0,0,0,0,0,0,0,0,0,0,0,0,0,0,0,0,0,0,0,0,0,0,0,0,0,0,0,0,0,0,0,0,0,0,0,0,0,0,0,0,0,0,0,0,0,0,0,0,0,0,0,0,0,0,0,0,0,0,0,0,0,0,0,0,0,0,0,0,0,0,0,0,0,0,0,0,0,0,0,0,0,0,0,0,0,0,0,0,0,0,0,0
1828,,,,,,,1,,,,,,,,,,,,,,,,,,,,,,,,,,,,,,,,,,,,,,,,,,,,,,,,,,,,,,,,,,,,,,,,,,,,,,,,,,,,,,,,,,,,,,,,,,,,,
1829,,,,,,,,,3,,,,,,,,,11,,,,,,,,,,,,,,,,,,,,9,17,5,,,,,,,,,,,,,16,,,,,,,2,,24,,,,,,,,,,,,,,,,,,,,,,,,,,,,1,,,,,,,,,,
1830,,,,,,,,,,,,,,,,,,,,1,,,,,,,,,,,,,,3,,,,,,,,,,,,,,,,,,,,,,,,,,,,,,,,,,,,,,,,2,,,,,,,,,,,,,,,,,,,,,,,,,,
1831,,,,,,,,,2,,,,25,,,,,,,,,,,,,,,,,,,,,,,,,,,,,,,,,,,,,,,,16,,,,,,,,1,,,,,,,,,,,,,,,,,,,,,,,,,,,,18,,,,,,,,,,,
1832,3,6,,,,,,,25,11,,8,22,,17,,,7,5,26,,,1,13,,4,10,,,,,,17,,,,,,10,1,6,,,2,10,,4,11,17,,11,6,12,2,,,,12,,,,16,10,,,17,,,,,18,,,,,17,,19,,,,,15,8,,,17,,7,,14,7,24,,,6,7,11,,10
1833,0,0,0,0,0,0,0,0,0,0,0,0,0,0,0,0,0,0,0,0,0,0,0,0,0,0,0,0,0,0,0,0,0,0,0,0,0,0,0,0,0,0,0,0,0,0,0,0,0,0,0,0,0,0,0,0,0,0,0,0,0,0,0,0,0,0,0,0,0,0,0,0,0,0,0,0,0,0,0,0,0,0,0,0,0,0,0,0,0,0,0,0,0,0,0,0,0,0,0,0
1834,1,1,1,1,1,1,1,1,1,1,1,1,1,1,1,1,1,1,1,1,1,1,1,1,1,1,1,1,1,1,1,1,1,1,1,1,1,1,1,1,1,1,1,1,1,1,1,1,1,1,1,1,1,1,1,1,1,1,1,1,1,1,1,1,1,1,1,1,1,1,1,1,1,1,1,1,1,1,1,1,1,1,1,1,1,1,1,1,1,1,1,1,1,1,1,1,1,1,1,1
1835,,20,,,,,,,20,5,,9,28,2,1,,,6,7,28,,1,13,13,,17,11,,1,,,,15,,6,,,,10,,,,2,11,4,3,15,1,25,,17,11,3,12,,,,7,1,,,24,8,6,,1,,,,,15,9,,,4,12,,3,,,,,18,2,,,9,,11,,11,1,25,,,14,8,4,,8
1836,,20,,,,,,,2,13,,15,19,,17,,3,3,1,20,,,16,14,,19,3,,,2,,7,18,,,,,,2,,5,2,,5,14,,13,5,7,,1,10,13,14,,4,,7,,1,,5,1,,,16,,,,,5,,,,,15,,17,,,,,,5,,,,,11,,14,16,10,,,15,14,1,,11
1837,,,,,,,,2,,,,,,,,,,,,,,,,,,,,,,,,,,,,,,,,,,,,,,,,,,,,,,,,,,,,,,,,,,,,,,,,1,,,,,,,,,,,,,,,,,,,,,,,,,,,,
1838,,,,,,,,,1,,2,2,,3,6,,2,,15,,,1,19,,,31,19,1,1,,,2,22,,,1,,,,1,,1,,,,,,16,,,30,10,19,,2,,,,,,,,,,,2,,,,2,19,,3,,,,,,,3,,,,,1,,,,,,,1,28,,,,,20,,16
1839,6,4,,1,,,,,2,8,,6,,,7,,,3,8,29,1,,15,9,,20,1,,,1,,,16,1,,,,6,9,,,,,6,15,,15,9,27,,18,4,4,11,,,,7,,,,15,4,,,14,,,,,18,13,,,,2,,16,,,,,,1,,,,,5,3,12,6,2,,,10,5,4,,7
1840,,,,,,,,,,,,,,1,,,,,,,,2,,,,,,,,,,,,,,,,,,,,,,,,,,,,3,,,,,,,,,,,,,,,,,,,,,,,,,,,,,,,,,,,,,,,,,,,,,,,,3,,
1841,,,,,,,,,,,,,,,,,,,,,,,,,,,,,,,,,,,,,,,,,,,,,,,,,,,,,,,,,,,,,,,,,,,,,,,,,,,,,,,,,,,,,,,,,,,,,,,,,,,,
1842,7,17,,,,,,,25,4,,4,21,,16,,,1,12,29,,1,14,1,,16,9,,,7,,,1,,,,,,9,,,,,10,15,,15,8,23,,12,3,1,18,1,,,7,,,,17,10,,,14,,,,,1,,1,,,1,3,21,,,,2,,9,,,,,10,,13,1,12,,4,5,14,11,,7
1843,,10,,,,,,,23,7,,3,24,,16,,,6,9,25,,,15,13,,15,10,,,,,,18,,,,,2,6,,2,,,5,13,,3,7,25,,16,9,,17,,,1,8,,,,23,9,1,,17,,,,,17,,,,,12,2,16,,,,,,10,,1,,,13,,12,3,27,,,16,14,10,,8
1844,,,,,,,,3,,,,,,,,,,,,,,,,,,,,,,2,,,,,,,,,,2,,,,,,,,,,,,,,,,,,,,,,,,,,,,,,,,,,,,,,,,,,,,,,,,,,,,,,,,,,,,
1845,,9,2,8,,,,,26,12,,5,20,,16,,,8,1,19,,,14,5,,11,12,,,8,,,10,,,,,,7,,,,,10,2,4,17,3,26,,18,8,10,13,,,,4,,,,8,5,,,14,,,,,18,16,,,,15,,18,,2,,,18,9,,,,,13,,12,2,21,,,9,14,4,,2
1846,2,19,,,,,,,25,16,,,10,,16,,,9,11,19,,,11,3,,19,5,,,,,,20,,,,,,13,,,,,5,16,,17,13,21,,16,13,7,16,,4,,8,,,,24,5,,,16,,,,,23,,,,,10,,11,,4,,,25,10,,,,,11,,11,17,24,,,14,13,10,,7
1847,,,,,,,,,,,,,,,,,,,,,,,,,,,,,,,,,,,,,,,,,,,,,,,,,,,,,,,,,,15,,,,,,,,,,,,,,,,,,,,,,,,,,,,,,,,,,,,,,,,8,,
1848,,,,,,,,,,,,,,,,,,,,,,,,3,,,,,,,,,,,,,,,,,,,,,,,,,,,,,,,,,,,,,,,,,,,,,,,,,,,,,,,,,,,,,,,,,,,,,,,,,,,,
1849,,4,,,,,,,5,10,6,8,3,,14,2,,5,8,27,,1,1,13,1,15,2,,,,,,15,,,,,,15,1,,,,9,1,3,9,5,2,,13,12,13,1,,,,4,,,,20,1,,,15,,,,,15,,,,1,1,,17,,,,,,2,,,7,,19,,10,14,25,,,9,12,10,,1
1850,,,,,,,,,,,,,,,,,,,,,,,,,,,,,,,,,,,,,,,,,,,,,,,,,,,,,,,,,,,,,,,,,,,,,,,,,,,,,,,,,,,,1,,,,,3,,,,,1,,,,,,
1851,,20,,,,,,,22,10,,6,20,,14,,1,8,11,15,,,15,7,,11,11,,,,,,16,,,1,1,,12,,,,,6,14,,2,10,26,,20,14,7,17,,,,4,10,,,24,6,,,17,,,,,18,1,,1,,14,,21,2,9,,,,8,,,,,11,,1,21,10,,,15,4,9,,4
1852,1,5,,,,,,,,16,,16,22,,19,1,,10,1,30,,,15,16,,20,8,,3,10,,,20,,,,,,,,,3,,12,16,,14,13,23,,26,,5,20,2,,,14,,2,,,3,,,11,,,,,18,,,,,20,,18,,,,,1,4,,,,,12,,,20,9,,,16,15,14,,11
1853,3,,,,,,,,,,,,,,,,,,,,,,,,,,,,,,,,,,,,,,,,,,,11,,,,,,,,,,,,,,,,,,2,,,,,,,,,,,,,,20,,,,,,,,,,,,,,,,,,,,,2,,,
1854,1,1,1,1,1,1,,2,11,11,,11,17,,1,,,4,1,15,1,13,1,14,1,21,1,,1,,,1,19,1,,,1,7,10,1,2,1,1,1,1,1,19,14,1,,1,11,13,17,1,1,1,2,,1,1,,10,3,,9,2,2,,1,1,1,1,,,20,,1,,2,1,,1,1,,1,2,1,13,1,,6,1,1,1,1,1,2,1,1
1855,,1,,,1,,,,,,,,1,,,,,,,,,,,,,,,,,,,1,,,,,,,,,1,1,,,,,,1,,,,,1,,,,,,,,1,,,1,,,,,,,,1,,,,,,,,,,,,,,,,,,,,1,,,,,,,,
1856,2,22,,,,,1,,24,,,1,1,,17,,5,9,4,30,,1,17,3,,1,11,,2,,,1,19,,1,,,,6,,1,,,12,10,,16,12,26,1,18,12,4,1,,,,1,,,,2,9,1,,17,,,,,14,,2,,,17,,1,,,,,,8,,,,,17,,12,15,24,1,,18,5,18,,9
1857,,,,,,,,,,,,,,,,,,,,,,,,,,,,,,,,,,,,,,,,,,,,,,,,,,,,,,,,,,,,,,,,,,,,,,,,,,,,,,,,,,,,,,,,,,,,,,,,,,,,
1858,,,,,,,,,26,16,,16,17,,18,,,,10,38,,,16,13,,17,,,,1,,,23,,,,,,,,,,,11,20,,18,18,21,,24,17,14,3,,,,6,10,,,25,9,,,18,,,2,,18,,,,,17,,21,,,,,,8,,,,,14,,15,18,27,,,14,17,12,,11
1859,,,,,,,,,,,,,,,,,,,,,,,,,,,,,,,,,,,,,,,,,,,,,,,,,,,,,,,,,,,,,,,,,,,,,,,,,,,,,,,,,,,,,,1,,,,,,,,,,,,,,
1860,3,13,,,,,1,,25,12,3,11,,1,18,,,1,12,,,1,17,,2,21,14,,,,,,14,,,,,2,1,,,2,,19,17,,,1,32,,,10,9,18,1,1,,1,,,,,6,,,16,1,,1,,16,,,,,19,2,2,1,,,1,,10,2,8,,,,,1,16,,,1,,11,14,,1
1861,,12,,,,1,7,,22,13,,12,29,,16,2,,6,9,21,,,12,12,,18,8,,4,5,,,1,,,,,,8,,,,,9,18,,9,8,21,,17,8,5,9,,,,12,,,,19,9,,,17,,,,,2,14,,,,20,,18,,,,,,1,,,,,11,,13,13,25,,,12,11,10,,7
1862,,,,,,,,,,,,,,,,,,,,,,,,,,,,,,,,,,,,,,,,,,,,,,,,,,,,,,,,,,,,,,,,,,,,,,,,,,,,,,,,,,,,,,,,,,,,,1,,,,,,,
1863,,21,,,,,,,25,13,,6,16,,17,,,3,11,26,,,14,12,,18,9,,,2,,,19,1,,,,,1,,,,,12,16,,17,12,20,,18,10,4,19,,,,4,,,,,4,,,17,,,3,1,19,,,,,15,,18,,,,,,11,,,,,12,,14,16,24,,,14,16,12,,12
1864,,1,,,,,,,25,9,,9,25,4,17,,,9,9,29,,13,11,14,,13,10,,,2,,,15,1,,,,,10,,2,4,,1,14,1,14,1,23,,18,3,7,13,,,,10,,,,6,9,,,11,,,,,13,,,,,11,,18,,,1,,,11,,,,,7,,9,16,24,,,8,7,10,,10
1865,,20,,,,,,,27,11,,18,,,22,,,12,14,36,,,19,11,,24,13,,,,,,24,,,,,3,,,,,,14,19,,22,15,22,,23,16,1,21,3,,,15,8,,,,30,,,20,,,,,19,,,,,19,,17,,1,,,,11,,,17,,15,,10,22,27,,,14,,14,,5
1866,,,,,,,,,,,,,,,,,,,,,,,,,,,,,4,,,,,,3,,,,,,,,,,,,,,,,31,,,,,,,,,,,,13,,,,,,,,,,,,,20,,22,,,,,,,,,,,,,,,,1,,,,,,
1867,,5,,,,1,,,4,7,,5,24,,3,,,8,9,5,3,,15,12,,10,10,1,,,,,12,3,,,,,4,,,,,11,19,3,15,7,6,1,20,11,7,17,,,,11,1,,,25,3,,,14,,,,,6,,,1,2,13,,15,,4,,,,1,2,,,,14,,10,11,1,,,5,1,4,,1
1868,10,20,,,,,,,23,12,,10,29,,1,,,6,5,1,,,2,10,,18,11,,,4,,4,15,,,,,,3,1,,,1,6,10,,7,10,25,,18,11,6,17,,1,1,11,,,,14,2,,3,15,,1,,,19,,,1,,16,,12,,1,1,1,,10,,,,2,14,2,9,17,4,,,10,14,10,,1
1869,,,,,,,,,,,,1,,,,,,,,,,,,,,,,,,,,,,,,,,,,,,,,,,,,,,,,,,,,,1,1,,,,,,,,,,,,,,,,,,,1,,,,,,,,,,,,,,,,,,,,,,,
1870,,,,,,,,,,,,,,,,1,,,,,,,,,,,,,,,,,,,,,,1,,,,,,,,,,,,1,,,,,,,,,,,,,,,,,,,,,,,,,,,,,,,,,,8,,,,,,,,,,,,,,,,
1871,,,,,,,,,,,2,,,,,,,,,,,,,,,,,,,,,,,,,,,,,,,,,,,,,,,,,,,,,,,,,,,,,,,,,,,,,,,,,,,,,,,,,,,,,,,,,,,,,,,,,
1872,,,,,,,,,,,,,,,,,,,,,,,,,,,,,,,,,,,,,,,,,,,,,,,,,,,,,1,,,,,,,,,,,,,,,,,,,,,,,,,,,,,,,,,,,,,,,,,,,,,,,
1873,,,,,,,,,,,,,,,,,,,,,,,,,,,,,,,,,,,,,,,,,,,,,,,,,,,,,,,,,,,,,,,,,,,,,,,,,,,,,,,,,,,,,,,,,,,,,,,,,,1,,
1874,,11,,,,,,,20,11,2,1,2,3,3,,,7,2,29,,,9,12,,18,9,,,,,,12,,3,,,,11,,,,,4,8,,14,1,1,,5,10,13,4,2,,3,4,,,,21,3,,,11,,,,,18,,,,,5,2,17,1,,,,3,6,1,,2,,10,1,5,10,2,,,14,9,1,,11
1875,,,,,,,,,,,,,,,,,,2,,,,,,,1,,1,,,,,,,,,,,,,2,,,,,,,,1,,,,,,,,,,,,,,,,,,,,,,,,,,,,,4,,,,,,,,,,,,2,,,,,,,,,,,
1876,,,,,,,,,,,,,,,,,,,,,,,,,,,,,,,,,,,,,,,,,,,1,,,,,,,5,,,,,,,2,,,,,,4,,,,,,,,,,,,,,,,,,,,,,,,,,,,,,,,,,,,,
1877,,13,,,,4,,,21,14,,9,6,,16,,,1,1,30,1,,12,11,,8,9,,,,1,1,16,,1,3,,,1,,1,,,11,16,,13,10,4,1,1,9,5,12,,,,5,3,,,19,4,,,13,,,,2,1,,,,,2,1,1,,1,,,,11,,,,,13,4,10,13,1,,,14,2,11,,11
1878,,,,,,,,,1,,,,,,,,,,,,,,,,,,,,,,,,,,,,,,,,,,,,,,,,,,,,,2,,,,,,,3,,,,,,,,,,,,,,,,,,,,2,,,,,,,,,,,,,,,,,,,
1879,,1,,,,,,,21,1,,7,24,,19,,,6,10,28,,7,9,12,,16,3,,,3,,,19,,2,,,,16,,,,,10,16,2,15,6,22,,14,8,3,15,7,,1,11,,,,1,8,,,16,,,,,13,,,1,,2,3,20,,,,,,4,,,11,,10,,3,12,24,,,5,1,9,,10
1880,,,,,,,,,,,,,,,,,,,,,,,,,,,,,,,,,,,,,,,,,,,,,,,,,,,,,,,,,,,,,,,,,,,,,1,,,,,,,,,,,,,,,,,,,,,,,,,,,,,,,
1881,,3,,,,,,,,,1,,,,,,,,,,,,,,,,9,,,,,,16,4,,,,2,,,,1,,13,,,,,,,,,11,,,1,,,,,,,,,,15,,,,1,1,,,,4,,,3,,,,,,,,,,,22,,,,,,,,12,,,
1882,,,,,,,,,,,,,,,,,,,,,,,,,,,,,,,,,,,,,,,,,,,,,,,,,,,,,,1,,,,,,,,,,,,,,,,,,,,,,,,,,,,,,,,,,,,,,,,,,,,,,
1883,6,23,,,,,,,25,15,,8,24,,19,,,10,11,34,,,8,10,,18,14,,,4,,,20,5,,,,,14,,,,,10,17,,25,,28,,19,16,7,17,6,,,9,,,1,,14,,,21,,3,,,16,,,,,16,,18,5,,,,,12,,,,,15,,5,18,26,,,,10,12,,10
1884,,,,,,,,,,,,,,,,,,,,,,,,,,,,,,,,,,,,,,,,,,,,,,,,,,,,,,,,,,,,,,,,,,,,,,,,,,,,,,,,,,,,,,,,,,,,,,,,,,,,
1885,,6,,,,,,,,1,,10,28,,18,,,10,12,28,,,,7,,17,11,,,,,,3,,,,,,,,,,,11,18,,17,,,,21,4,1,,,,,,,,,26,,,,17,,,,,,,,,,19,,,,,,,,,,,,,17,,,3,2,,,16,15,1,,
1886,4,15,,,,,1,,3,13,,9,11,,17,,,4,3,8,,,13,2,,8,9,,,,,4,10,,,,,,13,,,,,1,18,,8,4,17,,2,10,11,17,,,2,3,,1,,22,7,,,15,,,2,,1,,,,3,15,,18,,,,8,,4,,,11,10,1,,9,11,25,,,15,14,10,2,9
1887,,,,,,,,,,,,3,,,,,,,,,,,,,,,,,,,,,,,,2,,,,,,,,,,,,,,,,,,,,,,,,,,,,,,,,,,,,,,,,,,,,,,,,,,,,,,,,,,,,,,,,
1888,0,0,0,0,0,0,0,0,0,0,0,0,0,0,0,0,0,0,0,0,0,0,0,0,0,0,0,0,0,0,0,0,0,0,0,0,0,0,0,0,0,0,0,0,0,0,0,0,0,0,0,0,0,0,0,0,0,0,0,0,0,0,0,0,0,0,0,0,0,0,0,0,0,0,0,0,0,0,0,0,0,0,0,0,0,0,0,0,0,0,0,0,0,0,0,0,0,0,0,0
1889,,,,1,,,,,,,,1,,,2,,,,,,,,,,,,,,,,,,,,,1,10,,,,,,,,,3,,,,,,,,,,,,1,,,,,12,,,,1,,,,,,,,,,,,8,,,,,,,,,,15,,,,,,1,,,,,
1890,3,,3,,,3,,1,3,4,3,1,1,,3,4,3,2,,,,6,2,13,,,3,2,1,4,,9,2,,,,,1,,,,,2,10,20,,6,,3,1,,12,,19,,,3,,,,,,,,3,8,,,,,7,2,,,,,,3,2,,,3,,,,3,16,1,14,3,12,3,,1,,,7,,,
1891,,18,1,,,,,,20,12,,9,6,,17,,4,7,16,29,,,10,6,,15,8,,,5,,,18,,1,,2,3,10,,,,,12,20,,11,12,22,,14,11,7,15,,,,10,,,,18,6,1,1,9,,,,,11,10,,,,13,,6,4,7,,,,3,,,12,,14,,10,14,1,,,16,7,5,,11
1892,,,,,,,,,,,,,,,,,,,,,,,,,,,,,,,,,,,,,,,,,,,,,,,,,,,,,,,,,,,,,,,,1,,,,,,,,,1,,,,,,,,,,,,,,,,,,,,1,,,,,,,
1893,,,,,,,,,,,5,,,,,,,,,,,,,,,,,,,,,,,,,,,,,,,,,,,,,,,,,,,,,,,,,,,,,,,,,,,,,,,,,,,,,,,,,,,,,,,,,,,,,,,,,
1894,,,,,,,,,,,,,,,,,,,,,,,,,,,,,,,,,,,,,,,,,,,,,,,,,,,,,,,,,,,,,,,,,,,,,,,,,,,,,,,,,,,,,,,,,,,,,,,,,,,1,
1895,,,,,,,,,,,,,,,,,,,,,,,,,,,,,,,,,,,,,,,,,,,,,,,,,,,,,,,,,,,,,,,,,,,,,,,,,,2,,,,,,,,,,,,,,,,,,,,,,,,,,
1896,,31,,,,,,,,,,20,,,6,,,15,,,,,,1,,,3,,,,,,,,,,14,,,,,,,,,,,,,,,,,4,,,,,,,,,9,,,,,,,,,,1,,,19,,,6,,2,,,,,,,,2,,,,,3,,,,,,
1897,,,,,,,,,,,,,,,,,,,,1,,,,,,,,,,3,,,,,,,,,,,,,,,,,,,,,2,,19,17,,2,,,,,,,,,,,,,,,,,,,,,,,,,,,,,,,,,,,,,,,,,,,,
1898,,20,,,,1,,,22,4,,7,26,,14,,,1,4,29,,,13,12,,18,1,,,,,,6,,,,,,15,,3,,,8,15,,10,10,26,,14,11,13,1,,,,15,,,,14,8,,,1,,,,,17,,,,,15,,15,3,,,,11,10,,,,,14,,1,8,3,,,11,11,11,,6
1899,,,,,,,,,,,,,,,,,,,,,,,,,,,,,,,,,,,,1,,,,,,,,,,,,,,,,,,,,,,,,,,,,,,,,,,,,,,,,,,,,,,,,,,,,,,,,,,,,,,,,
1900,1,20,,,,,,,25,13,,7,2,,16,,,7,6,30,,,15,11,,18,9,2,,5,,,18,,,,,,1,,8,1,,10,12,,11,6,24,,3,3,7,1,,,,12,,,,17,2,,5,16,,4,,,19,,,,,2,,20,,,,3,,5,1,,2,3,10,,15,1,24,,3,9,10,9,,11
1901,,30,,,,,,,,,,,29,,,,,,,,,,,,,,,,,,,,,,,,,,,,,,,,,,,,,,,,17,,,6,,,,,,,,,1,,,,,,,,,,,,,,,,,,23,,,,,,19,,12,14,,,,,,,,
1902,,1,,,,,,1,24,13,,10,7,,14,,,7,9,29,,,10,14,,17,10,1,,,,,8,4,3,,2,,10,,4,,,11,10,,15,11,25,,2,6,2,12,1,,,10,,,,2,5,,,12,,,,,15,,,,3,4,,13,4,,,,18,8,,,,,14,,12,16,25,1,,10,13,12,,4
1903,,,,,,,,,,,,,,,,,,,,,,,,,,,,,,,,,,,,,,,,,,,,,,,,,,,,,,,,,,,,,,,,,,,,,,,,,,,,,,,,,,,,,,,,,,,,,,,,,,,,
1904,,,,,,,,,,,,,,,,,,,,,,,,,,,,,,,,,,,,,,,,,,,,,,,,,,,,,,,,,,,,,,,,,,,,,,,,,,,,,,,,,,,,,,1,,,,,,,,,,,,,,
1905,4,14,,1,,2,1,,2,,,,,,19,,,10,11,,,,7,,,,1,1,,,,2,,,,1,,1,6,2,,,4,,21,,,1,,,,,,,,,,,,,,,,,,6,,,,,21,,,,,,,18,,1,,,,1,,5,,,,1,,21,,,,,16,,,11
1906,,,,,,,,,,,,,,,,,,,,,,,,,,,,,,,,,,,,,,,,,,,,,,,,,,,,,,,,,,,,,,,,,,,,,,,,,,,,,,,,,,,,,,,,,,,,,,,,,,,,
1907,,,,,,,,,,,1,,,,,,,,,,,,,,,,,,,,,,,,,,1,,,,,,,,,,,,,,,,,,,,,,,,,,,,,,,,,,,,,,,,,,,,,,,,,,,,,,,,,,,,,,,
1908,,,,,,,,,,,,12,,,,,,,,,,,,,,13,14,,,,,,,,,,1,,16,,,,,,,,20,19,28,,19,,15,,,2,,10,6,,,,26,,,19,,,,,3,,,,,,,22,,,,,,9,,,,,,,,,,,,,18,2,,16
1909,,2,,,,,,,20,15,,14,,1,18,,,4,,36,,,15,15,,16,8,,,6,,,23,,,,,,14,,,,,4,2,,16,1,21,,21,15,13,17,,2,,13,,,,,14,,3,17,,,2,,19,2,,,,19,3,15,,,,,,12,,,,,14,4,13,24,,,,12,15,13,1,5
1910,,,,,,,,,,,,,28,,,,,,,,,,,,,12,,,,,,,,,,,,,,,,,,,,,,,,,,,14,,,7,,,,,,,,,,,,,,,,,,,,,,,,,,,,,,,,,,,,,,,,,1,,,
1911,,21,,,,,,,24,16,,15,,,16,,,,11,39,1,,10,10,,22,13,,5,,,,23,,,,,,,,,,,,20,,18,1,31,,22,13,6,13,2,,,14,,,,,13,,,19,,,,,17,4,,,,19,,21,,,,,,10,,,16,,11,,9,21,26,,,15,17,12,,14
1912,0,0,0,0,0,0,0,0,0,0,0,0,0,0,0,0,0,0,0,0,0,0,0,0,0,0,0,0,0,0,0,0,0,0,0,0,0,0,0,0,0,0,0,0,0,0,0,0,0,0,0,0,0,0,0,0,0,0,0,0,0,0,0,0,0,0,0,0,0,0,0,0,0,0,0,0,0,0,0,0,0,0,0,0,0,0,0,0,0,0,0,0,0,0,0,0,0,0,0,0
1913,,,,,,,,,,,,1,1,,,,,,,,,,,,,4,,,,,,,,2,,,,,,,,,,,,,,,,,,,1,,,,,,,3,,,,,,,1,,,,,,,,1,,,,,,,,,,,,,,2,,,,,,,,,4,2,
1914,,,,,,,,,,,,,,,,,,,,,,,,,,,,,,,,,,,,,,,,,,,,,,,,,,,,,,,,,,,,,,,,,,,,,,,,,,,,,,,,,,,,,,,,,,,,,,,,,,,,
1915,,,,,,,,,,,,,,,,,,,,,,,,,,,1,,,,1,,,,,,,,,,,,1,,,,,,,,,,,,,,,,,,,,,,,,,,,,,,,,,,,,,,,,,,,,,,,,,,,,,1,,,,
1916,,,,,,,,,,,,,,,,,,,,,,,,,,,,,,,,,,,2,,,,,,,,,,,,,,,,,,,,,,,,,,,1,,,,,,,,,,,,,,,1,,,,,,,,,,,,,,,,,,,,,,,
1917,0,0,0,0,0,0,0,0,0,0,0,0,0,0,0,0,0,0,0,0,0,0,0,0,0,0,0,0,0,0,0,0,0,0,0,0,0,0,0,0,0,0,0,0,0,0,0,0,0,0,0,0,0,0,0,0,0,0,0,0,0,0,0,0,0,0,0,0,0,0,0,0,0,0,0,0,0,0,0,0,0,0,0,0,0,0,0,0,0,0,0,0,0,0,0,0,0,0,0,0
1918,4,5,3,1,1,2,5,5,2,2,2,5,4,1,5,1,5,2,2,6,2,1,4,1,5,5,5,2,3,4,1,5,1,1,4,1,3,1,3,1,1,2,1,1,1,4,1,5,4,1,2,3,3,7,3,1,1,2,2,5,5,3,2,1,4,3,6,1,5,5,5,3,2,4,2,1,2,1,3,6,1,4,2,2,2,1,3,2,2,2,1,1,3,2,3,2,1,4,3,4
1919,,,,,,,,,,,,,,,,,,,,,,,,,,,,,,,,,,,,,,,,,,,,,,,,,2,,,,,,,,,,,,,,,,,,,,,,,,,,,,,,,,,,,,,,,,,,,,,,,,,,,
1920,,,,,,,,,,,,,,,,,,,,,,,,,,,,,,,,,,,,,,,,,,,,5,,,,8,,,,,,,,,,,,,,,,,,,,,,,,,,,,,,,,1,,,,,,,,,,,,,,,,,,,,
1921,,,,,,,,,,,,,,,,,,,,,,,,,,,,,,,,,,,,,,,,,,,,,,,,,,3,,,,,,,,,,,,,,,,,,,,,,,,,,,,,,,,,,,,,,,,,,,,,,,,,,
1922,,,,,,,,,,,,,,,,,,,,,,,,,,,,,,,,1,,,,,,,,,,,,,,,,,,,,,,,,,,,,,,,,,,,,,,,,2,,,,,,,,,,,,,,,,,,,,,,1,,,,,,
1923,,,,,,,,,,,,,,2,,,,,2,,,,,,,,,,,,,,,,,1,,,,,,,,,,,,,,,,,,,,,,,,,,,,,,,,,,,,,,,,,,,,,,,,,,,,,,,,,,,,,,,,
1924,,,1,6,4,9,,3,,,,,,,1,6,6,,,,,,28,,,,,,,,,1,,,,,1,,,,,3,11,,,2,,,,,1,,,,,,2,6,,1,,,,,,,,,,,,,,,,,,,,,,,,,,,,,,1,,,,,,2,,,,
1925,1,2,2,2,7,1,4,6,4,1,2,2,2,1,3,1,2,1,4,4,1,3,2,2,4,4,2,3,2,1,3,5,4,1,2,1,1,6,3,1,4,5,3,4,1,2,1,5,1,4,1,2,2,5,5,1,2,3,2,4,5,3,1,2,1,3,5,1,,2,6,1,3,1,4,4,2,2,4,4,3,4,1,2,2,4,2,5,1,3,2,2,4,3,3,1,6,5,3,4
1926,,,,,,,,,,,,,,,,,,,,,,,,,,,,,,,,,,,,,,,2,,,,,,,,,,,,,,,,,,,,,,,,,,,,,,,,,,,,,,,,,,,,,,,,,,,,,,,,,,,,,
1927,,,,,,,,,,,,,,,,,,,,,,,,,,,,,,,,,,,,,,,,,,,,,,,,,,,,,,,,,,,,,,,,,,,,,,,,,,,,,,,,,,,,,,,,,,,,,,,,,,,,
1928,,,,,,,,,,,,,,,,,,,,,,,,,,,,,,,,,,,,,,,,,,,,,,,,,,,,,,,,,,,,,,,,,,,,,,,,,,,,,,,,,,,,,,1,,,,,,,,,,,,,,
1929,3,1,2,1,1,3,4,3,1,3,3,1,5,4,3,1,4,5,2,3,3,4,2,2,3,3,5,5,1,3,4,4,4,3,2,4,6,4,1,4,4,3,3,3,4,3,2,4,4,5,1,3,4,3,1,3,2,1,1,5,1,5,1,3,2,4,2,3,6,4,3,1,2,1,1,2,1,1,3,2,1,1,3,1,4,3,1,4,5,1,2,2,4,4,2,3,4,1,3,2
1930,,,,,,,,,,,1,,,,,,,,,,,,,,,,,,,1,,,,,,,,,,1,,,,,,,,,,,,,,,,,,,,,,,,,,,,,,,,,,,,,,,,,,,2,,,,,,,,,,,,,,,,,
1931,,,,,,,,,,,,,,,,,,,,,,,,,,,,,,,,,,,,,,,,,,,,,,,,,,,,,,,,,,,,,,,,,,,,,,,,,,,,,,,,,,,,,,,,,,,,,,,,,,,,
1932,,,,,,,,,,,,,,,,,,,,,1,,1,,,,,,,,,,,,,1,,,,,,1,,,,,,,,,,,,,,,,,,,,,,,,,,,,,,,,,,,,,,,,,,,,,,,,,,,,,,,,,,
1933,,,,,,,,,,,,,,,,5,,,,,,,,,,,,,,,,,,,,,,,,5,,,,,,,,,,,,,,,,,,,,,,,,,,,,,,,,,,,,,,,,,,,,,,,,,,,,,,,,,,,,
1934,,,,,,,,,,,,,,,,,,,3,,,,,,1,,,,,,,,,,,,,,,,,,,,,,,,,,,,,,,,,,,,,,,,,,,,,,,,,,,,,,,,,5,,,,,,1,,,,,,,,,,,,
1935,,,,,,,,,,,,,,,,,,,,,,,,,,,,,,,,,,,,,,,,,,,,,,,,,,,,,,,,,,,,,,,,,,,,,,,,,,,,,,,,,,,,,,,,,,,,,,,,,,,,
1936,,,,,,,,,,,,,,,,,,,,,,,,,1,,,,,,,,,,,1,,,,,,,,,,,,,,,,,,,,,,,,,,,,,,,,,,,,,,,,,,,,,,4,,,,,,,,,,,,,,,,,,
1937,,,5,,,,,,,,1,,,,,,,,,,,1,,,2,,1,1,,,,,,,,,1,,,,,,,,1,,,,,,,,,,,1,,1,,,1,,,2,,,,2,,,,,,1,1,,,,1,,,,,,,1,1,,,1,4,,,,,1,,,,1
1938,0,0,0,0,0,0,0,0,0,0,0,0,0,0,0,0,0,0,0,0,0,0,0,0,0,0,0,0,0,0,0,0,0,0,0,0,0,0,0,0,0,0,0,0,0,0,0,0,0,0,0,0,0,0,0,0,0,0,0,0,0,0,0,0,0,0,0,0,0,0,0,0,0,0,0,0,0,0,0,0,0,0,0,0,0,0,0,0,0,0,0,0,0,0,0,0,0,0,0,0
1939,,,,,,,,,,,4,,,,,,,,,,,,,,,,,,,,,,,,,,,,,,,,,,,,,,,,,,,,,,,,,,,,,,,,,,,,,,,,,,,,3,,,,,,,,,,3,,,,,,,,,,,
1940,,,,,,,,,,,,,,,,,,,,,,,,,,,,,,,,,,,,,,,,,,,,,,,,,,,,,,,,,,,,,,,,,,,,,,,,,,,,,,,,,,,,,,,,,,,,,,,,,,,,
1941,0,0,0,0,0,0,0,0,0,0,0,0,0,0,0,0,0,0,0,0,0,0,0,0,0,0,0,0,0,0,0,0,0,0,0,0,0,0,0,0,0,0,0,0,0,0,0,0,0,0,0,0,0,0,0,0,0,0,0,0,0,0,0,0,0,0,0,0,0,0,0,0,0,0,0,0,0,0,0,0,0,0,0,0,0,0,0,0,0,0,0,0,0,0,0,0,0,0,0,0
1942,5,4,3,4,2,1,2,1,3,4,1,3,4,4,4,2,4,5,3,5,3,3,2,4,1,6,1,1,6,2,4,1,3,2,4,4,8,4,3,3,2,1,1,1,5,3,2,1,4,3,6,,3,4,2,2,5,2,3,6,2,4,4,6,3,3,6,1,9,3,6,4,4,1,5,1,4,1,5,3,1,5,4,4,4,2,3,5,3,1,2,1,1,6,4,2,2,2,7,1
1943,0,0,0,0,0,0,0,0,0,0,0,0,0,0,0,0,0,0,0,0,0,0,0,0,0,0,0,0,0,0,0,0,0,0,0,0,0,0,0,0,0,0,0,0,0,0,0,0,0,0,0,0,0,0,0,0,0,0,0,0,0,0,0,0,0,0,0,0,0,0,0,0,0,0,0,0,0,0,0,0,0,0,0,0,0,0,0,0,0,0,0,0,0,0,0,0,0,0,0,0
1944,,,,,,,,,,,,,,,,,,,,,,,,,,,,,,,,,,,,,,,,,,,,,,,,,,,1,,,,,,,,,,,,,,,,,,,,,,,,,,,,,,,,,,,,,,,2,,,,,,,,,8,
1945,,,,,,,,,,,,,,,,,2,,,,,,,,,,,,,,,,,,,,,,,,,,,,,,,,,,1,,,,,,,,,,1,,,,,,,,,,,,,1,,,,,,,,,,,,,,,,,,,2,,,,,,,
1946,0,0,0,0,0,0,0,0,0,0,0,0,0,0,0,0,0,0,0,0,0,0,0,0,0,0,0,0,0,0,0,0,0,0,0,0,0,0,0,0,0,0,0,0,0,0,0,0,0,0,0,0,0,0,0,0,0,0,0,0,0,0,0,0,0,0,0,0,0,0,0,0,0,0,0,0,0,0,0,0,0,0,0,0,0,0,0,0,0,0,0,0,0,0,0,0,0,0,0,0
1947,,,,,,,,,,,,,,,,,,,,,,,23,,,,,,,,,,,,,,,,,,,,,,,,,,,,,,,,,,,,,,,,,,,,,,,,,,,,,,,,,,,,,,,,,,,,,,,,,,4,,,
1948,,,,,,,,,,,,,1,,,,,,,,,,19,,,,,,,,,,,,,,,,,,,,,,,,,6,,,,,,,,,,,,,,,,,,,,,,,,,,,,2,,,,,,,,,,,,3,,,,,,,,,,,,
1949,1,,,,,,,,,,,,,,,,,1,,,,1,2,12,,,,,,,,,,,,,,,,,,,,,,1,,,,,,,,,,,,,,,,,,,,,,1,,,,1,1,,,,,,,,3,,,,,,,,,,,,,,,,,,,
1950,,,,,,,,,,,,,,,,,,,,,,,,,,,1,,,,,,,,,,,,,,,,,,,,1,,,,,,,,,,,,,,,,,,,,,,,,,,1,,,,,,,,,,,,,,,,,,,,,,,,,,,
1951,,,,,,,,,,,,,,,,,,,,,,,,,,,,,,,,,,,,,,,,,,,,,,,,,,,,,,,,,,,,,,,,,,,,,,,,,,,,,,,,,,,,,,,,,,,,,,,,,,,,
1952,,1,,,,,,,,1,,,,,,,,,,,,,,,,,,,,,,,,,1,,,,2,,,,,,,,3,,,,,,1,,,,,,,,,,,,,,,,,4,,3,,,,,,,,,,,,,,,,,,,,,,1,,,1,,1,
1953,6,3,2,4,7,1,4,5,1,3,3,1,5,1,3,3,2,4,1,3,2,1,2,3,2,3,1,4,3,1,2,1,1,3,2,1,1,1,3,2,1,4,3,6,1,2,4,2,5,5,5,2,3,3,2,4,2,3,3,2,3,5,1,1,3,1,2,5,3,3,1,1,1,4,4,2,2,2,2,3,1,6,7,4,3,1,3,1,3,3,1,1,4,1,3,4,2,2,4,2
1954,,,,,,,,,,,,,,,,,,,,,,,,,,,,,,,,,,,,,,,,,,,,,,,,,,,,,,,,,,,,,,,,,,,,,,,,,,,,,,,,,,,,,,,,,,,,,,,,,,,,
1955,,,,,,,,,,,,,3,,,,,,,,,,,,,,,,,,,,,,,,,,,,,,,,,,,,,,,,,,,,,,,,,,,,3,,,,,,,,,,,,,,,,,,,,,,,,,,,,,,,,,,,
1956,,6,,,,,,,,,3,,,,3,,,,2,,,,,,,,,,,,,,,1,1,3,,2,,1,6,,,,7,,,1,,,,,,,,1,1,,6,,,,,,,,,,,,,,,,7,,3,,2,,,,,,,,,,,1,,,,,2,,7,,4,1
1957,,,,,,,,,,,,,,,,,,,,,,2,,,,,,,,,,,,,,,,,,,,,,,,,,,,,,,,,,,,,,,,,,,,,,,,,,,,,,,,,,,,,,,,,,,,,,,,,,,,,,
1958,,,,,,,,,,,,,,,,,,,,,,,,,,,,,,,,,,,,,,,,,,,,,,,,,,,,,,,,,,1,,,,,,,,,,,,,,,,,,,,,,,,,,,,,,,,,1,,,,,,,,,
1959,,,,,,,,,,,,,,,,,,,,,,,,,,,,,,,,,,,,,,,,,,,,,,,,,,,,,,,,,,,,,,,,,,,,,,,9,,,,,,,,,,,,,,,,,,,,,,,,,,,,,
1960,,,,,,,,,,,,,,,,,,,3,,,,,,,,,,,,,,,,,,,,,,,,,,,,,,,,,,,,,1,,,,,,,,,,,,,,,,,,,,,,,,,,,,,,,,,,,,,,,,,,,3,
1961,,,1,,,1,,,,,,,,,1,,,,2,,,,,,,,,,,,,,,,2,3,,,,,3,,1,,,,,,,,,,1,,,,6,,5,,,,5,,,,,,,,,,,,6,,4,,,,,,,,,,,,,,,5,,,1,,3,,7,
1962,7,3,6,4,4,5,1,2,2,4,2,4,3,2,2,2,3,6,2,2,3,1,1,5,1,6,5,4,5,3,6,3,1,3,1,4,1,3,7,5,3,3,2,5,2,4,6,3,1,3,3,4,3,3,3,1,3,1,3,5,4,2,1,2,5,4,2,5,6,4,3,4,2,2,1,2,2,5,1,2,1,1,3,4,1,2,4,3,1,3,2,5,4,2,1,3,2,3,1,3
1963,1,1,1,4,2,1,3,3,2,2,1,4,1,1,1,1,3,3,1,2,1,2,1,3,1,4,1,1,2,1,1,1,1,1,3,2,1,2,1,3,4,6,3,2,4,2,4,2,1,3,3,3,2,2,2,1,3,3,1,2,3,3,3,4,5,1,1,3,2,2,5,2,4,1,1,4,1,1,1,1,1,2,2,3,3,3,2,2,2,5,4,4,3,4,1,4,1,1,1,4
1964,,,,,,,,,,,,,,,,,,,,,,,,,,,,,,,,,,,,10,,,,,,,,,,,,,,10,,,,,,,,,,,,,,,,,,,,,,,,,,,,,,,,,,,,,,,,,2,,,,,,,,4,
1965,,,,,,,,,,,,,,,,,,,,,,,,,7,,,,,,,,,,,,,,,,,,,,,,,,,,,,,,,,,,,,1,,,,,,,,,,,,,,,,,,,,,,,,,,,,,,2,,,,,,,,2,
1966,4,1,4,1,6,3,1,1,5,5,1,7,4,3,1,4,4,3,2,2,2,2,2,3,4,3,7,2,1,4,2,2,4,1,3,2,2,5,2,2,3,5,3,3,1,1,1,3,1,4,4,3,2,6,5,1,3,3,1,5,5,2,3,4,6,2,1,3,5,1,1,1,1,4,4,4,2,1,2,1,2,3,3,4,5,4,5,3,3,2,3,4,1,2,,6,1,1,1,2
1967,1,,,,1,,1,,1,1,,1,,1,1,,,1,1,1,1,,,1,2,1,1,1,,,1,,,,1,1,1,,,1,,1,,1,,,,,,1,,,1,,,1,,1,,1,1,1,,,1,1,,1,,,1,1,,1,,,,,,,1,,,,,,1,,1,,1,1,,1,1,1,1,1,,
1968,,,,,,,,,,,,,,,,,,,,,,3,,,,,,,,,,,,,,,,,,,,,,,,,,,,,,,,,,,,,,,,,,,,,,,,,,,,,,,,,,,,,,,1,,,,,,,,,,,,,,,
1969,,,,,,,,,,,1,,,,,,,,,,,1,,,,1,,,1,1,,1,,,,,,4,,,,,,,,,,,,1,,,,,,,1,2,,,1,,,,3,,,,1,,,,,,1,,,,,,,,,,1,,,,,,,,,,1,,,,,
1970,,,,,,,,,,,,,,,,,,,,,,5,,,,,,,,,,,,,,,,,,,,,,,,,,,,,,,,,,,,,,,,,,,,,,,,,,,,,,,,,,,,,,,,,,,,,,,,,,,,,,
1971,3,1,5,3,2,4,4,4,5,2,3,3,3,4,1,4,3,3,3,6,5,3,3,1,4,4,5,2,3,6,5,3,1,1,4,3,4,2,2,2,2,4,5,4,4,3,4,1,4,1,1,4,2,3,4,3,3,3,2,6,4,2,6,1,4,4,4,5,4,2,2,3,2,2,3,7,3,4,4,2,2,5,2,1,4,3,2,1,2,1,1,6,4,5,3,2,5,2,4,1
1972,,,,,,,,,,,,,,,,,,,,,,,,,,,,,,,,,,,,,,,,,,,,,,,,,,,,,,,,,,,,,,,,,,,,,,,,,,,,,,,,,,,,,,,,,,,,,,,,,,,,
1973,,,,,,,,,,,,,,,,,,,,,,,,,,,,,,,,,,,,,,,,,,,,,,,,,3,,,,,,,,,,,,,,,,,,,,,,,,,,,,,,,,,,,,,,,,,,,,,,,,,,,
1974,,,,,,,2,1,,,,,,,,,,,,,,,,,,,,,,,,,,,,10,,,,,,,,,,,,1,,8,,,1,,,,,,,,,,,,,,,1,,,,,,,,2,,,,,,,,,,,,,1,,3,1,,,,6,,,,
1975,,,,,,,,,,,,,,,,,,,,,,,,,,,,,,,,,,,,,,,,2,,,,,,,,1,,,,,,,,,,,,,,,,,,,,,,,,,,,,,,,,,,,,,,,1,,,,,,,,,,,,,
1976,,,,,,,,,,,,,,,,,,,,,,,,,,,,,,,,,,,,,,,,,,,,,,,,,,,,,,2,,,,,,,,,,,,,,,,,,,,,,,,,,,,,,,,,,,,,,,,,,,,,,
1977,,,,,,,,,,,,,,,,,,,,,,,2,,,,,,,,,,,,,9,,,1,,,,,,,,,,,,,,,,,,,,,,,,,,,,,3,,,,1,,,,1,,,,,2,,,,,,,,,,,,,1,,,3,,,
1978,,,,,,,,,,3,,1,1,,,5,,,,3,,,,,,1,,,,,,,,,,,,,,,,,,,,,,,,,4,,,1,,,,,1,,,,,,,,,,,,,,,,,,,,,,,,,,,,,,,,,,,,,,1,,,
1979,5,4,4,2,4,1,1,4,2,2,2,2,3,3,3,1,3,3,2,2,4,4,4,3,3,4,3,2,2,3,4,4,1,1,2,1,1,4,4,3,3,2,1,6,2,3,2,2,3,5,2,3,2,2,3,3,4,3,2,4,4,4,1,4,2,3,3,6,6,2,1,3,2,3,3,4,2,4,3,3,3,7,1,2,4,2,2,5,2,1,1,2,4,2,4,1,2,4,4,3
1980,,,,,,,,,,,,,,,,,,,,,,,,,,,,,,,,,,,,,,,,,,,,,,,,,,,,,,,,,,,,,,,,,,,,,,,,,,,,,,,,,,,,,,,,,,,,,,,,,,,,
1981,,,,,,1,,,,,,,,,,,,,,,,,,,,,,,,,,,,,,,,,,,,,,,,,5,,,,,,,,,,,,,,,,,,,,,,,,,,,,,,,,,,,,,,,,,,,,,,,,,,,,,
1982,,,,,,,,,6,4,6,,,,,,,,,,,,5,,,5,,,,,,5,4,,2,,,,,,,6,11,,,4,1,,,3,,,,,,,,8,,9,,,,,,,,,,,,,,,,,,16,3,1,,7,,,5,7,,,1,,,,,,,,,,,
1983,0,0,0,0,0,0,0,0,0,0,0,0,0,0,0,0,0,0,0,0,0,0,0,0,0,0,0,0,0,0,0,0,0,0,0,0,0,0,0,0,0,0,0,0,0,0,0,0,0,0,0,0,0,0,0,0,0,0,0,0,0,0,0,0,0,0,0,0,0,0,0,0,0,0,0,0,0,0,0,0,0,0,0,0,0,0,0,0,0,0,0,0,0,0,0,0,0,0,0,0
1984,1,3,1,3,4,2,4,4,2,3,2,2,1,2,4,2,2,4,1,1,4,4,3,3,2,3,3,3,5,1,3,3,4,2,2,3,2,2,4,4,4,4,3,6,2,2,2,3,5,1,1,3,6,2,4,5,4,3,3,3,3,3,5,1,6,2,7,4,4,1,1,1,2,2,4,3,2,3,4,5,4,3,2,3,1,3,4,5,2,3,3,4,4,4,5,4,1,4,2,5
1985,0,0,0,0,0,0,0,0,0,0,0,0,0,0,0,0,0,0,0,0,0,0,0,0,0,0,0,0,0,0,0,0,0,0,0,0,0,0,0,0,0,0,0,0,0,0,0,0,0,0,0,0,0,0,0,0,0,0,0,0,0,0,0,0,0,0,0,0,0,0,0,0,0,0,0,0,0,0,0,0,0,0,0,0,0,0,0,0,0,0,0,0,0,0,0,0,0,0,0,0
1986,1,2,4,2,4,2,4,3,4,3,3,4,1,4,3,1,4,3,1,1,4,4,3,2,3,4,2,5,2,3,6,6,3,3,2,2,1,3,4,3,8,3,5,4,2,2,4,3,4,4,3,4,7,2,3,3,4,4,5,5,5,3,3,4,4,1,6,2,1,5,3,1,4,3,4,2,3,4,4,3,5,3,6,5,4,3,3,7,2,2,4,4,3,2,4,3,5,2,2,2
1987,,,,,,,,,,,,,2,,,,,,,,,,,,,,,,,,,,,,,,,,,,,,,,,,,,,,,,,,,,,,,,,,,,,,,,,,,,,,,,,,,,,,,,,,,,,,,,,,,,,,,
1988,,,,,6,10,,4,,,,,,,6,5,5,,,,,,22,,,,,,,,,,,,,,,,,,,5,10,,,,,,,,,,,,,,,7,,,,,,,,,,,1,,4,,,,,,,,4,,,,,,,,,,,,,,,,,2,,,,
1989,4,3,4,4,1,1,3,5,1,4,4,4,2,4,4,1,3,3,3,1,5,4,2,3,2,2,1,2,2,3,5,5,1,3,6,1,2,5,3,3,1,1,5,4,4,4,3,3,3,3,1,3,3,4,1,3,5,1,3,1,2,4,4,2,3,3,1,2,3,3,2,3,1,1,2,2,4,1,1,3,5,2,1,4,3,1,3,4,4,5,1,5,6,3,3,4,4,3,1,1
1990,,,,,,,,,,,,,,,,2,,,,,,,,,1,,,,,,,,,,,,,,,,,,,,,,,,,1,,,,,,,,,,1,,,,1,,,,,,,,,3,,,,,,,,,1,,,,,,,,,,,,,,,,,,
1991,,,,,,,,,,,,,,,,,,,,,,1,,,,,,,,,,,,,,,,,,,,,,,,,,,,,,,,,,,,,,,,,,,,,,,,,,,,1,,,,,,,,,,,,,,,,,,,,,,,,,,
1992,,,,,5,10,1,,,,,,,,7,7,4,,2,,,,27,,,,,,,,,,,,,,,,,,,2,11,,,,,,,,,,,,7,1,,3,,,,,,,,,,,,,5,,,,,,,8,,,,,,,,,1,,,,,,1,3,,,,,,
1993,0,0,0,0,0,0,0,0,0,0,0,0,0,0,0,0,0,0,0,0,0,0,0,0,0,0,0,0,0,0,0,0,0,0,0,0,0,0,0,0,0,0,0,0,0,0,0,0,0,0,0,0,0,0,0,0,0,0,0,0,0,0,0,0,0,0,0,0,0,0,0,0,0,0,0,0,0,0,0,0,0,0,0,0,0,0,0,0,0,0,0,0,0,0,0,0,0,0,0,0
1994,,,,,,,,,,,,,,,,,,,,,,,,,,,,,,,,,,,,,,,,,,,,,,,,,,,,,,,,,,,,,,,1,,,,,,,,,,,,,,,,,,,,,,,1,,,,,,,,,,,,,,
1995,,,,,,,,,,,,,,,,,,,,,,,,,,,,,,,,,,,,,,,,,,,,,,,,,,,,,,,,,,,,,,,,,,,,,,,,,,,,,,,,,,,,,,,,,1,,,,,,,,,,,
1996,,,,,,,4,,,,,3,1,,,,1,,,,,5,,,,2,,,2,3,,1,2,,5,,,,5,2,2,,,,1,1,,,1,1,4,,,,1,,,,,,,,,,1,2,,,,,,2,,,,2,,2,,1,,1,1,,,,,,,,,,,1,,,2,,3,
1997,1,3,1,3,2,4,1,4,1,3,1,5,3,2,4,2,4,2,4,4,4,1,3,3,4,4,3,2,5,1,1,3,2,1,2,2,4,1,3,1,1,1,3,3,2,3,4,3,1,1,3,4,1,2,1,3,3,3,1,3,1,1,1,2,4,1,2,1,1,3,2,2,2,3,3,4,3,2,1,6,3,5,4,5,1,2,5,4,4,1,3,1,6,5,2,2,2,1,6,5
1998,,,,,,,,,,,,,,,,,,,,,,,,,,,,,,,,,,,,,,,,,,,,,,,,,,,,,,,,,,,,,,,,,,,,,,,,,,,,,,,,,,,,,,,,,,,,,,,,,,,,
1999,,,,2,,,,,,,,,,,,,,,,,,,,,,,,,,,,,,,,,,,,,,,,,,,,,,,,,,,,,,,,,,,,,,,,,,,,,,,,,,,,,,,,,,,,,,,,,,,,,,,,
2000,,,,,,,,,,,,,,,,,,,,,,,,,,,,,,,,,,,,,,,,,,,,,,,,,,,,,,,,,,,,,,,,,,,,,,,,,,,,,,,,,,,,,,,,,,,,,,,,,,,,
2001,,,,,,,,,,,,,,,,,,,,,,,,,,,,,,,,,,,,,,,,,,,,,,,,,,,,,,,,,,,,,,,,,,,,,,,,,,,,,,,,,,,,,,,,,,,,,,,,,,,,
2002,,,,,,,,,,,2,,,,,,,,,,,,,,,,,,,,,,,,,,,,,,,,,,,,,,1,1,,,,,4,,,,,,,,,,,,,,,,,,,,,,,,,,,,,,,1,,,,,,,,,,,,,,
2003,,,,,,,,,,,,,,,,,,,,,,,,,,,,,,,,,,,,,,,,,,,,,,,,,,,,1,,,,,,,,,,,,,,,,,,,,,,,,,,,,,,,,,,,,,,,,,,,,,,,,
2004,,,,,,,,,,,,,,,,,,,,,,,,,,,,,,,,,,,,,,,,,,,,,,,,,,,,,,1,,,,,,,,,,,,,,,,,,,,2,,,,,,,,,,,,,,,,,,,,,,,,,,
2005,4,3,3,3,1,3,1,6,5,4,3,1,1,1,3,1,5,1,5,6,6,2,2,5,3,5,4,5,3,4,1,4,3,1,4,5,2,1,1,3,1,1,1,5,3,4,2,2,4,2,3,1,1,5,4,,1,1,2,2,1,1,3,1,4,3,1,2,6,3,4,2,4,3,1,4,4,2,3,2,4,5,3,3,1,1,1,2,4,1,3,5,3,3,4,3,3,1,2,5
2006,,,,,,,,,,,,,,,,,,,,,,,,,,,,,,,,,,,,,,,,,,,,,,,,,,,,,,,,,,,,,,,,,,,,,,,,,,,,,,,,,,,,,,,,,,,,,,,,,,,,
2007,,,2,,1,,,,,,4,14,,9,,,,,,,,,,,,,,,2,,,,,,,,,2,,,,,,4,6,,1,,5,,,,4,,3,,,,,,,,,,,,,,8,2,,,,,,1,,,,,,,5,,,,,,,,,,,,,,,,,2
2008,,,,,,3,,,,,,,,,,,,,,,,,,,7,,,,1,,,,,,,7,,,,,,,,,,,,,,,,,1,,,,,,,,,,,1,,,,,,,,,,,,,1,,,2,,,3,,,,,,,,,,,,,,,,,
2009,,,,,,,,,,,,,,,,,,,,,,,,,,,,,,,,,,,,,,,,,,,,,,,,,,2,,,,,,,,,,,,,,,,,,,,,,,,,,,,,,,,,,,,,,,,,,,,,,,,,,
2010,,,,,,,,,,,,,,,,,,,,,,,,,,,,,,,,,,,,,,,,,,,,,,,,,,,,,,,,,,,,,,,,,,,,,,,,,,,,,,,,,,,,,,,,,,,,,,,,,,,,
2011,,,,,,,,,,,,,,,,,,,,,,,,,,,,,,,,,,,,,,,,,,,,,,,,,,,,,,,,,,,,,,,,,,,,,,,,,,,,,,,,,,,,,,,,,,,,,,,,,,,,
2012,,,1,,,,,,,,,,,,,,,,,,,,,,,,,,,,,,,,,,,,,1,,,,,,1,,,,,,,,,,,,,,,,,,,,,,,,,,,,,,,1,,1,,,,,,,,,,,1,,,,,,,,,,
2013,,,,,,,,,,,,,,,,,,,1,,,,,,,,,,,,,,,,,,,,,,,,,1,,,,,,4,1,,,,,,,,,,,,,,,,,,,,,,,,,,,,,,,,,,,,,,,,,,,,1,,,,,
2014,,,,,,,,,,,,,,,,,,,,,,,,,,,,,,,,,,,,,,,,,,,,,,,,,,,,,,,,,,,,,,,,,,,,,,,,1,,,,,,,,,,,,,,,,,,,,,,,,,,,,2
2015,,,3,,,,,,,,,,,,,1,,,,,,1,,,1,1,,2,,,,,,,1,,,,,,,,,,,,,,,,,,,,,,,1,,,,,,1,,,1,3,,,1,,,2,2,,,,,,1,,1,,,,2,,,2,3,,,,,1,,1,,2
2016,,,,,,,,,,,,,,,,,,,,,,,,,,,,,,1,,,,,,,,,,,,,,,,,,,,,,,,,,,,,,,,,,,,,,,,,,,,,,,,,,,,,,,,,,,,,,,,,,,,,,
2017,,,,,,,3,,,,,,2,,,,,,,,,5,,,,,,,2,3,,2,2,,,,1,,,1,,,,,,2,,,2,1,,,,,,,,,,,,,,,3,1,2,,,,,3,,,,3,,1,,2,,1,,,,,,,,,,,,,,,4,,,
2018,,,,,,,,,,,,,,,,,,,,,,,,,,,,,,,,,,,,,,,,,,,,,,,,,,,,,,,,,,,,,,,,,,,,,,,,,,,,,,,,,,,,,,,,,,,,,,,,,,,,
2019,4,4,2,3,7,3,3,3,4,1,3,5,4,4,4,6,3,5,4,5,4,4,3,6,2,7,,3,4,3,2,5,2,4,1,6,6,3,4,6,3,5,5,6,4,4,4,3,3,5,5,5,3,,3,4,6,5,6,7,6,3,4,5,3,5,7,2,3,3,5,4,6,3,4,2,4,4,4,,3,6,4,4,3,4,4,6,4,3,2,5,3,4,5,5,7,,8,4
2020,3,4,2,1,6,1,4,4,1,6,5,4,5,4,4,4,4,1,2,3,2,3,2,1,4,2,2,1,2,2,3,1,4,2,2,2,3,1,3,2,2,3,3,1,3,4,2,5,2,2,3,2,2,5,5,3,3,3,3,4,2,5,2,2,2,2,2,4,5,2,3,1,1,3,4,2,3,4,3,2,4,5,3,3,1,4,2,4,4,1,1,5,5,4,3,2,5,4,5,6
2021,3,4,1,2,3,2,5,1,1,3,1,1,1,1,2,1,4,3,1,1,1,1,3,2,1,1,4,4,1,5,1,2,4,1,1,1,1,1,3,1,3,1,1,3,1,2,2,1,3,1,1,2,1,3,4,1,1,3,1,1,5,2,2,1,3,3,5,3,1,2,1,2,1,2,3,4,1,1,4,1,2,5,1,3,1,3,1,3,1,1,3,1,1,1,1,1,1,5,1,2
2022,,,,,,,,,,,,,,,,,,,,1,,,,,,,,,,,,,,,,,,,,,,,,,,,,,,,,,,,,,,,,,,,,,,,,,,,,,,,,,,,,,,,,,,,,,,,,,,,,,,,,
2023,,,1,,,,,,,1,,,,,,,,,,,,,,,,,,,,,,,,,,,,,,,,,,,,,,,,,,,,,,,,,,,,,,,,,3,,,,,,,,,,,,,2,,,,,,,,,,,,,,,,,,,,
2024,,,,,,,,,,,,,,,,,,,,,,,,,,,,,,,,,,,,,,,,,,,,,,,,,,,,,,,,,,,,,,,,,1,,,,,,,,,,,,,,,,,,,,,,,,,,,,,,,,,,,
2025,,,,,,,,,,,,,,,,,,,,,,,,,,,,,,,,,,,,,,,,,,,,,,,,,,,,,,,,,,,,,,,,,,,,,,,,,1,,,,,,,,,,,,,1,,,2,,,,,,,,,,,
2026,,,,,,,,,,,1,,,,,,,,,,,,,,,,,,,,,,,,,,,,,,,,,,,,,,5,1,,8,,,,,,,,,3,,,,,2,,,,2,,,4,,,,1,,,,,,,,,,,,,,,,,,,,1,,,
2027,,,,,,,,,,,,,,,,,,,,,,2,1,,,,,,,,,,,,,,,,,,,,,,,,,,,,,,,,,,,,,,,,,,,,,,,,,,,,,,,,,,,,,,,,,,,,,,,,,,,,,
2028,,,,,,,,,,,,,,1,,,,,,,,,,,,,,,,,,,,,,,,,,,,,,,,,,,,,,,,,,,,,,,,,,,,,,,,,,,,,,18,,,,,,,,,,,,,,,,,,,,,,,10,
2029,,,,,,,,,,,,,,,,,,,,,1,,,,,,,,,,,,,,,,,,,,,,,,,,,,,,,,,,,,,,,,,,,,,,,,,,,,,,,,,,,,,,,,,,,,,,,,,,,,,,,
2030,3,3,4,2,3,4,2,7,6,2,4,2,3,3,2,1,2,1,4,3,5,4,3,4,1,4,2,2,3,3,4,4,4,4,2,3,1,1,3,5,1,1,5,4,5,2,5,1,5,4,2,4,4,1,2,5,5,2,2,4,4,1,1,2,1,1,2,2,5,2,5,3,1,1,3,4,2,2,1,2,4,1,2,3,2,3,3,3,4,2,2,1,2,2,3,4,5,3,4,1
2031,,,,,,,,,,,,,,,,,1,,,,2,,,,,,,,,,,1,,,,,,,,,,,,,,,,,,,,,,,,,,,,,,,,,,,,,,,,,,,,,,,,,,,,,,,,,,1,,,,,,,,,,
2032,,,,,,,,,,,,,,,,,,,,,,,,,,,,,,,,,,,,,,,,,,,,,,,,,,,,,,,,,,,,1,,,,,,,,,1,,,,,,,,,,,,,8,,,,,,,,,,,,,,,,,,
2033,4,3,2,4,2,3,4,6,4,3,1,2,4,2,1,2,3,3,4,6,3,3,5,3,2,1,4,6,1,1,2,2,2,1,1,1,2,3,1,3,3,4,2,6,3,2,3,4,1,3,2,1,4,4,1,1,2,2,5,5,5,4,5,3,2,3,3,1,4,4,5,3,1,1,3,1,2,1,1,1,1,7,1,4,5,4,5,2,2,2,2,5,3,4,4,3,3,6,2,1
2034,,,,,,,3,,,,,,,,,,,,,,,,,,,,,3,4,4,,,,1,,,,,,,,,,,,3,,,5,,,,,1,,,,,,,,,1,,,5,,,,,,,,,5,1,,3,,1,,3,,,,,,,,,,,,,,,6,,,
2035,,,,,,,,,,,,,,,,,,,6,,,,,8,,,,,,,,,,,,,,,,,,,,,,,,,,,,,,,,,,,,,,,,,,,,,,,,,,,,,,,,,,,,,,,,,,,,,,,,,,,,
2036,,,,,,,,,1,,,,,,,,,,,,,,1,,1,,,,,,,,,,,1,,,,,,,5,,,,,,,3,,,,,,,,,,,9,,,,,,,,10,,,,,,,3,,,,,1,4,,,,,2,,,,,,1,,,,2,,,
2037,2,2,3,5,5,1,3,3,1,3,2,5,3,5,4,3,4,1,4,3,2,3,2,2,3,6,3,1,1,3,3,4,3,4,3,6,4,1,6,3,2,4,4,4,,1,3,2,4,1,3,4,3,4,3,1,2,6,2,8,5,1,2,4,1,2,1,3,1,2,6,3,5,2,3,4,2,2,3,2,5,5,3,3,2,2,5,4,3,2,1,4,2,4,4,1,4,3,3,5
2038,,,,,,,,,,,,,,,,,,,,,,,,,,,,,,,,,,,,,,,,,,,,,,,,,,,,,,,,,,,,,,,,,,,,,,,,,,,,,,,,,,,,,,,,,,,,,,,,,,,,
2039,,,,,,,,,,,,,,,,,,,,,,,,,,,,,,,,,,,,,,,,,,4,,,,,,,,,6,,,,,,1,,,,,2,,,,,,,,,,,,,,,,,,,,,,,,,,,,,,,,,,,,,,
2040,4,1,4,4,5,3,3,4,4,1,4,2,4,6,5,3,1,2,1,2,2,1,4,4,3,1,1,5,1,3,5,2,1,1,1,2,2,3,5,2,4,3,3,2,1,4,1,4,5,6,4,2,3,3,2,1,1,2,4,5,6,4,5,1,3,1,3,1,2,,6,2,2,4,,1,1,1,1,5,4,6,2,5,3,3,3,3,3,1,3,1,6,4,4,4,3,1,4,4
2041,,,,,,,4,,,,,,,,,,,,,2,,,,,,,,,3,1,,,,2,,,,,,,,,,,,,,,6,2,1,,,2,,,,,,,,,,,,7,3,,,,,,,,2,,,2,1,,,4,,,,3,,,,,,,,,,,3,,,
2042,,,,,,,,,,,,,,,,,,,,,,,,,,,,,,,,,,,,,,,,,,,,,,1,,,,,,,,,,,,,,,,,,,,,,,,,,,,,,,,,,,,,,,,,,,,,,,,,,,,,,
2043,1,5,2,1,4,2,1,2,2,2,4,2,2,1,2,5,3,3,3,5,3,2,2,4,2,4,6,3,3,4,4,1,2,4,3,4,3,2,5,1,3,4,4,4,4,4,2,5,2,3,3,3,1,4,2,1,3,3,2,3,5,4,3,3,3,4,4,1,3,5,4,2,4,3,2,1,3,4,4,2,5,6,1,3,4,4,3,3,1,3,2,3,2,2,3,1,3,5,2,4
2044,7,2,4,3,6,,4,1,4,1,1,4,6,1,6,,2,2,4,4,2,1,1,4,4,3,1,2,2,1,1,1,1,3,3,4,7,1,3,2,5,5,5,5,2,1,3,5,2,2,1,5,2,5,3,2,7,1,2,2,4,4,2,5,2,1,1,2,4,1,8,4,2,5,6,1,5,2,1,1,3,5,2,5,2,3,4,5,1,3,4,1,1,1,5,2,3,2,1,8
2045,5,5,3,1,5,4,4,2,4,2,5,7,4,5,4,2,4,4,3,3,3,3,2,2,3,5,4,2,1,3,4,1,3,1,3,2,3,2,1,5,2,1,5,5,4,2,1,5,3,1,2,4,4,4,1,3,1,1,3,1,2,4,2,2,7,2,6,3,4,5,4,1,4,3,3,3,4,1,4,4,3,2,5,1,3,3,6,2,4,5,1,3,5,3,1,1,4,2,4,4
2046,2,3,3,4,1,2,4,3,3,3,3,2,1,4,4,4,1,3,1,1,4,1,1,2,4,4,1,5,1,4,4,2,1,1,1,2,1,3,1,3,4,1,1,6,2,1,2,4,6,4,1,4,3,2,3,3,3,3,1,1,5,2,1,2,2,3,2,7,3,1,1,2,4,1,1,2,1,1,2,1,4,1,5,4,1,3,2,1,1,3,3,1,2,1,1,4,1,6,5,2
2047,0,0,0,0,0,0,0,0,0,0,0,0,0,0,0,0,0,0,0,0,0,0,0,0,0,0,0,0,0,0,0,0,0,0,0,0,0,0,0,0,0,0,0,0,0,0,0,0,0,0,0,0,0,0,0,0,0,0,0,0,0,0,0,0,0,0,0,0,0,0,0,0,0,0,0,0,0,0,0,0,0,0,0,0,0,0,0,0,0,0,0,0,0,0,0,0,0,0,0,0
2048,,,,,,,2,,,,,,,,,,,,,,,,,,,,,,1,,,,3,,,,,,,,1,,,1,,,,,,1,,,,1,1,,,,,,,,1,,2,,,,,,,1,,2,,,,,,,,1,,,,,,,,,,,,,,,,,,
2049,,,,,,,,1,,,,,,,,,,,,1,,,,,,,,,,,,,,,,12,,,,,,,,,,,,,,,,,,,,,,,,,,,,,,,,,,,,,,,,,,,,1,,,,,,,,,,,,,,,,,,,,
2050,,,,,,,,,,,,,,,,,,,,,,,,,,,,,,,,,,,,,,,,,,,,,,,,,,,,,,,,1,,,,,,,,,,,,,,,,,,,,,,,,,,,,,,1,,,,,,,,,,,,,,
2051,,,,,1,,,,,,,,,,,,,,,4,,,,10,,,,,,,,,,4,,,,,1,,,,,,,,,,,2,,,,,,,,1,,,,,,,4,,,,,,,,,6,,,,,,,,,,,,,,,,,,,,,,1,,,,
2052,,,,,,,,,,,,,,,,,,,,,,,,,,,,,1,,,,,,,,,,,,,,,,,,,,,,,,,,,,,,,,,,,,,,,,,,,,,,,,,,,,,,,,,,,,,,,,,,,,,,,
2053,,,,,,,,,,,,,,,,,,,,,,,,,,,,,,,,,,,,,,,,,,,,,,,,5,,,,,,,,,,,1,1,,,,,,,,,,,,,,,,1,,,,,,,,,,,,,,,,,1,,,,,,,
2054,,,,,,,,,,,,,,,,,,,,,,,,,,,,,1,2,,,,,,,,,,,,,,,,,,,,,,,,,,,,,,,,,,,,,,,,,,,1,,,,,,,,,,,,,,,,,,,,,,,,,,,
2055,1,2,1,1,1,3,1,1,1,4,6,1,2,4,4,1,3,2,2,2,2,2,1,1,1,1,3,1,3,4,2,3,1,2,2,3,4,4,2,3,5,4,1,1,1,1,1,4,,1,4,3,1,2,4,2,1,3,2,2,1,2,4,5,2,6,4,2,1,3,1,1,3,2,2,2,4,3,4,4,4,6,1,2,3,2,2,5,4,1,2,2,5,2,1,3,1,3,3,1
2056,2,3,1,4,5,1,1,1,3,1,1,3,5,2,4,4,3,3,2,6,4,2,4,3,4,2,2,5,5,2,3,2,2,3,1,4,4,2,4,3,4,3,4,3,4,4,3,6,5,2,1,5,5,6,2,2,1,3,3,5,5,2,3,1,3,5,4,4,5,4,6,4,3,3,5,1,2,3,2,2,6,4,4,4,2,3,1,3,3,1,3,1,1,1,2,5,5,2,6,5
2057,,,,,1,,,,,,,,,,,,,4,,,,,,,,2,,,,,,,,,,,,,,,,,,,,,,,,,,,,,,,,3,,,,,,,,,,,,4,,,,,1,,,,,,,,,,,,,,1,,,,,,,,3,,,
2058,6,1,3,1,4,4,2,1,1,2,1,3,5,1,1,4,4,1,4,1,2,2,1,5,4,2,4,2,1,5,6,4,1,1,2,1,4,5,1,1,1,2,4,1,2,4,2,1,3,6,5,5,5,3,2,2,2,2,1,4,6,4,3,1,3,1,1,1,2,2,4,1,7,5,4,4,3,4,1,1,2,6,1,3,1,4,4,4,2,1,3,3,1,4,1,2,5,1,2,3
2059,0,0,0,0,0,0,0,0,0,0,0,0,0,0,0,0,0,0,0,0,0,0,0,0,0,0,0,0,0,0,0,0,0,0,0,0,0,0,0,0,0,0,0,0,0,0,0,0,0,0,0,0,0,0,0,0,0,0,0,0,0,0,0,0,0,0,0,0,0,0,0,0,0,0,0,0,0,0,0,0,0,0,0,0,0,0,0,0,0,0,0,0,0,0,0,0,0,0,0,0
2060,3,4,1,3,3,2,3,4,3,2,5,2,1,2,1,1,2,3,1,3,4,2,3,1,2,3,3,2,3,4,3,3,3,1,3,4,3,1,3,,7,2,1,4,4,3,3,2,5,4,1,4,3,1,5,3,5,1,1,2,3,3,4,2,4,2,1,2,2,1,7,1,1,2,4,1,4,,3,1,2,5,1,2,1,4,1,3,2,4,3,1,5,1,,3,3,5,6,3
2061,,,,,,,,,,,,,,,,,,,,,,,,,,,,,,,,,,,,,,,,,,,,,,,,,,,,,,,,,,,,,,,,,,,,,,,,,,,,,,,,,,,,,,,,,,,,,,,,,,,,
2062,,,1,,,,,,,,,,,,,,,4,,,,,,,,,,,,,,,,,,,,,,,,,,,,1,,,,,,,,,,,,,,,,1,,,,,,,,,10,,,,,,,,,,,,,,,,,,,,,,,,,,,,,
2063,2,2,1,1,4,3,2,1,1,2,1,3,5,3,3,2,2,4,2,5,1,3,1,1,2,4,1,4,4,1,1,4,1,5,3,2,2,4,2,3,4,1,4,5,3,3,3,5,6,4,3,4,3,5,4,1,1,2,2,5,4,1,2,2,6,3,1,2,3,2,2,4,3,3,5,3,4,2,1,1,4,2,2,4,3,3,1,3,1,2,3,3,1,4,3,2,6,2,2,1
2064,3,4,4,3,2,1,3,3,4,6,3,6,5,3,3,6,3,2,4,3,3,3,2,1,3,3,2,4,4,4,5,2,3,3,1,2,3,4,4,3,2,4,2,1,3,3,5,2,2,3,4,4,4,2,5,2,3,4,5,1,2,4,3,1,4,2,2,2,1,4,5,2,5,3,4,3,2,2,1,3,1,2,1,4,1,3,2,6,3,3,1,5,4,4,2,2,3,3,3,1
2065,,,1,,,3,,,2,,1,1,,,1,,,,6,7,,3,,3,,,2,1,,,,3,2,2,,,,2,,,,,4,3,,,,,,,2,,,,3,,1,,,1,3,4,,2,,,1,,8,,,2,1,1,,,2,2,,2,,2,,1,6,,,4,2,,1,,2,,3,1,1,1,6,1
2066,,,,,,,,,,1,,1,,,,,,,,2,1,,,,,,,1,,2,,,,,,1,,,,1,1,,,,,1,,,,,2,,1,,,,,,,,,,,,,,,1,,,,,,,,,,,,,1,,,,,,,,,,1,,,,,,,,1,
2067,4,3,5,4,6,2,3,5,4,4,4,4,2,3,4,8,4,5,4,7,3,3,1,6,3,1,3,5,4,4,4,6,2,6,4,2,6,5,2,2,5,4,3,6,6,4,3,4,4,1,6,5,5,4,3,2,2,3,2,8,7,3,3,3,3,5,6,5,5,1,5,5,5,3,5,3,5,1,3,4,2,6,3,6,5,4,4,5,2,3,1,6,1,5,5,5,5,,6,6
2068,,,,,1,,,,,,,,,,,,,,,,,,,,,,,,,,,,,,,,,,,,,,,,1,,,,,,,,,,,,,,,,1,,,,,,,1,,,,,,,,,,,,,,,,,,,,,,,,,,,,,,,,
2069,2,5,2,3,5,2,4,2,3,1,3,3,1,4,2,2,1,4,2,5,5,3,2,3,2,1,5,2,1,2,2,4,2,4,3,3,1,5,6,2,1,4,4,3,1,4,4,2,1,4,3,2,1,5,2,1,1,2,4,4,1,4,2,3,1,2,1,4,4,2,4,2,1,3,5,3,3,2,2,2,5,1,4,2,3,3,3,1,5,6,2,4,5,2,4,2,4,3,6,1
2070,,,,,,,,,,,,,,,,,,,,,,,,,,,,,,,1,,,,,,,,,,,,,,,,,,,,,,,,,,,,,,,,,,,,,3,,,,,,,,,,,,,,,,,,,1,,,,,,,,,,,,,
2071,,,,,,,,,,,,,,4,,,,,,,,,,,,,,,,,,,,,,,4,,,,,,,,,,,,4,,3,,,,,,,,,,,,,,,,,,,,,,,,,3,,,,,,,,,,,,,,,,,,,,,,,,
2072,,,,,,,,,,,,,,,,,,,,,,,,,,,,,,,1,,,,,,,,,,,,,,,,,,,,,,,,,,,,,,,,,,,,,,,,,,,,,,,,,,,,,,,,,,,,,,,,,,,,,
2073,0,0,0,0,0,0,0,0,0,0,0,0,0,0,0,0,0,0,0,0,0,0,0,0,0,0,0,0,0,0,0,0,0,0,0,0,0,0,0,0,0,0,0,0,0,0,0,0,0,0,0,0,0,0,0,0,0,0,0,0,0,0,0,0,0,0,0,0,0,0,0,0,0,0,0,0,0,0,0,0,0,0,0,0,0,0,0,0,0,0,0,0,0,0,0,0,0,0,0,0
2074,1,2,5,3,6,1,2,2,3,3,4,4,4,1,5,3,3,4,1,1,1,3,1,3,1,2,2,1,2,3,5,3,1,2,2,1,5,3,2,4,1,2,2,5,3,4,3,1,1,2,6,1,2,5,3,3,1,4,3,4,4,4,3,1,1,1,3,4,7,3,5,3,1,4,1,1,2,4,4,2,4,1,4,2,3,3,1,4,4,2,2,2,4,4,2,3,4,3,3,4
2075,,5,,,,,,,,,,,,,,,,,,,,,,,,,,,,,,,,,,,,,,,,,,,,,,,,,,,,,,,,,,,,,,,,,,,,,,,,4,,,,,,,,,,,,,,,,,,,,,,,,,,
2076,,,,,8,7,,,,,,,,,7,,4,,,,,,25,,,,,,,,,,,,,,,,,,,4,9,,,,,,,,,,,,9,,,,,,,,,,,,,,,,9,,,,,,,10,6,,,,,,,1,,,,3,,,,,,1,,,,
2077,1,2,3,2,4,2,1,2,1,5,4,2,2,3,3,2,3,1,4,4,4,2,3,2,1,6,2,4,1,2,7,2,4,5,1,4,4,4,4,3,1,2,1,3,1,3,4,4,2,3,5,2,3,3,2,3,4,3,4,6,3,4,3,4,1,3,1,1,2,1,4,3,2,3,4,5,1,2,3,5,4,5,5,4,5,2,2,5,1,3,1,2,4,1,1,3,4,3,4,2
2078,0,0,0,0,0,0,0,0,0,0,0,0,0,0,0,0,0,0,0,0,0,0,0,0,0,0,0,0,0,0,0,0,0,0,0,0,0,0,0,0,0,0,0,0,0,0,0,0,0,0,0,0,0,0,0,0,0,0,0,0,0,0,0,0,0,0,0,0,0,0,0,0,0,0,0,0,0,0,0,0,0,0,0,0,0,0,0,0,0,0,0,0,0,0,0,0,0,0,0,0
2079,1,1,1,1,1,1,1,1,1,1,1,1,1,1,1,1,1,1,1,1,1,1,1,1,1,1,1,1,1,1,1,1,1,1,1,1,1,1,1,1,1,1,1,1,1,1,1,1,1,1,1,1,1,1,1,1,1,1,1,1,1,1,1,1,1,1,1,1,1,1,1,1,1,1,1,1,1,1,1,1,1,1,1,1,1,1,1,1,1,1,1,1,1,1,1,1,1,1,1,1
2080,3,,,,,,,,,2,,,,,,1,,1,,,,1,,14,1,,,,1,,,,,6,,,,,,4,,,,,1,,,,,,,,2,,1,,,,,,,1,,,,,,,,1,1,,,,,,,,,,,1,1,,,,,,1,2,4,,,,,,,2,,
2081,,,,,,,,,,,,,,,,,,,,,,,,,,,,,,,,,,,,,5,,,,,,,,,,,,,,5,,,,,,,,,3,,,,,,,,,,,,,,,,,,,,,,,,,,,,,,,,,,,,,,,,
2082,,,,,,,,,,,,,,,,,,,,,,,,,1,,,,,,,,,,,,,,,,,,,,,,,,,,,,,,,,,,,,,,,,,,,,,,,,,,,,,,,,,,,,3,,,,,,,,,,,,,,,
2083,2,2,2,3,2,1,3,4,3,7,1,2,3,4,3,4,1,3,1,5,3,3,2,3,4,5,4,3,3,4,2,2,4,7,1,3,1,3,2,5,4,3,4,5,1,5,3,2,3,2,3,1,5,6,3,,3,3,2,2,3,2,2,5,3,1,3,5,1,6,4,1,3,3,4,1,2,2,1,4,5,1,1,2,3,3,4,3,4,4,3,3,4,1,3,3,4,2,5,3
2084,3,3,1,2,2,2,1,3,1,1,4,4,5,3,2,3,2,1,2,6,2,3,2,3,3,2,3,3,1,5,4,3,1,1,5,2,3,2,1,4,1,1,1,5,6,2,2,2,4,4,5,4,2,3,2,3,4,3,4,6,1,1,3,1,3,3,2,3,2,3,7,2,4,2,3,5,4,1,1,2,3,6,4,4,5,2,1,4,3,4,4,2,2,5,3,4,3,1,5,7
2085,,,1,,,,,,,,,,,,,,,1,,,,,1,,,,,,,,,,,,,,,,,,,,,,,,,,,2,,,,,,,,,,,,,,,,,,,,,,,,,,,,,,,,8,,,,,,,,,,,,,,,,,,
2086,3,2,2,2,1,2,3,2,1,3,1,2,3,1,3,1,4,1,1,2,1,1,1,2,4,3,3,1,3,2,3,5,1,1,4,1,5,5,2,1,4,2,1,2,5,2,3,2,4,5,1,4,3,2,4,1,3,1,4,4,3,1,2,1,4,3,6,1,5,1,1,1,5,4,3,5,2,1,2,2,8,2,2,2,1,2,4,2,1,1,4,3,3,1,1,2,6,4,1,3
2087,,,,,,,,,,,,,,,,,,,,,,2,,,,,,,,,,,1,,,,,,,,,,,,,,,,,,,,,,,,,1,,,,,,,,,,,,,,,,,,,,,,,,,,,,,,,,,,,,,,,,,,
2088,0,0,0,0,0,0,0,0,0,0,0,0,0,0,0,0,0,0,0,0,0,0,0,0,0,0,0,0,0,0,0,0,0,0,0,0,0,0,0,0,0,0,0,0,0,0,0,0,0,0,0,0,0,0,0,0,0,0,0,0,0,0,0,0,0,0,0,0,0,0,0,0,0,0,0,0,0,0,0,0,0,0,0,0,0,0,0,0,0,0,0,0,0,0,0,0,0,0,0,0
2089,,,,,,,,,,,,,,,,,,,6,,,,,,,,,,,,,,,,,,,,,,,,,,,,,,,,,,,,,,,,1,,,,,,,,,,,,,,,,,,,,,,,,,,,,,,,,,,,,,,,,,
2090,0,0,0,0,0,0,0,0,0,0,0,0,0,0,0,0,0,0,0,0,0,0,0,0,0,0,0,0,0,0,0,0,0,0,0,0,0,0,0,0,0,0,0,0,0,0,0,0,0,0,0,0,0,0,0,0,0,0,0,0,0,0,0,0,0,0,0,0,0,0,0,0,0,0,0,0,0,0,0,0,0,0,0,0,0,0,0,0,0,0,0,0,0,0,0,0,0,0,0,0
2091,,,,,,,,,,,,,,,,,,,,,,,,,,,,,,,,,,,,,,,,,,,,,,,,,,,,,,,,,,,,,,,,,,,,,,,,,,,,,,,,,,,,,,,,1,,,,,,,,,,,,
2092,5,,1,2,6,4,1,3,2,2,2,4,2,4,2,4,3,3,5,5,6,4,4,4,2,4,4,,1,4,5,3,2,2,1,5,9,4,5,1,5,,1,5,5,1,1,2,3,5,4,,5,3,1,1,3,3,4,6,6,3,1,4,2,4,8,,3,1,1,2,3,1,2,5,2,3,2,2,1,5,5,5,4,3,3,5,2,6,1,2,4,4,2,,5,6,7,6
2093,7,2,5,3,2,5,4,1,2,4,5,2,3,3,2,3,5,1,1,1,5,4,2,3,1,2,2,2,3,2,1,5,1,2,2,3,4,4,2,1,3,2,4,2,4,2,5,2,5,3,5,1,5,4,2,1,5,3,3,3,3,3,2,2,5,1,3,3,3,3,3,1,4,3,3,1,3,2,1,4,4,1,3,4,2,3,5,4,1,4,3,3,1,5,1,5,3,2,5,4
2094,1,3,,,,5,,,,1,6,3,,,,,,,3,,1,,,13,,,,,,,,,,,3,2,,,,,3,,,,3,,1,,,,1,,,,,,2,1,3,,,,5,,,,,,,,2,,,,1,,1,,,,,,,,,,,,,,,,,,2,,2,,1,
2095,1,2,3,2,3,3,1,5,2,3,1,3,4,1,1,1,2,4,2,4,5,1,1,1,3,5,4,1,4,2,3,4,4,4,3,1,2,2,7,4,5,4,3,4,3,2,2,4,5,3,4,2,1,1,1,1,2,2,3,4,2,2,2,3,1,2,1,5,4,3,2,2,1,,4,2,4,4,3,4,3,5,3,3,2,3,3,1,3,3,1,2,4,1,4,1,2,5,3,3
2096,,,,,,,,,,,,,,,,,,,,,,,,,,,,,,,,,,,,,,,,,,,,,,,,,,,,,,,,,,,,,,,,,,,,1,,,,,,,,,,,,1,,,,,,,,,,,,,,,,,,,,
2097,,,,,,,,,,,,,,,,,,,,,,5,,,,,,,,,,,,,,,,,,,,,,,,,,,1,,,,,,,,,,,,,,,,,,,,,,,,,,,,,,,,,,,,,,,,,,,,,,,,,,,
2098,5,3,4,3,6,2,1,4,3,3,2,3,1,4,7,3,3,3,1,2,4,3,2,3,3,3,1,1,3,2,4,2,5,5,3,1,2,1,1,4,1,2,3,4,1,2,2,5,3,3,4,1,3,6,1,2,2,2,4,7,4,5,3,1,2,1,1,1,5,1,5,1,2,6,2,1,4,4,3,2,5,4,1,4,2,2,2,1,5,3,1,3,5,4,1,2,1,1,3,3
2099,,1,,,,,,,,,,,,,,,,1,,,,3,,,,,,,,,,,,,,,,,,,,,,,,,,,,,,,,,,,,,,,,,,,1,,,,,,,,,,,,,,,,,,,1,,,,,,,,2,,,,,1,,,
2100,,1,1,,,,,,,,,,2,,,,,,1,,,,2,8,,,,2,,,1,,,1,,,,,,,1,,,,,,,,,,,,,,,,,,,,,3,,,3,,,,,,,,,10,,,,,,,,,,,,1,,,,,,,,5,,,,,5,1
2101,,,,,,,,,,,,,,,,,,,,,,,,,,,,,,3,,,2,,,,,,,,,,,1,,,,,,,,,,,,,,,,,,,,1,,,,,,,,,,,,,,,,,,,1,,,,,,,,,,,,,,,,,
2102,,,,,,,,,,,,,,12,,,,,,,,,,,,,,,,,,,,,,,,,,,,,,,,,,,,,,,,,,,,,,,,,,,,,,,,,,,,,,,,,,,,,,,,,,,,,,,1,,,,,,,
2103,2,3,2,1,4,4,3,3,5,4,1,3,3,1,2,3,3,2,4,4,2,2,2,2,4,1,1,3,1,3,3,1,3,2,3,3,3,3,1,5,2,3,2,2,3,3,1,2,1,2,5,1,2,2,3,2,3,3,3,3,3,1,2,4,6,2,3,3,5,3,6,3,1,2,3,3,4,3,3,3,4,3,1,5,2,2,4,2,3,3,2,2,3,3,3,4,3,4,5,2
2104,5,2,3,3,5,3,2,5,3,1,5,1,3,5,4,3,2,2,3,5,3,2,2,1,1,4,2,2,4,5,4,4,4,3,3,4,5,3,3,3,2,1,3,2,2,1,2,2,5,2,2,4,5,4,4,3,3,3,1,5,5,4,2,2,3,3,3,1,4,3,3,2,4,3,2,2,1,4,4,4,2,3,4,1,3,3,4,4,2,3,2,4,4,3,4,3,5,3,3,5
2105,,,,,,,,,,,,,,,,,,,,,,,,,6,1,,,,,,,1,,,,,,,,,,,,,,,,,,,,1,,,,,,,,,,,,,,,,,,,,,,,,,,,,,,,,,,,,,,,4,,,,,,,,
2106,,,2,,1,1,3,,1,,2,2,,,,,,2,,,,,1,,,2,3,3,,1,,,,,,,2,,3,,2,2,,,,3,,,1,,,,,1,,,2,2,,,,2,2,2,,1,,,1,,2,6,,,7,2,,,,2,,2,,,,,,,,1,,1,,,,2,6,1,,
2107,,,,,,,,,,,,,,,,,,,,,,,,,,,,,,,,,,,,,,,,1,,,,,,,,,,,,,,,,,,,,,,,,,,,,,,,,,,,,,,,,,,,,,,,,,,,,,,,,,,,,
2108,4,5,1,3,1,4,1,4,1,1,3,2,2,3,5,2,3,4,1,4,3,3,3,3,2,5,1,2,4,6,1,3,3,3,2,2,4,3,6,3,1,3,2,2,,1,3,4,4,2,1,3,3,2,2,3,3,1,2,4,4,3,4,1,4,3,5,4,2,5,2,1,2,3,2,3,3,3,2,3,3,5,2,2,2,4,3,3,4,2,1,4,1,4,3,4,2,5,3,6
2109,4,2,4,3,3,3,2,1,2,2,2,3,2,4,5,2,2,3,3,5,3,2,2,2,2,3,4,3,1,4,4,1,1,2,1,1,1,2,5,3,1,5,2,6,3,3,3,2,4,5,4,1,4,2,1,3,2,2,1,4,4,3,4,4,6,1,6,2,1,3,4,4,1,4,1,3,1,1,3,1,3,6,3,3,4,4,2,3,2,4,1,4,1,2,2,1,1,4,3,5
2110,,,,,,,,,,,,,,,,,,,,,,,,,,,,,,,,,,,,,,,,,,,,,,,,,,,,,,,,,,,,1,,,,,,,,,,,,,,,,,,,,,,,,,,,,,,,,,,,,,,,,
2111,,,,,,,,,,,,,,,,,,,,,,,,,,,,,,,,,,,,,,,,,,,,,,,,,,,,,,,,,,,,,,,,,,,,,,,9,,,,,,,,,,,,,,,,,,,,,,,,,,,,10,
2112,4,3,4,3,2,3,2,3,3,2,5,5,2,1,3,2,3,1,2,2,3,4,1,3,5,2,2,4,3,2,2,5,2,5,2,4,4,1,1,3,5,4,5,2,6,5,2,5,3,5,2,5,4,3,4,1,1,3,2,1,4,2,5,4,4,4,4,2,2,3,2,2,3,3,4,3,3,3,1,3,5,6,1,2,2,4,4,3,2,1,1,2,1,3,2,4,2,5,5,5
2113,,,,,,,,,,,,,1,,,,,,,,,,1,1,,,,1,,,,,,3,,,,,,,,,,,,,,,,,,,,,,,2,2,,,,4,,,4,,,,,,,,,9,,,,,,,,,,,,,,,,2,,,,3,,,,,4,
2114,,,,,,,,,,,,,,,,,,,,,,,,,6,,,,,,,,,,,,,,,,,,,,,,,,,,,,,,1,,,,,,,,,,,,,,,,,,,,,,,,,,,,2,,,,,,,,,,,,,,,,,
2115,5,1,2,1,4,1,4,4,1,3,4,4,1,6,3,3,1,4,3,3,1,1,1,3,5,5,4,3,2,5,1,5,2,2,3,1,2,5,2,4,5,5,4,4,2,3,2,4,3,5,6,1,3,5,2,2,1,1,3,4,3,3,4,3,3,3,5,5,1,5,4,2,3,3,5,3,5,5,1,3,1,2,4,1,4,5,1,1,1,2,1,5,2,3,5,7,4,4,1,1
2116,,,,,,,,,,,,,,,,,,,,,,,,,,,,,,,,,,,,,,,,,1,,,,,,,,,,,,,,,,,,,,,,,,,,,,,,,,,,,,,,,,,,,,,,,,,,,,1,,,,,,,
2117,,,,,,,,,,,,,,,,,,,,,,,,,,,,,,,,,,,,,,,,,,,,,,,,,,,,,,,1,,,,,,,,,,,,,2,,,,,,,,,,,,,,,,,,,,,,,,,,,,,,,,
2118,0,0,0,0,0,0,0,0,0,0,0,0,0,0,0,0,0,0,0,0,0,0,0,0,0,0,0,0,0,0,0,0,0,0,0,0,0,0,0,0,0,0,0,0,0,0,0,0,0,0,0,0,0,0,0,0,0,0,0,0,0,0,0,0,0,0,0,0,0,0,0,0,0,0,0,0,0,0,0,0,0,0,0,0,0,0,0,0,0,0,0,0,0,0,0,0,0,0,0,0
2119,,,,,1,,,,,,,,,,,,,,,,,,,,,,,,,,,,,,,,,,,,,,,,3,,,,,,,,,,,,1,,,,,,,,,,,,,,,,,,,,,,,,,,,,,,,,,,,,,,,,,,,
2120,,,,,,,,,,,,,,,,,,,,,,,,,,,,,,,,,,,,,,,,4,,,,,,,,,,,,,,,,1,,,,,,,,,,,,,,,,,,,,,,,,,,,,,,,,,,,,,,,,,,,,
2121,5,3,2,1,1,3,2,2,5,2,6,6,4,2,3,2,3,3,3,2,1,1,1,2,5,5,5,3,3,4,2,2,3,3,3,4,2,2,6,,4,2,5,2,4,1,3,3,6,3,5,4,4,3,1,1,2,1,1,1,3,1,2,3,4,3,6,4,6,3,3,2,1,3,1,1,1,3,2,4,1,4,4,2,4,3,3,5,1,5,3,3,2,5,4,1,2,2,1,4
2122,5,1,1,4,4,1,4,5,1,4,5,3,2,1,3,2,1,2,2,3,2,3,1,3,1,3,3,4,3,3,3,1,1,6,4,3,4,1,1,2,3,2,3,4,3,1,4,1,4,2,4,2,4,4,1,3,2,3,1,1,1,2,1,1,2,2,1,2,7,1,4,4,3,2,2,2,3,3,3,2,3,4,2,3,2,3,1,2,1,1,3,2,2,3,4,2,1,4,2,4
2123,0,0,0,0,0,0,0,0,0,0,0,0,0,0,0,0,0,0,0,0,0,0,0,0,0,0,0,0,0,0,0,0,0,0,0,0,0,0,0,0,0,0,0,0,0,0,0,0,0,0,0,0,0,0,0,0,0,0,0,0,0,0,0,0,0,0,0,0,0,0,0,0,0,0,0,0,0,0,0,0,0,0,0,0,0,0,0,0,0,0,0,0,0,0,0,0,0,0,0,0
2124,2,5,1,4,4,2,1,2,1,4,1,4,5,3,4,1,4,4,3,4,3,2,2,4,2,2,1,3,1,4,4,3,2,3,4,1,5,3,1,4,1,2,4,1,5,3,1,5,2,4,2,1,5,6,1,1,3,2,3,4,6,5,2,3,4,4,1,4,6,1,1,1,1,1,1,3,2,4,1,2,2,2,4,1,3,4,1,5,3,4,3,6,2,3,1,6,5,6,1,4
2125,,,,,,,,,,,,,,,,,,,,,,,,,,,,,,,,,,,,,,,,,,,,,,,,,,,,,,,,,,,,,,,,,,,,,,,,1,,,,,,,,,,,,,,,,,,,,,,,,,,,,
2126,,,,,,,,,,,,,,,,,,,,,,,,11,3,,,,,,,,,,,,,,,,,,,,,,,,,,,,,,,,,,,,,,,,,,,,,,,,,,,,,,,,,,,,,,,,,,,,,,,,,,,
2127,,,,,,,,,,,,,,,,,,,,,,,,,,,,,,,,,,1,,,,,,,,,,,,,,,,,,,,,,,,,,,,,,,,,,,,,,,,,,,,,,,,,,,,,,,,,,,,,,,,,,
2128,,,4,3,,,,,,,,,,9,,,,,,,,,,,,,,,2,,,,,,,,,,,1,,,,,,,,,,,3,,,,,,,,,5,1,,,,,,,,,,,,,6,,,,,,,,,,,,,,,,,,4,,,,,,,,
2129,,,,,,,,,,,,,,,,,,,,,,,,,,,,,,,,,,,,,,,,,,,,,,,,,,,,,,,,,,1,,,,,,,,,,,,,,,,,,,,,,,,,,,,,,,,,,,,,,,,,,
2130,,,,,,,,,,1,,,,,,,,,,,,,,,,,,,,,,3,,,,,,,,,,,,,,1,,,,,,,,,,,,,,,,,,,,,,,,,,,,,,,,,,,,,,,,,,,1,,,,,,,,,,,
2131,0,0,0,0,0,0,0,0,0,0,0,0,0,0,0,0,0,0,0,0,0,0,0,0,0,0,0,0,0,0,0,0,0,0,0,0,0,0,0,0,0,0,0,0,0,0,0,0,0,0,0,0,0,0,0,0,0,0,0,0,0,0,0,0,0,0,0,0,0,0,0,0,0,0,0,0,0,0,0,0,0,0,0,0,0,0,0,0,0,0,0,0,0,0,0,0,0,0,0,0
2132,,,,,,,,,,,,,,,,,,,,,,,,,,,,,,,,,,,,,,,,,,,,,,,,,,,,,,,,,,,,,,,,,,,,,,,,,,,,,,,,,,,,,,,,,4,,,,,,,,,,,
2133,,,,,,,,,,,,,,,,,,,,,,,,,,,,,,,,,,,,,,,,,,,,,,,,,,,,,,,,,,,,,,,,,,,,,,,,,,,,,,,,,,,,,,,,,,,,,2,,,,,,6,
2134,,,,,,,,,,,,,,,,,,3,,,,,,,,,,,,,,,,,,,,,,,,,,1,,,,,,,,,,,,,,,,,,,,,,,,,,,,,,,,2,,,,,,,,,,,,,,,,,,,,,,,,
2135,,,,,,,,,,,,,,,,,,,,,,,,,6,,,,,,,,,,,,,1,,,,,,,,,,,,,,,,,,,,,,,,,,,,,,,,,,,,,,,,,,,,,,,,,,,,,,,,,,1,,1,,
2136,2,3,2,1,1,1,2,1,3,4,5,3,3,1,6,3,3,2,4,4,6,3,3,1,3,4,3,5,2,2,5,1,2,4,1,5,4,2,3,2,2,4,4,3,3,3,3,2,6,4,5,1,3,3,3,2,2,1,2,1,4,4,3,4,4,1,5,6,3,5,2,4,3,4,1,3,1,1,1,2,3,4,3,2,4,3,2,2,4,1,1,5,1,1,1,3,4,2,3,1
2137,,1,1,,,,,,,,,,,,,,,,,,,1,,,5,,3,,,,,,,,,,,,,,,,,,,,,,,,3,,,,,,,,,,,,,,,,,,,,,,,,,,,,1,,,6,,,5,4,,,,,,,,1,,,,,5,
2138,,,,,,,,,,,,,,,,,,,,,,,,,,,,,,,,,1,,,,,,,,,,,,,,,,1,,7,,,,,,,,,,,,,,,,,,,,,,,,1,,,,,,,,,1,,,,,,,,1,,,,,,,,
2139,5,2,4,2,2,5,3,2,1,3,4,5,4,3,1,4,3,4,3,2,3,2,3,1,1,2,1,3,5,6,6,1,2,3,3,2,5,3,5,4,1,5,4,4,1,3,1,3,3,4,6,2,3,5,2,4,1,1,3,4,5,2,1,1,6,3,5,2,3,2,3,4,2,4,2,4,2,3,3,5,4,4,3,3,1,4,5,5,4,5,3,4,2,4,2,3,6,3,2,4
2140,4,4,3,4,4,1,4,2,3,1,2,3,3,3,2,3,1,4,2,2,4,3,3,3,1,3,5,3,3,1,1,4,2,1,3,4,4,2,4,3,2,6,1,3,6,4,4,2,5,3,2,2,4,1,2,4,2,2,2,4,2,4,4,4,4,3,2,2,3,1,1,2,3,2,1,1,1,3,1,2,7,5,5,4,4,4,2,3,4,1,3,3,4,4,,5,1,4,2,2
2141,,,,,,,,,,,,,,,,,,,,,,,,,,,,,,,,,,,,,,,,1,,,,,,,,,,,,,,,1,,,,,,,,,,,,,,,,,,,,,,,,,,,,,,,,,,,,,,3,,,,,,2,
2142,0,0,0,0,0,0,0,0,0,0,0,0,0,0,0,0,0,0,0,0,0,0,0,0,0,0,0,0,0,0,0,0,0,0,0,0,0,0,0,0,0,0,0,0,0,0,0,0,0,0,0,0,0,0,0,0,0,0,0,0,0,0,0,0,0,0,0,0,0,0,0,0,0,0,0,0,0,0,0,0,0,0,0,0,0,0,0,0,0,0,0,0,0,0,0,0,0,0,0,0
2143,,,,,,,,,,,,,,,,,,,,,,,,,,,,,,,,,,,,,,1,,,,,,,,,,,,,,,,,,,,,,,,,,,,,,,,,,,,,,,,,,,,,,,,,,,,,,,,,,,,,,
2144,,,,,,,,,,,,,,,,,,,,,,,,,,,,,,,,,,,,,,,,,,,,,,,,,,,,,,,7,,,,,,,,2,,,,,,,,,,,,,,,,,,,,,,,,,2,,,,,,,,,,,,
2145,,,,1,,,,,,,,,,,,,,,,,1,,,,,,,,1,,,,,,,,,,,3,,,,,,,,1,,,,,1,,,,,,,,,,,,,,,,,,,,,,,,,,,,,,,,,,,,,,,,,,,,,3,,
2146,,,,,,,,,,,,,,,,,,,3,,,,,,,,,,,,,,,,,,,,,,,,,,,,,,,,,,,,,,,,,,,,,,,,,,,,,,,,,,,,,,,,,,,,,,,,,,,,,,,,4,
2147,5,4,3,1,3,3,1,5,5,1,2,3,2,1,2,5,1,4,6,8,3,3,1,5,3,6,4,4,5,4,7,2,3,3,4,1,2,5,4,3,4,3,3,2,2,1,3,4,5,2,1,3,4,3,3,3,4,4,2,6,6,1,2,3,4,2,,4,3,5,6,2,5,2,5,1,5,2,1,3,2,5,1,5,1,1,3,,4,5,1,2,4,5,4,5,7,4,6,1
2148,,,,,,,,,,,,,,,,,,,,1,,,,,,,,,,,,,,,,,,,,,,,,,,,,,,,3,,,,,,,,,,,,,,,,,,,,,,4,,,,,,,,,,,,,,,,,,,,,,,,,,,
2149,,,,,,,,,,,,,,,,,,,,,,,,,,,,,,,,,,,,,,,,,,,,,,,,,,,,,,,,,,,,,,,,,,,,,,,,,,,,,,,,,,,,,,,,,,,,,,,,,,,,
2150,0,0,0,0,0,0,0,0,0,0,0,0,0,0,0,0,0,0,0,0,0,0,0,0,0,0,0,0,0,0,0,0,0,0,0,0,0,0,0,0,0,0,0,0,0,0,0,0,0,0,0,0,0,0,0,0,0,0,0,0,0,0,0,0,0,0,0,0,0,0,0,0,0,0,0,0,0,0,0,0,0,0,0,0,0,0,0,0,0,0,0,0,0,0,0,0,0,0,0,0
2151,,,,,,,,,,,,,2,10,,,,,,,,,,,6,,,,,,,2,,,,,,,,,,,,,,,,,,,,,,,2,,,,,,,,,,,,,,,3,,,,,,,,,,,,,,,,,,,,,,,,,,,,,,
2152,,,,,,,,,,,,,,,,,,,5,,,,,,2,,,,3,,,1,,,,,,,,,,,,,,,,,,,,,,,,,,,,,,,,,,,,,,,,,2,,,,,,,,2,,,,,,,,,,,,,,,,,,,
2153,,,,,,,,,,,4,,,,,,,,,,,,,,,1,,,,,,,,,,,,,,,,,,,,,,,,,,,,,,,,,,,,,,,,,,,,,,,,,,,,,,,,,,,,,,2,,,,,,,,,,,,
2154,4,4,2,3,3,4,2,5,4,3,5,1,2,3,2,4,2,1,1,6,1,4,2,2,3,1,5,5,3,3,3,2,1,2,2,5,5,2,5,3,2,6,1,6,1,3,6,3,2,2,5,2,5,4,1,2,1,4,3,2,2,1,3,1,1,6,1,7,7,5,5,2,2,2,1,2,4,3,1,4,3,4,2,2,1,5,1,5,2,1,2,5,3,4,2,4,1,4,2,2
2155,,,,,,,,,,,,,,12,,,,,,,,,,,,,,,,,,,,,,,,,,,,,,,,,,,,,6,,,,,,,,,,,,,,,,,,,,,,,,,,,,,,,,,,,,,,,,,,,,,,,,,
2156,,,2,,,,,,,,,,,,,,,,,,,,,,,,,,,,,2,,,,,,,,,,,,,,,,,,,,,,,,,,,,,,,,,,,,,,,,,,,,,,,,,,,,,,,,,,,,,,,,,,,,
2157,,,,,,,,,,,,,,1,,,,,,,,,,,,,,,,,,,,,,,,,,,,,,,,,,,,,,,,,,,,,,,,,,,,,,,,,,,,,,,,,,,,,,,,,,,,,,,,,,,,,,
2158,,,,,,1,,,,,,,,,,,,,,,,,,,,,,,,,,,,,,,,,,,,,,,,,,3,,,,,,,,,,,1,,,,,,,,,,,,,,,,,,,,,,,,,,,,2,,,,1,,1,,,,,,,
2159,,,,,,,,,,,,,,,,,,,,,,1,,,,,,,,,,,,,,,,,,,,,,,,,,,,,,,,,,,,,,,,,,,,,,,,,,,,,,,,,,,,,,,,,,,,,,,,,,,,,,
2160,,,,,,,,,,,,,,,,,,,,,,,,,,,,,,,,,,,,,,,,,,,,,,,,,,,,,,,,1,,,,,,,,,,,,,,,,,,,,1,,,,,,,,,,,,,,,,,,,,,,,5,
2161,,,,,,,,,,,,,,,,,,,,,,,,,,,,,,,,,,,,,,,,,,,,,,,,,,,,,,,,,,,,2,,,,,,,,,,,,,,,,,,,,,,,,,,5,,,,,,,,,,,,,,
2162,,,,,,,,,,,,,,,,,,,,,,,,,,,,,,,,,,,,,,,,,,,,,,,,,3,,,,,,,,,,,,,,,,,,,,,,,,,,,,,,,,,,,,,,,,,,2,,,,,,,1,,
2163,,1,,,,,4,,,,,,,,,4,,,,,,4,,,,,,,,,,,,,,,,6,,,,,,,,,,,,,2,,,,,,,,,,,,,,,,,,,,,,,6,,,,,,,,,,,,,,,,,,,,,,,,,11,
2164,2,2,2,3,1,3,2,1,4,2,3,1,3,2,3,2,3,1,2,3,2,2,1,1,2,5,1,4,1,2,2,6,1,4,1,5,2,2,5,1,7,1,3,1,3,2,1,1,2,1,1,3,2,5,2,3,4,2,3,4,3,2,2,5,1,2,4,4,1,5,4,1,2,1,2,1,2,5,1,4,4,6,4,1,1,4,2,4,5,2,3,7,1,5,4,3,4,7,1,3
2165,1,1,3,3,3,3,1,2,1,4,1,1,1,4,6,3,4,5,1,6,6,1,3,5,1,7,3,4,2,7,3,6,3,1,3,1,1,3,2,2,2,5,1,2,4,3,2,4,3,5,1,1,1,4,4,4,2,1,1,6,6,5,3,1,1,1,5,1,6,5,3,1,5,1,2,1,1,2,1,4,6,3,1,2,1,1,3,1,1,4,2,3,4,1,1,3,3,1,2,2
2166,,,,,,,,,,,,,,,,,,,,,,,,,1,,1,,,,,,,,,1,,,,,,,,,,,,,,,,,,,,,,,,,,,,,,,,1,,,,,,,,,,,,,,1,,,,,,,,,3,,,,,,,,1,
2167,2,2,,,,3,,,,,1,2,,,,,,,2,,2,1,,1,,,,,,,,1,,,1,2,,,,,1,,,,4,,,,,,1,1,,,1,,1,,2,,,,5,,,1,,,,,1,,1,,2,,4,,,1,,1,,,,,,,,,,,,,1,,2,,7,
2168,,,3,,1,2,3,,2,,1,1,,,1,,,1,,,,,1,,,1,1,2,,1,,,,,,6,1,,3,,1,1,,,,2,,,2,1,,,,2,,,1,1,1,,1,1,1,3,,1,,,2,,1,5,,,8,3,,,,3,1,1,,,,,1,,,1,1,1,,,,1,6,2,1,
2169,,,1,,,,,,,,,,,12,,,,,,,3,,,,,,,,,,,,,,,,,,,,,,,,,,,,,,,,,,,,,,,,,,,,,,,,,,,,,1,,,,,,,,,,,,,2,2,,,,,,,,,,,,
2170,,,,,3,10,,,,,,,,,5,6,6,,,,,,25,,,,,,,,,,,,,,,,,,,4,9,,,,,,,,,,,,,,,,,,,,,,,,,,,,2,,,,,,,2,5,,,,,,,,,,,,,,2,2,,,,,,
2171,,,,,,,,,,,,,,,,,,,,,,,,,,,,,,,,,,,,,,,,,,,,,,,,,,,,,,,,,,,,,,,,,,,,,,,,,,,,,,,,1,,,,,,,,,,,,,,,,,,,,
2172,0,0,0,0,0,0,0,0,0,0,0,0,0,0,0,0,0,0,0,0,0,0,0,0,0,0,0,0,0,0,0,0,0,0,0,0,0,0,0,0,0,0,0,0,0,0,0,0,0,0,0,0,0,0,0,0,0,0,0,0,0,0,0,0,0,0,0,0,0,0,0,0,0,0,0,0,0,0,0,0,0,0,0,0,0,0,0,0,0,0,0,0,0,0,0,0,0,0,0,0
2173,,,,,,,,,,,,,,,,,,,,,,,,,,,,,,,,,,,,14,,,,,,,,,,,,,,,,,,,,,,,,,,,,,,,,,,,,,,,,,,,,,,,,,,,,,,1,3,,,,,,,,,
2174,,,,,,,6,,,,,,,,,,,,,,,,,,,,,,,,,,,,,,,,,,,,,,,,,,,,,,,,,,,,,,,,,,,,,,,,,,,,,,,,,,,,,,,,,,,,,,,,,,,,,
2175,,1,,,1,,,,,,,,,,1,,,,,,,,,,,,,,,1,1,,,,1,,,,,1,1,,,,,1,,,1,,,,,,,,,,,,,,,,,,,,,,,,,,,,,,,1,,,,,,,,,,,,,1,,,,,,9,
2176,,,,,,,,,,,,,,,,,,,,,,,,,,,,,,2,,,,,,,,,,,,,,,,,,,,,,,,,,,,,,,,,,,,,,,,1,,,,,,,,,,,,,,,,,,,,,,,,,,,,,8,
2177,,,,,,,,,1,,,,,,,,,,,,,,,,,,,,,,,,,,,,,,,,,,,,,,,,,,,,,,,,,,,,,,,,,,,,,,1,,,,,,,,1,,,,,,,,,,,,,,,,,,,,,
2178,,,1,,1,,6,,,,1,,,,,,1,2,,,,,,,,,1,1,1,3,,,,,1,1,,1,1,,,,1,1,,5,,,2,1,,,,4,1,,,,,,,,,,4,7,,1,,,,,,,3,,,2,,1,1,2,,,1,2,,,1,1,,1,,,,,1,,,
2179,6,1,3,1,4,1,4,4,2,2,2,3,3,2,1,4,2,3,3,2,1,3,2,1,1,3,3,3,4,3,1,1,1,1,2,2,4,3,1,2,3,1,1,3,1,2,1,1,5,2,7,2,1,2,2,1,2,1,1,4,5,1,3,2,4,1,1,1,5,3,1,4,2,1,1,2,3,2,5,1,2,1,1,1,4,1,1,2,3,3,1,4,4,4,2,3,1,4,4,2
2180,,,,,,,,,,,,,,,,,,,,,,,,,,,,,,,,,,,,,,1,,,,,,,,,,7,,,2,,,,,,,,,,,,,,,,,,,,,,1,,,,,,,,,,,,,,,,,,,,,,,,,,1,
2181,,,,,,,,,,,,,,,,,,,1,,,1,,,,,,,,,,,,,,,,,,3,,,,,,,,,,,,,,,,,,,,,,,,,,,,,,,,,,,,,,,,,,,,,,,,,,,,,,,,,,,,
2182,,,,,,,,,,,,,,1,,,,,,,,,,,,,,,,,,,,,,,,,1,,,,,,,,1,,,,,,,,,,,,,,,,,,,,,,,,,,,,,,,,,,,,,,,,,,,1,,1,,,,,,,,
2183,,,,,,,,,,,,,,,,,,,,,,,,,,,,,,,,,,,,,,,,,,,,,,,,,,,,,,,,,,,,,,,,,,,,,,,11,,,5,,,,,,,,,,,,,,,,,,,,,,,,,,
2184,5,6,3,1,2,2,1,1,2,3,2,4,1,1,2,4,4,2,2,1,5,3,1,2,2,5,2,5,3,3,4,5,2,5,1,4,4,4,4,3,4,2,4,5,3,5,4,2,6,3,3,3,5,3,2,3,2,4,4,3,3,5,1,3,1,1,6,4,4,2,3,1,2,4,1,3,2,2,1,2,5,4,2,3,2,2,3,4,4,3,1,3,1,3,2,2,5,4,5,5
2185,,,,,,,,,,,,,,,,,,1,,,,,,,,,,,,4,1,,,,,,,,,,,,,,,,,,1,,,,,,,,,,,,,,,,,,,,,,,,1,,,,,,,,,,,,,,,,,,,,,,,,,,,
2186,,,2,,,,,,,,,,,,,,,,,,,,,,,,,,,,,,,,,1,,,,,,1,,,,,,,,,,,,,,,,,,1,,1,1,,,,,,,,,,,,,,,,,,,,,,,,,,,,,,,,,,,,,
2187,,,,,,,,,,,,,,,,,,,,,,,,,,,,,,,,3,,,,,,,,,,,,,,,,,,,,,,,,,,,,,,,,,,,,,,,,,,,,,,,,,,,,,,,,,,,,,,,,,,,,
2188,0,0,0,0,0,0,0,0,0,0,0,0,0,0,0,0,0,0,0,0,0,0,0,0,0,0,0,0,0,0,0,0,0,0,0,0,0,0,0,0,0,0,0,0,0,0,0,0,0,0,0,0,0,0,0,0,0,0,0,0,0,0,0,0,0,0,0,0,0,0,0,0,0,0,0,0,0,0,0,0,0,0,0,0,0,0,0,0,0,0,0,0,0,0,0,0,0,0,0,0
2189,,4,,,,,5,,,1,,5,,6,2,,1,,,,,,,,,,,4,2,,,1,,,,4,,,,,2,4,,,,,5,5,,,6,6,,,,,5,,1,,,5,,,,,,,,,5,3,,,,5,,,,,,,,,,,,,3,,1,,1,,2,,,7,5,
2190,6,3,1,2,3,1,3,6,4,1,2,1,4,2,5,2,5,3,1,2,3,1,3,2,1,1,4,3,4,1,3,3,2,4,1,2,4,5,1,4,1,2,4,7,3,3,1,3,9,2,5,1,1,4,3,2,2,2,3,3,1,5,1,2,1,4,3,2,7,2,4,1,3,1,4,2,5,4,4,1,3,5,1,2,2,1,5,2,4,3,3,2,3,2,4,2,5,1,1,5
2191,,,,,,,,,,,,,,,,,,,,,,,,,,,,,,,,,1,,,,,,,,,,,,,,,6,,,,,2,,,,,,,,,,,,,,,,,,,,,,,,,,,,,,,,,,,,,,,,,,,,,,,1
2192,,,,,,,,,,,,,,,,,,,,,,,,,,,,,,,,,,,,,,,,,,,,,,,,,,,,,,,,,,,,,,,,,,,,,,,,,,,,,,,,,,,,,,,,,,,,,,,,,,,,
2193,,,,,,,,,,1,1,,,,,,,,,,,,,,,2,,,,,,,,,,,,,,,,,,,,,1,,,,,,,,,,,,,,,,,,,,,,,,,,,,1,,1,,,,,,,,,,,,,1,,,,,,,,,,
2194,,,,1,,,,,,,5,,,,,,,,,,,,,,,1,,,,,,,,,,,,,,,,,,,,,,,,,,,,,,,,,,,,,,,,,,,,2,,,,,,,,,,,,,,,,,,,,,,,,5,,,,,,
2195,1,1,1,1,1,1,1,1,1,1,1,1,1,1,1,1,1,1,1,1,1,1,1,1,1,1,1,1,1,1,1,1,1,1,1,1,1,1,1,1,1,1,1,1,1,1,1,1,1,1,1,1,1,1,1,1,1,1,1,1,1,1,1,1,1,1,1,1,1,1,1,1,1,1,1,1,1,1,1,1,1,1,1,1,1,1,1,1,1,1,1,1,1,1,1,1,1,1,1,1
2196,,,,,,,,,,,,,,,,,,,4,,4,,,,,,,,,,,,,,,,,,,,,,,,,,,,,,,,,,,,,,,,,,,,1,,,,,,,,,,,,,,,,1,,,,,,,,,,,,,,,,,,,
2197,1,,,,,,,,,,,,,,,,,,,,,,,,4,,,,,,,,,,,,,,,,,,,,,,,,,,,,,,,,,,,,,,,,,,2,,,,,,,,,,,,,,1,,,,,,,,,,,,,,,,,,,
2198,,,,,,,,,,,,,,,,,,,,,,,,,,,,,,,,,,,,,,,,,,,,3,,,,,,,,,,,,,,,,,,,,,,,,,,,,,,,,,,,,,,,,,,,,,,,,,,,,,,,,
2199,,,,,,,,,,,,,,,,,,,,,,,,,,,,,,,,,,,,,,,,,,,,,,,,,,,,,,,,,,,,,,,,,,,,,,,,,,,,,,,,,,,,,1,,,,,,,,,,,,,,,
2200,1,1,1,3,3,5,3,1,2,4,1,2,2,3,3,5,3,2,4,1,1,3,1,1,3,4,3,4,1,2,4,5,4,3,3,5,2,2,3,2,4,5,4,2,1,4,2,4,4,5,4,3,1,4,4,3,3,3,6,3,3,3,2,2,3,1,4,4,5,3,1,3,5,4,2,1,1,4,3,4,1,5,3,3,1,1,2,4,1,1,2,2,3,2,5,3,4,5,3,3
2201,0,0,0,0,0,0,0,0,0,0,0,0,0,0,0,0,0,0,0,0,0,0,0,0,0,0,0,0,0,0,0,0,0,0,0,0,0,0,0,0,0,0,0,0,0,0,0,0,0,0,0,0,0,0,0,0,0,0,0,0,0,0,0,0,0,0,0,0,0,0,0,0,0,0,0,0,0,0,0,0,0,0,0,0,0,0,0,0,0,0,0,0,0,0,0,0,0,0,0,0
2202,,,,,,,,,,,,,,,,,,,,,,,,,,,,,,,,,,,,,,,,,,,,,,,,,,,,,,,,,,,,,,,,,,,,,,,,,,,1,,,,,,,,,,,,,,,,,,,,,,,,,
2203,,,,,,,,,,,,,,,,,,,,,,,,,,,,,,,,,,,,,,,,,,,,,1,,,,,,,1,,,,,,,,3,,,,,,,,,,,,,,,,,,,,,,,,,,,,,,,,,,,,,,,,
2204,,,2,,3,,2,,1,,,,,,,,1,,,,,1,,,,,1,2,,3,,1,,1,,,,,,1,2,3,,,,1,,,4,,,,,2,,,1,,,,,,2,5,,4,1,,,,,1,,,1,2,,1,,1,,4,,,2,,,,,,,,,,,4,6,1,,2
2205,,,,,,1,,,,,,,,,1,1,,,,,,1,,,,,,,,,,2,,,,,,,,,,,,,,,,,,,,,,,2,,,,,,,,,,,,,,,,,,,,1,,,,,,,,,,,1,,,1,,,,,,,,,,,
2206,0,0,0,0,0,0,0,0,0,0,0,0,0,0,0,0,0,0,0,0,0,0,0,0,0,0,0,0,0,0,0,0,0,0,0,0,0,0,0,0,0,0,0,0,0,0,0,0,0,0,0,0,0,0,0,0,0,0,0,0,0,0,0,0,0,0,0,0,0,0,0,0,0,0,0,0,0,0,0,0,0,0,0,0,0,0,0,0,0,0,0,0,0,0,0,0,0,0,0,0
2207,4,,,5,6,8,,2,,,,,,,7,,3,,3,,,,25,,,,,,,,,,,,,,,,,,,4,10,,,,,,,,,,,,4,,,5,,,,,,,2,,,,2,,8,,,,,,,6,,,,,,,3,,,7,,,,,,,,1,,,,
2208,1,,,,2,1,1,1,1,,2,1,1,,1,,,1,5,1,,,1,,1,1,1,2,1,,,,1,2,1,,,1,1,1,,,,1,,,,,,,1,1,,1,2,,1,1,5,3,1,,,1,1,,4,2,6,,,3,3,,1,,1,2,1,1,1,,1,1,,4,1,1,5,1,2,,,,,,,,1,
2209,,,,,,,,,,,,,,,,,,,,,,,,,,,,,,,,,,,,,,,,,,,,,,,,,,,,,,1,,,,,,,,,,,,,,,,,,,,,,,,,,,,,,,,,,,,,,,,,,,,,1,
2210,6,3,4,1,2,4,2,3,3,2,1,1,3,1,3,2,2,2,3,3,2,1,2,4,1,1,4,4,1,4,2,3,4,1,2,2,3,2,1,2,4,3,2,7,1,2,3,3,1,3,7,3,1,1,2,2,2,2,4,5,1,2,1,2,2,3,1,2,2,3,3,5,1,1,3,3,1,,3,1,1,2,3,4,1,3,1,,4,2,2,3,3,3,5,2,1,1,4,1
2211,,,,,,,,,,,,,,,,,,,,,,,,,,,,,,,,,,,,,,,,,,,,,,,,,,,,,,,,,,,,,,,,,,,,,,,,,,,,,,,,,,,,,,,,,,,,,,,,,2,,7,
2212,6,3,5,3,1,4,2,2,3,2,2,4,1,1,2,2,3,4,1,1,2,3,4,3,5,3,2,5,6,3,6,3,3,4,3,2,3,1,4,3,2,4,1,1,1,4,4,3,1,4,2,2,1,5,5,3,4,1,2,6,4,1,2,2,4,1,4,4,4,4,4,1,2,2,3,4,4,3,3,1,5,7,1,1,1,4,3,4,2,3,1,1,1,4,1,2,1,2,2,1
2213,2,4,1,5,5,4,4,5,5,5,2,4,4,5,1,3,3,1,1,1,3,1,1,1,7,5,4,5,4,4,5,5,2,4,1,3,1,2,3,1,2,1,2,3,5,5,2,8,1,7,1,3,4,2,2,4,3,1,4,6,3,1,3,3,3,2,1,1,1,4,2,3,6,3,1,4,5,1,1,4,5,5,3,4,4,1,1,2,4,3,2,1,2,1,2,2,5,5,3,2
2214,,,,,1,,,,,,,,,,,,,,,,,,,,,,,,,,,,1,,,6,,,,,,,,,,,,,,7,,,,,,,,,,,,,,,,,,,,,,,,,,3,,,,,,,,,,,,,,2,,,,,,,,,,
2215,,,,,,,,,,,,,,,,,,,,,,2,,,,,,,,,,,3,,,,,,,,,,,,,,,,,,,,,,,,,,,2,,,,,,,,,,,,,,,,,,,,,,,,,,,,,,,,,,,,,,,5,
2216,1,4,2,2,5,2,5,1,1,4,3,3,1,2,3,1,2,1,2,3,4,1,2,2,5,2,5,2,3,1,4,5,4,4,2,3,1,4,4,1,2,4,4,3,1,2,1,1,4,6,4,3,3,1,4,3,2,2,3,5,1,1,3,2,4,4,1,3,3,4,4,2,1,4,2,4,3,4,3,5,5,1,1,1,5,2,2,5,1,1,3,4,2,3,1,1,1,1,2,4
2217,,,,,,,,,,,,,,,,,,,,,,,,11,,,,,,,,,1,,,,,,,,2,,,,,,,,,,,,,,,,,,,,,,,,2,,,,,,,,,8,,,,,,,,,,,,,1,,,,,,,6,,,,,,
2218,0,0,0,0,0,0,0,0,0,0,0,0,0,0,0,0,0,0,0,0,0,0,0,0,0,0,0,0,0,0,0,0,0,0,0,0,0,0,0,0,0,0,0,0,0,0,0,0,0,0,0,0,0,0,0,0,0,0,0,0,0,0,0,0,0,0,0,0,0,0,0,0,0,0,0,0,0,0,0,0,0,0,0,0,0,0,0,0,0,0,0,0,0,0,0,0,0,0,0,0
2219,,,,,2,,2,,,,,,1,2,,,,,,,2,,,,,,,,,,1,,,,,,,1,,,,3,,,,,,,,,,,,,,,,,,,,,,,,1,,,,,,,,1,,4,,,,,,,,,,,,,,3,1,,,,,,,,5,
2220,0,0,0,0,0,0,0,0,0,0,0,0,0,0,0,0,0,0,0,0,0,0,0,0,0,0,0,0,0,0,0,0,0,0,0,0,0,0,0,0,0,0,0,0,0,0,0,0,0,0,0,0,0,0,0,0,0,0,0,0,0,0,0,0,0,0,0,0,0,0,0,0,0,0,0,0,0,0,0,0,0,0,0,0,0,0,0,0,0,0,0,0,0,0,0,0,0,0,0,0
2221,,,,,,,,2,,,,,,,,,,,,,,,,,,,,5,,,,,,2,,,,,,,,,,,,,,,,,,,,,,,,,,,,,,,,,,,,,3,,,,,7,,,,,,,,,,,,,,,,,,,,,,,,
2222,,,,,,,,,,,,,,,,,,,,,,,,,,,,,,1,,,,,,,,,,,,,,,,,,,,,,,,,,,,,,,,,,1,,,,,,,,,2,,,,,,,,,,,,,,,,,,,,,,,,,,,
2223,,,,,,,,,,,,,,,,,,,,,,,,,,3,,,,,,1,,,,,,,,,,,,,,,,,,,,,,,,,,,,2,,,,,,,,,,,,,,,,,,,,,,,,,,,,1,,,,,,3,,,,,4,
2224,,,,,,,,,,,,,,,,,,,,,,,,,,,,,,,,,,,,,,,,,,,,,2,,,,,,,,,,,,,,,,,,,,,,,,,,,,,,,,,,,,,,,,,,,,,,,,,,,,,,,
2225,,,,,,,,,,,,,,,,,,,,,,,,,,,,,,,,,,,,,,,,,,,,,,,,,,,,,,,,,,,,,,,1,,,,,,,,,,,,,,,,,,,,,,,,,,,,,,,,,,,,,
2226,,,,,,,,,,,,,,,,,,,,,,,,1,,,,,,,1,,,,,,,,,,,,,,,,,,,,,,,,,,,,,,,,,,,,,,1,,,,,,,,,,,,,,,,,,,,,,,,,,,,,,,
2227,,,,,,,2,,,,,,1,,,,,,3,3,,,,,,,,,,,,,,,,,2,,,,,,,1,,2,,,,,,,,,,,,,,,,,,,1,,,,,,,,,,,,,,,,,,,,,,,,,,,,,,,,,,,
2228,,,,,,,,,,,,,,,,,,,,,,,,,,,,,,,,,,,,,,,,,,,,,,,,,,,,,,,,,,,,,,,,,,,,,,,,,,,,,,,,,,,,,2,,,,,,,,,,,,,,,2
2229,0,0,0,0,0,0,0,0,0,0,0,0,0,0,0,0,0,0,0,0,0,0,0,0,0,0,0,0,0,0,0,0,0,0,0,0,0,0,0,0,0,0,0,0,0,0,0,0,0,0,0,0,0,0,0,0,0,0,0,0,0,0,0,0,0,0,0,0,0,0,0,0,0,0,0,0,0,0,0,0,0,0,0,0,0,0,0,0,0,0,0,0,0,0,0,0,0,0,0,0
2230,,2,,2,,1,,,,2,,,,,,,,,,,,4,,8,,,1,,,,,,,,,,1,,,,,,,,,,,,,1,,,,,,,,,,,1,,,,,,,,3,,,,1,,,,,,,,,1,,,,,,,,,,1,,,,,2,,,
2231,,,,,,,,,,,,,,,,,,,4,,,,,,,,,,,,,,,,,,,,,,,,,,,,,,,,,,,,,,,,,,,,,,,,,,,,,,,,,,,,,,,,,,,,,,,,1,,,,,,,,,
2232,,,,,,1,,,,,,,,,,,,,,1,,,,,,,,,,,,,,,,6,,,,,,,,,2,,,,,,,,,,,,,,,,,,,3,,,,,,,,,,,,,,,,,,,,,,,,,,,,,,,,,,,3,
2233,0,0,0,0,0,0,0,0,0,0,0,0,0,0,0,0,0,0,0,0,0,0,0,0,0,0,0,0,0,0,0,0,0,0,0,0,0,0,0,0,0,0,0,0,0,0,0,0,0,0,0,0,0,0,0,0,0,0,0,0,0,0,0,0,0,0,0,0,0,0,0,0,0,0,0,0,0,0,0,0,0,0,0,0,0,0,0,0,0,0,0,0,0,0,0,0,0,0,0,0
2234,4,3,4,3,6,5,4,1,2,5,3,5,6,3,5,5,2,4,5,6,5,2,4,5,4,6,3,3,3,2,3,4,4,7,4,2,6,3,3,2,3,3,5,5,7,4,2,1,5,4,4,4,5,2,3,2,4,3,1,3,6,3,3,4,1,4,7,4,1,2,5,4,4,4,6,3,3,3,3,3,4,4,4,3,3,5,3,1,3,2,2,4,2,3,5,5,7,4,1,7
2235,,,,,,,,,,,,,,,,,,,,,,1,,,,,,,,,,,,,,,,,,,,,,,,,,,,,,,,,,,,,,,,,,,,,,,,,,,,,,,,,,,1,,,,,,,,,,,,,,,,,,,
2236,,,,,,,,,,1,,,,,,,,,,,,,,13,,,,,2,,,,,,,,,,,,,,,,,,,,,,,,,,,,,,,,,,,,,,,,,,,,,,,,,,,,,,,,,,,,,,5,,,,,,,,,
2237,3,2,5,2,1,2,2,4,4,3,1,2,4,2,5,4,1,3,3,3,1,3,3,2,2,1,1,1,2,4,3,5,3,5,3,3,3,1,3,4,2,2,5,5,4,4,2,1,4,5,4,4,6,1,2,1,1,3,3,3,3,1,1,5,3,2,2,3,1,6,2,2,3,2,4,1,3,1,1,2,1,1,3,2,3,1,4,1,1,1,3,3,3,3,4,3,3,3,2,1
2238,,,,,,,,,,,,,,,,,,,,,,,,,,,,,,,,,,,,,,,,,,,,,,,,,,,,,,,,,,1,,,,,,1,,,,,,,,,,,,,,,,,,,,,,,,,,,,3,,,,,,,,
2239,,,,,,,,,,,4,,,,,1,,,,,,,,,,,,,,,1,,,,,,,,,,,,,,,,,4,,,,,,,,,,,,,,,,,,,,,,,,,,,1,,,,,,,,,,,,,,,,,,,,,,,,,
2240,0,0,0,0,0,0,0,0,0,0,0,0,0,0,0,0,0,0,0,0,0,0,0,0,0,0,0,0,0,0,0,0,0,0,0,0,0,0,0,0,0,0,0,0,0,0,0,0,0,0,0,0,0,0,0,0,0,0,0,0,0,0,0,0,0,0,0,0,0,0,0,0,0,0,0,0,0,0,0,0,0,0,0,0,0,0,0,0,0,0,0,0,0,0,0,0,0,0,0,0
2241,,,,,,,,,,,,,,,,,,,,,,,,,,,,,,,,,2,,,,,,,,,,,2,,,,,,,,,,,,,,,,,,,,,,,,,,,,,5,,,,,,,,,,,,,,,,,,,,,,,,,,,
2242,,,1,,,,,,,,,,,,,,,,,,,,,,,,,,,,,,,,,,,,,,,,,,,,,3,,,,,,,,,,,,,,,,,1,,2,,,,,,,,,,,2,,,1,,,,,,,,,,,,,,,,,,4,
2243,,,,,,,,1,,,,,,,,,,,,,,,,,,,,,,,,,,,,,,,,,,,,,,,4,,,,,,,,,,,,,,,,1,,,,,,,,,,,,,,,,,,,,,,,,,,,,,,,,,,,,,
2244,0,0,0,0,0,0,0,0,0,0,0,0,0,0,0,0,0,0,0,0,0,0,0,0,0,0,0,0,0,0,0,0,0,0,0,0,0,0,0,0,0,0,0,0,0,0,0,0,0,0,0,0,0,0,0,0,0,0,0,0,0,0,0,0,0,0,0,0,0,0,0,0,0,0,0,0,0,0,0,0,0,0,0,0,0,0,0,0,0,0,0,0,0,0,0,0,0,0,0,0
2245,,2,,,,3,,,,,5,,,,,,,,2,,,,,,,,,,,,,,,,2,3,,,,,4,,,,1,,,1,,,2,,,,,,3,,7,,,,1,,,,,,,,2,,,,4,,2,,,,,,,,,,,,,,1,,,,3,,3,,5,
2246,,,,,,,,,,,,,,,,,,,,,,,,,,,,,,,,,,,,,,,,,,,,5,,,,,,,,,,,,,,,,,,,,,,,,,,,,,,,,,,,,,,,,,,,,,1,,,,,,1,,,,,
2247,,,,,,,,,,,,,,,,,,,,,,,,,,,,,,,,,,,,,,,,,,,,,,,,,,,,,,,,,,,,,,,,,,,,,,1,,,,,,,,,,,,,,,,,,,,,,,,,,,,,,
2248,,,,,,,,,,2,,,,1,,,,,,,,,,,,,,,,,,,,,,13,,,,,,,,,,,,,,,1,,,,,,,,,,,,,,,,,,,,,,1,,,,,,,,,3,,,,,,,,,,,,,,,,,,
2249,,1,1,,,,,,,,,,,,,,,,,,,,,,,,,,3,,,,,,,,,,,,,,,,,,,,,,,,,,,,,,,,,,,,,,,1,,,,,,,,1,,,,,,,,,,,,,,,,,,,1,,,,,
2250,,,,,,,,,,,,,,,,,,,,,,,,,,,,,,,,,,,,,,1,,,,,,,,,,,,,,,,,,,,,,,,,1,,,3,,,,,,,,,,,,,,,,,,,,,,,,,,,,,,,,,,
2251,,,,2,,,,,,,,,,,,,,,,,,,,1,,,,,,,,,,,,,,,,,,,,,1,,,,,,,1,,,,,,,,,,,,,,,,,,,,,,,,,,,,,,,,,,,,,,,4,,,,,,,,3,
2252,,,,,,,,,,,,,,,,,,,,,,,,1,,,,,,,,,,,,,,,,,,,,,,,,,,,,,,,,,,,,,,,,,,,,,,,,,,,,,,,,,,,,,,,,,,,,,,,,,,,,
2253,2,1,5,2,1,3,3,4,4,3,4,3,2,1,4,4,2,3,4,6,1,1,1,2,4,2,5,1,5,5,2,4,3,3,3,1,3,2,8,2,3,3,3,2,1,3,4,3,5,6,3,2,4,2,2,2,5,3,1,1,5,3,2,2,2,2,3,3,5,2,5,1,1,1,1,6,4,2,3,2,4,3,3,2,1,4,1,4,1,2,2,5,2,5,2,1,1,3,3,3
2254,,,,,,,,,,,,,,,,,,1,,,,,,,,,,,,,8,,,,,,,,,,,,,,,,,,,,,,,,,,,,,,,,,,,,,,,,,,,,,,,,,,,,,,,,,,,,,,,,,,,2,,
2255,,,,,4,1,,,,,,,,,8,,3,,,,,,27,,,,,,,,,,,,,,,,,,,1,11,,1,,,,,,,,,,10,,,,,,,,,,,,,1,,,6,,,,,,,11,,,,,,,,2,3,,,,,,1,1,,4,,,,
2256,,,1,,,1,,,3,,,,,,,,,,,,,,,,1,,,,,,,,,,,9,,,,1,,,,,,,1,,,11,1,,,,1,,,,,,,,,,,,,2,,,,,,,,5,,,,,,,,,,,,,,,,,,,,,4,,,
2257,4,2,3,3,3,3,3,3,3,4,1,1,2,1,3,4,3,1,5,1,4,4,3,1,1,4,3,2,3,4,5,1,2,2,1,3,2,2,4,2,3,4,4,5,2,1,1,2,1,4,2,2,2,5,3,1,1,3,4,1,2,5,1,1,5,4,3,2,5,3,3,3,3,3,3,3,4,2,2,3,4,5,6,5,4,2,1,1,3,1,4,4,2,3,2,1,3,1,2,3
2258,1,1,4,5,4,3,4,2,1,2,4,6,1,2,3,3,5,4,1,3,3,2,1,1,4,2,2,1,1,6,4,5,2,1,2,1,4,3,2,5,1,2,5,6,2,3,2,3,3,1,3,1,1,2,1,2,1,4,6,1,4,1,2,2,2,5,3,3,5,2,4,1,1,1,6,2,4,4,1,3,2,6,4,3,1,3,1,5,3,2,1,3,5,4,4,4,1,2,4,1
2259,,,,,7,,,,,,,,,,,,,,,,,1,,,,,,,,,,,,,,1,,,,,,,,,,,,,,,,,,,,,1,,,,1,,,,1,,,,,,,,,,,,,,,,,1,,,,4,,,,,,,,,,,,,,
2260,,,,,,,,,,,,,,,,,,,,,,,,,5,,,,,,,,,,,,,,,2,,,,,,,,,,,,,,,,,,,,,,,,,,,,,,,,,,,,,,,,,,,1,,,,,,,,,,,,,,,,,
2261,3,1,2,4,2,1,1,3,5,1,2,3,2,2,6,2,4,4,2,5,2,1,1,4,1,3,3,4,2,4,1,3,3,1,1,3,4,3,1,3,2,3,3,4,5,1,1,1,4,4,4,1,2,1,2,4,3,1,2,2,3,4,2,3,5,4,1,2,1,1,2,2,5,5,5,4,3,2,3,3,1,3,3,1,4,1,3,1,5,1,2,5,2,1,2,4,1,3,3,1
2262,7,3,2,3,6,4,4,6,3,3,4,4,2,3,5,,3,5,4,7,5,4,4,5,4,5,3,5,6,5,4,4,3,4,3,4,6,5,6,4,6,7,2,1,2,3,4,6,2,3,4,2,,2,5,2,4,3,3,7,7,4,3,4,4,5,5,5,2,5,5,2,4,4,3,5,1,3,4,4,5,6,,2,3,6,4,5,2,4,2,2,3,4,5,6,6,,5,3
2263,,,,,,,1,,,,,1,,,,,,,,4,,,,9,,,,1,,,,,,,,,,,3,,,1,,,,1,,,,,,,,,,,,1,,,1,,,,2,,1,,,,,1,,,,,,1,,,,2,,,,4,,,,5,,,,4,,,,,4,
2264,,,,,,,,,,,2,,,,,,,,,,,,22,,,,,,1,,,,,,,,,,,,,,,4,,,,,5,,,,,,,,,,,,5,,,,,,,,,,,,,,,,,,,,,,1,,,,,,,,,,,,,,,,,
2265,,,,,,,,,2,,,,,,,,,,,,,1,,,2,,,,,,,,,,,7,,,,,,,,,,,,,,12,,,,,,,,,,,,,,,,,,1,,,,,,,,2,,,,,3,,,,,,,,,,,,,,,,3,,,
2266,0,0,0,0,0,0,0,0,0,0,0,0,0,0,0,0,0,0,0,0,0,0,0,0,0,0,0,0,0,0,0,0,0,0,0,0,0,0,0,0,0,0,0,0,0,0,0,0,0,0,0,0,0,0,0,0,0,0,0,0,0,0,0,0,0,0,0,0,0,0,0,0,0,0,0,0,0,0,0,0,0,0,0,0,0,0,0,0,0,0,0,0,0,0,0,0,0,0,0,0
2267,,,,,,,,,,,,,,,,,,,,,,,,,,,,,,,,,,,1,,,,,,,,,,,,,,,,,,,,,,,,,,,,,,,,,,,,,,,,,,,,,,,,,,,,,,,,,,,,,,,,,
2268,,,,,,,,,,,,,,,,,,,,,,,,,,,,,,,,,,,,,,,,,,,,,,,,,,,,,,,,,,,,,,,,,,,,,,,,,,,,,,,,,,,,,,,,,,,,,,,1,,,,,
2269,1,1,1,1,1,1,1,1,1,1,1,1,1,1,1,1,1,1,1,1,1,1,1,1,1,1,1,1,1,1,1,1,1,1,1,1,1,1,1,1,1,1,1,1,1,1,1,1,1,1,1,1,1,1,1,1,1,1,1,1,1,1,1,1,1,1,1,1,1,1,1,1,1,1,1,1,1,1,1,1,1,1,1,1,1,1,1,1,1,1,1,1,1,1,1,1,1,1,1,1
2270,,,,,,,,,,,2,,,1,,,,,,,,,,,,,,,,,,,,,,,,,,,,,,,,,,,,,,,,,,,,,,,,,,,,,,,,,,,,,,,,,,,,,,,,,,,,1,,,,,,9,,,3,
2271,3,2,4,3,2,1,2,4,1,1,3,2,4,2,7,5,4,2,2,5,1,3,4,3,4,1,6,4,1,4,1,5,1,2,1,4,4,4,4,4,3,2,4,2,4,4,5,2,3,5,2,1,2,3,3,6,2,3,1,4,3,4,5,2,1,1,2,3,1,4,2,2,5,1,4,3,2,1,3,1,6,3,3,4,1,4,2,1,4,3,2,5,3,4,3,3,2,5,4,4
2272,,,,,,,,,,,,,,,,,,,,,,,,,,,4,,,,,,,,,,,,,,,,,,,,,,,,,,,,,,,,1,,,,,,,,,,,,,2,,,,,,,,,,,,,1,,,,,,,1,,,,,,,,
2273,,,,,,,,,,,,,,,,,,,,,,,,,,,,,,,,,,,,,,,,,,,,,,,,,,,5,,,,,,,,,,,,,,,,,,,,10,,,,,,,,,,,,,,,,,,,2,,,,,,,,,,
2274,,,,,,,,,,,,,,,,,,,,,,,,,,,,,,,,,,,,,,,,,,,,,,,,,,,,,,,,,,,,,,,,,,,,,,,,,,,,,,,,,,,,,,,,,,,,,,,,,1,,,
2275,5,2,5,4,1,1,4,2,3,5,1,5,1,3,4,2,3,4,2,3,6,1,5,1,5,4,1,3,3,5,5,4,3,2,1,1,4,2,3,2,3,1,3,7,5,2,3,2,3,5,2,4,1,3,2,2,2,2,3,2,2,1,2,4,4,2,1,2,3,2,4,3,3,1,2,5,1,4,1,3,3,4,2,4,6,4,3,2,4,4,1,2,1,2,5,2,2,5,1,3
2276,5,1,1,4,4,3,2,3,5,3,5,4,3,1,5,1,4,3,1,1,4,2,3,1,4,5,1,4,3,4,4,6,5,5,2,2,6,1,5,4,2,3,2,6,5,5,3,3,3,1,2,1,4,1,5,2,1,3,4,5,3,1,2,3,2,3,4,4,1,1,1,3,3,1,6,4,4,1,3,2,3,4,6,5,4,3,2,2,5,2,2,4,6,1,4,2,1,6,4,1
2277,2,,,,,,,,,,,,,,,,,,,,,,1,,,2,,,,,,,,,,12,,,,,,,,,,,,,,,,,1,,,,,,,,,,,,,,,3,,,,,,,,,,,,,4,,,,,,,,,3,1,3,,,,,,,,
2278,,4,3,2,5,,5,3,3,1,2,6,1,1,3,5,1,2,2,5,1,1,3,3,4,4,2,4,5,2,3,3,4,2,,4,5,4,1,1,4,4,4,3,3,4,1,3,2,5,5,4,2,2,1,2,1,3,1,3,4,1,4,3,6,3,4,5,4,4,1,3,2,2,5,2,2,4,3,4,2,4,2,3,3,2,2,4,1,4,3,4,1,1,2,6,5,4,3,4
2279,,,,,,,,,,,,,,,,,,,,,,,,,,,,,,,,,,,,,,,,,,,,,,,,,,,,,,,,,,,,,,,,,,,,,,,,,,,,,,,,,,,,,,,,,,,,,,,,,,,6,
2280,,,,,,,,,,,,,,,,,,,,,,,,,,,,,,,,6,,,,,,,,,,,,,,,,,,,,,,,,,,,,,,,,,,,,,,,,,,3,,,,,,,,,,,,,,,2,,,,,,,,,,,
2281,,1,,,,2,,,,,2,,,,,,,,1,,,,,,,,,,,,,,,,2,2,,,,,5,,,,5,,,,,,,,,,,2,6,,5,,,,4,,,,,,,,3,,,,3,,3,,,,,,,,,,,,,,,,,,2,,2,,2,
2282,,,,,,,,,,,,,,,,,,,,,,,,,,,,,,,,,,,,,,,,,,,,,,,,,,,4,,1,,,,,,,,,,,,,,,,,,,,,2,,,,,,,,,,,,,,,,,,,,,,,,,,
2283,,,,,,,,,,,,,,,,,,,,,,,,,,,,,,,,,,,,,,,,,,2,,,,,,,,,,,,,,,,,,,,,,,,,,,,,,,,,,,,,,,,,,,,,,,,,,,,,,,,,6,
2284,,,,1,,,,,,,,,,,,,,,,,,,,,,,,,,,,,,,,,,,,,,,,,,,,,,,,,,,,,,,,,,,,,,,,,,,,,,,,,,,,,,,,,,,,,,,,,,,,,,,,
2285,,,,,,,,,,,,,2,,,,,,,,,,,,,,,,,,,,,,,,,,,,,,,,,,,,,,,,1,,,,,,,,,1,,,,,,,,,,,,,,,,,,,,,,,,,,,,,,,,,,,,,,
2286,,,,,,,,1,,,,,,,,,,,,,,,,,,,,,,,,,,,,13,,,,,,,,,,,,,,,,,,2,,,,,,,,,,,,,,1,,,,,,,,,,,,,,,,,,,,,,,,,,,,,,,,
2287,1,3,5,2,7,1,1,1,4,1,3,1,2,1,3,2,5,3,3,7,1,4,3,1,2,1,1,1,1,5,1,1,3,1,2,7,1,5,2,3,1,1,3,1,4,1,1,1,1,5,2,4,1,5,2,3,1,1,1,1,2,1,1,4,1,4,4,2,5,3,1,1,4,2,4,3,1,3,1,1,1,1,3,4,4,4,4,2,4,1,1,1,1,1,3,4,1,1,4,2
2288,7,,,,8,,3,1,3,4,4,5,,5,1,,1,2,5,8,3,4,4,,4,,3,,3,5,,4,2,6,2,5,,,7,3,7,5,4,5,6,,4,5,,6,4,,5,4,4,3,,1,,1,8,5,,1,5,3,2,,4,6,,1,,,,4,,1,2,,5,6,5,,5,6,,6,5,3,1,2,2,5,5,,1,6,5,8
2289,,,,,,,,,,,,,,,,,,,,,,,,,,,,,,,,,,,,,,,,,2,,,,,,,,,,,,,,,,,,,,,,,,,,,,,,,,,,,,,,,,,,,,,,,,,,,,,,,,,,,
2290,6,3,1,4,2,3,2,4,4,3,5,1,4,5,4,3,4,4,2,6,2,2,1,2,5,1,3,1,4,4,3,2,4,2,1,2,4,4,1,2,3,3,6,2,2,4,2,7,3,6,4,1,4,3,5,2,2,3,4,3,4,1,4,3,5,2,2,1,4,4,3,5,4,1,3,4,3,3,3,3,1,5,3,3,3,1,4,2,4,2,4,3,4,4,1,4,1,3,2,4
2291,,,,,,,,,,,,,,,,,,,,,,,,,,,,,,,,,,,,8,,,,,,,1,,,4,2,,,,,,,,,,,,,,,,,,,,,1,,,,,,,,4,,,,,,1,,,,,1,,,,,,2,,,,1,,,
2292,,,,,,,,,,,,,,,,,,,,,2,3,,2,,,1,,1,,,,2,,,,,,,,,,,,,,,,,,,,,,,,,,,,,,,,,,,,,,,,,,,,,,,,,,,,,4,,,,,1,,,,,,,,,
2293,,,,,,,,,,,,,,1,8,,,,2,,1,,,,,,,,,,,,,1,,,,,,,3,,,,,,,,,6,,,4,,,,,,,,,,,,2,,,,,,,,,,,,,,,6,,,,,,,,,,,,,,,4,,,,,1
2294,,,,,,,,,,,,,,,,,,,,,,,,,,,,,,,,,,,,,,,,,,,,,,,,,,,,,,,,,,,,,,,,,,,,,,,,,,,,,,,,,,,,,,,,,,,,,,,,,,,,
2295,,20,,,,,,,,,,,,,1,,,,,,,,,,,,,,,,,2,,,,,,,,,,,,,,,,,,,,,,,,,,,,,,,,,,,,,,,,,,1,,,,,,,,,,,,,3,,,,,,,,,,,,,
2296,,,,,,,,,,,,,,,,,,,,,,,,,,,,,6,,,,,,,,,,,,,,,,,,,,,,,,,,,,,,,,,,,,1,,1,,,,,,,,,,,,,,,,,,,,,,,,,,3,,,,,,,
2297,,,,,,,,,,,,,,,,,,,,,,,,,,,,,,,,,,,,,,,,,,,,,,,,,,,,,,,,,,,,,,,,,,,,,,,,,,,,,,,,,,,,,,,,,,,,1,,,,,,,,
2298,,,,,,,,,,,,,,1,,,,,,,,7,,,,,,,,,,,,,,,,,,,,,,,,,,,,,,,,,,,,,,,,,,,,1,,,,,,,,1,,,,,,,,,,,,,,,,,,,1,,,,,3,9,
2299,5,1,3,3,1,2,4,1,2,3,3,6,4,3,2,4,3,1,1,2,4,1,3,1,2,4,3,4,2,2,3,3,3,2,,5,4,3,2,5,1,3,4,2,3,2,4,2,1,4,3,2,5,1,5,3,4,1,1,2,3,6,2,3,2,2,2,1,3,1,6,2,5,1,3,4,3,1,4,4,3,5,4,4,2,5,2,4,2,4,1,1,3,3,2,3,1,5,2,1
2300,6,1,2,2,2,3,2,3,1,2,2,3,1,1,6,4,3,4,1,3,1,4,3,1,1,4,1,4,5,1,4,1,3,3,3,3,1,4,6,3,6,1,3,4,3,3,2,3,4,5,2,4,1,7,5,3,1,3,3,1,6,4,2,2,3,2,6,3,2,4,2,4,2,5,1,4,2,2,3,5,4,1,3,1,1,4,3,1,2,3,1,1,1,4,3,1,6,5,4,7
2301,,7,,,,5,,,,,4,,,,,,,,3,,,,,12,,,,,,,,,,,1,2,,,,,,,,,2,,,,,,,,,,,,4,,4,,,,3,,,,,,,,3,,,,5,,5,,,,,,,,,,,,,,,,,,4,,1,,3,
2302,,,,,,,,,,,,,,,,,,,,,,,,,,,,,,,,,,,,,,3,,,,5,,,,,,,,,2,,,,,,,,,,,,,,2,,,,,,,,,,,,,,,,,,,,,,,,,,,,,,,,,,,
2303,7,3,5,4,5,3,3,2,5,2,2,4,2,4,5,7,4,5,3,4,2,1,1,5,4,5,1,4,3,1,4,5,1,4,1,5,5,4,3,3,5,5,5,4,4,5,3,,3,6,3,1,4,2,1,2,3,3,1,2,1,2,4,5,2,,5,5,5,1,1,1,2,2,6,3,3,4,1,4,3,5,4,5,4,,4,5,2,2,1,4,4,5,6,5,6,1,5,7
2304,,,,,,,,,,,,,,,,,,,,,,,19,,,,,,,,,,,,,,,,,,,,,,,,,,,,,,,,,,,,,,,,,,,,,,,,,,,,,,,,,,,,,,,,,,,,,,,,,,,,,
2305,,,,,,,,,,,,,,1,,,1,,,,,,,,,,,,,,,,2,,,,,,,,,,,,,,,,,,,,,,,,,,1,,,,,,,,,,,,,,,,,,,,,,,,,,,,,,,,,,,,,,,,,
2306,6,1,4,3,4,3,1,3,4,5,3,5,3,2,3,2,2,3,2,3,1,1,3,3,1,2,5,3,5,4,2,1,3,1,1,3,5,3,1,2,3,5,4,6,5,2,3,4,2,3,1,5,5,1,1,3,1,2,6,4,3,1,2,5,4,2,3,2,2,4,4,1,1,3,1,2,1,4,2,1,3,3,2,4,3,5,1,3,3,3,3,2,4,3,1,3,6,1,5,1
2307,5,3,1,5,5,1,2,4,2,1,2,5,4,2,4,1,2,1,1,3,6,4,2,1,4,4,4,5,1,6,2,1,1,3,4,4,5,2,1,3,4,5,3,6,1,4,4,1,1,1,5,2,1,6,4,7,3,2,2,1,1,3,2,1,4,1,4,5,1,2,2,2,5,5,1,5,3,3,3,2,2,3,4,4,2,1,3,1,4,4,1,4,5,4,4,1,2,2,3,3
2308,1,2,1,1,4,1,5,4,3,3,4,1,1,3,3,3,3,1,2,2,3,2,3,2,3,4,1,1,4,5,2,7,2,4,2,3,6,5,3,1,1,3,2,1,3,4,1,3,2,1,6,1,1,1,3,2,1,3,2,4,5,1,3,4,5,1,2,2,4,2,5,2,4,3,3,1,1,3,1,1,4,5,1,3,5,1,4,2,1,1,2,2,5,4,1,3,2,3,2,3
2309,0,0,0,0,0,0,0,0,0,0,0,0,0,0,0,0,0,0,0,0,0,0,0,0,0,0,0,0,0,0,0,0,0,0,0,0,0,0,0,0,0,0,0,0,0,0,0,0,0,0,0,0,0,0,0,0,0,0,0,0,0,0,0,0,0,0,0,0,0,0,0,0,0,0,0,0,0,0,0,0,0,0,0,0,0,0,0,0,0,0,0,0,0,0,0,0,0,0,0,0
2310,,,,,,,,,,,,,,,,,,,,,,,,,,,,,,,,,,,,,,1,,,,,,,,,,,,,,,,,,,,,,,,,,,,,,,,,,,,,,,,,,,,,,,,,,,,,,,,,,,,,,
2311,1,2,2,3,5,2,3,3,1,2,2,1,3,2,5,1,3,3,3,1,1,3,3,4,3,5,1,3,4,1,6,1,3,2,1,2,3,1,1,3,5,2,1,5,1,3,3,6,3,1,1,3,1,4,1,3,4,2,4,1,3,6,3,1,1,1,5,3,1,1,6,2,2,2,4,3,4,1,1,2,2,5,3,3,3,3,1,3,3,3,2,3,3,1,3,3,1,3,4,1
2312,,,,,,,,,,,,,3,,,,,,,,,,19,,,,,,,,,,,,,,,,,,,,,,,,2,,,,,2,,,,,,,,6,,1,,,,,,,,1,,,,2,3,,,,,,,,,,,,,,,,,,,,,,,1,1,
2313,,,,,,,,,,,,,,,,,,,,,,,,7,,,,,,,,,,,,,,,,,,,,,,,,,,,,,,,,,,,,,,,,,,,,,,,,,,7,,,,,,,,,,,,,,,,,,,,,,,,,2,
2314,,,,,,,,,,,,,,,2,3,,,,,,,,,,,,,,,,,1,,,,,,,,,,,,,,,3,,,3,,,,,,,,,,,,,,,,,,,,,,,,,,,,,,,,,,,,2,,,,,,,,1,,,,,
2315,,,,,,,,,,,,,,,,,,,,,,,,,,,,,,,,,,,,1,1,,,,,,,,,,,,,,1,,,,,,,,,,,,,,,,,,,1,,,,,,,,,,,,,,,1,,,,,,1,,,,,,,,11,
2316,,,4,,,,,,,,2,,,,,,2,,,,,,,,,,,,2,4,,,,,1,1,,,,,,,2,,,,,,3,,,,,,,,,,,,,,,,,,,,,,,,,,2,,,1,,,,2,,,3,1,,,,,,,,,,,,,,
2317,,,,,,,,,,,,,,,,,,,,,,,,,,,,,,,,,,,,,,,,,,,,,,,,,,,,,,,,,,,,,,,,,,,,,,,,,,,,,,,,,,,,,,,,,,,,,,,,,,,,1
2318,,,,,,,,,1,,,,,,,,2,,1,,,,,,,,,,,,,,,,1,,,,,,,,,,,3,,,,,,,,,,,,,,,,,,,,,,,,,,,,,,,,,,,,,,,1,,,,,,,,,,,,,,,
2319,,,,,,,,,,,,,,,,,,,,,,,18,,,,,,3,,7,,,,,,,,,,,,,,,,,,,,,,,,,,,,,,,,,1,,,,,,,,,,,,,,,,,,,,,,,,,,,,,,,,,,,,
2320,,,,,7,2,,3,,,,,,,2,,5,,1,,,,26,,,,,,,,,,,,,,,,,,,1,7,,,,,,,,,,,,10,,,4,,,,,,,,,,2,,,6,7,,,,,,6,,,,,,,,,,,,,,,,,,3,,,,
2321,,,,,,,5,,,,,,1,,,,,1,,,,1,,,,,,,3,2,,,1,,5,,,,,,,,,,,4,,,1,2,,,,3,,,,,,,,,,,3,6,4,,,,,,,,4,,,3,,2,,1,,,,,,,,,,,,,,,2,,,
2322,,,,,,,,,,,,,,,,,,,,,,,,,,,,,,,,,,,,,,,,,,,,,,,,,,,,,,,,,,,,,,,,,,,,,2,,,,,,,,,,,,,,,,,,,,,,,,,,,,,,,
2323,2,2,2,3,1,3,3,4,2,3,3,4,2,3,6,1,4,3,4,2,3,1,4,4,4,1,4,3,2,5,5,5,5,3,3,4,3,2,4,4,3,5,3,4,2,2,2,3,1,5,2,4,3,4,3,4,3,1,1,5,4,3,2,6,3,3,3,2,6,1,2,1,3,1,1,2,1,3,2,3,2,3,4,4,4,5,3,1,5,2,1,5,1,3,8,1,3,5,2,3
2324,0,0,0,0,0,0,0,0,0,0,0,0,0,0,0,0,0,0,0,0,0,0,0,0,0,0,0,0,0,0,0,0,0,0,0,0,0,0,0,0,0,0,0,0,0,0,0,0,0,0,0,0,0,0,0,0,0,0,0,0,0,0,0,0,0,0,0,0,0,0,0,0,0,0,0,0,0,0,0,0,0,0,0,0,0,0,0,0,0,0,0,0,0,0,0,0,0,0,0,0
2325,,,,,,,,,,,,,,,,,,,,,,7,,,,,,,,,,,,,,,,,,,,,,,,,,,,,,,,,,,,,,,,,,,,,,,,,,,,,,,,,,,,,,,,,,,,,,,,,,,,,,
2326,4,2,2,1,4,4,2,5,4,2,2,3,3,3,4,3,3,3,3,2,2,2,4,3,5,3,4,4,1,4,4,5,2,2,1,1,7,3,1,1,5,1,3,5,1,2,2,5,3,2,4,5,5,2,1,3,2,2,1,1,2,3,4,1,4,4,4,4,2,3,4,3,4,2,4,2,4,2,3,2,1,2,3,3,3,5,4,2,2,4,2,6,3,4,4,4,4,6,2,5
2327,,,,,,,,,,,5,,,,,,,,,,,,21,,,,,,,,,,,,,5,,,,,,,,,,,,,,,,,,,,,,,,2,,,,4,,,,,,,,,,,,,,,,,,9,1,,,,,,,,,,,,,,,,,
2328,,,,,,,,,,,,14,,11,,,,,,,,,,,,,,,,,,,,1,,,,,,,,,,,,,,,,,,,,,,,,,,,,,,,,,,2,,,,,,,,,,,,,,,,,,,,,,,,,,,,,,,,
2329,6,1,3,2,1,1,2,1,2,4,3,4,5,5,4,5,4,2,2,4,4,1,5,1,1,4,1,4,4,2,6,3,1,4,1,4,5,4,2,2,4,2,6,2,2,2,4,3,1,4,2,3,5,1,3,2,3,3,1,2,4,1,1,1,2,1,4,6,2,4,3,4,4,3,5,2,1,2,4,3,4,4,1,2,1,4,1,1,1,2,1,1,1,4,3,2,5,1,4,2
2330,,,,,,,,,,,,,,,,6,,,,,,,,,,,,,,,,,,,,,,,,,,,,,,,,,,,,,,,3,,,,,,,,,,,,,,,,,,,,,,,,,,,,,,,,,,,,,,,,,,,,,
2331,0,0,0,0,0,0,0,0,0,0,0,0,0,0,0,0,0,0,0,0,0,0,0,0,0,0,0,0,0,0,0,0,0,0,0,0,0,0,0,0,0,0,0,0,0,0,0,0,0,0,0,0,0,0,0,0,0,0,0,0,0,0,0,0,0,0,0,0,0,0,0,0,0,0,0,0,0,0,0,0,0,0,0,0,0,0,0,0,0,0,0,0,0,0,0,0,0,0,0,0
2332,,,,,,,,,,,,,,,,,,,,,,3,,,,,,,,4,,,,,,,,,,,,,,,,,,,,,,,,,,,,,,,,,,,,,,,,,,,,,,,,,,,,,,,,,,,,,1,5,,,,,,,,
2333,,,,,,,,,,,,,,,,,,,,,,,,,,,,,,,,,1,,,1,,,,,,,,,,1,,,,,2,,,,,,,,,,,,,,,,,,,,,,,,,,,,,,,,,,,,,,,,,,,,,,,,,
2334,3,2,5,2,3,2,2,2,2,4,1,1,2,1,3,1,1,2,2,6,2,3,1,1,1,1,7,1,4,3,5,2,3,6,3,3,4,2,4,1,1,3,4,3,5,3,4,5,5,2,1,3,1,5,4,2,5,3,5,3,3,1,4,4,5,1,5,4,4,4,1,3,3,4,5,1,4,3,2,1,4,1,3,2,1,3,1,3,2,2,2,4,5,2,1,2,2,5,3,5
2335,,,,,,,,,,,,,,,,,,,,,,,,,,,,,,,1,,,,,11,,,,,,,,,,,,,,,,,,,,,,,,,,,,,,,,2,,,,,,,,,,,,,,,,,,,,,,,,,,,,,,,,
2336,,,,,,,,,,,,,,,,,,,,,,,,,,,,,,,,,,,,,,,,,,,,,,,,,,,,,,,,,,,,,,,,,,,,,,,,,,,,,,,,,,,,,,,,,,,,,,,,,,,,
2337,,,,,,,,,,,,,,,,,,,,,,,,,,,,,,,,,,,,,,,,,,,,,,,,,,,,,,,,,,,,,,,,,,,,,,1,,,,,,,,,,,,,,,,,,,,,,,,,,,,,,
2338,,,,,,,,,,,,,,9,,,,,3,,,,,,,,,,,,,,4,,,,,,,,,,,,,,,,,,,,,,,,,,,,,,,,,,,,,,,,1,,,,,,,,2,,,,,,,,,,,,,,,,,,,
2339,1,3,5,4,4,4,4,2,4,3,2,4,1,1,2,3,2,1,5,4,4,2,3,4,4,5,2,1,4,4,2,4,4,3,7,4,2,3,3,2,4,2,4,7,4,4,5,3,4,4,5,2,4,3,2,1,2,1,4,1,4,2,3,1,3,4,4,3,3,1,3,2,4,2,6,2,3,3,2,1,3,4,1,3,3,3,5,4,2,1,2,1,3,2,5,4,5,4,1,3
2340,0,0,0,0,0,0,0,0,0,0,0,0,0,0,0,0,0,0,0,0,0,0,0,0,0,0,0,0,0,0,0,0,0,0,0,0,0,0,0,0,0,0,0,0,0,0,0,0,0,0,0,0,0,0,0,0,0,0,0,0,0,0,0,0,0,0,0,0,0,0,0,0,0,0,0,0,0,0,0,0,0,0,0,0,0,0,0,0,0,0,0,0,0,0,0,0,0,0,0,0
2341,,,1,,,,,,,,,,,,,,,,,,,,,,,,,,,,,,,,,,,,,,,,,,,,,,2,3,,,,,,,,,,,,,,,,,,,,,,,,,,,,,,,,,,,,,,,,,,,,,,,,,,
2342,,,,,,,,,,,,,,,,,,,,,,,,,,,,,,,,,,3,,,,,,,,,,,,,,,,,,,,,,,,,,,,,,,,,,3,,,,,,5,,,,,,,,,,,,,,,,,,,,,,,,,,
2343,,,,,,,,,,,,,,,,,,,,,,,,,,,,,,1,,,,,,,,,,,,,,,,,,,,,,,,1,,,,,,,,,,,,,,,,,,,,,,,,,,,1,,,,,,,,5,,,,,,,,,,,
2344,,,,,,,,,,,,,,,,,,,,,,,,,,,,,,,,,,,,,,,,,,,,,,,,,,,,,,,,,,,,,,,,,,,,,,,,,,,,,,,,,,,,,,,,,,,,,,,,,,,,
2345,,,,,,,1,,,,,,,,2,,,,,,,,20,,,,,,,,,,,,,,,,,,,,,,,,,,,,,,,,,,,,,8,,,,,,5,1,,9,,,,,,,,,,,,,,,,,,,,,,5,3,,,,,,,,
2346,,,,,,,,,,,,,,,,,,,,,,,,,,,,,,,,,,,,,,,,,,,,,,,,,1,,,,,,,,,,,,,,,,,,,,,,,,,,,,,,,,,,,,,,,,,,,,,,,,,,,
2347,0,0,0,0,0,0,0,0,0,0,0,0,0,0,0,0,0,0,0,0,0,0,0,0,0,0,0,0,0,0,0,0,0,0,0,0,0,0,0,0,0,0,0,0,0,0,0,0,0,0,0,0,0,0,0,0,0,0,0,0,0,0,0,0,0,0,0,0,0,0,0,0,0,0,0,0,0,0,0,0,0,0,0,0,0,0,0,0,0,0,0,0,0,0,0,0,0,0,0,0
2348,2,1,3,4,5,1,2,3,2,5,4,6,3,2,2,3,5,3,1,4,1,1,1,1,3,4,2,5,2,4,3,1,4,2,4,3,1,1,2,5,2,2,4,2,1,3,4,2,2,4,5,4,2,1,3,3,1,2,2,5,4,3,2,3,5,3,7,1,5,5,4,4,1,3,5,4,2,4,3,4,5,4,3,5,3,2,5,6,4,3,4,2,4,3,3,5,3,6,5,1
2349,,,,,5,9,,,,,,,,,1,,5,,,,,,6,,,,,,,,,,,,,,,,,,,4,11,,,,,,,,,,,,5,,,,1,,,,,,,,,,3,,3,,,,,,,10,,,,,,,1,,,,,,,,,,,,,,,
2350,6,,4,4,5,2,2,1,1,1,3,3,6,3,3,5,2,3,,4,1,4,3,1,3,4,3,4,3,5,3,1,1,1,4,3,,4,6,4,6,2,5,3,4,3,3,4,1,4,3,8,6,3,2,1,4,4,6,7,7,1,6,3,3,2,6,6,4,5,2,3,4,2,2,6,3,2,1,3,1,3,4,,3,5,5,5,3,3,2,3,2,4,1,1,,1,7,1
2351,,,,,,,,,,,,,,,,,,,,,,,1,,,,,,,,,,3,,,,1,,,,,,,,,,,,,,,,,,,,,,,,2,,,,,,,,,,,,,,,,,,,,,,,,,,,,,,,,,,,,,,,
2352,2,3,1,3,6,2,3,4,5,4,6,4,4,1,2,4,6,3,3,5,2,2,4,2,1,4,1,5,4,4,3,5,1,2,1,4,1,2,1,2,5,4,2,5,3,1,2,4,3,2,1,2,2,2,1,5,3,1,2,4,1,5,2,2,5,2,4,3,1,7,3,1,4,1,5,3,3,5,3,1,4,3,4,4,3,4,5,2,5,2,1,2,3,3,3,4,1,3,4,4
2353,8,2,3,5,1,4,3,4,3,6,4,2,3,1,4,4,3,1,3,4,3,4,1,3,3,5,5,3,6,2,1,2,1,1,2,3,1,5,3,2,2,2,2,1,3,4,3,1,2,3,4,5,4,5,6,3,3,1,3,3,4,2,2,4,5,2,3,1,4,2,4,1,1,2,3,4,3,1,4,3,1,4,1,1,1,2,1,4,3,3,3,5,1,1,3,4,5,2,3,4
2354,4,3,4,3,3,2,5,3,3,4,2,2,4,2,2,3,2,1,3,4,1,2,1,2,2,4,4,4,2,3,2,4,4,3,1,1,5,3,1,2,4,5,5,6,4,3,5,5,3,5,4,4,4,3,2,5,2,1,2,4,5,2,4,1,5,4,4,4,3,4,1,1,3,2,1,2,1,1,3,2,2,4,4,1,1,1,4,6,1,2,1,1,5,4,4,2,5,1,5,6
2355,,,5,,,,1,,,,,,,,,,,,,,,,,,,,,,,,,,,,,3,,,,,,,,1,2,,1,,,,,,,,,,,,,,,2,,,,1,,,,,,,,,1,,,,,4,,,,,,,,,,,,,3,,,,,6,,
2356,4,1,5,4,1,2,3,6,3,2,3,3,5,2,4,1,1,2,3,5,2,2,1,2,3,2,3,1,5,3,4,2,1,4,2,3,5,5,4,4,1,2,1,3,3,5,1,1,2,3,3,2,3,1,6,6,3,4,5,2,5,1,1,5,2,2,1,4,3,2,2,4,4,2,5,5,3,1,3,4,1,3,4,1,2,1,4,5,4,3,1,2,1,2,4,3,4,1,3,3
2357,,,4,,,,,,,,2,,,,,,,,,,,,,,3,,,,,,,,,,,,,,,,,,,,,,,,,,,,,,,,,,,,,,,,,,,1,,,,,,,,,,,,,,,,,,,,,,3,2,,,,,,,,,
2358,,1,,1,,,,,,1,,,,,,,,,,,,,,9,,,,,,,,,,,,,2,,,,,3,,,,,,,,,,,,,,,,,,,,,,1,,,,,2,,,,,,,,,,,,,,,,,1,,,,,,1,,,,,2,,,
2359,1,3,2,4,3,1,2,2,4,3,3,6,5,4,3,1,4,1,3,6,3,3,3,3,3,5,4,5,2,1,3,1,5,5,2,2,4,3,1,1,5,2,4,4,1,4,4,6,1,3,2,3,3,3,3,6,3,4,4,4,1,1,4,2,4,4,2,4,1,2,3,4,4,3,3,4,1,5,3,4,4,4,4,3,5,1,3,4,3,2,1,4,4,1,,1,4,7,4,4
2360,,,3,,,1,,,,,,,,,,,,,,,,,,,,,,,,,,,,,,,,,,,,,1,,,,,,,,,,,,,,,1,,,,,,,,,,,,,,,1,,,1,,,,,,3,,,,,,,,,,,,,,,,,,
2361,,,,,,,,,,,,,,,,,,,,,,,,,5,,,,,,,,,,,,,,,,,,,,,,,,,,,,,,,,,,,,,,,,,,,,,,,,,,,,,,,,,,,,,,,,,,,,,,,,,,,
2362,,,,,,,,,,,,,,,,,,,,,,,,,,,1,,,,,,,,,,,,,,,,,,,,,,,,,,,,,,,,,,,,,,1,,,,,,,,,,,,,,,,,,,,,,,,,,,,,,,,,,9,
2363,4,1,1,2,6,2,3,3,4,4,4,3,5,1,3,3,4,2,1,4,1,1,5,1,3,1,4,4,4,3,2,4,1,1,4,3,3,3,4,1,3,1,5,3,1,3,1,4,3,2,2,7,2,4,3,3,4,3,4,6,2,2,3,3,2,1,3,3,5,2,1,3,4,3,4,5,3,1,1,2,4,3,4,3,3,3,5,5,4,3,2,5,3,2,3,1,1,3,1,2
2364,,,,,,,,,,,,,,,,,,,,,,,,,,,,,,,,,,,,,,,,,,,,,,,,,,,,,,,,,,,,,,,,,,,,,,,,,,,,,,,,,,,,,,,,,,,,,,,,,,,,
2365,,,2,,,,,,,,,,,,,,,,,,,,,,,,,,,,,,,,,,,,,,,,,,,,,,,,,,,,,,,,,,,,,,,,,,,,,,,,,,,,,,,,,,,,,,,,,,,,,,,,,
2366,,,,,,,,,,,,,,,,,,,,,,,,,,,,,,,,,,,,,,,,,,,,,,,,,,,2,,,,1,,,,,,,,,,,,,,,,,,,,,,,,,,,,,,,,,,,,,,,,,,,,,
2367,,,,,,,,,,,,,,,,,,,,,,,,,,,,,,,,,,,,,,,,,,,,,,,1,,,1,,,,,,,,,,1,,,,,,1,,,,,,,,4,,,,,,,,,,1,,6,,,,,,,,,,,,,,
2368,,,,,,,,,,,,,,,,,,,,,,,,,,,,,,,,,,,,,,,,,,,,,,,,,,,,,17,,,,,,,,,,,,,18,,,,,,,,,,,,,,,,,,,,,,,,,,,,,,,,,,
2369,0,0,0,0,0,0,0,0,0,0,0,0,0,0,0,0,0,0,0,0,0,0,0,0,0,0,0,0,0,0,0,0,0,0,0,0,0,0,0,0,0,0,0,0,0,0,0,0,0,0,0,0,0,0,0,0,0,0,0,0,0,0,0,0,0,0,0,0,0,0,0,0,0,0,0,0,0,0,0,0,0,0,0,0,0,0,0,0,0,0,0,0,0,0,0,0,0,0,0,0
2370,5,2,4,1,3,3,3,4,4,1,4,1,3,2,4,1,3,2,4,3,2,3,2,5,3,5,1,2,3,1,1,3,2,4,2,2,3,2,5,1,1,3,4,4,2,2,4,5,3,5,1,2,2,4,2,2,1,2,4,3,1,5,1,2,5,3,3,3,4,4,3,2,3,5,4,3,1,3,1,5,3,5,1,3,3,3,2,3,3,1,1,4,1,2,3,4,3,5,4,1
2371,,,,,,,,,,,,,,,,,,,2,,,,,,1,,,,,,,,,,,,1,,,,,,,,,,,,,,,,,,,,,,,,,,,,,,1,,,,,,,,,,,,,,,,,,,,,,,,1,,,,,,,,,
2372,,,,,,,,,1,,,,,,,,,,,,,,,,,,,,,,,,,,,,,,,,,,,,,,,,,,,,,,,,,,,,,,,,,1,,,,,,,,,,,,,,,,,,,,,,,,,,,,,,,,,,
2373,,,,,,,,,,,,,,,,,,,2,,,,,,,,,,,,,,,,,,,,,,,,,,,,,,,,,,,,,,,,,,,,,,,,,,,1,,,,,,,,,,,,,,,,,,,,,3,,,,,,,,,
2374,5,2,3,3,1,4,3,2,2,2,1,4,3,4,1,3,1,2,4,5,1,3,3,3,2,5,5,4,3,3,4,2,1,4,3,2,1,4,4,1,2,1,2,3,4,1,3,4,2,5,4,1,5,4,1,1,1,4,2,5,5,3,2,1,3,3,2,4,5,5,4,3,4,1,5,4,2,3,2,4,5,4,3,4,3,2,2,3,4,3,2,1,2,2,1,3,2,2,4,1
2375,,,,,,,,,,,1,,,1,,,,,,3,,,,8,,,,,,,,,,,,,,,,,3,,,,,,,1,,,,,,,,,,,1,,,,,,3,,,,,,,,,2,,,,,,,,,,,,,,1,,,1,,1,3,,,,,3,
2376,3,2,5,3,4,1,1,2,2,1,4,1,5,4,2,1,4,4,3,5,1,3,2,3,2,1,5,1,3,1,3,5,2,1,4,6,5,3,3,3,3,1,4,1,2,4,2,1,5,2,2,2,4,1,4,1,4,2,3,4,4,3,2,2,3,3,5,6,6,3,2,3,1,5,4,8,4,1,2,3,6,2,4,3,2,3,3,2,4,4,3,4,5,3,5,4,4,4,1,2
2377,,,,,,,,,,,3,,,,,,,,,,,,,,,,,,,,,,,,,,,,,,,,,,,,,,,,,,,,,,,,,,,,,,,,,,,,,,,,,,,,,,,,,,,,,,4,,,,,,,,,,,
2378,,,,,,,,,,,,,,,,,,,,,,,,,,,,,,,,,,,,,,,,,,,,,,,,,,,,,,,,,,,,,,,,,,,,,,,,,,,,,,,,,,,,,,,,,,,,,,,,,,,,
2379,,,2,,,,,,,,,15,,1,,,,,,,,,20,,,,,,,,,,,,,,,,3,,,,,,,,,,,,,,,,1,,,,,1,,,,,,,,,,,,,,,,,,,,,,,,,,,,,,,,,,,,,,,,1
2380,,,,,1,,,1,,,,,,,,,,,1,,1,1,,8,,,1,,,,1,,,1,,1,1,,1,,1,,,,,,,,,1,,1,,,,,,,,,,,,,,,1,,,,,,,1,,,,,,1,1,,,1,,,,,,,,,1,1,,1,,1,1,1
2381,6,4,3,1,4,3,4,1,4,1,1,5,3,2,1,5,1,4,3,5,2,3,3,4,4,5,2,2,2,1,4,6,3,3,3,2,6,3,5,2,5,4,3,4,2,2,1,2,3,1,4,5,6,1,1,4,4,1,2,5,4,2,1,4,3,5,3,2,6,2,2,2,2,5,3,3,2,3,3,1,2,4,2,1,2,3,4,4,5,2,2,1,3,5,3,2,3,2,1,2
2382,,2,1,,1,,,,,1,,1,,,1,1,,,1,1,,,1,1,1,,1,,1,3,1,1,2,1,1,1,,,1,1,,,,,1,1,,1,1,,1,3,,1,1,,,,1,,1,,1,1,,,1,3,1,,,,1,2,2,1,,,1,,,6,,1,,3,1,1,1,1,,,,1,1,1,,1,1,1
2383,6,3,3,1,3,3,2,2,5,3,3,4,6,2,2,5,4,5,6,2,2,1,3,4,2,4,3,2,5,3,5,5,4,4,3,4,5,5,3,5,5,1,6,3,5,4,2,3,4,4,3,2,5,2,2,1,4,4,2,5,7,2,4,3,4,1,1,3,3,4,3,2,5,5,2,5,3,2,3,2,6,3,2,1,4,4,4,2,3,4,3,1,2,5,1,4,1,3,3,2
2384,0,0,0,0,0,0,0,0,0,0,0,0,0,0,0,0,0,0,0,0,0,0,0,0,0,0,0,0,0,0,0,0,0,0,0,0,0,0,0,0,0,0,0,0,0,0,0,0,0,0,0,0,0,0,0,0,0,0,0,0,0,0,0,0,0,0,0,0,0,0,0,0,0,0,0,0,0,0,0,0,0,0,0,0,0,0,0,0,0,0,0,0,0,0,0,0,0,0,0,0
2385,,,,,,2,,,,,,,,,,,,2,,,,,,,,,,,,,,,,,,,,,,,,,,,,,,,,,,,,,,,,,,1,4,,,,,,,,,,,,,,,1,,,,,,,,,,,1,,,,,,,,,,,,,2
2386,3,3,3,1,8,1,1,3,3,1,2,8,5,2,3,3,2,5,3,3,4,1,2,1,6,1,2,1,4,1,1,1,2,2,1,3,2,5,5,4,2,1,3,4,4,6,1,1,1,3,1,1,4,4,3,2,1,1,5,2,5,4,2,2,7,3,1,1,6,2,6,1,3,2,3,4,1,2,1,2,1,3,6,2,4,1,2,4,1,3,3,4,4,2,5,1,4,1,5,4
2387,3,1,4,2,1,2,2,5,3,2,3,5,2,4,5,,2,6,2,5,5,3,5,2,4,3,5,4,6,3,2,5,3,3,4,1,6,4,2,4,4,5,4,2,1,2,3,5,1,4,5,4,1,5,2,2,3,1,1,6,1,4,1,5,2,4,1,1,,6,2,1,3,4,6,2,4,2,,3,3,4,4,2,1,5,5,4,1,5,1,3,3,4,5,2,7,3,2,2
2388,1,,1,,1,,1,1,,,,,,,,,,,6,,,,,,3,,,,4,,,2,,,,,,,,,,,,,,,,,,,,,,,,,,,,,,,,,,,,,,,,,,8,,,,,,,,,,,,,,,,,,,,,,,,,,
2389,,,,,,,,,,,,,,,,,,,,,,,,,,,,,,,,,,,,,,,,,,,,,,,1,,,,,,,,,,,,,,,,,,,,,,,,,,,3,,,1,,,,,,2,1,,1,,,,,,,,,,,,3,4,
2390,,,,,,,,,,,,,,,,,,,,,,,,,,,,,4,,,,,,,,,,,,,,,1,,,,,,,,,,,,,,,,,,,,,,,,1,,,10,,,1,,,,,,,,,,,,,,,3,,,,,,,,,,,
2391,5,2,4,4,4,3,1,2,1,3,5,2,1,1,3,3,1,3,5,7,2,2,2,4,4,3,5,4,1,4,1,6,1,4,3,2,6,3,3,3,1,1,4,1,1,3,1,4,8,1,1,1,1,1,5,3,2,2,1,5,4,3,4,2,2,1,6,1,2,1,4,1,5,4,1,1,4,1,2,1,4,6,5,,5,5,1,1,1,5,1,4,1,6,2,3,7,1,1,1
2392,1,1,4,1,1,1,5,5,1,1,1,5,4,2,3,3,4,5,3,1,4,1,2,3,1,2,2,7,3,2,5,1,5,1,1,4,1,3,1,1,1,1,1,5,5,4,1,1,4,5,3,1,2,2,3,2,2,1,2,2,3,4,3,2,4,1,5,3,1,3,3,1,3,4,2,1,4,1,1,3,2,4,5,4,1,2,4,3,3,3,2,3,2,4,3,2,2,5,5,8
2393,3,3,3,6,3,3,4,2,3,3,3,4,7,5,4,1,3,6,5,4,4,1,4,2,1,5,2,1,3,4,1,5,1,,2,3,10,4,,2,4,5,6,5,3,3,3,3,4,5,5,5,2,2,2,1,3,1,5,6,2,4,2,3,2,6,8,5,4,3,8,3,4,4,5,3,5,2,7,2,2,7,5,3,3,4,3,3,1,2,4,1,2,5,3,4,,3,6,7
2394,,,,,,,,,,,,,,,,,,,,,,,,,,,,,,,,,,,,,,,1,,,,,,,,,,,,,,1,,,,,,,,,,,,,,,,,,,,,3,,,,,,,,,,,,,,,,,,,,,,,,,,
2395,5,3,1,2,1,4,3,6,2,1,3,3,2,4,2,3,4,1,4,3,4,3,4,3,4,4,2,1,2,3,3,1,1,1,,1,2,5,4,4,4,3,3,1,2,3,5,5,4,5,5,3,6,1,1,3,2,1,1,6,5,3,3,2,3,2,1,4,6,5,5,4,4,2,5,3,3,1,3,4,5,4,4,1,4,3,5,4,3,2,2,2,6,3,3,4,3,1,2,4
2396,,,,,,,,,,,,,,,,,,,,,,,,,,,,,,,,,,,,,,,,,,,,,,,,1,,,3,,,,,,,,,,,,,,,,,,,,,,,,,2,,,,,,,,,,,,,,,,,,,,,,,,
2397,,,,,,,,,,1,,,,,1,,,,,,,,,,,,,,,,,,,,,14,,,,,,,,,,,,,,,,,,,,,,,,,,,,,,,,,,,,,,,,,,,,,,,,,,,,,,,,,,,,,,,,
2398,,,,,,,,,,,,,,,,,,,,,,,,,,,,,,,,1,,,,,,,,,,,,1,,,3,,,,,,,,,,,,,,,,,,2,,,,,,,,,,,1,,,1,,,,,,,,,,,,,,,,,1,,1,,
2399,,,,,,,,,,,,,,,,,,,,,,,,,,,,,,,,,,,,,,,,,,,,,,,,,,,,,,,,,,,,,,,,,,,,,,,,,,,,,,,2,,,,,,,,,,2,,,,,,,,4,,,
2400,,,,,,,,,,,,,2,,,,,1,,,2,,,,,,,,,1,,,,,,,,,,,,,,,3,,,,,,,,,,,,,,,6,,,,,,,,,,,,,,,2,,,,,,,,,,,,,,,,,,,,,,,,,
2401,,,,,1,6,5,,1,,,,,,8,,1,,,,,,27,,,,,,,,,,,,,,,,,,,2,8,3,,,,,6,,,,,,6,,,8,,,,,,,,,,,,,,,,,,,,,,,,,,,,,,,,,,,,,,,,,,
2402,,,,,,,,,,,,,,,,,,,,,,,,,,,,,,,,,,,,,,,,,,,,,,,,,,,,,,,,,,1,,,,,,,,,2,,,,,,,,3,,,,,,,1,,,,,1,,,,,,,,,,,,,
2403,,,1,,,,1,,,,,,,,,2,,,,,,,,,,,,,,,,,,,,,,,,,1,,,,,,,,,,,,,1,,,,,,,,,,,,,,,,,,,,,,,,,,,,,,,,,,,,,,,,,,,,,,
2404,4,2,2,4,5,2,2,3,2,4,1,4,5,4,6,1,3,3,2,4,6,2,3,2,1,2,3,3,2,3,1,1,2,2,2,1,4,4,2,3,5,1,4,3,2,2,1,3,5,4,5,3,2,4,1,5,1,2,1,1,1,3,2,3,6,3,1,3,4,4,3,1,1,3,1,1,3,2,4,5,1,2,5,2,2,1,4,1,3,4,3,2,3,2,1,2,6,2,6,3
2405,,,,,,,,,,,,,,,,,,,,,,,,,,,,,3,,,,,,,,,,,,,,,,,,,,,,,,,,,,,,,,,,,,,,,,,,,,,,,,,,,,,,,,,,,,,,2,,,,,,,,,
2406,,,,,,,,,,,,,,1,,,,,,,1,,,,,,,,,,,,,,,,,,,,,2,,,,,,,,1,,,,,,,,,,,,,,,,,,,,,,,,,,,,,,,,,,,,,,,,,,,,,,,,,,
2407,1,4,4,3,2,3,4,1,3,1,1,2,1,1,2,1,2,2,2,4,3,1,2,2,1,1,5,4,5,4,1,3,1,1,2,2,3,1,4,1,4,3,5,2,1,1,1,1,5,1,3,2,1,4,1,2,2,2,3,1,4,3,3,1,6,2,2,3,4,4,5,3,4,3,2,1,3,3,4,4,1,1,1,2,3,2,4,5,2,2,1,4,1,4,5,4,2,5,2,2
2408,1,2,6,1,1,2,3,5,4,2,1,6,5,1,1,1,5,2,2,1,3,3,2,2,1,1,3,2,1,4,1,1,1,3,3,1,3,2,3,3,3,1,5,5,2,4,5,3,7,2,1,1,2,1,2,1,1,1,3,6,2,1,4,3,3,3,5,3,1,2,2,2,3,4,5,3,2,1,3,2,1,5,2,4,5,2,3,1,5,2,2,4,4,2,7,1,4,1,1,1
2409,5,3,4,3,4,4,3,4,3,1,3,5,2,2,4,3,5,3,2,4,3,1,2,4,3,3,4,3,1,5,6,2,5,3,1,1,3,3,3,4,6,2,4,5,4,1,2,2,2,3,3,4,1,5,2,1,3,5,1,3,2,6,3,3,5,4,1,4,4,2,3,4,6,5,4,4,3,1,1,4,1,2,2,3,4,2,2,4,3,6,2,2,2,3,1,1,6,4,1,1
2410,0,0,0,0,0,0,0,0,0,0,0,0,0,0,0,0,0,0,0,0,0,0,0,0,0,0,0,0,0,0,0,0,0,0,0,0,0,0,0,0,0,0,0,0,0,0,0,0,0,0,0,0,0,0,0,0,0,0,0,0,0,0,0,0,0,0,0,0,0,0,0,0,0,0,0,0,0,0,0,0,0,0,0,0,0,0,0,0,0,0,0,0,0,0,0,0,0,0,0,0
2411,,,,,,,,,,,,,,,2,,,,,,,,,,,,,,,,,,,,,,,,1,,,,,,,,,,,,,,,,,,,,,,,,,,,,,,1,,,,,,,,,,,,,,,,,,,,,,2,2,,,,,,,,
2412,,,,,,,,,,,,,,,,,1,,,,,,,,,,,,,,,,,,,,,,,,,,,,,,,,,,,,,,,,,,,,,,,,,,,,,,,1,,,,,,,,1,,,,,,,,,,,,,,,,,,,,
2413,,,,,,,,,,,,,,,1,,,,,,1,,,,,,,,,,,,,,,,,,,,,,,,1,,,,,,,,,,,,,,,5,,,,,,,,,,,,,,,,,2,,,,,,,,,2,,,,,,,2,,,,,5,3,
2414,8,3,1,3,2,2,1,3,1,2,5,2,4,2,3,3,1,1,5,7,2,3,1,1,5,3,4,4,1,3,4,4,5,1,2,3,4,4,7,3,4,5,2,5,3,5,3,4,4,2,4,5,5,4,1,2,3,1,4,2,2,1,4,5,1,1,2,1,3,1,5,4,3,2,3,1,2,4,3,3,5,1,1,3,4,3,2,5,4,5,2,5,2,2,6,2,5,1,5,1
2415,,,,,,,,1,,,,,,,,,,,2,,,,,2,,,,,,,,,,,,,,,,,,,,,,4,,,,,,,,,,,,,,,,,,,,,,,,,,,,,,,,,,,,,,,,,,,,,,,,,,,,,,
2416,,,1,,1,,,,,,,,,,,,,,,,,,,,1,,,,,,,,,,,,,,,,,,,,,,,,,,,,,,,,,,,,,,,,,,,,,,,,,,,,,,,,,,,,,,,,,,,,,,,,,,,
2417,,,,,,,,,,,,,,,,,,,,,,,,,,,,,,,,,,,,,,,,,,,,,,,,,,,,,,,,,,,,,,,,,,,,,,,,,,,,,,,,,,,,,,,,,,,,,,,,,,,,
2418,2,2,1,3,3,1,5,3,2,2,2,3,5,1,2,2,5,1,2,6,1,2,4,2,2,4,4,3,3,1,1,5,4,4,1,6,4,2,2,1,4,1,5,3,1,5,4,4,6,5,2,3,1,2,2,,3,2,3,5,2,1,2,3,1,3,3,2,1,5,3,4,1,3,4,1,4,1,1,4,4,1,4,4,1,2,1,1,1,2,3,5,3,1,4,3,3,1,1,2
2419,,,,,,,,,,,,,,,,,,,,,,,,,,,,,,,,,,,,,,,,,,,,,,,,,,,,,,,,,,,,,,,,,,,,,,,,,,,,,,,,,,,,,,,,,,,,,,,,,,,,
2420,,,,,,,,,,,,,2,,,,,,,,,,,,,,,,,,,,,,,,,,,,,,,,,,,,,,1,,,,,,,,,,,,,,,1,,,,,,7,,,1,,,,,,,9,,,1,,,,,,,,,,,,,,,
2421,,,,,2,,2,,,,,3,,1,,,,,,,,,,,,,2,1,,2,,,,,,5,,,2,,1,2,,,,1,,,3,,,,,4,,,,,,,,,,4,,2,,,1,,,4,,2,7,3,,,,4,,2,,,,,,,,,,,,,,3,5,,,1
2422,,,,,,1,,,,,,,,,,,,1,,,,,,12,,,1,,,1,,,,1,,,1,,,,,,,,,,,,,,,,,,,1,,,,,,2,2,,,,,,,,,,,2,,,,,,,,2,,,,,,,,2,,,,7,,,2,,,
2423,6,3,3,5,1,2,2,2,4,4,4,4,4,2,1,2,1,2,3,4,2,2,3,3,4,3,4,3,4,4,2,2,6,3,2,3,1,2,4,4,3,1,2,4,4,4,3,1,4,5,3,3,5,3,4,5,2,1,3,3,1,2,1,2,3,3,1,4,2,3,5,3,2,3,1,4,2,4,2,3,3,1,5,3,4,2,1,6,1,6,2,2,1,3,6,1,1,5,1,5
2424,,,,,,3,,,,,,,,,,,,,,1,,,,12,,,,,,,,,2,,,,,,,,,,,,,,,1,,,,,,,,,,,,,,,,,,,,,,,,,,,,,,,,,,,,,,1,,,,,,,,,,,,,,
2425,,,,,,,,,,,1,,,,,,,,,,,,,,2,,,,,,,,,,,,,,,1,,,,,,,,,,,,,,,,,,,,,,,,,,,,,,,,,,,,,,,,2,,,,,,,,,,,,,4,,,8,,,,
2426,,,,,6,2,,,,,,,,,1,1,4,,,,,,24,4,,,,,,,,,,,,,,4,,,,5,3,1,,,,,,,,,,,,,4,1,,,,1,,,,,,,,,,,,,,,,,,,,,,,3,,,,,,,,,,,,,,,
2427,6,1,3,2,1,,3,1,4,1,1,5,2,7,3,,3,1,6,3,4,1,1,3,5,4,3,3,2,3,5,4,4,2,1,6,3,5,2,3,1,1,,6,2,,1,1,1,7,1,1,5,4,1,4,6,2,3,8,1,2,4,6,2,1,1,1,1,3,5,2,1,5,1,2,5,1,3,4,2,6,4,4,3,5,3,5,1,2,2,2,3,1,5,2,4,3,3,5
2428,0,0,0,0,0,0,0,0,0,0,0,0,0,0,0,0,0,0,0,0,0,0,0,0,0,0,0,0,0,0,0,0,0,0,0,0,0,0,0,0,0,0,0,0,0,0,0,0,0,0,0,0,0,0,0,0,0,0,0,0,0,0,0,0,0,0,0,0,0,0,0,0,0,0,0,0,0,0,0,0,0,0,0,0,0,0,0,0,0,0,0,0,0,0,0,0,0,0,0,0
2429,4,1,6,2,4,1,4,2,4,3,1,6,,1,1,,1,1,3,4,1,2,3,1,5,3,4,2,3,4,4,4,4,1,5,3,6,2,2,1,3,3,5,,3,1,1,2,3,6,2,5,1,1,3,3,6,3,1,5,3,3,1,2,1,1,2,6,5,3,4,5,5,4,4,1,1,1,2,,1,5,4,4,1,5,2,1,1,,2,4,4,1,2,4,6,1,3,1
2430,3,3,5,2,4,1,2,3,3,2,4,5,3,3,1,3,4,3,2,1,2,2,2,2,3,2,1,2,4,4,1,2,4,1,3,1,3,2,2,1,1,2,4,4,1,1,1,6,4,2,3,2,4,2,1,2,3,3,3,4,1,6,3,1,4,1,4,3,7,4,4,3,5,1,6,6,3,1,1,4,2,3,3,3,1,4,2,1,1,2,3,3,4,4,,2,4,1,2,4
2431,,1,,,,1,1,,,,,,,,,,,,,6,,,,8,1,,,2,,,,,,,,,,,2,1,,,,,,,1,,1,,,,,,,,,,,,,,,,3,,,,,,,,,4,,1,,,,,,1,,,,3,,,,1,,,,3,,,,,1,
2432,,,,,,,,,,,,,,,,,,,,,,,,,,,,,,,,,,,,,,,,,,,,,,,,,,,,,,,,,,,,,,,,,,,,,,,,,,,,,,,,,,,,,,,,,,,,,,,,,,,,
2433,6,4,3,1,3,2,3,2,1,2,4,5,2,1,3,4,4,3,3,2,5,2,1,1,3,1,6,4,3,3,5,3,2,4,1,4,2,4,2,3,2,2,3,4,1,2,3,2,4,3,5,3,4,4,4,2,4,2,2,7,2,4,2,3,2,2,1,3,2,4,6,2,2,3,3,5,3,3,3,2,1,4,1,2,3,2,2,4,3,3,2,6,3,1,5,2,3,2,2,3
2434,,,,,,,,,,,,,,,,,,,,,,,,,,,,,,,,,,,,,,,,,,,,,,,,,,,,,,,,,,,,,,,,,,,,,,,,,,,,,,,,,,,,,,,,,,,,,,,,,,,,
2435,,,,,,,,,,,,,,,,,,,,,,,,,,,,,,,,,,,,,,,,,,,,,,,,,,,,,,,,,,,,,,,,,,,,,1,,,,,,,,,,,,,,,,,,,,,,,,,,,,1,,,
2436,,,,,,,,,,,,,,,,,,,,,,,,,,,,,,,,1,,,,,,,,,,,,,,,,,,,,,,,,,,,,,,,,,,,,,,4,,,,,,,,,,,,,,,,,,1,,,1,,,,,,,,,
2437,,,1,,,,1,,2,,,3,,,,,,,,,,,,,,,3,3,,3,,,,2,,,1,,4,,2,,,1,,2,,,1,,,,,1,,,,,,,,,1,1,,3,,,,,,7,,,6,1,,2,,1,,3,,,1,,,,,,,2,1,,,3,7,,1,
2438,1,,,,,,,,,,,,,,,,,,,,,,,1,,,,,,,,,,,,,,,,,,,,,,,,,,,,,,,,,,,,,,,,,,,,,,,,,,,,,,,,,1,,,,,,,,,,,,,,,,,,,
2439,,,,,,,,,,,,,,,,,,,,2,,,,10,,,,,,,,,,,,,,1,3,,5,,,,,,,,,,,,,,,,1,,,,,,,,,,,,,,,,,9,,,,,,,,,1,,,1,,,,3,,,,2,,,,,,
2440,,,,,,,,,,,,,,,,,,,5,,,,,,,,,,,,,,,,,,,,,,,,,,,,,,,,,,,,,,,,,,,,,,,,,,,,,,,,,,,,,,,,,,,,,,,,,,,,,,,,,
2441,,1,,,1,2,,,,,,,,,,,,,,6,,,,8,,,,,,,,,,,,,2,,3,,,,,,,,,,,,,,,,,2,,,,,,1,1,,,,,,,,,1,1,1,,,,1,,,1,1,,,,1,,1,,1,,,,1,,,1,,,
2442,1,5,6,1,4,1,4,1,2,1,1,1,4,1,2,4,5,5,1,1,3,3,3,1,4,4,6,6,3,3,4,5,1,2,4,7,1,2,8,2,1,5,1,5,5,2,2,3,2,1,1,3,4,1,1,2,1,3,3,9,6,2,3,5,2,3,4,4,4,3,8,4,1,1,4,5,1,3,4,1,6,2,4,4,1,1,6,1,1,3,2,1,3,3,5,1,5,2,3,6
2443,1,5,2,5,3,2,3,3,5,,3,4,2,,2,3,3,4,,,5,1,21,6,,,3,3,,1,1,6,5,1,1,3,,,3,5,,1,2,3,,5,4,6,5,1,,1,2,,,,5,,1,1,,4,6,5,,4,,,5,,7,1,5,8,,3,4,,4,,,5,,1,4,4,4,,5,,,2,1,7,,6,8,5,,5
2444,,,,,4,5,,,,,,,,,4,,6,,5,,,,23,,,,,,,,,,,,,,,,,,,6,2,,,,1,,,,,,,,6,,,6,,,,,,,,,,,,,3,,,,,,,1,,,,,,,,,,,,,,,,,,,,,,
2445,,,,,,,,,,,,,,,,,,,,,,,,,,,1,,,,,,,,,,,,,,,,,,,,,,,,,,,,,,,,,,5,,,,1,,,,,,,,,,,,,,,,,,,,,,,,,,,,,,,,,,,
2446,2,1,4,4,1,1,3,2,4,4,1,1,1,3,2,4,1,3,1,4,1,1,1,2,2,5,1,5,3,3,4,6,1,3,3,1,5,1,2,3,2,4,3,1,4,2,3,3,4,4,4,3,4,6,3,3,3,2,2,4,2,6,2,2,2,3,4,1,1,2,4,2,3,4,2,4,3,3,2,4,5,1,2,2,3,4,1,2,2,3,2,3,2,1,3,1,5,6,1,1
2447,,,,,,,,,,,,,,,,,,,,,,,,,,,,,,,,,,,,,,,,,,,,,,,,,,,,,,,,,,,,,,,,,2,,,,,,,,,,,,,,,,,,,,,,,,,,,,,,,,,,,
2448,,,,,,,,,,,,,,,,,,,3,,,,,,,,,,,,,,,,,,,,,,,,,,,,,,,,,,,,,,,,,,,,,,,,1,,,,,,,,,,,,,,,,,,,,,,,,,,,,,,,,,1
2449,2,4,4,2,3,3,1,,5,,1,5,1,5,5,4,2,4,5,3,3,1,4,4,4,1,1,2,1,1,4,4,3,2,4,4,7,,5,1,2,4,,5,6,1,3,4,4,5,7,3,4,4,2,2,4,4,,7,6,5,3,4,6,1,8,4,4,2,3,3,5,3,5,4,2,3,6,,2,7,3,1,2,1,4,2,4,1,2,1,3,2,4,4,4,1,5,6
2450,,,,,,,,1,,,,,,,,,,,,3,,,,12,,,,,,,,,1,2,,,,,,,2,,,1,,,,,,,,,,,,,3,,,1,,2,,,3,,,,1,,,,,4,,,,,,,,,,,,,,,,,,,,4,,,,,,
2451,,,,,,,,,,,,,,,,,,,,,,,,,,,,,,,,,,,,2,,,,,,,,,,,,,,,,,,,,,,,,,,,,,,,,,,,,,,2,,,,,,,,,,,,,,,1,,,,,,,,,,,
2452,,,,,,,,,,,,,,2,,,1,,1,,1,6,,,1,,,,,,,,,,,2,1,,,,,,,,,,,,,,,,,,,,,,,,,,,,,,,,,,,,,,,,,,,,,,,,,,,,,,,,,,,,,,,
2453,,,1,,1,,1,,,,,,,,1,,,,,,,,,,,,,,,1,,,,,,9,,,,,,,,,,1,,,,2,,,,1,,,,,,,,,,,,,2,2,,,,,,,,1,,,,,,,,,,,,,,,,,,,,5,,,,
2454,7,1,4,3,3,6,3,2,3,1,2,4,1,1,4,1,1,1,1,5,1,2,3,4,5,6,2,3,2,1,3,6,4,1,4,2,1,3,1,1,2,3,1,2,1,1,2,4,3,5,1,1,1,4,3,5,7,3,3,3,2,1,5,3,1,2,1,2,3,2,3,2,2,1,5,3,1,2,1,3,3,6,1,1,4,1,5,3,1,1,3,1,1,1,6,3,4,4,2,3
2455,,,,,1,2,,,,,,,,,,,,,,,,,,,6,,,,,,,,,,,,,,,,,,,,,,,,,,,,,,,,,,,,,,,,,,,,,,,,,,,,,,,,,1,4,,,,,,,,,,,,,,,,,
2456,,1,2,,2,,,,,,,1,,,,,,,,2,,,,2,,,2,,,2,,,1,,,2,,,,2,,,,,,,,2,3,,,2,,,,,,,,,,,,,,,,2,,,,,,1,1,,,,2,,,5,,2,,2,,,,,,,,2,,,,,,
2457,1,1,1,1,1,1,1,1,1,1,1,1,1,1,1,1,1,1,1,1,1,1,1,1,1,1,1,1,1,1,1,1,1,1,1,1,1,1,1,1,1,1,1,1,1,1,1,1,1,1,1,1,1,1,1,1,1,1,1,1,1,1,1,1,1,1,1,1,1,1,1,1,1,1,1,1,1,1,1,1,1,1,1,1,1,1,1,1,1,1,1,1,1,1,1,1,1,1,1,1
2458,,,,,,,,,,,,,,,,,,,,2,,,,,,,,,,,,,,2,,,,,,,,,,,,,,,,,,,,,,,,,,,,,1,,,,,,,,,,,,,,,,,,,,,,,,,,,,,,,,,,,1,,
2459,,,,,,,,,,,,,,,,,,,,,,,,,,,,,,,,,,,,,,,,,,,,,,,,,,,,,,,,,1,,,,,,,,,,,,,,,,,,,,,,,,,,,,,,,,,,,,,,,,,,,
2460,1,5,2,1,1,4,3,4,3,3,3,3,3,5,5,3,2,4,3,4,5,2,1,2,3,5,2,1,2,4,2,2,5,5,2,2,2,5,4,1,5,1,5,2,3,1,6,3,4,4,2,1,2,3,4,4,4,3,1,4,2,4,1,1,2,1,2,2,4,2,1,3,4,3,3,6,2,3,2,2,5,2,3,1,3,1,1,3,3,2,2,3,2,3,2,4,4,1,3,4
2461,,,,,,,,,,,,,,,,,,1,,,,,18,,,,,,,,,,,,,,,,,,,,,,,,,,,,,,,,,,,,,,,,,,,,,2,,,,,,,,,,,,,,,,,,,,,,,,1,,,,,,,,
2462,1,1,3,1,1,1,4,2,1,5,1,1,4,,1,2,2,1,4,6,6,1,,4,3,4,2,2,4,6,6,6,2,4,4,4,3,3,5,1,5,1,3,2,4,3,3,5,1,3,1,4,3,4,1,1,1,2,2,3,3,3,8,1,1,3,2,3,5,1,1,2,1,2,4,5,2,5,2,3,4,1,3,2,4,1,3,2,4,3,2,1,1,2,4,3,1,3,3,1
2463,,,,,,,,,,,,,,,,,,,,,,,,,,,,,,,,,,,,,,,,,,,,,3,,,,,,,,,,,,,,,,,,,,,1,,,,,,,,,,,,,1,,,,,,,,,,,,,,,,,,,,,
2464,0,0,0,0,0,0,0,0,0,0,0,0,0,0,0,0,0,0,0,0,0,0,0,0,0,0,0,0,0,0,0,0,0,0,0,0,0,0,0,0,0,0,0,0,0,0,0,0,0,0,0,0,0,0,0,0,0,0,0,0,0,0,0,0,0,0,0,0,0,0,0,0,0,0,0,0,0,0,0,0,0,0,0,0,0,0,0,0,0,0,0,0,0,0,0,0,0,0,0,0
2465,,,,,,,,,,,,,,,,,,,,,,,,,,,,,,,,,,,,,,,,,,,,,,,,,,,,,,,4,,,2,,,,,,,1,,,,,,,,,,,,,,,,,,,,1,,,,,,1,,,,1,,,,,
2466,5,,,6,4,11,,,,,,,,,8,,4,,,,,,26,,,,,,,,,,,,,,,,,,,3,10,,1,,,,,,1,,,,10,,,6,,,,,1,,,,,,1,,4,,,,,,,,7,,,,,,,2,,,,,,,,,,,,,,
2467,3,4,1,5,2,4,2,3,2,4,3,2,5,1,1,2,2,2,4,4,4,3,2,2,1,2,2,5,6,1,2,2,4,4,3,2,5,4,4,2,1,4,3,4,2,2,1,4,2,5,5,4,1,3,3,2,3,2,4,4,3,2,3,2,3,4,2,2,3,4,2,2,4,3,3,2,4,1,1,1,2,5,5,3,3,1,5,1,4,4,3,2,3,3,2,3,2,2,3,1
2468,,3,1,3,7,2,,4,4,4,2,6,1,7,7,,4,,5,5,1,3,1,1,1,3,2,6,3,1,4,1,4,5,1,4,4,2,5,3,2,4,1,3,,4,3,4,5,5,2,5,4,1,1,2,3,3,4,3,,4,2,2,1,4,8,3,5,1,1,6,5,,5,4,,3,2,1,6,6,1,4,3,3,1,6,5,3,2,6,5,3,3,7,3,1,5,6
2469,3,3,2,2,1,3,1,4,1,1,5,3,5,1,1,3,3,1,1,1,2,2,4,2,1,3,1,1,4,4,4,1,4,2,3,5,4,1,4,3,2,3,3,1,2,5,3,3,2,5,1,4,1,3,3,1,1,1,4,5,1,3,1,2,1,1,5,4,2,1,1,1,2,1,2,1,3,1,4,3,1,3,1,4,4,1,4,3,6,1,3,4,5,1,3,2,1,4,2,3
2470,1,1,1,1,1,1,1,1,1,1,1,1,1,1,1,1,1,1,1,1,1,1,1,1,1,1,1,1,1,1,1,1,1,1,1,1,1,1,1,1,1,1,1,1,1,1,1,1,1,1,1,1,1,1,1,1,1,1,1,1,1,1,1,1,1,1,1,1,1,1,1,1,1,1,1,1,1,1,1,1,1,1,1,1,1,1,1,1,1,1,1,1,1,1,1,1,1,1,1,1
2471,,,,,,,,,,,,,,,,,,,,,,1,,,,,,,,,,,,,,,,,,,,,,,,,,,,,,,,,,,,,,,,,,,2,,,,,,,,,,,2,,,,,,,,,,,,,,,,,,,,,3,,,
2472,,,,,,,,,,,,,,7,,,,,,,,,,,,,,,,,,2,,,,,,,,,,,,,,,1,,,,,,,,,,,,,,,,,,,,,,,,,,,,,,,,,,,,,,,,,,,,,,,,,,,,,
2473,,,,,,,,,,,,,,,,,,,,,,,,,,1,,,,,,,,,,,,,,,,,,,,,,,,,,,,,,,,,,,,,,,,,,,,,,,,,,,,,,,,2,,,,,,,,,,,,,,,,,,
2474,,,,,,,,,,,,,,,,,,,,,,,,,,3,1,,,,,,,,,,,,,,,,,,,,,2,,,2,,,,,,,,,,,,,,,,,4,,,,,,,,,,,,,,,,,,,,,,,,,,,,,,,1,
2475,,,,,,,,,,,,,,,,,,,,,,,,,,,,,,,,,,,,,,,,,,,,,,,,,,,,,,,,,,,,,,,,,,,,,,2,,,,,,,,,,,,,,,,,,,4,,,,,,,,,,2,
2476,7,2,4,3,6,2,3,1,4,3,2,4,1,2,3,4,5,1,7,4,3,3,1,3,1,3,3,1,4,1,1,1,5,3,2,5,7,3,4,4,1,3,1,4,5,2,2,1,3,2,1,5,1,3,4,1,2,1,7,2,1,6,5,4,1,2,6,4,4,1,5,3,2,2,6,4,1,3,5,1,1,3,3,4,2,3,1,4,1,1,3,5,3,4,4,2,6,3,7,7
2477,5,1,1,1,4,2,5,3,3,1,3,7,4,1,5,1,1,2,1,1,5,1,2,2,4,1,1,6,5,4,3,4,2,3,2,3,6,4,3,3,5,2,4,1,4,3,3,4,2,3,5,3,3,5,3,3,3,3,3,5,3,3,3,4,1,2,3,4,1,4,5,4,2,2,1,5,1,5,4,4,3,1,4,5,2,3,3,6,2,3,3,3,4,2,1,1,3,4,3,5
2478,4,2,2,1,5,2,2,1,2,4,1,1,1,1,1,2,1,3,2,1,1,5,3,3,5,6,2,2,3,4,3,5,4,3,4,6,5,4,2,6,1,4,2,4,,1,3,2,2,5,6,7,1,1,3,1,5,2,1,1,5,2,1,4,1,2,2,3,4,1,6,3,8,1,5,2,1,3,3,4,1,7,6,4,2,1,4,6,4,2,2,4,2,4,4,4,6,3,5,3
2479,,,,,,,,,,,,,,,,1,,,,,,,,,,,,,,,,,,,,,,,,,,,,,,,,,,,,,,,,,,,,,1,,,,,,,,,,,,,,,,,,,,,,,,,,,,,,,,2,,,,,,,
2480,,,,,,,,,,,,,,,,,,,,,,,,,,,,,,,,,,,,,,,,,,,,,,,,,,,,,,,,,,,,,,,,,,,,,,,,,,,,,,,,,,,,,,,,,,,,,,,,,,,,
2481,1,5,,,,5,,,,1,4,1,,,4,,1,,5,,,,,,1,,,1,,,,,1,1,1,2,,1,,2,,1,,,6,1,,2,,,,,,,,1,,,2,,,,1,1,,,,,,,2,,,,6,1,1,,1,,1,1,1,1,1,,,,,1,,,,,1,,8,,1,
2482,5,1,3,1,3,1,3,2,3,2,3,3,1,2,1,6,1,1,2,4,1,2,5,5,2,1,2,5,2,4,1,4,3,4,3,4,2,3,5,6,1,4,1,1,2,2,1,1,5,1,1,2,6,5,3,3,3,4,1,1,4,1,4,2,1,4,4,4,3,3,5,5,1,3,7,1,3,2,4,1,3,2,2,3,2,1,3,2,1,3,2,5,3,5,3,3,3,2,5,1
2483,,8,5,2,,4,,2,2,,1,1,1,,4,2,,1,,,2,3,,,1,2,,,,2,2,1,7,1,,1,,1,,,,,1,1,1,,6,2,7,2,,,2,1,1,,8,,,1,1,2,,,2,6,1,,,,,1,2,1,,3,,2,2,,,7,,,1,6,1,,1,,3,,1,3,2,,,1,,1
2484,4,3,2,3,1,1,4,2,1,2,3,4,4,3,2,2,2,4,4,3,4,3,2,1,2,5,1,3,2,1,2,2,3,3,2,3,1,3,1,5,4,2,4,3,4,4,3,1,4,1,3,3,3,4,4,3,1,3,3,1,3,1,5,1,3,2,1,2,1,2,6,1,1,2,2,3,4,3,2,2,2,5,4,4,6,3,2,3,4,1,3,3,2,5,4,1,6,6,1,1
2485,3,2,2,4,4,3,1,1,2,3,1,1,4,3,4,2,5,3,2,3,4,2,3,1,2,4,3,2,3,2,3,4,2,4,2,2,1,5,5,1,2,6,4,1,2,3,2,6,7,5,5,1,1,4,3,1,2,2,5,4,4,3,1,2,4,1,2,4,5,3,4,4,5,3,1,4,1,1,2,1,2,3,2,1,4,4,3,1,4,2,3,6,4,3,2,5,3,2,4,5
2486,,,,,5,3,,,,,,,,,9,,5,,,,,,27,,,,,,,,,,,,,,,,,,,5,7,,,,,,,,,,,,9,1,,7,,,,,,,,,,,,,7,,,,,,,7,,,,,,,,,,,,,,,,,,,,,,
2487,,8,,,,6,,,,,5,1,,,2,,,,1,,,1,,14,,,,,,,,,,,4,3,,,,,2,,,,3,,,,,,,,2,,,,5,,6,,,,2,,,,,,,,,,,,1,,4,,,,,,,,,,,,,,2,,,,4,,4,,8,
2488,,,,,,,,,,,,,,,,,,,1,,,,,,,,,,,,,,,,,,,,,,,,,,,,,,,,,,,,,,,,,,,,,,,,,,,,,,,,,,,,,,,,,,,,,,,,,,,,,,,,,
2489,6,3,4,3,4,1,4,4,1,2,4,4,3,4,1,1,1,2,1,3,3,3,4,4,3,6,2,1,1,4,3,2,1,5,4,4,1,1,1,5,1,1,4,6,2,3,1,3,6,7,3,2,4,2,1,4,1,1,1,1,6,1,1,1,4,5,2,4,1,4,5,6,3,3,4,2,3,2,1,3,4,1,1,4,1,4,3,4,2,1,1,2,2,1,1,5,2,1,1,4
2490,,6,3,,5,3,,,,,,,,,5,4,6,,,,,,,,,,,,,,,,,,,2,,,,,,6,7,,,,,,,,,2,,,1,,,,,,,2,,,,,,,,,7,7,6,,,1,,,,,,6,,,,,,,,,,,,,,,,,,
2491,,,,,,,,,,,1,,,,,,,,,,,,,,,,,,,,,,,,,,,,,,,,,,,,,,,,,,,,,,,,,,,,,,,,,1,,,,,,,,,,,,,,,,,,,,,,,,,,,2,,,,,
2492,4,3,2,3,5,3,3,1,3,5,5,5,5,2,1,5,1,3,4,1,4,3,3,3,3,4,3,3,3,2,3,3,3,2,1,1,3,3,4,2,5,3,2,1,2,3,3,1,5,4,4,2,1,2,5,4,1,2,1,4,6,4,1,2,5,2,6,3,4,3,5,4,2,5,6,4,2,3,2,2,2,6,2,3,2,1,2,2,5,2,3,5,4,3,2,1,6,7,3,4
2493,,,,,,,,,,,,,,,,,,,,,,,,,1,,,,,,2,1,,,,,1,,,,,,1,,,,1,,,,1,1,,,,,,,1,,,,,,,1,,,2,1,,,,,1,,,,,1,1,,1,,,,,,,,,,,,,,,,,
2494,,,,,,,,,,,,,,,,,,,,,,,,,,,,,,,,,,,,,,,,,,,,,,,,,,,,,,,,,,,,,,,,,,,,,,,,,,,,,,,,,,,,,,,,,,,,,,,,,,,,
2495,4,1,3,2,3,2,2,6,4,2,4,1,3,2,1,3,3,2,1,4,4,1,1,3,5,4,3,5,4,3,2,5,4,5,3,3,5,1,1,2,3,4,3,2,1,1,4,3,7,3,1,2,2,4,2,5,1,2,6,4,1,3,3,3,3,2,2,3,6,3,3,4,1,2,3,3,2,2,1,3,5,5,3,1,2,3,4,1,2,2,3,2,2,2,1,3,3,3,5,2
2496,,,,,,,,,,,,,,,,1,,,,,,,,,,,,,,,,,,,,,,,,1,,,,,,,,,1,,,,,,,,,,,,1,,,,,,,1,,,,,,,,,,,,,,,1,,,,,1,,1,,,,,,,,,,
2497,,,,,,,,,,,,,,,,4,,,,,,,,,,1,,,,,,,1,,,,,1,,,,,,,,,,,,,,,,,,,,,,,,,,,,,,,,,,,,,,,,,,,,,,,,,,,,,,,,,,,,,,1
2498,,,,,,,,,,,,,,,,,,,,,,,,,,,,,,,,,,,,,,,,,,,,,,,,,,,,,,,,,,,,,,,,,,,,1,,,,,,,1,,,,,,,,,,,,,,,,,,,,,,,,,
2499,5,4,5,1,3,5,4,3,1,3,2,2,3,6,1,4,3,4,2,5,5,2,2,1,2,3,5,5,2,2,3,5,2,1,3,3,6,1,7,1,1,2,7,5,4,1,1,2,1,4,1,2,4,1,4,1,1,2,2,6,4,3,2,4,1,3,3,3,3,5,7,5,3,4,4,4,2,2,2,5,3,1,4,3,3,2,2,2,1,2,1,5,4,2,3,3,7,1,2,6
2500,4,2,2,1,4,2,4,3,5,2,5,3,2,2,3,4,2,2,5,4,1,2,4,3,3,4,6,4,3,5,4,4,4,3,3,3,4,4,4,2,3,3,3,2,4,1,5,1,6,5,3,3,2,1,5,1,4,2,4,3,2,2,2,1,2,3,3,3,3,2,3,3,1,2,1,2,4,2,3,2,2,5,2,3,3,2,5,3,3,1,2,3,3,4,4,4,1,4,1,3
2501,,,,,,,,,,,,,,,,,,,,,,1,,,,,,,,,,,,,,,,,,,,,,,,,4,,,,,,,,,,,1,,,,,,,1,,,,,,,,,,,,1,,,,,8,,,,,,,,,,,,,,2,,,,
2502,,,2,,,,,,,,,,,,,,,,,,,,,,,,,1,,,,,,1,,,,,,,,1,,,,,,,,,,,,,,,,,,,,,,,,,,,,,,,,,,,,,,,,,1,,,,,,,,,,,2,,,,2,,
2503,,,,,,1,,,,,,,2,,,1,,,,,,,,,1,2,,,,,,1,,,,12,,,,,,,,,,,,,,,,,,1,,,,,,,1,,,,,,,,,,1,,,,,,,,,,,2,,,1,,,,,,1,,,,,,,,,
2504,3,1,4,3,3,2,1,3,3,5,3,1,5,1,3,2,3,4,2,1,3,4,1,1,4,2,4,3,1,2,1,4,3,4,1,2,4,1,3,2,5,1,7,4,5,3,1,4,1,3,6,2,3,4,3,2,4,4,1,3,5,4,2,1,3,4,5,2,4,5,3,2,1,4,3,5,2,4,5,7,2,2,1,5,4,3,5,5,3,2,3,3,3,2,1,4,1,7,5,2
2505,,,,,1,,1,1,,,,,,,,,,,,,,,,,,1,,,,2,,,,,,10,,,,,1,,,,,3,,,,9,,,,2,,1,,,,,,,,,,1,2,3,,,,,,2,,4,,,,,,,1,,,,,,2,,4,,,,,1,,,,
2506,6,2,2,1,1,1,4,1,1,6,5,3,1,3,4,3,4,4,1,7,3,2,3,2,4,3,1,2,3,1,2,1,3,2,4,2,5,1,3,3,5,2,3,2,3,3,1,4,6,1,3,1,1,1,4,4,1,2,2,3,5,1,2,1,3,4,2,4,1,1,1,1,2,3,5,1,3,3,2,3,1,5,3,1,2,5,1,3,2,1,3,1,5,3,3,1,2,1,4,4
2507,0,0,0,0,0,0,0,0,0,0,0,0,0,0,0,0,0,0,0,0,0,0,0,0,0,0,0,0,0,0,0,0,0,0,0,0,0,0,0,0,0,0,0,0,0,0,0,0,0,0,0,0,0,0,0,0,0,0,0,0,0,0,0,0,0,0,0,0,0,0,0,0,0,0,0,0,0,0,0,0,0,0,0,0,0,0,0,0,0,0,0,0,0,0,0,0,0,0,0,0
2508,,,,,,,,,,,,,,,,,,,4,,,,,,,,,,,,,,,,,,,,,,,,,,,1,,,,,,,,,,,,,,,,,,,,,,,,,,,,,,,,,,,,,,,,,,,,,,,,,1,,,,1,
2509,,,,,,,,,,,,,,,,,,,,,,,,,,,,,,,,,,,,,,,,,,,,,,,,,,,,,,,,,,,,,,,,,,,,,,,,,,,,,,,,,,,,,,,,,,,3,,,,,,,,,
2510,,,,,,,,,,,,,1,,,,,,,,,,,,,,,,,,,,,,,,,,,,,,,,,,,,,,,7,,,,,,,,,,,,,,,,,,,,,,,,,,,,,,,,,,,,,,,,,,,,,,,,
2511,,,,,,,,,,,,,,,,,,,,,,,,,,,,,,,,,,,,,,,,,,,,,,,,,,,,,,,,,,,,,,,,,,,,,,,,,,,,,,,,,,,,,,,,,,,,,,,,,,,,
2512,,,,,,,,,,,,,,8,,,,,,,,,,,5,,,,,,6,1,,,,,,,,,1,,,,,,,,,,,,,,,,1,,,,,,,,,,,,,,,,,,,,,15,1,,4,,,5,3,,,,5,,3,,,,,,,,1,
2513,,,,,6,1,,,,,,,,,4,,4,,,,,,23,,,,,1,,,,,,,,,,,,,,5,8,3,,,,,,,1,,,,8,,,7,,,,,,,,,,,,,1,,,,,,,7,,,,,,,,,,,,,,,,,,,,,,
2514,,,,,,,,,,,,,,,,,,,,1,2,,,,,,,,,1,,2,,,1,12,1,,,,,,,,,,,,,,,,,,,,,,,,,,,,,,,,,,,,,,,,,,,,3,,,,,,,,,,4,,,,,,,,,
2515,,,,4,3,9,,3,,,,,,,7,,6,,4,,,,26,,,,1,,,,,1,,,,,,,,,,1,6,,,,,,,,1,,,,5,,,8,,,,,,1,,,,,,,6,6,,6,,,,5,,,,,,,5,,,,,,,,,,,2,,,,
2516,,,,,,,,,,,,,,,,,,,,,,,,,,,,,,,,,,,,,,,,,,,,,,,,,,,,,,,,,,,,,,,,,,,,,,,,,3,,,,,,,,,,,,,,,,1,,,,,,,,,,,
2517,,,,,,,,,,,,,,,,,,,,3,3,,,,,,,,,,,3,,,1,11,,,,2,2,1,,1,,,,,,,3,,2,,,,,,,,,,,,,,,,,,,,,,1,,,,,,2,,,,,,,,,,3,,,,,,,,5,
2518,,,,,,,,,,,,,,1,,,,,,,,,,,,,,,1,3,,,,,,,,,,,,,,,,,,,,,,,1,,,,,,,,,,,,,,,,,,,,,,,,,,,,,,,,,,,,,,5,,,,,,,,,
2519,,,,,,,,,,,,,,,,1,,,,,,,,,,,,,,,,,,,1,,,,,,,,,,,,,,,,,,,,,,,,,,,,,,,,,,,,10,,,,,,,,,,,,,,,,,,,,,,,,,,,,,
2520,1,4,2,2,4,1,4,4,1,3,3,1,1,1,1,4,2,5,2,2,3,1,1,2,2,5,3,4,2,3,4,1,2,1,1,2,4,1,3,4,3,4,4,4,3,2,3,1,1,4,4,2,3,3,5,6,2,3,1,1,1,2,1,4,4,4,2,1,3,3,5,2,5,1,5,4,3,1,2,3,5,3,3,1,3,3,1,2,2,4,2,2,5,3,4,1,6,2,1,3
2521,6,4,5,2,1,3,2,3,4,7,4,5,1,2,3,4,2,3,4,3,2,2,1,1,2,3,6,6,3,2,1,5,1,4,2,5,4,1,2,4,3,4,5,3,3,3,4,1,1,5,4,1,5,4,1,1,4,2,3,2,7,3,3,3,4,3,1,1,6,2,5,3,5,3,4,4,3,5,2,1,5,2,3,2,2,1,1,1,3,1,2,2,1,3,1,5,1,2,3,3
2522,,,,,,,,,,,,,,,,,,,1,,,,,,,1,,,,,,,1,,,,,,,,,,,,,,,,,1,,,,1,,,,,,,3,,,,,,,,,,,,,1,,,,,,,,,,,,,,,2,1,1,,,,,1,,,,
2523,,,,,,,,,,,,,,,,,,,,,,,,,,,,,,,,,,,,,,,,,,,,,,,,,,,,,,,,,,,,,,,,,,,,,,,,,,,,,,,,,,,,,,,,,,,,3,2,,,,,,,
2524,2,4,4,,1,4,1,1,,1,1,1,,5,1,3,2,1,5,1,3,2,1,2,5,8,2,5,1,1,1,1,1,3,1,4,7,4,3,3,3,,1,1,1,1,1,1,2,1,1,1,2,1,5,5,4,,2,1,1,1,1,4,1,1,1,1,4,3,,1,1,1,4,1,1,1,2,5,6,,1,1,1,1,1,1,2,1,1,1,4,3,4,1,1,1,1,1
2525,,,,,,,,,,,1,,,,,,,,,,,,,,,,,,,,,,,,,,,,,,,,,,,,,,,,7,,,,,,,,,,,,,,,,,,,,,,,,,,,,,,,,,,,,,,,,,,,,,,,1,9,
2526,0,0,0,0,0,0,0,0,0,0,0,0,0,0,0,0,0,0,0,0,0,0,0,0,0,0,0,0,0,0,0,0,0,0,0,0,0,0,0,0,0,0,0,0,0,0,0,0,0,0,0,0,0,0,0,0,0,0,0,0,0,0,0,0,0,0,0,0,0,0,0,0,0,0,0,0,0,0,0,0,0,0,0,0,0,0,0,0,0,0,0,0,0,0,0,0,0,0,0,0
2527,,6,3,3,,3,,1,2,,2,1,1,,3,1,,2,,,2,2,,1,2,1,1,,,1,3,2,6,2,2,2,,2,,,,,,3,2,,5,1,6,1,,,3,1,,,6,,,1,,2,,,3,5,3,,,,,2,1,3,,2,,,5,,,6,,,2,5,1,,2,,2,,2,1,3,,,2,,2
2528,,,,,,1,,,1,,,,,,,,,,,3,,,,10,,,,,,,,,,,,,,,1,,,,,,,,,,,,,,,,,,,,,,,,,,,,,,,,,,,8,,,,,,,,,,,,2,,,,4,,,,1,,,,,,
2529,,,,1,,,,,,,,,1,,,,,,,,,,,,,,,,,,,,,,,,,,,,,,,,,,,,,,3,,,,,,,,,4,,,,,,,,,,,,,,1,,,,,,,,,1,,,,,,,,,,,,,,,5,,
2530,2,,1,,2,2,1,,,,,1,,,,,3,1,,1,,,,,,3,3,,,1,,,,2,2,,,3,,,,,,4,,,,,1,,3,,,1,1,1,,2,,2,,,,3,,,,2,,,,,,,,,,,1,,,3,1,1,,,,5,1,,,,1,1,,,,,,
2531,,,,,,,,,,,,,,,,,,,,,,,,,,,,,,,,,,,,,1,,,,,,,,,,,,,,,,,,,,,,,,,,1,,,,,,,,,,,4,,,2,,,,,,1,1,,,,,,,,,,,,,,4,,
2532,3,1,6,2,5,2,2,1,2,2,1,1,3,1,2,1,1,5,2,4,4,2,2,4,3,3,2,1,6,2,3,1,2,1,4,4,3,3,3,4,2,2,3,1,1,2,4,3,3,1,3,1,1,1,6,3,1,1,3,5,1,2,1,1,1,4,1,2,2,4,3,3,4,1,3,2,4,3,1,4,4,4,2,2,4,3,4,3,3,1,1,4,4,3,4,5,3,2,3,2
2533,,1,,,,,,,,,,,,,,,,,,,,,,,,,,,,,,,,,,,,,,,,,,,,,,,,,,,,,,,,1,,,,,,,,,,,,,,,,,,,,,,1,,1,,,,,,,,,,,,,,,,,,
2534,,,,,,,,,,,,,,,,5,,,,2,,,,,2,,,,,,,,,,,14,,,,,,,,,,,,,,,,,,,,,,,,,,,,,,,,,,,,,,,,,,,,,,,,,,,,,,,,,,,,,1,,,
2535,,4,,,,4,,,,,7,,,,,,,,4,,,,,,,,,,,,,,,,2,1,,,,,,,,,5,,,,,,,,,,,,,,1,,,,4,,,,,,,,1,,,,5,,2,,,,,,,,,,,,,,,,,,3,,1,,6,
2536,3,4,1,2,3,2,5,3,1,4,5,4,1,1,1,2,1,4,5,4,4,3,1,3,3,2,6,5,4,2,1,2,3,1,1,1,1,1,1,2,3,2,3,2,,2,2,3,2,1,1,2,6,4,2,4,4,3,3,4,5,1,3,3,1,3,1,5,5,3,4,1,2,3,1,5,4,3,4,1,3,5,4,4,5,2,2,3,4,3,2,3,3,4,1,1,2,5,3,1
2537,,,,,,,,,,,,,,,,,,,,,,,,,,,,,,,,,,,,,,,,,,,,,,,,,,,,,,,,,,,,,,,2,,,,,,,,,,,,,,,,,,,,,,,,,,,,,,,,,,,,1,
2538,,,,,,,,,,,,,,,,,,,,,,,,,,,,,,,,,,,,,,,,,,,,,,,,,,,,,,,,,,,,,,,,,,,,,,,,,,,,,,,,,,,,,,,,,,,,,,,,,,,,
2539,2,1,4,2,5,2,3,1,4,1,3,5,2,1,2,1,3,3,3,3,5,3,1,4,3,2,3,1,3,3,3,3,4,3,1,4,5,3,2,2,4,4,5,4,4,3,2,5,1,5,2,3,3,4,5,3,5,3,1,1,1,3,1,1,5,2,2,1,4,5,1,2,4,2,1,3,4,2,2,1,5,3,3,2,3,1,2,2,3,2,1,1,4,3,3,2,3,4,3,1
2540,,,,,,,,,,,,,,,,,,,,,,,,,,,,,,,,,,,,,,,,,,,,,,,,,,,,,,,,,,,,,,,,,,,,,,,,,,,,,,,,,,,,,,,,,,,,,,,,,,,,
2541,,2,1,1,3,1,1,,1,1,,1,,1,1,,1,1,,1,,1,,1,,,1,,,1,,1,2,1,1,1,,,1,3,1,,1,,1,1,,1,1,1,,1,,,,1,1,1,1,1,1,1,,,,,,1,1,,1,,1,2,2,,,,3,1,1,1,1,1,1,1,,,,1,,1,1,1,1,,,,,1
2542,0,0,0,0,0,0,0,0,0,0,0,0,0,0,0,0,0,0,0,0,0,0,0,0,0,0,0,0,0,0,0,0,0,0,0,0,0,0,0,0,0,0,0,0,0,0,0,0,0,0,0,0,0,0,0,0,0,0,0,0,0,0,0,0,0,0,0,0,0,0,0,0,0,0,0,0,0,0,0,0,0,0,0,0,0,0,0,0,0,0,0,0,0,0,0,0,0,0,0,0
2543,0,0,0,0,0,0,0,0,0,0,0,0,0,0,0,0,0,0,0,0,0,0,0,0,0,0,0,0,0,0,0,0,0,0,0,0,0,0,0,0,0,0,0,0,0,0,0,0,0,0,0,0,0,0,0,0,0,0,0,0,0,0,0,0,0,0,0,0,0,0,0,0,0,0,0,0,0,0,0,0,0,0,0,0,0,0,0,0,0,0,0,0,0,0,0,0,0,0,0,0
2544,,,,,,,,,,,,,,12,,,,,,,,,,,,,,,,,,,,,,,,,,,,,,,,,,,,,,,,,,,,1,,,,,,,,,,,,,,,,1,,,,,,,,,2,,4,5,,,,,,,,,,,,,,
2545,6,,3,3,4,4,3,3,2,2,3,4,2,2,8,6,3,4,3,6,,1,5,2,5,5,4,6,2,3,4,7,4,4,5,3,1,5,5,4,7,2,5,,5,2,4,5,5,6,2,,2,7,6,2,2,3,4,6,7,3,4,2,3,2,7,6,3,5,7,5,1,5,4,6,3,4,5,2,5,5,6,3,4,6,4,4,3,2,2,3,2,2,5,2,,5,2,2
2546,5,2,3,1,3,3,3,2,1,4,3,1,3,1,2,2,5,5,2,2,5,2,2,2,1,5,1,3,3,4,2,1,3,2,4,2,3,4,4,3,1,1,2,3,4,5,6,2,5,3,3,4,4,2,3,3,3,3,3,5,1,3,1,1,3,4,6,2,2,3,4,1,3,1,4,3,3,3,4,1,3,2,3,4,3,4,3,4,3,4,2,1,1,1,1,1,2,5,6,5
2547,,,,,,,,,,,,,,,,,,,,,,,,,,,,,,,,,,,,,,,,,,,,,,,,,,,,,,,,,,,,,,,,,,1,,,,,,,,,,,,,,,,,,,,,,,,,,,,,,,,,4,
2548,,,,,,,,,,,,,,,,,1,,,6,,,,11,,,,,,,,,,,,1,,,,,4,,,,,,,,,,,,,,,,,,2,,,,,,1,,,,,,,,,1,,,,,,,,,,,,,,,,,,,,1,,,,,3,
2549,4,2,4,2,5,3,1,1,4,2,1,3,2,1,1,3,3,2,1,3,5,2,1,4,3,2,5,3,3,3,4,1,2,2,3,3,1,5,3,3,3,2,4,3,4,3,3,4,5,4,4,3,2,3,4,1,1,3,1,2,1,2,1,3,3,1,5,2,3,1,3,1,3,2,4,1,2,3,2,3,4,4,4,4,4,4,1,3,4,1,2,5,5,5,3,4,1,3,4,2
2550,3,4,4,1,1,4,1,5,4,4,1,1,7,3,2,4,2,4,3,5,3,4,3,1,2,1,4,2,3,3,4,3,2,3,2,5,5,4,3,1,4,1,1,5,5,2,7,1,1,4,5,3,2,3,4,3,4,1,1,1,5,1,7,2,3,1,1,1,3,1,7,4,5,2,2,4,3,3,4,1,6,2,2,1,5,3,1,4,1,3,3,5,,4,6,2,2,2,4,2
2551,5,3,6,4,4,3,3,7,4,5,2,1,4,3,1,1,2,2,2,3,2,2,1,4,6,4,6,3,4,2,3,4,4,1,2,3,2,3,2,4,3,2,2,5,2,1,4,4,2,4,6,3,1,3,3,2,1,4,4,1,6,4,2,3,1,4,5,1,5,4,4,5,1,4,6,5,5,4,4,1,4,5,2,2,2,2,2,3,4,3,2,4,1,2,4,3,4,4,1,6
2552,2,3,3,4,1,2,3,3,2,5,4,1,1,1,4,2,4,4,3,3,5,1,3,4,2,2,3,1,1,3,1,3,1,4,3,3,3,1,4,2,3,3,1,2,4,5,4,3,2,4,5,1,2,5,1,4,1,1,3,7,1,2,1,1,1,1,7,2,5,3,5,5,1,2,2,7,1,1,2,1,3,3,4,1,1,6,6,2,4,2,2,5,5,2,2,3,5,1,4,4
2553,4,4,6,2,3,1,3,3,1,2,3,4,3,1,2,4,1,3,4,1,5,1,4,3,1,4,3,6,3,4,1,4,2,4,3,3,5,3,5,5,5,3,2,4,3,3,2,1,1,5,5,2,7,2,4,3,3,3,2,3,5,2,3,4,2,1,1,1,4,4,7,5,3,4,2,2,4,2,1,1,4,2,3,2,1,2,4,2,3,4,1,2,3,3,1,2,1,3,1,4
2554,5,1,5,1,2,2,2,1,1,2,5,3,4,2,6,1,5,1,3,3,2,3,3,2,1,5,2,4,1,3,2,1,3,1,1,2,3,1,1,4,1,6,1,1,1,5,1,1,2,2,1,3,1,3,4,1,3,1,1,2,3,2,1,4,1,3,1,1,5,5,4,3,1,1,1,1,1,3,2,2,2,1,4,4,3,1,3,1,6,1,3,4,1,1,1,1,4,6,1,3
2555,,,,,,,,,,,,,,5,,,,,,,,2,2,,,,3,,,,,,2,,,,,,,,,,,,,,2,,,,,,,,,,,,,,,,,,,,,,,,,,,,,,,,,,,,,,,,,,1,,,,,,,,,,,
2556,5,1,3,4,5,6,5,5,3,3,1,2,3,3,3,2,4,2,1,4,4,4,5,2,1,4,1,3,4,2,1,4,3,1,2,3,4,1,4,2,4,1,1,3,4,1,3,2,6,2,2,2,3,2,2,5,4,1,1,5,1,5,3,2,3,2,1,2,2,4,1,2,1,2,6,2,3,4,4,1,2,4,2,1,4,2,2,2,2,3,1,4,5,4,2,2,2,4,1,4
2557,,,,,,,,,,,,,,,,,,,,,3,,,,,,,,,,,,,,,,,,,,,,,,,,,,,,,,,,,,,,,,2,,,,,,,,,,,,,,,,,,,,,,,,,,,,,,,,,,,,,,,
2558,,,,,,,,,,,,,,,,,,,,5,,,,9,,,,,,,,,,,,,,,2,,,,,,,,,,,,,,,,,,,,,,,,,,,,,,,,,,,3,,,,,,,,,,,,,,,,,,,,2,,,,,,
2559,2,4,6,3,4,3,4,3,1,4,3,3,4,3,3,2,3,3,5,1,3,1,1,2,4,2,1,1,1,2,2,3,1,2,3,3,6,3,5,4,4,3,1,8,2,2,6,5,4,4,1,3,4,2,4,1,3,4,3,1,3,2,1,1,4,1,2,2,4,4,6,3,4,3,1,1,1,3,1,2,3,1,3,1,3,3,4,5,2,1,1,1,2,4,1,1,4,1,4,2
2560,0,0,0,0,0,0,0,0,0,0,0,0,0,0,0,0,0,0,0,0,0,0,0,0,0,0,0,0,0,0,0,0,0,0,0,0,0,0,0,0,0,0,0,0,0,0,0,0,0,0,0,0,0,0,0,0,0,0,0,0,0,0,0,0,0,0,0,0,0,0,0,0,0,0,0,0,0,0,0,0,0,0,0,0,0,0,0,0,0,0,0,0,0,0,0,0,0,0,0,0
2561,3,4,1,2,5,1,2,4,3,1,2,4,2,1,4,3,1,4,2,3,1,4,1,3,1,1,1,5,3,4,3,3,2,2,4,3,6,1,1,1,4,2,1,7,3,3,7,,4,2,1,3,1,1,1,2,3,3,2,4,5,3,3,3,2,1,4,5,3,1,2,1,5,1,1,2,1,2,3,6,2,5,4,4,3,3,4,6,1,3,2,1,2,3,2,3,3,3,4,3
2562,,,,,,,,,,,,,,,,,,,,,,,,,,,,,,,,,,,,,,,,,,,,,,,,,,,,,,,,,,,,,,,1,,,,,2,,,,,,,,,,,,1,,,,,,,,,,,,,,,,,,,,1
2563,2,1,1,1,5,3,1,3,3,3,1,3,1,2,2,4,4,4,4,2,1,3,2,1,1,6,1,4,4,3,5,2,4,3,2,3,6,1,6,1,1,2,1,5,3,1,3,2,2,5,3,1,1,3,4,2,4,4,4,1,3,4,2,2,3,3,5,4,1,5,4,1,5,1,4,1,2,4,5,2,2,5,4,5,2,2,2,1,4,3,1,3,3,1,4,3,3,3,5,1
2564,0,0,0,0,0,0,0,0,0,0,0,0,0,0,0,0,0,0,0,0,0,0,0,0,0,0,0,0,0,0,0,0,0,0,0,0,0,0,0,0,0,0,0,0,0,0,0,0,0,0,0,0,0,0,0,0,0,0,0,0,0,0,0,0,0,0,0,0,0,0,0,0,0,0,0,0,0,0,0,0,0,0,0,0,0,0,0,0,0,0,0,0,0,0,0,0,0,0,0,0
2565,,,,,,,5,,,,,2,1,,,,,,,1,,4,,,,3,,,1,2,,2,1,,,,1,1,,3,1,,,,2,1,,,3,2,4,,,,,,,,,,,,,,2,3,,,,,,1,,,,1,,1,,1,,,2,,,,,,,,,,,2,,,5,,2,
2566,,,,,,,,1,,,,,,,,,,,,,,,,,,,,,,,,,,,,,,,,,,,,,,,,,,,,,,,,,,,,,,,,,,,,,1,,,,,,,,,,,,,,,,,,,,,,,,,,,,4,,,
2567,,,,,,,,,,,,1,1,,,,,,,,,,,,,,,,,,,,,,,,,,,,,,,,,,,,,,,,,,,,,,,,,,3,,,,,,,,,,2,,,,,,,,,,,,,,,,,,,,,,,,,,,
2568,,,,,,,,4,,,,,,,,,,,,,,1,,,,,,,,,,,,,,,,,1,,,,,,1,,1,1,,,,,,,,,,,,,,,1,,,,,,,,,,,,,,,,,,,,3,,,,,,,1,,,,,,,,,,1
2569,1,1,1,1,1,1,1,1,1,1,1,1,1,1,1,1,1,1,1,1,1,1,1,1,1,1,1,1,1,1,1,1,1,1,1,1,1,1,1,1,1,1,1,1,1,1,1,1,1,1,1,1,1,1,1,1,1,1,1,1,1,1,1,1,1,1,1,1,1,1,1,1,1,1,1,1,1,1,1,1,1,1,1,1,1,1,1,1,1,1,1,1,1,1,1,1,1,1,1,1
2570,,,,,,,,,1,,,,,,,,,,,,,,,,,,,,,,,,,,,,,,,,,,,,,,,,,,,,2,,,,,,2,,,,,,,,,,,,,,,,,,,,,,,,,,,,,,,,,,,,,,,,,
2571,,,,,,,,,,,,,1,,,,,,,2,,,,,,,,,,,,,,,,,,,,,,,,,,,,,,,,,,,,,,,,,,,,,,,,,,,,,,,,,,,,,,,,,,,,,,,,,,,,,,,,
2572,,,,,2,,,,1,,,7,,,,,,,1,,,1,,,,,,,,5,4,,,,1,5,,,6,,,1,,5,,,,,,,,,,,,1,,,5,,,,,,,,,,,,8,,,,,1,,,4,,,,,,,,,,,,,,,4,,,,6,6,
2573,3,2,2,1,4,2,1,2,3,5,3,1,1,1,4,3,4,3,2,5,5,2,3,2,3,4,7,2,2,1,1,1,1,2,3,2,3,2,5,3,5,1,1,2,3,3,1,5,5,3,2,4,5,5,3,1,1,2,1,1,3,2,3,2,1,3,6,1,1,6,2,1,2,4,1,1,1,3,3,2,3,5,4,3,4,1,1,5,5,3,2,2,5,3,3,4,4,4,2,4
2574,5,4,3,2,3,3,1,3,1,1,4,6,1,3,2,4,3,4,2,5,5,3,2,2,2,2,3,4,2,4,3,1,3,4,2,4,5,4,5,3,1,2,3,1,2,3,4,1,4,3,6,3,1,3,3,5,5,3,3,2,3,2,3,3,5,1,1,2,3,6,2,5,2,2,3,3,3,1,4,2,2,5,4,4,1,3,2,2,4,3,2,6,1,5,3,4,2,2,4,4
2575,4,3,5,4,2,1,6,4,2,1,3,3,4,4,3,1,1,3,3,2,4,1,2,2,3,4,5,2,4,2,5,2,4,2,1,1,2,3,3,1,5,4,8,6,5,3,2,4,3,4,1,1,3,5,3,2,4,2,4,2,2,3,3,3,3,1,1,1,5,3,1,1,2,3,1,1,3,6,3,4,5,5,3,4,3,2,1,6,1,2,2,1,2,2,5,2,2,4,1,7
2576,5,,1,1,1,2,3,1,3,1,2,1,3,3,2,2,2,1,1,5,7,3,2,6,4,4,1,2,4,5,4,1,1,4,2,4,4,1,5,2,2,1,5,3,5,3,,1,7,1,2,6,4,2,1,2,1,4,1,4,3,4,4,2,2,2,5,1,1,1,1,2,3,3,1,1,3,4,4,1,1,2,2,2,4,5,1,2,1,2,1,2,1,1,1,4,5,5,5,7
2577,,,,,,,,,,,,,,,1,1,,,,,,,,,,,,,,,,,,,,,,,,,,,,,,,,,,,,,,,1,,,,,,,,,,,,,,,,,,,,,,,,,,,,,,,,,,1,,,,,,,,,,,
2578,5,1,5,5,2,3,1,5,3,1,3,2,2,2,6,3,4,3,1,4,3,1,1,2,4,3,2,1,4,1,2,4,2,5,4,3,5,1,3,1,3,2,1,1,4,5,2,4,3,2,1,5,4,5,4,1,3,2,2,2,6,4,2,2,2,3,4,4,5,5,2,1,2,4,3,3,1,4,5,6,4,3,4,5,2,4,1,1,3,2,1,3,1,1,4,3,1,2,5,5
2579,2,2,2,5,1,3,3,2,1,2,2,2,2,2,4,1,5,1,1,6,3,1,3,2,1,6,2,2,3,2,1,1,3,2,1,1,1,5,1,3,1,2,2,1,2,3,2,5,2,3,1,1,3,1,2,3,1,1,1,3,1,1,4,1,2,1,6,5,7,1,2,4,2,1,4,2,1,4,2,3,4,5,1,6,2,1,1,1,1,3,1,1,3,5,2,1,2,6,5,3
2580,,1,,,,,1,,,2,,1,,,,,,,,,1,,,,,4,,,,,1,,,,,,,1,,1,,,,,,,,1,,,1,1,,1,,1,1,,1,,,1,,,,,1,,1,,1,,1,,,,,,,,1,,,,1,,1,,,,,1,,1,,,,,2,2
2581,,,,,,,3,,,,,1,,,,,,,,,,3,,,,1,,,5,1,,,,,4,,,,4,,2,,,,,,,,,1,3,,,,,,,,,,,,,,2,,3,,,2,,,,,,,,1,,,,,,,,,,,,,,,,,,,1,,1,
2582,,,,,,,,,,,,,,,,,,,,,,,,,,,,,,3,,,,,,,,,,,,1,,,,,,,,,,,,,,,,,,,,,,,,,,,,,,,,,,,,,,,,,,,,,,,,,,,,,,,1,,,
2583,,,,,,,,,,,,,,,,,,,,,,,,,,,,,,,,,,,,,,,,,,,,,,,,,,,,1,,,,,,,,,,,,,,,,,,,,,,,,,,,,,,,,,,,,,,,,,,,,,,,,
2584,6,1,5,2,5,4,3,6,3,1,2,3,2,5,1,4,3,4,5,,6,3,4,5,3,,4,4,5,3,2,4,3,5,2,3,7,3,4,1,5,5,5,5,,5,4,4,4,6,5,,2,2,2,3,4,2,2,7,5,3,5,6,3,5,7,5,5,4,6,3,6,4,3,4,3,4,3,5,3,7,5,5,4,4,5,4,4,2,4,6,3,5,4,5,6,6,6,4
2585,,,,,,,,,,,,,,,,,,,,,,,,,,,,,,,,,,,,,,,,,,,,,,,,,,,,,,,,,,,,,,,,,,,,,,,,,,,,,,,,,,,,,,,,,,,,,,,,,,,,
2586,4,5,4,2,3,3,6,1,1,1,4,4,4,5,2,3,5,2,1,3,3,2,2,3,4,4,4,2,5,1,3,1,4,6,4,1,2,1,2,1,1,3,3,5,3,2,3,1,5,3,3,3,4,3,2,2,2,3,3,3,2,2,1,3,2,2,1,1,5,4,4,3,4,4,3,5,1,2,1,4,5,2,3,3,3,2,3,2,4,5,1,4,2,3,2,3,4,4,4,4
2587,,,,,,,,,,,,,,,,,,,,,,,,,,,,,,,1,3,,,,,,1,,,,,,,,,,,,,,,,,,,,,,,,,,,,,,,,,,,,,,,,,,,,,,,,,,,,,1,,,,,,,,,
2588,,,,,,,,,,,,,,,,,,,,,,,,,,,,,,,,,,,,,,,,,,,,,,,,,,,,,,,,,,,,,,,,,,,,,,,,,,,,,,,,,,,,,,,,,,,,,,,,,,,,
2589,,,,,,,,,,,,,,,,,,,,,,,,,,,,,3,,,,,,,11,,,,,,,,,,,,,,,,,,,,1,,,,,,,,,,,,,,,,,,,,,,,,,,,,,,,,,,,,,,,,,,,,
2590,0,0,0,0,0,0,0,0,0,0,0,0,0,0,0,0,0,0,0,0,0,0,0,0,0,0,0,0,0,0,0,0,0,0,0,0,0,0,0,0,0,0,0,0,0,0,0,0,0,0,0,0,0,0,0,0,0,0,0,0,0,0,0,0,0,0,0,0,0,0,0,0,0,0,0,0,0,0,0,0,0,0,0,0,0,0,0,0,0,0,0,0,0,0,0,0,0,0,0,0
2591,1,1,4,2,2,3,1,1,1,1,2,3,1,4,4,3,1,4,4,3,3,1,1,1,1,1,4,1,3,5,4,2,3,3,4,2,1,2,4,2,2,1,3,4,1,1,1,3,3,2,3,2,5,5,4,1,1,1,1,1,5,3,1,4,2,1,4,3,3,2,1,1,2,3,2,1,6,2,3,4,4,2,5,4,1,4,2,1,4,5,1,1,4,1,1,1,1,2,2,4
2592,,,,,,,,,,,,,,,,,,,,,,,20,,,,,,,,,,,,,,,,,,,,,,,,,,,,,,,,3,,,,,,,,,1,,,,,1,,,,,,,,,,,,,,,,,,,6,,,,,,4,,,,,,
2593,3,3,1,5,3,2,1,1,3,1,2,2,6,4,3,2,2,4,1,2,3,2,3,4,3,4,1,3,2,3,5,4,3,1,2,3,2,5,2,2,4,3,4,2,2,1,3,7,4,3,2,4,3,5,2,6,3,1,1,5,7,2,4,1,7,2,3,1,4,4,4,5,2,5,4,5,3,3,3,4,3,4,5,4,2,2,5,3,4,3,3,4,1,5,2,3,4,5,4,1
2594,,,,,,,,,,,,,,,,,,,,,,,,,,,,,,,,,,2,,,,,,,,,,,3,,4,,,,,,,5,,,,,,3,,,,,,,,,,,,,,,,,,,,,,,,,,,,,,,4,,,,,,,,,
2595,,7,4,1,,4,,1,1,,1,2,1,,1,3,,1,,,1,4,,,1,2,,,1,2,1,1,7,3,,1,,1,,,,,,2,1,,7,1,7,2,,,1,2,2,,7,,,1,,1,,,1,6,2,,,,,1,2,2,,1,,1,1,,,8,,,2,6,2,,1,,1,,3,2,1,,,2,,1
2596,1,1,1,1,1,1,1,1,1,1,1,1,1,1,1,1,1,1,1,1,1,1,1,1,1,1,1,1,1,1,1,1,1,1,1,1,1,1,1,1,1,1,1,1,1,1,1,1,1,1,1,1,1,1,1,1,1,1,1,1,1,1,1,1,1,1,1,1,1,1,1,1,1,1,1,1,1,1,1,1,1,1,1,1,1,1,1,1,1,1,1,1,1,1,1,1,1,1,1,1
2597,,,,,,,,,,,3,,,,9,,3,,1,,,,,,,,,,,,,,,,,,,,,,,,,,,,,,,,,,,,,,,,,,,,,,,,,,,,,,,,,,,,,,,,,,,,,,,,,,,,,,,,,
2598,,,,,,,,,,,,,,,,,,,,,,,19,,,,,,,,,,,,,,,,,,,,,,,,,,,,,,,,,,,,,,,,,,,,,,,,,,,,,,,,,,,,,,,,,,,,,,,,,,,,,
2599,,,1,,,,,,,,,1,3,,,,,,,,,,1,1,,,,,,,,1,3,,,,,,,,,,,,,,,,,,,,,,,,,,,,,,,,2,,1,,,,,,,,,,,,,1,1,,1,,,,,1,,,,,,,,1,,,,
2600,4,4,1,5,4,4,1,1,1,3,5,4,2,1,3,2,4,2,1,7,2,4,1,2,4,4,1,4,1,1,3,2,5,4,3,1,3,2,6,6,5,2,4,1,3,2,2,1,5,1,4,3,3,2,2,2,2,1,2,4,4,3,2,1,4,4,5,3,4,2,5,2,2,2,5,4,5,5,3,3,4,3,3,2,2,4,1,5,4,2,1,3,2,4,4,5,5,5,4,2
2601,0,0,0,0,0,0,0,0,0,0,0,0,0,0,0,0,0,0,0,0,0,0,0,0,0,0,0,0,0,0,0,0,0,0,0,0,0,0,0,0,0,0,0,0,0,0,0,0,0,0,0,0,0,0,0,0,0,0,0,0,0,0,0,0,0,0,0,0,0,0,0,0,0,0,0,0,0,0,0,0,0,0,0,0,0,0,0,0,0,0,0,0,0,0,0,0,0,0,0,0
2602,0,0,0,0,0,0,0,0,0,0,0,0,0,0,0,0,0,0,0,0,0,0,0,0,0,0,0,0,0,0,0,0,0,0,0,0,0,0,0,0,0,0,0,0,0,0,0,0,0,0,0,0,0,0,0,0,0,0,0,0,0,0,0,0,0,0,0,0,0,0,0,0,0,0,0,0,0,0,0,0,0,0,0,0,0,0,0,0,0,0,0,0,0,0,0,0,0,0,0,0
2603,,,,,,,,3,,,,,,,,,,,,,,,,,,,,,,,,,,,,,,,,,,,,,,,,,,,,,,,,,,,,,,,,,,,,,,,,,,,,,,1,,,,,2,,,,,,,,,,,,,,,,,2
2604,0,0,0,0,0,0,0,0,0,0,0,0,0,0,0,0,0,0,0,0,0,0,0,0,0,0,0,0,0,0,0,0,0,0,0,0,0,0,0,0,0,0,0,0,0,0,0,0,0,0,0,0,0,0,0,0,0,0,0,0,0,0,0,0,0,0,0,0,0,0,0,0,0,0,0,0,0,0,0,0,0,0,0,0,0,0,0,0,0,0,0,0,0,0,0,0,0,0,0,0
2605,,,,,,1,,,,,2,,1,1,,,,,,,,6,,,,1,,,,,,,1,,,,,,,,1,2,,,3,,,,,,,,,,,,,,,,,,,,,,,,,,,,,,,,,1,,,,,,,,,,,,,,,,,,,,,,
2606,5,3,1,3,5,3,1,1,2,1,1,1,1,1,2,2,1,1,2,4,4,5,4,3,1,1,1,2,2,4,4,5,1,3,4,1,6,2,3,3,1,2,1,1,7,1,3,1,4,4,5,1,1,1,3,3,4,1,3,5,3,1,1,1,1,3,5,3,1,1,1,2,1,2,3,2,3,2,3,4,5,4,1,2,1,1,1,5,1,4,1,3,1,1,6,1,3,1,2,3
2607,0,0,0,0,0,0,0,0,0,0,0,0,0,0,0,0,0,0,0,0,0,0,0,0,0,0,0,0,0,0,0,0,0,0,0,0,0,0,0,0,0,0,0,0,0,0,0,0,0,0,0,0,0,0,0,0,0,0,0,0,0,0,0,0,0,0,0,0,0,0,0,0,0,0,0,0,0,0,0,0,0,0,0,0,0,0,0,0,0,0,0,0,0,0,0,0,0,0,0,0
2608,,,,,,,,,,1,,,,,,,,,,,,,,,,,,,,,,,,,,,,,,,1,,,,,,,,,,,,,,,,,,,,2,,,,,,,,,,,,,,,,,,,,,,,,,,,,,,,,,,,,,,,
2609,,,,,,,,,,,,1,,,1,,,,1,,,,,,,2,,,,,,,,,,,,,,1,,,,,,,,1,,,,,,,,,,,,,1,,,,,,,,,,,,,,,,,,,,,,,,,,,,,,,,,,2,,,,,
2610,,,,,,,,,,,,,,,,,,,,,,,,,,,,,,,,,,,,2,,,,,,,,,,,,,,,,,,,,,,,,,,,,,,,,,,,,,,,,,,,,,,,,,,,,,,,,,,,,,,,,
2611,0,0,0,0,0,0,0,0,0,0,0,0,0,0,0,0,0,0,0,0,0,0,0,0,0,0,0,0,0,0,0,0,0,0,0,0,0,0,0,0,0,0,0,0,0,0,0,0,0,0,0,0,0,0,0,0,0,0,0,0,0,0,0,0,0,0,0,0,0,0,0,0,0,0,0,0,0,0,0,0,0,0,0,0,0,0,0,0,0,0,0,0,0,0,0,0,0,0,0,0
2612,,,,,,,,,1,,,,,,,,,,,,,,,,,,,,,,,,,,,,,,,,,,,,,,,,,,,,,,,,,,,,,,,,,,,,,,,,,,,,,,,,,3,,,,7,,,,,,,,,,,,,,
2613,1,1,1,1,1,4,1,1,1,1,2,1,4,4,1,1,1,1,1,1,1,1,1,2,1,3,1,4,1,1,3,1,3,4,1,1,1,2,1,2,1,4,1,1,1,1,1,1,1,1,1,1,1,4,3,4,3,4,2,1,2,2,1,1,1,1,1,5,2,3,5,1,1,1,1,2,4,1,1,3,2,1,2,1,1,4,5,3,1,2,1,1,2,3,1,4,1,1,1,4
2614,,,,,,,,,,,,,,,,,,,7,,,,,13,,,,2,,,,2,,5,,,,,,,,,,,,,,,,,,,,,,,,,,,,,,,,,,,,,,,,,,,,,,,,,,,,,,,,1,,,,,,,,,,
2615,4,4,1,1,5,3,3,1,6,3,2,5,4,2,2,4,4,4,3,5,1,2,4,3,2,5,4,3,4,4,7,5,4,2,3,1,3,3,5,1,6,2,3,4,1,2,3,3,2,4,4,2,4,3,2,2,1,2,4,6,1,5,3,3,1,1,,1,2,4,4,3,3,3,1,2,2,1,2,3,3,4,7,5,2,4,4,5,2,6,1,1,3,1,3,3,4,3,5,5
2616,,,,,,,,,,,,,,,,,,,,,,,,,,,,,,,,,,,,,,,,,,,,,,,,,,,,,,,,,,,,,,,2,,,,,,,,,,,,,,,,,,,,,,,,,,,,,,3,,,,,,,
2617,,,,,,,,,,,,,,,,,,,,,,,,,,,,,,,,,,,,,,,,,,,,,,,,,,,,,,,,,,,,,,,,,,,,,,,,,,,,,,,,,,,,,,,,,,,,,3,,,,,,,
2618,,,,1,,,,,,,,,,,,,,,,,,,,,,,,,,,,,,,,,,,,,,,,,,,,,,,,,,,,,,,,,,,,,,,,,,,,,,,,,,,,,,,,,,,,,,,,,,,,,,,,
2619,5,2,1,4,4,2,2,2,6,3,4,7,3,1,4,1,3,1,1,3,4,3,4,1,3,4,2,5,1,3,6,1,4,2,2,2,5,1,2,3,2,3,3,3,3,4,5,4,3,4,4,4,4,6,1,2,3,4,3,1,4,3,3,1,5,2,5,5,2,5,5,4,2,3,2,6,4,2,2,5,4,4,4,3,1,5,3,1,3,2,3,4,5,3,4,1,5,1,5,1
2620,,,,,,,,,,,,,,,,,,,,,,,,,,,,,,,,,,,,,,,,,,,,,,,,,,,,,,,,,,,,,,,,,,,,,,,,,,,,,,,,,,,,,,,,,,,,,,,,,,,,
2621,,,,,,,1,,,,,,,,,,,,,1,,,,10,,,,,,,,,,,,,,,2,,,,,1,,,1,,,,,,,,,,,2,,,,,,,,,,,,,,,,9,,,,1,,,,1,,,,5,,,,1,,,,,,,,,3,
2622,1,,,,3,10,,,,,,,,,2,5,5,,,,,,7,,,,,,,,,,,,,,,,,,,3,1,,,1,,,,,,,,,7,,,2,,2,,,1,,,,,,,,10,,,,,,,9,,,,,,,2,,,,,2,,1,,,,,,,,
2623,5,1,1,1,2,1,1,4,1,2,5,2,4,3,2,1,4,3,5,3,2,4,1,2,2,2,3,3,1,5,3,3,1,4,1,2,2,4,6,2,5,2,1,2,4,5,3,2,6,5,1,4,3,3,2,2,2,2,5,1,3,6,2,1,2,2,6,1,9,1,5,1,3,3,3,2,2,3,2,1,3,1,2,1,1,4,5,5,2,1,1,1,5,4,2,3,5,1,3,3
2624,0,0,0,0,0,0,0,0,0,0,0,0,0,0,0,0,0,0,0,0,0,0,0,0,0,0,0,0,0,0,0,0,0,0,0,0,0,0,0,0,0,0,0,0,0,0,0,0,0,0,0,0,0,0,0,0,0,0,0,0,0,0,0,0,0,0,0,0,0,0,0,0,0,0,0,0,0,0,0,0,0,0,0,0,0,0,0,0,0,0,0,0,0,0,0,0,0,0,0,0
2625,3,4,3,1,4,1,5,3,4,1,6,3,4,3,2,3,4,2,1,5,3,3,4,3,4,5,3,2,2,3,6,2,4,4,1,3,4,1,3,2,5,1,5,3,2,3,4,6,5,6,4,2,4,1,3,2,1,1,2,5,2,3,4,3,1,1,3,2,2,3,3,3,3,1,6,5,2,3,2,1,2,5,4,2,5,3,1,1,1,4,4,1,3,3,2,3,3,3,3,1
2626,,,,,,,,,,,,,,,,,,,,,,,,,,,,,,,,,,,,,,,,,,,,,,,,,,,,,,,,,,,,,,,,,,,,,,,,,,,,,,,,,,,,,,,,,,,,,,,,,,,,1
2627,,,,,,,,,,,,,,,,,,,,,,,,,,,,,,,,,,,,,,,,,,,,,,,,,,,,,,,,,,,,,,,,,,,,,,,,,,,,,,,,,,,,,,,,,,,,,,,,,,,,
2628,,,,,,,,,,,,,,,,,,,,,,,,,,,,,,,,,,,,,,,,,,,,,,,,,,,3,,,,,,,2,,,,,,,,,,,,,,,,,,,,,,,,,,,,,,,,,,,,,,,,,,
2629,,2,,,,,,,,,,,2,,,,,,,,,,17,,,,,,,,,,,,,,,,,,,,,,,,,,,,1,,,,,,,,,,,,,,1,,,,,,,,,,,,,,,1,,7,,,,2,,,,,,1,,,,,,,,
2630,5,1,2,2,3,1,1,4,1,2,2,5,2,2,3,4,4,3,2,3,1,3,2,3,3,3,1,4,4,3,7,4,3,4,5,1,3,5,4,2,6,4,2,4,5,3,2,2,1,6,3,3,6,1,4,2,2,4,2,2,3,4,1,4,1,3,5,4,4,3,2,3,3,5,2,3,2,4,2,1,4,1,2,2,3,3,3,1,1,2,2,4,2,2,3,2,4,4,4,3
2631,4,4,2,2,4,5,1,1,2,4,3,5,1,4,3,1,1,3,3,1,4,4,3,1,5,4,6,1,4,3,2,4,1,1,1,3,2,4,5,3,4,5,1,1,1,2,1,6,2,4,3,5,2,3,1,2,2,3,2,1,1,4,2,1,2,4,4,1,4,2,3,3,1,1,2,6,1,1,4,2,5,4,2,3,3,2,3,4,1,1,2,5,1,4,2,1,2,5,4,6
2632,,,,,,,,,,,,,1,,,,,,8,6,,,,10,,,,,,,,1,,3,,,,,2,,,,,,,,,1,1,1,,,,,,,,1,,,,1,,,,,,,,,,,,5,,,,,,,,,,,,,,,,,,1,,3,,2,,,,
2633,,,,,,,,,,,,,,,,,,,,,,,,,,,,,,,,,,,,,,,,,,,,,,,,,,,,,,,,,,,,,,,,,,,,,,,,,,,,,,,,,,,,,,,,,,,,,,,,,,,,
2634,,,,,1,,1,,,,4,,,,,,,,,1,,,1,,,,,,,2,,,,3,,4,,1,1,,,,,,8,,,,7,,1,,,3,,1,,,,,,,,,,8,,,,,,,,1,8,,,,3,5,,,,,,,,,,,,,,,,1,6,,,
2635,,,1,,,,,,,,,,,,,,,1,,,,,,,,,,,,,,,,,,,,,,,,,,,,,,,,,,,,,,,6,,,2,,,,,,,,,,,,,,,,,,,,,,,,,,,,,,,,,,,,,,,,
2636,,,,,,,,,,,,,,,,,,,,,,,,,,,,,,,,,,,,,,,,,,,,,,,,,,,,,,,,,,,,,,,,,,,,,,,,,,,,,,,,,,,,,,,,,,,,,,,,,,,,
2637,,,,,,,,,,,,,,,,,,,,,,,,,,,,,,,,,,,,,,,,1,,,,,,,,,,,,,,,,,,,,,,,,,,,,,,,,,,,,,,,,,,,,,,,,,,,,,,,,,,,,
2638,2,2,3,4,5,2,4,1,3,4,1,4,2,3,3,3,4,1,2,2,2,2,1,1,4,3,4,4,5,1,2,2,3,1,3,1,1,3,1,2,5,3,4,6,3,1,2,4,4,5,6,1,2,4,1,1,2,3,3,2,4,4,3,4,3,3,4,3,4,4,4,2,1,1,2,2,3,1,3,2,1,3,3,1,2,2,3,3,1,3,3,2,4,1,5,2,4,2,3,4
2639,,,,,,,,,,,,1,,,,,,,,,,,,,,,,,,,,,,,,,,,,,,,,,,,,,,,,,,,,,,,,,,,,,,,,,,,,,,,,,,,,,,,,,,,,,,,,,,,,,,,,
2640,,,,,,,,,,,,,,,,,,,,,,,,,,,,,,,,,,,,,,,,,,,,,,,,,,,,,,,,,,,,,,,,,,,,,,,,,,,,,,,,,,,,,,,,,,,,,,,,,,,,
2641,,,,,1,,,3,,,,1,,1,,,,,,,,,,,,,,,,,1,,,,,1,2,,,,,,,,,,,,,,,,,,,,,,,,,,,,,,,,,,,,,,,,,,,3,,,,,,,,,,1,,,,,,,,7,,
2642,,,,,,,,,,,,,,,,,,,,,,,,,,,,,,,,,,,,,,,,,,,,,,,,,1,,1,,,,,,,,,,,,,,,,,,,,,,,,,,,,,,,,,,,,,,,,,,,,,,,,,
2643,,,,,,,,,,,1,,,,,,,,,,,1,,1,,,,,,1,,,,,,,,,,,,,,,,,,,,,,,,,,,,,,,,,,2,,,,,,,1,,,,,,,,,,,,,,,,,,,,,,,,,,,,,
2644,,,,,,,,,,1,,,,,,,,,,,,,,,,,,,,,,,1,,,,,,,,,,,,2,,,,,,,,,,,,,,,,,,,,,,,,,,,,,,,,,,,,,,,,1,,,,,,,,,,,1,,,,
2645,,,,,,,,,,,,,,,,,,,,,,,,,,,,,,,,,,,,,,,,,,,,,,,,,,,,,,,,,,,,,,1,,,,,,,,,,,,,,,,,,,,,,2,,,,,,,,,,,,,,,,
2646,6,2,3,3,3,1,1,5,1,3,3,7,2,2,3,4,1,5,1,3,2,1,1,1,3,3,1,1,4,3,2,1,3,2,1,3,4,1,1,3,1,6,4,3,4,2,1,5,2,5,3,1,4,1,2,4,3,5,1,4,4,2,1,3,1,3,4,1,7,5,5,3,4,3,2,3,3,2,2,1,4,1,5,4,3,3,2,5,2,1,2,3,5,3,2,3,5,2,1,3
2647,,,,,,,,,,,,,,,,,,,,,,,,,,,,,,,,,,,,,,,,,,,,,,,,,,1,,,,,,,,,,,,,,,,,,,,,,,,,,,,,,,,,,,,,,,,,,,,,,,,,,
2648,,,,,,,,,,,,,,,,,,,,,,,,,,,,,,,,,,,,,,,,,,,,,,,,,,,,,,,,,,,,,,,,,,,,,,,,,,,,,,,,,,,,,,,,,,,,,,,,,,,,
2649,,,,,,,,,,,,,,,,,,,,,,,,,,,,,,,,,,1,,,,,,,,,,,,,,,,,,,,,,,,,,,,,,,,,,,,,,,,,,,,,,,,,,,,,1,,,,,,,1,,,,,9,
2650,,,4,,2,4,2,,,,,,,,3,,2,,,,,,24,,,,,,,,,,,,,,,,,,,6,8,2,,,,,,,,1,,,,,,4,,,,,,,,,,2,,,5,,,,,,,,,,,,,,,,2,,,,,,,,,,,,,
2651,,,,,2,,2,,,1,,,,,,,,,,,,,,,,,,,,3,,,,,,11,,,,,,,,,,2,,,,,,,,,,,,,,,,,,,,,1,,,,,,,1,,3,,,,,,,,,,,,,,1,,,,,,7,,,,
2652,,,,,,,,,,,,,,,,1,,,,,,,,,,,,,,,,,,3,,,,,,,,,,,,,,,,,,,,,,,,,,,,,,,,,,,,,,,,,,,,,,,,1,,,,,,7,,,,1,,,,,,,,
2653,,,,,,,,,,,,,,,,,,,,,,,,1,,,,,,,,,,,,,,,,,,,,,,,,,,,7,,,1,,,,,,,,,,,,,,,,,,,,,,,,,,,,,,,,,,,,,,,,,,,,,,
2654,1,4,4,1,3,4,3,2,3,3,1,3,2,2,3,3,1,4,3,5,2,1,3,5,4,2,3,2,2,1,2,1,1,3,3,3,5,4,2,3,1,3,4,1,3,3,5,1,4,3,2,1,3,5,3,3,3,1,1,4,4,3,1,1,5,3,2,4,2,1,3,3,1,2,2,3,2,6,3,3,1,1,5,5,5,2,4,3,3,2,1,3,2,3,1,3,1,1,2,4
2655,4,1,2,1,5,3,2,2,3,1,4,4,2,2,2,4,1,1,1,5,4,2,1,6,5,4,2,5,2,3,3,1,1,5,3,2,4,3,2,2,1,1,4,3,4,1,3,3,6,5,2,6,2,4,5,2,2,2,3,5,6,1,1,1,6,4,4,1,3,4,1,2,1,2,4,1,2,5,2,3,1,6,2,4,3,2,3,2,3,4,3,3,1,2,4,2,2,4,3,5
2656,,,,,,,,,,,,,,,,,,,,,,,,,,,,,,,,,,,,,,,,2,,,1,,,,,,,,,,,,,,,,,,,,,,,,,,,,,,,,,,,,,,,,,,,,,,,,3,,,,,,,1,,
2657,,,,,,,,,,,,,,,,,,,,,,4,,,,,,,,,,,,,,,,,,,,,,,,,,,,,,,,,,,,,,,,,,,,,,,,,1,,,,,,,,,,,,,1,,,,,,,,,,,,,,,,
2658,,,,,,,,,,,,,,,,,,,,,,4,,,,,,,,1,,,,,,,,,,,,,,,,,,,,,,,,,,,,,,,,,,,,,,,,,,,,,,,,,,,,,,,,,,,,,,,,,,,,,,1
2659,,,,,,,,,,,,,,,,,,,,,,,,,,,,,,,,,,,,,,,,,,,,,,,,,,,,,,,,,,,,,,,,,,,,,,,,,,,,,,,,,,,,,,,,,,,,,,,,,,,,
2660,,,,,,,,,,,,,,,,,,,,,,,,,,,,,,,,,,,,,,,,,,,,,,,,,,,,,,,,,,,,,,,,,,,,,,,,,,,,,,,,,,,,,,,,,,,,,,,,,,,,
2661,,,,,,,,,,,,,,,,,,,,,,,,,,,,,,,,,,,,,,,,,,,,,,,,,,,,,,,,,,,,,,,,,,,,1,,,,,,,,,,,,,,,,,,,,,,,,,,,,,,,,
2662,,,,,,,,,,,,,,,,,,,,,,,,,,,,,,,,,,,,,,,,,,,,,,,,,,,,,,,,,,,,,,,,,,,,,,,,,,,,,,,,,,,,,,,,,,,,,,,2,,,,,
2663,,,,,,,,,,,,,,,,,,,,,,,,,,,,,,,,,,,,,,,,,,,,,,,,,,,,,,,,,,,,,,,,,,,,,,,,,,,,,,2,,,,,,,,,,,,,,,,,,,,,,
2664,,,,,,,,,,,,,,,,,,,,,,,,,,,,,,,,,,,,,,,,,,,,,,,,,,,,,,,,,,,,,,1,,,,,,,,,,,,,,,,,,,,,,,,,,,,,,,,,,,,,,
2665,,,,,,,,,,,,,,,,,,,,,,,,,,,,,,,,,,,,,,,,,,,,,,,,,,,,,1,,,,,,,,,,,,,,,,,,,,,,,,,,,,,,,,,,,,,,,,,,,,,,,
2666,,,,,,,,,,,,,,,,,,,,,,,,,,,,,,,,,,,,,,,,,,,,,,,,,,,,,,,,,,,,,,,,,,,,,,,,,,,,,,,1,,,,,,,,,,,,,,,,,,,,,
2667,,,,,,,,,,,,,,,,,,,,,,,,,,,,,,,,,,,,,,,,,,,,,,,,,,,,,,,,,,,,,,,,,,,,,,,,,,,,,,,,,,,,,,,,,,,1,,,,,,,,,1
2668,,,,,,,,,,,,,,,,,,,,,,,,,,,,,,,,,,,,2,,,,,,,,,,,,,,,,,,,,,,,,,,,,,,,,,,,,,,,,,,,,,,,,2,,,,,,,,,,,,,,,,
2669,,,,,,,,,,,,,,,,,,,,,,,,,,,,,,,,,,,,,,,,,,,,,,,,,,,,,,,,,,,,,,,,,,,,,,,,,,,,,,,,,,,,,,,,,,,,,,,,,1,,,
2670,,,,,,,,,,,,,,,,,9,,,,,,,,,,,,,,,,,,,,,,,,,,,,,,,,,,,,,,,,,,,,,,,,,,,,,,,,,,,,,,,,,,,,,,,,,,,,,,,,,,,
2671,,,2,,,,,,1,,3,,,1,,,,,1,,,,,,,,4,,,3,,,,,1,,,,,,,,,,,,,1,1,,,,,,,1,,,,,,,,1,,,1,,1,,,,,,,,,,,,,,,,,,,,,,,,,,,,,,,4
2672,,,,,,,,,,,,,,,,,,,,,,,,,,,,,,,,,,,,,,,,,,,,,,,,,,,,,1,,,,,,,,,,,,,,,,,1,,,,,,,,,,,,,,,,,,,,,,,,,,,,,,
2673,,,,,,,,,,,,,,,,,,,,,,,1,,,,,,,,,,,,,,,,,,,,,,,,,,,,,,,,,,,,,,,,,,,,,,,,,,,,,,,,,,,,,,,,,,,,,,,,,,,,,
2674,,,,,,,,,,,,,,,,,,,,,,,,1,,,,,,,,,,,,,,,,,,,,,,,,,,,,,,,,,,,,,,,,,,,,,,,,,,,,,,,,,,,,,,,,,,,,,,,,,,,,
2675,,,,,,,,,,,,,,,,,,,,,,,,,,,,,,,,,,,,,,,,,,,,,,,,,,,,,,,,,,,,,,,,,,,,,,,,,,,,,,,,,,,,,,,,,,,,,,,,,,,,
2676,,,,,,,,,,,,,,,,,,,,2,,,,,,,,,,,,,,,,,,,,,,,,,,,,,,,,,,,,,,,,,,,,,,,,,,,,,,,,,,,,,,,,,,,,,,,,,,,,,,,,
2677,,,,,,,,,,2,,2,,,,,,,,,,,,,,,,1,,,,,,,,,,2,,,,,,,,,,,,,,,,,,,,,,,,,,,,,,,,,2,,,,1,,,23,,,,,1,,,,,,,,,,,,,,,,,
2678,,1,,,,,,,,,,,,2,,,,,,,,,,,,,14,,,,,,,,,,,,,,,,,,,,1,,,,,,,,,,,13,,,,,,,,,,,,,,,,,,,,,,,,,1,,,,,,15,,,,1,,,,3,,,
2679,,,,,,,,,,,,,,,,,,,,,,,,,,,,,,,,,,,,,,,,,,,,,,,,,,,,,,,,,,,,,,,,,,,,,,,,,,,,,,,,,,,,,,,,,,,,,,,,,,,,
2680,,,,,,,,,,,,,,,,,,,,,,,,,1,,,,,,,,,,,,,,,,,,,,,,,,,,,,,,,,,,,,,,,,,,,1,,,,,,,,,,,,,,,,,,,,,,,,,,,,,,,,
2681,,,,,,,,,,,,,,,,,,,,,,,,1,,,,,,,,,,,,,,,,,,,,,,,,,,,,,,,,,,,,,,,,,,,,,,,,,,,,,,,,,,,,,,,,,,,,,,,,,,,,
2682,,,,,,,,,1,,,,,,,,,,,,,,,,,,,2,,,,,,,,,,,,,,,,,,,,,,,,,,,,,,,,,,,,,,,,,,,,,,,,,,,,,,,,,,,,,,,,,,,,,,,,
2683,,,,,,,,,,,,,,,,,,,,,,,,,,,,,,,,,,,,,,,,,,,,,,,,,,,,,,,,,,,,,,,,,,,,,,,,,,,,,,,,,,,,,,,,,,,,,,,,,,,,
2684,,,,,,,,,,,,,,,,,,,,,,,,,,3,,,,,,,,,,,,,,,,,,,,,,,,,,,,,,,,,,,,,,,,,,,,,,,,,,,,,,,,,,,,,,,,,,,,,,,,,,
2685,,,,,,,,,,,,,,,,,,,,,,,,,,,,,,,,,,,,,,,,,,,,,1,,,,,,,,,,,,,,,,,,1,,,,,,,,,1,,,,,2,,,,,,,,,,,,,,,,,,,,,,,
2686,,,,,,,,,,,,,1,,,,,,,,,,,,1,,,,,,,,,,,,,,,,,,,,,,,,,,,,,,,,,,,,,,,,,,,,,,,,,,,,,,,,,,,,,,,,,,,,,,,,,,,
2687,,,,,,,,,1,,,,,,,,,,,,,,,,,,,,,,,,,,,,,,,,,,,,,,,,,,,,1,,,,,,,,,,,,,,,,,,,,,,,,,,,,,,,,,,,,,,,,,,,,,,,
2688,,,,,,,,,,,,,,,,,,,,,,1,1,,,,,2,,2,,,,,,,,,,,,,,1,,,,,1,,,,,,,,,,,,,,,,,,,,,,,,,,,,,,1,,,,,,,,,,,,,,,,,,,,,
2689,,,,,,,,,,,,,,,,,,,,,,,,,,,,,,,,,,,,,,,,,,,,,,,,,,,,,,,,,,,,,,,,,,,,,,,,,,,,,,,,,,,,,,,,,,,,,,,,,,,,
2690,,,,,,,,1,,,,,,,,,,,,,,,,,,,,,,,,,,,,1,,,,,,,,,,,,,,,,,,,,,,,,,,,,,,1,,,,,,,,,,,,,,,,,,,,,,,,,,1,,,,,,,,
2691,2,1,2,2,3,1,,2,,,1,,2,1,,,,,,,1,3,2,,,,2,,3,,1,,,,2,2,1,2,2,2,1,,1,2,,,,,,2,2,1,2,,1,,2,,1,,,2,2,2,2,,2,,,1,,2,,,,,2,3,,1,,1,,1,,,2,1,2,1,1,,,,,2,,2,,2
2692,,,,,,,,,,,,1,,,,,,1,,,,,,,,,,,,,,,,1,,,,,,,,,1,,,,,,1,,,,,,,,,,,,,,1,,,,,,,,,,,,,,,,,,,,,,,,,,,,,,,,,,,,,1
2693,,,,,,,,,,,,,,,,,,,,,,,,,,,,,,2,,,,,,,,,,,,,,,,,,,,,,,,,,,,,,,,,,,,,,,,,,,3,,,,,,,,,,,,,,,,,,,,,,,,,,,
2694,,,,,,,,,,,,,,,,,,,,,,,,,,,,,,1,,,,,,,,,,,,,,,,,,,,,,,,,,,,,,,,,,,,,,,,,,,,,,,,,,,,,,,,,,,,,,,,,,,,,,
2695,,,,,,,,,,,,,,,,,,,,,,,,,,,,,,,,,,,,,1,,,,,,,,,,,,,,,,,,,,,,,,,,,,,,,,,,,,,,,,,,,,,,,,,,,,,,,,,,,,,,,
2696,,,,,,,,,,,,,,,,,,,,,,,,,,,,,,,,,,,,,,,,,,,,,,,,,,,,,,,,,,,,,,,,,,,,,,,,,,,,,,,,,,,,,,,,,,,,,,,,,,,,
2697,,,,,,,,,,,,,,,,,,,,,,,,,,,,,1,,,,,,,,,,,,,,,,,,,,,,,,,,,,,,,,,,,,,,,,,,,,,,,,,,,,,,,,,,,,,,,,,,,,,,,
2698,,,,,,,,,,,,,,,,,,,,,,,,,,,,,,,,,,,,,,,,,,,,,,,,,,,,,,,,,,,,,,,,,,,,,,,,,,,,,,,,,,,,,,,,,,,,,,,,,,,,
2699,,,,,,,,,,,,,,,,,7,,,,,,,,,,,,,,,,,,,,1,,,,,,,,,,,,,,,,,,,,,,,,,,,,,,,,,,2,,,,,,,,,,,,,1,,,,,,,,,,,,,,,,
2700,,,,,,,,,,,,,,,,,,,,3,,,,,,,,,,,,,,,,,,,,,,,,,,,,,,,,,,,,,,,1,,,,,,,,,,,,,,,,,,,,1,,,,,,,,,,,,,,,,,,,,,
2701,,,,,,,,,,,,,,,,,,,,,,,,,,,,,,,,,,,,,,,,,,,,,,,,,,,,,,,,,,,,,,,,,,,,,,,,,,,,,,,,,,,,,,,,,,,,,,,,,,,,
2702,,,,,,,,,,,,,,,,,,,,,,1,,,,,,,,,,,,,,,,,,,,,,,,,,,,,,,,,,,,,,,,,,,,,,,,,,,,,,,,,,,,,,,,,,,,,,,,,,,,,,
2703,,,,1,,,,,,,,,,,,,8,,,,,,,,,,,,,,,,,,,,,,,2,,,,,,,,,,,,,,,,,,,,,,,,,,,,,,,,,,,,,,,,,,,,,,,,,,,,,,,,,,,,
2704,6,,1,4,1,1,3,,28,17,1,1,1,1,1,2,,1,1,1,,,,1,,,1,,1,,1,,,,1,3,1,1,1,,1,1,,,1,3,1,,1,,1,,22,1,1,,1,1,1,1,4,6,,,1,1,1,1,1,,,,1,1,1,1,1,1,3,1,,1,1,3,,,1,,,1,1,1,1,1,1,1,,1,,
2705,,,,,,,,,,,,,,,,,,,,,,,,,,,,,,,,,,,,,,,,,,,,,,,,,,,,,,,,,,,,,,,,,,,,,,,,,,,,,,,,,,,,,,,,,,,,,,,,,2,,,
2706,,,,,,,,,,,,,,,,,,,,,,,,,,,,,,,,,,,,,,,,,,,,,,,,,,,,,,,,,,,,,,,,,,,,,,,,,,,,,,,1,,,,,,,,,,,,,,,,,,,,,
2707,,,,,,,,,,,,,,3,,,,2,,,,,,,,,,,,,,,,,,,,,,,,,,,,1,,,,,,,,,,,,,,,,,,,,,,,,,,,,,,,,,,,,,,,,,,,,,,,,,,,,,,
2708,,,,,,,,,,,,,,,,,,,,,,,,,,,,,,,,,,,,,,,,,,,,,,,,,,,,,,,,,,,,,,,,,,,,1,,,,,,,,,,,,,,,,,,,,,,,,,,,,,,,,
2709,,,,,,,,,,,,,,,,,,,,1,,,,,,,,,,,,,,,,,,,,,,,,,,,,,,,,,,,,,,,,1,,,,,,,,1,,,,,,,,,,,,1,,,,,,,,,,,,,,,,,,,,
2710,,,,,,,,,,,5,,,,,,,,,,,,,,,,,,,,,,,,,,,,,,,,,1,,2,,,,,,,,,,,,,,,1,,,,,,,,,,,,,,,,,,,,,,,,,,,,1,,,,,,,,,,,
2711,,,,,,,,,,,,,,,,,,,,,,,,,,,,,,,1,,,,,,,,,,,,,,,,,,,,,,,,,,,,,,,,,,,,,,,,,,,,,,,,,,,,,,,,,,,,,,,,,,,,,
2712,,,,,,,,,,,,,,,,,,,,,,,,,,,,,,,,,,,,,,,,,,,,,,,,,,,,,,,,,,,,,,,,,,,,,,,,,,,,,,,,,,,,,,,,,,,,,,,,,,,,
2713,,,,,,,,,,,,,,,,,,,,,,,,,,,,,,,,,,,,,,,,,,,,1,,,,,,,,,,,,,,,,,,,,,,,,,,,,,,,,,,,,,,,,,,,,,,,,,,,,,,,,
2714,1,,1,,1,,1,3,1,,,,,,,,,,,,,,,,,,,,,,2,,,1,,,,,,,,1,,1,,1,,,,,,1,,,,1,1,,,,,,,1,1,,,,,1,1,,,,,1,,,,,1,3,,1,1,,1,,,1,,,1,1,,1,,,,
2715,,,,,,,,,,,,,,,,,,,,,,,,,,,,,,,,,,,,,,,,,,,,,,,,,,,,,,,,,,,,,,,,,,,,,,,,,,1,,,,,,2,,,,,,,,,,,,,,,,,,,,
2716,,,,,,,,,,,,,,,,,,,,,,,,,,,,,,,,,,,,,,,,,,,,,,,,,,,,,,,,,,,,,,,,,,,,,,,,,,,,,,,,,,,,,,,,,,,,,,,,,,,,
2717,,,,,,,,,,,,,,,,,,,,,,,,,,,,,,,,,,,,,,,,,,,,,,,,,,,,,,,,,,,,,,,,,,,,,,1,,,,,,,,,,,,,,,,,,,,,,,,,,,,,,
2718,,,,,,,,,,,,,,,,,,,,,,,,,,,,,,,,,,,,,,,,,,,,,,,,,,,,,,,,,,,1,,,,,,,,,,,,,,,,,,,,,1,1,,,,,,,,,,,,,,,,,,,
2719,,,,,,,,,,,,,,,,,,,1,,,,,1,,,,,,,,,,,,,,,,,,,,,,,,,,,,,,,,,,,,,,,,,,,,,,,,,,,,,,,,,,,,,,,,,,,,,,,,,,,,
2720,,,,,,,,,,,,,,,,,,,,,,,,,,,,,,,,,,,,,,,,,,,,,,,,,,,,,,,,,,,,,,,,,,,,,,,,,,,,,,,,,,,,,,,,,,,,,,,,,,,,
2721,,,3,,,,,,,,2,3,,4,,,,,,,,,,,,,1,,,2,1,,,,,,,,,,,,,,,,,2,,,,1,,,,2,,,1,,,,,,,,2,,,,,,,,,,,,1,,,,,,,,,,,,1,,,,,,,,,1
2722,,,,,,,,1,3,,,,,1,,,1,,1,,,1,1,,1,,1,,1,,1,1,1,,,,,,,,,,,,1,,,,,,1,,,1,1,,,,,,,,,1,,,1,,,,1,,,,,1,,,,,,,,,,,,,1,,,,,,,,,,,
2723,,,,,,,,,,,,1,,,,,,,,,,,,,,,,,,,,1,,,,,,,,,,,,,,,,,,,,,,,,,,,,,,,,,,,,1,,,,,,,,,,,,,,,,,,,,,,,,,,,,1,,,,
2724,,,,,,,,,,,,,,,,,,,,,,,,,,,,,,,,,,,,,,,,,,,,,2,,,,,,,,,,,,,,,,,,,,,,,,,,,,,,,,,,,,,,,,,,,,,,,,,,,,,,,
2725,,,,,,,,,,,,,,,21,,,,,1,,2,2,,,,,,,,,,,,,,,,,,,,,2,,1,2,,,,,,,,,,,,,,,,,,,,,,,,,,2,,,,,,,,,,,,,,,,,,,,,,,,,,,
2726,,,,,,,,,,,,,,,,,,,,,,,,,,,,,,,,,,,,,,,,,,,,,,,,,,,,,,,,,,,,,,,,,,,,,,,,,,,,,,,,,,,,,,,,,,,,,,,,,,,,
2727,,,,,,,,,,,,,,,,,,,,,,,,,,,,,,,,,,,,,,,,,,,,,,,,,,,,,,,,,,,,,,,,,,,,,,,,,,,,,,,,,,,,,,,,1,,,,,,,,,,,,
2728,,,,,,,,,,,,,,,,,,,,,,,,,,,,,,,,,,,,,,,,,,,,,,,,,,,,,,,,,,,,,,,,,,,,,,,,,,,,,,,,,,,,,,,,,,,,,,,1,,,,,
2729,,,,,,,,,,,,,,,,,,,,,,,,,,,,,,,,,,,,,,,,,,,,,,,,,,,,,,,,,,,,,,,,,,,,,,,,,,,,,,,,,,,,,,,,,,,,,,,,,,,,
2730,,,,,,,,,,,,,,,,,,,,,,,,,,,,,,,,,,,,,,,,,,,,,,,,,,,,,,,,,,,,,,,,,,,,,,,,,,,,,,,,,,,,,,,,,,,,,,,,,,,,
2731,,,,,,,,,,,,,,,,,,,,,,,,,,,,,,,,,,,,,,,,,,,,,,,,,,,,,,,,,,,,,,,,,,,,,,,,,,,,,,,,,,,,,,,,,,,,,,,,,,,,
2732,,,,,,1,,,2,,,,,,,,,,,,,,1,,,,,3,,,2,1,,,,,2,,,,,,,4,,,,,,,,,,,,,,2,,,1,1,,,,,,,,,,,,4,,,,,4,,,,,,,,,,,,,,,,4,,,,,
2733,,,,,,,,,,,,,,,,,,,,,,,,,,,,,,,,,,,,,,,,,,,,,,,,,,,,,,,,,,,,,,,,,,,,,,,,,,,,,,,,,,,,,,,,,,,,,,,,,,,,
2734,,,,,,,,,,,,,,,,,,,,,,,,,,,,,,,,,,,,,,,,,,,,,,,,,,,2,3,,,,,,,,,,,,,,,,,,,,,,,,,,,,,,,,,,,,,,,,,,,,,,,,
2735,,,,,,,,,,,,,,,,,,,,2,,,,,,,,,,,,,,,,,,,,,,,,,,,,,,,,,,,,,,,,,,,,,,,,,,,,,,,,,,,,,,,,,,,,,,,,,,,,,,,,
2736,1,,,,,3,,1,,,,,,,,,,,,,,,,,,,,,,,,,,,,,,1,,,,1,,,,,1,,,,,,1,,,,,,,,,,,,,,,,,,,,,1,,,,,1,,1,,,,,,,,,,,,1,,,,,,1,
2737,,,,,,,,,,,,,,,,,,,,,,,,,2,,,,,,,,,,,,,,,,,,,,,,,,,,,,,,,,,,,,,,,,,,,,,,,,,,,,,,,,,,,,,,,,,,,,,,,,,,,
2738,,,,,,,,,,,,,,,,,,,,,,,,,,,,,,,1,,,,,,,,,,,,,,,,,,,,,,,,,,,,,,,,,,,,,,,,,,,,,,,,,,,,,,,,,,,,,,,,,,,,,
2739,,,,,,,,,,,,,,,,1,,,,,,,,,,,,,,,,,,,,,,,,,,1,,,,,,,,,,,,,,,,,,,,,,,,21,,,,,,,,,,,,,,,,,,,,,,,,,,,,,,,,,,
2740,1,1,,4,,,1,1,1,17,,1,1,1,6,1,,,1,1,1,1,,,1,1,,1,1,1,1,,,,1,3,4,1,18,1,,1,,1,1,1,2,,1,1,1,,22,1,4,1,,,,,1,6,1,1,1,,1,4,,1,,,,3,,,1,1,1,,1,1,1,1,,1,,1,,,1,2,,1,1,1,1,1,,1
2741,,,,,,,,,,,,,,,,,,,,,,,,,,,,,,,,,,,,,,,,,,,,,,,,,,,,,,,,,,,,,,,,,,,,,,,,,,,,,,,,,,,,,,,,,,,,,,,,,,,,
2742,,,,,,,,,,,,,,,,,,,,,,,,,,,,,,,,,,,,,,,,,,,,,,,,,,,,,,,,,,,,,,,,,,,,,,,,2,,,,,,,,,,,,,,,,,,,,,,,,,,,,
2743,,,,,,,,,,,,,,,,,,,,,,,,,,,,,,,,,,,,,,,,,,,,,,,,,,,,,,,,,,,,,,,,,,,,,,,,,,,,,,,,,,,,,,,,,,,,,,,,,,,,
2744,,,,,,,,,,,,,,,,,,,,,,,,,,,,,,,,,,,1,,,,,,,,,,,,,,,,,,,,,,,,,,,,,,,,,,,,,,,,,,,,,1,,,,,,,,,,,,,2,,,,,,,
2745,,,,1,,,,1,,,,,,,,,,,,1,,,,,,,,,,,,,,,,,,,,,,,,,,,,,,,,,,,,,,,,,,,,,,,,,,,,,,,,,,,,,,,,,,,,,,,,,,,,,3,,,
2746,,,,,,,,,,,,,,,,,,,,,,,,,1,,,,,,,,,,,,,,,,,,,,,,,,,,,,,,,,,,,,,,1,,,,,,,,,,,,,,,,,,,,,,,,,,,,,,,,,,,,,
2747,,,,,,,,,,,,,,,,,,,,,,,,,1,,,,,,,,,,,,,1,,,,,,,,,,,,,1,,,,,,,,,,,,,,,,,,,,,,,,,,,,,,,,,,,,,,,,,,,,,,,,,
2748,,,,,,,,,,,,,,,,,,,,,,,,,,,,,,,,,,,,,,,,,,,,,,,2,,,,,,,,,,,,,,,,,,,,,,,,,,,,,,,,,,,,,,,,,,,,,,,,,,,,,
2749,,,,,,,,,,,,,,,,,,,,,,,,,,,,,,,,,,,,,,,,,,,,,,,,,,,,,,,,,,,,,,,,,,,,,,,,,,,,,,,,,,,,,,,,,,,,,,,,,,,,
2750,,,,,,,,,,,,,,,,,,,,2,,,,,,,,,,,,,,,,,,,,,,,,,,,,,,,,,,,,,2,,,,,,,,,,,,,,,,,,,,,,,,,,,,,,,,,,,,,,,,,,,
2751,,,,,1,,,,,,,,,,,,,,,,,,,,,,,,,,,,,,,,,,,,,,,,1,,,,,,,,,,,,,,,,,,,,,,,,,,,,,,,,,,,,,2,,,,6,,,,,,,,,,,,,,
2752,,12,,,,,,,24,,2,,,1,,,,,,5,,,,,,1,1,,,2,,,,,,,,,,,,,,,,,,,,,3,,,,,,,,,,,,,,,,,,,1,19,,,,1,,,,,,,,,,,,,,,,,15,,,,,2,,,
2753,,,,,,,,,,,,,,,,,,,,,,,,,,,,,,,,,,,,,,,,,,,,,,,,,,,,,,,,,,,,,,,,,,,,,,,,,,,,,,,,,,,,,,,,,,,,,,,1,,,,,
2754,,,,,,,,,,,,,,,,,,,,4,,,,,,,,,,,,,,,,,,,,,,,,,,,,,,,,,,,,,,,,,,,,,,,,,,,,,,,,,,,,,,,,,,,,,,,,,,,,,,,,
2755,,,,,,,,,,,,,,,,,,,,,,,,,,,,,,,,,,,,,,,,,,,,,,,,,,,,,,,,,,,,,,,,,,,,,,,,,,,,,,,,,,,,,,,,,,,,,,,,,,,,
2756,,,,,,,,,,,,,,,,,,,,,,,,,,,,,,,,,,,,,,,,,,,,,,,,,,,,,,,,,,,,,,,,,,,,,,,,,,,,,,,,,,,,,,,,,,,,,,,,,,,,
2757,,,,,,,,,,,,,,,,,,,,,,,,,,,,,,,,,,,,,,,,,,,,,,,,,,,,,,,,,,,,,,,,,,,,,,,,,,,,,,,,,,,,,,,,,,,,,,,,,,,,
2758,,,,,,,,,,,,,,,,,,,,,,,,,,,,,,,,,,,,,,,2,,,,,,,,,,,,,,,,,,,,,,,,,,,,,,,,,,,,,,,,,,,,,,,,,,,,,,,,,,,,,
2759,,,,,,3,,,,,,,,,,,,,,,,,,,,,,,,,,,,,,,,,,,,,,,,,,,,,,,,,,,,1,,,,,,,,,,,,,,,,,,,,,,,,,,,,,,,,,,,,,,,,,,
2760,,,,,,,,,,,,,,,,,,,,,1,,,,,,,,,3,,,,,,,,,,,,,,4,,,,,,,,,,,,,,15,,,,,,,,,,,,,,,,,,,,,,,,,,,,,,,,,,,,,,,,,,
2761,,,,,,,,,,,,,,,,,,,,,,,,,,,,,,,,,,,,,,,,,,,,,,,,,,,,,,,,,,,,,,,,,,,,,,,,,,,,,,,,,,,,,,,,,,,,,,,,,,,,
2762,,,,,,,,,,,,,,,,,,,,,,,,,,,,,,,,,,,,,,,,,,,,,,,,,,,,,,,,,,,,,,,,,,,,,,,,,,,,,,,,,,,,,,,,,,,1,,,,,,,,,
2763,,,,,,,,,,,,,,,,,,,,,,,,,,,,,,,,,,,,,,,,,,,,,,,,,,,,,,,,,,,,,,,,,,,,,,,,,,,,,,,,,,,,,,,,,,,,,,,,,,,,
2764,,,,,,,,,,,,,,,,,,,,,,,21,,,,,,,,,,,,,,,,,,,,,,,,,,2,,,,,,,,,,,,,,,,,,,,,,,,7,,,,,,,,,1,,,,,,,,,,,,,,,1,,,
2765,,,,,,,,,,,,,,,,,,,,,,,,,,,,,,,,,,,,,,,,,,,,,,,,,,,,,,,,,,,,,,,,,,,,,,,,,,,,,,,,,,,,,,,,,,,,,,,,,,,,
2766,,,,,2,,,,,,,,,,,2,,,2,,,,,,,,2,,,,,,,,,1,,,,,,,,,,,,,,,,,,,,,,,,,,,,,,,,,,,,,,,,,,,,,,1,,,,,,,,,,,,,,,,,,
2767,,,,,,,1,,,,,,,,,1,10,,,,,,,,1,,,,1,1,,,,,,,,,,,,,,,,,,,,,,,,,,,,,,,,,,,,,,,,,,,,,,,,,,,,,,,,,,,,,,,,,,,,,,
2768,,,,,,,,3,,,,,,,,,3,,,,,,,,,,,,,,,,,,,,,,,,,,,,,,,,,,,,,,,,,,,,,,,,,,,,,,,,,,,,,,,,,,,,,,,,,,,,,,,,,,,
2769,,,,,,,,,,,4,,,,,,,1,,,,,,,,,,,,,,,,,,,,,,,,,,,,,,,,,,,,,,,,,,,,1,,,,,,,,,,,,,,,,,,,,,,,,,,,1,,,,,,,,,,,
2770,,,,,,,,,,,,,,,,,,,,,,,,,,,,,,,,,,,,,,,,,,,,,,,,,,,,,,,,,,,,,,,,,,,,,,,,,,,,,,,,,,,,,,,,,,,,,,,,,,,,
2771,,,,,,,,,,,,,,,,,,,,2,,,,,,,,,,,,,,,,,,,,,,,,,,,2,,,,,,,1,,,,,1,,,,,,,,,,,,,,,,,,,,,,,,,,,,,,,3,,,,,,,,,,
2772,,,,,,,,,,,,,,,,,,,,,,,,,,1,,,,,,,,,,,,,,,,,,,,,,,,,,,,,,,,,,,,,,,,,,,,,,,,,,,,,,,,,,,,,,,,,,,,,,,,,,
2773,,,,,,,,,,,,,,,,,,,,,,,,,,,,,,,,,,,,,,,,,,,,,,,,,,,,,,,,,,,,,,,,,,,,,,,,,,,,,,,,,,,,,,,,,,,,,,,,,,,,
2774,,2,1,,,,,2,,1,,,,,,,,,,,,1,,1,,2,,1,,,,,,,,,2,,,,,,3,1,,,,,,2,,,,,,,,,,,,,,,,,,1,,,,3,,,,,,,,,,3,1,2,,,,,,,,3,3,,,,,4,,
2775,,,,,,,,,,,,,,,,,,,,,,,15,,,,,,,,,,,,,,,,,,,,,,1,,,,,,,,,,,,,,,,,,,,,,,,,,,,,,,,,,,,,,,,,,,,,,,,,,,,,,,
2776,,,1,2,,2,,,,,,,3,,,,,,,4,,2,,,,,,7,3,,,,,2,,,,,,4,1,,3,,,,2,,,,,,,,5,1,,,2,,7,,,1,,2,,1,1,,1,3,,,,,,2,,,,,,,1,,,,,,,,5,,,3,,,,
2777,,,,,,,,,,,,,,,,,,,,,,,,,,,,,,,,,,,,,,,,,,,,,,,,,,,,,,,,,,,,,,,,,,,,,,,,,,,,,,,,,,,,,,,,,,,,,,,,,,,,
2778,,,,,,,,,,,,,,,,,,,,,,,,,,,,,,,,,,,,,,,,,,,,,,,,,,,,,,,,,,,,,,,,,,,,,,,,,,,,,,,,,,,,,,,,,,,,,,,,,,,,
2779,,,,,,,,,,,,,,,,,,,,,,,,,,,,,,,,,,,,,,,,,,,,,,,,,,,,,,,,,,,,,,,,,,,,,,,,,,,,,,,,,,,,,,,,,,,,,,,,,,,,
2780,,,,,,,,,,,,,,,,,,,,,,,,,,,,,,,,,,,,,,,,,,,,,,,,,,,,,,,,,,,1,,,,,,,,,,,,,,,,,,,,,,,,,,,,,,,,,,,,,,,,,
2781,,,,,,,,,,,,,,,,3,,,,,,,,,,,,,,,,,,,,,,,,,,,,,,,,,,,,,,,,,,,,,,,,,,,,,,,,,,,,,,,,,,,,,,,,,,,1,,,,,,,,,
2782,,,,,,,,,,,,,,,,,,,,,,,,,,,,,,,,,,,,,,,,,,,,1,,,,,,,,,,,,,,,,,,,,,,,,,,,,,,,,,,,,,,,,,,,,,,,,,,,,,,,,
2783,,,,,,,,,,,,,,,,,,,,,,,,,,,,,,,,,,,,,,,,,,,,,,,,,,,,,,,,,,,,,,,,,,,,,,,,,,,,,,,,,,,,,,,3,,,,,,,,,,,,,
2784,,,,,,,,,,,,,,,,,,,,,,,,,,,,,,,,,,,,,,,,,,,,,,,,,,,,,,,,,,,,,,,,,,,,,,,,,,,,,,,,,,,,,,,,,,,,,,,,,,,,
2785,,,,,,,,,,,,,,,,,1,,,,,,,,,,,,,,,,,,,,,,,,,,,2,,,,,,,,,,,,,,,,,,,,,,,,,,,,,,,,,,,,,,,,,,,,,,,,,,,,,,,,
2786,,,,,,,,,,,,,,,,,,,,,,,,,,,,,,,,,,,,,,,,,,,,,,,,,,,,,,,,,,,,,,,,,,,,,,,,,,,,,,,,,,,,,,,,,,,,,,,,,,,,
2787,,,,,,,,,,,,,,,,,,,,,,,,,,,,,,,,,,,,,,,,,,,,,,,,,,,,,,,,,,,,,,,,,,,,,,,,,,,,,,,,,,,,,,,,,,,,,,,,,,,,
2788,1,,,,,1,1,,1,1,,,1,,2,1,1,1,1,1,,1,1,,1,1,,1,1,,,1,,1,1,,,,,1,,1,1,,,,1,,,1,,,1,1,1,1,1,,1,,1,,1,3,,2,,,2,1,1,1,,1,,,,4,1,,,1,,1,,1,,1,1,,,,1,,,1,1,1,,1
2789,,,,,,,,,2,,,,,,,,,,,,,,,,,,,1,,,,,,,,,,,,,,1,,,,,,,,,,,,,,,,,,,,,,1,,,,,,,,,,,,,,,,,,,,,,,,,,,,,,,,,,,,
2790,,,,,,,,,,,,,,,,,,,,,,,,,,,,,,2,,,,,,,,,,,,,,,,,,,,,,,,,,,,,,,,,,,,,,,,,,,,1,,,,,,,,,,,,,,,1,,,,,,,,,,,
2791,,,,,,,,,,,,,,,,,2,,,,,,1,,,,,,,,,,,,,,,,,,,,,,,,,,,,,,2,,,,,,,,,,,,,,,,,,,,,,,,,,,,,,,,,,,,,,,,,,,,,,,
2792,2,2,3,3,2,2,,1,,,2,,2,1,,,,,,,3,1,2,,,,2,,1,,3,,,,1,2,2,1,1,1,2,,2,1,,,,,,3,1,1,1,,1,,1,1,3,,,1,1,2,1,,1,,,1,,2,,,,,2,1,,2,,,,2,,,2,2,1,1,2,,,,,2,,2,,1
2793,,,,,,,,,,,,,,,,,,,,,,,,,,,,,,,,,,,,,,,,,,,,,,,,,,,,,,,,,,,,,,,,,,,,,,,,,,,,,,,,,,,,,,,,,,,,,,,,,,,,
2794,,,,,,,,,,,,,,,,,,,1,,,,,,,,,,,,,1,,,,,,,,,,,,,,,,,,,,,,,,,,,,,,,,,,,,1,,,,,,,,,,,,,,,,,,,,,,,,,,,,,,,,
2795,,,,,,,,,,,,,,,,,,,,,,,,,,,,,,,,,,,,,,,,,,,,,,,,,,,,,,,,,,,,,,1,,,,,,,,,,,,,,,,,,,,,,,,,,,,,,,,,,,,,,
2796,,,,,,,,,,,,,,,,,,,,,,,,,,,,,,,,,,,,,,,,,,,,,,,,,,,,,,,,,,,,,,,,,,,,,,,,,,,,,,,,,,,,,,,,,,,,,,,,,,,,
2797,,,,,,,,,,,,,,,,,,,,,,,,,,,,,,1,,,,,,,,,,,,,,,,,,,,,,,,,,,,,,,,,,,,,,,,,,,,,,,,,,,,,,,,,,,,,,,,,,,,,,
2798,,,,1,,,,,,,,,,,1,,,,,,,1,1,,,,1,,1,,2,,,,,,,,,1,,1,,,,,,,,,,,,,,,,,,,,1,,,,,,,,,,1,,,1,,1,,,,,,1,1,,,1,,,,,,,,,,,,,
2799,,,6,,,,,,,,,,,,,,,,,1,,5,,,,,,3,1,,,,,,,,,,,,,,6,,,,,,,,,,,,2,,,,6,,3,,,,,,,1,,,,7,,,2,,,7,,,,,,,,,,,,,,,,,,6,,,,
2800,,,,,,,,,,,,,,,,,,,,,,,,,,,,,,,,,,,,,,,,,,,,,,,,,,,,,,,,,,,,,,,,,,,,,,,,,,,,,,,,,,,,,,,,,,,,,,,,,,,,
2801,,,,,,,2,,,,,,,,,2,,,,,,,,,,,,,,,,,,,,,,,,,,,,,,,,,,,,,,,1,1,,,,,,,,,,,,,,,,,,,,,,,,,,,,,,,,,,,,,,,,,,,,
2802,,,,,,,,,,,,,,,,1,,,,,,,,,,,,,,,,,,,,,,,,,,,,,,,,,,,,,,,,,,,,,,,,,,,,,,,,,,,,1,,,,,,,,,,,,,,,,,,,,,,,,
2803,,,,,,,,,,,,,,,,,,,,,,,,,,,,,,,,,,,,,,,,,,,,,,,,,,,,,,,,,,,,,,,,,,,,,,,,,,,,,,,,,,,,,,,,,,,,,,,,,,,,
2804,,,,,,,,,,,,,,,,,,,,,,,1,,,,,,,,,,,,,,,,,,,,1,,1,,,,,1,,,,,,,,,,,,,,,,,,,,,,,,,,,,,,,,,,,1,,,,,,,,,,,1,,,,
2805,,,,,2,,,,2,,,,,,,,,,1,,,,,2,,,,,2,,,,,,,,,,,,,,,,,8,,,,,,1,,,1,,,,,,2,,,,,1,,,,,,,,,1,,,,,,8,,1,,,,,,,,,,,,,,,,1,
2806,,,,,,,,,1,,,,,,,,,,,,,,,,,,,,,,,,,,,,,,,,,,,,,,,,,,,,,,,,,,,,,,,,,,,,,,,,,,,,,,,,,,,,,,,,,,,,,,,,,,,
2807,,,,,,,,4,,,,,,,,,,,,,,,,,,,,,,,,,,,,,,,,,,,,,,,,,,,,,,1,,,,,,,,,,,,,,,,,,,,,,,,,,,,,,,,,,,,,2,,,,,,,,,
2808,1,,,,,,1,1,,1,,,1,,1,1,,,3,,,,,1,,,,1,1,1,2,,1,1,1,,,1,,,,,,,,1,,,,2,1,1,,,1,,,,,,,,,,,,1,,1,,1,,,,,,,,,1,10,,1,,,,1,,1,,,,,,1,,,,3,
2809,,,,,,,,,,,,,,,,,,,,,,,,,,,,,,,,1,,,,,,,,,,,,,,,,,,,,,,,,,,,,,,,,,,,,,,,,,,,,,,,,,,,,,,,,,,,,,,,,,,,,
2810,,,,,,,,,,,,,,,,,,,,,,,,,,,,,,,,,,,,,,,,,,,,,,,,,,,,,,,,,,,,,,,,,,,,,,,,,,,,,,,,,,,,,,,,,,,,,,,,,,,,
2811,,1,,,,,,,,,,,,1,,,,4,,1,,,,,,,,,,,,,,,,,,,,,,,,,,,,,1,,,,,,,,,,,,,28,,,,1,,1,,,,,,,,,,,,,1,,,,,,,,,,1,,,,,,,,,
2812,,,,,,,,,,,,,,,,,,,,,,,,,,,,,,,,,,,,,,,,,,,,,,,,,,,,,,,,,,,,,,,,,,,,,,,,,,,,,,,,,,,,,,,,,,,,,,,,,,,,
2813,,,,,,,,2,,18,,,,,,,,,,1,,,,,,,,,,,,,,,,,,,,,,,,,,,,,,,,,,,,,,,,,,,,,,,,,,,,,,,,,,,,,,,,2,,,,,,,,,,,,,,,,
2814,1,1,,,1,1,2,1,1,3,1,15,1,1,1,1,1,3,1,,1,2,,1,1,1,1,1,,1,2,1,,,1,3,6,,3,2,,5,,1,1,5,3,1,2,1,1,1,23,2,2,1,1,1,1,1,1,1,,2,1,,4,7,1,1,,,3,1,,,1,1,1,1,2,,1,2,1,1,1,1,1,1,3,1,,4,1,,1,2,,
2815,,,,,,,,,,,,,,,,,,,,,,,,,,,,,,,,,,,,,,,,,,,,,,,,,,,,,,,,,,,,,,,,,,,,,,,,,,,,,,,,,,,,,,,,,,,,,,,,,,,,
2816,,,,,,,,,,,,,,,,,,,,,,,,,,,,,,,,,,,,,,,,,,,,,,,,,,,,2,,,,,,,,,,,,,,,,,,,,,,,,,,,,,,,,,,,,,,,,,,,,,,,,
2817,,2,2,,,,,1,,,1,,,,,,,1,,,,1,,2,,4,,,,,,,,,,,3,,,,,1,2,2,,,,,1,1,,,,,1,,,,,,,,,,,,,,,,,2,,,,,,,,,,3,1,2,,,1,,1,,,3,1,,,,,4,,
2818,,,,,,,,,,,,,,,,,,,,4,,,,,,,,,,1,,,,,,,,,,,,,,,,,,,,,,,,,,,,,,,,,,,,,,,,,,,,,,,,,,,,,,,,,,,,,,,,,,,1,,,
2819,,,,,,,,,,,,,,,,,,,,,,,,,,,,,,,,,,,,,,,,,,,,,,,,,,,,,,,,,,,,,,1,,,,,,,,,2,,,,,,,,,,,,,,,,,,,,,,,,,,,,,
2820,,,,,,,,,,,,,,,,,,6,,2,,,,,,,,2,,,,,1,,,,,,,,,,,,,,,,,,,,,,,,,,,,,,,,,,,,,,,,,,,,,,,,,,,,,,,,,,,,,,,,,,,
2821,,,,,,,,,,,,,,,,,,,,,,,,,,,,,,,,,,,,3,,,,,,,,,,,,,,,,,,,,,,,,,,,,,,,,,,,,,,,,1,,,1,,,,,,,,,,,1,,,,,,,,,,
2822,,,,,,,,,,,,,,,,,,,,,,,,,,,,,,,,,,,,,,,,,,,,,,,,,,1,,,,,,4,,,,,,,,2,,,,,,,,,,,,,1,,,,,,,,,,,,,,,1,,,,,2,,,
2823,,,,,,,,,,,,1,,,,,,,,,,,,,,,,,,,,,,,,,,,,,,,,,,,,,,,,,,,,,,,,2,,,,,,,,,,,,,,,,,,,,,,,,,,,,,,,,,,,,,,,,
2824,,,1,,,,,,,,2,1,,2,,,,,,,,,,,,,2,,,4,,,,,,,,,,,,,,,,,,3,,,,,,,,,,,,,,,,,,,1,,,,,,,,,,,1,,,,,,,,,,,,,1,,,,,,,,,3
2825,,,,,,,,,,,,,,,,,,,,,,,,,,,,,,,,,,,,,,,,,,,,,,,,,,,,,,,,,,,,,,,,,,,,,,,,,,,,,1,,,,,,,,,,,,,,,,1,,,,,,,
2826,,,,,,,,,,,,,,,,,,,,,,,,2,,1,,,,1,,,,,,,,,,,,,,,,,,,,,,1,21,,,,,,,,,,12,,2,21,,,,,,,,,,,,,5,,,,,,,,,,,,,1,,,,,,,,1
2827,,,,,,,,,,,,,,,,,,,,,,,,,,,,,,,,,,,,,,,,,,,,,,,,,,,,,,,,,,,,,,,,,,,,,,,,,,,,,,,,,,,,,,,,,,,,,,,,,,,,
2828,,,,,,,,,,,,,,,,,,,,,,,,,,,,,,,,,,,,,,,,,,,,,,,,,,,,,,,,,,,,,,,,,,,,,,,,,,,,,,,,,,,,,,,,,,,,,,,,,,,,
2829,,,,,,,,,,,,,,,,,,,,,,,,,,,,,,,,,,,,,,,,,,,,,,,,1,,,1,,,,,,,,,,,,,,,,,,,,,,,,,,,,,,,,,,,,,,,,,,,,,,1,,,
2830,,,,,,,,,,,,,,,,,,,,,,,,,,,,,,,,,,,,,,,,,,,,,,,,,,,,,,,,,,,,,,,,,,,,,,,,,,2,,,,,,,,,,,,,,,,,,,,,,,,,,
2831,,,,,,,,,,,,,,,,,,,,,,,,,,,,,,,,,,,,,,,,,,,,,,,,1,,,,,,,,,,,,,,,,,,,,,1,,,,,,,,,,,,,,,,,,,,,,,,,,,,,,,
2832,,,,,,,,,,,,,,,,,,,,,,,,,,,,,,,,,,,,,,,,,,,,,,,,,,,,,,,,,,,,,,,,,,,,,,,,,,,,,,,,,,,,,,,,,,,,,,,,,,,,
2833,,,,,,,,,,,,,,,,,,,,,,,,,,,,,,,,,,,,,,,,,,,,,,,,,,,,,,,,,,,,,,,,,,,,,,,,,,,,,,,,,,,,,,,,,,,,,,,,,,,,
2834,,,,,,,,,,,,,,,,,10,,,,,,1,,,,,,,,,,,,1,,,,,3,,,,,,,,,,,,,,,,,,,,,,,,,,,,,,,1,,,,,,,,,1,,,,,,,,,,,,,,,,,,,,
2835,,,,,,,,,,,,,,,,,,,,,,,,,,,,,,,,,,,,,,,,,,,,,,,,,,,,,,,,,,,,,,,,,,,,,,,,,,,,,,,,,,,,,,,,,,,,,,,,,,,,
2836,,,,,,2,,,,,,,,,,,,,,,,,,,,,,,,,,,,,,,,,,,,,,,,,,,,,,,,,,,,,,,,,,,,,,,,,,,,,,,,,,,,,,,,,,,,,,,,,,,,22,,
2837,,,,,,,,,,,,,,,,,1,,,,,,,,,,,,,,,,,,,,,,,,,,,,,,,,,,,,,,,,,,,,,,,,,,,,,,,,,,,,,,,,,,1,,,,,,,,,,,,,,,,,
2838,5,,,,3,,2,1,29,4,,1,1,,3,2,,2,,2,2,,,1,,,1,,,,,1,,,,3,4,,4,2,,3,,1,,3,2,,,,4,4,23,2,2,1,1,2,,,3,2,,3,,,2,2,,2,,,3,,,,,,2,,2,,4,3,,,,,,3,1,3,,4,2,,,2,,
2839,,,,,,,,,,,,,,,,,,,,,,,,,,,,,,,,,,,,,,,,,,1,,,,,,,,,,,,,,,,,,,,,,,,,,,,,,,,,,,,,,,,,,,,,,,,,,,,,,,,,,
2840,,,,,,,,,,,,,,,,,,,,,,,,,,,,,,,,,,,,,,,,,,,,,,,,,,,,,,,,,,,,,,,,,,,,,,,1,,,,,,,,,,,,,,,,,,,,,,,,,,,,,
2841,,,,,,,,,,,,,,,,,,,,,,,,,,,,,,,,,,,,,,,,,,,,,,,,,,,,,,,,,,,,,,,,,,,,,,,,,,,,,,,,,,,,,,,,,,,,,,,,,,,,
2842,1,1,1,1,1,1,1,1,1,1,1,1,1,1,1,1,1,1,1,1,1,1,1,1,1,1,1,1,1,1,1,1,1,1,1,1,1,1,1,1,1,1,1,1,1,1,1,1,1,1,1,1,1,1,1,1,1,1,1,1,1,1,1,1,1,1,1,1,1,1,1,1,1,1,1,1,1,1,1,1,1,1,1,1,1,1,1,1,1,1,1,1,1,1,1,1,1,1,1,1
2843,,,,,,,,,,,,,,,,,,,,,,,,,,,,,,,,,,,,,,,,,,,,,,,,,,,,1,,,,,,,,,,,,,,,,,,,,,,,,,,,,,,,,,,,,,,,,,,,,,,,,
2844,,,,,,,,,,,,,,,,,,,,,,,,,,,,,,,,,,,,,,,,,,,,,,,,,,,,,,,,,,,,,,,,,,,,,,,,,,,,,,4,,,,,,,,,,,,,,,,,,,,,,
2845,,,,,,,,,,,,,,,,,,,,,,,,,,,,,,,,,,,,,,,,,,,,,,,,,,,,,,,,,,,,,,,,,,,,,,,,,1,,,,,,,,,,,,,,,,,,,,,,,,,,,
2846,,,,,,,,2,,,,,,,,,,,,,,,,,,,,,,,,,,,,,,,,,,,,,,,,,,,,,,,,,,,,,,,,,,,,,,,,,,,,,,,,,,,,1,,,,,,,,,,,,,,,,
2847,,,,,,,,,,,,1,,,,,,,,,,1,,,,,1,,,,,,,,,,,,,,,,,,,,,,,,,,,,,,,,,,,,,,,,,,,,,,,4,,,,,,,,,,,,,,,,,,,,,,,,,,
2848,,,,,,1,,,,,,,,,,,,,,,,,,,,,,,,,,,,,,,,,,,,,,,,,,,,,,,,,,,,,,,,,,,,,,,,,,,,,,,,,,,,,,,,,,,,,,,,,,,,,,
2849,,,,,,,,,,,,,,,,,,,,,,,,,,,,,,,,,,,,,,,,,,,,,,,,,,,,,,,,,,,,,,,,,,,,,,,,,,,,1,1,,,,,,,,,,,,,,,,,,,,,,,
2850,,,,,,,,,1,,,,,,,,,,,,,,,,,,,,,,,,,,,,,,,,,,,,,,,,,,,,,,,,,,,,,,,,,,,,,,,,,,,,,,,,,,,,,,,,,,,,,,,,,,,
2851,,,,,2,,,2,,1,,,,,,,,,,,,,,,,,,,,,,,,,,,,,,,,,,,,,,,,,,,,,,,,,,,,,,,,,,,,,,,,,,,,,,,,,,,,,,,,,,,,,,,,,,
2852,,,,,,,,,,,,,,,,1,,,,,,,,,,,,,,,,,,,,,,,,,,,,,,,,,,,,,,,,,,,,,,,,,,,,,,,,,,,,,,,,,,,,1,,,,,,,,,,,,,,,,
2853,,,,,,,,,,,,,,,,,,,,,,,,,,,,,,,,,,,,,,,,,,,,,,,,,,,,,,,,,,,,,,,,,,,,,,,,,,,,,,,,,,,,,,,,,,,,,,,,,,,,
2854,,,,,,,,,,,,,,,,,,,,,,,,,,,,,,,,,,,,,,,,,,,,,,,,,,,,,,,,,,,,,,,,,,,,,,,,,,,,,,,,,,,,,,,,,,,,,,,,,,,,
2855,,,,1,,,,1,,,,1,1,,,3,,,1,,,,,1,,,,,,1,,,,,1,,,,,,,2,1,1,,,,,,,,,,,,,,,,,,,,1,,1,,,1,,,,,,,,1,,,,1,1,,,,,,,,,,,,,,,,1,,
2856,,,,,,,,,,,,,,,,,,,,,,,,,,,,,,,,,,,,,,,,,,,,,,,,,,,,,,,,,,,,,,,,,,,,,,,1,,,,,1,,,,,,,,,,,,,,,,,,,,,,,,
2857,,1,6,2,,,1,,,,,,1,1,,,,1,,,,1,1,,,,1,1,1,,,,1,1,1,,1,,1,1,,,1,1,,1,,,,1,1,,,,1,,,1,4,,1,,,,1,1,,1,1,,1,1,1,,1,,1,1,1,,,1,,1,1,1,1,,1,1,1,,1,,,3,1,,1,2
2858,,,,,,,,,,,,,,,,,,,,,,,,,,,,,1,,,,,,,,,,,,,,,,,,,,,1,,,,,,,,,,,,,,,,,,,,,,,,,,,,,2,,,,,,,2,,,,,,,,,,,,,,
2859,,,,,1,,,,,,,,,,,,,,,,,,,,,,,,,,,,,,,,,,,,,,,,,,,,,,,,,,,,,,,,,,,,,,,,,,,,,,,,,,,,,,,,,,,,,,,,3,,,,,,,
2860,1,,1,,,1,,,1,,,,,1,,,,,1,,,,1,1,1,,1,,,1,1,,,,1,,1,,1,,,,,,,1,1,,1,,1,1,,,,,,,1,,,,,3,,,1,,1,,1,,,1,,1,,,,,,1,,,1,,1,,,,,,1,1,,,,,1,
2861,,,3,,,,,,,,1,,,,,,,,,3,,5,,,,,,4,,,,,,2,,,,,,,,,7,,,,1,,,,,,,,3,,,,1,,7,,,1,,,,,,,,7,,,,,,2,,,,,,,,,,,,,,,4,,,5,,,,
2862,,,,,,,,,,,,,,,,,,,,,,,,,1,,,,,,,,,,,,,,,,,,,,,,,,,,,,,,,,,,,,,,,,,,,,,,,,,,,,,,,,,,,,,,,,,,,,,,,,,,,
2863,,,,,,,,,2,,,,,,,,,,,,,,,,,,,,,,,,,,,,,,,,,,,,,,,,,,,,,,,,,,,,,,,,,,,,,,,,,,,,,,,,,,,,,,,,,,,,,,,,,,,
2864,,,,,,,,,,,,,,,,,,,,,,,,,,,,,,,,,,,,1,,,,,,,,,,,,,,,,,,,,,,,,,,,,,,,,,,,,,,,,,,,,,,,,,,,,,,,,,,,,,,,,
2865,,,,,,,,,,,,,,,,,1,,,,,,,,,,,,,,,,,,,,,,,,,,,,,,,,,,,,,,,,,,,,,,,,,,,,,,,,,,,,,,,,,,,1,,,,,,,,,,,,,,,,
2866,,,,,,,,,,,,,,,,,,,,,,,,,,,,,,,,,,,,,,,,,,,,,,,,,,,,,,,2,,,,,,,,,,,,,,,,,,,,,,,,,,,,,,,,,,,,,,,,,,,,,
2867,,,,,,,,,,,,,,,,,,,,,,,,,,,,,,,,,,,,,,,,,,,,,,,,,,,,,,,,,,,,,,,,,,,,,,,,,,,,,,,,,,,,,,,,,,,,,,,,,,,,
2868,,,,,,,,,,,,,,,,,,,,,,,,,,,,,,,,,,,,,,,,,,,,,,,,,,,,,,,,,,,,,,,,,,,,,,,,,,,,,,,,,,,,,,,,,,,,,,,,,,,,
2869,,,,,,,,,,,,,,,,,,,,,,,,,,,,,,,,,,,,,,,,,,,,,,,,,,,,,,,,,,,,,,,,,,,,,,,,,,,,,,,,,,,,,,,,,,,,,,,,,,,,
2870,,,,,,,,,,,,,,,,,,,,,,,,,,,,,,,,,,,,1,,,,,,,,,,,,,,,,,,,,,,,,1,,1,,,,,,,,,,,,,,,,,,,,,,,,,,,,,,,,,,,,,,
2871,,,,,,,,,,,,,,,,,,,,,,,,,,,,,,,,,,,,,,,,,,,,,,,,,,,,,,,,,,,,,,,,,,,,,,,,,,,,,,,,,,,,,,,,,,,,,,,,,,,,
2872,,,,,,,,,,,,,,,,,,,,,,,,,,,,,,,,,,,,,,,,,,,,,,,,,,,,,,,,,,,,,,,,,,,,,,,,,,,,,,,,,,,,,,1,,,,,,,,,,,,,,
2873,,,,,,,,,,,,,,,,,,,,,,,,,,,,,,,,,,,,,,,,,,,,,,,,,,,,,,,,,,,,,,,,,,,,,,,,,,,,,,,,,,,,,,,,,,,,,,,,,,,,
2874,,,,,,,,,,,,,,,,,,,,,,,,,,,,,,,,,,,,,,,,,,,,,,,,,,,,,,,,,,,,,,,,,,,,,,,,,,,,,,,,,,,,,,,,,,,,,,,,,,,,
2875,,,,,,,,,,,,,,,,,,,,,,,,,,,,,,,,,,,,,,,,,,,,,,,,,,,,,,,,,,,,,,,,,,,,,,,,,,,,,,,,,,,,,,,,,,,,1,,,,,,,,
2876,,,,,,,,,,,,,,,,,,,,,,,,,,,,,,,,,1,,,,,,,,,,,,,,,,,,,,,,,,,,,,,,,,,,,,,,,,,,,,,,,,,,,,,,,,1,,,,,,1,,,,,
2877,,,,,,,,,,,,,,,,,,,,,,,,,,,,,,,,,,,,,,,,,,,,,,,,,,,,,,,,,,,,,,,,,,,,,,,,,,,,,,,,,,,,,,,,,,,,,,,,,,,,
2878,1,,,,,,,,,,,,,,,,,,,,,,1,,,,,,,,,,,,,,,,,,,,,,,,,,,1,,,,,,,,,,,,,,,,,,,,,1,,,,,,,,,,,,,,,,,,,,,,,,,,,,,
2879,,,,,,,,,,,,,,,,,11,,,,,,,,,,,,,,,,,,,,,,,1,,,,,,,,,,,,,,,,,,,,,,,,,,,,,,,,,,,,,,,,,,,,,,,,2,,,,,,,,,,,,
2880,,,,,,,,,,,,,,,,,,,,,,,,,,,,,,,,,,,,,,,,,,,,,,,,,,,,,,,,,,,,,,,,,,,,,,,,,,,,,,,,,,,,,,,,,,,,,,,,,,,,
2881,,,,,,,,,,,,,,,,,,,,,,,,,,,,,,,,,,,,,,,,,,,,,,,,,,,,,,,,,,,,,,,,,,,,,,,,,,,,,,,,,,,,,,,,,,,,,,,,,,,,
2882,,,,,,,,,,1,1,,,,,1,,,,,,1,,,,,,,,,,,,,,,,,,,,,,,,,,1,,,,,,,,,,,,,,,,,,,,,,,,,,,,,,,,,,,,,,,,,,,,2,,,,,,,,
2883,,,,,1,,,,,,,,,,,,,,,,,,,,,29,,,,,,,,,,,,,,,,,,,,,,,,,,,22,,,,,,,,,,,,,,,,,,,,,,,,,26,,,,,,,,,,,,,,,,,,,,,,
2884,,,1,,,,,,,,,,,,,,,,,,,,,,,,,,,,1,,,,,,,,1,,,,,,,,,3,,,,,,,,1,,,1,,,,,,,,,,,,1,,,,,,,1,,,,,,,,,,,,,,,,2,,2,,,,
2885,1,,1,4,1,,3,4,28,1,,13,2,,3,3,,1,2,,,3,,1,,1,,3,,,,,,,,1,6,,1,2,,1,1,2,,3,21,,30,,2,1,2,4,2,,,,3,,2,,,1,,,4,4,,,,1,1,2,,,,2,1,,2,,,3,,,1,,,3,4,5,,4,4,19,1,1,,
2886,,,,,,,,,,,1,,2,,,,,,,,,,,,,1,,,,,,,,2,,1,,,,,,,,,,5,,,4,,,,,,,6,,,5,,,,,3,,,,,,,,,6,,,,,,,,2,,,,,,2,1,,,1,,,,,,,,,
2887,,,,,,,,,,,,,,,,,,,,,,,,,,,,,,,,,,,,,,,,,,,,,,,,,,,,,,,,,,,,,,,,,,,,,,,,,,,,,,,,,,,,,,,,,,,,,,,,,,,,
2888,,,,,,,,,,,,,,,,,,,,,,,,,,,,,,,,,,,,,,,,,,,,,,,,,,,,,,,,,,,,,,,,,,,,,,,,,,,,,,,,,,,,,,,,,,,,,,,,,,,,
2889,,,,,,,,,,,,,,,,,9,,,,,,,,,1,,,,,,,,,,,,,,,,,,,,,,,,,,,,,,,,,,,,,,,,,,,,,,,,,,,,,3,,,,,,,,,,,,,,1,,,,,,,
2890,,,,,,,,,,,,,,,,,,,,,,,,,,,,,,,,,,,,,,,,,,,,,,,,,,,,,,,,,,,,,,,,,,,,,,,,,,,,,,,,,,,,,,,,,,,,,,,,,,,,
2891,,,,,,,,,,,,,,,,,,,,,,,,,,,,,,,,,,,,,,,,,,,,,,,,,,,,,,,,,,,,,,,,,,,,,,,,,,,,,,,,,,,,,,,,,,,,,,,,,,,,
2892,,,,,,,,,,,,,,,,,,,,,,,,,,,,,,,,,,,,,,,,,,1,,,,,,,,,,,,,,,,,,,,,,,,,,,,2,,,,,,,,,,,,,,,,,,,,,,,,,,,,,,
2893,,1,,,,,,,,,,,,,,,,,,4,,,,1,,,,,,,,,,,,,,,,,,1,,2,,,3,,,1,,,,3,,,1,,,,1,,,,,,,,,,,,,,,,,,,,,,,,,,,,,1,,,,,,,,21,,
2894,,,,,,,,,,,,,,2,,,,4,,,,,,,,1,,,,,,,,,,,,,,,,,,,,,,,,,,,,,,,,,,,,,,,,,,,,,,1,,,,,,,,,,,,,,,,,,,,,,,,,,,,
2895,,,,,,,,,,,,,,,,2,,,,,,,,,,,,,,,,,,,,,,,,,,,,,,,,,,,,,,,,,,,1,,,,,,,,,,,,,,,,,,,,1,,,,,,,1,,,,,,,2,,,,,,,
2896,,,,,,,,,,,,,,,,,,,,,,,,,,,,,,,,,,,,,,,,,,,,,,,,,,,,,,,,,,,,,,,,,,,,,,,,,,,,,,,,,,,,,,,,,,,,,,,,,,,,
2897,,,,,,,,,,,,,,,,,,,,,,,,,,,,,,,,,,,,,,,,,,,,,,,,,,,,,,,,,,,,,,,,,,,,,,,,,,,,,,,,,,,,,,,,,,,,,,,,,,,,
2898,,,,,,1,,,,,,,,,,,,,,,,,,,,,,,,,,,,,,,,1,,,,,,,,,,,,,,,1,,,,,,,,,,,1,,,,,,,,,,,,,,,1,,,,,,,,,,,,,,,,,,,,,
2899,,,,2,,,,,5,,,,1,1,,,,,,,,,,,,,,,,,,,,,,,,,2,,,,1,,,,,,,,,,,,,,,,,,,,,,,1,,,,,,,,,1,,,,,,,,,,,,,,,,1,,,,,,,1,,
2900,,,,,1,,,,,,,,,,,,,,,,,,,,,,,3,,,,,,,,,,,,,,,,,,,,,,,,1,,,,,,,,,,,,,,,,,,,,,,,,,,,,,,,,,,,,,,,,,,,,,,,,
2901,,,,,,,,,,,,,,,,,,,,,,,,,,,,,,,,,,,,,,,,,,,,,,,,,,,,,,,,,,,,,,,,,,,,,,1,,,,,,,,,,,,,,,,,,,,,,,,,,,,,,
2902,,,,,,2,,,6,,,,1,,,,,,,,5,,2,,1,,,2,,,1,,,,,1,5,,,,,,,1,,,,,1,,,,,,,,,3,,,2,6,,,,,,,,,,,,2,,,,,5,,,,,,,,,,,,1,,1,,5,,,,,
2903,,,,,,,,,,,,,1,,,,,,,2,,,22,,,,,,,1,,,,,,,,,,,,,,24,,,,,,,1,1,,,,4,,,,,,,,,,,,,,,,,1,,,,,,,1,,,,,,,,,,,,,,,,,2,,,
2904,,,,,,,,,,,,,,,,,,,,,,,,,,,,,,,,,,,,,,,,,,,,,,,,,,,,,,,,,,,,,,,,,,,,,,,,,,,,,,,,,,,,,,,,,,,,,,,,,,,,
2905,,,,,,,,,,,,,,,,,,,,,,,,,,,,,,,,,,,,,,,,,,,,,,,,,,,,,,,,,,,,,,,,,,,,,,,,,,,,,,,,,,,,,,,,,,,,,,,,,,,,
2906,,,,,,,,,,,,,,,,,,,,,,,,,,,,,,,,,,,,,,,,,,,,,,,,,,,,,,,,,,,,,,,,,,,,,,,,,,,,,,,,,,,,,,,,,,,,,,,,,,,,
2907,,,,,,,,,,,,,,,,,,,,,,,,,,,,,,,,,,,,,,,,,,,,,,,,,,,,,,,,,,,,,,,,,,,,,,,,,,,,,,,,,,,,,,,,,,,,,,,,,,,,
2908,,,,,,,,,,,,,,,,,,,,,,,,,,,,,,,,,,,,,,,,,,,,,,,,,,,,,,,,,,,,,,,,,,,,,,,,,,,,,,,,,,,,,,,,,,,,,,,,,,,,
2909,,,,,,,,,,,,,,,,,,,,,,,,,,,,,,,,,,,,,,,,,,,,,,,,,,,,,,,,,,,,,,,,,,,,,,,,,,,,,,,,,,,,,,,,,,,,,,,,,,,,
2910,,,,,,,,,,,,,,,,,,,,,,,,,,,,,,,,,,,,,,,,,,,,,,,,,,,,,,,,,1,,,,,,,,,,,,,,,,,,,,,,,,,,,,,,,,,,,,,,,,,,,
2911,,,,,,,,,,,,,,,,,,,,,,,,,,,,,,,,,,,,,,,,,,,,,,,,,,,,,,,,,,,,,,,,,,,,,,,,,,,,,,,,,,,,,,,,,,,,,,,,,,,,
2912,,,,,,,,,,,,,,,,,,,,,,,,,,,,,,,,,,,,,,,,,,,,,,,,,,,,,,,,,,,,,,,,,,,,,,,,,,,,,,,,,,,,,,,,,,,,,,,,,,,,
2913,,,,,,,,,,,,,,,,,,,,,,,,,,,,,,,,,,,,,,,,,,,,,,,,,,,,,,,,,,,,,,,,,,,,,,,,,,,,,,,,,,,,,,,,,,,,,,,,,,,,
2914,,,,,,,,,,,,,,,,,,,,,2,,,,,,,,,,,,,,,,,,1,,,,,,,,,,,,,,,,,,,,,,,,,,,,,,,,,,,,,,,,,,,,,,,,,,,,,,,,,,,,,
2915,,,,,,,,,,1,,,,,,,,,,,,,,,,,,,,,,,,,,,,,,,,,,,,,,,,,,,,,,,,,,,,,,,,,,,,,,,,,,,,,,,,,,,,,,,,,,,,,,,,,,
2916,,,,,,,,,,,,,,,,,,,,,,,,,,,,,,,,,,,,,,,,,,2,,,,,,,,,,,,,,,,,,,,,,,,,,,,,,,,,,,,,,,,,,,,,,,,,,,,,,,,,,
2917,,,,,,,,,,,,,,,,,,,,,,,,,,1,,,,,,,,,,,,,,,,,,,,,,,,,,,,,,,,,1,,,,,,,,,,,,,,,,,,,,,,,,,,,,,,,,,1,,,,,,,,
2918,,,,,,,,,,,,,,,,,,,,,,,,,,,,,,,,,,,,,,,,,,,,,,,,1,,,,,,,,,,,,,,,,,,,,,,,,,,,,,,,,,,,1,,,,,,,,,,,,,,,,,
2919,,,,,,,,,,,,,,,,,,,,,,,,,,,,,,,,,,,,,,,,,,,,,,,,,,,,,,,,,,,,,,,,,,,,,,,,,,,,,,,,,,,,,,,,,,,,,,,,,,,,
2920,,,,,,,,,,,,,,,,,,,,,,,,,,,,,,,,,,,,,,,,,,,,,,,,,,,,,,,,,,,,,,,,,,,,,,,,,,,,,,,,,,,,,,,,,,,,,,,,,,,,
2921,,,,,,,,,,,,,,,,,,,,,,,,,,,,,,,,,,,,,,,,,,,,,,,,,,,,,,,,,,,,,,,,,,,,,,,,,,,,,,,,,,,,,,,,,,,,,,,,,,,,
2922,,1,1,1,1,1,1,,1,,,,,,,,1,,1,,1,,,3,1,,,,1,,,,1,,,,,,1,1,,,,,1,7,,,,,,2,,1,1,,,,,,1,1,1,1,,2,1,,,,,,,,2,1,,1,,,1,,2,1,1,,,,,,,1,,,,,,,,
2923,,,,,,,,,,,,,,,,,,,,,,3,,,,,,,,,,,,,,,,,,,,,,,,,,,,,,,,,,,,,,,,,,,,,,,,,,,,,,,,,,,,,,,,1,,,,,,,,,,1,,,,
2924,,,,,,,,,,,,,1,,,,,,,,,,,,,,,,,,,,,,,,,,,,,,,,,,,,,,,,,,,,1,,,,,,,,,,,,,,,,,,,,,,1,,,,,,,,,,,,,,,,,,,,,
2925,,,,,,,,,,,,,,,,,,,,,,,,,,,,,,,,,,,,,,,,,,,,,,,,,,,,,,,,,,,,,,,,,,,,,,,,,,,,,,,,,,,,,,,,,,,,,,,,,,,,
2926,,,,,,,,,,,,,,,,,,,,,,,,,,,1,,,,,,,,,,,,,,,,,,,,,,,,,,,,,,,,,,,,,,,,6,,,,,,,,,,,,,3,,,,,,,2,,1,,,,,,,,,,,5
2927,,,,,,,,,,,,,,,,,,,,,,,,,,,,,,,,,,,,,,,,,,,,,,,,,,,,,,,,,,,,,,,,,,,,,,,,,,,,,,,,,,,,,,,,,,,,,,,,,,,,
2928,,,,,,,,,,,,,,,,,,,,,,,,,,,,,,,,,,,,,,,,,,,,,,,,,,,,,,,,,,,,,,,,,,,,,,,,,,,,,,,,,,,,,,,,,,,,,,,,,,,,
2929,,,,,,,,,,,,,,,,,,,,,,,,,,,,,,,,,,,,,,,,,,,,,,,,,,,,,,,,,,,,,,,,,,,,,,,,,,,,,,,,,,,,,,,,,,,,,,,,,2,,,
2930,,,,,,3,,,3,,,,1,,,1,,3,,1,2,,3,,,,,5,,,4,,,,,,3,,,,,,,3,,,,,,,,,,,,,,3,,,1,5,,,,,,,,,2,,,3,,1,,,1,,,,,,,,,,,,,,,,3,,,,,
2931,,,,,,,,,,,,,,,,,,,,,,,,,,,,,,,,,,,,,,,,,,,,,,,,,,,,,,,,,,,,,,,,,,,,,,,,,,,,,,,,,,,,,,,,,,,,,,,,,,,,
2932,,,,,,,,1,,,,,,,,,,,,,,2,,,,,,,,,,,,,,,,,,,,,,,,,,,,,,,,,,,,,,,,,,,,,,,,,,,,,,,,,,,2,,,,,,,,,,,,,,,,,,,
2933,,,,,,,,,1,,6,,,1,,,,,,,,,,,,,,,,,,,,,,,,,,,,,,,,2,,,,,,,,,,,,,4,,,,,,,,,,,,,,,,,1,,,,,,,,,,,,,,,,,,,,,,,,
2934,,,,,,,,,,,,,,,,,,,,,,,,,,,4,,,,,,,,,,,,,,,,,,,,,5,,,,,,,,,,,,,,,,,,,,,,,,,,,,,,2,,,,,,,,,,,,,,,,,,,,,,
2935,,,,,,,,,,,,,,,,,,,,,,,,,,,,,,,,,,,,1,,,,,,,,,,1,,,,,,,,,,,,,,,,,,,,,,,,,,,,,,,,,,,,,,,,,,,,,,,3,,,1,,,,
2936,,,,,,,,,,,,,,,,,,,,,,,,,,,,,,,,,1,,,,,,,,,,,,,,,,,,,,,,,,,,,,,,,,,,,,,,,,,,,,,,,1,,,,,,,,,,,,3,,,,,,,,
2937,,,1,,,,,,,,,,,,,,,,,,,,,,,,,,,,,,,,,,,,,,,,,,,,,,,,,,,,,,,,,1,,,,,,,,,,,,,,,,,,,,,,,,,,,2,,,,,,,,,,,,,
2938,,,,,,,,,,,,,,,,,,,,,,,,,,,,,,,,,,,,,,,,,,,,,,,,,,,,,,,,,,,,,,,,,,,,,,,,,,,,,,,,,,,,,,,,,,,,,,,,,,,,
2939,,,,,,,,,,,,,,,,,,,,,,,,,,,,,,,,,,,,,,,,,,,,,,,,,,,,,,,,,,,,,,,,,,,,,,,,,,,,,,,,,,,,,,,,,,,,,,,,,,,,
2940,,,,,,,,,,,,,,,,,,,,,,,,,,,,,,,,,,,,,,,,,,,,,,,,,,,,,,,,,,,,,,,,,,,,,,,,,1,,,,,,,,,,,,,,,,,,,,,,,,,,,
2941,,,,,,,,,,1,,,,,21,2,,,,,,,,,,,,,,,,,,,,,,,,,,1,,,,,,,,,,,1,,,,,,,,,,1,1,,,,,,,,,,,,,,,,,,2,,,,,,,,,,,,,,,3,,,
2942,,,,,1,,,1,,,,,,,,,,,,,,,,1,,,,,,,,,,,,1,,,,,,,1,,,,,,,,,,,,,,,1,,,,,,,,,,,,,,,,,,,,,,,,,,,,,,,,,,,,,,,,,,
2943,,,,,,,,,,,,,,,,,,,,,,,,,,,,,,,,,,,,,,,,,,,,,,,,,,,,,,,,,,,,,,,,,,,,,,,,,,,,,,,,,,,,,1,,,,,,,,,,,,,,,
2944,,1,,,,,,,,,,,,,,,,,,,,,,,,,,,,,,,,,,,,,,,,,,,,,,,,,,,,,,,,,,,,,,,,,,,,,,,,,,,,,,,,,,,,,,,,,,,,,,,,,,
2945,,,,,,,,,,,,,,,,,,,,,,,,,,,,,,,2,,,,,,,,,,,,,,,,,,,,,,,,,,2,,,,,,,,,,,,,,,,,,,,,,,,,,2,,,,,,,,,,,,,,,,,
2946,,,,,,,,,,,,,,,,,,,,,,,,,,,,,,,,,,,,,,,,,,,,,,,,,,,,,,,,,,,,,,,,,,,,,,,,,,,,,,,,,,,,,,,,,5,,,,,2,,,,,,
2947,,,,,,,,,,,,,,,,,,,,,,,,,,,,,,,,,,,,,,,,,,,,,,,,,,,,,,,,,,,,,,,1,,,,,,,,,,,,,,1,,,,,,,,,,,,,,,,,,,,,,,
2948,,,,,,,,,,,,,,,,,,,,,,,,,,,,,,,,,,,,,,,,,,,,,,,,,,,,,,,,,,,,,,,,,,,,,,,,,,,,,,,,,,,,,,,,,,,1,,,,,,,,,
2949,,,,,,,,,,,5,,,,,,,,,,,,,,,,,,,,,,,,,,,,,,,,,,,5,,,6,,,,,,,,,,3,,,,,,,,,,,,,,5,,,,,,,,5,,,,,,,,,,,,,,,,,3,,
2950,,,,,,,,,,,,,,,,,,,,,,,,,,,,,,,,,,,,,,,,,,,,,,,,,,,,,,,,,,,,,,,,,,,,,,,,,,,,,,,,,,,,,,,,,,,,,,,,,,,2,
2951,,,,,,,,,,,,,,,,,,,,,,,,,,,,,,,,,,,,,,,,,,,,,,,,,,,,,,,,,,,,,,,,,,,,,,,,,,,,,,,,,,,,,,4,,,,,,,,,,,,,,
2952,1,,1,1,,,1,,5,1,2,,,,1,,,,,,,,1,,1,,1,,,,,,,,1,,,,,,,,,,1,,,,,,,,,1,1,,,1,,,1,,,3,,,,,,,,,,,1,1,,,,,1,,1,,1,1,1,1,4,,1,,,3,1,1,,1,,1
2953,,,,,,,,,,,,,,,,,,,,,,,,,,,,,,,,,,,,,,,,,,,,,,,,,,,,,,,,,,,,,,,,,,,,,,,,,,,,,,,,,,,1,,,,,,,,,,,,,,,,,
2954,,,,,,,,,,,,,,,,,,,,,,,,,,,,,,,,,,,,,,,,,,,,,,,,,,,,,,,,,,,,,,,,,,,,,,,,,,,,,,,,,,,,,1,,,,,,,,,,,,,,,
2955,,,,,,,,,,,,,,,,,,,,,,,,,,,,,,,,,,,,,,,,,,,,,,,,,,,,,,,,,,,,,,,,,,,,,,,,,,,,,,,,,,,,,,,,,,,,,,,,,,,,
2956,,,,,,,,,,,,,,,,,,,,,,,,,,,,,,,,,,,,,,,,,,,,,,,,,,,,,,,,,,,,,,,,,,,,,,,,,,,,,,,,,,,,,,,,,,,,,,,,,,,,
2957,,,,,,,,,,,,,,,,,1,,,,,,,,,,1,,1,,,,1,,,1,,,,,,,,,3,,,,,,,,,,,,,,,,,,,,,,,,,,,,,,,,1,,,,,,,,,,,,,,,,,,,,,,,
2958,,,,,,,,,,,,,,,,,,,,,,,,,,,,,,,,,,,,,,1,,,,,,2,,,,,,,,,,,,,,,,,,,,,,,2,,,,,,,,,,,,,,,,,,,,,,,,,,,,,,,,,
2959,,,,,,,,,,,,,,,,,5,,,,,,,,,,,,,,,,,,,,,,,,,,,,,,,,,,,,,,,,,,,,,,,,,,,,,,,,,,,,,,,,,,,,,,,,,,,,,,,,,,,
2960,,,,,,,,,,,,,,,,,,1,,,,,,,,,,,,,,,,,,,,,,,,,,,,,,,,,,,,,,,,,,,,,,,,,,,,,1,,,,,,,,,,,,,,,,,,,,,,,,,,,,,
2961,,,,,,,,,,,,,,,,,,,,,,,,,,,,,,1,,,,,,,,,,,,,,,,,,1,,,,,,,,,,2,,,,,,,,,,,,,,,,,,,,,,2,,,,,,,,,,,,,,,,,,,,
2962,,,,,,,,,,,1,,,,,,,7,,,,,,,,,3,,,3,,,,,,,,,,,,,,,,,,4,,,,,,,,,,,,,,,,,,,,,,,,,,,,,,,,,,,,,,,,,,,,,,,,,,,,
2963,,1,,,1,,1,,1,,,1,,,,,,,,,,,,,,,,2,1,,,,1,,,,,,,,,,,,,,,,,,,,,,,,1,,2,,,,,,,,,1,,,,,,,,,,,,,,,,,1,,,1,,,,,,,,,1,,,
2964,,1,,,,,,,,,,,,,,,,,,,,,,,,,,,,12,,,,,,,,,,,,,,,,,,,,,,,,,,,,,,,1,,,,,,,,,1,,,,,,,,,,,,,,,,,,,,,,,,,,,,,,
2965,,,,,,,,,,,,,,,,,,,,,,,,,,,,1,,,,,,,,,,,,,1,,,,,,,,,,,,,,,,,,,,,,,,,,,,,,,,,,,,,,,,,,,,,,,,,,,,,,,,,,,
2966,,,,,,,,,,,,,,,,,,,,,,,,,,,,,,,,,,,,,,,,,,,,,,,,,,,,,,,,,,,,,,,,,,,,,,,,,,,,,,,,,,,,,,,,,,,,,,,,,,,,
2967,,,,,,,,,,,,,,,,,,,,,,,,,,,,,,,,,,,,,,,,,,,,,,,,,,,,,,,,,,,,,,,,,,,,,,,,,,,,,,,,,,,,1,,,,1,,,,,,,,,,,,
2968,,16,,,,,,,,20,,,,,,,,,15,,,,,,,,14,,,,,,26,,,,,,,,,,,,,,,,,,,,,,,,,,,,,,,,,,,,,,,,,,,,,,,,,,,,,,,,,,,,,,,,,,,
2969,,,,,,,,,,,,,,,,,,,,,,,,,,,,,,,,,,,,,,,,,,,,,,,,,,,,,,,,,,,,,,,,,,,,,,,,,,,,,,,,,,,,,,,,,,,,,,,,,,,,
2970,,,,,,,,,,,,,,,,,,,1,,,,,,,,,,,,,,,,1,,,,,,,,,,,,,,,,,,,,,,,,,,,,,,,,,,,,,,,,,,,,,,,,,,,,,,,,,,,,,,,,,
2971,,,,,,1,,3,,1,,11,1,,,,,,,2,,,,17,1,24,,,,,,,,,5,,,,8,,,1,1,,,,,,1,,1,2,,,,,,,,,,,14,,,23,,1,,,1,,,,1,,,24,1,,,,,1,1,,,,,,,1,,,,,,,1,
2972,,,,,,,,,,,,,,,,,10,,,,,,,,,,,,,,,,,,2,,,,,,,,,,,,,,,,,,,,,,,,,,,,,,,,,,,,1,,,,,,,,,,,,,,,,,,,,,,,,,,,,,
2973,,,,,,,,,,,,,,,,,,,,,,,,,,,,,,,,,,,,,,,,,,,,,,,,,,,,,,,,,,,,,,,,,,,,,,,,,,,,,,,,,,,,,,,1,,,,,,,,,,,,,
2974,,,,,,,,,,,,,,,,,,,,,,,,,,,,,,,,,,,,,,,,,,,,,,,,,,,,,,,,,,,,,,,,,,,,,,,,,,,,,,,,,,,,,,,,,,,,,,,,,,,,
2975,,,6,,,,,1,,1,,,,,,,1,,,4,,2,2,2,,,,6,,,1,1,,,,,,,,,,,,,,,4,2,,,,,2,,,2,,,1,,6,,1,,1,,,,,,,1,,,1,,,2,,,,,,1,,,,1,,,1,,,1,1,7,1,,,
2976,,,,,,,,,,,,,,,,,,,,,,,,,,,,,,,,,,,,,,,,,,,,,,,,,,,,,,,,,,,,,,,,,,,,,,,,,,,,,,,,,,,,,1,,,,,,,,,,,,,,,
2977,,,,,,,,,,,,,,,,,,,,,,,,,,,,,,,,,,,,,,,,,,,,,,,,,,,,,,,,,,,,,,,,,,,,,,,,,,,,,,,,,,,1,,,,,,,,,,,,1,,,,,
2978,,,,,,,,,,,,,,,,,,,,,,,,,,,,,,,,,,,,,,,,,,,,,,2,,,,,,,,,,,,,,,,,,,,,,,,,,,,,,,,,,,,,,,,,,,2,,3,,,,,3,,,,
2979,,,,,,,,2,,,,,,,,,,,,,,,,,,,,,,,,,,,,,,,,,,,,,,,,,,,,19,,,,,,,,,,,,,,,,,,,,,,,,,,,,,,2,,,,,,,,,,,,,,,,,,
2980,,,,,,,,,1,,,1,,1,,,,,,,,,,,,,,,,,,,,,1,,,,,,,,,,1,,,,,,,,,,,1,,,,,,,,,,1,,,,,,2,,,,,,,,,1,,,,,,,,,,,,,,,,,,,
2981,,,,,,,,,,,,,,,,,,,,,,,,,,,,,,,,,,,,,,,,,,,,,,,,,2,,,,,,,,,,,,,,,,,,,,,,,,,,,,,,,,,,,,,,,,,,,,,,,,,,,
2982,,,,,,,,,,,,,,,,,7,,,,,1,,,,,,,,,,,,,,,,,,,,,,,,,,,,,,,,,,,,,,,,,,,,,,,,,,,,,,,,,,,,,,,,,,,,,,,,,,,,,,
2983,,,,,,,,,,,,,,,,,,,,,,,,,,,,,,,,,,,,,,,,,,,,,,,,,4,,,,,,,2,,,,,,,,,,1,,,,,,,,,,,,,,,,,,,,,,,,,,,,,,,,,,
2984,,,,,,,,,,,,,,,,,,,,,,,,,,,,,,,,,,,,,,,,,,,,,,,,,,,,,,,,,,,,,,,,,,,,,,,,,,,,,,,,,,,,,,,,,,,,,,,,,,,,
2985,,,,,,,,,,,,,,,,,,,,,,,,,,,,,,,,,,,,,,,,,,,,,,,,,,,,,,,,,,,,,,,,,,,,,,,,,,,,,,,,,,,,,,,,,1,,,,,,,,,,,
2986,,,,,,,,,,,,,,,,,,,,1,,,,,,,,,,,,,,,,,,,,,,,,,,,,,,,,,,,,,,,,,,,,,,,,,,,,,,,,,,,,,,,,,,,,,,,,,,,,,,,,
2987,,,,,,,,,,,,,,,,,,,,,,,,,,,,,,,,,,,,,,,,,,,,,,,,,,,,,,,,,,,,,,,,,,,,,,,,,,,,,,,,,,,,,,,,,2,,,,,,,,,,,
2988,,,,,,,,,,,,,,,,,,,,,,,,,,,,,,,,,,,,,,,,,,,,,,,,,,,,,,,,,,,,,,,,,,,,,,,,,,,,,,,,,,,,,,,,,,,,,,,,,,,,
2989,,,,,,,,,,,,,,,,,,,,1,,,,,,,,,,,,,,,,,,,,,,,,,,,,,,,,,,,,,,,,,,,,,,,,,,,,,,,,1,,,,,,,,,,,,,,,,,,,,,,,,
2990,,,,,,,,,,,,,,,,,,,,,,,,,,,,,,,,,,,,,,,1,,,,,,,,,,,,,,,,,,,,,,,,,,,,,,,,,,,,,,,,,,,,,,,,,,,,,,,,,,,,,
2991,,,,,,,,,,,,,,,,,,,,,,,,,,,,,,,,,,,,,,,,,,,,,,,,,,,,,,,,,,,,,,,,,,,,,,,,,,,,,,,,,,,,,,,,,,,,,,,,,,,,
2992,,,,,,,,,,,,,,,,,,,,,,,,,,,,,,,,,,,,,,,,,,,,,,,,,,,,,,,,,,,,,,,,,,,,,,,,,,,,,,,,,,,,,,,,,,,,,,,,,,,,
2993,,,,,,,,,,,,,,,,,,,,,,,,,,,,,,,,,,,,,,,,,,,,,,,,,,,,,,,,,,,,,,,,,,,,,,,,,,,,,,,,,,,,,,,,,,,,,,,,,,,,
2994,,1,,,,,,,,,,,,,,,,,,,,,,,,,,,,,,,,,,,,,,,,,,,,,,,,1,,,,,,,,,,,,,,,,,,,,,,,,,,,,,,,,,,,,,,,,,,,,,,,,,,
2995,,,,,,,,,,,,,,,,,,,,,,,,,,,,,,,,,,,,,,,,,,,,,,,,,,,,,,,,,,,,,1,,,,,,,,,1,,,,,,,,,,,,,,,,,,,,,,,,,,,,,,
2996,,,,,,,,,,,,,,,,,,,,,,,,,,,,,,,,,,,,,,,,,,,,,,,,,,,,,,,,,,,,,,,,,,,,,,,,,,,,,,,,,,,,,,,,,,,,,,,,,,,,
2997,,,,,,,,,,,,,1,,,,,,,,,,,,,,,,,,,,,,,2,,,,,,,,,,1,,,6,,,,,,,,,,,,,,,,,,,,,,,,,,,,,,,,,,,,,,,,,,,,,,,,,,,
2998,,,,1,,1,,1,,,,,,1,,1,1,,,,,1,,,,,,,,,,,2,,,1,,,1,,,1,2,1,,1,,1,,1,,1,,,,,,,,,1,1,,,,1,,,,,,,,,,1,,1,,,,,,,1,,,1,1,,1,4,,1,,,,1,1,
2999,,,,,,,,,,,,,,,,,,,,,,,,,,,,,,,,,,,,,,,,,,,,,,,,,,,,,,,,,,,,,,,,,,,,,,,,,5,,,,,,,,,,,,,,,,,,,,,,,,,,,
3000,,,,,,,,,,,,,,,,,,,,,,,,,,,,,,,,,,,,,,,,,,,,,,,,,,,,,,,,,,,,,,,,,,,,,,,,,,,,,,,,,,,,,,,,,,,,,,,,,,,,
3001,,,,,,,,,,,,,,,,,,4,,,,,,,,,5,,,,,,,,,,,,,,,,,,,,,,,,,,,,,,,,,,,,,,,,,,,,,,,,,,,,,,,,,,,,,,,,,,,,,,1,,,
3002,,,,,,,,,,,,,,,,,,,,,,,,,,,,,,,,,,,,,,,,,,,,,,,,,,,,,,,,,,,,,,,,,,,,,,,,,,,,,,,,,,,,,,,,,,,,,,,,,,,,
3003,4,,,,4,,1,3,28,3,,,2,,4,3,,1,,1,1,,,,,,3,,,,,2,,,,1,4,,3,1,,5,,2,,1,3,,2,2,3,3,22,2,1,2,2,1,,,2,2,,2,,,1,1,,3,,,,3,,,,,2,,3,1,3,3,,,,,,4,2,2,1,3,1,,,2,,
3004,,,,,,,,,,,,,,,,,,,,,,,,,,,,,,,,,,,,,,,,,,,,,,,,,,,,,,,,,,,,,,,,,,,,,,,,,,,,,,,,,,,,,,,,,,,,,,,,,,,,
3005,,,,,,,,,,,,,,,,,,,,,,,,,,,,,,,,,,,,,,,,,,,,,,,,,,,,,,,,,,,,,,,,,,,,,,,,,,,,,1,,,,,,,,,,,,,,,,,,,,,,,
3006,,1,1,,,1,1,,1,1,1,1,,,1,1,,1,1,,1,,,,,,1,1,,1,,,,1,,,,1,,1,1,,,1,,1,,1,1,1,1,,1,,,,1,1,,,,1,,,1,1,,,,1,1,1,,1,1,1,,1,1,,,1,1,,,1,1,,,1,,,,,1,,,,1,1
3007,,,,,,,,,,,,,,,,,,,,,,,,,,,,,,,,,,,,,,,,,,,,,,,,,,,,,,,,,,,,,,,,,,,,,,,,,,,,,,,,1,,,,,,,,,,,,,,,,,,,,
3008,,,,,,,,,,,,,,,,,4,,,,,,,,,,,,,,,,,,,,,,,,,,,,,,,,,,,,,,,,,,,,,,,,,,,,,,,,,,,,1,,,,,,,,1,,,1,,,,,,,,,1,,,
3009,,,,,,,,,,,,,,,,,,,,,,,,1,,,,,,,,,,,,,,,,,,,,,,,,,,,,,,,,,,,,,,,,,,,,,,,,,,,,,,,,,,,,,,,,,,,,,,,,,,,,
3010,,,,,,,,,,,,,,,,,,,,,,,,,,,,,,,,,,,,,,,,,,,,,,,,,,,,,,,,,,,,,,,,,,,,,,,,,,,,,,,,,,,,,,,,,,,1,,,,,,,,,
3011,,,,,,,,,,,,,,,,,,,,,,,,,,,,,,,,,,,,,,,,,,,,,,,,,,,,22,,,,,,,,,,,,,,,,,,,,,,,,,,,,,,,,,,,,,,,,,,,,,,,,
3012,,,,,,,,,2,,,,,,,,,1,,,,,,,,,,,,,,,,,,,,,,,,,2,,,7,,,,,,,,,,,,,,1,,,,,,,,,,,,,,,,,,,,,,,,,,,,,,,,,,,,,,,,
3013,,,,,,,,,,,,,,,,,,,,,,,,,,,,,,,,,,,2,,,,,,,,,,,,,,,,,,,,,,,,,,,,,,,,,,,,,,,,,,,,,,,,,,,,,,,,,,,,,,1,,,
3014,,,,,,,,,,,,,,,,,,,,,,,,,,,,,,,,,,,,,,,,,,,,,,,,,,,,,,,,,,,,,,,,,,,,,,,,,,,,,,,,,,,,,,,,,,,,,,,,,,,,
3015,,,,,,,,,,,,,,,,1,,,,,,,1,,,,,,,,,,,,,,,,,,,,,,,,,,,,,,,,,,,1,,2,,,,,,,,,,,,,,,,,,,,,,,,,,,,,,,,,,,,,,,1,
3016,,,,,,,,,,,,,,,,,,,,,,,,,,,,,,,,,,,,,,,,,,,,,,,,,,,,,,,,,,,,,,,,,,,,,,,,,,,,,,,,,,,,,,,,,,,,,,,,,,,,
3017,,,,,,,,,,,,,,,,,,,,,,,,,,,,,,,,,,,,,,,,,,,,,,,,,,,,,,,,,,,,,,,,,,,,,,,,,,,,,,,,,,,,,,,,,,,,,,,,,,,,
3018,,,,,,,,,1,,,,,,,,,,,,,,,,,,,,,,,,,,,,,,,,,,,,,,,,,,,,,,,,,,,,,,,,,,,,,,,,,,,,,,,,,,,,,,,,,,,,,,,,,,,
3019,,,,,,,,,,,,,,,,,,,,,,,,,,,,,,,,,,,,,,,,,,,,,,,,,,,,,,,,,,,,,,,,,,,,,,,,,,,,,,,,,,,,,,,,,,,,,,,,,,,,
3020,,,,,,,,,,,,,,,,,1,,,,,,,,,,,,,,,,,,,,,,,,,,1,,,,,,,,,,,,,,,,,,,,,,,,,,,,,,,,,,,,,,,,,,,,,,,,,,,,,,,,,
3021,,,,,,,,,,,,,,,,,,,,,,,,,,,,,,,,,,,,,,,,,,,,,,,,,,,,,,,,,,,,,1,,,,,,,,,,,,,,,,,,,,,,,,,,,,,,,,,,,,,,,
3022,,,,,,,,,,,,,,,,,,,,,,,,,,,,,,,,,,,,,,,,,,,,,,,,,,,,,,,,,,,,,,,1,,,,,,,,,,,,,,,,,,,,,,,,,,,,,,,,,,,,,
3023,,,,,,,,,,,,,,,,,,,,,,,,,,,,,,,,,,,,,,,,,,,,,,,,,,1,,,,,,,,,,,,,,,,,,,,,,,,,,,,,,,,,,,,,,,,,,,,,,,,,,
3024,,,,,,,,,,,,,,,,,,,,1,,,,,,,,,,,,,,,,,,,,,,,,,,,,,,,,,,,,,,,,,,,,,,,,,,,4,,,,,,,,,,,,,,,,,,,,,,,,,,,,,
3025,,,,,,,,,,,,,,,,,,,,5,,,,,,,,,,,,,,,,,,,,,,,,,,,,,,,,,,,,,,,,,,,,,,,,,,,,,,,,,,,,,,,,,,,,,,,,,,,,,,,,
3026,,,,,,,,,,,,,,,,,,,,,,,,,,,,,,,,,,,,,,,,,,,,,,,,,,,,,,,,,,,,,,,,,,,,,,,,,,,,,,,,,,,,,,,,,1,,,,,,,,,,,
3027,,,,,,,,,,,,,,,,,,,,,,,,,,,,,,,,,,,,,,,,,,,,,,,,,,,,,,,,,,,,,,,,,,,,,,,,,,,,,,,,,,,,,,,,,,,,,,,,,,,,
3028,,,,,,,,,2,,,,,,,,,,,,,,,,,,,,,,,,,,,,,,,,,,,,,6,,,,,,,,,,,,,,,,,,,,3,,,,,,,,,,,,,,,7,,,,,,4,,,,,,,,,,,,,
3029,,,,,,,,,,,,,,,,,,,,,,,,,,,,,,,,,,,,,,,,,,,,,,,,,,,,,,,,,,,,,,,,,,,,,,,,,,,,,,,,,,,,,,,,,,,,,,,,,,,,
3030,1,,,,,,,2,,,1,,,,,,,,,,,,,,,,,,,,,,,,,,,,,,,,,,,,,,,,,,,,,,,,,,,1,,,,,,,,4,,,,,,,,1,,,,,,,,,,,,,,,,,,1,,,,
3031,1,1,1,1,1,1,1,1,1,1,1,1,1,1,1,1,1,1,1,1,1,1,1,1,1,1,1,1,1,1,1,1,1,1,1,1,1,1,1,1,1,1,1,1,1,1,1,1,1,1,1,1,1,1,1,1,1,1,1,1,1,1,1,1,1,1,1,1,1,1,1,1,1,1,1,1,1,1,1,1,1,1,1,1,1,1,1,1,1,1,1,1,1,1,1,1,1,1,1,1
3032,,,,,,,,,,,,,,,,,,,,,,,,,,,,,,1,,,,,,,,,,2,,,,,,,,,,,,,,,,,,,,,,,,,,,,,,,,,1,,,,,,,,,,,,,,,,,,,,,,,,,,,
3033,,,,,,,,,,,,,,,,,,,,,,,,,,,,,,,,,,,,,,,,,,,,,,,,,,,,,,,,,,,,,,,,,,,,,,,,,,,,,,,,,,,1,,,,,,,,,,,,,,,,,
3034,,,,,,,,,,17,,,,,,,,,,,,,,,,,,,,,,,,,,,,,,,,,,,,,,,,,,,,,,,,,,,,,,,,,,,,,,,,,,,,,,,,,,,,,,,,,,,,,,,,,,
3035,,,,,,,,,,,,,,,,,,,,,,,,,,,,,,,,,,,,,,,,,,,,,,,,,,,,,,,,,,,,,,,,,,,,,,,,,,,,,,,,,,,,,,,,,,,,,,,,,,,,
3036,,,,,,,,,,,,,,,,,,,,,,,,,,,,,,,,,,,,,,,,,,,,,,,,,,,,,,,,,,,1,,,,,,,,,,,,,1,,,,,,,,,,,,,,,,,,,,,,,,,,,,
3037,1,2,1,1,1,3,,2,,,3,1,1,2,,,1,,,,2,2,1,,,,1,,2,,2,,,,2,1,3,2,2,1,3,,2,2,,,,,,1,3,2,3,,2,,2,,2,,,2,1,1,1,,1,,,2,,1,,,,,1,2,1,1,,,,2,,,1,3,2,2,2,,,,,1,,1,,2
3038,,,,,,,,,,,,,,,,,,,,,,,,,,,,,,,,,,,,,,,,,,,,,,,,,,,,,,,,,,,,,,,,,,,,,,,,,,,,,,,,,,,,,,,,,,,,,,,,,,,,
3039,,,,,,,,,,,,,,,,,,,,,,,,,,,,,,,,,,,,,,,,,,,,,,,,,,,,,,,,,,,,,,,,,,,,,,,,,,,,,,,,,,,,,,,,,,,,,,,,,,,,
3040,,,,,,,,,,,,,,,,,,,,,,,,,,,,,,,,,,,,,,,,,,,,,,,,,,,,,,,,,,,,,,,,,,,,,,,,,1,,,,,,,,,,,,,,,,,,,,,,,,,,1,
3041,,,,,,,,,,,,,,,,,,,,,,,1,,,,,,,,,,,,1,,,,,,,,,,,,,,,,,,,,,,,,,,,,,,,,,,,,,,,1,,,,,,,,,,1,,,,,,,,,,,,,,,,
3042,,,,,,,,,,,,,,,,,,,,,,,,,,,,1,,,,,,,,,,,,,,,,,,,,1,,,,1,,,,,,,,,,,,,,,,,,,,,,,,,,,,,,,,,,,,,,,1,,,,,,,,,
3043,,,,,,,,,,,,,,,,,,,,,,,,,,,,,,,,,,,,1,,,,,,,,,,,,,,,,,,,,,,,,,,,,,,,,1,,,,,,,,,,,,,,,,,,,,,,,,,,1,,,,,,
3044,,,,,,,,1,1,,,,,,,,,,,,,,,,,,,,,,,,,,,,,,,,,,,,,,,1,,1,,,,,,,,,,,,,,,1,,,,1,,,,,,,,,,1,,,,,,,,,,,1,,,,,,1,,,,
3045,,,,2,,,,,4,,1,,,,,,,,,,,,1,,,,,,,,,,,,,,,,,,,,,,,,,,,,,,,,1,,,,,,1,,,2,,,,,,,,,,,,,,,,,,,,,,,,,3,,4,,,,,,,1,,
3046,,,,,,,,,,,,,,,,,,,,,,,,,,,,,,,,,,,,,,,,,,,,,,,,,,,,,,,,,,,,,,,,,,,,1,,,,,,,,,,,,,,,,,,,,,,,,,,,,,,,,
3047,,,,,,,,,,,,,,,,,1,,,,,,,,,,,,,,,,,,,,,,,,,,,,,,,,,,,,,,,,,,,,,,,,,,,,,,,,,,,,,,,,,,,,,,,,,,,,,,,,,,,
3048,,,,,,,,,,,,,1,,,,,,,,,,,,,,,,,,,,,,,,,,,,,2,,,,,,,,,,,,,,,,,,,,,,,,,,,,,,,,,,,,,,,,,,,,,,,,,,,,,,,,,,
3049,,,,,,,,,,,,,,,,,,,,,,,,,,,,,,,,,,,,,,,,,,,,,,,,,,,,,,,,,,,,,,,,,,,,,,,,,,,,,,,,,,,,,,,,,,,,,,,,,,,,
3050,,,,,,,,,,,,,,,,,,,,,,,,,,,,,,,,,,,,,,,,,,,,,,,,,,,,,,,,,,,,,,,,,,,,,,,,,,,,,,,,,,,,,,,,,,,,,,,,,,,,
3051,,,,,,,,,,,,,,,,,,,,,,,,,,,,,,,,,,,,,,,,,,,,,,,,,,,,,,,,,,,,,,,,,,,,,,,,,,,,,,,,,,,,,,,,,,,,,,,,,,,,
3052,,,,,,,,,,,,,,,,,,,,,,,,,,,,,,,,,,,,,,,,,,,,,,,,,,,,,,,,,,,,,,,,,,,,,,,,,,,,,,,,,,,,,,,,,,,,,,,,,,,,
3053,,,4,,,,,,,,,,,,,,,,,3,,4,,,,,,1,,,,,,1,,,,,,,,,5,,,,,,,,,,,,3,,2,,3,,4,,,,,,,,,,,6,,,,,,2,,,,,,,,,,,,,,,,,,7,,,,
3054,,,,,,,,,,,,,,,,,,,,,,,,,,,,,,,,,,,,,,,,,,,,,,,,,,,,,,,,,,,,,,,,,,,,,,,,,,,,,,,,,,,,,,,,,,,,,,1,,,,,,
3055,,1,2,,,,,4,,,,,,,,,,,,,1,2,,3,,3,1,,,,,,,1,,,3,,,,,,1,2,,,,,,2,,,,,,,,,,,,,,,,,,,,,,3,,,,,,,,,,2,3,1,,,,,,,,1,2,,,,,3,,
3056,,,,,,,,,,,,,,,,,,,,,,,,,,,,,,,,,,,,,,,,,,,,,,,,,,,,,,,,,,,,,,,,,,,,,,,,,,,,,,,,,,,,,,,,,,,,,,,,,,,,
3057,,,,,,,,,,,,,,,,,,,,,,,,,,,,,,,,,,,,,,,,,,,,,,,,,,,,,,1,,,,14,,,,,,,,,,,,,,,,,,,,,,,,,,,,,,,,,,,,,,,,19,,
3058,,,,,,1,,,,,,,,,,,,,,,,,,,,,,,,,,,,,1,,1,,,,,,,,,,,,,,,,,,,,,,,,,,,,,,,1,,,,,,,,,,,,1,,,,,,,,,,,,,,,,,,,,
3059,,,,3,,,1,1,3,,2,,,1,,,,,,,1,,,,,,,,,,,,,,1,,,,,,,2,,,,3,,,,,,,1,,,,,,,1,,,,2,,,,,,,,,,,,,,,,,,,,,,1,,,3,,5,1,,,,,,,,
3060,,,,,,,,,,,,,,,,,,,,,,,,,,,,,,,,,,,,,,,,,,,,,,,,,,,,,,,,,,,,,,,,,,,,,,,,,,,,,,,,,,,,,,,2,,,,,,,,,,,,,
3061,,,,,,,,,,,,,,,,,,,,,,,,,,,,,,,,,,,,,,,,1,,,,,2,,,,,,,,,,,,,15,,,,,,,,,,,,,,,,,,,,,,,,,,,,,,,,,,,,,,,,,,
3062,,,,,,,,,,,,,,,,,,,,,,,,,,,,,,,,,,,,,,,,,,,,,,,,,,,,,,,,,,,,,,,,,,20,,,,,,,,,,,,,,,,,,,,,,,,,,,,,,,,,,
3063,,,,,,,,,,,,,,,,,,,,,,,,,,,,,,,,,,,,,,,,,,,,,,,,,5,,,,,,,1,,,2,,,,,,,,,,1,,,,,,,,,,,,,,,,,,,,,,,,,,,,,,,
3064,,,,,,,,,,,,,,,,,,,,,,,,,,,,,,,,,,,,,,,,,,,,,,,,,,,,,,,,,3,,,,,,,,,,,,,,,,,,,,,,,,,,,,,,,,,,,,,,,,,,,
3065,,,,,,,,,,,,,,,,,,,,,,,,,,,,,,,,,,,,,,,,,,,,,,,,,,,,,,,,,,,,,,,,,,,,,,,,,,,,,,,,,,,,,,,,,,,,,,,,,,,,
3066,,,,,,,,,,,2,,,1,,,,,,,,,,,,,,,,,,,,,,4,,,,,,,,,,3,,,4,,,,,,,6,,,7,,,,,1,,,,,,,,,2,,,,,,,,,,,,,,,,,,1,,,,,,,,,
3067,,,,,,,,,,,,,,,,,2,,,2,,,,,,,,1,,,,,,,,,,,,,,,,1,,,,,,,,,,,,,,16,,,,,,,,,,,,,,,,,,,,,,,,,,,,,,,,,,,,,,,,,,
3068,,,,,,,,,,,,,,1,,,,,,,,,,,,,,,,,,,,,,,,,,,,,,,,,,2,,,,,,,,,,,,,,,,,,,,,,,,,,,,,,,,,,,,,,,,,,,,,,,,,,,,
3069,,,1,,,,,,,,,,,,,,,,,,,,,,,,,,,,,,,,,,,,,,,,,,,,,,,,,,,,,,,,,,,,,1,,,,,,,,,,,,,,,,,,,,,,,,,,,,,,,,,,,,
3070,,,,,,,,,,,,,,,,,,,,,,,,,,,,,,,,,,,,,,,,,,,,,,,,,,,,,,,,,,,,,,,,,,,,,,,,,,,,,,,,,,,,,,,,,,,,,,,,,,,,
3071,1,1,1,1,1,1,1,1,1,1,1,1,1,1,1,1,1,1,1,1,1,1,1,1,1,1,1,1,1,1,1,1,1,1,1,1,1,1,1,1,1,1,1,1,1,1,1,1,1,1,1,1,1,1,1,1,1,1,1,1,1,1,1,1,1,1,1,1,1,1,1,1,1,1,1,1,1,1,1,1,1,1,1,1,1,1,1,1,1,1,1,1,1,1,1,1,1,1,1,1
3072,,,,,,,,,,,,,,,,,,,,,,,,,,,,,,,,,,,,,,,,,,,,,,,,,,,,,,,,,,,,,,,,,,,,,,,,,,,,,,,,,,,,,,,,,,,,,2,,,,,,,
3073,,,,,,,,,,,,,,,,,,,,,,,,,,,,,,,,,,,,,,,,,,,,,,,,1,,,,,,,,,,,,,,,,,,,,,,,,,,,,,,,,,,,,,,,,,,,,,,,,,,,,
3074,,4,2,,,,,2,,,,,,,,,1,,,,,3,,3,,2,,,,,,,,,,,2,,,,,,1,2,,,,,,2,,,,,,,,,,,,,,,,,,,,,,4,,,,1,1,,,,,1,2,1,,,,,,,,2,3,,,,,2,,
3075,,,,,,,,,,,,,,,,,,,,,,,,,,,,,,,,,,,,,,1,,,,,,,,,,,,,,,,,,,,,,,,,,,,,,,,,,,,,,,,3,,,,,,,,,,,,,,,,,,,,,1,
3076,,,,,,,,,,,,,,,,,,,,,,,,,,,,,,,,,,,,,,,,,,,,,,,,,,,,,,,,,,,,,,,,,,,,,,,,,,,,,,,,,,,,,,,,,,,,,,,,,,,,
3077,,,,,,,,,,,,,,,,,,,,,,,,,,,,1,,2,,,,,,,,,,,,,,,,,,2,,,,,,,,,2,,,,,,,,,,,,,,,,,,,,,,,,,,,,,,,,,,,,,,,,,,,2
3078,,,,,,,,,,,,,,,,,,,,,,,,,,,,,,,,,,,,,,,,,,,,,,,,,,,,,,,,,,,,,,,,,,,,,,,,,,,,,,,,,,,,,,,,,,,,,,,,,,,,
3079,,,,,,,,,,,,,,,,,,,,,,,,,,,,,,,,,,,,,,,,,,,,,,,,,,,,,,,,,,,,,,,,,,,,,,,,,,,,,,,,,,,,,,,,,,,,,,1,,,,,,
3080,,,,,,,,,,,,,,,,,,,,,,,,,,,,,,,,,,,,,,,,,,,,,,,,,,,,,,,,,,,,,,,,,,,,,,3,,,,,,,,,,,1,,,,,,,,,,,,,,,,,,,
3081,,,,,,,,,,,,,,,,,,,,,,,,,,,,,,,,,,,,,,,,,,,,,,,,,,,,,,,,,,,,,,,,,,,,,,,,,,,,,,,1,,,,,,,,,,,,,,,,,,,,,
3082,,,,,,,,,,,,,,,,,,,,,,,,,,,,,,,,,,,,,,,,,,,,,,,,,,,,,,,,,,,,,,,,,,,,,,,,,,,,,,,,,,,,,,,,,,,,,,,,,,,,
3083,,,,,,,,,,,1,,,,,,,,,,,,,1,,2,,,,,,,,1,,2,,,,,,,,,,4,,,1,,,,,,,3,,,8,,,,,4,,,,,,,,,4,,,,,,,,,,,,,,,,,,,,,,,,,,,
3084,,,,,,,,,,,,,,,,,,,,,,,,,,,,,,,,,,,,,,,,,,,,,,,,,,,,,,,,,,,,,,,,,,,,,,,,,,,,,,,,,,,,,,,,,,,,,,,,,1,,,
3085,,,,,,,,,,,,,,,,,,,,,,,,,,,,,,,,,,,,,,,,,,,,,,,,,,,,,,,,,,,,,,,,,,,,,,,,,,,,,,,,,,,,,,,,,,,,,,,,,,,,
3086,,,,,,,,,,,,,,,,,,,,,,,,,,,,,,,,,,,,,,,,,,,,,,,,,,,,,,,,,,,,,,,,,,,,,,,,,,,,,,,,,,,,,,,,,,,,,,,,,,,,
3087,,,,,,,,,,,,,,,,,,,,,,,,,,,,,,,,,,,,,,,,,,,,,,,,,,,,,,,,,,,,,,,,,,,,,,,,,,,,,,,,,,,,,,,,,,,,,,,,,,,,
3088,,,,,,,,,,,,,,,,,,,,,,,,,,,,,,,,,,,,,,,,,,2,,,,,,,,,,,,1,,,,,,,,,,,,,,,,,,,,,1,,,,,,,,,,,,,,,,,,,,,,,,,
3089,,,,,,,,,,,,,,,,,,,,,,,,,,,,,,,,,,,,,,,,,,,,,,,2,,,,,,,,,,,,,,,,,,,,,,,,,,,,,,,,,,,,,,,,,,,,,,,,,,,,,
3090,,,,,,,,,,,,,,,,,,,,,,,,,,,,,,,,,,,,,,,,,,,,,,,,,,,,,,,,,,,,,,,,,,,,,,,,,,,,,,,,,,,,,,,,,,,,,,,,,1,,,
3091,,,2,,,,,,,,1,2,,3,,,,,,,,1,,,,,3,,1,1,,,1,,,,,,,,,,,,,1,,3,,,,,,,,,,,,,,,,,,,,,1,,,,,,,,,,,,,,,,1,,,,,,,,,,,,,,,3
3092,,,,,,,,,,,,,,,,,,,,,,,,,,,,,,,2,,1,,,,,,,,,,,,,,,,,,,,,,,,,,,,,,,,,,,,,,,,,,,,,,,,,,,2,,,,,,,,,,,,,,,,
3093,,,,,,,,,,,1,,,,,,,,,,,,,,,,,,,,,,,1,,,,,,,,,,,,,,,,,,,,,,,,,,,,,,,,,,,,,,,,,,,,,,,,,,,,,,,,,,,,,,,,,,
3094,,,,,,,,,,,,,,,,,,,,,,,,,4,,,,,,,,,,,,,,,,,,,,,,,,,,,,,,,,,,,1,,,,,,,,,,,,,1,,,,,,,,,,,,,,,,,,,,,,,,,,,
3095,,,,,,,,,,,,,,,,,,,,,,,,,,,,,,,,,,,,,,,,,,,,,,,,,,,,,,,,,,,,,,,,,,,,,,,,,,,,,,,,,,,,,,,,,,,,,,,,,,,,
3096,,,,,,,,,,,,,,1,,,,,,,,,,,,,,,,,,,,,,,,,,,,,,,,,,,,,,,,,,,,,,,,,,,,,,,,,,,,,,,,,,,,,,,,,,,,,,,,,,,,,,
3097,,,,,,,,,,,,,,,,,,,,,,,,,,,13,,,,,,,,,,,,,,,,,,,,,,,,,,,,,,,,,,,,,,,,,,,,,,,,,,,,,,,,,,,,,,,,,,,,,,,,,
3098,,,,,,,,,,,,,,,,,,,,,,,,,,,,,,,,,,,,,,,,,,,,,,,,,,,,,,,,,2,,,,,,,,,,,,,,,,,,,,,,,,,,,,,,,,,,,,,,,,,,,
3099,,,,,,,,,,,,,,,,,,,,,,,,,,,,,,,,,,,,3,,1,,,2,,,,,,,,,2,1,,,,,,,,,,,,,,,,,,,,2,,,1,,1,,,,,,,,,,,,,,,,,,,,1,,,,
3100,,,,,,,,,,,,,,,1,,,,,,,,,,,,,,,,,,,,,,,,,,,,,,,,,,,,,,,,,,1,,,,,,,,,,,,,,,,,,,,,,,,,,,,,,,,,,,,,,,,,,,
3101,,,,,,,,,,,,,,,,,,,,,,,,,,,,,,,,,,,,,,,,,,,,,,,,,,,,,,,,,,1,,,,,,,,,,,,,,,,,,,,,,,,,,,,,,,,,,,,,,,,,,
3102,,,,,,,,,,,,,,,,,,,,,,,,,,,,,,,,,,,,,,,,,,,,,,,,,,,,,,,,,,,,,,,1,,,,,,,,,,,,,,,,,,,,,,,,,,,,,,,,,,,,,
3103,,,,,,,,,,,,,,,,,,,,,,,,,,,,,,,,,,,,,,,,,,,,,,,,,,,,,,,,,,,,,,,,,,,,,,,,,,,,,,,,,,,,,,,,,,,,,,,,,,,,
3104,,,,,,,,,,,,,,,,,,,,,,,,,,,,,,,,,,,,,,,,,,2,,,,,,,,,,,,,,,,,,,,,,,,,,,,,,,,,,,,,,,,,,,,,,,,,,,,,,,,,,
3105,,,5,,,,,,,2,,,,,,,,,,3,,1,,1,,,,5,,,,,,,,,,,,,,,8,,,,3,1,,,,,1,,6,1,3,,5,,5,,,,,,,2,,,,8,,,,,,1,,,,,,,,,,,,,,,,,,6,,,,
3106,,,,,,,,,,,,,,,,,,,,,,,,,,,,,,,,,,,,,,,,,,,,,,,1,,,,,,,,,,,,,,,,,,,,,,,,,,,,,,,,,,,,,,,,,,,,,,,,,,,,,
3107,,,,,,,,,,,,,,,,,,,,,,,,,,,,,,,,,,,,,,,,,,,,,,,,,,,,,,,,,,,,,,,,,,,,,,,,,,,,,,,,,,,,,,,,,,,,,,,,,,,,
3108,,,,,,,,,,,,,,,,,,,,,,,,,,,,,,,,,,,,,,,,,,,,,,,,,,,,,,,,,,,,,,,,,,,,,,,,,,,,,,,,,,,,,,,,,,,,,,,,,,,,
3109,,,,,,,,,,,,,,,,,,,,,,,,,,,,,,,,,,,,,,,,,,,,,,,,,,,,,1,,,,,,,1,,,,,,,,,,,,,,,,,,,,,,,,,,,1,,,,,,,,,,2,,,
3110,,,,,,,,,,,,,,,,1,,,,,,,,,,,,,,,,,,,,1,,,1,,,,,,,,,,,,,,,,,,,,,,,,,,,,,,,,,,,,,1,,,,,,,,,,,,,,,,,,,,,,,,
3111,,,,,,,,,,,,,,,,,,,,,,,,,,,,,,,,,,,,,,,,,,,,,,,,,,,,,,,,,,,,,,,,,,,,,,,,,,,,,,,,,,,,,2,,,,,,,,,,,,,,,
3112,1,,,,,,,,,,,,,,,,,,,,,,,,,,,,,,,,,,,,1,,,,,,,,,,,,,,,,,,,,,,,,,,,,,,,,,,,,,,,,,,,,,,,,,,,,,,,,,,,,,,,
3113,,,,,,,,,,,,,,,,,,,,,,,,,,,,,,,,,,,,,,,,,,,,,,,,,,,,,,,,,,,,,,,,,,,,,,,,,,,,,,,,,,,,,,,,,,,,,,,,,,,,
3114,,,,,1,,,,,,,,,,,,,,,,,,,,,,,,,,,,,,,,,,,,,,,,,,,,,,,,,,,,,,,,,,,,,,,,,,,,,,,,,,,,,,,,,,,,,,,,,,,,,,,
3115,,,,,,,,,,,,,,,,,,,,,,,,,,,,,,,,,,,,,,,,,,,,,,,,,,,,,,,,,,,,,,,,,,,,,,,,,,,,,,,,,,,,,,,,,,,,,,,,,,,,
3116,,,,,,,,,,,,,,,,,,,,,,,,,,,,,,,,,,,,,,,,,,,,,,,,,,,,,,,,,,,,,,,,,,,,,,,,,,,,,,,,,,,,,,,,,,,,,,,,,,,,
3117,,,,,,,,,,,,,,,,,,,,,,,,,,,,,,,,,,,,,,,,,,,,,,,,,,,,,,,,,,,,,,,,,,,,,,,,,,,,,,,,,,,,,,,,,,,,,,,,,,,,
3118,,,,,,,,1,,,,,,,,,,,,,,,,,,,,,,,,,,,,,,,,,,,,,,,1,,,,,,,,,,,,,,,,,,,,,,,,,,,,,,,,,,,,,,,,,,,,,,3,,,,,,,
3119,,,,,,,,,,,,,,,,,,,,,,,,,,,,,,,,,,,,,,,,,,,,,,,,,,,,,,,,,,,,,,,,,,1,,,,,,,,,,,,,,,,,,,,,,,,,,,,,,,,,,
3120,,,,,,,,,,,1,,,,,,,,,,,,,1,,,,,,,,,,,,,,,,,,,,,,,,,,,,,,,,,,,,,,,,,,,,,,,,,,,,,,,,,,,,,,,,,,,,,,,,,,,,
3121,2,,,,,,1,2,,1,,,,,2,2,,,2,,,,,1,,,,,1,,1,1,,2,,,,2,,,,,,,,2,,,,1,1,2,,1,1,,,,,,,,,,,,2,1,2,,,1,1,,,,,,,2,9,,2,,,,2,,,,,,,,2,,,,2,
3122,,,3,,,,,,,,,,,1,,,,,,1,,3,,1,,,,2,,,,,,,,,1,,,,,,6,,,,,,,,,,,,4,,1,,5,,2,,,,,,,,,,,9,,,1,,,6,,,,,,,,,,,,,,,,,,4,,,,
3123,,,,,,,,,,,,,,,,,,,,,,,,,,,,1,,,,,,,,,,,,,,,,,,,,,,,,,,,,,,,,,,,,,,,,,,,,,,,,,,,,,,,,,,,,,,,,,,,,,,,1,
3124,,,,,,,,,,,,,,,,,,,,,,,,,,,,,,,,,,,,,,,,1,,,,,2,,,,,,,,,,,,,,,,,,,,,,,,,,,,,,,,,,,,,,,,,,,,,,,,,,,,,,,
3125,1,1,,1,1,1,,1,1,1,1,1,1,1,,,,,,,,,1,,1,,1,1,1,1,,1,,1,,1,1,,1,,1,,1,,1,,,3,1,,,1,,1,1,1,1,,1,1,,,1,,,1,,1,1,1,1,1,,,1,1,,1,1,1,,,1,,,,,,1,,,,1,,,,1,1,1,1
3126,,,,,,,,,,,4,,,,,,,,,,,,,,,,,,,,,,,2,,3,,,,,,,,,,4,,,2,,1,,,,,1,,,6,,,,,2,,,,,1,,,,1,,,,,,,,5,,,,,,,,,,2,,,,,,,2,,
3127,,3,2,,,1,,4,,,,,,,,,,,,,,2,,3,,2,,,,,,,,,,,3,,,,,,2,1,,,,,,1,,,,,,,,,,,,,,,1,,,,,,,1,,,,,,,,,,2,2,3,,,,,1,,,3,4,,,,,2,,
3128,,,,,,,,,,,6,,,,,,,,,,,,,,,,,,,,,,,,,4,,,,,,,,,,,,,3,,,,,,,5,,,1,,,,,4,,2,,,2,,,,3,,,,,,,,1,,,,,,1,,,,,,,,,,,,,
3129,,,,,,,,,,,,,,,,,,,,,,,,,,,,,,,,,,,,1,,,,,,,,,,,,,,,,,,,,,,,,,,,,,,,,,,,,,,,,,,,,,,,,,,,,,,,,,,,,,,,,
3130,,,,,,,,,,,,,,,1,,1,,,,,,,,,,,,,,,,,,,,,,,,,,,,,,,,,,,,,,,,,,,,,,,,,,,,,,,,,,,,,,,,,,,,,,,,,,,,,,1,,,,,
3131,,,,,,4,,,1,,,,,,,,,,,,4,,1,1,2,,,1,,,3,,,,,,4,,,,,,,2,,,,,,,,,,,,,,2,,,3,2,,,,,,,,,1,,,2,,,,,5,,,,,,,,,,,,2,,,,4,,,,,
3132,,,,,,,,,,,,,,,,,,,,,,,,,,,,,,,,,,,,,,,,,,,,,,,,,,,,,,,,,,,,,,,,,,,,,,,,,,,,,,,,,,,,,,,,,,,,,,,,,,,,
3133,,,,,,,,,,,,,,,,,,1,,,,,,,,,,,,,,,,,,,,,,,,,,,,,,,,,,,,,,,,,,,,,,,,,,,,,5,,,,,1,,,,,,,,,,,,,,1,,,,,,,,,,
3134,1,1,1,1,,1,,,,,,,1,1,1,,1,,1,1,1,,1,1,,1,1,1,1,,,,,,,1,,1,,,,1,,1,,1,1,,1,,,1,,1,,,,1,,1,,1,,,1,1,,1,1,,,,1,1,,1,1,1,1,,,1,,1,,,,1,,,1,1,1,,,1,,1,,1
3135,,,,,,,,,,,,,,,,,,,,,,,,,,,,,,,,,,,,,,,,,,,,,,,,,,,,,,,,,,,,,,,,,,,,,,,,,,,,,,1,,,,,,,,,,,,,,,,,,,,,,
3136,,,,,,,,,,,,,,,,,,,,,,,,,,,,,,,,,,,,,,,,,,,,,,,,,,,,,,,,,,,,,,,,,,,,,,,,,,,,,,,,,,,,,,,,,,,,,,,,,,,,
3137,,,,,,,,,1,,,,,,,,,,,,,,,,,,,,,,,,,,,,,,,,,,,,,,,,,,,,,,,,,,,,,,,,,,,,,,,,,,,,,,,,,,,,,,,,,,,,,,,,,,,
3138,,,,,,,,,,,,,,,,,,,,,,,,,,,,,,,,,,,,,,1,,,,,,,,,,,,1,,,,1,,,,,,,,,,,,,,,,,,,,,,,,,,,,,,,,,,2,,,,,,,,,,,,
3139,,,,,,,,,4,,,,,,,,,,,,,,,,,,,,,,,,,,,,,,1,,,,,,,,,1,,,,,,,,,,,,,,,,,,,,,,,2,,,,,,,,,,,,,,,,,,,,,,,,,,,,,2
3140,,,,,,,,,,,,,,,,,,,,,,,,,,,,,,,,,,,,,,,,,,,,,,,,,2,,,,,,,,,,,,,,,,,,,,,,,,,,,,,,,,,,,,,,,,,,,,,,,,,,,
3141,,,2,1,,,,,,2,,,,,,,,,,4,,4,,,,,,6,,,,,,3,,,,,,3,,,1,,,,,,,,,,,,4,,,,5,,6,,,,,,,,,,,4,,,,,,2,,,,,,,,,,,,,,,,,,2,,,,
3142,,,,,,,,,,,,,,,,,,,,,,,,,,,,,,,,,,,,,,,,,,,,,,,,,,,,,,,1,,,,,,,,,,,,,,,,,,,,,,,,2,,,,,,,,,,,,,,,,,,,,,
3143,,,,,,,1,,,,1,,,1,,,,,,2,,,,1,,,,,,,,,,,,,,,,1,,,,,,,,1,,,,,,,,,,,,,1,,,,,1,,,1,,,,,,,,1,,,,,,,,,,,,,,,,,,,,4,,,
3144,,,,,,,,,1,,,,,,,,,,,,,,,,,,,1,,,,,,,,,,,,,,,,,,,,,,,,,,,,,,,,,,,,,,,,,,,,,,3,,,,,,,,,,,,,,,,,1,,,,,,,,,
3145,,,,,,,,,,,,,,,,,,,,,,,,,,,,,,,,,,,,,,,,,,,,,,,,,,,,,,,,,,,,1,,,,,,,,,,,,,,,,,,,,,,,,,,,,,,,,,,,,,,,,
3146,,,,,,,,,,,,,,,,,,,,,,,,,,,,,,,,,,,,,,,,,,,,,,,,,,,,,,,,,,,,,,,,,,,,,,,,,,,,,,,,,,,,,,,,,,,,,,,,,,,,
3147,,3,1,,,,,3,,,,,,,,,,,,,,2,,2,,1,,,,,,,,,,,1,,,,,,2,1,,,,,,3,,,,,,,,,,,,,,,,,,,,,,2,,,,,,,,,,2,3,2,,,,,,,,3,3,,,,,1,,
3148,,,,,,,,,,,,,,,,,,,,,,,,,,,,,,,,,,,,,,,,,,,,,,,,,,,,,,,,,,,,,,28,,,,,,,,,,,,,,,,,,,,,,,,,,,,,,,,,,,,,,
3149,,,,,,,,,,,,,,,,,,,,,,,,,,,,,,,,,,,,,,,,,,,,,,,,,,,,,,,,,,,,,,,,,,,,,,,,,,,,,,,,,,,,,,,,,,,,,,,,,,,,
3150,,,,,,,,,,,,,,,,,,,,,1,,,,,,,,,,,,,,,,,,,,,,,,,,,,,,,,,,,,,,,,,,,,,,,,,,,,,,,,,,,,,,,,,,3,,,,,,,,,,,,,
3151,,,,,,,,,,,,,,,,,2,,,,,,,,,,,,,,,,,,,,,,,,,,,,,,,,,,,,,,,,,,,,,,,,,,,,,,,1,,,,,,,,,,,,,,,,,,,,,,,,,,,,
3152,,,,,,,,,,,,,,,,,,,,,,,,,,,,,,,,,,,,,,,,,,,,,,,,,,,,,,,,,,,,,,,,,,,,,,,,,,,,,,,,,,,,,,,,,,,,,,,,,,,,
3153,,,,,,,,,,,,,,,,,,,,,,,,,,,,,,,,,,,,,,,,,,,,,,,,1,,,,,,,,,,,,,,,,,,,,,,,,,,,,,,,,,,,,,,,,,,,,,,,,1,,,,
3154,,,,,,,,,,,,,,,,,,,,,,,,,,,,,,,,,,,,,,,,,,,,,,,,,,,,,,,,,,,,,,,,,,,,,,,,,,,,,,,,,,,,,,,,,,,,,,,,,,,,
3155,,,,,,,,,,,,,,,,,,,,,,,,,,,,,,,,,,,,1,,,,,,,,,,,,,,,,,,,,,,,,,,,,2,,,,,1,,,,,,,,,,,,6,,,,,,,,,,,,,,,,,,,
3156,,,,,,,1,,,,,,,,,,,,,,,,,,,,,,,,,,,,,,,,,,,,,,,,,,,,,,,,,3,,,,,,,,,,,,,,,,,1,,,,,,,,,,,,,,,,,,,,,,,,,,,
3157,,,,,,,,,,,,,,,,,,,,,,,,,,,,,,,,,,,,,,,,,,,1,,,,,,,,,,,,,,,,,,,,,,,,,,,,,,,,,,,,,,,,,,,,,,,,,,,,,,,,,
3158,,,,,,,,,,,,,,,,,,,,,,,,,,,,,,,,,,,,,,,,,,,,,,,,,1,,,,,,,,,,1,,,,,,,,,,,,,,,,,,,,,,,,,,,,,,,,,,,,,,,,,
3159,,,,,,,,1,,,,,,,,,,,,,,,,,,,,,,,,,,,,,,,,,,1,,,,,,,,,,,,,,,,,,,,,,,,,,,,,,,,,,,,,,,,,,1,,,,,,2,,,,,,,2,,,
3160,,,,,,,,,,,,,,,,,,,,,,,,,,,,,,,,,,,,,,,,,,,,,,,3,,,,,,,,,,,1,,,,,,,,,,,,,,,,,,,,,,,,,,,,,,,,,,,,,,,,,,
3161,,,,,,,,,,2,,,,,,,,11,16,,,,1,,,,1,,,,,,27,,,,,,,,,,,,,,,,,,,,1,,,,,,,,,,1,,,,,1,1,,1,,,1,,,1,,,,,4,,,,,,,,,,,,,,,17,,,
3162,,,,,,,,,,,,,,,,,,,,,,,,,,,,,,,,,,,,,,,,,2,,,,,,,,,,,,,,,,,,,,,,,,,,,,,,,,,,,,,,,,,,,,,,,,,,,,,,,,,,,
3163,,,,,,,,,,,,,,,,,,,,,,,,,,,,,,,,,,,,,,,,,,,,,,,,,,,,,,,,,,,2,,,,,,,,,,,,,,,,,,,,,,,,,,,,,,,,,,,,,,,,,
3164,,,,,,,,,,,,,,,,,,,,1,,,,,,22,13,,,,,,,,,,,,,,,,,,,,,,1,,,,,,,,,15,,,,,,,,,,,,,,,,,,,,,,,,,,,,,,,,,,,,,,,1,18,,16
3165,,,,,,,,,,,,,,,,,1,,,,,,1,1,,22,1,,,2,,,,,,,,,,,,,,,19,,1,,,,,14,22,,,,,,,,,,1,,,20,1,,,,,,,,,,,,,,,,,,1,,,,,,,,,,,,,18,,
3166,,,,,,,,,,,,,,,,,,,,,,,,,,,,,,,,,,,,,,,,,,,,,,,,,,,,,,,,,,,,,,,,,,,,,,,,,,,,,,,,,,,,,,,,,,,,,,,,,,,,
3167,,,,,,,,,,,,,,,,1,,,,,,,,,,,,,,,,,,,,,,,,,1,,,,,,,,,,,,,,,,,,,,,1,,,,,,,,,,,,,,,,,,,,,,,,,,,,,,,,,,,,,,
3168,,,,,,,,,,,,,,,,,,,,,,,,,,,,,,,,,,,,,,,,,,,,,,,,,,,,,,,,,,,,,,,,2,,,,,,,,,,,,,,,,,,,,,,,,,,,,,,,,,,,,
3169,,,,,1,,,,,,,,,,,,,,,,,,,,,,,,,,,,,,,,,,,,,,,,,,,,,,,,,,,,,,,,,,,,,,,,,,,,,,,,,,,,,,,,,,,,,,,,,,,,,,,
3170,,,,,,,,,,,,,,,,,,,,,,,,,,,,,,,,,,,,,,,,,,,,,,,,,,,,,1,,,,,,,,,,,1,,,,,1,,,,,,,,,,,,,,,,,,,,,,,,,,,,,,,
3171,,,,,,,,,,,,,,,,,,,,,,,,,,,,,,,,,,,,,,,,,,,,,,,,,,,,,,,,,,,,,,,,,,,1,,,,,,,3,,,,,,,,,,,,,,,,,,,,,,,,,,
3172,,,,,,,,,,,,,,,,,,,,,,,,,,,,,,,,,,,,,,,,,,,,,,,,,,,,,,,,,,,,,,,,,,,,,,,,,,,,,,,,,,,,,,,,,,,,,,,,,,,,
3173,,,,,1,,,,,,,,,,,,,,,,,,,,,,,,,,2,,,,,,,,1,,,,,,,,,,,,,,,,,,,,,,,,,,,,,7,,2,,,,,,,,,,,,,2,,,,,,,,,,,,,,,,,
3174,,,,,,,,,,,,,,,,,,,,,,,,,,,,,,,,,,,,,,,,,,,,,,,,,,,,,,,,,,,,,,,,,,,,,,,,,,,,,,,,,,,,,1,,,,,,,,,,,,,,,
3175,,,1,1,,,,1,,,,,1,1,,,,,,,,,,,,,,,1,,,,,,3,2,,,,,,,,,,,,,,,,,,,,,,1,,,,,,,,,,,,,,,2,1,1,,,,,,,,,2,,,,,,,,,,,,,,,,
3176,,,,,,,,,,,,,,,,,,,,,,,,,,,,,,,,,,,,,,,,,,,,,,,,,,,,,,,,,,,,,,,,,,,,,,,,,,,,,,,,,,,,,,,,,,,,,,,,,,,,
3177,,,,,,,,,,,,,,,,,,,,,,,,,,,,,,,,,,,,,,,,,,,,,,,,,,,,,,,,,,,,,,,,,,,,,,,,,,,,,,,,,,,,,,,,,,,,,,,,,,,,1
3178,,,,,,,,,,,,,,,,,,,,,,,,,,1,,,,,,,,,,,,,,1,,,,,,,,,,,,,,,,,,,,,,,,,,,1,,,,,,,,,,,,,,1,,,,,,,,,,,,,,,,,,,
3179,,,,,,,,,,,,,,,,,,,,,,,,,,2,,,,,,,,,,,,,,,,,,,,,,,,,,,,,,,,,,,,,,,,,,,,,,,,,,,,,,,,,,,,,,,,,,,,,,,,,,
3180,,,,,,4,,,4,,,,,,,,,2,,,1,,4,,,,,2,,,5,,,1,,,1,,,,,,,4,1,,,,,,,,,,,,,2,,,4,4,,,,,,,,,,,,1,,,,,5,,,,,,,,,,,,,,,,1,,,,,
3181,,,,,,4,,,6,,,,,,,,,1,,,,,2,,,,,4,,,5,,,,,,5,,,,,,,4,,,,,,,,,,,,,,1,,,2,5,,1,,,,,,,,,,2,,,,,2,,,,,1,,,,,,,,,,,4,1,,1,,
3182,,,,,,,,,,,,,,,,,,,,,,,,,,,,,,,,,,,,,,,,,,,,,,,,,,,,,,,,,,,,,,,,,,,,,,,,,,,,,,,,,,,,,,,,,,,,,,,,,,,,
3183,1,1,1,1,1,1,1,1,1,1,1,1,1,1,1,1,1,1,1,1,1,1,1,1,1,1,1,1,1,1,1,1,1,1,1,1,1,1,1,1,1,1,1,1,1,1,1,1,1,1,1,1,1,1,1,1,1,1,1,1,1,1,1,1,1,1,1,1,1,1,1,1,1,1,1,1,1,1,1,1,1,1,1,1,1,1,1,1,1,1,1,1,1,1,1,1,1,1,1,1
3184,,,,,,,,,,,,,,,,,,,,,,,,,,,,,,,,,,,,,,,,,,,,,,,,,,,,,,,,,,,,,,,,,,,,,,,,,,,,,,,,,,,,,,,,,,,,,,,,,,,,
3185,,,,,,,,,,,,,,,,,,,,,,,,,,,,,,,,,,,,,,,,,,,,,,,,,,,,,,,,,,,,,,,,,,,,,,,,,,,,,,,,,,,,,,,,,,,,,,,,,,,,
3186,,,,,,,,,,,,,,,,,,,,,,,,,,,,1,,,,,,,,,,,,,,,,,,,,,,,,,,,,,,2,,,,,,,,,,,,,,,,,,,,,,,,,,,,,,,,,,,,,,,,,,2
3187,,,,,,,,,,,,,,,,,,,,,,,,,,,,,,,,,,,,,,,,1,,,,,,,,,,,,,,,,,,,,,,,,,,,,,,,,,,,,,,,,,2,,,,,,,,,,,,,,1,,,,,
3188,,,,,,,,,,,,,,,,,,,,,,,,,,,,,,,,,,,,1,,,,,,,,,,,,,,,,,,,,,,,,,,,,,,,,,,,,,,,,,,,,,,,,,,,,,,,,,,,,,,,,
3189,,,,,,,,,,,,,,,,,,,,,,,,,,,,,,,,,,,,,1,,,,,,,,,,,,,,,,,,,,,,,,,,,,,,,,,,,,,,,,,,,,3,2,,,,,,,,,,,,,,,,,,
3190,,,,,,,,,,,,,,,,,,,,,,,,1,,,,,,,,,,,,,,,,,,,,,,,,,,,,,,1,,,,,,,,,1,,,,,,,,1,,,,,,,,,,,,,,,,,,,,1,,,,,,,,,
3191,,,,,,,,,,,,,,,,,,,,,,,,,,,,,,,,,,,,,,,,,,,,,,,,,,,,,,,,,,,,,,,,,,,,,,,,,,,,,,,,,,,,,,,,,,,,,,,,,,,,
3192,,,,,,,,,,,,,,,,,,,,,,,,,,,,,,1,,,,,,,,,1,,,,,,,,,,,,,,,,,,,,,,,,,,,,,,,,,,,,,,,,,,,,,,,,,,,,,,,,,,,,,
3193,,,,,,,,,,,,,,,,,,,,,,,,,,,,,,,,,,,,,,,,,,,,,,,,,,,,,,,,,,,,,,,,,,,,,,,,,,,,,,,,,,,,,,,,,,,,,,,,,,,,
3194,,,,,,,,,,,,,,,,,,,,,,,,,,,,,,,,,,,,,,,,,,,,,,,,,3,,,,,,,,,,,,,,,,,,,,,,,,1,,,,,,,,,,,,,,,1,,,,,,,,2,,,,
3195,,,,,,,,,,,,,,,,,,,,,,,,,,,,,,,,,,,,,,,,,,,,,,,,,,,,,,,,,,,,,,,,,,,,,,,,,,,,,,,,,,,,,,,,,,,,,,,,,,,,
3196,,,,,,,,,,,,,,,,,,,,,,,,,,,,,,,,,,,,,,,,,,,,,,,1,,,,,,,,,,,,,,,,,,,,,,,,1,,,,,,,,,,,,,,,,,,,,,,,,,,,,,
3197,,,,,,,,1,,,,,,,,,,,,,,,,,,,,,,,,,,1,,,,,,,,,,,,,,,,,,1,,,,,,,,,,,,,2,,,,,,,,,,,,,,,,,,,,,,,,,,,,,,,,,,,
3198,,,,,,,,,,,,,,,,,,,,,,,,,,,,,,,,,,,,,,,,,,,,,,,,,,,,,,,,,,,,,,,,,,,,,,,,,,,,,,,,,,,,,,,,,,,,,,,,,,,,
3199,,,,,,,,,,,,,,,,,,,,,,,,,,,,,,,,,,,,,,,,,,,,,,,,,,,,,,,,,,,,,,,,,,,,,,,,,,,,,,,,,,,,,,,,,,,,,,,,,,,,
3200,,,5,1,,,,,,,,,,2,,,,,,,,6,,,,,,1,,,,,,,,,,,2,,,,8,,,,,,,,,,,,1,,,,3,,3,,,,,,,,,,,2,,,2,,2,4,,,,,,,,,,,,,,,2,,,2,,,,1
3201,,,,,,,,,,,,,,,,,,,,,,,,,,,,,,,,,,,,,,,,,,,,,,,,,,,,,,,,,,,,,,,,,,,,,,,,,,,,,,,,,,,,,,,,,,,,,,,,,,1,,
3202,,,,,,,,,,,,,,,,,,,,,,,,,,,,,,,,,,1,,,,,,,,,,,,,,,,,,,,,,,,,,,,,,,,,,,,,,,,,,,,,,,,,,,,,,,,,,,,,,,,,,
3203,,,,,,,,,,,,,,,,,,,,,,,,,,,,,,1,,,,,,,,,,,,,,,,,,,,,,,,,,,,,,,,,,,,,,,,,,,,,,,,,,,,,,,,,,,,,,,,,,,,,,
3204,,,,,,,,,,,,,,,,,,,,,,,,,3,,,,,,,,,,,,,,,,,,,,,,,,,,,,,,,,,,,,,,,,,,,,,,,,,,,,,,,,,1,,,,,,,,,,,,,,,,,,
3205,,,,,,,,,,,,,,,,,,11,,,,,,,,29,,,,,,,,1,,,,,,,,,,,,,,,,1,,1,,,,,,,1,,,,,,,,,,,,,,,,,,,,,,,,,,,,,1,,,,,,,,,,,,
3206,,,,,,,,,,,,,,,,,,,,,,,,,,,,,,,,,,,,,,,,,,,,,,,,,,,,,,,,,,,,,,,,,,,,,,,,,,,,,,,,,,,,,,,,,,,,,,,,,,,,
3207,,,,,,,,,,,,,,,,,,,,,,,,,,,,,,,,,,,,,,,,,,,,,,,,,,,,,,,,,3,,,,,,,,,,,,,,,,,,,,,,,,,1,,,,,,,,,,,,,,,,,,
3208,,,,,,,,,,,,,,,,,,,,,,,,,,,,,,,,,,,,,,,,,,,1,,,,,,,,,,,,,,,,,,,,,,,,,,,,,,,1,,,,,,,,,,,,,,,,,,,,,,,,,,
3209,,,,,,,,,,,,,,,,,,,,,,,,,,1,,,,,,,,,,,,,2,,,,,1,,,,,,,,,,,,,,,,,,,,,,,,,,,,,,,,,,,,,,,,,,,1,,,,,,,,,1,,,,
3210,,,,,,,,,,,,,,,,,,,1,,,,,,,,1,,,,,,,,,,,,,,,,,,,,,,,,,,,,,,,,,,,,,,,,,,,,,,,,,,,,,,,,,,,,,,,,,,,,,,1,,,
3211,,,,,,,,,,,,,,,,,,,,,,,,,,,,,,,,,,,,,,,,,,,,,,,,,,,,,,,,,,,,,,,,,,,,,,,,,,,,,,,,,,,,,,,,,,,,,,,,,,,,
3212,,,,,,,,,,,,,,,,,,,,,,,,,,,,,,,,,,,,,,,,,,,,,,,,,,,,,,,,,,,,,,,,,,,,,,,,,,,,,,,,,,,,,,,,,,,,,,,,,,,,
3213,,,,,,,,,,,,,,,,,,,,,,,,,,,,,,,,,,,,,,,,,,,,,,,,,,,,,,,,,,,,,,,,,,,,,,,,,,,,,,,,,,,,,,,,,,,,,,,,,,,,
3214,,,,,,,,,,,,,,,,,,,,,,,,,,,,,,,,,,,,,,,,,,,,,,,,,,,,,,,,,,,,,,,,,,,,,,,,,,2,,,,,,,,,,,,,,,,,,,,,,,,,,
3215,,,,,,,,,,,,,,,,,,,,,,,,,,,,,,,,,,,,,,,,,,,,,,,,,,,,,,,,,,,,,,,,,,,,,,,,,,,,,,,,,,,,,,,,,,,,,,,,,,,,
3216,,,1,3,1,,,,,,,,,,,,,,,,1,5,,,,,,2,,,,,,3,,,,,,,,,4,,,,,,,,,,,,4,,,,,,1,,,,1,,,,,,,5,,,,,1,1,,,,,1,,,,,,,,,,3,,1,1,,,,
3217,,,,,,,1,,1,,,,2,,,,,,,,,,,,,,,,,,1,,,1,,,,,1,,,,,,,,,,,,,,,,,,,,2,,1,,,,,,,,1,,,,,,,,,,,,,,,,,,,,,,,,,,1,,,,,
3218,,,1,,,,,,,,,,,,,,,,,4,,2,,,,,,2,,,,,,,,,,,,,,,8,,,,,2,,,,,,,3,,3,,2,,4,,,,,,,,,,,3,,,1,,,3,,,,,,,1,,,,,,,,,,,3,,,,
3219,,,,,,,,,,,,,,,,,,,,,,,,,,,,,,,,,,,,,,,,,,,,,,,,,,,,,,,,,,,,,,,,,,,,,,,,,,,,,,,,,,,,,,,,,,,,,,,,,,,,
3220,,,,,,,,,,,,,,,,,,,,,,,,,,,,,,,,,,,,,,,,,,,,,,,,,,,,,,,,,,,,,,,,,,,,,,,,,,,,,,,,,,,,,,,,,,,,,,,,,,,,
3221,,,,,,,1,,,,,,,,,,,,,,,,,,,,,,,,,,,,,,,,,,,,,,,,,,,,,,,,,,,,,,,,,,,,,,,,,,,,,,,,,,,,,,,,,,,,,,,,,,,,,
3222,,,,,,,,,,,,,,,,,,,15,,,,2,,,,,,,,,,,,,,,,,,,,,,,,,,1,,,,,2,1,,,,,,1,,,,,,,,,,,1,,,,,,,,,,4,,,,,,,,,,,,,,,,,,
3223,,,,,,,,,,,,1,,,,,,,,,,,,,,,,,,,,,,,,,,,,,,,,,,,,,,,,,,,,,,,,,,,,,,,,,,,,,,,,,,,,,,,,,,,,,,,,,,,,,,,,
3224,,,,,,,,,,,,,,,,,,,,,,,,,,,,,,,,,,,,,,,,,,,,,,,,,,,,,,,,,,,,,,,,,,,,,,,,,,,,,,,,,,,,,,,,,,,,,,,,,,,,
3225,,,,,,,,,,,,,,,,,,,,,,,,,,,,,,,,,,,,,,,,,,,,,,,,,,,,,,,,,,,,,,,,,,,,,,,3,,,,,,,,,,,,,,,,,,,,,,,,,,,,,
3226,,,,,,,,,,,,,,,,,,,,,,,,,,,,,,,,,,,,,,,,,,,,,,,,,,,,,,,,,,,,,,,,,,,,,,,,,,,,,,,,,,,,,,,,,,,,,,,,,,,,
3227,,,2,4,1,,,,,,,,,,,,,,,,,,,1,,,,1,,,,,,,,,,,,,,,,,,,,2,,,1,,,,,2,,3,,,,,,,,,,,,,,,,,1,1,,1,,1,1,,,,,,,,,1,,,,1,,3,,,,
3228,,,,,,,,,,,,,,,,,,,,,,,,,,,,,,,,,,,,,,,,,,,,,,,,,,,,,,,,,,,,,,,,,,,,1,,,,,,,,,,,,,,,,,,,,,,,,,,,,,,,,
3229,,,,1,,,,3,1,,,,1,,,,,,,,,,,,,,,,,,,,,,,,,,,,,,,1,,,,,,,,,,,,,,,,,,,,,,,,,,,,,,,,,,1,,,,,,,,,,,,,,,,,,,,,,
3230,1,1,1,1,1,1,1,1,1,1,1,1,1,1,1,1,1,1,1,1,1,1,1,1,1,1,1,1,1,1,1,1,1,1,1,1,1,1,1,1,1,1,1,1,1,1,1,1,1,1,1,1,1,1,1,1,1,1,1,1,1,1,1,1,1,1,1,1,1,1,1,1,1,1,1,1,1,1,1,1,1,1,1,1,1,1,1,1,1,1,1,1,1,1,1,1,1,1,1,1
3231,2,,,1,,,,1,,,,,,,,,,,,,,,,,,,,,,,,,,,1,,,,,,,,,,,,1,,,,,,,,,,,,,,,,,,,,,,,,,,,,,2,,,,,,,,,,,,,,,,,,,,,,,,
3232,,,,,,,,,,,,,,,,,,,,,,,,,,,,,,,,,,,,,,,,,,,,,,,,,,,,,,,,,,,,,,,,,,,,,,,,,,,,,,,,,,,,,,,,,,,,,,,,,,,,
3233,,,,,,,,,,,,,,,,,,,,,,,,,,,,,,,,,,,,,,,,,,,,,,,,,,,,,,,,,,,,,,,,,,,,,,,,,,,,,,,,,,,,,,,,,,,,,,,,,,,,
3234,,,,,,,,,,,,,,,,,,,,,,,,,,,,,,,,,,,,,,,,,,,,,,,,,,,,,,,,,,,,,,,,,,,,,,,,,,,,,,,,,,,,,,,,,,,,,,,,,,,,
3235,,,,,,,,,,,,1,,,,1,,,,,,,1,,,,,,,,,,,,,,,,,,1,,,,,,,,,,,1,,,,,,,,,,,,1,,,,,,,,,1,,,,,,,,,,,,,,,,,,,,,,,,1,,,
3236,,,,,,,,,,,,,,,,,,,,,,,,,,,,,,2,,,,,,,,,,,,,,,,,,,,,,,,,,,,,,,,,,,,,,,,,,,,,1,,,,,,,,,,,,,,,,,,,,,,,,,
3237,,,,,,,,,,,,,,,,,,,,,,,,,,,,,,,,,,,,,,,,,,,,,,,,,,,,,,,,,,,,,,,,,,,,,,,,,,,,,,,,,,,,,,,,,,,,,,,,,,,,
3238,,,,,,,,,,,,,,,1,,,,,,,,,,,,,,,,,,,,,,,,,,,,,,,,,,,,,,,,,,,,,,,,,,,,,,,,,,,,,,,,,,,,,,,,,,,,,,,,,,,,,
3239,,,,,,,,,,,,,,,,,,,,,,,,,,,,,,,,,,,,,,,,,,,,,,,,,,,,,,,,,,,,,,,,,,,,1,,,,,,,,,,,,,,,,,,,,,,,,,,,,,,,,
3240,,,,,,,,,,,,,,,,,,,,,,,,,,,,,,,,,,,,,,,,,,,,,,,,,,,,,,,,,,,,,,,,,,,,,,,,,,,,,,,,,,,,,,,,,,,,,,,,,,,,
3241,,,,,,,,,,,,,,,,,,,,,,,,,,,,,,,,,,,,,,,,,,,,,,,,,,,,,,,,,3,,,,,,,,,,,,,,,,,,,,,,,2,,,,,,,,,,,,,,,,,,,,
3242,,,,,,,,2,,,1,,,,,,,,,,,,,,,,,,,,,,,,,,,,,,,,,,,,,,,1,,,,,,,,,,,,,,,,,,,1,,,,,,,,,,,,,,,,,,,,,,,,,,1,,,,,
3243,,,,,,,,,,,,,,,,,,,1,,,,,,,,,,,1,,,,,,,,,,,,,,,,,,1,,,,,,,,,,,,,,,,,,,,,,,,,,,,,,,,,,,,,,,,,,,,,,,,,,,,
3244,,,,,,,,,,,,,,,,,,5,,1,,,,,,,,,,,,,,,,,,,,,,,,,,,,,,,,,,,,,,,,,,,,,,,,,,,,,,,,,,,,,,,,,,,,,,,,,,,,,,,,
3245,,,,,,,,,,1,,,,,,,,10,15,,,,,,,,,,,,,,,,,,1,,,,,,,,,,,,,,,23,,,,,,,,,,,,,,,,,,,,,,,,,,,,,,3,,,,,,,,,,,,,,,16,,,
3246,,,,,,,,,,,,,,,,,,,,,,1,,,,,,,,,,,,,1,,,,,,,,,,,,,,,,,,,,,,,,,,,,,,,,,,,,,,,,,,,1,,,,,,,,,,,,,,,,,,,,,,
3247,,,,,,,,,,,,,,,,,,,,,,,,,,,,,,,,,,,,,,,,,,,,,,,,,,,,,,,,,,,,,,,,,,,,,,,,,,,,,,,,,,,,,,,,,,,,,,,,,,,,
3248,,,,,,,,,,,,,,,,,,,,,,,,,,,,,,,,,,,,,,,,,,,,,,,,,,,,,,,,,,,,,,,,,,,,,,,,,,,,,,,,,,,,,,,,,,,,,,,,,,,,
3249,,,,,,,,,,,,,,,,,,,,,,,,,,,,,,,,,,,,,,,,2,,,,,,,,,,,,,,,,,,,,,,,,,,,,,,,,,,,,,,,,,,,1,,,,,,,,,,,,,,,,,
3250,,,,,,,,,,,,,,,,,,,,,,,,,,,,,,,,,,,,,,,,,,1,,,,,,,,,,,,,,,,,,,,,,,,,,,,,,,,,,,,,,,,,,,,,,,,,,,,,,,,,,
3251,,,,,,3,,,5,3,1,,,,,,,,,,5,,5,,,,1,4,,,4,,,,,,4,,,,,,,5,,,,,,,,,,,,,,4,,,2,5,,,,,,,,,,,,1,,,,,4,,,,,,,,,,,,,,,,1,,,,,
3252,,,,,,,,,,,,,,,,,,,,,,,,,,,,,,,,,,,,,,,,,,,,,,,,,,,,,,,,,,,,,,,,,,,,,,,,,,,,,,,,,,,,,,,,,,,,,,,,,,,,
3253,,,,,,,,,,,,,,,,,,,,,,,,,,,,,,,,,,,,,,,1,,,,,,,,,,,,,,,,,,,,,,,,,,,,,,,,,1,,,,,,,,,,,,,,,,,,,,,,,,,,,,
3254,,1,,,,,,,,,,,,,,,,,,,,,,,,,,,,,,,,,,,,,,,,,,,,,,,,,,,,,,,,,,,,2,,,,,,,,,,,,,,,,,,,,,,,,,,,,,,,,,,,,,,
3255,,,,,,,,,,,,,,,,,,,,,,,,,,,,,,,,,,,,,,,,,,,,,,,,,,,,,,,,2,,,,,,,,,,,,,,,,,,,,,,,,,,,,,,,,,,,,,,,,,,,,
3256,,,,,,,,,,,,,,,,,,,,,,,,,,,,,,,,,,,,,,,,,,,,,,,,,,,,,,,,,,,,,,,,,,,,,,,,,,,,,,,,,,,,,,,,,,,,,,,,,,,,
3257,,,,1,,,,,,,,,,,,,,,,,,,,,,,,,,,,,,,,,,,,,,,,,,,,,,,,,,,,,,,,,,,,,,,,,,,,,,,,,,,,,,,,,,,,,,,,,,,,,,,,
3258,,,,,,,,,,,,,,,,,,,,,,,,,,,,,,,,,,,,,,,,,,,,,,,,,,,,,,,,,,,,,,,,,,,,,,,,,,,,,,,,,,,,,,,,,,,,,,,,,,,,
3259,,,,,,,,,,,,,,,,,,,,,,,,,,,,,,,,,,,,,1,,,,,,1,,,,,,,,,,,,,,,,,,,,,,,,,,,,,,,,,,,,,,,,,,,,,,,,,,,,,,,,,
3260,,,,,,,,,,,,,,,,,,,,,,,,,,,,,,,,,,,,,,,,,,,,,,,,,,,,,,,,,,,,,,,,,,,,,,,,,,,,,1,,,,,,,,,,,,,,,,,,,,,,,
3261,,,,,,,,,,,,,,,,,,,,,,,,,1,3,,,,,,,,,,,,,,,,,,,,,,,1,,,,,,,,,,,,,,,,,,,,,,,,,,,,,,,,,,,,,,,,,,,,,,,,,,,
3262,,,,,,,,,,,,,,,,,,,,,,,,,,,,,,,,,1,,,,,,,,,,,,,,,,,,,,,,,,,,,,,,,,,,,,,,,,,,,,,,,,,,,,,,,,,,,,,,,,,,,
3263,,,,,,,,,,,,,,,,,,,,,,,,,,,,,,,,,,,,,,,,,,,,,,,,,,,,,,,,,,,,,,,,,,,,,,,,,,,,,,,,,,,,,,,,,,,,,2,1,,,,,,
3264,,,,,,,,,,,,,,,,,,,,,,,,,,,,,,,,,,,,,,,,,,,,,1,,,,,,,,,,,3,,,,,,,,,,,,,,,,,,,,,,,,,,,,,,,,,,,,,,,,,,,,
3265,,,,,,,,,,,,,,,,,,,,,,,,,,,,,,,,,,,,,,,,,,,,,,,,,,,,,,,,,,,,,,,,,,,,2,,,,,,,,,,,,,,,,,,,,,,,,,,,,,,,,
3266,,,,,,,,1,,,,,,,,,,,,,,,,,1,,,,,,,,,,,,,,,,,,,,3,,,,,1,,,,,,,,1,,,,,,,,,,,,,2,,,,,,,,,,,,,,,,,,,,,,1,2,2,,,,,
3267,,,,,,,,,,,,,,,,,,,,,,,,,,,,,,,,,,,,,,,,,,,,,,,,,,,,,,,,,,,,,,,,,,,,,,,,,,,,,,,,,,,,,,,,,,,,,,,,,,,,
3268,,,1,2,1,1,,2,,1,1,,1,1,1,1,1,1,2,1,,1,1,1,1,2,2,,1,1,,2,1,1,1,2,1,1,1,,,2,1,1,,2,1,,1,1,1,2,1,,2,1,1,,,2,1,,1,1,1,,1,1,,,,2,,1,1,1,2,1,1,1,1,,,2,2,1,1,1,,2,2,,,,1,1,2,2,2,1
3269,,,,3,,,,,,,,,,,,,,,,,,,,,,,,,,,,,,,,,,,1,,,,,1,,,,1,,,,,,,,,,,,,,,,,,,,,,,,,,,,3,,,,,,,2,,,,,,,,,,,,,,,,,
3270,,,,,,,,,,,,2,,,,,,,,,,1,,,,,,,,,,,,,,,,,,,,,,,,,,,,,,,,,,,,,,,,,,,,,,,,1,,1,,,,,,,,,2,,,,,,,,,,,,,,,,,,,
3271,2,,,,,1,,,,1,,,2,,1,,,,,5,,2,,,,1,,7,2,,,1,,1,,,,,,2,,2,2,,,,2,,,,,,,,2,1,,,2,,8,,,2,,1,,,1,1,2,2,,1,,,,3,,,,1,,,,,,,,,,,5,,,1,2,,,2
3272,,,,,,,,,,,,,,,,,1,,,,1,,,,,,,,,,,,,,,,,,,,,1,,,,,,,,,,,,,,,,,,,,,,,,,,,,,,,,,,,,,,,,,,,,,,,,,,,,,,,,,,
3273,,,,,,,,,,,,,,,,,,,,,,,,,1,,,,,,,,,,,,,,,,,,,,,,,,,,,,,,,,,,,,,,,,,,,,,,6,,,,,,,,,,,,,,,,,,,,,,,,2,,,,,
3274,,,,,,,,,,,,,,,,,,,,,,,,,,,,,,,,,,,,,,,,,,,,,,,,,,,,,,,,,,,,,,,,,,,,,,,,,,,,,,,,,,,,,,,,,,,,,,,,,,,,
3275,,,,,,,,,,,,,,,,,,,,,,,,,,,,,,,,,,,,,,,,,,,,,,,,,,,,,,,1,,,,,,,,,,,,,,,,,,,,,,,,,,,,,,,,,,,,,,,,,,,,,
3276,,,,,,,,,,,,,,,,,,,,,,,,,,,,,,,,,,,,,,,,,,1,,,,,,,,,,,,,,,,,,,1,,,,,,,,,,,,,,,,,,,,,,,,,,,,,,,,,,,,,,,
3277,,,,,,,,,,,,,,,,,,,,,,,,,,,,,,,,,,,,,,,,,,,,,,,,,,,,,,,,,,,,,,,,,,,,,,,,,,,,,,,,,,,,,,,1,,,,,,,,,,,1,,
3278,1,,,,,,,,,,,,,,23,,,,,,,,,,,30,,,,,,,,,,,,,,,,,,,,,,,,,,,21,,,,,,1,,,,1,,,,,,,,,,,,,,,26,,,,,,,,,,,,1,,,,,,,,,,
3279,,,,,,,,,,,,,,,,,,,,,,,,,,,,,,,,,,,,,,,,,,,,,,,,,,,,,,,,,,,,,,,,,,,,,,,,,,,,,,,,,,,,,,,,,,,2,,,,,,,,,
3280,,,,,,,,,,,,,,,,2,,,,,,,,,,,,,,,,,,,,,,,,,,,,,,,,,,,,,,,,,,,,,,,,,,,,,,,,,,,,,,,,,,,,,,,,,,,,,,,,,,,,
3281,,,,,,,,,,,,,,,,,,,,,,,,,,,,,,,,,,,,,,,,,,,,,,,,,,,,,,1,,,,,,,,,,,,,,,,,2,,,1,,,,,,,,,,,,,,,,,,,,,,,,,,
3282,,1,,1,,,,,,1,,,1,1,1,,,,,1,1,,,1,1,,1,,,,1,1,,1,1,1,1,,,,,,1,,,,1,,,1,1,1,,1,1,,,,,1,,1,1,,,1,1,1,1,1,,,1,1,1,1,,,,1,1,1,1,,1,1,1,1,1,,1,,1,1,1,,,,1,1
3283,,,,,,,,,,,1,,,,,,6,,,,,,,,,,,,,,,,,,,,,,,,,,,,,,,,,,,,,,,,,,,,,,,,,,,,,,2,,,,,,,,,,,,,,,,,,,,,,,,,,2,,,
3284,,,,,,,,,,,,,,,,,,,,,,,,,,,,,,,,,,,,,,,,,,,,,,,,,,,,,,,,,,,,,,,,,,,,,,,,,,,,,,,,,,,,,,,,,,,,,,,,,,,,
3285,,,,,,,,,,,,,,,,,,,,,,,,1,,,,,,,,,,,,,,,,,,,,,,,,,,,,,,,,,,,,,,,,,1,,,,,,,,,,,,,,,,,,,,,,,,,,,,,,,,,,,
3286,,,,,,,,,,,,,,,,,1,,,,1,,,,,,,,,,,,,,,,,,,,,,,,,,,,,,,,,,,,,,,,,,,,,,,,,,,,,,,,,,,,,,,,,,,,,,,,,,,,,,,
3287,,,,,,,,,,,,,,,,,,,,,,,,,,,,,,,,,,,,,,,,,,,,,,,,,,,,,,,,,,,,,,,,,,,,,,,,,,,,,,,,,,,,,,,,,,,,,,,,,,,,
3288,,,,,,,,,,,,,,,,,,,1,,,,,,,,,,,,,,,,,,,,,,,,,,,,,,,,,,,,,,,,,,,,,,,,,,,,,,,,,,,,,,,,,,,,,,,,,,,,,,,,,
3289,,,,,,,,,,,,,,,,,,,,,,,,,,,,,,,1,,,,,,,,,,,,,,,,,,,,,,,,,,,,,,,,,,,,,,,2,,,,,,,,,,,,,,,,,,,,,,,,,,,,,,
3290,2,,,,,,4,3,27,15,,12,1,,1,4,,1,,,,2,,2,,,,2,,,,,,,,1,7,,16,2,,,,,,4,20,,29,,2,1,1,2,2,,,1,2,,,,,,,,4,5,,,,2,1,1,,,,,1,,,,,2,,,,,,3,3,5,,5,4,18,,2,,
3291,,,,,,,,,,,,,,,,,,,,,,,,,,,,,,,,,,,,,,,,,,,,,,,,,,,,,,,,,,,,,,,,,,,,,,,,,,,,,,,,,,,,,,,,,,,,,,,,,,,,
3292,,,,,,,,,,,,,,,,,,,,,,,,,,,,,,,,,,,,,,,,,,,,,,,,,,,,,,,,,,,,,,,,,,,,,,,,,,,,,,,,,,,,,,,,,,,,,,,,,,,,1
3293,,,,,,,,,,,,,,,,,,,,,,,,,,,,,,,,,,,,,,,,,,,,,,,,,,1,,,,,,,,,,,,,,,,,,,,,,,,,,,,,,,,,,,,,,,,,,,,,,,,,,
3294,,,,,,,,,,,,,,,,,,,,,,,,1,,,,,,,,,,,,,,,,,,,,,,,,,,,,1,,,,1,,,,,,,,,,,,,,,,,,,,,,,,,,,,,,,,,,,,,,,,,,,,
3295,,,,,,,,,,,,,,,,,,,,,,,,,,,,1,,,,,,,,,,,,,,,,,,,,,,,,,,,,,,,,,,,,,,,,,,,,,,1,,,,,,,,,,,,,,,,,,,,,,,,,,
3296,,,,,,,,,,,,,,,,,,,,,,,,,,,,,,,,,,,,,,,,,,,,,,,,,,,,,,,,,,,,,,,,,,,,,,,,,,,,,,,,,,,,,,,,,,,,,,,,,,,,
3297,,,,,,,,,,,,,,,,,,,,,,,,,,,,,,,,,,,,,,,,,,,,,,,,,,,,,,,,,,,,,,,,,,,,,,,,,,,,,,,,,,,,,,,,,,,,,,,,,,,,
3298,,,,,,,,,,,,,,,,,,,,,,,,,,,,,,,,,,,,,,,,,,,,,,,,,,,,,,,,,,,,1,,,,,,,,,,,,,,,,,,,,,,,,,,,,,,,,,,,,,,,,
3299,,,,,,,,,,,,,,,,,,,,,,,,,1,,,,,,,,,,,,,,,,,,,,,,,,,,,,,,,,,,,,,,,,,,,,,,,,,,,,,,,,,,,,,,,,,,,,,,,,,,,
3300,,,,,1,,,3,4,,3,,,,,,,,,,,,,,,,,,,,,,,,,,,,,,,,,,,1,,,,1,,,,,,,,,,,,,,,,,,,,,,,,,,,,,,,,,,,,,,,4,,,,,,,,,,,1
3301,,,,,,,,,,,,,,,,,,,,,,,,,,,,,,,,,,,,,,,,,,,,,,,,,,,,,,,,,,,,,,,,,,,,,,,,,,,,,,,,,,,,,,,,,,,,,,,,,,,,
3302,,,,,,,,,,,,,,,,,,,,,,,,,,,,,,,,,,,,,,,,,,,,,,,,,,,,,,,,,,,,,,,,,,,,,,,,,,,,,,,,,,,,,,,,,,,,,,,,,,,,
3303,,,,,,,,,,,,,,,,,,,,,,,,,,,,,,,1,,,,,,,,,,,,,,,,,,,,,,,,,,,,,,,,,,,,,,,,,,,,,,,,,,,,,,,,,,,,,,,,,,,,,
3304,,,,,,,,,,,,,,,,,,,,,,,,,,,,,,,,,,,,,,,,,,,,,,,,,,,,,,,,,,,,,,,,,,,,,,,,,,,,,,,,,,,,,,,,,,,,,,,,,,,,
3305,1,,,,1,,,1,,,,,,,,,,,,,,,,,1,1,,,,1,,,,,1,,,,,,,,,,,,,,,,,,,1,1,,,,,,,,,,,,,,,,,,,,1,,,1,,,,,,3,,,,,,,3,,,,,,,1,,
3306,,,,,,,,,,,,,,1,,,,,,,,,,,,,,,,,,,,,,,,,,,,,,,,,,,,,,,,,,,,,,,,1,,,,1,,,,,,,,,,,,,,,,,,,,,,,,,,,,,,,,,,
3307,,,,,,,,,,,,,,,,,,,,,,,,,,,,,,,,,,,,,,,,,,,,,,,,,,,,,1,,,,,,,,,,,,,,,,,,1,,,,,,,,,,,,,,,,,,,,,,,,,,,,,
3308,,,,,,,,,,,,1,,,,,,,,,,,,,,,,2,,,,,,,,2,,,,,,,,,,,,,1,,,,,,,,,,,,,,,,,,,,,,,,,,,,,,,,,,,,,,1,,,,,,,,,,,,,
3309,,,,,,,,,,,,,,,,,2,,1,,,,,,,,,,,,,,,,,,,,,,,,,,,,,,,,,,,,,,,,,,,,,,,,,,,,,,,,,,,,,,,1,,,,,,,,,,,,,,,,,,
3310,,,,,,1,,,,,1,,1,,,,,,,,,,,,,,,1,,1,,,1,,,,,,,,,,,,1,6,,,,,,,,,,,,1,,,,,,,,1,,,,,,,4,,,,,,,,3,,,,,,1,,,,,,,,,,,,,
3311,,,,,,,,,,,,,,,,,10,,,,,,,,,,,,,,,,,,,,,,,,,,,,1,,,,,,,,,1,,,,,,,,,,,,,,,,,,,,,,,,,,,,,,,,,,,,,,,,,,,1,,,
3312,,,,,,,,,,,,,,,,,,,,,,,,,,,,,,,,,,,,,,,,,,,,,,,,,,,,,,,,,,,,,,,,,1,,,,,,,,,,,,,,,,,,,,,,,,,,,,,,,,,,,
3313,,,,,,,,,,,,,,,,,,,,,,,,,,,,,,,,,,,,,,,,,,,,1,,,,,,,,,,,,,,,,,,,,,,,,,,,,,,,,,,,,,,,,,,,,,,,,,,,,,,,,
3314,,,,,,,,,,,,,,,,,8,,,,,,,,,,,,,,,,,,,,,,,,,,,,,,,,,,,,,,,,,,,,,,,,,,,,,,,,,,,,,,,,,2,,,,,,,,,,,,,,,,,,
3315,,,,,,,,,,,,,,,,,,,,,,,,,,,,,,,,,,,,,,,,,,,,,,,,,,,,,,,,,,,,,,,,,,,,,,,,,,,,,,,,,,,,1,,,,,,,,,,,,,,,,
3316,,,,,,,,,,,,,,,,,,,,,,,,1,,,,,,,,,,,,,,,,,,,,,,,,,,,,,,,,,,,,,,,,,,,,,,,,3,,,,,,,,,,,,,,,,,,,,,,,,,,,,
3317,,,1,2,,,,2,,,,,,,,,1,,,,,,,,,,,,,,,1,,,,,,,,,,,,,,,,,,1,,,,,,1,,,,,,,,,,,,,,,,,,,,1,,,,,,,2,,,,,,,,,,,1,,,1,,,
3318,,,,,,,,,,,,,,,,,10,,,,,,,,,,,,,,,,,,,,,,,,,,,,,,,,,,,,,,,,,,,,,,,,,,,,,,,,,,,,,,,,,,,,,,,,,,,,,,,,,,,
3319,,,,,,,,,,,,,,,,,,,,,,,,,,,,,,,,,,,,,,,,,,,,,,,2,,,,,,,,,,,,,,,,,,,,,,,,,,,,,,1,,,,,,,,,,,,,,,,,,,,,,,
3320,,,,,,,,,,,,,,,,,,,,,,,,,,,,,,,,,,,,,,,,,,,,,,,,,,,,,,,,,,,,,,,,,,,,,,,,,,,,,,,,,,,,,,,,,,,,,,,,,,,,
3321,,,,,,,,,,,,,,,,,,,,,,,,,,,,,,,,,,,,,,,,,,,,,,,,,,,,,,,,,,,,,,,,,,,,,,1,,,,,,,,,,,,,,,,,,,,,,,,,,,,,,
3322,,,,,,,,,,,1,,3,,,,,,,,,,,,,3,,,,,,,,2,,5,,,,,,,,,,4,,,3,,,,,,,4,,,6,,,,,5,,,,,,,,,4,,,2,,,,,4,,,,,,,,,,2,,,,,,,2,,
3323,,,,,,,,1,,,,,2,,,,,,,,,,,,,,,,,1,,,,,,,1,2,,,,,,,,,,1,,,,,,,,,,,,,,,,,,,,,,,,,,,,,,,,,,,,,,,,,,,,,,,,,,,,
3324,,,,,,,,,,,,,,,,,,,,,,,,,,,,,,,,,,,,,,,,,,,,,,,,,,,,,,,,,,,,,,,,,,,,,,,,,,,,,,,,,,,,,,,,,,,,,,,,,,,,
3325,,,,,,,,,,,,,,,,,9,,,,,,,,,,,,,,,,,,,,,,,,,,,,,,,,,,,,,,,,,,,,,,,,,,,,,,,,,,,,,,,,,,,,,,,,,,,,,,,,2,,,
3326,,,,,,,,,,,,,,,,,,,,,,,,,,,,,,,,1,,,,,,,,,,,,,,,,,,,,,,,,,,,,,,,,,,,,,,,,,,,,,,,,,,,,,,,,,,,,,,,,,,,,
3327,,,,,,,,,,,,,,,,,,,,,,,,,,,,,,,,,,,,,,,,,,,,,,,,,,,,,,,,,,,,,,,,,,,,,,,,,,,,,,,,,,,,,,,,,,,,,,,,,,,,
3328,,,,,,,,,,,,,,,,,,,,,,,,,,,,,,,,,,,,,,,,,,,,,,,,,,,,,,,,,,,,2,,,,,,,,,,,,,,,,,,,,,,,,,,,,,,,,,,,,,,,,
3329,,,,,,,,,,,,,,,,,,,,,,,,,,1,,,,,,,,,,,,,,,,,,,,,,1,,,,,,,,,,,,,,,,,,,,,,,,,,,,,,,,,,,,,,,,,,,,1,,,,,,,,
3330,,,,,,,,,,,,,,,,,,,,,,,,,,,,,,,,,,,,,,,,,,,,,,,,,,,,,,,,,,,,,,,,,,,,,,,,,,,,,,,,,,,,,,,,,,,,2,,,,,,,,
3331,,,,,,,,,,,,,,2,,,,3,,,1,,,,,,,,,,,,,,,,,,,,,,,,,,,,1,,,,,,,,,,,,,27,,,1,,,,,,,,,,,,,,,,,1,,,,,,,,,,,,,,,,,,
3332,,,,,,,,,,,,,,1,,,,,,,,,,,,,,,,,,,,,,,,,,,,,,,,,,,,,,,,,,,,,,,,,,,,1,,,,,,,,,,,,,,,,,,,,,,,,,,,,,,,,,,
3333,,,,,,,,,,,,,,,,,,,,,,,1,,,,,,,,1,,,,,,,1,,,,,,,1,,,,,,,,,,,,,,,,,,1,2,,,,,,,1,,,,,,,,,,1,,,1,,,1,,,,,,,,,1,1,,,
3334,,,,,1,,,,,,,,,,,,,,,,,,,,1,,,3,,,,,,,,,,,,,,,,,,,,,,,2,,,,,,,,,,,,,2,,,,,,,,,,,,,,,,,,,,,,,,,,,,1,,,,,2,,,
3335,,,,,,,,,,,,,,,,,,,,,,,,,,,,,,,,,,,,,,,,,,,,,,,,,,,,,,,,,,,,,,,,,,,,,,,,,,,,,,,,,,,,,,,,,,,,,,,,,,,,
3336,,,,,,,,,,,3,,,,,,,,,,,,,,,2,,,,,,1,,,,2,,,,,,,,,,1,,,4,,,,,,,7,,,4,,,,,4,,,,,,,,,4,,,1,,,,,3,,,,,,2,,,,2,1,,,,,,1,,1
3337,,,,,,,,,,,,,,,,,,,,,,,,,,,,,,,,,,,,,,,,,,,,,,,,,,,,,,,,,,,,,1,,,,,,,,,,,,,,,,,,,,,,,,,,,,,,,,,,,,,,,
3338,,,,,,,,,,,,1,,,,,,,1,,,,,,,,2,,1,,,,,,,,,,,2,,,1,,,,,,,,,,,,,,,,,,,,,,,,4,,,,,,,,,,1,,,1,,,,,,,1,,1,,,,,,,,,,,1
3339,,,1,,,,,,,,,,,,,,,,,,,,,,,,,,,,,,,,,,,,,,,,,,,,,,,,,,,,,,,,,,,,,,,,,,,,,,,,,,,,,,,,,,,,,,,,,,,,,,,,,
3340,,,,,,,,,,,,,,,,,,,,,,,,,,,,,,1,,,,,,,,,,,,,,,,,,,,,,,,,,,,,,,,,,,,,,,,,,,,,,,,,,,,,,,,,,,,,,,,,,,,,,
3341,,,,,,,,,,,,,,,,,,,,,,,,,,,,,,,,,,,,,,,,,,,,,,,,,,,,,,,,,,,,,,,,,,,,,,,,,,,,,,,,,,,,,,,,,,,,,,,,,,,,
3342,,,,,,,,,,,,,,,,,,,,,,,,,,,,,,,,,,,,,,,,,,,,,,,,,,,,,,,,,,,,,,,,,,,,,,,,,,,,,,,,,,,,,,5,,,,,,,,,,,,,,
3343,,,,,,,,,,,,,,,,,,,,,,,,,,,,,,,,,,,,,,,,,,,,,,,,,,,,,,,1,,,,,,,,2,,,,,,,,,,,,,,,,,,,,,,,,,,,,,,,,,,,,,
3344,,,,,,,,,,,,,,,,,,,,,,,,,,,,,,,,,,,,,,,,,,,,,,,,,,,,,,,,,,,,,,,,,,,,,,,,,,,,,,,,,,,,,,,,,,,,,,,,,,,,
3345,,,,,,,,,,,,,,,,,,,,,,,,,,,,,,,,,,,,,,,,,,,,,,,,,,,,,,,,,,,,,,,,,,,,,,,,,,,,,,,,,,,,,,,,,,,,,,,,,,,,
3346,,,,,,,2,,,,,,,,,,,,,,,,,,,,,,,,,,,,,,,,,,,,,,,,,,,,,,,,,,,,,,,,,,,,,,,,,,,,,,,,,,,,,,,,,,,,,,,,,,,,,
3347,,,,,,,,,1,,,,,,,,,,,,,,,,,,,,,,,,,,,,,,,,,,,,,,,,,,,,,,,,,,,,,,,,,,,,,,,,,,,,,,,,,,,,,,,,,,,,,,,,,,,
3348,,,,,,,,,,,,,,,,,,,,,,,,,,,,,,,,,,,,,,,,,,,,,,,,,,,,,,,,,,,,,,,,,,,,,,,,,,,,,,,,,,,,,,,,,,,,,,,,,,,,
3349,,,,,,,,,,,,,,,,,,,,,,,,,,,,,,,,,,,,2,,,,,1,,,,,,,,,,,,1,,,,,,,1,,,,,,,,,,,,,,,,,,,,,,1,,,,,,,1,,,,,,,,,,,
3350,,,,,,,,,,,,,,,,,,,,,,,,,,,,,,,,,,,,,,,,,,,,,,,,,,,,,,,,,,,,,,,,,,,,,,,,,,,,,,,,,,,,,,,,,,,,,,,,,,,,
3351,,,,,,,,,,,,,,,,,,,,,,,,,,,,,,,,,,,,,,,,,,,,,,,,,,,,,,,,,,,,,,,,,,,,,,,,,,,,,,,,,,,,,,,,,,,,,,,,,,,,
3352,,,,,,,,,,,,,,,,,,,,,,,,,,,,,,,,,,,,,,,1,,,,,,,,,,,,,,,,,,,,,,1,,,,,,,,,,,,1,,,,,,,,,,,2,,,,,,,,,,,,,,,,
3353,,,,,,,,,,,,,,,,,,,,,,,,,,,,,,,,,,,,,,,,,,,,,,,,,,,,,,,,,,,,,,,,,,,,,,,,,,,,,,,,,,,,,,,,,,,,,,,,,,,,
3354,,,6,,,,,,,1,,,,,,,,,,2,,6,,,,,,6,,,,1,,,,,,,,,,,7,,,,,,,,1,,,,4,,4,,4,,1,,,,,,,,,,,8,,,2,,,5,,,,,,,2,,,,,,,,,,,5,,,,
3355,,,,,,,,,,,,,,,,,,,,,,,,,,,,,,,,,,,,,,,,,,,,,,,,,,,,,,,,,,,,,,,,,,,,,,,,,,,,,,,,,,,,,,,,,,,,,,,,,,,,
3356,,,,1,,,,,,,,,,,,,,,,,,,,,,,,,,,,,,,,,,,,,,,,,,,,,,,,,,,,,,,,,,,,,,,,,,,,,,,,,,,,,,,,,,,,,,,,,,,,,,,1,
3357,,,,,,,,,,,,,,,,,,,,1,,,,,,,,,,,,,,1,,,,,,,,,,,,,,,,,,,,,,,,,,,,,,,,,,,,,,,,,,,,,,,,,,,,,,,,,,,,,,,,,,
3358,,,,,,,,,,,,,,,,1,,,,,,1,,,,,,,,,,,,,,,,,,,,,,,,,,,,,,,,,,,,,,,,,,,,,,,,,,,,,,,,,,,,1,,,,,,,,,,,1,,,,,,,
3359,,,,,,,,,,,,,,,,,,,,,,,,,,,,,,,,,,,,,,,,,,,,,,,,,,,,1,,,,,,,,,,,,,,,,,,,,,,,,,,,,,,,,,,,,,,,,,,,,,,,,
3360,,,,,,,,,,,,,,,,,,,,,,,,,,,,,,,,,,,2,,,,,,,,,,,,,,,,,,,,,,,,,,,,,,,,,,,,,,,,,,,,,,,,,,,,,,,,,,,,,,,,,
3361,,,,,,,,,,2,,,,,,1,,,,,,,,,,,,2,,,,,1,,,,,,,,,,,,,,,,,,,,2,,,,,,,,,,,1,,,,,,,,,6,,,,,,,,,,,,,,,,,,,,,,,,2,,,
3362,,,,,,,,,,,,,,,,,,,,,,,,,,,,,,,,,,,,,,,,,,,,,,,,,,,,,,,,,,,,,,,,,,,,,,,,,,,,,,,,,,,,,,,,,,,,,,,,,,,,
3363,,,,,,,,,,,,,,,,,,,,,,,,,,,,,,,,,,,,,,,,,,,,,,,,,,,,,,,,,,,,,,,,,,,,,,2,,,,,,,,,,,,,,,,,,,,,,,,,,,,,,
3364,,,,,,,,,,,,,,,,,,,,,,,,,,,,,,,,,,,,,,,,,,,,,,,,,,,,,,,,,,,,,,,,,,,,,,,,,,,,,,,,,,,,,,,,,,,,,,,,,,,,
3365,,,,,,,,,,,,,,,,,,,,,,,,,,,,,,,,,,,,,,,,,,,,,,,,,,,,,,,,,,,,,,,,,,,,,,,,,,,,,,,,,,,,,,,,,,,,,,,,,,,,
3366,,,,,,,,,,,,,,,,,,,,,,,,,,,,,,,,,,,,,,,,,,,,,,,,3,,,,,,,,,,,,,,,,,,,,,,,,,,,,,,,,,,,,,,,,,,,,,,,,,,,,
3367,,,,,,,,,,,,,,,,,,,,,1,,,,,,,,,,,,,,,,1,,,,,,,,,,,,,,,1,,,,,,,,,,,,,,,1,,,,1,,,,,,,,,,,,,,,,,1,,,,,,,,,,,,
3368,,,,,,,,,,,,,,,,,,,,,,,,,,,,,,,,,,,,,,,,,,,,,,,,,,,,,,,,,,,1,1,,,,,,,,,2,,,,,,,,,,,,,,,,,,,,,,,,,,,,,,,
3369,,,,,,,,,,,,,,,,,,,,,,,,,,,,,,,,,,,,,,,,,,,,,,,,,,,,,,,,,,,,,,,,,,,,,,,,,,,,,,,,,,,,,,,,,,,,,,,,,,,,
3370,,,,,,,,,,,,,,,,,,,,1,,,1,,,,,1,,,,,,,,1,,,,,,,,,,,,,,,,,,,,,,,,,,,,,,,,,,,,,,,,1,,,1,,,,,,,,,,,,,,,,1,,1,1,,1
3371,,,,,,,,,,,,,,,,,,,,,,,,,,,,,,,,,,,,,,,,,,,,,,,,,,,,,,,,,,,,,,,,,,,,,,,,,,,,,,,,,,,,,,,,,1,,1,,,,,,,,,
3372,,,,,,5,,,4,,2,,,,,,,,,,3,,6,,,,,4,,,5,,,,,,4,,,,,,,1,,,,,,,,,,,1,,,1,,,3,3,,2,,,,,,,1,,,3,,,,,3,,,,,,,,,,,,1,,,,2,,,,,
3373,,,,,,,,,,,,,,,,,,,,,,,,,,,,,,,,,,,,,,,,,,,,,,,,,,,,,,1,,,,,,,,,,,,,,,,,,,,,,,,,,,,,,,,,,,,,,,,,,,,,,
3374,,,,,,,,,,,,,,,,,,,,,,,,,,,,,,,,,,,,,,,,,,,,,,,,,,,,,,2,,,,,,,,,,,1,1,,,,,,,,,,2,,,,,2,,,,,,,,,,,,,,,,,,,
3375,1,,1,,,,1,,,3,,1,,1,1,,,,1,,,1,,1,,,,2,,,1,,,,,,,1,,,,,,1,,1,,,,,,,1,,,,1,1,1,,1,,1,,,1,,,1,1,,1,,,,,,24,,,,1,2,,1,,,,,,,,,,,,,,,
3376,,,,,,,,,,,,2,,,,,,,1,,,,,,,,3,,,,,,,,,,3,,,3,,,,,,,,,,,,,,,,,,,,,,,,,,,2,,,,,,,,1,,,,,2,,,,,1,,,,,,,,,,,,,1,,3
3377,,,,,,,,,,,,,,,,,,,,,,,,,,,,,,,,,,,,,,,,,,,,,,,,,,,,,,,,,,,,,,,,,,,,,,,,,,,,,,,,,,,,,,,,,,,,,,,,,,,,
3378,,,,,,,,,,,,,,,,,,,,,,,,,,,1,,,,,,,,,,,,,,,,,,,,,,,,,,,,,,,,,,,,,,,,,,,,,,,,,,,,,,,,,,,,,,,,,,,,,,,,,
3379,,,,,,,,,,,,,,,,,,,,,,,,,,,,,,,,,,,,,,,,,,,,,,,,,,,,,,,,,,,,,,,,,,,,,,,,,,,,,,,,,,,,,,,,,,,,,,,,,,,,
3380,,,,,,,,,,,,,,,,,,,,,,,,,,,,,1,,,1,,,,,,,,,,,,,1,,,,,,1,,,,,,,,,,,,,1,,,,,,,,,,,,,,,,,,,,,,,,,,,,,,,,,,,,
3381,,,,,,,,,,,,,,,,,,,,,,,,,,,,,,,,,,,,,,,,,,,,,,,,,,,,,,,,,,,,,,,,,,,,,,,,,,,,,,,,,,,,,,,,,,,,,,,,,,,,
3382,,,,,,,,,,,,,,,,,1,,,,,,,,,,,,,,,,,,,,2,,,,,,,,,,,,,,,,,,,,,,,,,,,,,,,,,,,,,,,,,,,,,,,1,,,,,,,,,,,,,,,,
3383,,,,,,,,,,,,,,,,1,,,,,,,,,,,,,,,,,,,,,,,,,,,,,,,,,,,1,,,,,,,,,,,,,,,,,,,,,,,,,,,,,,,,,,,,,,,,,,,,,,,,,
3384,,,,,,,,,,,,,,,,,,,,,,,,,,,,,,,,,,,,,,,,,,,,,,,,,,,,,,,,,,,,,,,,,,,,,,,,,,,,,,,,,,,,,,,,,,,,,,,,,,,,
3385,,,,,,,,,,,,,,,,,,,,,,,,,,,,,,,,,,,,,,,3,,,,,,,,,,,,,,,,,,,,,,,,,,,,,,,,,,,,,,,,,,,,,,,,,,,,,,1,,,,,,,
3386,,,,,,,,,,,,,,,,,,,,,,,,,,,,,,,,,,,,,,,,,,,,,,,,,,,,,,,,,,,,,,,,,,,,,,,,,,,,,,,,,,,,,,,,,,,,,,,,,,,,
3387,,,,,,,,,,,,,,,,,,,,,,,,,,,,,,,,,,,,,,,,,,,,,,,,,,,,,,,,,,,,,,,,,,,,,,,,,,,,,,,,,,,,,,,,,,,,,,,,,,,,
3388,,,,,,,,,,,,,,,,,,,,,,,,,,,,,,,,2,,,,,,,,,,,,,,,,,,,,,,,,,,,,,,,,1,,,1,,,,2,,,,,,,,,,,,,,,,,,,,,,,,,,,,,
3389,,,,,,,,,,,,,,,,,,,,1,,1,,,,,,,,,,,,,,,,,,,,,,1,,,1,,,,,,,,,,2,,2,1,,,,,,,,1,,,,,,,,,,,1,,,,,,,,,,,2,,,,,,,,,,
3390,,,,,,,,,,,,,,,,,,,,,,,,,,,,,,,,,,,,,,,,,,,,,,,,,,,,,,,,,,,,,,,,,,,,,,,,,,,1,,,,,,,,,,,,,,,,,,,,,,,,,
3391,,,,,,,,,,,,,,,,,,,,,,,,,,,,,,,,,,,,,,,,,,,,,,,,,,,,,,,,,,,,,,,,,,,,,,,,,,,,,,,,,1,,,,,,,,,,,,,,,,,,,
3392,,,,,,,,,,,,,,,,,,,,,,,,,,,,,,,,,,,,,,,,,,,,,,,,,,,,,,,,,,,,,,,,,,,,,,,1,,,,,,,,,,,,,,,,,,5,,4,,,,,2,,,,
3393,,,,,,,,,,,,,,,,,,,,,,,,,,,,,,,,,,,,,,,,,,,,,,,,,1,,,,,,,,1,,,,,,,,,,,,,,,,,,,,,,,,,,,,,,,,,,,,,,,,,,,
3394,,,,1,,,,,,,,,,,,,,,,,,,,,,,,,,,,1,,,,,,,,,,,,,,,,,,,,,,,,,,,,,,,,,,,,,,,,,,,,,,,,,,,,2,,,,,,,,,,,,,,,,
3395,,,,,,,,,,,,,,,,,,,,,,,,,,,,,,,,,,,,,,,,,,,,,,,,,,,,,,,,,,,,,,,,,,,,,,,,,,,,,,,,,,,,,,,,,,,,,,,,,,,,
3396,,,,,,,,,,,,,,,,,,,,,,,,,,,,,,,,,,,,,,,,,,,,,,,,,,,,,,,,,,,,,,,,,,,,,,,,,,,,,,,,,,,,,,,,,,,,,,,,,,,,
3397,,,,,,,,,,,,,1,,,,,,,,,,,,,,,,,,,,,,,,,,,,,,,,,,,,,,,,,,,,,,,,,,,,,,,,,,,,,,,,,,,,,,,,,,,,,,,,,,,,,,,
3398,,,,,,,,,,,,,,,,,,,,,,,1,,,,,,1,,,,,,,3,,,,,,,,,1,,,,,,1,,,,,,,,,,,1,,,,,,,,,,,,,1,,,,,,,,,,,,,,,,,,,,1,,,,,
3399,,,,,,,,,,,,,,,,,,,,,,,,,,,,,,,,,,,,,,,,,,,,,,,,,,,,,,,,,,,,,,,,,,,,,,,,,,,,,,,,,,,,,,,,,,,,,,,,,,,,
3400,,,,,,,,,,,,,,,,,,,,,,,,,,,,,,,,,,,,,,,,,,,,,,,,,,,,,,,,,,,,,,,,,,,,,,,,,,,,,,,,,,,,,,,,,,,,,,,,,,,,
3401,,,,,,,,,,,,,,,,1,,,,,,,,,,,3,,,,,,,,,,1,,2,,,,,,,,,,,,,,,,,,,,,,,,,,,,5,,,,,,,,,,,1,,1,,,,1,2,,,,,,,,,,,,,1,,
3402,,,,,,,,,,,,,,,,,,,,,,,,,,,1,,,,,,,,,,,,,,,,,,,,,,,,,,,,,,,,,,,,,,,,5,,,,,,,,,,,,,,,,,2,3,,,,2,,,,,,,,,,,2
3403,,,,,,,,,,,,,,2,,,,,,,,,,,,,,,,,,,,,,,,,,,,,,,,,,,,,,,,,,,,,,,,,,,,,,,,,,,,1,,,,,,,,,,,,,,,,,,,,,,,,,,
3404,,,,,,,,,,,,,,,,,,,,,,,,,,,,,,,,,,,,,,,,,,,,,,,,,,,,,,,,,,,,,,,,,,,,,,,,,,,,,,,,,1,,,,,3,,,15,,,1,1,,,,,,,
3405,,,,,,,,,,,,,,,,,,,,,,,,,,1,,1,,,,,,,,,,,,,,,,,2,,,,,,,,,,,,,,1,,,,,,,,,,,,1,,,,,,,,,,,,,,,,,,,,1,,,,2,,,,,
3406,,,,,,,,,,,,,,,,,1,,,,,,,,,,,,,,,,,,,,,,,,,,,,,,,,,,,,,,1,,,,,,,,,,,,,,,,,,,,,,,,,,,,,,,,,,,,,,,,,,,,,
3407,,,2,1,1,2,,1,,2,1,,1,1,2,2,2,2,1,2,,2,2,1,2,1,1,,1,2,,1,1,2,2,1,2,2,2,,,1,2,1,,1,1,,2,2,2,1,1,,1,2,2,,,1,1,,1,2,2,,1,2,,,,1,,2,1,2,1,2,1,2,2,,,1,1,2,2,2,,1,1,,,,1,1,1,1,1,2
3408,,1,1,,1,1,1,,,1,,1,1,,,1,,,,1,,,,1,1,1,,1,,,,,,1,,,1,,,1,1,1,1,,1,,1,1,1,,,,1,,,,,1,,,1,,,,,,1,1,1,1,1,,,1,,1,,1,1,1,3,,,1,,,,1,1,1,1,,1,1,1,,1,,,
3409,,,,,,,,,,,,,,,,,,,,,1,,,,1,,,,,,,,,,,,,,,,,,,,,,,,1,,,20,,,,,,,,,,,,,,,,,,,,,,,,,,,,,,,,,,,,,,,,,,,,,,,,
3410,,,,,,,,,,,,,,,,,,,,,,,,,,,,,,,,,,,,,,,,,,,,,,,,,,,,,,,,,,,,,,,,,,,,,,,,,,,,,,,,,,,,12,,,,,,,,,,,,,,,,
3411,,,,,,,,,,,,,,,,,,,,,,,,,,,,,,,,,,,,,,,,,,,,,,,,,,,,,,,,,,,,,,,,,,,,,,,,,,,,,,,,,,,,,,,,,,,,,,,,,,,,
3412,,,,,,,,,,,,,,,,,,,,,,,,,,,,,,,,,,,,1,,,,,,,,,,,,,,,,,,,,,,,,,,,,,,,,,,,,,,1,,,,,,,,,,,,,,,,,,,,,,,,,,
3413,,,,,1,,1,,,1,,,,,,1,,,1,,,,,,1,,1,,1,,,,,,,2,,,,,,,1,1,,,,,,,,,,,,,,,,,,1,,,1,,,,,,1,,1,,,,,,1,,,,1,,,,,,,1,,,,,,,,,,
3414,,,,,,,,,,,,,,,,,,,,,,,,,,,,,,,,,,,,,,,,,,,,,,,,,,,,,,,,,,,,,,,,,,,,,,,,,,,,,,,,,,,,,,,,,,,,,,,,,,,,
3415,,,,,,,,,,,,,,,,,,,,,,,,,,,,,,,,,,,,,,,,,,,,,,,,,,,,,,,,,,,,,,,,,,,,,,,,,,,,,,,,,,,,,,,,,,,,,,,,,,,,
3416,,,,,,,,,,,,,,,,,,,,,,,,,,,,,,,,,,,,,,,,,,,,,,,,,,,,,,,,,,,,,,,,,,,,,,,,,,,,,,,,,,,,,,,,,,,,,,,,,,,,
3417,,,,,,,,,,,,,,,,,,,,,,,,,,,,,,,,,,,,,,,,,,,,,,,,,,,,,,,,,,,,,,,,,,,,,,,,,,,,,,,,,,,,,,,,,,,,,,,,,,,,
3418,,,,,,,,,,,,,,,,,,,,,,,,,,,1,,,,3,,,,,,,,,,,,,,,,2,,,,,,,,,,,,,,,,,,,,,,,,2,,,1,,,,,,,,,,,,,,,,,,,,,,,,,,
3419,,,,,,,,,,,,,,,,,,,,,,,,,,,,,,,,,,,,,,,,,,,,,1,,,,,,1,,,,,,,,,,,,,,,,,,,,,,,,,,,,,3,,,,,,,,,,,,,,,,,,,,
3420,,,,,,,,,,,,,,,,,,,,,,,,,,,,,,,,,,1,,,,,,,,,,,,,,,,,,,,,,,,,,,,,,,,,,,,,,,,,,,,,,,,,,,,,,,,,,,,,,,,,,
3421,,,,,,,,,,,,,,,,,,,,,,,,,,,,,,,,,,,,,,,,,,,1,,,,,,,,,,,,,,,,,,,,,,,,,,,,,,,,,,,,,,,,,,,,,,,,,,,,,,,,1,
3422,,,,,,,,,,,,,,,,,,,,,,,,,,,,,,,1,,,,,,,,,,,,,,,,,,,,,,,,,,,,,,,,,,,,,,,,,,,,,,,,,,,,,,,,,,,,,,,,,,,,,
3423,,,,,,,,,,,,,,,,,3,,,,,,,,,,,,,,,,,,,,,,,,,,,,,,,,,,,,1,,,,,,,,,,,,,,,,,,,,,,,,,,,,,,,,,,,,,,,,,,,,,,,
3424,,,,,,,,,,,,,,,,,,,,,,,,,,,,,,,,,,,,1,1,,,,,,,,1,,,,,,,,,2,,,,,,,,,,,,,,,,,,,,,,,,,,,,,,,,,,,,,,,,,,,,,,
3425,,,,,,1,,,,,,,,,,,,,,,,,,,1,,,,,,,,,,,,2,,,1,,,,1,,,,,,,,,,,,,,1,,,,,,,,,1,,,,,,,,,,,2,,2,,,,,,,,1,,,,,,,,,,,,
3426,,,,,,,,,,,,,,,,,,,,,,,,,,,,,,,,,,,,,,,,,,,,,,,,,,,,,,,,,,,,,,,,,,,,,,,,,,,,,,,,,,,,,,,,,,,,,,,,,,,,
3427,,,,,,,,,,,,,,,,,,,,,,,,,,,4,,,,,,,,,,,,1,,,,,,1,,,,,,,,,,,,,,,,,1,,,,,3,,,,,,,,,,,,,3,,,,,,,,,3,,,,,,,,,,,4
3428,,,,,,,,5,3,,,,,,,,,,,,,,,,,,,,,,,,,,,,,,2,,,,,,,,1,,,,,,,,,,,,,,,,,,,,,,,,1,,,,,,,1,,,1,,,,,,,,,,,,,,,3,,,,
3429,,1,,,,,,,3,1,,,,,,,,,,,1,,1,,,,,1,,,,,,,,,,,,,,,,,,,,,,,,1,,,,,,,,,,,,,,,,,,,,,1,,,1,,,,,,,,1,,,1,,2,,,,,,,,,,,
3430,,,,,,,,,,,,,,,,,,,,,,,,,,,,,,,,,,,,,,,,,,,,,,2,,,,,,,,,1,,,,,,,,,,,,,,,,,,,,,,,,,,,,,,,,,,,,,,,,,,,,,1
3431,,,,,,,,,,,,,,,,,1,,,,,,,,,,,,,,,,,,,,,,,,1,,,,,,,,,,,,,,,,,,,,,,,,,,,,,,,,,,,,,,,,,,,,,,,,,,,,,,,,,,,
3432,,,,,,,,,,18,,,,,1,,,,,3,,,,,,,,,,,,,,,1,,,,,,,,,3,,,,,,,1,,,,,,,,,,,,,,,,,,,,,,,,,,,23,,,,,,,,,,,,,,,,,,,,20,1,
3433,,,,,,,,,,,,,,,,,,,,,,,,,,,,,,,,,,,,,,,,,,,,,,,,,,,,,,,,,,,,,,,,,,,,,,,,,,,,,,,,,,,,,,,,,,,,,,,1,,,,,
3434,,,,,,,,,,,,,,,,,,,,,,,,,,,,,,,,,,,,,,,,,,,,,,,,,,,,,,,,,,,,,,,,,,,,,,,,,,,,,,,,2,,,,,,,,,,,,,,,,,,,,
3435,,,,,,,,,,,,,,,,,,,,,,,,,,,,,,,,,,,,,,,,,,,,,,,,,,,,,,,,,,,,,,,,,,,,,,,,,,,,,,,,,,,,,,,,,,,,,,,,,,,,
3436,,,,,,,,,,,,,,,,,,,,,,,,,,,,,,,1,,,,,,,,,,,,,,,,,,1,,,,,,1,,,,,,,,,,,,,,,,,,,,,,,,,,,,,,,,,,,,,,,,,,,,,
3437,0,0,0,0,0,0,0,0,0,0,0,0,0,0,0,0,0,0,0,0,0,0,0,0,0,0,0,0,0,0,0,0,0,0,0,0,0,0,0,0,0,0,0,0,0,0,0,0,0,0,0,0,0,0,0,0,0,0,0,0,0,0,0,0,0,0,0,0,0,0,0,0,0,0,0,0,0,0,0,0,0,0,0,0,0,0,0,0,0,0,0,0,0,0,0,0,0,0,0,0
3438,1,,,,2,,,,,,,,,,,,,,1,,,,,,,,,,,,,,,,,,,,,,,,,,,,,,,,,,,,,,,1,,,,,,,,,,2,,,,,,,,,,,,,,,,,,,,,,,,,,,,,,,,
3439,,,,,,,,,,,,,,,1,,,,,,1,,,4,,,,,,,,,,,,,,,,,,2,4,2,,2,,,,,,,,,,,,,,,,,,,,,3,,,,,,,2,1,,,2,,,,,,,5,,,,,,,,,,,,,,,4
3440,,,,,,,,,,,,,,,,,,,,,,,,,,,,,,,,,,,,,,,,,,,,,,,,,,,,,,,,,2,,2,,,,,,,,,,,,,,,,,,,,,,,,,,,,,,,,,,,,,,,,,
3441,,,,,3,,,,1,,5,,,2,1,,,,3,,,1,1,,,,,,,,,,,,,,1,,5,,,,,3,,8,,5,,,7,,,,,,1,,,,,8,,,,,,3,,4,,,,,,,,,,,,,,,,,1,3,,,,4,,4,8,,,13,,
3442,,,,,,,,,,,,,,,,,,,,,,,,,,,,,,,,,,,,,,,,,,,,,,,,,,,,,,,,,,,,,,,,,,,,,,,,,,,,,,,,,,2,,,,,,,,,,,,,,,,,,
3443,,,,,,,,,,,,,,,,,,,,,,,,,,,,,,,,,,,,,,,,,,,,,,,,,,,,,,,,,,,,,,,,,,,,,,,,,,,,,,,,,7,,,,,,,,,,,,,,,,,,,
3444,,,,,,,,,,1,,,,6,,,1,,,,2,1,2,,,2,3,,2,,1,1,,,,2,2,,,,,,,,,,2,,,,,,,1,,,,,2,,,,,,,,,,,,,,4,1,,,,2,,,,,,,,,,,,,,1,1,,,,,1,2,
3445,,,,2,,,,,,1,,5,,,,,6,,,5,,,,2,,1,,4,,,,,,,,,,,,5,,,6,,,,,,,,,,,,,,,,,,,,,,,,1,1,1,,,,,,,,,,,,,,,,,,,,,,,,,,,,,,1,
3446,,,1,,1,,,6,,,5,,,8,,,,1,,,,,9,,,,,,,,1,,,,,,,,,,,,,,,9,,,,1,6,,,,,,,,,,,10,,3,5,,,,,,,,,,,,,,,,,,,,,,3,,,,,,,,9,,,13,,
3447,,,,,,,,4,,1,,,,6,1,,,,,,1,,9,,,,,1,,,,1,,,,,,,1,,,,,,,2,,1,,3,6,,,,,,,,1,,,5,,,5,,,,,,,,,,,1,,,,,,1,,,,,6,,,,,,,,3,1,,7,,
3448,,,,,,,,,,,,,,,,,,,,,,,,,,,,,,,,,,,,,,,,,,,,,,,,,,,,,,,,,,,,,,,,,,,,,,,,,,,,,,,,,,,,,,,,,,,,,,,,,,,,
3449,,,,,,,,1,,,,,,,,,,,,,,,,,,,,,,,,,,,,,,,,,,,,,,,,,,,,2,,,,,,,,,,,,,,,,,,,,,,,,,,,,,,,,,,,,,,,,,,,,,,,,
3450,,,,,,,,,,,,,,,,,,,,,,,,,,,,,,,,,1,,,,,,1,,,,,,,,,,,,,,,,,,,,,,,,1,,,,,,,,,,,,,,,,,,,,,,,,,,,,,,,,,,,,,
3451,1,1,1,1,1,1,1,1,1,1,1,1,1,1,1,1,1,1,1,1,1,1,1,1,1,1,1,1,1,1,1,1,1,1,1,1,1,1,1,1,1,1,1,1,1,1,1,1,1,1,1,1,1,1,1,1,1,1,1,1,1,1,1,1,1,1,1,1,1,1,1,1,1,1,1,1,1,1,1,1,1,1,1,1,1,1,1,1,1,1,1,1,1,1,1,1,1,1,1,1
3452,,,,,,,,,1,,,,,,,,,,2,,,,,,,,,,,,,1,,,1,,,,,,,,,,,,,,,,,,,,,,,,,,,,,,,,,,,,,,,,,,,,,,,,,,,,,,,,,,,,,,,,,
3453,1,1,1,1,1,1,1,1,1,1,1,1,1,1,1,1,1,1,1,1,1,1,1,1,1,1,1,1,1,1,1,1,1,1,1,1,1,1,1,1,1,1,1,1,1,1,1,1,1,1,1,1,1,1,1,1,1,1,1,1,1,1,1,1,1,1,1,1,1,1,1,1,1,1,1,1,1,1,1,1,1,1,1,1,1,1,1,1,1,1,1,1,1,1,1,1,1,1,1,1
3454,,,,,,,,,,,,,,,,,,,,,,,,,,,,,,,,,,,,,,,,2,,,,,,,,,,,,,,,,,,,,,,2,,,,,,4,,,,,,,,,2,,,,,,,,,,,,,,,,,,,,,,,
3455,,,,,,,,,,,,,,,,,,,,,,,,,,,,,,,,,,,,,,,,,,,,,,,,,,,,,,,,,,,,,1,,,,,,,,,,,,,,,,,,,,,,,,,,,,,,,,,,,,,,,
3456,,,,,,,,,,,,,,,,,,,,,,,,,2,,,,,,,,,,,,,,,,,,,,,,,,,,,,,,,,,,,,,,,,,,,,,,,,,,,,,,,,,,,,,,,,,,,,,,,,,,,
3457,,,,,,,1,,,,,,,,,,,,,,,,,,,,,,,,,,,,,,,,,,,,,,,,1,,,,,,,,,,,,1,,,,,,,,,,,,,,,,,,,,,1,,,,,,,1,,,,,,6,,,,,,,
3458,,,,,,,,,,,,,,,,,,,,,,,,,,,1,,,,,,,,,,,,,,,,,,,,,,,,,,,,,,,,,,,,,,,,,,,,,,,,,,,,,,,,,,,,,,,,,,,,,,,,,
3459,,,,2,,,,,,,,,,,,,,,,,,,,,,,,,,,,,,,,,,,,,,,,,,,,,,,,,,,,,,,,,,,,,,,,,,,,,,,,,,,,,5,,,,,,,,,,,,,,,,,6,,
3460,,,,,1,,,1,2,,,,,,,,,,,,,,,,,,,,,,,,,,,,,,,,,,,,,,,,,,,,,,,,,,,,,,,,,,,,,,,,,,,,,,,,6,,,,,,,,,,,,,,,,,,,
3461,,,,,,,,,,,,,,,,,,1,,,,,,,,,,,,,,,,,,,,,,,,,,,,1,,,,,,,,,,,,,,,,,,1,,,,,,,,,,,,,,,,,,,1,1,,,,,1,,,,5,,,,,,,
3462,,1,,,,,,,,,,,,,,,,,,,,,,,,,,,,,,,,,,,1,,,,,,,,,,,,,,,,,,,,,,,,,,,,,31,,,,,,,,,,,,,,,,,,,,,,,,,,,,,,,,,,
3463,,,,,,,,,,,,,,,,,,,,,,,,,,,,,,,,,,,,,,,,,,,,,,,,,,,,,,,,,,,,,,3,,,,,,,,,,,,,,,,,,,,,,,,,,,,,,,,,,,,,,
3464,,,,,,,,,,,,,,,,,,,,,,,,,,,,,,,,,,,,,,,,,,,,,,,,,,,,,,,,,,,,,,,,,,,1,,,,,,,,,,,,,,6,,,,,,,,,,,,,,,,,,,
3465,,,,,,,,,,1,,,,,,4,,,,,,,,,,,,,,,,,,,,,,,,,,,,,,,,,,,,,,,,,,,,,,,,,,,,,,,,,,,,,,,,,,,,,,,,,1,,,,,,,,,1,,
3466,,,,,,,,,1,,,,,5,,,,,,,,,,,,,,,,,,,,,,,,,,,,,,,,,,,,,,,,,,,,,,,,,,,,,,,,,,,,,,,,,,,5,,,,,,,,,,,,,,,,,,,
3467,,1,,,,1,2,1,1,,,,,1,,1,,3,,1,,1,1,1,,,,,1,1,,,,1,,,,,,,,,1,1,,1,,,,1,,,,,,1,1,,,,,,,1,,,,1,,,,,,,,,,1,,1,1,,,,,,1,1,,,2,,,,,,,1,,
3468,,,,,,,,,,,,,,,,,,,,1,,,,,,,,3,,,,,,,,,,,,,,,,,,,,,,,,,,,,,,,,,,,,,,,,,,,,,,,,,,,,,,,,,,,,,,,,,,,,,,,,
3469,,,,,,,,,,,,,,,,,,,,,,,,,,,,,2,,,,,,,,,,,,,,,,,,,,,,,,,,,,,,,,,,,,,,,,,,,,,,,,,,,,9,,,,,,,,,,,,,,,,,,,
3470,2,,,,,,,,,,,,,,,,,,,,,,,,,,,,,,,,,,,,,,,,,,,,,,,,,,,1,,,,1,,,,,,,,,,,,,,,,,,,,,,,,,,,,,,,1,,,,,,1,,,,,,,
3471,,,,,,,,,1,,,,,,,,,,,,,,,,,,,,,,1,,,,,,,,,,,,,,,,,,,,,,,,,,,1,,,,,,,,,,,,,,,,,,,,,,,,,,,,,,,,,,,,,,,,,,
3472,,,,,,,,,,,,,,,,,,,,,,6,,,,,,,,,,1,,,,,,,,,,,,,,,,,,,,,,,,,,,,,,,,,,,,,,,,,,,,3,,,,,,,,,,,,,,,,,,,,,,,,
3473,,,,,,,,,,,,7,,,,,2,,,5,,,,5,,,1,7,,,,,,,,,,,,4,,,6,,,,,,,,,,,,,,,,,,,,,,,,,,,,,,,,,,,,,,,,,,,,,,,,,,,,,,,,,
3474,,,,,,,,,,,,,,,,,,,,,,,,,,1,,,,,,,,,,,,,,,,,,,,,,,,,,,,,,,,,,,,,,,,,,,,,,,,,,,,,,,11,,,,,,,,1,,,,,,,,,,,
3475,,,,,,,,,,,,,,,,,,,,,,,,,,,,,,,,,,,,,,,,,,,,,,,,,,,,,,,,,,,,,,,,,,,1,,,,,,,,,,,,,,,,,,,,1,,,,,,,,,,,,,
3476,,,,,,,,,,,,,,,1,6,,,,,,,,,,,,,,,,,,,,,,,,,,,,,,,,,,,,,,,,,,,,,,,,,,,,,,,,,,,,,,,,,,,,,,,,,,,,,,,,,,2,,
3477,,1,,,,,,1,,,,,,1,3,,,,1,1,,,,,,,,,,,,1,,,2,,,,,,,,,1,,,,,,,,,2,,,,,,,,,,,,,,1,1,,,,,,1,,,,,,,,,2,,,,,,,,,,,4,,,,,,
3478,,,1,,2,,,,,,,,,,,,,,,,,,,,,,,,,,,,,,,,,,,,,,,,,,,,,,,,,,,,,,,,,,,,,,,,,,,,,,,,,,,,,,,,,,,,,,,,,,,,,1,,
3479,,,,,,,,,,,,,,,,,,,,,,,,,,,,,,,,,,,,,,,,,,,,,,,,,,,4,,,,,,,,,,,2,,,,,,,,,,,,,,,,,1,4,,,,,,,,,,,,,,,,,2,,,
3480,,,,,,,,,,,,,,,,,,,,,,,,,,,,,,,,,,,,,,,,,,,,,,,,,,,,1,,,,,,,,,,,,,,,,,,,,,,,,,,,,,,,,,,,,,,,,,,,,,,,,
3481,,,,,,,,,,,,,,,,,,,,,,,1,,,,,,,,,,,,,,,,,,,,,,,,,,,,4,,,,,,,,,,1,3,,,1,,,,,,,,,,,,,,,1,,,,,,,,,,,,,,3,,,4,,,
3482,,,,,,,,,,,,,,,,,,,,,,4,,,,,,,,,,,,,,,,1,,,,,,,1,,,,,,,,,,,,,,,,,,,,,,,,,,,,,,,6,,,,,1,,,,,1,,,,,,,,,,,,,,
3483,,,,,,,,,,,,,,,,,,,,,,,2,,,,,3,,,,,,,,,,,,,,1,,,,,,,,,,,,,,,,,,,,,,,,,,,,,,,,,,,,,,,,,,,,,,,,,,,,,3,,,,,
3484,,,,,,,,,,,,,,,,,,,,,,,,,,,,,,,,,,,,,,,,,,,,,,,,,,,,,,,,,,,,,,,,,,,2,,,,,,,,,,,,,,1,,,,,,,,,,,1,,,,,,,,
3485,,,,,,,,,,,,,,,,,,,,,,,,,,,,,,,,,,,,,,1,,,,,,,,,,,,,,,,,,,,,,,,,,,,,,,,,,,,,,,,,,,,,,,,,,,,,,,,,,,,,,
3486,,,,,,,,,,,,,,,,,,,,,,,,,,,,,,,,,,,,,,,,,,,,,,,,,,,,,,,,,,,,,,,,,,,,,,,,,,,,,,3,,,,,,,,,,,,,,,,,,,,,,
3487,,,,,,,3,,,,,,2,,,,,1,4,,,,,,,,,,,,,4,,,,,,,,,,,,,,,,,,,,,,3,,,,2,,,,,,,5,,,,,,,,,,,3,3,,,,,,,,,,1,,,,,,,4,,,,,,
3488,,,,,,,,,,,,,,,,,,,,,,,,,,,,,,,,,,,,,,,,,,,,,,,,,,,,,,,,,,,,,,,,,,,,,,,,,,,,,,,,,,,,,,2,,,,,,,,,,,,,,
3489,,,,2,,2,,3,,,,,1,2,,,,,,,,1,,,,,,1,,,,,1,,3,,2,,,1,3,,1,,,,,,,1,,,,,,2,,,,,,1,,,,,,,,,,,,,2,,,,,2,7,,1,1,,,,,,1,,,,,,1,2,,,
3490,,,,,,,,2,,,6,,,7,,,,,,,,,,,,,,,,,,,,,,,,,,,,,,,,5,,,,,9,,,,,,,,,,,1,,,2,,,,,,,,,,,,,,,,,,,,,,1,,,,,,,,6,,,4,,
3491,,,,,,,,,,,,,,,,,,,,,,,,,,,,,,,,,,,,,,,,,,1,,,,,,,,,,,,,,,,,,,,,,,,,,,1,,,,,,,,,,,,,,,,,,,,,,,,,,,,,,,
3492,,,,1,,,,,,,,,,,,,,,4,,,,,,,,,,,,,,,,,,,,,,,,,,,,,,,,,,,,,1,,,,,,,,,,,,,,,,,1,,,,,,,,,,,,,,,,,,,,3,,,,,,,
3493,,,,,,,1,,,,,,,,,,,,,,,,,,,,,,,,,,,,,,,,,,,,,,,,,,,,,,,,,,,,,,,,,,,,,1,,,,,,,,,,,,,,,,,,,,,,,,,,,,,,,,
3494,2,,,,,1,,,,1,,1,,,,,,,,,,,,,,,,,,,,,,,,,1,,,,,1,,,,,,,,2,,,,,,1,,1,,4,,,,,,1,1,,,,,1,,,,,,,,,3,,,,1,,1,,,,,,,,,,,,1,1
3495,,,,,,,,,,,,,,4,,,,,,,,,,,,,,,,,,,,,,,,,,,,1,,,,,,,,,,,,,,,,,,,,,,2,,,,,,,,,,,,,,,,,,,,,,,,,,,,,,,,,,,,
3496,,,,,,,,,,,,,,,1,,,,3,,,,,,,,4,,,,,,,,,,,,,,,,,,,,,,,,,,,,,,,,,,,,,,,,,,,,,,,,,,,,,,,,,,,,,,,,,,,,,,,,,
3497,,,,,,,,,,,,,,,,1,,,,,,,,,,,,,,,,,,,,,,,,,1,,,,,,,,,,,,,,,,,,,,,,,,,,,,,,,,,,,,,,,,,,,,,,,,,,,,,,,,,,,
3498,,,,,,,,,,,,,,,,,,,,,,,,,,,,,,,,,,,,,,,,,,,,,,,,,,,,,,,,,,,,,,,1,,,,,,,,,,,,,,,,,,,,,,,,,,1,,,,,,,,,,,
3499,,,,,,,,,,,,,,,,,,,,,,,,,,,,2,,1,,,,,,,,,,,,,,,,,,,,,,,,,,,,,,2,,,,,,,,,,,,,,,,,,,,,,,,,,,,,,,,,,,,,,,,
3500,,,3,,,,,,,,,,,,,,,,,,,,,,,,,,,,,,,,,,,,,,,,,,,,,,,,,,,,,,,,,,,,,,,,,,,,,,,,,,,,,,,,,,,,,,,,,,,,,,1,,,
3501,,,,,,,,,,,,,,,,,,,,,,,,,,,,,,,,,,,,,,,,,,,,,,,,,,,,,,,,,,,,,,,,,,,,1,,,,,,,,,,,,,,,,,,,,,,,,,,,,,,,,
3502,,3,,,,,,1,,,2,2,,,1,,,4,,,,,,,,,,,,,,4,,,,,,,,1,1,,,,,,,,,,,,,,3,,,,,,,,,,,,,,,,,,,,,3,,,,,,,,,,,,,,,,,,,,,,,,
3503,,,,,,,,,,,,,,,,,,,,,,,,,,,,,,,,,,,,,,,,,,,,4,,,,,,,,,,,,,,,,,,,,,,,,,,,,,,,,,,2,,,,,,,,,,,,,,,,,,,,,,
3504,,,,,,,,,,,,,4,,3,,,,,,,,,3,,,,,,,,,,,,,1,,,,,,,,,,,,,,,,,2,1,,,,,,,,,,10,,,,,,,,,,,3,2,,,1,,,,,,,,,,,,,,3,,,,,,
3505,,,,,,,,,,,,,,,,,,,,,,,,,,,,,,,,,,,,,,,,,,,,,,,,,,,,,,,,,,,,,,,,,,,,,,,,,,,,2,,,,,,,,1,,,,,,,,,,,,,,,,
3506,,,,,,,,,,,,,,,,,,,,,,,,,,,,,,,,,,,,,,,,,,,,,,,,,,,,,,,,,1,,,,,,,,,,,,,,,,,,,,,,,,,,,,,,,,,,3,,,,,,,,,
3507,,,,,,,,,,,4,,,,,,,,,,,,,,,,,1,,,,,,,,,,,,,,,,,,,,,,,,,,,,,,,,,,,,,,,,,,,,,,,,,,,,,,,,,,,,,,,,,,,,,1,,,
3508,,,,,,,,,,,,,,,,,,,,,,1,,,,,,,,,,,,,,,,,,,2,,,,2,,,,,,,,,,,,,,,,,,,,,,,,,,,,,,,,,,,,,,,,,,,,5,,,,,,,,,,,
3509,,,,,,,,,,,,,1,,,,,,,,,,,,,,,,,,,,,,,,,,,,,,,,,,,,,,,,,,,,,,,,,,,,,1,,,,,,,,,,,,,,,,,,,,,,,,,,,,,,,,,,
3510,,,,,,,,,,,,,,,,,,,,,,,,,,,,,,,,,,,,,,,,,,,,,2,,,,,,,,,,,,,,,,,,,,,,,,,,,,,,,,,,,,,,,,,,,,,,,,,,,,,,,
3511,,,,,,,,,,,,,,,,,,,,,,,,,,,,,,,,,,,,,,,,,,,,,,,,,,,,,,1,,,,,,,,1,,,,,,,,,,,,1,,,,,,,,,,,,,,2,,,,1,,,,,,,,
3512,,,,,,,,,,,,,,,,,,,,,,,,,,,,,,,,,,,,,,,,,,,,,,,,,,,,,,,,,,,,,,,,,,,,,,,,,,,,,,,,,,,,,,,,,,,,,1,,2,,,,,
3513,,,1,,,,,,,,2,,1,,,,,,,,,,,2,,,,,,,,,,,,,,,,,,,2,,,3,,,,,,,,,,,,3,,,,,4,,,,,,,,,,,,,,,1,1,,1,1,2,,1,3,1,,,,,,1,,,,,,,5
3514,,,,,,,,,,,,,,,,,,,,,,,,,,,,,,,,,,,,,,,,,,,,,,,,,,,,,,,,,,,,,,,,,,,,,,,,,,,,,,,,,,,,,,,,,,,1,,,,,,,,,
3515,,,,,,,,,,,,,,,,,,,,,,,,,,,,,,,,,,,,,,,,,,,,,,,,,,,,,,,,,2,,,,,,,,,,,,,,,,,,,,,,,,,,,,,1,,,,,5,,,,,,,,,
3516,,,,,,,,,,,,,,,,,,,,,,,,,,,,,,,,,,,,,,,,,,,,,,,,,,,7,,,,,,,,,,,1,,,,,,,,,,,,,,,,,,1,,,,,,,,,,,,,,,,,4,,,
3517,,,,,,,,,,,,,,,,,,,,,,,,,,,,,,,,,,,,,,,,,,,,,,,,,,,,1,,,,,,,,,,,,,,,1,,,,,,,,,,,,,,,,,,,,,,,,,,,,,,,,,
3518,,1,,,,,,,,,,,,,,,,,,,,,,,,,,,,,,,,,,,,,,,,,,,,,,,,,,,,,,,,,,,,,,,,,,,,,,,,,,,,,,,,,,,,,,,,,,,,1,,,,,,
3519,,,,,,,,,,,,,,,,10,,,,,,,,,,,,,,4,,,,,,,,,,,1,,,,,,,,,,,,,,,,,,,,,,,,1,,,,,,,,,,,,,,,,,,,,1,,,,,,,,,,,,,,,
3520,,,,,,,,,,,,,,,,,,,,,1,,,,,,,,,,,,,1,,,,,,,,,,1,,,,,,,,,,,,,,,,,,,,,,,,,,2,,,,,,,,,,,,,,,,,,,,,,,,2,,,,,,
3521,,,,,,,,,,,,,,,,,,,,,,,,,,,,,,,,,,,,,,,,,,,,,,,,,,,,,,,,,,,,,,,,,,,,,,,,,,,,,,,,,,,,,,,,,,,,,,,,,,,,
3522,,,,1,1,,,,,,,,,,,,,,,,,,,,,,,,,,,,,1,,,2,,,,,,,,,,,,,,,,,,,,,,,,,,1,,,,,,,1,,,,,,,,,,,,,,,,,,,,,,,,,,,,,,
3523,,,,,,,,1,,,,,,,,,,,,,,,,,,,,,,,,,,,,,,,,,,,,,,,,,,,9,,,,1,,,1,,,,3,,,,,,,,,,,,,,,,,,1,,,,,,,,,,,,,,,,,5,,,
3524,,,,,,,,,,,,,,,,,,,,,,,,,,,,1,,,,1,,,,,,,,,1,,,,,,,,,,,,,,,,,,,,,,,,,,,,,,,,,,,,1,,,,,,,,,,,,,,,,,,2,,,,,
3525,,,,,,,,,,,,,,,,,,,,,,,,,,,,,,,,,,,,,,,,,,,,,,,,,,,,,,,,,,,,,,,,,,,,,,,,,,,,,,,,,,,,,,,,,,,,,,2,,,,,,
3526,,,,,,,,,1,,,,,,,,,,,,,,,,,,,,,,,,,,,,,,,,,,,,,,,,,,,,,,,,,,,,,,,,,,,,,,,,,,,,,,,,,,,,,,,,,,,,,,,,,,,
3527,,,,,,,,,,,,,,,,,,,,,,,,,,,,,,,,,,,,,,,,,,,,,,,,,,,,,,,,,,,,,,,,,,,,,,,,1,,,,,,,,,,,,,,,,,,,,,,,,,,,,
3528,,,,,,,,,,,,,,,,,1,,,,,,,,,,,,,,,,,,,,,,,,,,,,,,,,,,,,,,,,,,,,,,,,,,,,,,,,,,,,,,,,,,,,,,,,,,,,,,,,,,,
3529,,,,4,,,,,,,,,,,,,,,,,,,,,,,,,,,,,,,,,,,,,,,,,,,,,,,,,,,,,,,,,,,,,,,,,,,,,,,,,,,,,4,1,,,,,,,,,,,,,,,,,,
3530,,,,,,,,,,,,,1,,2,,,,,,,2,,2,,,,,,,,3,,,,,,,,,,,,,,,,,,,,,,1,1,,,,,,2,,,2,,,,2,,,,,,,,2,5,,,,,,,,,,,,,,1,,,1,,,,,,
3531,,,,,,,,,,,5,,,8,,,,,,,,,,,,,,,,,,,,,,,,,,,,,,,,9,,4,,,8,,,,,,,,,,,10,,2,6,,,,,,,,,,,,,,,,,,,,,,4,,,,,4,,,1,,,6,,
3532,,,,,,,,,,,,,,,,,,,,,,,,,,,,,,,,,1,,,,,,,,,,,,,,,,,,,,,,3,,,,,6,,,,,,,,,,,,,,,,,,,,,,,,,1,,,,,,,,,,,,,,,
3533,,,,,,,1,,,,,,,,,,,,,,,1,,,,,,,1,,,,,,,,,,,,,,,2,,,,,,,,,,,,,,,,,,,,,,,,,,,,,,,,,,,,,,,,,,,,,,,1,,,,,,,,,
3534,,,,,,,,,,,,,,,,,,,,,,,,,,,,4,,,,,,,,,,,,,,,,,,,,,,,,,,,,,,,,8,,,,,,,,,,,,,,,,,,,,,4,,,,,,,,,,,,,,,,,,,
3535,,,2,,,,,,3,,,,,,,,,,,,,,,,,,,3,,,,,,,,,,,,,,,,,,,,,,,,,,,,,,,,1,,,,,,,,,,,,,,,,,,,,,,,,,,,,,,,,,,,,,,,,
3536,,,,,2,,,,,,2,,,,,,,,2,,,,2,,,,,,,,,,,,,,,,,,,,,,,9,,4,,,6,,,,,,,,,,,7,1,3,,,,,,3,,,,,2,3,,,,,1,,,,,,2,,,,,3,,,5,,,4,,2
3537,,,,,,,2,,2,1,,,,1,,1,3,,2,,2,,,1,,1,,,,,,,,,,,,,,,,,,,,,,,,,,,,1,,,,2,,,,,,1,,,,,,,2,,,,1,,,1,,,1,1,,,,,,,,,3,,,1,,,,,,
3538,,,,,,,,,,,,7,,,,,5,,,3,,,,6,,,,8,,,,,,,,,,,,5,,,6,,,,,,,,,,,,,,,,,,,,,,,,,,,,,1,,,,,,,,,,,,,,,,,,,,,,,,,,,,
3539,,,,,,,,,,,,,,8,1,,,,,,,,,,,,2,,,,,,,,,,,,,,,,,,,,,,,1,,,,,,,,,,,,,,1,,,,,,,,,,,,,1,,,,1,,,,,,1,,,,,,,,,,,,,
3540,,,,,,,,,,,,,,,,,,,,,,,,,,,,,,,,,,,,,,,,,,,,,,,,,,,,,,,,,,1,,,,,,,,,,,,,,,,,,,,,,,,,,,,,,,,,,,2,,,,,,,
3541,,,,,,,,,,,,2,,,,,1,,,4,,,,6,,,,5,,,,,,,,,,,,2,,,3,,,,,,,,,,,,,,,,,,,1,,,,,,,,,,,,,,,,1,1,,,,,,,,,,,1,,,,,,,,,,
3542,,,,,,,,,,,,,,,,,,,,,,,,,,,,,,,,,,,,,,,,,,,,,,,,,,,,,,,,,,,,,,,,,,,,,,,,,,,,,,2,,,,,,,,,,,,,,,,,,,,,,
3543,,,,,,,,,,,,,,,,,,,,,,,,,1,,,,,,,,,,,,,,,,,,,,,,,,,,,,,,,,,,,,,,,1,,,,,,,,,,,,,,,,,,,,,,,1,,,,,,,,,,,,,
3544,,1,,1,2,,,,,,1,,,,,,,,,,,,,1,1,,2,,,,1,,,,,,,,,,,,,,,2,,,,2,2,,,,,2,,1,,,,2,,,,,2,,,,,,2,,2,,,,,2,1,,2,,,2,,,,,,2,,2,,2,,1,,2
3545,,,,,,,,,,,,,,,,,,,,,,,,,,,,,,,,,,,,,,,,,,,,,,,,,,,,,,,,,,,,,,,,,,,,,,,,,,,,,,,,,,,,,,,,,,,,,,,,,,,,
3546,,,,,,,,2,,3,,,,8,2,,,,,,,,2,,,,,,,,,,,,,,,,4,,,,,2,,6,,,,,2,,,,,,,,,,,,,,7,,,,,,,,,,,,,,,,,,,,,,3,,,,,,,2,5,,3,12,,
3547,,,,,,,,,,,,,,,,,,,,,,,,,,,,,,,3,,,,,,,,,,,,,,,,,6,,,,,,,,,,,,,,1,,,,,,3,,,,,,,,,,,,,,,,,,,,3,,,,,,,,4,,,,
3548,,,,,,,,,,,,,,,,,,,1,,,,,,,,1,,2,,,,,,,,,,,,,2,,,,,,,,1,,,,,,,,,,,,,,,,,,2,,,,,,,,,,,,,,,,1,,,,2,,1,,,,,,,,,,
3549,,,,,,,,,,,,,,8,,,,,1,,,,,,,,,,,,,,,,,,2,,,,,,,,,8,,3,,,7,,,,,,,,,,,3,,,1,1,,,,,,,,,,,,,,,,,,,,,2,,,,,,,,7,,,5,,
3550,,,,,,,,,,,,,,,,,,,,,,,,,,,,,,,,,,,,,,,,,,,,1,,,,,,,,,,,,,,,,,,,,,,,,,,1,,,,,,,,,,,,,,,,,,,,,,,,,,,,,,
3551,,,,,,,,,,1,,,3,,,,,,,,,,,,,,,,,,,2,,,,,,,,,,,,,,,,,,,,,,4,,,,,,,2,,,,,,,1,,,1,,,,,4,1,,,,,,,,,,,,,,,,,3,,,,,,
3552,,,,,,,,,,,,,,,,,,3,,,,,,,,,,,,1,,,,,,,,,,,,,,,,,,,,,,,,,,,,,,,,,,,,,,,,2,,1,,,,,,,,,1,,,,,,,,,,,,,,,,,,1,
3553,,,,,,,,,,,,,,,,,,,,,,,,,,,,,,,,,,,,,,,,,,,,,,,,,1,,,,,,,,,,,,,,,,,,,,,,,,,,,,,,,,,,,,,,,,,,,,,,,,,,,
3554,,1,,,,,,,,,,,1,,,,,,,,,,,,,,,,,,,,,,,,,,,,,,,,,,,,,,,,,,,,,,,,,,,,,,,,,,,,,,,,1,,1,,4,,,,,,,,,,,,,,,,,,,
3555,,,,,,,,,,,,,,,,,,,,,,,,,,,,,,,,,,,,,,,,,,,,,,1,,,,,,,,,,,,,,,,,,,,,,,,,,,,,,,,,,,,,,,,,,,,,,,,,,,,,,
3556,,,,,,,,,,,,,,,,,,,2,,,,,,,,,,,,,,,,,,,1,,,,,,,,,2,,,,,,,,,,,,,,,,,,,,,,,,,,,,,,,,,,,,,,,,,,,2,,,2,,,,,,,
3557,,,,,,,,,,,,,,,,,,,,,,,,,,,,,,,,,,,,,,,,,,,,,,,,,,,,,,,,,,,,,,,,,,,,,,,,,,,,,,,,,,,,,,,,,,,,,,,,,,,,
3558,,,,,,,,,,,,,,,,,,,,,,,,,,,,,,,,,,,,,,,,,,,,,,,,,,,,,,,,,,,,,,,,,,,,,,,,,,,,,,,,,,,,,,,,,,,,,,,,,,,,
3559,,,,,,,,,,,,,,,,,,,,,,,,,,,,,,,,,,,,,,,,,,,,,,,,,,,,,,,,,,2,,,,,,,,,,,,,,,,,,,,,,,,,,,,,,,,,,,,,,,,,,
3560,,,2,2,,,,,1,,2,1,,,,1,,3,,1,,,1,,2,,1,,,,1,,1,,,1,,,,,2,1,1,2,,,,,,,,2,,,2,,,,,,,2,1,,,1,1,,,,,1,,,,,,,1,,,,1,1,,2,1,,2,1,,,,,2,,,,,1
3561,,2,5,3,3,,,,,,,,,,,,,1,,,,,,,,,,,,,,,,,,,,1,,,,,,,,,,,,,,,,,,,2,,,3,,,,,,,,,,,,,,,,,,,,,2,,,,,,,,,1,,,1,,,,,,,
3562,,,,,,,,,,,,,,,,,1,5,,,,,,,,,,,,,,,,,,,,,,,,,,,,,,,,,2,,,,,,,,,,2,4,,,,,,,,,,,,,,,,,,3,,,,,,,,,,,,,,,,,3,,,
3563,,,,,,,,,,,,,,,,,,,,,,,,,,,,,,,,,,,,,,,,,,,,,,,,,,,,,,,,2,,,,,,,,,,,,,,,,,,,,,,,,,,,,,,,,,,,,,,,,,,,,
3564,,1,,2,,,,,,,,,,,,,,,,1,,,,,,,,,,,,,,,,,,,,,,,,,,,,,,,,,,,,,,,,7,,,,,,,,,,,,,,,,,,,,,,,,,,,,,,,,,,,,,,,,
3565,1,2,,,,,,2,,,,,,2,1,,,1,2,2,,,,,,1,,,,,,,,,2,,,,,,,,,2,,,,,,,,,4,2,,,,,,,,,,,,,,,1,,1,,1,2,,1,,,2,1,,,1,2,1,,,,1,,,,,,,,,,,
3566,,,,,,,,,,,,,,,,,,,,,,,,,,,,,,,,6,,,,,,,,,,,,1,,,,1,1,,,,,4,,,,1,,,,,,,8,2,,,,,,,,,,,4,,,,,,,,,1,,1,,,,,,,,,,,,
3567,,,,,,,,,,,,4,,,,,2,,,4,,,,8,,,,4,,,,,,,,,,,,4,,,4,2,,,,,1,,,,,,2,,,,,,,,,,,,,,,,,,,,,,,,,,,1,,,,,,,,,,,,,,,,,,
3568,,,,,,,,,,,,,,,,,,,,,,,,,,,,,,,,,,,,,,,,,,,,,,,,,,,,,,,,,,,,,,,1,,,,,,,,,,,,,,,,,,,,,,,,,,,,,,,,,,,,,
3569,,,,,,,,,,,,,,,,,,,,,,,,,,,,,,,,,,,,,,,,,,,,,,,,,,,,2,,,,,,,,,,,,,,,,1,,,,,,,,,,,,,,,,,,,,,,,,,,,,,,,,
3570,1,1,1,1,1,1,1,1,1,1,1,1,1,1,1,1,1,1,1,1,1,1,1,1,1,1,1,1,1,1,1,1,1,1,1,1,1,1,1,1,1,1,1,1,1,1,1,1,1,1,1,1,1,1,1,1,1,1,1,1,1,1,1,1,1,1,1,1,1,1,1,1,1,1,1,1,1,1,1,1,1,1,1,1,1,1,1,1,1,1,1,1,1,1,1,1,1,1,1,1
3571,,,,,,,,,,,,,,,,3,,,,,,,,,,,,,,,,,,,,,,,,,,,,,,,1,,,,,,,,,,,,,,1,,,,,,,,,,,,,,,,,,,,,,,,6,,,,,,,,,,,,,,,
3572,,,,,,,,,,,,,,,,,,,,,,,,1,,,,,,,,,,,,,,,,,,,,,,,,,2,,,,,,,,4,,,,,,,,,,,,,,,,1,,,,,,,,,,,,,,1,,,,,,,,,,,,,
3573,,,,,,,,,,,,,,,,,,2,,,,,,1,,,,,,,,,,,,,,,,,,,,,,,,,,,,,,,,,,,,,,,,,,,,,,,,,,,,,,,,,,,,,,,,,,,,,,,,,,,,
3574,,,,,,,,,,,,,,,,,,1,,1,,,,,,,,,,,,1,,,,,,,,,,,,,,,,,,,,,,,,,,,,,,,,,,,,,,1,,,,,,,,,,,,,,,,,,,,,,,,,,,,,,
3575,,,,,1,,,,,1,,,1,6,,,,,3,,,1,1,,,,1,1,,1,1,1,1,1,4,,,,1,,,,1,1,1,,,,,1,1,,,1,,,,1,1,,,,,1,,,,,,4,1,,,,1,,,,,1,,,1,,,1,,,,1,,,,1,,,,1,,
3576,,,,,,,,,,,,,,,,,,,,,,,,,,,,,,,,,,,,,,,,,,,,,,,,,,,,,,,1,,,,,,,,,,,,,,,,,,,,,,,,,,,,,,,,,,,,,,,,,,,,,
3577,,,,1,,,,,,,,,,,,,,,,,,,,,3,,,,,,,,,,,,,,,,,,,,,,,,,,,,,,,,,,,,,,,,,,,,,,,,,,,,,,,,,,,,,,,,,,,,,,,,,,,
3578,,,,,,,,,,,,,,,,,,,,,,,,,,,,,,,,,,,,,,,,,,,,,,,,,,,,,,,,,,,,,,,,,,,,,,,,,,,,,,,,,,,,,,,,,,,,,,,,,,,,
3579,,,,,,,,,,,,,,,,1,,,,,,,,,,,,,,,,,,,,,,,,,,,,,,,,,,,,,,,,,,,,2,,,,,,,,,,,,,,,,,,,,,,,,,,,,,,,,,,,,,,,,
3580,,,,,,,1,5,,2,,,,6,3,,,,,,,,7,,,,,,,,,,,,,,,,1,,,4,,,,5,,,,2,5,,,,,,,,,,,3,,,4,,,,,,,,,,,,,,,,,,,,,1,5,,,,,,,,9,1,,8,,
3581,,,,,,,,,,,,,,,,,,,,,,,,,,,,,,,,,,,,,,1,,,,1,,,,,,,,,6,,,,,,,2,,,,3,,,,,,,,,,,,,,,,,,2,,,,,,,,,,,,,,,,,1,,,
3582,,,1,,3,,,1,1,1,,,1,,,1,1,,,,,,2,,,,1,,2,1,,,,,,,,,,,,,,,1,1,1,,1,,,,1,,,,,,,,,1,,,,,,,1,,1,,1,,,,1,1,,,3,,,,1,,,,,,,,,,,1,,,,
3583,1,,,,,,,,,,,,,,,,,,,,,,,,,,,,,,,,,,,,7,,,,,,,,,,,,,,,,,,,,,,,,,,,,,,,,,,,2,,,,,,,,,2,,,,,,,,,,,,,,,,,,,
3584,,,,,,,,,,2,,,,,,,,,,,,,,,,,,,,,,,,,,,,,,,3,,,,,,,,,,,,,,,,,,,,,,,,,,,,,,,,,,,,,,,,,,,,,,,,,,,,,,,,,,,
3585,,,2,,,,,1,,,6,,,9,,,,,,1,,,8,,,,,,,,,,,,,,,,,,,,,5,,6,,4,,,6,,,,,,,,,,,10,1,,3,1,,,,,,,,,,,1,,,,,,,,,,4,,,,,,,,7,,,9,,
3586,,,,,,,,,,,,,,,,,,,,,,,,,,,,,,,,,,,,,,,,,,,,,,,,,,,,,,,,,,,,,,,,,,,,,,,,,,,,,,,,,,,,,,,,,,,,,,,,,,,,
3587,,,3,,,,,,,,,,,,,,,,,,,,,,,,,,,,,,,,,,,,,,,,,,,,,,,,,2,,,,,,,,,,,,,,,,,,,,,,,,,,,,,,,,,,,,,,,,,,,,,,,,
3588,,,,,,1,2,,,,,1,,,,1,,,1,,,,,,,,,,,,1,,,,,1,,,,,,,,,,,1,,,,,,1,,,1,,,,,,,,,,,,1,1,,,,,1,,,,,,,,,1,1,,,,,,,,,,,,,,,,
3589,1,1,1,1,1,,,1,,,1,1,1,1,1,,,,1,1,,1,,1,,,1,,1,1,1,,1,1,,,1,,,,2,1,1,,1,1,,,1,,1,1,1,,,,,,,1,1,1,,1,,1,1,,1,3,1,,,1,,1,1,1,,,1,,1,1,1,,1,1,,1,,,1,1,,1,1,,,1
3590,,,,,,,,,,,,,,,,,,,,,1,,,,,,,,,,,,,,,,,,,,,,,,,,,,,,,,,,,,,,,,,,,,,,,,,,,,,,,,,,,,,,,,,,,,,,,,,,,,,,,
3591,,,,,,,,,,,,,,,,,,,,,,,,,,,,,,,,,,,,,,,,,,,,,,,,,,,,,,,,,,,,,,,,,,,,3,,,,,,,,,,,,,,,,,,,,,,,,,,,,,,,,
3592,2,,,2,2,,,,,,,,,,,,,,,,,,,,,,,,,,,,,,,,,,,,1,,,,,,,,,,,,,,,,,,,,,,,,,25,,,,2,,,,,,,,,,,,,2,,1,,,1,,,,,,,,,,,,
3593,,,,,,,,,,,,,,,,,,,,,,,,,,,,,,,,,,,,,,,,,,,,,,,,,,,,,,,,,,,,,,,,,,,,,,,,,,,,,,,,,,,,,,,,,,,,,,,,,,,,
3594,,,,,,,,2,,,,,,,,,,,,,,,,,,,,,,,,,,,,,,,,,,,,,,,,,,,1,,,,,,,,,2,,4,,,,,,,,,,1,,,,,,,,2,,,1,,,,,,,,,,,1,,,1,,,
3595,,,,,,,,,,,,3,,,,,2,,,2,,,,4,,,,4,,,,,,,,1,,,,4,,,7,,,,,,,1,,,,,,,,,,,,,,,,,,,,,,,,,,,,,,,,,,,,,,,,1,,,,,,,,,,1
3596,,,,,,,,,,,,,,,,,,,,,,,,,,,,,,,,,,,,,,,,,,,,,,,,,,,,,,,,,,,,,,,,,,,,,,,,,,,,,,,,,,,,,,,,,,,,,,,,,,,,
3597,1,,1,,,,,,,1,,1,,,1,,,,,,1,,,,1,,,,,1,1,,1,,,,,,,,,1,,,,,1,,,,,1,,,1,,,,1,,,,1,,,,,,1,,,,,1,,,,,,1,,1,,,1,1,1,,,,,,,,,,,,,
3598,,,,,,,,,,,,,,,,,,,,,,5,,,,,,,,,,,,,,,,,,,,,,,,,,,,,,,,,,,,,,,,,,,,,,,,,,1,,,,5,,,,,,,1,,,,,,,,,,,,,,,,,
3599,,,,,,,,,,,,,,,,,,,,,,,,,,,,,,,,,,,,,,,,,,,,,,,,,,,,,2,,,,,,,,,,,,,,,,,,,,,,,,,,,,,,,,,,,,,,,,,,,,,,,
3600,,,,,,,,,,,,,,,1,,,,,,,,,,,,,,,,,,,,,,,,,,,,,,,,,,,,,,,,,,,,3,,,,1,,,,,,,,,,,,,,,,,,,,,,,,1,,,,,,,,,,,,,
3601,,,3,,,,,,,,,,,,,,,,,,,,,,,,,,,,,,,,,,,,,,,,,,,,,,,,,,,,,,,,,,,,,,,,,,,,,,,,,,,,,,2,,,,,,,,,,,,,,,,,,,
3602,,,,,,,,,,,1,,,,,,,,,,,,,,,,,,,,,,,,,,,,,,,,,,,,,,,,,,,,,,,,,,,,,,,,,,,,,,,,,,,,,,7,,,,,,,,,,,,,,,,,,,
3603,,,,,,,,,,,,,,,1,,,,,,,,1,,,,,,,,,,,,,,,,,3,,,,,,,,,,,,,,,,,,,,,,,,,,,,1,,,,,,,,,,,,,,,,,,,,,,,,,,,,,,,,
3604,,,,,,,,,,,,,,,,,,,,,,,,,,,,,,,,,,,,,,,,,,,,,,,,,,,,,,,,,,,,,,,,,,,,,,,,,,,,,,,,,,,,,,,,,,,,,,,,,,,,
3605,1,,,,,,,2,,,,,,,,,,,3,,,,,,,,,,,,,,,,,,,,,,,,,,,,,,,,,,,,,,,,,,,,,,,,,,,,,,,,,,,,,,,,,,,,,,,,,,,,,,,,,
3606,,,,,,,,1,2,,1,,,,8,,,,3,,,,,,,,,,,1,,,3,2,,,,,,,,,,,,6,,6,,,,,,,,,,,,,1,11,4,2,,1,,2,,2,2,,,,6,3,,,,,3,,1,,,,1,,,,,2,,,7,,,3,1,2
3607,,,,,,,,,,,,2,,1,,,,,,,,1,,,,,,,,,,1,,,,,,1,,,,,,,,,,,,,,,,,,,,,2,,,,,,,,,,,,,,,,,1,,,,,,,,,,,,,,,,,,,,,,,,
3608,,,,,,,,,,,,,1,,,,,,,,,,,,,,,,,,,,,,,,,,,,,,,,,,,,,3,,,,,,,,,,,,,,,,,,,,,,,,,,,,,,,,,,,,,,,,,1,,,,,,,,,
3609,,,,,,,,,,,,,,,,,,,,,,,,,,,,,,,,,,,,,,,,,,,,,,,,,,1,,,,,,,,,,,,,,,,,,,,,,,,,,,,,,,,,,,,,,,,,,,,,,,,,,
3610,,,,,,,2,,2,,,,,,,,,,,,,,,,2,,,,,,1,,,,3,2,,,,,,,,,,,,3,,,,,,,,,,,,,,,,,,,,,,,,1,,,,2,,,,,,,,,1,,,,,,,,,,,2,,,,
3611,,,,,,,,,,,,,,,,,,,1,,,,,,,,,,,,,,,,,,,,,,,,,,,,,,,,,,,,,,,,,,,,,,,,,,,,,,,,,,,,,,,,,,,,,,,,,,4,,,,,,,
3612,,1,,2,,,,,,,,,,,,,,,,,,,,,,,,,,,,,,,,,,,,,,,,,,,,,,,,,1,,,,,,,,,,,,,,,,,,,,,,,1,,,,,5,,,,,,,,,,,,,,,,,,,
3613,,,,,,,,,,,,,,,,,,,,,,,,,,,,,,,,,,,,,,,,,,,,,,,,,,,6,,,,,,,,,3,,1,,,,,,,,,,,,1,,,,,,3,,,,,,,,,,,,,,,,,3,,,
3614,,,,3,,,,,3,,,,,,,,,,,,,,,,,,,1,,,,,,,,,5,,,,2,,,,,1,,1,,,,,,,,,,,,,,,,,,,,,,,,,,,,,,,,,5,,,,,,,,,,,,,,,,,,,
3615,,1,,,,,,,,,,,,,,,,,,,,,,,,,,,,,,,,,,,,,,,,,,,,,1,,,2,,,,,,,,,1,,,,,,,,,,,,,,,,,,,,,,,,,,,,,,4,,,,,,,,,,,
3616,,,,,,,,,,,,,,,,,,,,,,,,,,,,,,,,,,,,,,,,,,,2,,,1,,,,,,,,,,,,,,,,,,,,,2,,,,,,,,,,,,,,,,,,4,,,,,1,,,,,,,,1,,2
3617,,,,,,,,,,,,,,,,,,,,,,,,,,,,4,,,,,,,,,,,,,,,,,,,,,,,,,,,,,,,,4,,,2,,,,,,,,,,,,,,,,,,,,,,,,,,,,,,,,,,,,,
3618,,,,,,,,,1,,,,,,,,,,,,,,,,,,,,,,,,,,,,,,,,,,,,,,,,,,,,,,,,,,,,,,,,,,,,,,,,,,,,,,,,,,,,,,,,,,,,,,,,,,,
3619,1,,,,,,,,,1,1,,,,,,,,,1,,,,,,,,,,1,,,,,,,,,,4,1,1,,,,,,,,,1,,,,,,,,,,,,,,,,,,,,,,,,,,,,1,,,1,,,1,,2,,,,,,3,1,2,,,1,,
3620,,,,,,,,,,,,,,,,,,,,,,,,,,,,2,,,,,,,,,,,,,,,,,,,,,,,,,,,,,,,,,,,,,,,,,,,,,,,,,,,,,,,,,,,,,,,2,,,,,,,,,
3621,,,,,,,,,3,,,,,,,,2,,,,,,2,,,,,,,,,,1,,,,,,,,,2,,,,,,,,,,,,,,,,,,,,,,,,,,,,,,,5,,,,3,,,1,,,,,,,,,,,,,,,,,,,,
3622,,,,,,,,,,,,,,,,,,,,,,,,,,,,,,,,,,,,,,,,,,,,,,,,1,,,,,,,,,,,,5,,,,,,,,,,,,,,,,,,,,,,,,,,,,,,,,2,,,,,,,,
3623,,,,,,,,,,,,,,,,,,,,,,,,,,,,,,,,,,,1,,,,1,,,,,,,,,,,,,,,,,,,,,,,,,,,,,,,,,,,,,,,1,,,,,,,,,,,,,,,,,,,,,,
3624,,,,,,,,3,,,,,,3,,,,,,,,,8,,,,,,,,,,,,,,,,1,,,,,,1,7,,,,,5,,,,,,,,,,,8,,,6,,,,1,,,,,,1,,,,,,,,,,,,3,,,,,,,,8,,,6,,
3625,,,,,,,,,,,,,,,,,,1,,,,,,,,,,,,,,,,,,,,,,,,,,,,,,,,,,,,,,,,,,,,,,,,,,,,,,,,,,,,,,,,,,,,,,,,,,,,,,,,,,
3626,,,,,,,,,1,,,,,,5,,,,,,,,,,,,,,,,,,,,,,,,,,,,,,,,,,,,,1,,,,,,,,,,,,,,26,,,,,,,,,,,4,2,,2,,,3,,,,,6,,,,,,2,,,,,,
3627,,,,,,,,,,,,,,,,,1,,,,,,,,,,,,,,,,,,,,,,,,,,,,,,2,,,,,,,,,,,,,,,,,,,,,,,,,,,,,,,,,,,,,,,,,,,,,,,,,,,,,
3628,,,,,,,,,,,,4,,,,,7,,,4,,,,7,,,,3,,,,,,,,,,,,3,,,5,,,,,,,,,,,,,4,,,,,,,,,,,,,,,,,,,,,,,,,,,,,,,,,,,,,,,,,,,,
3629,,,,,,,,,,,,,,,,,,,,,,,,,,,,,,,,,,,,,,,,,,,,,1,,,,,,,,,,,2,,,,,,,,,,,,,,,,,,,,,,,,,,,,,,,,,,,,,,,,,,,,
3630,,,,,,,,,,,,,,,,,,,,,,,,,,,,,,,,,,,,,,,1,,,,,,,,,,,,1,,,,,,,,,,,,,,,,,,,,,,,,,,,,,,8,,,,,,,,,,,,,,,,,,,
3631,1,,,,,,,,,,,,,,,,,,1,,,,,,,,,,,,,,,,,,,,,,,,1,,,,,,,,,,,,,,,,,,,,,,,,,,,,,,,,,,,,,,,,,,,,,,,,1,,,,,,,,,
3632,,,,,,,,,6,,,,,,,11,,1,,1,,1,,,,2,,2,,,,,,,,,,,,,1,,,,,3,2,,,,,1,,,,,,,,,,,,,,,1,,,,5,5,,,,,2,,3,1,5,,,,,,,3,4,,2,,,,3,,,,,
3633,,,,,,,,,,,,,,,,,,,,,,,,,,,,,,,2,,,,,,,,,,,,,,,,,,,,,,,,,,,,,,,,,,,,,,,,,,,,,,1,,,,,,1,,,,,,,,,,,,,,,,,
3634,,,,,,,,,,,,,,,,,,,1,,,,,,,,,,,,,,,,,,,,,,,,,,,,,,,,,,,,,,,,,,,,,,,,,,,,,,,,,,,,,,4,,,,,,,,,,,,,,,,,,,
3635,,,,,,,,,,,,,,,,,,,,,,,,,,,,,,,,,,,,,,,,,,,,,,,,,,,,,,,,,,,,,,,,,,,,,,,1,,,,1,,,,,,,,,,,,,,,,,,,,,,,,,
3636,,,,,,,,,,,,,,,,,,,,,,,,,,,,,,,,,,,,,,,,,,,,,,3,,,,,,,,,,,,,,,,,,,,,,,,,,,,,,,,,,,,,,,,,,,,,,,,,,,,,,
3637,,,,1,,,,2,,,1,,,3,2,,,,3,3,,,,1,,,,,,,,,,,1,,,,,,,,,3,,,,,,,,,3,1,,,,,,,,,,,,,,,,,,,,,,,,,1,,,,3,1,1,,,,1,,,,,,,,,,,
3638,,,,,,,,,,,,,1,,,1,,,,,,,,,,,,3,,,,,,,,,,,,,,,4,,,,,,,,,,,,,,,,,,,,2,,,,,,,2,,,,,,,,,,,,,,,6,,,,,,,,,,,,,,,7
3639,,,,,,,,,,1,1,,,,,,,3,,,,,,,,,1,,,,,,,,,,,1,,,,,,,,,,,,,5,,,,,,,,,,,2,,,,,,,,,,,,,,,,,,5,,,,,,,,,,,,,,,,,3,,,
3640,,,,,,,,,,,,,,,,,,,,,,,,,,,,,,,,,,,,,,,,,,,,,,,,,,,,,,,,,,,,,,,,,,,,,,,,,,,,,,,,,,,,,,,,,,,,,,,,,,,,
3641,,,,,,,,,,,,,,,,,,,,,,,,,,,1,,,,,3,,,,,,,,,,,,,,,,,,,,,,,,,,,,,2,,,,,,,,,,,,,,,,,,,,,,,,,,,,,,,,,,,,,,,
3642,,,,,,,,,,,,,,,,,,,,,,,,,,,,,,,,,,,,,,,,,,,,,,,,,,,,,,,,,,,,,,,,,,,,,,,,,,,,,,,,,1,,,,,,,,,,,,,,,,,,,
3643,,,,,,,,,,,,,,,,,,,,,,,,,,,,,,,,,,,,,,,,,,,,,,,,,,,,,,,,,,,,,,3,,,,,,,,,,,,,,,,,,,,,,,,,,,,,,,,,,,,,,
3644,1,,,,,,,,,,,,,,,,,,,,,3,,,,,,,1,,,,,,,,,,,,,,,,,,,,,,,,,,,,,,,,,,,,,,,,,,,,,,,,,,,,,,,,,1,,,,,,,,,,,,,,
3645,,,,,,,1,,,,,,,,,,,,,,,,,1,,,,,,,,,,,,,,,,,1,,,,,,,,,,,,,,,,,,,,,,,,,,,,,,,,1,,,,,,,,,,,,,,,,,,,,,,,,,,,
3646,,,,,,,,,,,,,,,,,,,,,,,,,,,,,,,,,,,,,,,,,,,,,,,,,,,1,,,,,,,,,,,,,,,,,,,,,,,,,,,,,,,,,,,,,,,,,,,,,,,,,
3647,1,,,,,,,,,,2,,,,2,,,,,,3,,,,,,,,,,,,,,,,,,,,,,3,,,,,,,,,,,,,,,,,,,,,,,,,,,,,,,,,3,,3,,,,,,,5,,,,,,,,,,,,,,,8
3648,,,1,,,,,,,,,,,,,,,,,,,,,,,,,,,,,,,,,,,,,,,,,,,,,,,,,1,,,,,,,,,,,,,,,,,,,,,,,,,,,,,,,,,,,,3,,,1,,,,,,,,,
3649,,,,,,,,,,,,,,,,,,,,,,,,,1,,,,,,,,,,,,,,,,,2,,,1,,,,,,8,,,,,,,,,1,,5,,,,,,,,,,,,,,,,,,4,,,,,,,,,,,,,,,,,2,,,
3650,1,1,1,1,1,1,1,1,1,1,1,1,1,1,1,1,1,1,1,1,1,1,1,1,1,1,1,1,1,1,1,1,1,1,1,1,1,1,1,1,1,1,1,1,1,1,1,1,1,1,1,1,1,1,1,1,1,1,1,1,1,1,1,1,1,1,1,1,1,1,1,1,1,1,1,1,1,1,1,1,1,1,1,1,1,1,1,1,1,1,1,1,1,1,1,1,1,1,1,1
3651,,,,,,,,,,,,,,,,,,,,,,,,,,,,,,,,,,,,,,,,,,,,,,,,,,,,,,,,,,,,,,,,,,,,,,,,,,,,,,,,,,,,,,,,,,,,,,,,,,,,
3652,,,,3,,1,,3,2,1,1,,4,4,,,,,,,,2,,,,1,,2,,,,,,,1,,4,,,,1,,,,,,,,,,,,,,,1,,,,,,,,,,,,1,,,,,,,1,,,,,3,6,,3,,,,,,,,,,,,1,2,2,,,
3653,,1,,1,,,,,3,,,,,,,11,,,,,,1,,,,5,,,,,,,2,,,,,3,1,2,,,,1,,,2,,1,,,,,1,2,,,,,1,,,,2,2,2,7,,,1,2,5,,,,,,,1,,5,,,,,,,,3,,2,1,6,,3,,3,,,
3654,,,,,,,,,,,,,,,,,,,,1,,,1,,1,,,,,,,,,,,,,,,,,,,,,,1,,,,,,,,,,,,,,,,,,,,,,,,,,1,,,,,,,,,,,,,,,2,,,,,6,,,,,,,
3655,,,,,3,,,,,,,,,,,,,,,,,,,,,1,,,,1,,,,,,,,,,,,,,,,,,,,,,,,,,,,,,,1,,,,,,,,,,,,,,,,,,,,,,,,,,1,,,,,,,,,,,,,
3656,,,,,,,,,,,,,,,,,,,,,,,,,,,,,,,,,,,,,,,,,,,,,,,,,,,,,,,,,,,,,,,,,,,,,,,,,,,1,,,,1,,,,,,,,,,,,,,,,,,,,,
3657,,,,,,,,,,,,8,,,,,4,,,6,,,,7,,,,5,,,,,,,,,,,,1,,,2,,,,,,,,,,,,1,,,,,,,,,,,,,,,,,,,,,,,,,,,,,,,,,,,,,,,,,,,,,
3658,,,,,,,,,,,,,,,,,,,,,,,,,,,,,,,,,,,,,,,,,,,,,,,,,,,,,,,,,,,,,,,,,,,,,,,,,1,,,,,,,,,,,,,,,,,,,,,,,,,,,
3659,,,,,,,,,4,,,,,,,,,,1,,,,,,,,,,,,,,,,1,,,1,,,,,,,,,,2,,,,,,,,,,,,,,,,,,,,,,,,,,,,,2,,,,,,,,,,,,,,,,,,,,,,,
3660,,,,,,,1,,,,3,,,,,,,,,,,,,,,,,,,1,3,,,,6,,,,,,,,,,,,,4,,,,,,,,,,,,1,,,,,,,,,,1,,,,,,,1,,,,,,4,,,,,,,,,,,,,4,,,,
3661,,,,1,,,,,,,,,,,,,,,2,,,1,,,,,,,3,1,,,,,,,,,,,,,,,,,,,,,,,,,,,,,,,,,,,1,2,1,3,,,2,,1,,,,,,1,,,,,,,,,2,,3,,,,,,,,,,1
3662,,,,,,,,,,,4,,,,,,,,,,,,,,,,,,,,,,,,,,,,,,,,,,,5,,5,,,7,,,,,,,,,1,,7,,1,7,,,,,,,,,,3,,,,,,,,,,,,2,,,,1,,,,4,,,12,,
3663,,,,,,,,,,,,,,,,,,,,,2,,,,,,,,,,,,,,,,,,,,,,,,,,,,,,,,,,,,,,,,,,,,,,,,,,,,,,,,,,,,2,,,,,,,,,,,,,,,,,,,
3664,,,,,,1,,,,,,,,1,,,,,,,,,,,,,,,,,,,,,,,,,,,,,,,,,,,,,,,,,,,,,,,,,,,,,,,,1,,,,,,,,,,,,,,,,,,,4,,,,,,,,,,,
3665,,,,1,,2,,2,,,,,3,1,,,,,,,,,,,,,,3,,,1,,1,,3,,1,,,2,4,,,,,,,,,,,,,,,3,,,,,,,,,,,,,,,,1,,,,,,,,,9,,2,,1,,,,,,,,,,,,3,,,
3666,,,,,,,,,,,,,,,,,,,,,,,,,,,,,,,,,,,,,,,,,,,,,,2,,,,,,,,,,,,,,,,,,,,,,,,,,,,,,,,,1,,,,,,,,,,,,,,,,,,,,,
3667,,,,,,,,,,,,,,5,,,,,,,,,,,,,,,,,,,,,,,,,,,,,,,,,,,,,,,,,,2,,,,,,,,,,,,,,,,,,,,,2,,,,,,,,,,,,,,,,3,1,,,,,,
3668,,,,,,,,,,,,,,,,,,,,,,,,,,,,1,,,,,,,,,,,,,,,,,,,,,,,,,,,,,,,,,,,,,,,,,,,,,,,,,,,,,6,,,,,,,,,,,,,,,,,,,
3669,,1,,,,,,4,,,,,,1,,,,3,,,,,,,,,,,,,,4,,,,,,1,,4,2,,,,,,,,,,,,1,,1,,2,,,,,,,,,,,,2,,,,,,,,,,,,,,,,,,,,,,,,,,,,,,,
3670,,,,,,,,,,,,,,,,,,,,,,,,,,,,,,,,,,,,,,,,,,,,,,,,,,,,,,,,,,,,,,,,,,,,,,,,,,,,,,,,,,,,,,,,,,,,,,,,,,,,
3671,,,,4,,,,,,,,,,,,,,,,,,,,,,,,2,,,,,,,,,,,,,,,,,,,,,,,,,,,2,,,,,,,1,,,,,,,,,,,,,,1,,,,,,,,,,,,,,,,,,1,,,,,,
3672,,,,,,,,,,,,,,,,,,,2,,,,,,,,,,,,,,,,,,,,,,,,,5,,,,,,,,,,,,,,,,,,,,,,,,,,3,,,,,,,,,,,,,,,,,,,,,,,,,,,,,,
3673,,,,,,,,,,,,,,,1,,1,,,,,1,,,1,,,,,,,,,,,,,,,1,,1,,,1,,,,,,,,2,,,,,1,,,1,,,1,,,,1,,1,,,,,,2,6,1,,,1,,,1,,,,,,,2,,,,,,,,,
3674,,,,,,,,,,,,,1,,,,,,,,,,,,4,,,,,,,,,,,,,,,,,,,,,,,,,,,,,,,,,,,,,,,,,,,,,,,,,,,,,,,,,,,,,,,,,,,,,,,,,,,
3675,,,,,,,,,,,,,,,,9,,,,,,,,,,,,,,,,,,,,,,,,,,,,,,,,,,,,,,,,,,,,,,,,,,,,,,,,,2,,,,,,,,1,,,,,,1,,,,,,,,,,,,,
3676,,,,2,,1,,1,,,,,2,3,,,,,,,,1,,,,,,6,,,,,,,2,,3,,,,2,,,,,,,,,,,,,,,3,,,,1,1,,,,1,,1,,,,,,,,1,,,,,1,8,,2,,,,,,1,,,,,,,,1,,,
3677,,,,,,,,,,,,,,,,,,,,,,,,,,,,,,,,,,,,,,,,,,,,,,,,,,,,,,,,,,,,,,,,,,28,,,,,,,,,,,,,,,,,,,,,,,,,,,,,,,,,,
3678,,,,,,,,,1,,,1,,,2,,,,,2,,,,,,1,,2,,,,,,,,,,,,,,,,,,,,,,,,,,,,,,,1,8,,,1,,,,1,1,1,,,,,,,,,,,,,,,,,,,,1,,,,,,,1,,,,
3679,,,,,,,,5,,,,,,5,,,,,,,,,3,,,,,,,,,,,,,,,,2,,,,,,,2,,,,4,4,,,,,,,,,,,4,,,9,,,,,,,,,,,,,,,,,,,,,,5,,,,,,,1,2,,1,10,,
3680,2,,,,,,,,,,,,,,,,,,,,,,,,,,,,,,,,,,,,,,,,,,,,,,,,,,,,,,,,,,,,,,,,,,,,,,,,,,,,,,,,,,,,,,,,,,,,,,,,,,,
3681,,,,,,,,,1,,,,,,,,,,,,,,1,,,,,,,,,,,,,,,,,,,,,,,,,,,,,,,,,,,1,,,,,,,,,,,,,,,,,,,,,,,,,,,,,,1,,,,,,,,,,,,
3682,,,,,1,,,,,,3,,,3,,,,,3,,,,,,,,,,,2,1,,,3,,,,,,,,,2,,,9,,2,,4,8,,,,,,,1,,2,,6,,,9,,,,,,,,,,5,1,,,,1,,,,,,,1,,,,,,,,5,,,3,,
3683,,,,,,,,,,,,,,,,,,,1,,,,,,,,,,,,,,,,,,,,,,,,,,,,,,,,,,,,,3,,,,,,,,,,,,,,,,,,,,,,,,,,,,,,,,,,,,,,,,,,,,
3684,,,,,,,,,,,,,,,,,,,,,,,,,,,,,,,,,,,,,,,,,,,,,,,,,,,,,,,,,,,,,,,,,,,,,,,,,,,,,,,,,,,,,,,,,,,,,,,,1,,,,
3685,,,,,,,,,,,,,,,,,,,,,,,,,,,,,,,,,,,,,,,,,,,,,,,,,,,1,,,,,,,,,,,,,,,,,,,,,,,,,4,,,,,,,,,,,,,,,,,,,,,,,,
3686,,,,,,,,,,1,,,,,,,,1,,,1,,,,,,,,,,,,,,,,1,,,,,,1,,1,,,,,1,,,1,,,,,,,,,,,,,1,,,,,,,,,2,,,,,,,,1,,,,,,1,,,,,,,,,1,,
3687,,,,,,,,1,,,,,,,,,,,,,,,,,,,,,,,,,,,,,,,,,,,,,,,,,,,,,,,,,,,1,,,,,,,,,,,,,,,,,,,,,,,,,,,,,,,,,,,,,,,,,
3688,,,1,1,,1,1,1,,1,,,1,1,,1,,,1,1,1,,,,,1,,1,,,,,,1,1,,,2,1,,,1,,,,,1,1,1,,,1,,1,,1,1,,,1,,1,,1,1,1,1,,1,1,1,1,,1,,1,,,,,1,,1,,1,,,1,,1,,,1,,,1,,1,,
3689,,1,,,,1,,1,,1,,,1,,1,1,1,,,,1,,1,1,,,,1,,,,,1,,1,,,,,1,1,3,,,,,,,1,,1,,,,,,,,,,,,1,1,,,,1,,,,,6,,,,4,,,2,1,,1,,,,,,,,1,,,,,1,1,,1,
3690,,,,1,,,,,,,,,,,,,,,,,,,,,,,,,,,,,,,,,,,,,,,,,,,,,,,,,,,,,,,,3,,,,,,,,,,,,,,,,,,,,,,,,,,,,,,,,,,,,,,,,
3691,,,1,1,,,,1,2,,1,1,,,,1,,1,1,2,,,2,,1,,2,,1,,2,,2,,,,,,,1,1,2,2,1,,,,,,,,1,,,1,,1,,1,,,1,2,,1,1,2,,,1,,1,,,,,,,2,,,,2,1,,1,2,,1,2,,,,,1,,,,,
3692,,,,,,,,,,,,,,,,,,,,,,,,,,,,,,,,,,,,,,,,,,,,,,,,,,,,,,,,,,,,,,,,,,,,,,,,,,,1,,,,,,,,,,,,,,,,,,,,,,,,,
3693,,,,,,,,,,,,,,,,,,,,,,,,,1,,,,,,,,,,,,,,,,,,,,,,,,,,,,,,,,,,,,,,,,,,,,,,,,,,,,,,,,,,,,,,,,,,,,1,,,,,,,
3694,,,3,,,,,,2,,,,,,,,,2,,2,,,,,,,,2,1,,,,,,1,,2,,,,,,,,,5,,,2,,,,,,,,,,,,,1,,,,,,,,,,,,,,,,,,,,,,2,,,,,,1,,,,,,2,2,1,,
3695,,,,,,,,,,,,,,,,,,1,,,,,,,,,,,,,,,,,,,,,,,,,,,,,,,,,5,,,,,,,1,,,,2,,,,,,,,1,,,,,,,,,,5,,,,,,,,,,,,,,,,,4,,,
3696,,,2,,,,,,,,,,,,,,,,,,,,,,,,,,,,,,,,,,,,,,,,,,,,,,,,,,,,,,,,,,,,,,1,,,,,,,,,,,,,,,,,,,,,,,,5,,,,1,,,,,,,
3697,,,,,,,,,,,,,,,,,,,,,,,,,,,,,,,,,,,,,,,,,,,,,,,2,,,,,,,,,,,,1,,,,,,,,,,,,,,,,,,,,,,,,,,,,,,,,,,,,,,,,,
3698,,,,,,,,1,,,,1,,,,,,1,,,,2,,,,,,,,,,,,,,,,,,,,,,,3,,,,,,,,,,,,,,1,,,,,,,,,,,,,,,,,4,1,1,,,,,1,,,,,,,,,,,,,,,,,
3699,1,,,,1,,1,1,,,1,,1,,1,,,,,,2,,,1,,,,,,1,,1,,1,1,,,,,,,3,3,1,,1,,,,,,,1,,,,,,,,,,,,,,1,1,,,,,,1,1,,,1,,,,,,,5,1,,,1,,,,,1,,,,2,,3
3700,,3,,,,,,3,,,2,1,,,,,,4,,,,,,,,1,,,,,,1,,,,,,,,3,4,,,,,,,,,,,,,,4,,,,,,,,,,,,,,,,,,,,,3,,,,,,,,,,,,,,,,,,,,,,,,
3701,,,,,,,,,1,,,,,,,8,,,,,,,,,,,,,,5,,,,,,,,,,,,,,,,,,,,,,,,,,,,,,,,,,,,,,,,,,,,,,,,,,,,,,,5,,,,,,,,,,,,,,,
3702,,,,,,,,,,,,,,,,,2,,,,,,,,,,,,,,,,,,,,,,,,,,,,,,,,,,,,,,,,,,,,,,,,,,,,,,,,,,,,,,,,,,,,,,,,,,,,,,,,,,,
3703,,,,,,,,,,,,,,,,,,,,,,,,,,,,,,,,,,,,,,,,,,,,,,,,,,,,,,,,,1,,2,,,,,1,,,,,,,,,,,,,,,,,,,,,,,,,,,,,5,,,,,,,
3704,1,1,,,1,1,1,,,1,1,,,,1,1,1,,1,1,,,,1,,,1,,,1,,,1,,1,1,1,,,,1,,,,1,1,1,1,1,,,1,,,1,1,1,,1,,1,,1,1,,1,,,,,1,,,1,1,,1,,1,,1,1,1,,,1,1,,,,1,,,1,1,1,,,,1
3705,,,,,,,,,,,,,,,,,,,,,,,,1,,,,,,,,,,,,,,,,,,,,,,,,,,1,,,,,,,,,,,,,,,,,,,,,,,,,,,,,,,,,,,,,,,,,,,,,,,,,,2
3706,,,,,,,,,,,,,,,,,,,,,,,,,,,,,,,,,,,,,,,,,,,,,,,,,1,,,,,,,,3,,,,,,,,,,,,,,,,,,,,,,,,,,,,,,,,,,,,,,,,,,,
3707,,,,,,,,,,,,,,,,,,,,,,,,,,,,,,,,,,,,,,,,,2,,,,,,,,,,,,,,,,,,,,,,,,,,,,,,,,,,,,,,,,,,,,,,,,,,,,,,,,,,,
3708,,,,,,,,,,,,,,,,9,,,,,,,,,,,,,,,,,,,,,,,,,,,,,,,,,,,,,,,,,,,,,,,,,2,,,,,,,,,,,,,,,,,,,,,,,,,,,,,,,,,,,
3709,1,1,1,1,1,1,1,1,1,1,1,1,1,1,1,1,1,1,1,1,1,1,1,1,1,1,1,1,1,1,1,1,1,1,1,1,1,1,1,1,1,1,1,1,1,1,1,1,1,1,1,1,1,1,1,1,1,1,1,1,1,1,1,1,1,1,1,1,1,1,1,1,1,1,1,1,1,1,1,1,1,1,1,1,1,1,1,1,1,1,1,1,1,1,1,1,1,1,1,1
3710,1,,,,,,,,,,,,,,,,1,,,,,,,,,,,,,,,,,,,,,,,,,,,,,3,,,,,,,,,,,,,,,,,,,,,,,,,,,,,,,,,,,1,,,,,,,,,,,,,,,,,,,
3711,,,,,,,,,,,,,,,,,,,,,,,,,,,,,,,,,,,,,,,,,,,2,,,,,,,,,,,,,,,,,,,,,,,,,,,,,,,,,,,,,,,,,,,,,,,,,,,,,,,,,
3712,,,1,,,,,,,,,,,,,,,,,,,,,,,,,,,,1,,,,,,,,,,,,,,,,,,,,,,,,,,,,,,,,,,,29,,,,,,,,,,,,,,,,,,,,,,,,,,1,,,,,,,,
3713,,,,,,,,,,,,,,,,,,,,,,,,,,,,,,,,,,,,,,,,,,,,,,5,,,,,1,,,,,,,,,,,,,,,,,,,1,,,,,,,,,,,,,,,,,,,,,,,,,,,,,,
3714,,,,,,,,,,,,,,,,,,,,,,,,,,,,,,,,,,,,,,,,,,,,,,,,,,,,,,,,,,,,,,,,,,,,,,,,,,,,,,,,,,,,,,,,,,,,,,,,,,,,
3715,,,,,,,,,,,,,,,,,2,,,,,,,,,,,,,,,,,,,,,,,,,,,,,,,,,,,,,,,,,,,,,,,,,,,,,,,,,,,,,,,,,,,,,,,,,,,,,,,,,,,
3716,,1,,,,,,,,,1,,,,,,,,,,2,,,5,,,1,,,,,,,,,1,,,,,,1,3,,,,,,,1,,,,,,,,,,,,,,,,,,,,,,,1,,,1,,,,,,,,,1,,1,,,2,1,,,,,,,,,3
3717,,,1,1,2,2,,,1,,,,,1,2,,,2,,,,,,,,,1,,,,,1,,,1,1,,,1,1,,1,,,,,2,,,,,2,,,,,,2,,1,1,,,1,,1,,,,2,,,,,1,,,,,,,,1,,1,,1,2,2,,,,,,2,1,,,,2
3718,,,,,,,,,,,,,,,,,,,,,,,,,,,,,,,,,,,,,,,,,,,,,,,,,,,,,,,,,,,,,,,,,,,,,,,,,,,,,,,,,,,,,,,,,,,,,,,,,,,,
3719,,,,,,1,,,,,,,,,,,,,1,,,,,,,,,,,,,,,,,,,,,,,,,1,,,,,,,,,,,,,,,,1,,,,,,,,,,,,,,2,,,,,,,,,,,,,,,,,,,,,,,,,,
3720,,,,,5,,,,6,,,,,,,,,,,2,,,,,,6,,,,,,,,,,,,1,,1,,,,,,2,1,,,,,,,,,,,,,,,,,1,1,3,3,,,,1,4,,,,,3,,2,,4,,,1,,,,,2,,3,,5,,2,,,,,
3721,,,,,,,,,,,,,,,,,,,,,,,,,,,,,,,,,,,,,,,,,1,,,,,,,,,,,,,,,,,,,,,,,,,,,,,,,,,,,,,,,,,,,,,,,,,,,,,,,,,,,
3722,,,,,,,,,,,,,,,,,,,,,,,,,,,,,,,,,,,,,,,,,,,,,,,,,,,,,,,,,2,,,,,,,,,,,,,,,,,,,,,,,,,,,,,,,,,,,,,,,,,,,
3723,,,,,,,1,,,,,,4,,1,,,,,,,,,,,,,,,,,5,,,,,,,,,,,,,,,,,,,,,,5,,,,,,,1,,,,9,,,,,,,,,,,,3,,,,,,,,,,,,,,,,,3,,1,,,,
3724,,,,,,,,,,,,,,,,,,,,,1,,1,,,,3,5,,,1,,,,,,,,,,,2,,,,,,,,,,,,,,,,,1,,,2,,1,,,1,,,,,,,1,,,,,,,2,,,,1,,,,,1,,1,,,,,,,,
3725,,,,,,,,,,,,5,,,,,5,,,1,,,,1,,,,1,1,,,,1,,,,,,,2,,,2,,,,,,,,,,,,,,,,,,,,,,,,,,,,,,,,,,,,,,,,,,,,,,,,,,,,,,,,,
3726,,,,,,,,,,,,,,,,,,,,1,,,,,,,,,,,,,,,,,,,,,,,,,,,,,,,,,,,1,,,,,,,,,,,,,,,,,,,,,,,,,,3,,,,,,,,,,,,,,,,,,,
3727,,,,,,,,3,1,,3,,,,6,,,,1,,,,,,,,,,,,,1,2,3,,1,,,,,,,,,,8,,2,,,,,,,,,,,,,,10,2,2,,,,1,1,4,,,,,7,2,,,,,2,,2,,,,3,1,,,,2,,,6,1,,2,1,2
3728,,,,,,,,,,,,,,,,1,,,,,,,,,,,,,,,,,,,,,,,,,,,,,,1,,,,,,,,,,,,,,,,,,,,,,,,,,,,,,,,,,,,,,,,,,,,,,,,,,,,,,
3729,1,1,1,1,1,1,1,1,1,1,1,1,1,1,1,1,1,1,1,1,1,1,1,1,1,1,1,1,1,1,1,1,1,1,1,1,1,1,1,1,1,1,1,1,1,1,1,1,1,1,1,1,1,1,1,1,1,1,1,1,1,1,1,1,1,1,1,1,1,1,1,1,1,1,1,1,1,1,1,1,1,1,1,1,1,1,1,1,1,1,1,1,1,1,1,1,1,1,1,1
3730,,,,,,,,,,,,,,,,,,,,,,,,,,,,,,,,,,,,,,,,,,,,,,,,,,,,,,,,,,1,,,,,,,,,,,,,,,,,,,,,,,,,,,,,,,,,,,,,,,,,,
3731,,,,,,,,,,,,,,,,,,,,,,,,,,,,,,,,,,,,,,,,,,,,,,,,,,,,,,,,,,,,,,,,,,,,,,,,,,,,,,,,,,,,,,,,,,,,,,,,,,,,
3732,,1,,1,1,1,3,1,3,1,1,1,,1,,1,1,1,1,,,,,1,3,1,,,1,1,2,,,,1,1,1,1,1,1,,,,1,,1,1,1,1,1,1,,,,1,,,1,1,,,1,1,,1,,1,,,,,1,1,1,,1,1,,1,,1,,1,,1,1,1,,1,1,1,1,,,1,1,1,,,1
3733,,1,,,,1,,,,,,,,2,1,2,,,,,6,,2,1,1,,2,1,5,,1,1,1,1,,4,3,1,1,2,1,,1,1,1,3,1,,2,,,,,,,,1,,3,2,,,,,,,,,,,1,1,2,1,1,,,,,,,1,,,,,,1,,,,2,1,,,,,,1,
3734,,,,,,,,,,,,,,,,,,,,,,,,,,,,,,,,,,,,,1,,,,,,,2,,,,,,,,,,,,,,,,,,,,,,,,,,,,,,,,,,,,,,,,,,,,,,,,,,,,,,,,
3735,1,,,,,,,,,,,,,,,,,,,,,,,,,,,,,1,,,,,,,,,,,,,,,,,,,,,,,1,,,,,,,,,,,,,,,,,,,,,,,,,,,,,,,,,,,,,,,,,,,,,,1,
3736,,,1,,,,,,,,,,,,,,,,,,,,,,,,,,,,1,,,1,,,,,,,,,,,,,1,,,,,,,,,,,,,,,,,,,,1,,,,,,,,,,1,,,,,,,,,,,,,,,,,,,,,,,
3737,,,,,,1,,,,,,,,,,,,,4,,,,,,,,,,,,,,,,,,,,,,,,,,,,,,,,,,,,,,,,,,,,,,,,,,,,,,,,,,,,,,,,,,,,,,,,,,,,,,,,,
3738,,,,,,,,,,,,,,,,,,,,,,,,,,,,,,,,,,,,,,,,,,,,,1,1,,,,,,,,,,,,,,,,,,,,,,,,,,,,,,,,,,,,,,,,,,,2,,,,,,,,,,,
3739,,,,,,,,,,,,,,,,,3,,,3,1,,,8,,,,7,,,,,,,,,,,,5,,,5,,,,,,,,,,,,,,,,,,,,,,,,,,,,,,,,,,,,,,,,,,,,,,,,,,,,,,,,,
3740,,,,,,,,,,,,,,,,,,,,,,,,,,,,,,,,,,,,,,,,,,,,,,2,,,,,,,,,1,,,,,,,,,,,,,,,,,,,,,,,,,,,,,,,,,,,,,,,,,,,,,
3741,,,,,,,,,,,,,,,,,,,,,,,,,,,,,,,,,,,,,,,,,,,,,,,,,,,,,,,,,,,,,,,,,,,,,,,,,,,,,,,,,,,2,,,,,,,,,,,,,,,,,
3742,,,,,,,,,,,,,,4,,,,,,,3,,3,,,,2,,3,,1,,,,,2,1,,,,,,,,,1,3,,2,,,,,1,1,,,,3,2,,,,,,,,1,,,,,2,,,,,,,,1,3,,,,,,3,1,,,2,3,,,,,,3,
3743,,,,,,,,,,,,3,,,,,1,,,4,,,,7,,,,6,,,,,,,,,,,,5,,,4,1,,,,,,,,,,,,,,,,,,,,,,,,,,,,,,,,,,,,,,,,,,,,,,,,,,,,,,,1,
3744,,,1,1,1,1,,,2,1,,,,,1,,,1,1,,1,,,,,,2,,1,,,1,,,2,2,,,,,,2,,,,,1,,,,,1,,,,,,1,,1,2,,,2,,2,,,,1,,,,,2,,,1,,,,1,2,,2,,,1,1,,,1,,,1,,,,,1
3745,,,,,,,,2,3,,4,,,,7,,,,3,,,,,,,,1,1,,,,,,1,,,,,,,,,,,,7,,6,,,,,,,,,,1,,,,8,3,1,,,,3,,1,1,,,,5,1,,,,,,1,,,,,4,2,,,2,1,,,6,,,1,,1
3746,1,1,1,1,2,,1,1,2,2,1,2,,,,2,,1,2,,1,1,1,2,2,2,2,1,1,1,1,,,,1,1,,,1,1,2,2,1,1,1,2,1,1,,,,2,2,1,1,2,1,2,1,1,,2,1,2,2,1,,1,2,,,1,,2,,2,1,,2,1,1,1,,1,1,,1,1,,,,2,2,2,2,1,,1,1,1
3747,,,,,,,1,,,,,,,,,,,,,,,,,,,,,,,,,,,,,,,,,,,,,,,,,,,,,,,,,,,,,,,,,,,,,,,,,,,,,,,,,,,,,,,,,,1,,,,,,,,,3,,
3748,1,1,1,1,1,1,1,1,1,1,1,1,1,1,1,1,1,1,1,1,1,1,1,1,1,1,1,1,1,1,1,1,1,1,1,1,1,1,1,1,1,1,1,1,1,1,1,1,1,1,1,1,1,1,1,1,1,1,1,1,1,1,1,1,1,1,1,1,1,1,1,1,1,1,1,1,1,1,1,1,1,1,1,1,1,1,1,1,1,1,1,1,1,1,1,1,1,1,1,1
3749,,,,,4,,1,,3,,,,,,,1,,,,5,,,,,,3,,,,,,,2,,,3,,2,,,,1,,,,,,,,,,,,,,,,,,,,1,,2,,3,4,,,,2,3,,,,,3,,4,,1,,,3,,,,4,1,,6,,6,,3,,4,,,
3750,,,,,,,,,,,,,,,,,,,,,,,,,3,,,,,,,,,,,,,,,,,,,,,,,,,,,,,,,,,2,,,,,,,,,,,,,,,,,,,,,,,,,,,,,,,,,,,,,,,,,,
3751,,,,,3,,,,4,,,,,,,,,,,4,,,,,1,2,,,,,,,3,,,4,,2,,,,,,,,,,,,,,,,,,,,,,,,,2,2,,2,5,,,,2,1,,,,,1,,4,,3,,,2,,,,1,2,,6,,3,,1,,,,,
3752,,,,,2,,,,,,,,,,,,,,,,,,1,,,,,,1,,,,,,,,,,,,,,,,,,,,,,,,,,,,,,,,,,,,,,,,,,,,,,,,,,,,2,,,,,,,,,,,,,,,,,,,
3753,,,,,,,,,,,,,,,,,,,,,,,,,,,,,,,,,,,,,,,,,,,,,,,1,,,,1,,,,,,,,,,,,,,,,,,,,,,,,,,,,,,,,,,,,,,,1,,,,,,,,,,
3754,,,,,,,,,,,,,,,,,,,,,,1,3,,,,,,,,,,1,,,,,,,,,2,,,,,,,,,,,1,,,,,,,,,,,,,,,,,,,1,,,,,,,,,,,,1,,,,,,,,,,,4,1,,,,
3755,,,1,,,,,,,,,,,,,,,,,,,1,,,2,,,,,,,,,,1,,,,,,1,,,,,,,,,,,,,,,,,,1,,,,,2,,,,,,,,,,,1,,,,,,,,,,,,,1,,,,,,,1,,,,,
3756,,,,,,,,,,,,,,,,,,,,,,,,,2,,,,,,,,,,,,,,,,,,,,,,,,,,,,,,,,,,,,,,,,,,,,,,,,,,,,,,,,,,,,,,,,,,,,,,,,,,,
3757,,,,,,,,,,,,,,,,5,,,,,,,,,,,,1,,,,,,,,,,,,,,,,,,,,,,,,,,,,,,,,,,,,,,,,,,,,,1,,,,,,,,2,,,,,,,,,,,,,,,,,,,
3758,2,,,,,,,,,,,,,,,,,,,,,,,,,,,,,,,,,,,,,,,,,,,,,,,,,,,,,,,,,,,,,,,,,,,,,,,,,,,,,,,,,,,,,,,,,,,,,,,,,,,
3759,,,,,,,,,,,,,,,,10,,,,,,,,,,,,,,,,,,,,,,,,,,,,,,,,,,,,,,,,,,,,3,,,,,,,,,,,,,,,,,,,,,,,,,,,,,,,,,,,,,,,,
3760,,,,,,,,,,,,,,,,,,,,,,,,,,,,,,,,,,1,,,,,,,,,,,,,,,,,,,,,,,,,,,,,,,,,,3,,,,,,,,,,,,,,,,,,,1,,,,,,2,,1,,,,,
3761,,,,,,,,,,,,,,,,,,,,,,,,,,,,,,,,,,,,,,,,,,,,,,,,,,,,,,,,,,,,,,,,,,,,,,,,,,,,,,,,,3,,,,,,,,,,,,,1,,1,,,,
3762,,,,,,,,,,,,,,,,,,1,,,,,,,,,,,,,,,,,,,,,,,,,,,,,,,,,,,,,,,,,,,,,,,,,,,,,,,,,,,,,,,,,,,,,,,,,,,,,,,,,,
3763,,,,,,,,,,,,,,,,,,,,,,,,,,,,,,,,,,,,,,,,,,,,,,,,,,,,,,2,,,,,,,,,,,,,,,,,,,,,,,,,,,,,,,,,,,,,,,,,,,,,,
3764,,,,,,,,,,,,,,,,,,,,,,,,,,,,1,,,,,,,,,7,,,,,,,,,,,,,,,,,,,,,,,,,,,,,,,,,,,,,,,,,,,,10,,,,,,,,,,,,,,,,,,,1
3765,,,,,,,,1,,,,,,,1,,1,3,,,,,,,,,,,,,,,,,,,,1,,1,,,,,,,,,,,,,,1,1,1,,,1,,,,,,,,,,,,,,1,,,,,1,,1,,,,,,2,,,,,,,,,,1,,,,1
3766,,,5,,3,,,,,,,,,,,,,,,,,,,,,,,,,,,,,,,1,,,,,,,,1,,,,,,,,,,,,,1,,,,,,,,,,,,,,,,,,,,,,,,,,,,,,1,,,,,,,,,,,,,
3767,,,,,,,,,,,,,,,,,,,,,,,,,,,,,,,,,,,,,,,,,,,,,,,,,,,,,,,4,,,,,3,,,,,,,1,,,,,,,,,,,,,,,,,,,,,,,,,,,,,,,,,
3768,,,,,,,,,,,,,,,,,,,,,,,,,,,,1,,,,,,,,,,,,,,,,,,,,,,,,,,,,,,,,,,,,,,,,,,,,,,,,,,,,,,1,,,,,,,,,,,,,1,,,,,
3769,2,,,,,,,,,,,,,,,,,,,,,,,,,,,,,,,,,,,,,,,,,,,,,,,,,,,,,,,,,,,,,,,,,,,,,,,,,,,,,,,,,,,,,,,,,,,,,,,,,,,
3770,,,,1,,,,,,,,,,,,,,,,,,,,,,,,,,,,,,,,,,,,,,,,,,,,,,,,,,,,,,,,,,,1,,,,,,,,,,,2,,1,,,,,6,,,,,,,,,,,,,,,,,,,
3771,,,,,,,,1,,,4,,,,5,,,,2,,,,,,,,,,,,1,,1,,,,,,,,,,,,1,8,,1,,,4,,,,,,,,,,,4,,,,,,,,,,1,1,,,,,,,,,,,,,,5,3,,,,3,,4,8,,,5,,1
3772,,,,,,,,,3,,,,,,,,,,1,,,,,,1,,,,,,,,,,,,,,,,,1,,,,,,1,,,,,,,,,,,,,,,,,,,,,,,,,,,,,2,,2,,,,,,,,,1,,,,,,4,,,,,,
3773,,,,,,,,,,,,,,,,,,,,,,,,,,,,,,,,,,,,,,,,,,,,,,,2,,,,,,,,,,,,,,,,,,,,,,,,,,,,,,,,,,,,,,1,,,,,,,,,,,,,,,
3774,,,,,,,,,,,,,,,,3,,,,,,,,,,1,,,,3,,,,,,,,,,,,,,,,,,,,,,,,,,,,,,1,,,,,,,,,,,,,,,,,,,,,,,,,1,,,,1,,,,,,,,,,,
3775,,,,,,,,,,,2,,,,,,,,,3,,,,,,,3,,,,2,,,,,,,,,,,,,,,,,5,1,,,,,,,,,,,6,,1,,,,,,5,,,,,,,,,,,,,,,3,,,,,,,,,,,,,3,,,,
3776,,,,,5,,,,,,,,,,,,,,,,,1,,,,,,,,,,1,,,,,,,,,,,,,,,,,,,,,,,,,,,,,,,,,,,,,,,,,,,,,,,,1,,,,,,,,,3,,,,,,,,,,,
3777,,,,,,,,,,,,,,,,,,,,,,,,,,,,,,,,,,,,,1,,,,,,,,,,,,,,,,,,,,,,,,,,,,1,,,,,,,1,,,,,,,,,7,,,,2,,,,,,1,,,,,,,,,
3778,1,,,,,,,,,,,,,,,,,,,,1,,,,,,,,,,,,,,,,,,,,,,,,,,,,1,,2,,,,,,,,,,,,,,,,,,,,,,,,,,,,,,,,,,,,,,,,,,,,,,,,,
3779,,,,,,,,,,,,,,,,,,,,,,,,,,,,,1,,1,,,,,1,,,,,,,,,,,,,,,,,,,,,,,,,,,,,,,,,,,,,,,,,1,,,,,,,,,,,1,,,,,,,,,,,,
3780,,,,,,,,,,,,,,,,,,,,,,,,,,,,,,,,,,,,,,,,,,,,,,,,,,,,,,,,,,,1,,,,,,,,,,,,,,,,,,,,,,,,,,,,,,,,,,,,,,,,,
3781,,,,,,,,,1,,2,,,,,,,1,,1,,,,,,,,,,,,1,,,,,,,1,,,2,,,,,,,,,,,1,,,2,,,,2,,2,1,,1,,,,,,1,,1,,,,1,1,,,1,,,,1,1,,,1,1,,,,,,,2,2,,
3782,,,,,,,,,,,,,,,,,,,,,,,,,,,,,,,,,,,,,,,,,,,,,,,,,,,,,,,,,,,,,,,,,,1,,,,,,,,,,,,,,,,,,,,,,,,,,,,,,,,,,
3783,,,2,,5,,,,,,,,,,,,,,,,,,,,,,,,,,,,,1,,,,,,,,,,,,,,,,,,,,,,,,,,,,,,,,,,,,,,,2,,,,,1,,,,,,,1,,,,,,,,,,,,,,,
3784,,,,,,,,,,,,,,,,,,,,,,,,,,,,,,,,,,,,,,,,,2,,,,,,,,,,,,,,,,,,,,,,,,,,,,1,,,,,,,,,,,,,,,,,,,,,,,,,,,,,,,
3785,,,,,,,,,,,,,,,,,,,,,,,,,,,1,,,,,,,,,,,,,,,,,,,,,,,,,,,,,,,,,,,,,,,,,,,,,,,,,,,,,,,,,,,,,,,,,,,,,,,,,
3786,,,,,,,,,,,,,,,,,,,,,,,,,,,,,,,,,,,,,,,,,,,,,,,,1,,,,,,,,,,,,,,,,,,,,,,,,,,,,,,,,,,,,,,,,,,,,,,,,,,,,
3787,,,,,6,,,,5,,,,,,,12,,,,3,,,,,,1,,,,,,,,,,3,,2,,2,,,,,,1,3,,,,1,2,,,,,,,,,,,1,4,,3,2,,,,4,3,,,,,1,,4,,3,,,3,,,,2,3,,4,,4,,4,,,,,
3788,,,,,,,,,,,,,,,,,,,,,,,,,,,,,,,,,,,,,,,,,,,,1,,,,,,,,,,,,,,,,,,,,,,,1,,,,,,1,,,,2,,,,,,,,,,,,,,,,,,1,,,1,,
3789,2,,,,2,,,,2,,,,,,,,,,,,,,,,,4,,,,,,,1,1,,1,,2,,,,,,,,,,,,,,,,,1,,,,,,,,,3,,1,6,,,,3,2,,,2,,,,3,,4,,,,,,,4,3,,1,,2,,,,2,,,
3790,,,,,,,,,,,,,,,,,,,,,,1,,,1,,,,,,,,,,,,,,,2,,,,,,,,,,,,,,,,,,,,,,,,,,,,,,,,,,,,,,,,,,,,,,,,,,,,,,,,,,,,
3791,,,4,,,,,,,,,,,,,,,,,2,,,,,,,,1,,,,,,,,,,,,,,,,,,,,,,,,,,,,,,,,,,,,,,,,,,,,,1,,,,,,,,,,,,,,,,,,1,,,,,,,2,,
3792,,,,,,,,,,,,,,,,,,,,,,,,,,,,,,,,,,,,,,,,,,,,,,,,,,,,,,,,,,,,,,,,,,,,,,,,,,,,,,,,,,,,,,,,1,,,,,,,,,,,,
3793,,,,,,,,,,,,,,,,,,,,,,,,,,,,5,,,,,,,,,,,,,,,,,,,,,,,,,,,,,,,,,,,,,,,,,,,,,,,,,,,,,,,,,,,,,,,,,,,,,,,,
3794,,,,,,,,,,,,,,,,,,,,,,,,,,,,,,,3,,,,,,,,,,,,,,,,,,,,,,,,,,,,,,,2,,,,,,,,,,,,,,,,,,,,,,,,,,,,,,,,,,,,,,
3795,1,,,,,1,,,,1,1,,1,,,,,1,1,,,,,,4,,,1,,,,,,,,,,,,,,,,,,,,,1,,,,,,,,,,,,,,,,,,1,,,,,,,,,,,,,,,,,,1,,,,,,1,,,,,,,,,
3796,,,1,,,,,,,,,,,,,,,,,,,,,,,,,,,,1,,,,,,,,,,,,,,,,,,,,,,,,,,,,,,,,,1,1,,,,,,,,,,,,,,,,,,,,,,,,,,,,,,,,,,,
3797,,,,,,,,,,,,,,,,,,,,,,,,,,,,,,,,,,,,,,,,,,,,,,,,,,,,,,,,,,,,,,,,,,,,,,,,,,,,,,,,,,,,,,,,,,,,,,,,,,,,
3798,1,1,1,1,1,1,1,1,1,1,1,1,1,1,1,1,1,1,1,1,1,1,1,1,1,1,1,1,1,1,1,1,1,1,1,1,1,1,1,1,1,1,1,1,1,1,1,1,1,1,1,1,1,1,1,1,1,1,1,1,1,1,1,1,1,1,1,1,1,1,1,1,1,1,1,1,1,1,1,1,1,1,1,1,1,1,1,1,1,1,1,1,1,1,1,1,1,1,1,1
3799,,,,,,,,,,,,,,,,,,,,,,,,,,,,2,,,,,,,,,,,,,,,1,,,,,,,,,,,,,,,1,,,,,,,,,,,,,,,,,,,,,,,,,,,3,1,,,,,,,,,,,,,,5
3800,,,,,,,,,,,,,,,,,,,,,,,,,,,,,,,,,,,,,,,,,,,,3,,,,,,,,,,,,,,,,,,,,,,29,,,,,,,,,,,,,,,,,,,,,,,,,,,,,,,,,,
3801,,1,2,,,1,1,1,,,1,,1,2,2,2,,,,,,2,,1,2,,2,2,1,,1,1,2,,2,2,,,,2,,,,,2,,,,1,1,1,1,1,2,1,,,1,1,,1,,,2,,,,,,,,,1,2,2,,,,1,2,,,,,,,2,,2,2,2,2,,,,,,,,
3802,,,,,,,,,,,,,,,,,,,,,,,,,,,,,,,,,,,,,,,,,,,,,,,,,,,,,,,,,1,,,,,,,,,,,,,,,,,,,,,,,,,,,,,,,,,,,,,,1,,,,,
3803,,,,1,,,,,,,,,,,,,,,,,,,,,,,,,,,,,,,,,,,,,,,,,,,,,,,,,,,,,,,,8,,,1,,,,,,,,,,,,,,,,,,,,,,,,,,,,,,,,,,,,,
3804,,,,,,,,,,,,,,,,,,,,,,,,,,,,,,,,,,,,,,,,,,,,,,,,,,,,,,,,,,,,,,,,,,,,,,,,,,,,,,,,,,,,,,,,,,,,,,,,,,,,
3805,,,,,,,4,2,,,1,,,,,,,,,,,,,1,,,,,,,,,,,7,,,,,,,,,1,,,,,,,,,,,,,1,,,,,,,,,,,,,,,,,,,1,,,,1,,,5,,,,1,6,1,,1,,,,,,,1,,
3806,,,,,,,,6,1,,,,,4,,,1,,,,,,7,,1,,,,,,,,,,,,,,4,,,2,,2,,3,,,,7,9,,,,2,,,,,,,1,,,9,2,,,,,,,,,1,1,1,1,,,,1,,,,1,4,,,,,,,,9,,,6,,
3807,1,1,,,1,,,1,1,,1,,,1,1,1,1,1,1,1,,,,,,1,1,1,,,1,,1,2,1,2,,1,,,,,1,,1,1,,,,,,1,,1,1,1,1,,1,1,,,,1,1,1,1,,1,,1,1,1,,1,,1,,4,1,1,,,,1,,,5,1,1,1,,1,,,1,1,1,1,
3808,,1,1,2,1,,,,1,,1,,,,,,,,1,,,1,,1,2,1,1,,1,1,1,1,,1,,1,,,,,,,,1,,1,1,,,1,1,1,,,1,1,,2,,,1,3,1,1,,1,1,1,1,,1,1,1,,1,1,,,,1,1,1,1,1,,1,,,,,,1,1,3,,1,,2,1,1
3809,,,,,,,,,,,,,,,,,1,,,,,,,,,,,,2,,,,,,,,,,3,,,,,,,,,,,,,1,,,,,,,,,,,,,,,,,,,,,,,,,,,,,,,,,,,,,,,,,,,1,,,,,
3810,,,,,,,,,,,,,,,,,,,,,,,,,,,,,,,,,,,,,,,2,,,,,,,,,,,,,,,,,,,,,,,,,,,,,,,,,,,,,,,,,,,,,,,,,,,,,,,,,,,,,
3811,,,,1,,,,1,,1,,,,1,3,,,,1,,,1,3,,1,,,,,2,,,,1,,,1,1,,,1,,2,3,,7,,8,,1,1,,,,,,,1,1,1,1,,,1,8,,,1,3,,,,,,,,,,,,1,,1,,,,6,1,,,1,,,4,6,,4,3,,1
3812,,,,,,,,,4,,1,,,,,,,,4,,,1,,,,,,,,1,,,,2,,,1,,,,,,,,,8,,6,,,,,,,,,,,,,,1,,2,8,,,,,,,,,,4,4,,,,,,,,,,,3,,,,3,,,,5,,,5,,
3813,,3,,,,,,5,,,3,,,,,,,3,,,,,,,,,,1,,,,3,,,,,,,,2,5,,,,,,,,,,,,,,5,,,,1,,,,,,,,,,2,,,,,,,4,,,,,,,1,,,,,,1,,,,,,,,,,,
3814,,,,,,,,7,,,7,,,2,,,,,1,,,,1,,,,,,,,,,,,,,,,,,,,3,,,8,,6,,,9,,,,,,,,,,,4,,,8,,,,,,,,,,,,,,,,,,,,,,2,,,,,,,,6,,,3,1,
3815,,,,,,,,,,,,,,,,,,,,,,,,,,,,,,,,,,,,,,,,,,,,,,2,,,,1,,,,,,,,,,,,,,,,,,,,,,,,,,,,,,,,,,1,,,,,,,,,,,,,,,,
3816,1,,2,,,,,,1,1,1,,,,,,,1,,1,1,,,,,,,1,1,,,,,,1,,1,,,,,,,,1,6,1,,1,,,2,,,,,,,,,,1,,1,1,,,,,,,,1,,1,,,,1,,,,,1,,1,,4,,2,2,,,,,1,1,2,,
3817,,,,,,,,,,,,,,,1,,,,,,,,,,,,,,,,,,,,,,,,,,,,,1,,,,,,,,,,,,,,,,,,,,,,1,,,,,,,,,,,,1,,,,,,,,,,,1,,,,3,,,,,,,
3818,,,,,,,,,,,,,,,,,,,,,,,,,,,,,,,,,,,,,,,,,,,,,,,,,,,,,1,,,,,,,,,,,,,,,,,,,,,,1,,,3,,,1,,,,,,,1,,,,,,,,,,,,1
3819,,,,1,,,,,,,,,1,,,,6,,,4,,,,4,,,,7,,,,,,,,,,,,3,,,5,,,,,,,,,,,,,5,,,,,,,,,,,,,,,,,,,,,,,,,,,,,,,,,,,,,,,,,,,,
3820,1,1,1,1,1,1,1,1,1,1,1,1,1,1,1,1,1,1,1,1,1,1,1,1,1,1,1,1,1,1,1,1,1,1,1,1,1,1,1,1,1,1,1,1,1,1,1,1,1,1,1,1,1,1,1,1,1,1,1,1,1,1,1,1,1,1,1,1,1,1,1,1,1,1,1,1,1,1,1,1,1,1,1,1,1,1,1,1,1,1,1,1,1,1,1,1,1,1,1,1
3821,,,,3,,,,,,,,,,,,,,,,,,,,,,,,,,,,,,,,,,,,,,,,,,,,,,,,,,,,,,,,2,,,,,,,,,,,,,,,,,,,,,,,,,,,,,,,,2,,,,,,,,
3822,,,,,,,,,,,,,,,,,,,,,,,,,,,,,,,,,,,,,,,,,,,,,,,,,,,,,,,,,,,,,,,,,,,,,,,,,,,,,,,,,,,,,,,2,,,,,,,,,,,,,
3823,,,,,,,,,,,3,,,,,,,,,,,,,,,,,,,,,,,,,,,,,,,,,,,,,,,,,,,,,,,,,,,,,,,,,,,,,,,,,,,1,,,12,,,,,,,,,,,,,,,,,,,
3824,,,,,,,,,,,,,,,,,,,,,,,,,,,,,,,,,,,,,,,,,,,,,,,1,,,,,,,,,,,,,,,,,,,,,,,,,,,,,,,,,,,,,,,,,,,,,,,,,,,,,
3825,,,,1,,,,,,,,,,,,,,,,,,,,,,,,5,,,,,,,,,6,,,,,,,,,,,,,,,,,,,,,,,,,,,,,,,,,,,,,,,,,,,,1,,,,,,,,,,,,,,,,,,,
3826,,,,,,,,,,,,,,,,,,,,,,,,,,,,,,,,,,,,,,,,,,,,,,,,,,,,,,,,,,,,,,,,,,,,,,,,,,,,,,1,,,,,,,,,,,,,1,,,,,,,,,
3827,,,,,,,1,,,,,,,,,,,,,,,,,,,,,,,,,1,,,,,,,,,,,1,,,,2,,,,1,,,,,1,,,,,,,,,,,,,,,,,,1,,,,,,,,,,2,,,,,,,,,,,,,,,,
3828,,,,2,,,,,,,,,,,,,,,,,,,,,,,,,,,,,,,,,,,,,,,,,,,,,,,,,,,,,,,,,,,,,,,,,,,,,,,,,,,,,,,,,,,,,,,,,,,,,,,,
3829,,,,,,,,,,,,,,,,,,,,,,,,,,,,,,,,,,,,,,,,,,,,,,,,,,,,,,,2,,,,,,,,,,,,,,,,,,,,,,,,,,,,,,,,,,,,,,,,,,,,,
3830,,,,,,,,,,,,,,,,,,2,,,,,,,,,,,,,,,,,,,,,,,,,,,,,,,,,,,,,,,,,,,,,,,,,,,,,,,,,,,,,,,,,,,,,,,,,,,,,,,,,,
3831,,,,,,,,,,,,,,,,,,,,,,,,,,,,,,,,,,,,,,,,,,1,,,,,,,,,,,,,,,,,,,,,,,,,,,,,,,,,,,,,,,,,,,,,,,,,,,5,,,,,,,
3832,1,,,,,,,,,,,,,,,,,,,,,,,,,,,,,,,,,,,,,,,,,,,1,,,,,1,,,,1,,,,,,,,,,,,,,,,,,,,,,,,,,,,,,,,,,,,,,,,,,,,,,,
3833,,,,,,,,,,,,,,,,,,,,,,,,,,,,,,,,,,,,,,,,,,,,,,,,,,,,,,,,,,,,,,,,,,,,,,,,,,,,,,,,,,,,,,,,,,,,,,,,,,,,
3834,,,1,,,,,,,,,,,,,,,,,,,,,,,,,,,2,,,,,,,,,,,,,1,,,,,,,,,,,,,,,,,3,,,,,,,,,,,,,,,,,,,,,,1,,,,,,,,1,,,,,,,,,,2
3835,,,,,,,,,,,,,,,,,,,,,,,,,,,,,,,,,,,,,,,,,,,,,,2,,,,,,,,,2,,,,,,,1,,,,,,,,,,,,,,,,,,,,,,,,,,,,,,,,,,,,,,
3836,,,,,,,,,,,,,,,,8,,,,,,,,,,,,,,,,,,,,,,,,,,,,,,,,2,,,,,,,,,,,,,,,,,,,,,,,,,,,,,,,,,,1,,,3,,,,,,,,,,,,,,,
3837,,,,,,,,,,,,,,,,7,,,,,,,,,,,,,,,,,,,,,,,,,,,,,,,,,,,,,,,,,,,,,,,,,,,,,,,,,,,,,,,,,,,,,2,,,,,,,,,,,,,,,
3838,,,,,,,,,,,,,,,,,,,,,,,,,,,,,,,,,,,,,,,,,,,,,,,,,,,,,,,,,,,,,,,,,,,,,,,,,,,,,,,,,,,,,,,,,,,,,,,,,,,,
3839,,1,,,,,,,,1,,,5,,4,,,,,,,,,,,,,,,,1,,,,,,,,,,,,,,,,,,,,,,,1,,1,,,,,,,,,,27,,,,,,,,,,,1,,,3,,,4,1,,,,,,,,,,1,,,1,,,
3840,,,,,,,,,,,,,,,,,,,,,,2,,,,,,,,,,,,,,,,,,,,,,,,,,,,2,,,,,,,,,,,,,,1,,,,,,,,,,,,,,,,,,,,2,,,,,,,,,,,,,,,,
3841,,,,,,,,,,,,,,,,,,,,,,,,,,,,,,,,,,,,,,,,,,,,,,,,,,,,,,,,,,,,,,,,,,,,,,,,,,,,,,,,,,,,,,,,,,,,,,,,,,,,
3842,,,,,,,,,,,,,,,,,,,2,,,,,,,,,,,,,,,,,,,,,,,,,,,,,,,,,,,,,,,,,,,,,,,,,,,,,,,,,,,,,,,,,,,,,,,,,,,,,,,,,
3843,,,,,,,,,,,,,,,,,,,,,,,,,,,,3,,,,,,,,,,,,,,,,,,,,,1,,,,,,,,,,,,,,,,,,,1,,,,,,,,,,,,,1,,,,,,1,,,,,,,,,,,,,
3844,,,,,,,,,,,,,,1,,2,,,,,1,,,,,,,,,,,,,,,,,,,,,,2,,,,1,,,,,,,,,,1,2,1,,,,,1,,,,,,1,,1,,,,,,,,,,,,,7,,,,,,,,,,,,,,,1
3845,,,,,,,,,,,,,,,,,,,,,,,,,,,1,,,,,,,,,,,,,1,,,,,,,,,,,,,,,,,,,,,,,,,,,,,,,,,,,,,,,,,,,,,,1,,,,,,,,,,,,,,
3846,2,1,2,1,1,,1,1,1,1,1,1,,,,1,,1,1,,1,2,1,1,1,1,1,2,2,2,1,,,,2,1,,,2,1,1,1,2,1,1,1,1,1,,,,1,1,2,1,1,2,1,2,1,,1,2,1,1,1,,2,1,,,1,,1,,1,2,,1,1,1,1,,2,1,,1,1,,,,1,1,1,1,2,,2,1,1
3847,,,,,,,,,,,1,,,,,,,,,1,,,,,,,,,,,,,,,5,,,,,,,,,,,,,,,,,,1,,,,,,,,,,,,2,,,,,,,,,,,,3,,,,,,3,,,,,,,,,,,3,,,,,,
3848,,,,,,,,,,,,,,,,3,,,,,,,,,,,,3,1,,,,,,,,,,,,1,,3,,,,,,,,,,,,,,2,3,,,,,,,,,,,,,,,,,1,,,,,,,,,,7,,,,,,,,,,,,,,,1
3849,,,,,,,,,,4,,,1,5,,,1,,,,1,,,,,1,4,,1,,2,,,,,1,,,,,1,,,,,2,1,,,,,,,,,,,,4,3,,1,,,,,,,,,,,3,2,,,,1,,,,,,,,,,4,1,,,3,2,,,,,,1,
3850,,,,,,,,,,,,,,,,,,,,,,3,,,,,,,,,,1,,,,,,,,,,,,,,,,,,1,,,,,,,,,,,,,,,,,,,,,,,,,,,,,,,,,,,,,,,,,,,,,,,,,,
3851,,,,,,,,,,,,,,,,,,,,,,,,,,,,,,,,,,,,,,,,,,,,,,,,,,,,,,,,,,,,,,,,,,,,,,,,,,,,,,,,,,,,,,,,,,,,,,,,,,,,
3852,,,,,,,,,,,,,,,,,,,,,,,,,,,,,,,,,,,,,,,,,,,,,,,,,,,,,,,,,,,,,,,,,,,,,,,,,,,,,,,,,,,,,,,,,,,,,,,,,,,,
3853,1,1,1,1,1,1,1,1,1,1,1,1,1,1,1,1,1,1,1,1,1,1,1,1,1,1,1,1,1,1,1,1,1,1,1,1,1,1,1,1,1,1,1,1,1,1,1,1,1,1,1,1,1,1,1,1,1,1,1,1,1,1,1,1,1,1,1,1,1,1,1,1,1,1,1,1,1,1,1,1,1,1,1,1,1,1,1,1,1,1,1,1,1,1,1,1,1,1,1,1
3854,,,,1,,,1,,1,1,1,,,1,,1,1,1,,1,1,1,,1,,,,1,1,1,,1,1,,1,1,,1,1,,,,,1,,1,,,,1,1,1,,,1,,1,1,,1,1,,1,1,,1,1,,1,1,1,1,1,,1,1,1,,1,1,,,1,,,1,1,1,5,1,1,1,,1,1,1,,1,1,1
3855,,,,,1,,,,,,,,,,,,,,,,,,,,,,,,,,2,,,,,,,,,,,,,,,,,,,,,,,,,,,,,,,3,,,,,,,,,,,,,,,,,,,,,,,,,,,,,6,,,,,,,,,
3856,1,1,1,1,1,1,1,1,1,1,1,1,1,1,1,1,1,1,1,1,1,1,1,1,1,1,1,1,1,1,1,1,1,1,1,1,1,1,1,1,1,1,1,1,1,1,1,1,1,1,1,1,1,1,1,1,1,1,1,1,1,1,1,1,1,1,1,1,1,1,1,1,1,1,1,1,1,1,1,1,1,1,1,1,1,1,1,1,1,1,1,1,1,1,1,1,1,1,1,1
3857,,,,,,,,,,,,6,,,,,6,,,6,,,,6,,,,2,2,,,,,,,,,,,5,,,3,,,,,,,,,,,,,,,,,,,,,,,,,,,,,,,,,,,,,,,,,,,,,,,,,,,,,,,,,1
3858,,,,,,,,,,,,,,,,,,,,,,,,,,,,,,,,,,,,,,,,,,,,,,,,,,,,,,,,,,,,,,,,,,,,,,,,,,,,,,,,,,,,,,,,,,,,,,,,,,,,
3859,,,,,,,,,,,,,,4,,1,,,,,,,,,,,,,,,,,,,,,,,,,,,,,,,,,,,,,,,,,,,2,,,,,,,1,1,,,,,,,,1,,1,,,,,,,,,,,,1,,,,,,,,,,,
3860,,,,,,,,,,,,,,,,,,,,,,,,,,,,,,,,,,,,,,,,,,,,,,,1,,,,,,,,,,,,,,,,,3,,,1,,,,,,,,,,,,,,,,,,,,,,,,,,,,,,,,,
3861,,,,,,,,,,,,,,3,,,,,,,5,,1,,,,,,5,,,,,,,3,,,,,,,,,,,,,,,,,,,,,,,1,,,,,,,,,,,,,,4,,,,,,,,,,,,,,,,,,,,4,,,,,,,
3862,,,,,,,,,,,,,,,,,,,,,,,,,,,,,,,,,,,,,,1,,,,,,,,,1,,,,,,,,,,,,,,,,,,,,,,,,,,,,,,,,,,3,,,,,,,,,,,,,,,,,,,
3863,,,,,,,,7,,,,,1,8,,,,,,,,,3,,,,,,,,,,,,,,,,,,,,,,,6,,,,,7,,,,,,,,,,,9,,,4,,,,,,,,,,,,,,,,,,,,,,3,,,,,,,,3,,,11,,
3864,,2,,,,,,6,,,1,,,,,,,1,,,,,,,,,,,,,,3,,,,,,,,4,3,,,1,,,,,,,,,1,,4,,3,,,,,,,,,,,,,,,,,,,1,,,,,,,,,,,,,,,,,,,,,,,,
3865,,1,,,,,,,2,,,1,,1,,,1,,,1,1,,,1,,,,,,,,,,,,,,,,,,1,,,1,,,,1,1,,,,,1,,,,,,,,,,,,,,,,,1,,,,1,,,,1,,1,,,,,,,,,,,,,,,,,1,
3866,,,,,,,,,,,,,,,,,,,1,,,,,,,,,,,,,,,,,,,,,,,,,,,,,,,,,,,,,,,,,,,,,,,,,,,,,,,,,,,2,,,,,,,,,,,,,,,,,,,,,,
3867,,,,,,,,,,,,,,,,,,,,,,,,,,,,,,,,,,,,,,,,,,,,,,4,,,,,,,,,,,,,,,,,,,,,,,,,,,,,,,,,,,,,,3,,,,,,,,,,,,,,,,1
3868,,,,,,,,,,2,,,,,,,6,,,5,,,,5,,,,7,,,,,,,,,,,,4,,,1,,,,,,,,,,,,,,,,,,,,,,,,,,,,,,,,,,,,,,,,,,,,,,,,,,,,,,,,,
3869,,,,,,,,,,,,,,,,,,,,,,,,,,,,,,,,,,,,,,,,,,,,,,,,,,,,,,,,,,,,,,,,,,,,,,,,,,,,,,,,,,,,,,,,,,,,,,,,,,,,
3870,,,,,,,,,,1,,,,,,,,,,,,,,,,,,,,,,,,,,,,,,,,,,,,,,,,,,,,,,,,,,,,,,,,,,,,,,,,,,,,,,,,,,,,,,,,,,,,,,,,,,
3871,1,,,,,,,,,1,,3,,,,,8,,,4,,,,8,,,,6,,,1,,,,,,,,,4,,,3,,,,,,,,,,,,,,,,,,,,,,,,,,,,,,,1,,,,,,,,,,,,,,,,,,,,,,,,,2,
3872,,,,,,,,,,,,,,5,,,,,,,,,,,,,2,,,,,,,,3,,,,,,,,,2,,,,,,,,,,,,,,,,,,,,,,,,,,,,,,,,,,,,,,,,,,,,,,,,,,2,,,,,,
3873,,,,,,,,,,,,,,,,,,,,,,,,,,,,,,,,,,,,,,,,,,,,,,,,,,,,,,,,,,,,,,,,,,,,,,,,,,,,,,,,,,,,,,,,,,,,,,,,,,,,
3874,,,,,,,,,,,,,,,,,4,,,2,,,,2,,,,6,,,,,,,,,,,,4,,,2,,,,,,,,,,,,,1,,,,,,,,,,,,,,,,,,,,,,,,,,,,,,,,,,,1,,,,,,,,,
3875,,2,1,1,,1,1,1,2,1,2,,,3,,,1,1,2,,1,1,1,,1,1,1,,1,,,1,,1,,1,,1,1,,2,,1,,1,1,,1,1,,,1,1,1,1,1,1,2,1,1,1,1,1,,1,,,,1,1,1,1,1,,3,1,,,,1,2,1,1,1,1,,1,,,,1,,1,1,1,,1,1,1,
3876,,,,,,,,,,,,,,,,,,,,,,,,,,,,,,,,,,,,,,,,,,,,,,,1,,,,,,,,,,,,,,,,,,,,,,,,,,,,,,,,,,,,1,,,1,,,,,,,,,,,,,,1
3877,,,,,,,,,,,,,,,,,,,,,,,,,,,,,,,,,,,,,,,,,,,,,,,,,,,,,,,,,,,,,,,,,,,,,,,,,,,,,,,,,,,,,,,,,,,,,,,,,,,,
3878,,,,,,,,,,,,,,,,,,,,,,,,,,,,,,,,,,,,,,,,,,,,,,,,,,,,,,,,,,,,,,,,,,,,1,,,,,,1,,,,,,,,,,,,,,,,,,1,,,,,,,,
3879,1,,,,1,1,1,,,,1,,1,,,1,,1,1,,1,,,1,1,,1,1,1,,,,,,1,,1,,1,,,,1,1,,,,1,1,,1,1,1,1,,,1,,,1,1,1,1,,,,1,1,,,,,,,1,1,,,,,,,,1,,1,,1,5,,,,,1,,,1,1,1,
3880,,,,,,,,,,,,,,,,,,,,,,,,,,,,,,,,,,,,,,,,3,,4,,,1,,,,,,,,,,,,,,,,,,,,,,,,,,,,,,,,,,,,,,,,,,,,,,,,,,,,,,,
3881,,,1,,,,,,,,,,,,,,,,,,,,,,,,,,,,,,,,,,,,,,,,,,,,,,,,,,,,,,,,1,3,,,,,,,,,,,,,,,,,,,,,,,,,,,,,,1,,,,,,,,,,
3882,1,,,5,,,,,1,,,,,1,,,,,,,,,,,,,,,,1,1,,,,,,,,,,1,1,,,,,,,,,1,,,,1,,,,,,,,,,1,,,,,,,,,,,,,,,,,,,,,,,,1,,,,,2,,,,1,,
3883,,,,,,,,,,,,,,,,,2,,,,,,,,,,,,,,,,,,,,,,,,,,,,,,,,,,5,,,,,,,,,,,4,,,,,,,,,,,,,,,,,,2,,,,,,,,,,,,,,2,,,4,,,
3884,,,,,,,,,,,,,,,,,,,,,,,,,,,,,,,,,,,,,,,,,,,,,,,,,,,,,,,,,,,,,,,,,,,,,,,,,,,,,,,,,,,,,,,,,,,,,,,,,,,,
3885,,2,1,,1,1,1,2,1,,2,,2,1,1,1,,,,,1,1,,2,1,,1,1,2,,1,2,1,,1,1,,1,,1,,,1,1,1,,,1,1,1,2,1,1,1,1,,,2,2,,2,,,1,1,,1,1,,,,1,2,1,1,,,1,1,1,,,,,,,1,,1,1,1,1,,,,,1,1,,
3886,,,,,,,,,,,,,,,,,,,,,,,,,,,,,,,,,,,,,,,,,,,,,,,,,,,,,,,,,,,,,,,,,,,,,,3,,,,,,,,,,,,,,,,,,,,,,,,1,,,,,,
3887,,1,,2,,,1,,1,2,1,,,2,,,2,2,1,,1,,,,,2,,,3,,,2,,,,,,,2,,1,,,,,,,2,,,,,,,,,,1,2,,,1,,,1,,,,2,,1,2,,,2,,,,,,1,2,,,,,,,,,2,,,2,,,2,,,
3888,,,,,,,,1,,,,,,,,,,,,,,,,,5,,,,,,,,,,2,,,,1,,,,,,,,,3,,,,,,,,,,2,,,,,,,,,,,,,,,,,,,,,,,,,,,,1,,,,,,3,,1,,,,,,
3889,,,,,,,,,,,,,,,,,,,,,,,,,,,,,,,,1,,,,,,,,,,,,,,,,,,,,,,,,,,1,,,,,,,,,,,,,,,,,,,,,,,,,,1,,,,,,,,,,,,,,,,
3890,,1,,,,,,,,,,,,,1,,,,,,,,,,,,1,,,,,,,,,,,,,,,1,,,,,,,,2,,,,,1,,,1,,1,,1,,2,,,,,,,,,,,1,,2,,,,,,,,,,1,,,,,,,,,,,,,
3891,,,,,,,,,,,,,,,,,,,3,,,,,,,,,,,,,,,,,,,,,,,,,,,,,,,,,,,,,,,,,,,,,,,,,,,,,,,,,,,,,,,,,,,,,,,,,,,,,,,,,
3892,,,,,,,,,,,,3,,,,,3,,,4,,,,7,,,,2,,,,,,,,,,,,1,,,4,,,,,,,,,,,,,,,,,,,,,,,,,,,,,,,,,,,,,,,,,,,,,,,,,,,,,,,,,
3893,,,,,,,,,,1,,,,,,,,,,,,,1,,,,,6,,,,,,,,,,,,,,,,1,,,,3,1,,,,,1,,1,1,,,,,,,,,,,,,,,,,,,,,,,,,,,,,,,,,,1,,,,,,,,,
3894,,,,,,,,6,,,1,1,,7,,,,,,,,,6,,,,,,,,,,,,,,,,2,,,,,1,,1,,,,,8,,,,,,,,,,,5,,,8,1,,,,,,,,,,2,,,,,,,,,,,6,,,,,,,,4,,,5,,
3895,,,,,,,,,,,,,,,,,,,,,,,,,,,,2,,,,,,,,,,,,,,,,,,,,,,,,,,,,,,,,5,,,3,,,,,,,,,,,,,,,,,,,,,,,,,,,,,,,,,,,,,
3896,,,,,,,,,,2,,,,,,,,,,,,,,,,,,,,,,,,,,,,,,,,,,,,,,,,,,,,,,,,,,,,,,,,,,,,,,,,,,,1,,,,,,,,,,,,,,,,,,,,,1,,
3897,,,,1,,,,,,,,,,1,,,,,1,,,,,1,1,,,,1,,,1,,,,,,,,,,1,,,,,,,,,,,,,,,,,,,,1,,,2,2,2,1,,,2,1,,1,,,,1,2,,,,,2,,,,1,,2,,,,,,1,,,,
3898,,,,,,,,,,,,,,,,,,4,,,,,2,,,,,,,,,,,,,,,,,,,,,,,,,,,,3,,,,,,,,,,,3,,,,,,,,,,,,,,,,,,5,,,,,,,,,,,,,,,,,1,,,
3899,,,,1,,,,,,,,,,,,6,,,,,,,,,,,,,,2,,,,,,,,,,,,,,,1,,2,,,,,,,,,,,,,2,,,,,,,,,,,,,,,,,,,,,,,,,7,,,,,,,,,,,,,,,
3900,,,,,,,,,,,,,,,,,,,,,,,,,,,,4,,,,,,,,,,,,,,,,,,,,,,,,1,,,,,,,,,,,,,,,,2,,,,,,,,,,,,,5,,,,,,,,,,,,,,,,,,,
3901,,,,,,,,,,,,1,,,,,1,,,,,,,,,,,,,,,,,,,,,1,,,,,1,,,,,,,,,,,,,1,1,,,,,,,2,,,,,,,,,2,,,,,,,,,,,,,,,,,,4,,,,,,,,,
3902,,,,,,,,,2,,,,,,,,,,,,,,,,,,,,,,,,,,,,,,,,,,,,,,,,,,,,,,,,,,,,,,,,,,,,,,,,,,,,,,,,,,,,,,,,,,,,,,,,,,,
3903,,,,,,,,,,,,,,,,,,,,,,,,,,,,,,,,,,,,,,,,,,,,,,,,,,,,,,,,,,,,,,,,,,,,,,,,,,,,,,,,,,,,,,,,,,,,,,,,,,,,
3904,,,,,,,,,,3,,,,7,,,,,,,,2,,,,,5,,,,,,,,,4,,,,,,,,,,,,,,2,,,,,,,,,,,,2,,,,,,,,,,,1,3,,,2,,,,,,,,,,,5,,,,2,1,,,,,,1,
3905,,,,,,,,4,,,,,,5,,,,,,,,,,,2,,,,,,,,,,,,1,,5,,,3,,,,4,,,,1,8,,,,,,,1,,,,2,,,3,,,,,,,,,,2,,,,,,,,,,,,4,,,,1,,,,8,,,6,,
3906,,,,,,,1,,,,,,,,,,,,,,,,,,,,,,,,,,,,,,,,,,,,,,,,,,,,,,,,,,1,,,,,,,,,,,,,,,,,,,,,,,,,,,,,,,,,,,,,,,,,,,
3907,,,,,,,,,,,,,,,,,,,,,,,,,,,,,,,,,,,,,,,,,,,,,,,,,,,,1,,,,,,,,,,,,,,,,,,2,,,,,,,,,,,,,,,,,,,,,,,,,,,,,,
3908,,,,2,,,,,,,,,,,,,,,2,,,,,,2,,,,3,,,,,,,,,,1,,,3,,,,,,,,2,,,,,1,,,,,,,,,,1,1,,3,,1,1,,,,,,,,,,,,,,,,,2,,,,,,,,,,,,
3909,,,,,,,,,,,,,,,,,,,,,,,,,,,,,,,,,,,,,,,,,,,,,,,,,,,,,1,,2,,,,,,,,,,,,,,,,,,,,,,,2,,,,,,,,,,,,,,,,,,,,,,
3910,,,,,,,1,,2,,1,,,,,4,,,1,,,,,,,,,,,4,,,,,,,1,,,,,,,,,,,,1,1,,1,,,,,,,,,,,,,,1,,,,,,,,,,,,1,,,1,2,,,4,,,,,,,,,1,,1,,,1,
3911,,3,,,,,,2,,,3,,,,2,,1,4,,,,,,,,,,,,1,,2,,,,,,,,3,2,,,,,,,,,,,,,,2,,1,,,,,,,,,,,,1,,1,,,,,2,,,,,,1,,,,,,,,,,,,,,,,,,
3912,,,,,,,,,,,,1,,,,,5,,,4,,,,9,,,,3,,,,,,1,,,,,,3,1,,6,,,,,,,,,,,,,,,,,,,,,,,,,,,,,,,,,,,,,,,,,,,,,,,,,,,,,,,,,
3913,,,,,,,,,,,,,,,,,,,,,,,,,,,,,,,,,,,,,,,,,,,,,,,,,,,,,,,,,,,,,,,,,,,,,,,,,,,,,,,,,,,,,,,,,,,,,,,,,,,,
3914,,,,,,,,,,,1,,,,,,,,,,,,,,,,1,,,,,,,,,,,,,,,1,,,,,,,,,,,,,,,,,,,,,,,,,,,,,,,,,,,,,,,,,,,,,,,,,,,,,,,,,,
3915,,,,,,,,,,,,,,,,,,,,,,,,,,,,,,,,,,,,,,,,,,,,,,,,,,,,,,,,,,,,,,,,,,,,,,,,,,,,,,,,,2,,,,,,,,,,,,,,,,,,,
3916,,,,,,,,,,,,,,,6,,,,,2,,,,,,,,,,,,,,,6,,,,,,2,,,,,,,,,,,,,,,,,,,,,,,,,27,,,,,,,,,,,4,1,,3,,,4,,,,,5,,,,1,,,,,,,,
3917,,,,,,,,,,1,,2,,,,,7,,,1,,,,3,,,,5,,,,,,,,,,,,2,,,3,,,,,,,,,,,,,,,,,,,,,,,,,,,,,,,,1,,,,,,,,,,,,,,,,,,,,,,,,,
3918,,,,,,,,,,,,,,,,10,,,,,,,,,,,,2,,,,,,,,,,,,,,,,,,,,,,,,,,,,,,,,,,,,,,,,,,,,,,,,,,,,,,,,,,,,,4,,,,,,,,,,,
3919,,,,,,,,,,,,,,,,,2,6,,,,,,,,,,,,,,,,,,,,,,,,,,,,,,,,,10,,,,,,,,,,,1,,,,,,,,,,,,,,,,,,,,,,,,,,,,,,,,,,,3,,,
3920,,,1,,2,,,,,,,,,,,,,,,,,,,,,,,,1,1,,,,,,,,,,,,,,,,,,,,,,,,,,,,,,,1,,,,,,,,,,,,,,1,,,,,2,,,,,,,,,,,,,,,,,,5,,
3921,,,,,,,,,,,,,,,,,,,,,,,,,,,,,,,,,,,,,,,,,,,,,,,,,,,,,,,2,,,,,,,,,,,,,,,,,,,,,,,,,,,,,,,,,,,,,,,,,,,,,
3922,1,1,,1,3,1,,,,1,3,,,,,1,,,1,,,1,1,,1,,1,,1,,1,1,1,1,1,,,,,1,,1,1,,1,1,1,5,1,1,7,1,1,1,,1,,1,1,,1,1,1,1,,1,1,1,1,4,,,,,1,1,1,1,1,1,1,,1,1,,,3,,1,1,,1,1,,6,,,5,,1
3923,,,,,1,,,,4,,,,,,,,,,,4,,,,,1,5,,1,,,,,2,,,2,,1,,1,,,,,,,4,,,,,,,,,,,,,,,,,3,,2,4,,,,3,2,,,,,2,,3,,2,,,,,,,3,1,,5,,4,,4,,3,,,
3924,,,,,,,,,,,,,,,,,,,,,,,,,,,,,,,,,,,,,,,,,,,,,,,,,,,,,,,,,,,,,,,,,,,,,,,,,,,,,,4,,,,,,,,,,,,,,,,,,,,,,
3925,,,,,,1,4,,,2,,,2,1,3,,,2,,,,1,,1,,,,,,,,1,1,,,,,,,,,,,1,,,,,,,,,2,5,,,,3,,,1,,,1,1,,,3,,,,,,,,1,4,,1,,,,,,,,,,,,,,,2,,,1,,,
3926,,,,,,,,,,,,,,,,,,,,,,,,,,,,,,,,,,,,,,,,,,,,,,,,,,,,,,,,,,,,,,,,,,30,,,,,,,,,,,,,,,,,,,,,,,,,,,,,,,,,,
3927,,,1,,,,,,,,,,,,,,,,,,,,,,,,,5,,,,,2,,,,,,,,,,,,,,,,,,,,,,,,,,,2,,,,,,,,,,,,,,,,,,,,,,,,,,,,,,,,,,,,,,,,
3928,,1,,1,,1,1,,,1,,,,,,,,,1,1,1,,,,,,,,1,,1,,1,1,,,,,,,,,,6,,,,,1,,,,,,,,,,1,,,,,1,,,,,,4,,1,1,1,1,,1,,,,,,2,,,,,1,,1,,,,,,,,,,1
3929,,,,,,,,1,,,,1,,,,,,,,,,,,,,,,,,,,,,,,,,,,,,,,,,,,,,,,,,,,,,,,,,,,,,,,,,,,,,,,,,,,,,,,,,,,,,,,,,,,,,,,
3930,,,,,,,,,,,,,,,,,,,,,,,,,,,,,,,,,,,,,,,,,,,,,,,,,,,,,,,,,,,,,,,,,,,,,,,,,,,,,,,,,,,,,,1,,,,,,,,,,,,,,
3931,,,,,,,,,,,,,,,,,,,,,,,,,,,,2,,,,,,,,,,,,,,,,,,,,,,,,,,,,,,,,,,,,,,,,,,,,,,,,,,,,,,,,,,,,,,,,,,,,,,,,
3932,,,,,,,,,,,1,,,,3,,,,,,,,,3,,,,,,1,,,,,,,,,,,,,4,,,,,,,,,,,,,,,2,,,,,3,,,1,4,,,,,,,,2,2,,,,,,,,,4,1,2,,,,,,,,,,,,,5
3933,,,,,,,,,,,,,,,,,,,,,,,,,,,,,,,,,,,,,,,,,,,,,,,,,,,,,,,,,,,,,,,,,,,,,,,,,,,,,,,,,,,,,,,,,,,,,,,,,,,,
3934,,,,,,,,,,,,,,,,,,,,,,,,,,,,,,,,,,,,,2,,1,,,,,,,,,,,,,,,,,,,,,,,,,,,,,,,,,,,,,,,,,1,,,,,,,,,1,,,,,,,,,,,
3935,1,1,1,1,1,1,1,1,1,1,1,1,1,1,1,1,1,1,1,1,1,1,1,1,1,1,1,1,1,1,1,1,1,1,1,1,1,1,1,1,1,1,1,1,1,1,1,1,1,1,1,1,1,1,1,1,1,1,1,1,1,1,1,1,1,1,1,1,1,1,1,1,1,1,1,1,1,1,1,1,1,1,1,1,1,1,1,1,1,1,1,1,1,1,1,1,1,1,1,1
3936,1,,,,,,,,,,,,,,,,,,,,,,1,,,,,,,,,,,,,1,,,,,,,,,,,,,,,,,,1,,,,,,,,,,,,,,,,,,1,,,,,,,,,,,,,,,,,,,,,,,,,1,,,
3937,,,,,,,,,,,,,,,,1,,,,,,,,,,,,,,,,,,,,,,,,,,,,,,,,,,,,,,,,,,,,,,,,,,,,,,,,,,,,,,,,,3,,,,,,1,,,,,,,,,,,,,
3938,,,,,,,,,,,,,,,,,,,,,,,,,,,,,,,,,,,,,,,,,,,,,,,,,,,,,,,,,,,,,,,,,,,,,,,,,,,,,,,,,,,,,,,,,,,,,,,,,,,,
3939,,1,,,,,1,3,,1,,,,6,,,,1,,,,,4,,3,,1,,,,,,,,,,,,3,,,,,1,2,,,,,5,3,,1,,,,1,,,,,,,1,8,,,,,,,,,,1,,,,,,,,,,,,4,,,,,,,,1,,2,11,,
3940,,,,,,,,,,,,,,,,,,,,,,,,,,,,,,,,,,,,,,,,,,,,,,,1,,,,,,,,,,,,,,,,,,,,,,,,,,,,,,,,,,,,,,,,,,,,,,,,,,,,,
3941,,,,,1,,1,,,,,,,,,,,,,,,,,,,,,,,,,,,,,,,,,,,,,1,,,,,,,,,,,,,,,,,,,,,,,,,,,,,,,,,,,,,,,,,,,,,,,,,,,,,,,,1
3942,,1,1,1,1,1,1,,1,,1,,,,,,,2,1,,,,,,,1,,,1,1,,1,,1,,1,1,1,1,1,1,1,1,,,1,,1,,1,,1,1,1,,,1,,,1,,,1,1,,,,,1,,1,,,,,,1,,,1,1,,,1,1,1,1,1,1,1,1,,1,1,,1,,1,1,1
3943,,,,,,,,,,,,,,,,,,,,,,,,,,,,,,,,,,,,,,,,,,2,,,,,,,,,,,,,,,,,,,,,,,,,,,,,,,,,,,,,,,,,,,,,1,,,,,,,,,,,,,
3944,,,,,,,,,,,,,,,,,,,,,1,,,,,,,,,,,,,,,,,,,,,,,,,,,,,,,,,,,,,,,,,,,,,,,,,,,,,,,,,,,,,,,,,,,,,,,,,,,,,,,
3945,,,,1,,,,,,,,,,,,,,,,,,,,,,,,2,,,,,,,,,,,,,,,,,,,,,,,,,,,,,,,,,,,,,,,,,,,,,,,,,,,,,9,,,,,,,,,,,,,,,,,,,
3946,,,,,,,,,,,1,,,1,,,,2,,,,,,1,,,,,,1,,,,,,,,,,,,1,,,,,,,,,,,1,1,,1,,,,1,,1,2,,,,,,,,,,2,,,,,2,,,2,,,,2,,,,2,,1,,,,,,1,1,,
3947,,,,,,,,,,,,,,,,,,,,,,,,,,,,,,,,,,,,,,,,,,,,,,,,,,,,,,,,,1,,,,,,,,,,,,,,,,,,,,,,,,,,,,,,,,,,,,,,,,,,,
3948,,,,,,,,,,,,,,,,,,,,,,,,,,,,,,,,,,,,,,,,,,,,,,,,,,,,,,,,1,,,,,,,,,,,,,,,,,,,,,,,,,,,,,,,,,,,,,,,,,,,,
3949,,,,,,,,2,,,4,,,1,4,,,,2,,,,,,,,,,,1,,,,2,,,,,,,,,1,4,,7,,7,,,3,,,,,,,,,,,9,,3,,,,2,2,,,,,,,,,,,,,,,,,,5,2,,,,,,3,7,,,2,,2
3950,,,,,,,3,,,,,,,,,,,,,,,,,,,,,,,,,,,,,,,,,,,,,,,,,,,,,,,,,,,,,,,,,,,,,4,,,,,,,,,,,,,,,,,,,,4,,,,,,,,,,1,,
3951,,,,,,,,,,,,,,,,,,,,,,,,,,,,,,,,,,,,,,,,,,,,,,,,,,,,,,,,,,,,,,,,,,,,,,,,,,,,,,,,,,,,,,,,,,,,,,,,,,,,
3952,,1,,,1,,,,,,,,2,,,1,,,,,,,,1,,,,1,,,,,,,,1,,,,,,,2,,,,,1,,,,,,,,1,,2,,,1,,1,,1,,,,,,,,1,,,,1,1,,,,2,1,,2,2,,,,,,,,,,,,,,6
3953,,,,,,,3,,1,,1,,,,,,,,,2,,,,1,3,,4,,,,1,1,,,4,,,,1,,,1,,,,,,,,,,,2,1,1,,,,,7,,1,,,1,,,6,,,,2,,,1,1,,,,,,,,,,,,,,,,,,4,,1,,,,
3954,,,,,,2,,,,,,,,1,,1,,,,,4,,2,,,,1,,4,,2,,,2,,1,2,2,2,1,,,2,,,2,2,,1,,1,,,,,,,,2,1,,,,,,,,1,,,2,,1,2,,,,,,,2,2,,,,,,2,,,,1,4,,,,,,2,
3955,3,,1,1,1,,1,,,,,,,,,,,,1,,,,,,,,1,1,1,,1,,,,,,,,,,,1,,1,,,1,,1,1,,1,,,1,,,1,,1,1,1,,,,,,,,,,,,,,,1,,,,,,,,,1,1,,1,1,,,1,,,,1,1,,
3956,,,,,,,,,,,,,,,,,,,,,,,,,,,,,,,,,,,,,,,,,,,,,,,,,1,,,,,,,,,,,,,,,,,,,,,,,,,,,,,,,,5,,,,,,,,,,,,,,,,,,,
3957,,,,,,,,,,,,,,,,9,,,,,,,,,,,,,,1,,,,,,,,,,,,,,,,,1,,,,,,,,,,,,,,,,,,,,,,,,,,,,,,,,,,,,,,,,,,,,,,,,,,,,,
3958,,,,,,,,,,,,,,,,,,,,,,,,,,,,,,,,,,,,,,,,,,,,,,,,,,,,,,,1,,2,,,,,,,,,,,,,,,,,,,,,2,,,,,,,,,,,,,4,,,,,,,,,
3959,,,1,1,,1,1,,1,,1,,,1,1,1,1,1,1,,1,,1,,,,1,,,,1,1,1,,1,1,,,,,,,1,1,1,,1,,1,,1,,,1,,1,1,,,,1,1,,1,,1,,1,1,1,,,,1,1,,1,1,,,,,1,1,,1,,,1,1,,,,1,1,,,,,1
3960,,,,,4,,,,,,,,,,,,,,,,,2,,,,,,,,,,,,,,,,,,,,,,,,,,,,,,,,,,,,,,,,,,,,,,,,,,,,,,,,,,,,,,,,,,,,,,,,,,,,4,,
3961,,,,,,2,2,,,,,,,,2,,,1,,,,,,,,,,,,,,3,,,,,,,,,,,,,,,,,,,,,1,6,,,,2,,,3,,1,,6,,,,,,,,1,,,2,2,,,,,,,,,,,,,,,,,2,,,,,,
3962,,,,,,,,,,,,,,,,,,,,,,,,,,,,,,,,,,,,,,,,,,,,,,,,,,,,,,,,3,,,,,,,,,,,,,,,,,,,,,,,,,,,,,,,,,,,,,,,,,,,,
3963,,,,,,,,1,,,,1,,7,,,,,,,,,5,,2,,,,,,,,,,,,,,3,,,1,,3,1,,,,,6,1,,,,1,,,,,,,,,2,8,,,,,,,1,,,,3,,,,,,,,,,,6,,,,,,,,1,,,1,,
3964,,,4,,1,,,,,,,,,,,,,,,,,,,,1,,,,,,1,,,1,,,,1,,,,,,,,,,,,,,,,,,,,,,,,,,,,,,,,,,,,,,,,,,,,,,,,,,,,,,,,,,,,2,,
3965,,,,,,,,,,,,,,,,4,,,,1,,,,,,,,,,,,1,,1,,,1,,,,,,,,,,1,,,,,,,,,,,,,,,,,,,,,,,,,,,,,,,,1,,,,,,7,,,,,,,1,,1,,,,,,
3966,,,,,,,,,,,,,,,,,,,,,,,,,,,,,,,,,,,,,,,,,,,,,,,,,,,,,,,,,,,,,,,,,,,,,,,,,,,,,,,,,,1,,,,,,,,,,,,,,,,,,
3967,,,,,,,,,,,,,,,,,,,,,,,,,,,,,,,,2,,,,,,,,,,,,,,,,,,1,,,,,,,,,,,,,,1,,,,,,,,,,,,,,,,,,,,,,,,,2,,,,,,,,,,,
3968,,,,,,,,,,,,,,,,,,,,,,,,,,,,,,,,,,,,,,,,,1,,,,,,,,,,,,,,,,,,,,,,,,,,,,,,,,,,,,,,1,,,,,,,,,,,,,,4,,,,,,,
3969,,,,,,,,,,,,,,,,,,,,,,,,,,,,,,,,,,,,,,,,,,,,,,,,,,,,,,,,,,,,,,,,,,,,,,,,,,,,,,,,,,,,,,,,,,,,,,,,,,,,
3970,,1,,,,,,,,2,,,,,1,,1,,,,,,,,,,,,,2,,,,,,,,,1,,,,,,,,,,,,,,,,1,,,,,,,1,,,,,,,,,,,,,,,1,,2,,,,,,,,,1,,,,,,,1,,,,1,
3971,,,,,,,,,,,,,,,,,,,,,,,,,,,,,,,,,,,,,,,,,,,,,,,1,,,,,,,,,,,,,,,,,,,,,,,,,,,,,,,,,,,,,,,,,,,,,,,,,,,,,
3972,,,,,,,,,,,,,,,,,,,,,,,,,,,,,,,,,,,,,,,,,,,,,,,,,2,,,,,,,,,,,,,,,,,,,,,,,,,,,1,,,,,1,,,,,,,,,,,,,,,,,,,
3973,,,,,,1,,,,,,,,,1,,,,,,,,,,,,,,,,,,,,,,,,,1,1,,,,,,,,,,,,1,,,,1,,1,,,,,,,1,,,,,,,,,,,,,,,,,,1,,,,,,,,,,,,,,,,
3974,1,1,1,1,1,1,1,1,1,1,1,1,1,1,1,1,1,1,1,1,1,1,1,1,1,1,1,1,1,1,1,1,1,1,1,1,1,1,1,1,1,1,1,1,1,1,1,1,1,1,1,1,1,1,1,1,1,1,1,1,1,1,1,1,1,1,1,1,1,1,1,1,1,1,1,1,1,1,1,1,1,1,1,1,1,1,1,1,1,1,1,1,1,1,1,1,1,1,1,1
3975,,,,,,,,,,,,,,,,2,,,,,,,,,,,,,,,,,,,,,,,,,,,,,,,,1,,,,,,,,,,,,,,,,,2,,,,,,,,,,,,,,,,,2,,,2,,,,,,,,,,,,,,,
3976,,,,,,,,,,,,,,,,,,,,,,,,,,,,,,,,,,,,,,,,,,,,1,,,,,,,,,,,,,,,,,,,,,,,,,,,,,,,,,,,,,,,,,,,,,,1,,,,,,,,,,
3977,,,1,,,,,,,,,,,,,,,,,,3,,,1,,,,,1,,,,,,1,,,,1,,,,,,,1,,,,,,,,,,,,,,,,,,,,,,,,,,,,,,,,,,,,,,,,,,,,,,,,,,,,,,
3978,,,,,,,,,,1,2,,,,1,,,2,,,1,,1,,,,2,,,,,,,,,,,,,,,2,,,1,1,,,,,,,,,,,1,,,,1,,,1,,,,,,,,,,,,,,,,,,,,,1,,,,,,,,,,,1,,1,,
3979,,,,,,,,,,,,,,,,,,,,,,,,,,,1,,,,,,,,,,1,,,,,,,,,,,4,,,,2,,,,,,,,,,,,,3,,,,,,,,,,1,,,,,1,,,,,,,,5,,1,,,,,,,,,,
3980,,,,,,,,,,,,,,,,,,,,,,,,,,,,,,,,,,,,,,,,,,,,,,,,,,,,,,,,,,,,,,,,,,,,,,,,,,,,,,,,,,,,,,,,,,,,,,,,,,,,
3981,,,,,,,,,,,,,,,,,,,,,,,,,,,,,,,,,,,,,,,,,,,,,,,,,,,,,,,,,,,,,,,,,,,,,,,,,,,,,,,,,,,,,,,,,,,,,,,,,,,,
3982,,,,,,,,,,,,,,,,,,,,,,,,,,,,,,,,,,,,,,,,,,,,,,,,,,,,,,,,,,,,,,,,,,,,,,,,,,,,,,,,,,,,,,,,,,,,,,,,,,,,
3983,,,,,,,,,,,,,,,,,,,,,,,,,,,,,,,,,,,,,,,,,,,,,,,,,,,,,,,,,,,,,,,,,,,,,,,,,,,,,,,,,,,,,,,,,,,,,,,,,,,,
3984,,,,,,,,,,,,,,,,,,,,,,,,,,,,,,,,,,,,,,,,,,,,,,,,,,,,,,,,,,,,,,,,,,,,,,,,,,,,,,,,,,,,,,,,,,,,,,,,,,,,
3985,,,,,,,,,,,,,,,,,,,,,,,,,,,,,,,,,,,,,,,,,,,,,,,,,,,,,,,,,,,,,,,,,,,,,,,,,,,,,,,,,,,,,,,,,,,,,,,,,,,,
3986,,,,,,,,,,,,,,,,,,,,,,,,,,,,,,,,,,,,,,,,,,,,,,,,,,,,,,,,,,,,,,,,,,,,,,,,,,,,,,,,,,,,,,,,,,,,,,,,,,,,
3987,,,,,,,,,,,,,,,,,,,,,,,,,,,,,,,,,,,,,,,,,,,,,,,,,,,,,,,,,,,,,,,,,,,,,,,,,,,,,,,,,,,,,,,,,,,,,,,,,,,,
3988,,,,,,,,,,,,,,,,,,,,,,,,,,,,,,,,,,,,,,,,,,,,,,,,,,,,,,,,,,,,,,,,,,,,,,,,,,,,,,,,,,,,,,,,,,,,,,,,,,,,
3989,,,,,,,,,,,,,,,,,,,,,,,,,,,,,,,,,,,,,,,,,,,,,,,,,,,,,,,,,,,,,,,,,,,,,,,,,,,,,,,,,,,,,,,,,,,,,,,,,,,,
3990,,,,,,,,,,,,,,,,,,,,,,,,,,,,,,,,,,,,,,,,,,,,,,,,,,,,,,,,,,,,,,,,,,,,,,,,,,,,,,,,,,,,,,,,,,,,,,,,,,,,
3991,,,,,,,,,,,,,,,,,,,,,,,,,,,,,,,,,,,,,,,,,,,,,,,,,,,,,,,,,,,,,,,,,,,,,,,,,,,,,,,,,,,,,,,,,,,,,,,,,,,,
3992,,,,,,,,,,,,,,,,,,,,,,,,,,,,,,,,,,,,,,,,,,,,,,,,,,,,,,,,,,,,,,,,,,,,,,,,,,,,,,,,,,,,,,,,,,,,,,,,,,,,
3993,,,,,,,,,,,,,,,,,,,,,,,,,,,,,,,,,,,,,,,,,,,,,,,,,,,,,,,,,,,,,,,,,,,,,,,,,,,,,,,,,,,,,,,,,,,,,,,,,,,,
3994,,,,,,,,,,,,,,,,,,,,,,,,,,,,,,,,,,,,,,,,,,,,,,,,,,,,,,,,,,,,,,,,,,,,,,,,,,,,,,,,,,,,,,,,,,,,,,,,,,,,
3995,,,,,,,,,,,,,,,,,,,,,,,,,,,,,,,,,,,,,,,,,,,,,,,,,,,,,,,,,,,,,,,,,,,,,,,,,,,,,,,,,,,,,,,,,,,,,,,,,,,,
3996,,,,,,,,,,,,,,,,,,,,,,,,,,,,,,,,,,,,,,,,,,,,,,,,,,,,,,,,,,,,,,,,,,,,,,,,,,,,,,,,,,,,,,,,,,,,,,,,,,,,
3997,,,,,,,,,,,,,,,,,,,,,,,,,,,,,,,,,,,,,,,,,,,,,,,,,,,,,,,,,,,,,,,,,,,,,,,,,,,,,,,,,,,,,,,,,,,,,,,,,,,,
3998,,,,,,,,,,,,,,,,,,,,,,,,,,,,,,,,,,,,,,,,,,,,,,,,,,,,,,,,,,,,,,,,,,,,,,,,,,,,,,,,,,,,,,,,,,,,,,,,,,,,
3999,,,,,,,,,,,,,,,,,,,,,,,,,,,,,,,,,,,,,,,,,,,,,,,,,,,,,,,,,,,,,,,,,,,,,,,,,,,,,,,,,,,,,,,,,,,,,,,,,,,,
4000,,,,,,,,,,,,,,,,,,,,,,,,,,,,,,,,,,,,,,,,,,,,,,,,,,,,,,,,,,,,,,,,,,,,,,,,,,,,,,,,,,,,,,,,,,,,,,,,,,,,
4001,,,,,,,,,,,,,,,,,,,,,,,,,,,,,,,,,,,,,,,,,,,,,,,,,,,,,,,,,,,,,,,,,,,,,,,,,,,,,,,,,,,,,,,,,,,,,,,,,,,,
4002,,,,,,,,,,,,,,,,,,,,,,,,,,,,,,,,,,,,,,,,,,,,,,,,,,,,,,,,,,,,,,,,,,,,,,,,,,,,,,,,,,,,,,,,,,,,,,,,,,,,
4003,,,,,,,,,,,,,,,,,,,,,,,,,,,,,,,,,,,,,,,,,,,,,,,,,,,,,,,,,,,,,,,,,,,,,,,,,,,,,,,,,,,,,,,,,,,,,,,,,,,,
4004,,,,,,,,,,,,,,,,,,,,,,,,,,,,,,,,,,,,,,,,,,,,,,,,,,,,,,,,,,,,,,,,,,,,,,,,,,,,,,,,,,,,,,,,,,,,,,,,,,,,
4005,,,,,,,,,,,,,,,,,,,,,,,,,,,,,,,,,,,,,,,,,,,,,,,,,,,,,,,,,,,,,,,,,,,,,,,,,,,,,,,,,,,,,,,,,,,,,,,,,,,,
4006,,,,,,,,,,,,,,,,,,,,,,,,,,,,,,,,,,,,,,,,,,,,,,,,,,,,,,,,,,,,,,,,,,,,,,,,,,,,,,,,,,,,,,,,,,,,,,,,,,,,
4007,,,,,,,,,,,,,,,,,,,,,,,,,,,,,,,,,,,,,,,,,,,,,,,,,,,,,,,,,,,,,,,,,,,,,,,,,,,,,,,,,,,,,,,,,,,,,,,,,,,,
4008,,,,,,,,,,,,,,,,,,,,,,,,,,,,,,,,,,,,,,,,,,,,,,,,,,,,,,,,,,,,,,,,,,,,,,,,,,,,,,,,,,,,,,,,,,,,,,,,,,,,
4009,,,,,,,,,,,,,,,,,,,,,,,,,,,,,,,,,,,,,,,,,,,,,,,,,,,,,,,,,,,,,,,,,,,,,,,,,,,,,,,,,,,,,,,,,,,,,,,,,,,,
4010,,,,,,,,,,,,,,,,,,,,,,,,,,,,,,,,,,,,,,,,,,,,,,,,,,,,,,,,,,,,,,,,,,,,,,,,,,,,,,,,,,,,,,,,,,,,,,,,,,,,
4011,,,,,,,,,,,,,,,,,,,,,,,,,,,,,,,,,,,,,,,,,,,,,,,,,,,,,,,,,,,,,,,,,,,,,,,,,,,,,,,,,,,,,,,,,,,,,,,,,,,,
4012,,,,,,,,,,,,,,,,,,,,,,,,,,,,,,,,,,,,,,,,,,,,,,,,,,,,,,,,,,,,,,,,,,,,,,,,,,,,,,,,,,,,,,,,,,,,,,,,,,,,
4013,,,,,,,,,,,,,,,,,,,,,,,,,,,,,,,,,,,,,,,,,,,,,,,,,,,,,,,,,,,,,,,,,,,,,,,,,,,,,,,,,,,,,,,,,,,,,,,,,,,,
4014,,,,,,,,,,,,,,,,,,,,,,,,,,,,,,,,,,,,,,,,,,,,,,,,,,,,,,,,,,,,,,,,,,,,,,,,,,,,,,,,,,,,,,,,,,,,,,,,,,,,
4015,,,,,,,,,,,,,,,,,,,,,,,,,,,,,,,,,,,,,,,,,,,,,,,,,,,,,,,,,,,,,,,,,,,,,,,,,,,,,,,,,,,,,,,,,,,,,,,,,,,,
4016,,,,,,,,,,,,,,,,,,,,,,,,,,,,,,,,,,,,,,,,,,,,,,,,,,,,,,,,,,,,,,,,,,,,,,,,,,,,,,,,,,,,,,,,,,,,,,,,,,,,
4017,,,,,,,,,,,,,,,,,,,,,,,,,,,,,,,,,,,,,,,,,,,,,,,,,,,,,,,,,,,,,,,,,,,,,,,,,,,,,,,,,,,,,,,,,,,,,,,,,,,,
4018,,,,,,,,,,,,,,,,,,,,,,,,,,,,,,,,,,,,,,,,,,,,,,,,,,,,,,,,,,,,,,,,,,,,,,,,,,,,,,,,,,,,,,,,,,,,,,,,,,,,
4019,,,,,,,,,,,,,,,,,,,,,,,,,,,,,,,,,,,,,,,,,,,,,,,,,,,,,,,,,,,,,,,,,,,,,,,,,,,,,,,,,,,,,,,,,,,,,,,,,,,,
4020,,,,,,,,,,,,,,,,,,,,,,,,,,,,,,,,,,,,,,,,,,,,,,,,,,,,,,,,,,,,,,,,,,,,,,,,,,,,,,,,,,,,,,,,,,,,,,,,,,,,
4021,,,,,,,,,,,,,,,,,,,,,,,,,,,,,,,,,,,,,,,,,,,,,,,,,,,,,,,,,,,,,,,,,,,,,,,,,,,,,,,,,,,,,,,,,,,,,,,,,,,,
4022,,,,,,,,,,,,,,,,,,,,,,,,,,,,,,,,,,,,,,,,,,,,,,,,,,,,,,,,,,,,,,,,,,,,,,,,,,,,,,,,,,,,,,,,,,,,,,,,,,,,
4023,,,,,,,,,,,,,,,,,,,,,,,,,,,,,,,,,,,,,,,,,,,,,,,,,,,,,,,,,,,,,,,,,,,,,,,,,,,,,,,,,,,,,,,,,,,,,,,,,,,,
4024,,,,,,,,,,,,,,,,,,,,,,,,,,,,,,,,,,,,,,,,,,,,,,,,,,,,,,,,,,,,,,,,,,,,,,,,,,,,,,,,,,,,,,,,,,,,,,,,,,,,
4025,,,,,,,,,,,,,,,,,,,,,,,,,,,,,,,,,,,,,,,,,,,,,,,,,,,,,,,,,,,,,,,,,,,,,,,,,,,,,,,,,,,,,,,,,,,,,,,,,,,,
4026,,,,,,,,,,,,,,,,,,,,,,,,,,,,,,,,,,,,,,,,,,,,,,,,,,,,,,,,,,,,,,,,,,,,,,,,,,,,,,,,,,,,,,,,,,,,,,,,,,,,
4027,,,,,,,,,,,,,,,,,,,,,,,,,,,,,,,,,,,,,,,,,,,,,,,,,,,,,,,,,,,,,,,,,,,,,,,,,,,,,,,,,,,,,,,,,,,,,,,,,,,,
4028,,,,,,,,,,,,,,,,,,,,,,,,,,,,,,,,,,,,,,,,,,,,,,,,,,,,,,,,,,,,,,,,,,,,,,,,,,,,,,,,,,,,,,,,,,,,,,,,,,,,
4029,,,,,,,,,,,,,,,,,,,,,,,,,,,,,,,,,,,,,,,,,,,,,,,,,,,,,,,,,,,,,,,,,,,,,,,,,,,,,,,,,,,,,,,,,,,,,,,,,,,,
4030,,,,,,,,,,,,,,,,,,,,,,,,,,,,,,,,,,,,,,,,,,,,,,,,,,,,,,,,,,,,,,,,,,,,,,,,,,,,,,,,,,,,,,,,,,,,,,,,,,,,
4031,,,,,,,,,,,,,,,,,,,,,,,,,,,,,,,,,,,,,,,,,,,,,,,,,,,,,,,,,,,,,,,,,,,,,,,,,,,,,,,,,,,,,,,,,,,,,,,,,,,,
4032,,,,,,,,,,,,,,,,,,,,,,,,,,,,,,,,,,,,,,,,,,,,,,,,,,,,,,,,,,,,,,,,,,,,,,,,,,,,,,,,,,,,,,,,,,,,,,,,,,,,
4033,,,,,,,,,,,,,,,,,,,,,,,,,,,,,,,,,,,,,,,,,,,,,,,,,,,,,,,,,,,,,,,,,,,,,,,,,,,,,,,,,,,,,,,,,,,,,,,,,,,,
4034,,,,,,,,,,,,,,,,,,,,,,,,,,,,,,,,,,,,,,,,,,,,,,,,,,,,,,,,,,,,,,,,,,,,,,,,,,,,,,,,,,,,,,,,,,,,,,,,,,,,
4035,,,,,,,,,,,,,,,,,,,,,,,,,,,,,,,,,,,,,,,,,,,,,,,,,,,,,,,,,,,,,,,,,,,,,,,,,,,,,,,,,,,,,,,,,,,,,,,,,,,,
4036,,,,,,,,,,,,,,,,,,,,,,,,,,,,,,,,,,,,,,,,,,,,,,,,,,,,,,,,,,,,,,,,,,,,,,,,,,,,,,,,,,,,,,,,,,,,,,,,,,,,
4037,,,,,,,,,,,,,,,,,,,,,,,,,,,,,,,,,,,,,,,,,,,,,,,,,,,,,,,,,,,,,,,,,,,,,,,,,,,,,,,,,,,,,,,,,,,,,,,,,,,,
4038,,,,,,,,,,,,,,,,,,,,,,,,,,,,,,,,,,,,,,,,,,,,,,,,,,,,,,,,,,,,,,,,,,,,,,,,,,,,,,,,,,,,,,,,,,,,,,,,,,,,
